timestamp,energy,temperature_2m (°C),relative_humidity_2m (%),dew_point_2m (°C),apparent_temperature (°C),wind_speed_10m (km/h),cloud_cover (%),precipitation (mm),shortwave_radiation (W/m²),day_of_week,is_holiday
2025-07-01 00:00:00,719392.3,21.2,95,20.5,24.7,4.5,33,0.0,0.0,1,1
2025-07-01 01:00:00,662179.2,21.0,96,20.4,24.3,5.4,42,0.0,0.0,1,1
2025-07-01 02:00:00,621299.3,21.1,97,20.7,24.3,7.6,94,0.0,0.0,1,1
2025-07-01 03:00:00,594828.6,21.5,97,21.0,24.4,9.6,100,0.0,0.0,1,1
2025-07-01 04:00:00,591428.6,21.9,95,21.0,24.9,9.4,100,0.0,0.0,1,1
2025-07-01 05:00:00,606479.6,21.8,94,20.9,25.0,7.8,100,0.0,0.0,1,1
2025-07-01 06:00:00,654459.9,21.5,95,20.6,24.8,5.6,100,0.0,1.0,1,1
2025-07-01 07:00:00,778403.8,21.5,96,20.9,25.2,4.5,70,0.0,50.0,1,1
2025-07-01 08:00:00,900846.4,22.4,94,21.2,26.0,6.0,87,0.0,171.0,1,1
2025-07-01 09:00:00,1008012.8,23.1,92,21.7,26.7,8.2,100,0.0,253.0,1,1
2025-07-01 10:00:00,1068135.5,24.1,89,22.2,28.4,5.5,100,0.0,216.0,1,1
2025-07-01 11:00:00,1161472.9,25.8,77,21.5,29.4,6.7,100,0.0,468.0,1,1
2025-07-01 12:00:00,1228022.5,26.5,71,20.9,29.6,8.7,100,0.0,494.0,1,1
2025-07-01 13:00:00,1258799.4,27.5,65,20.4,31.0,10.9,100,0.0,726.0,1,1
2025-07-01 14:00:00,1297131.7,27.5,62,19.5,29.6,11.6,100,0.0,593.0,1,1
2025-07-01 15:00:00,1338792.5,28.2,50,16.8,28.9,13.6,97,0.0,605.0,1,1
2025-07-01 16:00:00,1376522.0,28.6,47,16.1,29.0,15.2,22,0.0,643.0,1,1
2025-07-01 17:00:00,1371533.0,28.5,47,16.1,28.9,15.4,22,0.0,645.0,1,1
2025-07-01 18:00:00,1333410.9,27.7,50,16.2,27.7,14.4,21,0.0,471.0,1,1
2025-07-01 19:00:00,1256759.0,26.5,52,16.0,26.6,14.1,20,0.0,326.0,1,1
2025-07-01 20:00:00,1196244.4,25.3,59,16.7,25.8,12.5,0,0.0,163.0,1,1
2025-07-01 21:00:00,1121092.7,24.0,61,15.9,24.1,13.1,0,0.0,40.0,1,1
2025-07-01 22:00:00,1016194.3,22.8,66,16.1,23.2,11.5,0,0.0,0.0,1,1
2025-07-01 23:00:00,897839.2,22.0,70,16.3,22.4,11.8,0,0.0,0.0,1,1
2025-07-02 00:00:00,792514.7,21.1,74,16.3,21.8,10.6,0,0.0,0.0,2,0
2025-07-02 01:00:00,719197.8,20.5,75,15.8,20.8,11.0,0,0.0,0.0,2,0
2025-07-02 02:00:00,666157.9,19.8,75,15.1,20.0,10.0,0,0.0,0.0,2,0
2025-07-02 03:00:00,631618.9,19.2,74,14.4,19.3,9.7,0,0.0,0.0,2,0
2025-07-02 04:00:00,628390.7,18.8,74,14.1,18.7,9.1,0,0.0,0.0,2,0
2025-07-02 05:00:00,654604.1,18.3,76,14.1,18.3,8.8,0,0.0,0.0,2,0
2025-07-02 06:00:00,720406.7,18.0,78,14.2,18.2,8.5,0,0.0,2.0,2,0
2025-07-02 07:00:00,817196.0,18.9,77,14.7,19.2,8.5,0,0.0,72.0,2,0
2025-07-02 08:00:00,926702.9,20.6,72,15.5,21.5,6.9,0,0.0,224.0,2,0
2025-07-02 09:00:00,1038048.9,22.8,67,16.2,24.0,6.1,0,0.0,403.0,2,0
2025-07-02 10:00:00,1117367.0,24.5,63,17.0,26.1,7.0,0,0.0,575.0,2,0
2025-07-02 11:00:00,1186308.1,26.0,57,16.8,28.1,8.2,6,0.0,723.0,2,0
2025-07-02 12:00:00,1216703.7,27.0,53,16.5,29.4,10.2,20,0.0,832.0,2,0
2025-07-02 13:00:00,1242979.7,27.2,54,17.0,29.2,12.6,35,0.1,792.0,2,0
2025-07-02 14:00:00,1276149.0,27.1,54,17.1,29.1,12.8,25,0.2,778.0,2,0
2025-07-02 15:00:00,1313648.3,27.8,52,17.0,29.9,11.9,33,0.0,798.0,2,0
2025-07-02 16:00:00,1338016.6,27.9,51,17.0,29.3,12.7,51,0.1,699.0,2,0
2025-07-02 17:00:00,1363754.0,28.0,44,14.6,27.9,11.9,47,0.1,568.0,2,0
2025-07-02 18:00:00,1354499.8,27.5,47,15.2,27.7,10.4,48,0.0,389.0,2,0
2025-07-02 19:00:00,1313860.7,27.2,51,16.2,28.0,8.8,54,0.1,261.0,2,0
2025-07-02 20:00:00,1268912.6,26.1,56,16.5,27.0,9.6,95,0.0,141.0,2,0
2025-07-02 21:00:00,1187852.4,23.9,68,17.6,25.8,5.2,2,0.0,39.0,2,0
2025-07-02 22:00:00,1065207.1,23.4,71,17.9,25.1,7.8,0,0.0,0.0,2,0
2025-07-02 23:00:00,942992.5,22.9,75,18.1,24.4,9.9,7,0.0,0.0,2,0
2025-07-03 00:00:00,837068.3,22.1,77,17.9,23.6,9.2,11,0.0,0.0,3,0
2025-07-03 01:00:00,760765.3,21.5,77,17.3,22.5,10.5,79,0.0,0.0,3,0
2025-07-03 02:00:00,707260.8,20.9,78,16.9,21.9,9.5,100,0.0,0.0,3,0
2025-07-03 03:00:00,673261.3,20.5,79,16.7,21.8,7.8,100,0.0,0.0,3,0
2025-07-03 04:00:00,671567.9,20.1,79,16.4,20.9,9.6,70,0.0,0.0,3,0
2025-07-03 05:00:00,699384.5,19.0,82,15.9,20.9,1.2,84,0.0,0.0,3,0
2025-07-03 06:00:00,742869.5,19.0,75,14.4,19.3,8.4,23,0.0,1.0,3,0
2025-07-03 07:00:00,798137.8,18.7,73,13.8,18.4,10.4,61,0.0,66.0,3,0
2025-07-03 08:00:00,859269.7,19.0,73,13.9,18.9,9.1,59,0.0,177.0,3,0
2025-07-03 09:00:00,964652.0,20.5,69,14.6,19.8,15.1,59,3.6,345.0,3,0
2025-07-03 10:00:00,1047829.7,21.4,68,15.1,21.5,10.7,38,0.2,428.0,3,0
2025-07-03 11:00:00,1103572.9,23.2,60,14.9,23.7,8.5,7,0.0,569.0,3,0
2025-07-03 12:00:00,1118653.2,25.6,35,9.1,24.8,14.1,13,0.0,813.0,3,0
2025-07-03 13:00:00,1126426.0,25.7,36,9.6,24.2,18.9,6,0.0,821.0,3,0
2025-07-03 14:00:00,1142745.9,25.2,36,9.1,23.5,22.2,0,0.0,919.0,3,0
2025-07-03 15:00:00,1172204.7,24.4,38,9.1,22.9,20.6,0,0.0,907.0,3,0
2025-07-03 16:00:00,1211292.3,24.0,38,8.7,22.3,19.3,1,0.0,824.0,3,0
2025-07-03 17:00:00,1203205.2,23.6,35,7.4,20.9,19.4,0,0.0,698.0,3,0
2025-07-03 18:00:00,1157344.2,23.0,32,5.2,19.0,19.1,0,0.0,541.0,3,0
2025-07-03 19:00:00,1084989.2,22.1,38,7.2,19.1,15.8,0,0.0,364.0,3,0
2025-07-03 20:00:00,1039508.6,21.4,43,8.2,19.1,12.4,0,0.0,183.0,3,0
2025-07-03 21:00:00,967162.4,21.1,40,6.9,18.4,12.7,4,0.0,41.0,3,0
2025-07-03 22:00:00,861892.5,20.0,43,7.0,17.6,10.9,57,0.0,0.0,3,0
2025-07-03 23:00:00,749255.7,19.1,45,6.8,16.6,11.7,51,0.0,0.0,3,0
2025-07-04 00:00:00,656375.1,18.3,49,7.4,15.8,12.5,61,0.0,0.0,4,0
2025-07-04 01:00:00,592962.3,17.5,55,8.4,15.4,11.6,51,0.0,0.0,4,0
2025-07-04 02:00:00,552396.8,17.0,60,9.1,15.2,10.5,0,0.0,0.0,4,0
2025-07-04 03:00:00,530680.1,16.4,63,9.4,14.9,9.5,0,0.0,0.0,4,0
2025-07-04 04:00:00,532704.3,15.8,67,9.7,14.4,9.4,0,0.0,0.0,4,0
2025-07-04 05:00:00,561272.6,15.4,69,9.8,13.9,10.3,2,0.0,0.0,4,0
2025-07-04 06:00:00,621229.5,15.4,69,9.6,13.9,9.7,1,0.0,1.0,4,0
2025-07-04 07:00:00,709323.1,16.2,65,9.8,15.0,8.2,2,0.0,71.0,4,0
2025-07-04 08:00:00,794527.0,18.1,59,9.9,17.7,2.9,0,0.0,227.0,4,0
2025-07-04 09:00:00,877620.5,19.4,57,10.6,18.9,4.6,0,0.0,408.0,4,0
2025-07-04 10:00:00,931700.2,21.4,50,10.6,21.1,4.8,0,0.0,584.0,4,0
2025-07-04 11:00:00,978131.1,22.8,43,9.4,22.6,8.1,0,0.0,737.0,4,0
2025-07-04 12:00:00,1008647.6,23.5,39,8.6,23.2,11.6,0,0.0,852.0,4,0
2025-07-04 13:00:00,1035828.8,24.1,38,8.9,23.9,13.4,81,0.0,921.0,4,0
2025-07-04 14:00:00,1067882.3,24.2,36,8.3,23.4,15.8,2,0.0,919.0,4,0
2025-07-04 15:00:00,1105341.4,24.5,33,6.9,23.2,16.2,0,0.0,909.0,4,0
2025-07-04 16:00:00,1151584.4,24.8,31,6.2,23.1,14.9,97,0.0,824.0,4,0
2025-07-04 17:00:00,1155700.9,24.8,30,6.2,22.4,14.6,76,0.0,694.0,4,0
2025-07-04 18:00:00,1120163.9,24.8,32,7.1,22.1,13.1,10,0.0,533.0,4,0
2025-07-04 19:00:00,1071010.0,24.2,37,8.6,22.3,11.0,89,0.0,356.0,4,0
2025-07-04 20:00:00,1040582.2,23.1,42,9.6,21.8,8.7,38,0.0,173.0,4,0
2025-07-04 21:00:00,989499.4,22.0,46,10.0,21.2,6.0,57,0.0,38.0,4,0
2025-07-04 22:00:00,896991.7,21.5,51,11.0,20.7,7.6,0,0.0,0.0,4,0
2025-07-04 23:00:00,799074.6,21.1,54,11.4,20.8,5.2,3,0.0,0.0,4,0
2025-07-05 00:00:00,706425.2,20.1,63,12.8,20.4,4.0,0,0.0,0.0,5,0
2025-07-05 01:00:00,642187.7,19.5,70,13.9,20.3,3.1,61,0.0,0.0,5,0
2025-07-05 02:00:00,596813.0,19.2,73,14.2,20.4,1.3,20,0.0,0.0,5,0
2025-07-05 03:00:00,569091.2,18.8,76,14.4,20.0,2.1,12,0.0,0.0,5,0
2025-07-05 04:00:00,560478.9,18.5,78,14.6,19.5,3.4,16,0.0,0.0,5,0
2025-07-05 05:00:00,571473.0,18.4,78,14.5,19.5,2.1,1,0.0,0.0,5,0
2025-07-05 06:00:00,638547.1,18.4,78,14.4,19.8,0.4,2,0.0,1.0,5,0
2025-07-05 07:00:00,748698.4,19.8,69,13.9,21.0,0.4,1,0.0,65.0,5,0
2025-07-05 08:00:00,886864.8,21.8,55,12.3,22.2,1.7,0,0.0,210.0,5,0
2025-07-05 09:00:00,1022509.1,23.3,50,12.2,23.4,3.8,27,0.0,381.0,5,0
2025-07-05 10:00:00,1134646.1,25.0,50,13.8,25.2,6.4,3,0.0,549.0,5,0
2025-07-05 11:00:00,1218489.1,26.1,51,15.1,27.5,8.5,2,0.0,697.0,5,0
2025-07-05 12:00:00,1272508.0,26.9,52,16.2,28.9,10.5,0,0.0,810.0,5,0
2025-07-05 13:00:00,1321632.0,27.6,52,16.9,30.4,10.3,4,0.0,872.0,5,0
2025-07-05 14:00:00,1363585.4,28.5,51,17.5,31.4,11.2,13,0.0,873.0,5,0
2025-07-05 15:00:00,1392503.5,29.2,50,17.7,32.0,11.5,100,0.0,849.0,5,0
2025-07-05 16:00:00,1415646.2,29.5,49,17.8,31.8,11.5,62,0.0,768.0,5,0
2025-07-05 17:00:00,1409012.7,29.8,49,18.1,31.5,11.5,24,0.0,629.0,5,0
2025-07-05 18:00:00,1358730.1,30.2,50,18.5,31.3,14.2,33,0.0,468.0,5,0
2025-07-05 19:00:00,1340904.3,30.0,51,18.9,31.0,16.5,30,0.2,290.0,5,0
2025-07-05 20:00:00,1328457.1,29.8,52,18.7,31.9,7.7,23,0.0,144.0,5,0
2025-07-05 21:00:00,1269819.3,27.7,67,21.0,30.7,9.3,93,0.0,33.0,5,0
2025-07-05 22:00:00,1166356.2,26.9,70,21.0,30.2,7.3,100,0.0,0.0,5,0
2025-07-05 23:00:00,1053199.7,26.4,72,21.0,29.6,8.0,89,0.0,0.0,5,0
2025-07-06 00:00:00,951664.0,25.8,73,20.5,28.3,10.9,91,0.0,0.0,6,0
2025-07-06 01:00:00,868816.2,25.3,72,19.9,27.7,9.6,94,0.0,0.0,6,0
2025-07-06 02:00:00,810557.9,24.8,72,19.4,26.9,9.7,79,0.0,0.0,6,0
2025-07-06 03:00:00,767771.8,24.3,73,19.1,26.3,9.9,68,0.0,0.0,6,0
2025-07-06 04:00:00,742683.3,23.9,75,19.1,25.9,9.7,96,0.0,0.0,6,0
2025-07-06 05:00:00,741137.3,23.6,77,19.4,25.7,10.5,97,0.0,0.0,6,0
2025-07-06 06:00:00,818554.7,23.6,78,19.5,25.7,10.7,100,0.0,1.0,6,0
2025-07-06 07:00:00,956731.1,24.4,75,19.7,26.6,10.3,100,0.0,61.0,6,0
2025-07-06 08:00:00,1124583.7,25.6,70,19.8,27.9,10.0,96,0.0,201.0,6,0
2025-07-06 09:00:00,1284084.4,27.7,62,19.7,29.9,10.5,62,0.0,374.0,6,0
2025-07-06 10:00:00,1413280.3,28.8,59,20.0,30.9,12.4,6,0.0,554.0,6,0
2025-07-06 11:00:00,1503859.9,29.6,57,20.2,32.0,16.3,23,0.0,700.0,6,0
2025-07-06 12:00:00,1558691.0,30.1,54,19.9,32.1,18.6,38,0.0,720.0,6,0
2025-07-06 13:00:00,1597412.9,31.0,49,19.1,32.7,19.9,28,0.0,789.0,6,0
2025-07-06 14:00:00,1628165.7,31.8,44,18.1,33.0,21.0,32,0.0,821.0,6,0
2025-07-06 15:00:00,1654401.4,32.2,40,16.9,32.4,22.9,49,0.0,784.0,6,0
2025-07-06 16:00:00,1670582.3,32.2,37,15.6,31.1,23.4,62,0.0,653.0,6,0
2025-07-06 17:00:00,1678473.6,31.9,38,15.7,30.5,22.4,37,0.0,556.0,6,0
2025-07-06 18:00:00,1655502.5,31.6,39,16.1,30.7,20.5,5,0.0,415.0,6,0
2025-07-06 19:00:00,1606134.6,31.0,41,16.1,30.7,16.8,6,0.0,323.0,6,0
2025-07-06 20:00:00,1566977.9,29.5,44,16.1,29.3,16.3,6,0.0,167.0,6,0
2025-07-06 21:00:00,1487813.2,28.3,49,16.6,28.7,13.5,9,0.0,36.0,6,0
2025-07-06 22:00:00,1346842.6,27.4,53,17.0,28.0,12.9,9,0.0,0.0,6,0
2025-07-06 23:00:00,1205673.0,26.4,58,17.3,27.5,10.2,23,0.0,0.0,6,0
2025-07-07 00:00:00,1089782.8,25.7,61,17.5,26.9,10.3,88,0.0,0.0,0,0
2025-07-07 01:00:00,1008300.3,25.9,61,17.8,27.1,10.9,32,0.0,0.0,0,0
2025-07-07 02:00:00,952388.6,25.8,62,18.0,27.2,10.4,65,0.0,0.0,0,0
2025-07-07 03:00:00,916660.7,25.6,65,18.6,26.9,12.9,18,0.0,0.0,0,0
2025-07-07 04:00:00,909995.5,25.1,70,19.2,26.7,12.6,95,0.0,0.0,0,0
2025-07-07 05:00:00,936115.9,25.0,72,19.5,26.9,12.0,97,0.0,0.0,0,0
2025-07-07 06:00:00,1007836.2,24.6,74,19.8,26.6,11.7,4,0.0,1.0,0,0
2025-07-07 07:00:00,1117266.1,25.0,74,20.0,27.3,10.7,95,0.0,60.0,0,0
2025-07-07 08:00:00,1212994.3,25.6,74,20.6,27.8,13.7,84,0.0,173.0,0,0
2025-07-07 09:00:00,1304358.7,27.6,68,21.0,29.8,15.3,100,0.0,344.0,0,0
2025-07-07 10:00:00,1373368.3,28.2,59,19.6,29.6,15.8,100,0.0,457.0,0,0
2025-07-07 11:00:00,1427507.4,28.8,56,19.0,29.9,15.9,98,0.0,545.0,0,0
2025-07-07 12:00:00,1454680.4,29.6,52,18.6,31.5,14.8,57,0.0,720.0,0,0
2025-07-07 13:00:00,1473798.0,30.2,48,17.9,32.5,13.5,14,0.0,801.0,0,0
2025-07-07 14:00:00,1483042.3,30.9,44,17.1,33.2,13.2,5,0.0,879.0,0,0
2025-07-07 15:00:00,1493247.1,31.4,41,16.5,33.6,12.5,17,0.0,863.0,0,0
2025-07-07 16:00:00,1495037.2,31.0,41,16.1,32.2,14.3,31,0.0,787.0,0,0
2025-07-07 17:00:00,1490902.9,29.6,44,16.1,30.1,15.1,100,0.0,660.0,0,0
2025-07-07 18:00:00,1447238.4,27.2,50,16.0,26.9,16.8,100,0.0,376.0,0,0
2025-07-07 19:00:00,1369211.0,26.4,54,16.3,26.3,15.5,28,0.0,246.0,0,0
2025-07-07 20:00:00,1321606.4,25.5,58,16.5,25.8,14.3,83,0.0,166.0,0,0
2025-07-07 21:00:00,1233443.9,22.6,67,16.2,22.8,13.8,85,0.0,32.0,0,0
2025-07-07 22:00:00,1100959.9,21.5,69,15.4,21.1,15.2,97,0.0,0.0,0,0
2025-07-07 23:00:00,977124.1,20.7,70,15.1,20.3,14.2,93,0.0,0.0,0,0
2025-07-08 00:00:00,861424.6,20.3,71,14.9,20.2,11.9,100,0.0,0.0,1,0
2025-07-08 01:00:00,786088.9,20.2,72,14.9,20.3,10.8,96,0.0,0.0,1,0
2025-07-08 02:00:00,737132.8,20.1,72,14.9,20.5,8.7,47,0.0,0.0,1,0
2025-07-08 03:00:00,708027.6,20.0,73,15.0,20.4,8.5,95,0.0,0.0,1,0
2025-07-08 04:00:00,707619.2,19.6,75,14.9,20.0,8.5,96,0.0,0.0,1,0
2025-07-08 05:00:00,728772.2,19.4,75,14.8,19.8,8.4,100,0.0,0.0,1,0
2025-07-08 06:00:00,781104.9,19.2,75,14.7,19.6,8.2,100,0.0,0.0,1,0
2025-07-08 07:00:00,841768.9,19.5,74,14.7,20.0,7.8,100,0.0,32.0,1,0
2025-07-08 08:00:00,888273.4,20.5,70,14.9,21.1,6.4,100,0.0,101.0,1,0
2025-07-08 09:00:00,941892.6,22.0,67,15.6,23.3,3.8,100,0.0,177.0,1,0
2025-07-08 10:00:00,974858.9,22.7,66,15.9,24.5,1.7,100,0.0,225.0,1,0
2025-07-08 11:00:00,1010938.0,23.1,64,16.0,24.6,4.1,100,0.0,260.0,1,0
2025-07-08 12:00:00,1065367.4,24.0,61,16.0,25.2,5.9,100,0.0,426.0,1,0
2025-07-08 13:00:00,1099218.8,24.2,61,16.2,25.3,7.6,98,0.0,441.0,1,0
2025-07-08 14:00:00,1158294.4,24.1,64,17.0,25.1,10.2,81,0.0,420.0,1,0
2025-07-08 15:00:00,1211863.5,24.8,62,17.1,25.7,10.8,78,0.0,547.0,1,0
2025-07-08 16:00:00,1275038.0,25.0,60,16.9,25.8,11.3,70,0.0,495.0,1,0
2025-07-08 17:00:00,1287335.1,25.2,59,16.8,26.3,9.5,40,0.0,457.0,1,0
2025-07-08 18:00:00,1261935.3,25.3,60,16.9,26.4,9.4,54,0.0,420.0,1,0
2025-07-08 19:00:00,1204921.8,24.6,62,17.0,25.7,9.3,19,0.0,273.0,1,0
2025-07-08 20:00:00,1180304.3,23.6,67,17.0,24.9,8.4,35,0.0,146.0,1,0
2025-07-08 21:00:00,1118635.6,22.0,78,17.9,23.8,6.7,61,0.0,30.0,1,0
2025-07-08 22:00:00,1007491.0,21.9,81,18.5,24.0,6.8,82,0.0,0.0,1,0
2025-07-08 23:00:00,892147.1,21.8,85,19.0,24.3,6.0,34,0.0,0.0,1,0
2025-07-09 00:00:00,793122.0,21.6,86,19.2,24.9,1.6,30,0.1,0.0,2,0
2025-07-09 01:00:00,720160.1,21.2,91,19.8,24.8,1.0,46,0.0,0.0,2,0
2025-07-09 02:00:00,668127.1,21.1,86,18.8,23.3,7.0,22,0.0,0.0,2,0
2025-07-09 03:00:00,632775.7,20.5,78,16.6,21.7,8.1,28,0.0,0.0,2,0
2025-07-09 04:00:00,630730.4,19.9,76,15.6,20.9,5.9,88,0.0,0.0,2,0
2025-07-09 05:00:00,655230.4,19.5,75,15.1,20.6,4.6,85,0.0,0.0,2,0
2025-07-09 06:00:00,706939.9,19.1,76,14.9,19.9,5.6,92,0.0,1.0,2,0
2025-07-09 07:00:00,817518.8,19.5,75,14.9,20.3,5.4,98,0.0,58.0,2,0
2025-07-09 08:00:00,925123.0,20.6,71,15.1,21.8,4.0,38,0.0,158.0,2,0
2025-07-09 09:00:00,1002919.4,22.5,64,15.3,24.0,1.5,100,0.0,361.0,2,0
2025-07-09 10:00:00,1011951.5,23.7,59,15.3,25.0,3.4,100,0.0,470.0,2,0
2025-07-09 11:00:00,1046148.0,24.8,56,15.4,26.0,4.9,100,0.0,578.0,2,0
2025-07-09 12:00:00,1060573.2,24.8,57,15.8,25.6,9.4,100,0.0,588.0,2,0
2025-07-09 13:00:00,1086386.6,22.8,67,16.5,23.2,12.7,100,0.0,314.0,2,0
2025-07-09 14:00:00,1162661.8,23.0,72,17.6,24.2,11.3,100,0.0,353.0,2,0
2025-07-09 15:00:00,1234737.7,24.0,68,17.9,25.3,10.7,100,0.0,418.0,2,0
2025-07-09 16:00:00,1283452.5,24.9,66,18.1,26.5,9.5,100,0.0,467.0,2,0
2025-07-09 17:00:00,1277123.6,25.5,65,18.4,27.2,9.4,100,0.0,544.0,2,0
2025-07-09 18:00:00,1225296.1,25.2,68,18.8,26.7,12.1,100,0.0,421.0,2,0
2025-07-09 19:00:00,1166390.8,22.8,86,20.2,25.9,5.4,97,3.8,139.0,2,0
2025-07-09 20:00:00,1131277.5,23.4,79,19.4,26.1,5.6,98,0.0,126.0,2,0
2025-07-09 21:00:00,1062538.0,21.1,87,19.0,24.3,1.5,57,0.0,28.0,2,0
2025-07-09 22:00:00,952033.2,20.8,91,19.2,24.1,1.6,96,0.0,0.0,2,0
2025-07-09 23:00:00,842115.4,20.5,93,19.2,23.8,1.1,49,0.0,0.0,2,0
2025-07-10 00:00:00,747859.5,20.1,93,19.0,23.1,2.6,17,0.0,0.0,3,0
2025-07-10 01:00:00,680690.1,20.1,92,18.8,23.1,2.3,24,0.0,0.0,3,0
2025-07-10 02:00:00,634868.0,20.2,91,18.8,23.0,3.0,15,0.0,0.0,3,0
2025-07-10 03:00:00,610235.1,20.0,91,18.5,22.9,2.3,10,0.0,0.0,3,0
2025-07-10 04:00:00,612384.5,19.9,91,18.4,22.7,1.9,1,0.0,0.0,3,0
2025-07-10 05:00:00,642841.7,19.5,92,18.2,22.2,2.3,5,0.0,0.0,3,0
2025-07-10 06:00:00,705327.5,19.5,92,18.2,21.9,4.2,2,0.0,1.0,3,0
2025-07-10 07:00:00,785447.9,19.8,91,18.4,21.9,6.4,6,0.0,57.0,3,0
2025-07-10 08:00:00,897465.1,21.1,85,18.5,23.6,4.4,19,0.0,191.0,3,0
2025-07-10 09:00:00,1019720.0,22.4,76,18.0,25.3,0.2,7,0.0,362.0,3,0
2025-07-10 10:00:00,1087498.7,24.0,69,18.0,26.9,0.5,0,0.0,530.0,3,0
2025-07-10 11:00:00,1151409.2,25.1,66,18.2,28.3,4.7,12,0.0,692.0,3,0
2025-07-10 12:00:00,1202172.4,25.5,66,18.9,29.2,6.0,13,0.0,743.0,3,0
2025-07-10 13:00:00,1211627.5,26.0,64,18.6,29.5,9.3,21,0.0,841.0,3,0
2025-07-10 14:00:00,1235879.1,25.6,63,18.0,28.6,9.4,81,0.0,801.0,3,0
2025-07-10 15:00:00,1298382.4,25.7,63,18.2,28.7,5.8,12,0.1,683.0,3,0
2025-07-10 16:00:00,1366948.5,26.6,59,18.1,29.4,9.0,31,0.0,740.0,3,0
2025-07-10 17:00:00,1380568.3,26.2,62,18.2,28.4,6.7,63,0.0,572.0,3,0
2025-07-10 18:00:00,1360998.7,25.0,68,18.8,27.7,3.8,63,0.0,342.0,3,0
2025-07-10 19:00:00,1321566.0,25.7,67,19.1,28.9,1.3,14,0.0,273.0,3,0
2025-07-10 20:00:00,1292851.4,25.2,71,19.7,28.9,0.3,9,0.0,160.0,3,0
2025-07-10 21:00:00,1222838.6,24.6,75,20.0,28.3,1.6,1,0.0,32.0,3,0
2025-07-10 22:00:00,1099753.2,24.0,74,19.0,26.8,3.9,9,0.0,0.0,3,0
2025-07-10 23:00:00,968345.5,23.5,77,19.1,26.4,3.1,16,0.0,0.0,3,0
2025-07-11 00:00:00,860026.4,23.5,75,18.8,26.6,0.6,6,0.0,0.0,4,0
2025-07-11 01:00:00,782840.4,22.9,78,18.8,25.9,1.3,100,0.0,0.0,4,0
2025-07-11 02:00:00,726168.4,22.1,80,18.6,24.8,4.0,100,0.0,0.0,4,0
2025-07-11 03:00:00,690753.6,21.5,82,18.4,23.6,6.9,100,0.0,0.0,4,0
2025-07-11 04:00:00,686521.0,21.0,83,18.0,22.9,6.5,100,0.0,0.0,4,0
2025-07-11 05:00:00,707956.3,20.6,83,17.5,22.5,5.5,100,0.0,0.0,4,0
2025-07-11 06:00:00,757735.1,20.2,83,17.2,22.1,4.9,100,0.0,1.0,4,0
2025-07-11 07:00:00,852332.2,20.9,79,17.2,22.7,4.9,100,0.0,46.0,4,0
2025-07-11 08:00:00,983864.7,22.2,74,17.5,24.5,2.8,100,0.0,152.0,4,0
2025-07-11 09:00:00,1112565.3,23.8,70,18.0,26.4,2.2,100,0.0,295.0,4,0
2025-07-11 10:00:00,1200057.1,25.4,63,17.9,27.8,2.7,100,0.0,455.0,4,0
2025-07-11 11:00:00,1280300.8,26.0,62,18.2,28.4,7.2,100,0.0,626.0,4,0
2025-07-11 12:00:00,1337729.5,25.9,63,18.4,28.1,7.7,100,0.0,586.0,4,0
2025-07-11 13:00:00,1381815.1,26.7,62,18.8,29.6,6.9,99,0.0,652.0,4,0
2025-07-11 14:00:00,1427926.4,27.5,59,18.7,30.3,8.3,90,0.0,684.0,4,0
2025-07-11 15:00:00,1464650.2,28.0,56,18.5,30.7,11.1,22,0.0,767.0,4,0
2025-07-11 16:00:00,1509621.1,27.7,55,17.8,29.6,12.3,15,0.0,714.0,4,0
2025-07-11 17:00:00,1491659.3,27.5,54,17.5,28.9,9.3,36,0.0,577.0,4,0
2025-07-11 18:00:00,1453246.8,27.2,58,18.4,29.1,7.9,66,0.0,446.0,4,0
2025-07-11 19:00:00,1404659.8,26.5,65,19.5,28.9,8.4,35,0.0,301.0,4,0
2025-07-11 20:00:00,1375935.7,25.6,69,19.6,28.3,7.4,17,0.0,155.0,4,0
2025-07-11 21:00:00,1315233.1,26.1,62,18.3,27.9,8.7,11,0.0,32.0,4,0
2025-07-11 22:00:00,1212842.1,24.8,72,19.4,27.1,8.4,10,0.0,0.0,4,0
2025-07-11 23:00:00,1099492.6,24.1,77,19.8,27.2,5.2,11,0.0,0.0,4,0
2025-07-12 00:00:00,1000572.3,23.9,80,20.1,27.1,4.8,17,0.0,0.0,5,0
2025-07-12 01:00:00,924593.2,23.7,82,20.5,27.1,4.7,55,0.0,0.0,5,0
2025-07-12 02:00:00,865500.8,23.4,84,20.5,26.8,4.7,97,0.0,0.0,5,0
2025-07-12 03:00:00,817876.2,22.8,82,19.5,24.8,10.8,100,0.6,0.0,5,0
2025-07-12 04:00:00,790642.7,22.4,86,19.8,25.1,6.7,100,0.5,0.0,5,0
2025-07-12 05:00:00,787093.1,22.0,89,20.0,24.6,8.1,80,0.0,0.0,5,0
2025-07-12 06:00:00,838132.0,21.9,90,20.2,25.1,5.2,100,0.0,0.0,5,0
2025-07-12 07:00:00,986438.2,22.2,89,20.4,25.6,5.2,91,0.0,49.0,5,0
2025-07-12 08:00:00,1152121.7,23.6,82,20.3,26.8,5.8,100,0.0,188.0,5,0
2025-07-12 09:00:00,1297805.3,24.8,78,20.5,27.7,8.5,88,0.0,327.0,5,0
2025-07-12 10:00:00,1408556.5,26.0,73,20.7,28.7,10.1,3,0.0,525.0,5,0
2025-07-12 11:00:00,1486549.0,26.8,69,20.7,30.3,10.4,0,0.0,685.0,5,0
2025-07-12 12:00:00,1536947.9,28.0,66,21.0,32.1,10.7,3,0.0,798.0,5,0
2025-07-12 13:00:00,1570598.1,29.2,62,21.3,33.9,10.8,3,0.0,852.0,5,0
2025-07-12 14:00:00,1595560.3,30.2,59,21.3,34.8,12.1,69,0.0,873.0,5,0
2025-07-12 15:00:00,1619389.7,30.9,56,21.2,35.0,13.2,100,0.0,838.0,5,0
2025-07-12 16:00:00,1636500.6,31.6,53,20.8,34.8,14.5,99,0.0,743.0,5,0
2025-07-12 17:00:00,1620022.4,31.6,49,19.5,33.5,15.8,40,0.0,650.0,5,0
2025-07-12 18:00:00,1567413.0,31.3,50,19.7,32.6,16.2,65,0.0,479.0,5,0
2025-07-12 19:00:00,1499791.7,30.6,51,19.5,31.7,16.9,88,0.0,310.0,5,0
2025-07-12 20:00:00,1471853.7,29.6,55,19.7,31.2,14.6,5,0.0,157.0,5,0
2025-07-12 21:00:00,1415494.2,28.9,57,19.4,30.6,12.3,16,0.0,32.0,5,0
2025-07-12 22:00:00,1324046.5,27.5,64,20.0,29.1,15.5,30,0.0,0.0,5,0
2025-07-12 23:00:00,1220630.1,26.6,71,20.9,28.9,13.6,48,0.0,0.0,5,0
2025-07-13 00:00:00,1117765.2,26.0,73,20.9,28.4,13.4,100,0.0,0.0,6,0
2025-07-13 01:00:00,1036636.7,25.8,74,20.9,28.2,12.4,4,0.0,0.0,6,0
2025-07-13 02:00:00,969829.8,25.9,71,20.4,28.2,11.7,2,0.0,0.0,6,0
2025-07-13 03:00:00,921819.4,25.6,70,19.8,28.1,8.2,14,0.0,0.0,6,0
2025-07-13 04:00:00,889720.1,24.9,73,19.7,27.4,8.4,95,0.0,0.0,6,0
2025-07-13 05:00:00,879994.2,24.5,75,19.9,27.3,7.2,93,0.0,0.0,6,0
2025-07-13 06:00:00,934155.9,23.9,79,20.0,26.7,7.2,77,0.0,0.0,6,0
2025-07-13 07:00:00,1024666.4,24.0,79,20.1,26.8,8.0,17,0.0,49.0,6,0
2025-07-13 08:00:00,1105107.2,25.0,76,20.4,28.0,6.9,16,0.0,175.0,6,0
2025-07-13 09:00:00,1131041.7,23.6,83,20.5,25.5,15.0,91,0.0,290.0,6,0
2025-07-13 10:00:00,1194565.0,24.9,78,20.7,27.3,12.1,75,0.1,409.0,6,0
2025-07-13 11:00:00,1332515.3,25.9,76,21.2,28.8,12.6,44,0.0,597.0,6,0
2025-07-13 12:00:00,1431734.8,27.0,71,21.3,30.0,13.6,16,0.0,637.0,6,0
2025-07-13 13:00:00,1488400.7,28.6,64,21.1,32.2,15.4,23,0.0,814.0,6,0
2025-07-13 14:00:00,1530297.5,28.4,65,21.2,31.9,15.9,40,1.2,811.0,6,0
2025-07-13 15:00:00,1553004.2,29.8,59,20.8,32.8,14.8,32,0.0,730.0,6,0
2025-07-13 16:00:00,1583399.8,30.2,55,20.3,32.8,15.6,29,0.0,700.0,6,0
2025-07-13 17:00:00,1595287.7,30.7,50,19.0,32.4,14.0,32,0.0,620.0,6,0
2025-07-13 18:00:00,1562690.3,30.8,47,18.2,32.1,12.1,21,0.0,460.0,6,0
2025-07-13 19:00:00,1505989.8,30.0,44,16.5,30.8,9.7,6,0.0,290.0,6,0
2025-07-13 20:00:00,1458264.7,29.6,36,12.9,28.7,13.0,10,0.0,154.0,6,0
2025-07-13 21:00:00,1355124.0,28.8,38,13.0,28.1,11.2,21,0.0,31.0,6,0
2025-07-13 22:00:00,1209976.9,26.9,49,15.4,27.0,11.8,23,0.0,0.0,6,0
2025-07-13 23:00:00,1069868.7,25.3,58,16.5,26.2,9.4,48,0.0,0.0,6,0
2025-07-14 00:00:00,953819.3,24.5,60,16.4,25.6,8.1,31,0.0,0.0,0,0
2025-07-14 01:00:00,873680.4,24.0,61,16.0,24.9,7.9,78,0.0,0.0,0,0
2025-07-14 02:00:00,815222.7,23.5,62,15.9,24.7,5.6,93,0.0,0.0,0,0
2025-07-14 03:00:00,779224.8,23.2,63,15.7,24.6,4.1,100,0.0,0.0,0,0
2025-07-14 04:00:00,774025.4,23.0,63,15.6,24.3,4.4,100,0.0,0.0,0,0
2025-07-14 05:00:00,787669.3,22.8,64,15.6,24.5,1.5,100,0.0,0.0,0,0
2025-07-14 06:00:00,818980.0,22.5,68,16.2,24.6,0.4,100,0.0,0.0,0,0
2025-07-14 07:00:00,887703.6,22.8,64,15.6,24.5,1.6,100,0.0,31.0,0,0
2025-07-14 08:00:00,971334.0,23.5,61,15.6,25.1,1.7,100,0.0,104.0,0,0
2025-07-14 09:00:00,1075361.0,24.1,62,16.5,25.9,3.1,100,0.0,205.0,0,0
2025-07-14 10:00:00,1186640.4,25.4,57,16.4,27.1,3.5,100,0.0,385.0,0,0
2025-07-14 11:00:00,1282665.0,27.0,52,16.3,29.1,4.4,1,0.0,632.0,0,0
2025-07-14 12:00:00,1340544.2,28.4,47,16.1,31.2,6.3,2,0.0,821.0,0,0
2025-07-14 13:00:00,1375578.1,28.6,48,16.6,31.6,9.1,8,0.0,880.0,0,0
2025-07-14 14:00:00,1414751.2,28.5,49,16.6,30.9,13.0,9,0.0,897.0,0,0
2025-07-14 15:00:00,1461328.5,27.6,50,16.4,29.3,14.6,10,0.0,843.0,0,0
2025-07-14 16:00:00,1509361.9,28.0,52,17.1,30.3,10.9,0,0.0,788.0,0,0
2025-07-14 17:00:00,1519043.5,28.2,53,17.7,30.0,11.8,0,0.0,677.0,0,0
2025-07-14 18:00:00,1487039.8,27.5,54,17.5,28.4,12.6,0,0.0,516.0,0,0
2025-07-14 19:00:00,1430446.7,27.1,56,17.8,28.5,9.6,1,0.0,330.0,0,0
2025-07-14 20:00:00,1385751.6,26.7,60,18.4,28.9,6.4,0,0.0,163.0,0,0
2025-07-14 21:00:00,1305019.7,26.1,64,18.9,28.9,3.5,0,0.0,33.0,0,0
2025-07-14 22:00:00,1171584.5,25.8,68,19.5,29.3,0.4,0,0.0,0.0,0,0
2025-07-14 23:00:00,1034707.5,25.5,72,20.1,29.4,0.0,0,0.0,0.0,0,0
2025-07-15 00:00:00,916671.7,25.0,66,18.1,27.4,3.9,0,0.0,0.0,1,0
2025-07-15 01:00:00,825914.2,24.9,57,15.7,25.9,6.0,0,0.0,0.0,1,0
2025-07-15 02:00:00,765392.1,23.9,57,14.9,24.7,5.7,0,0.0,0.0,1,0
2025-07-15 03:00:00,727824.7,23.0,61,14.9,23.9,4.8,0,0.0,0.0,1,0
2025-07-15 04:00:00,714274.3,22.4,63,14.9,23.3,5.4,0,0.0,0.0,1,0
2025-07-15 05:00:00,730970.7,21.8,65,14.9,22.6,5.7,0,0.0,0.0,1,0
2025-07-15 06:00:00,811493.0,21.0,69,15.1,21.9,5.4,0,0.0,0.0,1,0
2025-07-15 07:00:00,925911.7,21.1,68,15.1,22.1,5.3,1,0.0,55.0,1,0
2025-07-15 08:00:00,1041496.4,23.2,60,15.1,24.2,5.2,6,0.0,203.0,1,0
2025-07-15 09:00:00,1162150.6,25.9,49,14.4,27.1,0.9,0,0.0,378.0,1,0
2025-07-15 10:00:00,1250926.2,27.4,44,14.1,27.9,5.7,0,0.0,553.0,1,0
2025-07-15 11:00:00,1326442.6,27.9,46,15.1,29.4,7.8,0,0.0,703.0,1,0
2025-07-15 12:00:00,1372284.9,28.5,46,15.7,30.4,10.6,0,0.0,819.0,1,0
2025-07-15 13:00:00,1423200.5,29.2,41,14.4,30.8,12.1,0,0.0,891.0,1,0
2025-07-15 14:00:00,1483053.6,29.7,40,14.5,31.4,12.4,2,0.0,907.0,1,0
2025-07-15 15:00:00,1558938.0,30.0,41,15.4,31.9,12.4,4,0.0,872.0,1,0
2025-07-15 16:00:00,1564272.4,30.1,42,15.8,31.5,13.1,4,0.0,790.0,1,0
2025-07-15 17:00:00,1587010.1,30.1,44,16.5,31.2,12.3,2,0.0,657.0,1,0
2025-07-15 18:00:00,1564544.4,30.0,47,17.5,31.0,11.4,0,0.0,503.0,1,0
2025-07-15 19:00:00,1536635.4,29.6,51,18.5,31.1,10.9,1,0.0,333.0,1,0
2025-07-15 20:00:00,1496783.9,28.6,55,18.8,30.2,11.3,0,0.0,162.0,1,0
2025-07-15 21:00:00,1409769.1,27.7,54,17.5,29.0,9.5,0,0.0,32.0,1,0
2025-07-15 22:00:00,1264888.6,26.9,57,17.8,28.2,10.1,0,0.0,0.0,1,0
2025-07-15 23:00:00,1123814.3,26.2,59,17.5,27.5,9.7,0,0.0,0.0,1,0
2025-07-16 00:00:00,998590.0,25.5,62,17.6,27.0,8.7,0,0.0,0.0,2,0
2025-07-16 01:00:00,906062.0,24.8,66,17.9,26.8,5.9,0,0.0,0.0,2,0
2025-07-16 02:00:00,835917.5,23.6,69,17.5,25.8,4.0,0,0.0,0.0,2,0
2025-07-16 03:00:00,792933.0,23.7,65,16.7,25.8,2.0,0,0.0,0.0,2,0
2025-07-16 04:00:00,775771.2,23.7,63,16.1,25.7,1.0,1,0.0,0.0,2,0
2025-07-16 05:00:00,790770.6,23.4,61,15.5,25.1,1.0,2,0.0,0.0,2,0
2025-07-16 06:00:00,876934.6,22.8,62,15.1,24.2,1.9,0,0.0,0.0,2,0
2025-07-16 07:00:00,990739.5,24.0,55,14.4,25.0,3.0,0,0.0,52.0,2,0
2025-07-16 08:00:00,1106352.2,25.5,45,12.8,26.0,2.6,0,0.0,196.0,2,0
2025-07-16 09:00:00,1232041.1,26.0,51,15.1,27.4,1.9,0,0.0,371.0,2,0
2025-07-16 10:00:00,1326548.9,27.6,50,16.1,29.4,2.5,0,0.0,544.0,2,0
2025-07-16 11:00:00,1411812.3,28.8,48,16.8,31.1,6.6,0,0.0,696.0,2,0
2025-07-16 12:00:00,1460629.1,29.0,49,17.4,31.6,10.1,14,0.0,809.0,2,0
2025-07-16 13:00:00,1507813.4,29.1,50,17.8,31.6,13.2,15,0.0,845.0,2,0
2025-07-16 14:00:00,1557122.8,29.0,52,18.3,31.6,14.3,21,0.0,842.0,2,0
2025-07-16 15:00:00,1616396.2,30.1,50,18.6,32.9,11.7,25,0.0,791.0,2,0
2025-07-16 16:00:00,1595785.9,30.9,45,17.5,32.5,13.9,33,0.0,737.0,2,0
2025-07-16 17:00:00,1591563.7,30.9,46,18.0,32.0,14.8,100,0.0,620.0,2,0
2025-07-16 18:00:00,1561511.2,30.0,53,19.4,31.4,14.4,100,0.0,423.0,2,0
2025-07-16 19:00:00,1556669.4,29.3,57,19.9,31.2,12.8,73,0.0,273.0,2,0
2025-07-16 20:00:00,1536601.3,28.5,60,20.1,30.6,12.6,33,0.0,141.0,2,0
2025-07-16 21:00:00,1450067.5,26.4,68,20.0,28.7,10.1,100,1.0,25.0,2,0
2025-07-16 22:00:00,1314740.1,26.0,76,21.5,29.9,5.5,37,0.0,0.0,2,0
2025-07-16 23:00:00,1179906.8,25.5,80,21.7,29.5,4.9,55,0.0,0.0,2,0
2025-07-17 00:00:00,1071301.3,25.0,84,22.2,28.8,8.9,96,0.0,0.0,3,0
2025-07-17 01:00:00,986271.3,24.6,89,22.6,28.5,9.3,80,0.0,0.0,3,0
2025-07-17 02:00:00,931049.1,24.2,91,22.5,27.8,11.5,96,0.0,0.0,3,0
2025-07-17 03:00:00,898896.7,24.2,89,22.3,27.2,14.7,26,0.0,0.0,3,0
2025-07-17 04:00:00,896040.1,23.8,89,21.9,26.4,15.6,100,0.0,0.0,3,0
2025-07-17 05:00:00,920489.5,23.9,88,21.8,26.4,15.3,100,0.0,0.0,3,0
2025-07-17 06:00:00,981235.6,24.0,88,22.0,26.8,14.6,100,0.0,0.0,3,0
2025-07-17 07:00:00,1075821.9,24.4,88,22.2,27.1,15.7,89,0.0,22.0,3,0
2025-07-17 08:00:00,1169860.3,25.2,82,22.0,27.5,18.1,44,0.0,134.0,3,0
2025-07-17 09:00:00,1234692.8,26.0,76,21.5,27.9,19.2,24,0.1,331.0,3,0
2025-07-17 10:00:00,1294561.5,27.1,65,19.9,27.7,21.9,28,0.1,481.0,3,0
2025-07-17 11:00:00,1312583.4,28.2,58,19.0,28.3,24.1,31,0.0,605.0,3,0
2025-07-17 12:00:00,1349922.4,28.6,56,19.1,28.1,29.0,48,0.1,616.0,3,0
2025-07-17 13:00:00,1378866.0,28.0,59,19.3,28.0,25.6,100,0.0,604.0,3,0
2025-07-17 14:00:00,1385940.5,26.3,55,16.5,24.9,26.1,42,0.0,584.0,3,0
2025-07-17 15:00:00,1379545.0,27.0,51,16.0,26.6,25.6,29,0.0,827.0,3,0
2025-07-17 16:00:00,1345257.3,26.8,51,15.9,26.4,23.4,12,0.0,758.0,3,0
2025-07-17 17:00:00,1271134.6,26.4,52,15.6,25.6,22.3,81,0.0,658.0,3,0
2025-07-17 18:00:00,1184346.8,24.8,54,14.9,23.4,21.0,100,0.0,403.0,3,0
2025-07-17 19:00:00,1106867.7,23.0,58,14.4,21.5,20.2,100,0.0,199.0,3,0
2025-07-17 20:00:00,1056779.8,21.6,62,13.9,20.3,18.4,100,0.0,80.0,3,0
2025-07-17 21:00:00,973743.1,19.2,64,12.4,17.2,19.1,100,0.0,16.0,3,0
2025-07-17 22:00:00,868758.8,18.2,64,11.3,15.9,18.6,92,0.0,0.0,3,0
2025-07-17 23:00:00,758219.3,17.8,63,10.7,15.2,18.8,6,0.0,0.0,3,0
2025-07-18 00:00:00,668786.8,17.0,66,10.6,14.8,16.5,13,0.0,0.0,4,0
2025-07-18 01:00:00,605064.8,16.8,66,10.4,14.9,13.7,1,0.0,0.0,4,0
2025-07-18 02:00:00,563462.5,16.5,62,9.1,14.4,12.6,3,0.0,0.0,4,0
2025-07-18 03:00:00,540044.9,15.9,60,8.2,13.9,11.1,0,0.0,0.0,4,0
2025-07-18 04:00:00,538102.5,15.6,61,8.1,13.6,9.9,0,0.0,0.0,4,0
2025-07-18 05:00:00,559678.7,15.2,63,8.1,13.6,7.9,0,0.0,0.0,4,0
2025-07-18 06:00:00,617115.1,14.8,65,8.4,13.4,6.5,0,0.0,0.0,4,0
2025-07-18 07:00:00,694833.9,15.2,65,8.6,13.8,7.2,0,0.0,53.0,4,0
2025-07-18 08:00:00,770038.2,16.8,59,8.9,15.7,5.4,0,0.0,204.0,4,0
2025-07-18 09:00:00,837647.8,18.2,57,9.6,17.6,4.0,0,0.0,385.0,4,0
2025-07-18 10:00:00,884543.4,19.9,50,9.1,19.3,3.4,0,0.0,564.0,4,0
2025-07-18 11:00:00,917145.4,21.0,45,8.6,20.9,5.7,0,0.0,719.0,4,0
2025-07-18 12:00:00,931649.0,21.6,45,9.2,21.8,9.2,0,0.0,839.0,4,0
2025-07-18 13:00:00,947153.0,21.8,45,9.3,21.9,11.8,0,0.0,912.0,4,0
2025-07-18 14:00:00,971894.8,22.0,42,8.6,22.0,12.0,0,0.0,935.0,4,0
2025-07-18 15:00:00,1007572.4,22.1,41,8.4,22.1,11.1,0,0.0,903.0,4,0
2025-07-18 16:00:00,1049997.0,22.5,40,8.1,22.1,10.4,0,0.0,826.0,4,0
2025-07-18 17:00:00,1054201.0,22.8,37,7.3,21.6,9.0,0,0.0,693.0,4,0
2025-07-18 18:00:00,1025494.4,22.9,34,6.3,20.8,7.8,0,0.0,528.0,4,0
2025-07-18 19:00:00,975435.7,22.6,34,5.9,20.5,7.3,0,0.0,346.0,4,0
2025-07-18 20:00:00,950114.0,22.0,36,6.3,20.0,7.4,0,0.0,167.0,4,0
2025-07-18 21:00:00,894122.7,21.7,34,5.3,19.9,4.2,0,0.0,31.0,4,0
2025-07-18 22:00:00,807281.7,21.4,37,6.2,19.7,4.5,0,0.0,0.0,4,0
2025-07-18 23:00:00,717958.4,21.0,38,6.3,19.4,4.8,0,0.0,0.0,4,0
2025-07-19 00:00:00,640081.8,20.4,43,7.5,19.1,4.3,1,0.0,0.0,5,0
2025-07-19 01:00:00,580079.9,19.8,51,9.4,19.0,4.3,5,0.0,0.0,5,0
2025-07-19 02:00:00,541307.9,19.4,57,10.6,19.0,3.9,17,0.0,0.0,5,0
2025-07-19 03:00:00,517212.4,19.3,58,10.9,19.3,2.1,0,0.0,0.0,5,0
2025-07-19 04:00:00,508693.6,18.8,60,10.8,18.9,0.8,12,0.0,0.0,5,0
2025-07-19 05:00:00,518496.1,17.8,58,9.4,17.3,2.4,87,0.0,0.0,5,0
2025-07-19 06:00:00,573441.3,17.4,49,6.7,15.9,4.3,6,0.0,0.0,5,0
2025-07-19 07:00:00,665405.9,18.1,47,6.5,16.5,5.0,13,0.0,48.0,5,0
2025-07-19 08:00:00,771074.5,20.3,43,7.4,19.0,4.0,72,0.0,193.0,5,0
2025-07-19 09:00:00,866188.3,21.2,46,9.1,20.7,2.0,16,0.0,360.0,5,0
2025-07-19 10:00:00,946328.4,22.8,44,9.8,22.4,2.7,2,0.0,545.0,5,0
2025-07-19 11:00:00,998940.3,23.9,42,10.4,24.0,6.7,75,0.0,699.0,5,0
2025-07-19 12:00:00,1026313.7,24.2,46,11.7,24.6,11.4,94,0.0,814.0,5,0
2025-07-19 13:00:00,1042854.8,24.5,43,11.3,25.3,10.4,72,0.0,868.0,5,0
2025-07-19 14:00:00,1086822.3,25.0,41,10.9,25.2,11.3,100,0.0,847.0,5,0
2025-07-19 15:00:00,1095006.7,25.6,39,10.6,26.2,9.6,100,0.0,846.0,5,0
2025-07-19 16:00:00,1089401.4,25.5,41,11.4,25.0,6.9,100,0.0,511.0,5,0
2025-07-19 17:00:00,1078299.0,26.1,43,12.4,25.8,7.8,100,0.0,503.0,5,0
2025-07-19 18:00:00,1045036.1,26.0,47,13.6,26.0,7.5,100,0.0,395.0,5,0
2025-07-19 19:00:00,1021205.8,24.9,53,14.6,24.9,9.9,100,0.0,183.0,5,0
2025-07-19 20:00:00,1021556.0,24.5,63,17.0,25.5,10.0,100,0.0,79.0,5,0
2025-07-19 21:00:00,985075.9,23.6,70,17.9,25.6,6.0,100,0.0,18.0,5,0
2025-07-19 22:00:00,914461.1,23.5,73,18.5,25.7,6.7,100,0.0,0.0,5,0
2025-07-19 23:00:00,829243.5,23.6,75,18.9,26.3,4.4,100,0.0,0.0,5,0
2025-07-20 00:00:00,749477.1,22.6,72,17.4,23.3,13.7,100,0.1,0.0,6,0
2025-07-20 01:00:00,685662.3,20.5,90,18.8,22.6,7.7,52,2.1,0.0,6,0
2025-07-20 02:00:00,640344.4,20.6,89,18.6,22.7,7.6,35,0.0,0.0,6,0
2025-07-20 03:00:00,604984.9,20.7,88,18.7,23.1,6.0,29,0.0,0.0,6,0
2025-07-20 04:00:00,591780.5,20.6,87,18.5,23.3,3.0,38,0.0,0.0,6,0
2025-07-20 05:00:00,593598.2,21.0,84,18.2,23.2,5.9,22,0.0,0.0,6,0
2025-07-20 06:00:00,641207.5,20.8,85,18.1,23.0,5.3,27,0.0,0.0,6,0
2025-07-20 07:00:00,763961.0,21.1,83,18.1,23.6,3.8,87,0.0,41.0,6,0
2025-07-20 08:00:00,846735.9,21.9,81,18.4,24.4,3.8,100,0.0,111.0,6,0
2025-07-20 09:00:00,934575.9,22.9,81,19.5,25.2,8.6,44,0.0,315.0,6,0
2025-07-20 10:00:00,1033179.6,24.0,76,19.5,26.2,9.2,100,0.0,474.0,6,0
2025-07-20 11:00:00,1128462.4,24.0,72,18.5,25.2,13.0,26,0.1,340.0,6,0
2025-07-20 12:00:00,1178183.2,24.8,68,18.5,26.7,14.0,22,0.1,698.0,6,0
2025-07-20 13:00:00,1217797.8,25.2,64,18.0,27.1,15.4,24,0.1,780.0,6,0
2025-07-20 14:00:00,1249248.8,25.8,57,16.5,27.0,16.2,12,0.0,798.0,6,0
2025-07-20 15:00:00,1283199.3,26.3,52,15.6,27.3,16.5,14,0.0,836.0,6,0
2025-07-20 16:00:00,1315441.2,26.3,50,15.1,26.5,17.4,7,0.0,753.0,6,0
2025-07-20 17:00:00,1312004.9,25.8,48,14.0,24.9,18.7,1,0.0,647.0,6,0
2025-07-20 18:00:00,1257586.5,25.0,47,12.8,23.1,18.5,1,0.0,503.0,6,0
2025-07-20 19:00:00,1178605.6,23.8,47,11.8,21.7,17.8,0,0.0,331.0,6,0
2025-07-20 20:00:00,1129109.0,22.4,55,13.0,21.1,15.1,0,0.0,162.0,6,0
2025-07-20 21:00:00,1055850.4,21.5,57,12.8,20.3,14.3,0,0.0,28.0,6,0
2025-07-20 22:00:00,938544.6,20.6,66,14.1,19.9,14.0,0,0.0,0.0,6,0
2025-07-20 23:00:00,819541.4,19.9,72,14.6,19.5,13.2,0,0.0,0.0,6,0
2025-07-21 00:00:00,715120.9,19.2,73,14.3,18.6,13.9,0,0.0,0.0,0,0
2025-07-21 01:00:00,647707.6,18.6,71,13.3,17.5,15.1,0,0.0,0.0,0,0
2025-07-21 02:00:00,602503.3,18.2,73,13.4,17.0,15.9,0,0.0,0.0,0,0
2025-07-21 03:00:00,576239.7,17.7,80,14.2,17.1,13.7,6,0.0,0.0,0,0
2025-07-21 04:00:00,569140.3,17.5,82,14.4,17.0,14.0,4,0.0,0.0,0,0
2025-07-21 05:00:00,585386.9,17.1,76,12.9,16.3,11.8,1,0.0,0.0,0,0
2025-07-21 06:00:00,641109.6,16.5,76,12.2,16.1,7.3,6,0.0,0.0,0,0
2025-07-21 07:00:00,713839.8,16.5,74,11.9,16.0,8.0,0,0.0,46.0,0,0
2025-07-21 08:00:00,779232.4,17.4,68,11.4,16.3,10.0,0,0.0,192.0,0,0
2025-07-21 09:00:00,846135.9,18.6,59,10.4,17.0,12.1,0,0.0,368.0,0,0
2025-07-21 10:00:00,892015.9,19.5,50,8.7,17.7,10.1,0,0.0,553.0,0,0
2025-07-21 11:00:00,930806.4,20.4,44,7.7,19.5,8.5,0,0.0,712.0,0,0
2025-07-21 12:00:00,948371.1,21.2,42,7.9,20.9,9.4,6,0.0,832.0,0,0
2025-07-21 13:00:00,963079.0,22.0,38,7.2,21.2,13.3,36,0.0,879.0,0,0
2025-07-21 14:00:00,990502.9,22.3,38,7.2,20.9,14.9,23,0.0,824.0,0,0
2025-07-21 15:00:00,1034843.8,23.0,35,6.7,21.7,12.3,13,0.0,792.0,0,0
2025-07-21 16:00:00,1088964.0,23.5,33,6.3,22.0,6.9,64,0.0,629.0,0,0
2025-07-21 17:00:00,1102956.3,23.2,34,6.4,21.6,4.9,70,0.0,499.0,0,0
2025-07-21 18:00:00,1073728.7,23.0,35,6.7,21.0,7.3,66,0.0,428.0,0,0
2025-07-21 19:00:00,1023330.5,22.3,37,7.1,20.0,10.3,23,0.0,294.0,0,0
2025-07-21 20:00:00,996484.4,21.5,39,6.8,19.0,11.4,3,0.0,139.0,0,0
2025-07-21 21:00:00,922925.3,20.5,46,8.6,19.5,4.8,0,0.0,27.0,0,0
2025-07-21 22:00:00,811465.6,19.0,56,9.9,17.1,13.0,1,0.0,0.0,0,0
2025-07-21 23:00:00,706815.0,17.8,63,10.6,16.1,12.8,37,0.0,0.0,0,0
2025-07-22 00:00:00,624779.5,17.2,65,10.5,15.4,13.5,94,0.0,0.0,1,0
2025-07-22 01:00:00,569905.4,17.0,67,10.9,15.6,11.1,100,0.0,0.0,1,0
2025-07-22 02:00:00,533916.9,17.0,67,10.9,15.8,9.5,84,0.0,0.0,1,0
2025-07-22 03:00:00,514470.2,16.7,64,9.8,15.2,10.1,13,0.0,0.0,1,0
2025-07-22 04:00:00,516618.1,16.5,62,9.4,14.8,10.9,0,0.0,0.0,1,0
2025-07-22 05:00:00,538553.9,16.1,62,8.9,14.3,11.0,0,0.0,0.0,1,0
2025-07-22 06:00:00,601782.8,15.9,63,8.8,14.2,9.5,0,0.0,0.0,1,0
2025-07-22 07:00:00,673941.0,16.3,62,9.1,14.6,10.2,0,0.0,44.0,1,0
2025-07-22 08:00:00,747209.0,17.5,60,9.6,16.0,9.7,0,0.0,189.0,1,0
2025-07-22 09:00:00,813005.7,18.9,64,11.9,17.8,11.4,0,0.0,367.0,1,0
2025-07-22 10:00:00,858417.1,20.4,66,13.9,19.8,12.7,3,0.0,544.0,1,0
2025-07-22 11:00:00,893375.3,21.8,58,13.2,22.2,9.7,39,0.0,693.0,1,0
2025-07-22 12:00:00,907478.0,22.2,53,12.1,22.4,9.4,43,0.0,700.0,1,0
2025-07-22 13:00:00,935300.4,22.8,45,10.1,22.7,9.4,78,0.0,767.0,1,0
2025-07-22 14:00:00,975807.9,22.9,43,9.6,22.2,8.9,100,0.0,686.0,1,0
2025-07-22 15:00:00,1021796.7,23.2,41,9.4,22.5,8.4,18,0.0,660.0,1,0
2025-07-22 16:00:00,1078797.7,23.6,41,9.4,22.8,9.8,7,0.0,689.0,1,0
2025-07-22 17:00:00,1093987.7,23.5,42,9.8,22.5,10.8,0,0.0,659.0,1,0
2025-07-22 18:00:00,1070846.4,23.0,46,10.9,21.7,11.0,2,0.0,509.0,1,0
2025-07-22 19:00:00,1019552.1,22.4,50,11.4,21.3,10.0,0,0.0,331.0,1,0
2025-07-22 20:00:00,995153.3,21.4,56,12.2,20.6,10.1,0,0.0,155.0,1,0
2025-07-22 21:00:00,931949.6,20.8,63,13.6,20.8,7.7,0,0.0,25.0,1,0
2025-07-22 22:00:00,828592.7,20.4,65,13.5,20.5,6.7,7,0.0,0.0,1,0
2025-07-22 23:00:00,727045.0,20.0,66,13.4,20.3,5.2,16,0.0,0.0,1,0
2025-07-23 00:00:00,643786.2,19.5,70,13.9,20.2,3.5,57,0.0,0.0,2,0
2025-07-23 01:00:00,589442.4,19.6,72,14.4,20.4,4.7,92,0.0,0.0,2,0
2025-07-23 02:00:00,551692.0,19.5,75,14.9,20.4,5.5,41,0.0,0.0,2,0
2025-07-23 03:00:00,531865.1,18.6,81,15.2,19.8,4.0,0,0.0,0.0,2,0
2025-07-23 04:00:00,534387.8,18.4,82,15.2,19.5,4.3,0,0.0,0.0,2,0
2025-07-23 05:00:00,559486.6,18.0,85,15.4,19.2,4.2,0,0.0,0.0,2,0
2025-07-23 06:00:00,627017.0,17.6,87,15.4,18.9,3.3,0,0.0,0.0,2,0
2025-07-23 07:00:00,714361.1,18.6,83,15.7,19.7,5.5,4,0.0,42.0,2,0
2025-07-23 08:00:00,802022.1,20.2,74,15.5,21.5,4.3,0,0.0,185.0,2,0
2025-07-23 09:00:00,885260.5,21.8,64,14.6,22.2,7.2,0,0.0,361.0,2,0
2025-07-23 10:00:00,951106.5,22.9,58,14.2,22.9,9.4,0,0.0,534.0,2,0
2025-07-23 11:00:00,1008218.0,23.8,53,13.6,24.3,9.7,7,0.0,687.0,2,0
2025-07-23 12:00:00,1047941.1,24.9,46,12.6,26.0,8.0,11,0.0,805.0,2,0
2025-07-23 13:00:00,1083504.3,26.1,39,10.9,27.1,8.7,7,0.0,878.0,2,0
2025-07-23 14:00:00,1137302.8,26.9,35,10.4,27.6,9.7,0,0.0,900.0,2,0
2025-07-23 15:00:00,1194484.4,27.4,37,11.4,28.1,10.5,98,0.0,870.0,2,0
2025-07-23 16:00:00,1252896.5,27.5,39,12.2,28.0,10.3,93,0.0,783.0,2,0
2025-07-23 17:00:00,1263733.6,27.0,41,12.6,26.8,10.8,83,0.0,654.0,2,0
2025-07-23 18:00:00,1235075.3,26.0,44,12.8,25.5,10.1,64,0.0,497.0,2,0
2025-07-23 19:00:00,1182833.0,25.1,50,13.9,25.1,8.9,97,0.0,321.0,2,0
2025-07-23 20:00:00,1152070.6,23.8,61,15.7,24.6,7.7,100,0.0,148.0,2,0
2025-07-23 21:00:00,1080826.6,22.5,72,17.1,23.9,7.4,10,0.0,24.0,2,0
2025-07-23 22:00:00,972847.3,22.2,76,17.8,23.7,8.8,5,0.0,0.0,2,0
2025-07-23 23:00:00,856106.5,22.5,75,17.9,24.3,7.6,0,0.0,0.0,2,0
2025-07-24 00:00:00,762665.1,22.2,79,18.4,24.7,4.5,0,0.0,0.0,3,0
2025-07-24 01:00:00,694317.7,21.9,80,18.2,24.2,5.2,0,0.0,0.0,3,0
2025-07-24 02:00:00,644572.1,21.9,74,17.0,23.0,8.8,0,0.0,0.0,3,0
2025-07-24 03:00:00,620165.0,21.6,70,16.0,22.3,9.4,0,0.0,0.0,3,0
2025-07-24 04:00:00,621472.5,21.4,72,16.1,22.1,9.3,60,0.0,0.0,3,0
2025-07-24 05:00:00,649683.6,21.5,74,16.6,22.4,9.4,82,0.0,0.0,3,0
2025-07-24 06:00:00,726870.1,21.3,77,17.1,22.6,8.3,91,0.0,0.0,3,0
2025-07-24 07:00:00,835880.6,22.0,75,17.3,23.2,9.5,98,0.0,39.0,3,0
2025-07-24 08:00:00,948657.5,23.5,69,17.5,24.7,10.4,99,0.0,170.0,3,0
2025-07-24 09:00:00,1085070.1,25.2,65,18.0,26.6,10.3,100,0.0,308.0,3,0
2025-07-24 10:00:00,1205618.0,26.8,62,18.8,28.2,12.7,96,0.0,488.0,3,0
2025-07-24 11:00:00,1316344.0,28.5,59,19.8,30.7,14.4,97,0.0,651.0,3,0
2025-07-24 12:00:00,1397632.2,30.1,56,20.5,32.7,16.6,98,0.0,708.0,3,0
2025-07-24 13:00:00,1458475.3,31.3,55,21.0,34.3,19.1,59,0.0,820.0,3,0
2025-07-24 14:00:00,1521293.3,31.6,54,21.1,34.5,19.5,34,0.0,797.0,3,0
2025-07-24 15:00:00,1579558.0,31.5,55,21.4,34.2,20.2,29,0.1,747.0,3,0
2025-07-24 16:00:00,1648283.5,32.1,54,21.5,34.5,20.5,51,0.0,696.0,3,0
2025-07-24 17:00:00,1663193.8,32.3,53,21.5,34.2,19.8,23,0.0,559.0,3,0
2025-07-24 18:00:00,1629528.6,32.3,53,21.4,33.9,20.1,4,0.0,441.0,3,0
2025-07-24 19:00:00,1568917.1,31.6,55,21.5,33.7,17.1,35,0.0,301.0,3,0
2025-07-24 20:00:00,1458931.9,30.7,58,21.5,33.2,14.5,34,0.0,117.0,3,0
2025-07-24 21:00:00,1355818.4,26.5,69,20.4,28.4,14.6,100,0.7,8.0,3,0
2025-07-24 22:00:00,1228110.8,25.0,85,22.4,28.5,11.7,100,1.6,0.0,3,0
2025-07-24 23:00:00,1103486.2,25.2,87,22.8,28.8,11.9,100,0.6,0.0,3,0
2025-07-25 00:00:00,1000721.7,24.9,88,22.8,28.6,11.8,100,0.3,0.0,4,0
2025-07-25 01:00:00,919723.6,24.8,88,22.8,28.4,11.8,100,0.9,0.0,4,0
2025-07-25 02:00:00,865874.7,24.2,90,22.5,27.8,11.5,100,0.7,0.0,4,0
2025-07-25 03:00:00,831444.0,23.9,91,22.2,27.2,11.5,100,0.0,0.0,4,0
2025-07-25 04:00:00,820709.8,23.7,89,21.9,26.9,11.5,100,0.0,0.0,4,0
2025-07-25 05:00:00,829557.8,23.5,85,20.9,26.2,11.0,100,0.0,0.0,4,0
2025-07-25 06:00:00,871894.4,23.1,83,20.0,25.4,10.6,98,0.0,0.0,4,0
2025-07-25 07:00:00,946253.3,23.2,81,19.8,25.6,9.2,100,0.0,24.0,4,0
2025-07-25 08:00:00,1008502.0,23.5,78,19.4,25.9,7.6,86,0.0,67.0,4,0
2025-07-25 09:00:00,1106554.5,24.8,78,20.5,27.7,7.8,100,0.0,215.0,4,0
2025-07-25 10:00:00,1197818.7,25.8,69,19.8,28.4,7.9,100,0.0,361.0,4,0
2025-07-25 11:00:00,1275769.3,26.7,64,19.3,28.9,8.9,100,0.0,452.0,4,0
2025-07-25 12:00:00,1326142.8,27.9,58,19.0,30.0,9.3,100,0.0,565.0,4,0
2025-07-25 13:00:00,1369262.3,29.4,53,18.6,32.7,8.2,100,0.0,769.0,4,0
2025-07-25 14:00:00,1407917.2,29.5,50,18.1,33.0,4.0,100,0.0,723.0,4,0
2025-07-25 15:00:00,1452556.5,29.0,51,17.6,31.3,2.8,100,0.1,556.0,4,0
2025-07-25 16:00:00,1496958.9,29.6,48,17.4,32.6,2.4,24,0.0,656.0,4,0
2025-07-25 17:00:00,1492236.0,29.7,45,16.5,31.8,2.5,16,0.0,579.0,4,0
2025-07-25 18:00:00,1443346.9,29.2,46,16.4,30.9,3.8,15,0.0,460.0,4,0
2025-07-25 19:00:00,1371165.2,28.6,47,16.1,29.7,7.1,8,0.0,306.0,4,0
2025-07-25 20:00:00,1333100.0,27.4,53,17.0,28.7,7.7,16,0.0,144.0,4,0
2025-07-25 21:00:00,1249365.5,25.9,61,17.8,27.9,5.6,4,0.0,20.0,4,0
2025-07-25 22:00:00,1131090.4,24.7,65,17.7,26.3,8.2,51,0.0,0.0,4,0
2025-07-25 23:00:00,1008510.0,23.4,68,17.2,24.6,9.6,93,0.0,0.0,4,0
2025-07-26 00:00:00,883346.3,22.4,69,16.5,23.2,10.2,94,0.0,0.0,5,0
2025-07-26 01:00:00,799089.2,21.8,69,15.9,22.5,9.1,95,0.0,0.0,5,0
2025-07-26 02:00:00,735535.1,21.3,70,15.7,22.2,7.3,69,0.0,0.0,5,0
2025-07-26 03:00:00,693920.7,20.8,72,15.6,21.7,6.8,45,0.0,0.0,5,0
2025-07-26 04:00:00,672104.7,20.5,74,15.7,21.4,6.6,83,0.0,0.0,5,0
2025-07-26 05:00:00,670731.4,20.2,76,15.8,21.3,6.1,100,0.0,0.0,5,0
2025-07-26 06:00:00,723268.9,20.0,78,16.0,21.3,5.8,100,0.0,0.0,5,0
2025-07-26 07:00:00,865277.1,20.5,78,16.6,22.1,4.7,100,0.0,31.0,5,0
2025-07-26 08:00:00,1013455.9,22.0,75,17.4,24.3,2.7,100,0.0,162.0,5,0
2025-07-26 09:00:00,1159051.4,23.4,75,18.6,26.1,3.4,98,0.0,286.0,5,0
2025-07-26 10:00:00,1257804.8,24.8,72,19.2,27.4,5.5,100,0.0,493.0,5,0
2025-07-26 11:00:00,1334423.8,25.5,69,19.4,28.3,7.0,100,0.0,612.0,5,0
2025-07-26 12:00:00,1394370.2,26.0,69,19.9,29.5,6.4,100,0.0,659.0,5,0
2025-07-26 13:00:00,1438720.6,26.6,68,20.2,30.2,6.6,100,0.0,643.0,5,0
2025-07-26 14:00:00,1433780.8,27.0,67,20.3,30.0,6.4,100,0.0,549.0,5,0
2025-07-26 15:00:00,1405160.1,28.1,64,20.5,31.8,7.3,100,0.0,658.0,5,0
2025-07-26 16:00:00,1371397.1,27.9,66,21.0,31.4,9.8,100,0.0,647.0,5,0
2025-07-26 17:00:00,1326084.0,26.1,76,21.6,29.5,9.5,100,0.0,305.0,5,0
2025-07-26 18:00:00,1271164.7,25.8,77,21.5,29.2,8.1,100,0.3,219.0,5,0
2025-07-26 19:00:00,1237043.7,24.5,82,21.4,29.0,0.5,100,0.6,68.0,5,0
2025-07-26 20:00:00,1210511.5,24.1,85,21.5,28.2,3.9,100,0.8,40.0,5,0
2025-07-26 21:00:00,1155727.0,22.9,91,21.4,26.6,5.8,100,0.0,5.0,5,0
2025-07-26 22:00:00,1077266.6,22.9,88,20.8,26.5,4.3,100,0.1,0.0,5,0
2025-07-26 23:00:00,984125.9,23.0,88,21.0,26.4,6.8,100,0.0,0.0,5,0
2025-07-27 00:00:00,912238.9,22.5,94,21.5,26.4,5.2,100,1.6,0.0,6,0
2025-07-27 01:00:00,845611.3,22.2,97,21.8,26.0,7.4,98,4.4,0.0,6,0
2025-07-27 02:00:00,796291.5,22.4,94,21.4,25.5,9.8,90,0.7,0.0,6,0
2025-07-27 03:00:00,763695.7,22.2,95,21.4,25.5,9.1,74,0.1,0.0,6,0
2025-07-27 04:00:00,748460.4,22.1,95,21.2,25.8,5.6,62,0.0,0.0,6,0
2025-07-27 05:00:00,751187.6,21.9,96,21.2,25.7,4.8,100,0.0,0.0,6,0
2025-07-27 06:00:00,797624.0,21.8,98,21.4,25.8,3.2,96,0.9,0.0,6,0
2025-07-27 07:00:00,926692.1,22.3,96,21.6,26.0,7.0,33,0.0,22.0,6,0
2025-07-27 08:00:00,1101846.6,23.5,90,21.7,26.7,10.4,49,0.0,155.0,6,0
2025-07-27 09:00:00,1238647.6,25.6,79,21.8,28.9,11.0,28,0.0,285.0,6,0
2025-07-27 10:00:00,1357744.2,27.0,72,21.5,30.3,9.2,15,0.0,477.0,6,0
2025-07-27 11:00:00,1448022.7,28.4,64,20.8,31.4,11.9,6,0.0,638.0,6,0
2025-07-27 12:00:00,1515503.1,29.6,54,19.4,32.6,12.3,28,0.0,764.0,6,0
2025-07-27 13:00:00,1562101.6,30.5,52,19.4,33.2,13.0,86,0.0,761.0,6,0
2025-07-27 14:00:00,1609798.4,30.8,50,19.0,32.4,13.9,9,0.0,595.0,6,0
2025-07-27 15:00:00,1652372.6,32.2,44,18.5,34.7,13.3,4,0.0,798.0,6,0
2025-07-27 16:00:00,1686029.2,32.8,39,17.0,34.2,15.3,0,0.0,761.0,6,0
2025-07-27 17:00:00,1687579.1,32.5,40,17.2,33.1,16.5,0,0.0,646.0,6,0
2025-07-27 18:00:00,1638562.9,31.8,42,17.4,32.0,16.9,0,0.0,490.0,6,0
2025-07-27 19:00:00,1551528.3,30.9,46,17.8,31.4,15.7,0,0.0,313.0,6,0
2025-07-27 20:00:00,1499057.7,29.4,53,18.8,30.8,13.2,0,0.0,141.0,6,0
2025-07-27 21:00:00,1399491.6,27.1,65,19.9,28.9,13.9,0,0.0,19.0,6,0
2025-07-27 22:00:00,1265560.6,25.7,67,19.1,27.5,11.0,0,0.0,0.0,6,0
2025-07-27 23:00:00,1127579.7,24.6,69,18.6,26.4,9.8,0,0.0,0.0,6,0
2025-07-28 00:00:00,1012590.9,23.9,71,18.4,25.6,9.1,0,0.0,0.0,0,0
2025-07-28 01:00:00,923967.0,23.2,73,18.2,25.1,7.7,0,0.0,0.0,0,0
2025-07-28 02:00:00,856158.7,22.7,75,18.0,24.4,8.6,0,0.0,0.0,0,0
2025-07-28 03:00:00,809874.7,22.2,76,17.9,23.9,7.8,0,0.0,0.0,0,0
2025-07-28 04:00:00,792258.5,21.7,78,17.8,23.7,5.8,0,0.0,0.0,0,0
2025-07-28 05:00:00,799320.2,20.8,83,17.8,23.2,3.2,0,0.0,0.0,0,0
2025-07-28 06:00:00,870034.6,20.2,86,17.8,22.8,1.5,0,0.0,0.0,0,0
2025-07-28 07:00:00,994422.3,21.2,79,17.5,23.2,5.2,0,0.0,34.0,0,0
2025-07-28 08:00:00,1128182.5,22.6,72,17.5,24.9,3.1,0,0.0,171.0,0,0
2025-07-28 09:00:00,1249326.0,25.4,61,17.4,27.4,4.2,0,0.0,345.0,0,0
2025-07-28 10:00:00,1343388.6,27.1,55,17.2,28.5,8.0,2,0.0,520.0,0,0
2025-07-28 11:00:00,1426946.2,28.2,53,17.8,30.2,10.3,0,0.0,673.0,0,0
2025-07-28 12:00:00,1483324.6,29.4,51,18.3,32.1,11.5,15,0.0,792.0,0,0
2025-07-28 13:00:00,1526224.3,30.0,51,18.6,33.1,12.6,85,0.0,865.0,0,0
2025-07-28 14:00:00,1576036.8,30.8,49,19.0,33.9,13.9,92,0.0,880.0,0,0
2025-07-28 15:00:00,1640199.3,31.0,50,19.2,33.8,15.8,92,0.0,848.0,0,0
2025-07-28 16:00:00,1648050.8,31.3,48,19.0,33.4,16.4,90,0.0,764.0,0,0
2025-07-28 17:00:00,1649816.9,31.0,48,18.8,32.1,17.8,6,0.0,627.0,0,0
2025-07-28 18:00:00,1630243.1,30.5,49,18.7,31.1,18.6,67,0.0,474.0,0,0
2025-07-28 19:00:00,1612697.0,30.0,53,19.5,31.4,15.8,94,0.0,238.0,0,0
2025-07-28 20:00:00,1586097.2,29.9,56,20.0,32.3,10.4,33,0.0,91.0,0,0
2025-07-28 21:00:00,1503726.6,28.7,62,20.6,31.2,11.5,9,0.0,18.0,0,0
2025-07-28 22:00:00,1369887.3,28.8,60,20.2,31.1,11.4,5,0.0,0.0,0,0
2025-07-28 23:00:00,1235214.9,28.5,63,20.8,31.2,10.4,0,0.0,0.0,0,0
2025-07-29 00:00:00,1121855.9,27.9,68,21.4,30.8,11.7,0,0.0,0.0,1,0
2025-07-29 01:00:00,1030393.8,27.0,71,21.2,30.0,10.6,0,0.0,0.0,1,0
2025-07-29 02:00:00,958961.4,26.1,74,21.1,29.1,10.0,0,0.0,0.0,1,0
2025-07-29 03:00:00,904461.8,25.4,74,20.5,28.0,10.0,0,0.0,0.0,1,0
2025-07-29 04:00:00,875876.8,24.5,68,18.1,25.8,11.0,0,0.0,0.0,1,0
2025-07-29 05:00:00,872972.9,23.2,70,17.4,24.4,10.1,0,0.0,0.0,1,0
2025-07-29 06:00:00,932185.4,22.2,74,17.4,23.5,9.7,5,0.0,0.0,1,0
2025-07-29 07:00:00,1042367.2,22.0,76,17.6,23.7,7.3,98,0.0,33.0,1,0
2025-07-29 08:00:00,1160923.1,23.0,73,17.9,25.0,6.5,34,0.0,164.0,1,0
2025-07-29 09:00:00,1282284.8,25.5,64,18.2,27.4,7.6,0,0.0,347.0,1,0
2025-07-29 10:00:00,1368776.6,27.9,55,18.1,30.0,5.4,53,0.0,524.0,1,0
2025-07-29 11:00:00,1445244.0,29.5,47,16.9,32.6,1.7,38,0.0,672.0,1,0
2025-07-29 12:00:00,1487105.1,29.8,47,17.4,32.8,7.9,0,0.0,795.0,1,0
2025-07-29 13:00:00,1522558.6,29.8,53,19.1,33.4,11.1,28,0.0,868.0,1,0
2025-07-29 14:00:00,1565977.8,29.6,53,19.0,32.9,13.1,73,0.0,886.0,1,0
2025-07-29 15:00:00,1604298.3,29.9,50,18.1,32.6,12.8,40,0.0,838.0,1,0
2025-07-29 16:00:00,1622826.3,29.9,48,17.7,31.8,12.9,45,0.0,752.0,1,0
2025-07-29 17:00:00,1644589.5,29.6,48,17.5,31.0,12.0,0,0.0,633.0,1,0
2025-07-29 18:00:00,1611779.7,28.9,51,17.7,30.0,11.6,0,0.0,480.0,1,0
2025-07-29 19:00:00,1565007.1,27.9,54,17.7,29.3,9.2,15,0.0,305.0,1,0
2025-07-29 20:00:00,1516375.7,27.4,54,17.2,29.0,7.0,17,0.0,120.0,1,0
2025-07-29 21:00:00,1414190.6,27.8,43,14.1,27.5,10.9,0,0.0,17.0,1,0
2025-07-29 22:00:00,1272717.7,26.5,47,14.2,26.2,11.3,0,0.0,0.0,1,0
2025-07-29 23:00:00,1136536.6,25.9,50,14.6,25.8,10.6,7,0.0,0.0,1,0
2025-07-30 00:00:00,1009069.0,25.1,53,14.9,25.3,9.4,2,0.0,0.0,2,0
2025-07-30 01:00:00,916313.9,24.5,56,15.1,25.2,6.7,0,0.0,0.0,2,0
2025-07-30 02:00:00,849883.4,23.9,59,15.4,24.7,6.2,51,0.0,0.0,2,0
2025-07-30 03:00:00,806639.2,23.3,62,15.6,24.1,7.9,85,0.0,0.0,2,0
2025-07-30 04:00:00,789029.7,22.9,65,15.9,23.8,7.5,100,0.0,0.0,2,0
2025-07-30 05:00:00,800565.5,22.4,68,16.2,23.5,6.8,100,0.0,0.0,2,0
2025-07-30 06:00:00,852500.0,22.0,71,16.5,23.1,7.6,100,0.0,0.0,2,0
2025-07-30 07:00:00,925896.8,22.1,71,16.6,23.3,7.6,85,0.0,26.0,2,0
2025-07-30 08:00:00,1030002.2,23.0,67,16.5,24.2,7.3,95,0.0,120.0,2,0
2025-07-30 09:00:00,1111047.4,25.0,59,16.5,26.3,6.7,18,0.0,265.0,2,0
2025-07-30 10:00:00,1217969.4,27.1,50,15.9,28.5,4.4,100,0.0,476.0,2,0
2025-07-30 11:00:00,1318550.6,28.6,46,15.8,30.5,2.4,78,0.0,602.0,2,0
2025-07-30 12:00:00,1359577.7,29.1,43,15.1,30.8,4.4,51,0.4,645.0,2,0
2025-07-30 13:00:00,1374168.1,28.8,45,15.8,30.8,5.4,99,0.7,694.0,2,0
2025-07-30 14:00:00,1377696.9,29.0,49,17.4,32.0,6.5,100,0.2,750.0,2,0
2025-07-30 15:00:00,1404874.0,28.6,52,17.8,31.7,2.5,98,0.1,644.0,2,0
2025-07-30 16:00:00,1467091.7,29.2,47,16.9,32.1,0.4,52,0.0,626.0,2,0
2025-07-30 17:00:00,1474569.2,29.4,44,15.9,31.5,1.3,35,0.1,591.0,2,0
2025-07-30 18:00:00,1399814.6,29.2,39,14.1,29.5,7.0,100,0.0,432.0,2,0
2025-07-30 19:00:00,1332494.8,27.9,36,11.4,26.1,15.2,94,0.0,157.0,2,0
2025-07-30 20:00:00,1276438.9,26.0,41,11.8,23.9,17.9,100,0.0,96.0,2,0
2025-07-30 21:00:00,1180750.8,24.0,48,12.4,22.2,18.0,96,0.0,8.0,2,0
2025-07-30 22:00:00,1057390.8,23.2,48,11.7,21.3,17.1,89,0.0,0.0,2,0
2025-07-30 23:00:00,929750.2,22.4,50,11.6,20.7,14.5,100,0.0,0.0,2,0
2025-07-31 00:00:00,818231.5,21.8,53,11.8,20.3,13.6,100,0.0,0.0,3,0
2025-07-31 01:00:00,733080.2,20.8,56,11.7,19.6,12.0,100,0.1,0.0,3,0
2025-07-31 02:00:00,673855.1,20.3,57,11.4,19.2,10.5,100,0.5,0.0,3,0
2025-07-31 03:00:00,643924.2,19.6,63,12.4,18.7,11.3,100,0.7,0.0,3,0
2025-07-31 04:00:00,640725.6,18.5,77,14.4,18.2,12.1,100,1.7,0.0,3,0
2025-07-31 05:00:00,656380.0,17.9,85,15.4,17.7,13.5,100,1.6,0.0,3,0
2025-07-31 06:00:00,697102.8,18.0,81,14.6,17.7,12.6,100,0.1,0.0,3,0
2025-07-31 07:00:00,762507.4,18.1,76,13.9,17.9,10.8,100,0.0,5.0,3,0
2025-07-31 08:00:00,793353.2,18.5,72,13.3,18.2,9.8,100,0.0,82.0,3,0
2025-07-31 09:00:00,822688.3,18.5,71,13.1,18.2,8.7,100,0.0,111.0,3,0
2025-07-31 10:00:00,846468.1,19.2,64,12.2,18.6,8.9,100,0.0,170.0,3,0
2025-07-31 11:00:00,877328.5,20.0,59,11.7,18.9,10.9,100,0.0,235.0,3,0
2025-07-31 12:00:00,892051.2,20.5,56,11.4,19.2,12.3,100,0.0,303.0,3,0
2025-07-31 13:00:00,896118.9,21.2,53,11.2,19.6,13.3,100,0.0,411.0,3,0
2025-07-31 14:00:00,942527.2,21.7,49,10.4,20.0,12.7,100,0.0,465.0,3,0
2025-07-31 15:00:00,1006549.8,22.6,48,11.2,22.3,10.0,100,0.0,682.0,3,0
2025-07-31 16:00:00,1052871.9,23.1,46,10.8,22.0,10.2,100,0.0,571.0,3,0
2025-07-31 17:00:00,1049373.7,22.5,52,12.2,21.6,11.5,26,0.0,438.0,3,0
2025-07-31 18:00:00,1015403.3,22.0,60,13.9,21.6,11.2,57,0.0,488.0,3,0
2025-07-31 19:00:00,981268.7,21.5,56,12.4,21.0,8.9,3,0.0,312.0,3,0
2025-07-31 20:00:00,967862.4,20.9,61,12.9,21.2,3.7,6,0.0,126.0,3,0
2025-07-31 21:00:00,908885.7,20.1,64,13.0,20.5,3.6,10,0.0,12.0,3,0
2025-07-31 22:00:00,818573.2,19.9,69,14.1,20.9,2.3,34,0.0,0.0,3,0
2025-07-31 23:00:00,724614.3,19.4,69,13.6,20.3,1.7,74,0.0,0.0,3,0
2025-08-01 00:00:00,646135.1,19.5,71,14.1,20.7,0.5,25,0.0,0.0,4,0
2025-08-01 01:00:00,588360.3,18.8,74,13.9,19.9,1.0,15,0.0,0.0,4,0
2025-08-01 02:00:00,547581.0,18.0,75,13.4,18.4,4.5,3,0.0,0.0,4,0
2025-08-01 03:00:00,525807.3,17.6,74,12.9,17.4,7.2,1,0.0,0.0,4,0
2025-08-01 04:00:00,524634.5,17.1,70,11.5,16.5,7.2,5,0.0,0.0,4,0
2025-08-01 05:00:00,542734.7,16.9,68,10.9,15.8,8.7,6,0.0,0.0,4,0
2025-08-01 06:00:00,592909.1,16.5,66,10.2,15.2,9.3,3,0.0,0.0,4,0
2025-08-01 07:00:00,672089.3,16.5,66,10.1,15.2,9.3,13,0.0,29.0,4,0
2025-08-01 08:00:00,750630.1,17.4,62,10.1,16.1,8.4,73,0.0,162.0,4,0
2025-08-01 09:00:00,821710.7,18.4,56,9.4,17.0,8.3,2,0.0,335.0,4,0
2025-08-01 10:00:00,866791.2,20.1,51,9.6,19.0,6.7,3,0.0,524.0,4,0
2025-08-01 11:00:00,899287.2,21.5,47,9.6,21.4,6.0,14,0.0,682.0,4,0
2025-08-01 12:00:00,924137.0,22.5,42,9.0,22.8,6.6,30,0.0,786.0,4,0
2025-08-01 13:00:00,940119.2,23.0,39,8.2,23.5,5.5,28,0.0,835.0,4,0
2025-08-01 14:00:00,966940.0,23.2,36,7.2,24.0,2.5,40,0.0,832.0,4,0
2025-08-01 15:00:00,1004388.4,23.6,32,5.8,24.0,2.5,34,0.0,815.0,4,0
2025-08-01 16:00:00,1046666.2,23.1,39,8.6,22.8,6.2,80,0.0,694.0,4,0
2025-08-01 17:00:00,1048777.0,22.8,47,10.9,22.3,7.3,17,0.0,598.0,4,0
2025-08-01 18:00:00,1019317.4,22.5,50,11.4,21.8,7.6,0,0.0,483.0,4,0
2025-08-01 19:00:00,971878.6,21.6,54,12.0,21.0,8.9,1,0.0,304.0,4,0
2025-08-01 20:00:00,946414.7,20.9,59,12.5,20.8,6.1,0,0.0,118.0,4,0
2025-08-01 21:00:00,883188.4,21.5,37,6.2,19.0,11.2,0,0.0,15.0,4,0
2025-08-01 22:00:00,797248.4,20.2,44,7.6,17.6,14.2,0,0.0,0.0,4,0
2025-08-01 23:00:00,708436.1,19.4,47,7.7,16.6,14.9,0,0.0,0.0,4,0
2025-08-02 00:00:00,630079.8,18.5,52,8.5,16.3,12.7,0,0.0,0.0,5,0
2025-08-02 01:00:00,571746.1,18.3,55,9.1,16.4,11.3,0,0.0,0.0,5,0
2025-08-02 02:00:00,533112.3,17.8,60,9.9,16.1,11.4,0,0.0,0.0,5,0
2025-08-02 03:00:00,508392.4,17.5,64,10.4,16.1,10.5,0,0.0,0.0,5,0
2025-08-02 04:00:00,498022.4,17.1,67,10.9,16.0,9.6,0,0.0,0.0,5,0
2025-08-02 05:00:00,505920.4,16.8,70,11.3,15.8,9.1,0,0.0,0.0,5,0
2025-08-02 06:00:00,549725.2,16.1,73,11.4,15.2,9.3,0,0.0,0.0,5,0
2025-08-02 07:00:00,634307.5,16.2,73,11.4,15.3,9.4,0,0.0,28.0,5,0
2025-08-02 08:00:00,733677.8,17.7,65,11.1,16.8,8.2,0,0.0,166.0,5,0
2025-08-02 09:00:00,830740.4,19.1,61,11.4,18.9,4.6,0,0.0,346.0,5,0
2025-08-02 10:00:00,911388.0,21.5,50,10.6,21.5,1.9,0,0.0,527.0,5,0
2025-08-02 11:00:00,967767.0,23.0,44,10.1,23.4,4.0,0,0.0,685.0,5,0
2025-08-02 12:00:00,1000439.5,24.1,38,9.0,24.4,6.6,0,0.0,807.0,5,0
2025-08-02 13:00:00,1029949.6,25.0,35,8.4,25.3,8.6,0,0.0,880.0,5,0
2025-08-02 14:00:00,1053607.8,25.2,38,9.8,25.4,11.9,0,0.0,899.0,5,0
2025-08-02 15:00:00,1073244.1,25.4,38,9.9,25.0,13.9,53,0.0,857.0,5,0
2025-08-02 16:00:00,1092139.7,24.4,39,9.6,22.3,16.2,77,0.0,635.0,5,0
2025-08-02 17:00:00,1084322.6,24.0,39,9.2,21.4,16.0,19,0.0,436.0,5,0
2025-08-02 18:00:00,1046588.4,24.6,38,9.4,22.5,13.2,14,0.0,426.0,5,0
2025-08-02 19:00:00,1005277.8,24.2,43,10.9,22.9,11.0,3,0.0,261.0,5,0
2025-08-02 20:00:00,990668.4,23.7,49,12.4,23.0,10.2,11,0.0,124.0,5,0
2025-08-02 21:00:00,938077.8,22.8,52,12.4,22.5,6.5,0,0.0,13.0,5,0
2025-08-02 22:00:00,857312.2,22.5,48,11.1,21.7,7.5,0,0.0,0.0,5,0
2025-08-02 23:00:00,767772.0,22.0,48,10.6,21.0,8.6,0,0.0,0.0,5,0
2025-08-03 00:00:00,686946.7,21.0,54,11.2,20.2,8.3,0,0.0,0.0,6,0
2025-08-03 01:00:00,616568.6,20.4,57,11.5,19.7,7.6,0,0.0,0.0,6,0
2025-08-03 02:00:00,572729.7,19.7,59,11.5,19.2,6.5,0,0.0,0.0,6,0
2025-08-03 03:00:00,541090.3,19.0,62,11.5,18.7,5.3,0,0.0,0.0,6,0
2025-08-03 04:00:00,526031.7,18.6,63,11.4,18.2,5.5,0,0.0,0.0,6,0
2025-08-03 05:00:00,526183.4,18.1,65,11.4,17.7,5.9,0,0.0,0.0,6,0
2025-08-03 06:00:00,560286.2,17.7,66,11.4,17.2,6.4,0,0.0,0.0,6,0
2025-08-03 07:00:00,637539.2,18.0,66,11.4,17.2,8.2,0,0.0,26.0,6,0
2025-08-03 08:00:00,735100.7,19.5,60,11.6,18.9,7.2,0,0.0,160.0,6,0
2025-08-03 09:00:00,842977.2,21.0,58,12.3,20.7,6.4,0,0.0,339.0,6,0
2025-08-03 10:00:00,946225.1,23.4,52,12.9,23.4,5.5,0,0.0,519.0,6,0
2025-08-03 11:00:00,1034301.8,25.4,47,13.3,26.5,5.1,0,0.0,677.0,6,0
2025-08-03 12:00:00,1095353.6,27.0,42,12.9,28.6,5.2,0,0.0,796.0,6,0
2025-08-03 13:00:00,1144031.8,27.5,44,14.4,29.5,8.9,12,0.0,867.0,6,0
2025-08-03 14:00:00,1167917.8,28.1,44,14.6,29.7,11.6,28,0.0,862.0,6,0
2025-08-03 15:00:00,1181568.4,27.5,45,14.4,27.5,14.8,72,0.0,696.0,6,0
2025-08-03 16:00:00,1197597.0,27.4,44,14.1,27.0,13.7,33,0.0,601.0,6,0
2025-08-03 17:00:00,1186921.5,28.1,42,13.9,28.1,10.3,49,0.0,585.0,6,0
2025-08-03 18:00:00,1150454.6,27.6,43,14.0,28.4,4.0,33,0.0,412.0,6,0
2025-08-03 19:00:00,1110263.6,27.5,42,13.5,28.3,2.3,30,0.0,277.0,6,0
2025-08-03 20:00:00,1088384.9,27.0,41,12.8,27.6,2.5,13,0.0,111.0,6,0
2025-08-03 21:00:00,1020588.7,24.7,58,15.9,26.4,2.3,3,0.0,12.0,6,0
2025-08-03 22:00:00,926305.6,24.4,54,14.6,25.3,4.3,1,0.0,0.0,6,0
2025-08-03 23:00:00,821119.9,24.1,51,13.4,24.3,6.1,0,0.0,0.0,6,0
2025-08-04 00:00:00,731413.7,23.3,52,12.9,23.4,5.6,1,0.0,0.0,0,0
2025-08-04 01:00:00,663346.5,22.3,56,13.1,22.5,5.3,1,0.0,0.0,0,0
2025-08-04 02:00:00,614176.1,21.6,59,13.2,21.5,7.8,1,0.0,0.0,0,0
2025-08-04 03:00:00,580377.5,20.7,59,12.4,20.1,8.8,1,0.0,0.0,0,0
2025-08-04 04:00:00,564083.0,20.0,59,11.7,19.3,8.3,0,0.0,0.0,0,0
2025-08-04 05:00:00,560669.7,19.5,60,11.4,18.7,8.1,0,0.0,0.0,0,0
2025-08-04 06:00:00,590419.8,18.9,61,11.2,18.1,7.8,0,0.0,0.0,0,0
2025-08-04 07:00:00,679087.2,19.0,60,11.1,18.3,7.7,0,0.0,25.0,0,0
2025-08-04 08:00:00,800485.0,20.5,55,11.2,20.2,4.8,0,0.0,160.0,0,0
2025-08-04 09:00:00,937022.5,21.6,53,11.8,21.7,2.8,0,0.0,338.0,0,0
2025-08-04 10:00:00,1048549.5,24.0,47,12.2,24.5,1.9,0,0.0,516.0,0,0
2025-08-04 11:00:00,1134650.7,26.1,41,11.9,27.4,1.4,0,0.0,673.0,0,0
2025-08-04 12:00:00,1194490.7,27.5,35,10.8,28.7,4.0,0,0.0,793.0,0,0
2025-08-04 13:00:00,1236983.8,27.2,45,14.4,29.2,9.2,0,0.0,868.0,0,0
2025-08-04 14:00:00,1273096.2,27.1,47,14.8,29.1,10.8,25,0.0,885.0,0,0
2025-08-04 15:00:00,1300818.0,27.1,43,13.5,27.7,13.5,99,0.0,809.0,0,0
2025-08-04 16:00:00,1329360.5,26.6,44,13.2,26.5,14.7,100,0.0,747.0,0,0
2025-08-04 17:00:00,1309802.9,26.4,44,13.1,25.7,12.6,100,0.0,581.0,0,0
2025-08-04 18:00:00,1265335.7,26.1,45,13.3,25.8,9.4,99,0.0,399.0,0,0
2025-08-04 19:00:00,1224621.7,25.8,47,13.5,25.9,6.7,77,0.0,246.0,0,0
2025-08-04 20:00:00,1187343.1,25.2,48,13.4,25.4,5.8,99,0.0,116.0,0,0
2025-08-04 21:00:00,1104677.9,24.6,43,11.3,24.6,2.8,100,0.0,10.0,0,0
2025-08-04 22:00:00,989878.5,25.1,40,10.6,24.6,4.4,100,0.0,0.0,0,0
2025-08-04 23:00:00,868600.8,24.9,40,10.4,24.0,7.3,100,0.0,0.0,0,0
2025-08-05 00:00:00,773132.0,24.0,49,12.6,23.6,8.1,100,0.0,0.0,1,0
2025-08-05 01:00:00,704131.3,23.0,61,15.1,23.5,8.0,100,0.0,0.0,1,0
2025-08-05 02:00:00,660166.1,22.3,65,15.5,23.0,8.1,100,0.0,0.0,1,0
2025-08-05 03:00:00,637437.0,22.2,73,17.0,23.4,8.9,100,0.0,0.0,1,0
2025-08-05 04:00:00,638831.9,21.8,86,19.4,23.8,10.7,100,0.0,0.0,1,0
2025-08-05 05:00:00,656934.9,21.5,91,20.0,23.7,11.4,100,0.0,0.0,1,0
2025-08-05 06:00:00,706372.8,21.4,90,19.6,23.3,12.0,100,0.0,0.0,1,0
2025-08-05 07:00:00,794504.9,21.5,87,19.1,23.1,12.3,100,0.0,18.0,1,0
2025-08-05 08:00:00,888888.4,22.0,78,17.9,22.9,12.9,100,0.0,113.0,1,0
2025-08-05 09:00:00,992101.8,22.4,72,17.2,23.4,10.8,70,0.0,251.0,1,0
2025-08-05 10:00:00,1072365.8,23.5,67,17.1,24.4,11.4,99,0.0,461.0,1,0
2025-08-05 11:00:00,1146632.0,24.2,64,17.0,25.2,13.0,100,0.0,621.0,1,0
2025-08-05 12:00:00,1193683.0,24.9,61,16.9,26.4,13.6,32,0.0,744.0,1,0
2025-08-05 13:00:00,1232428.4,25.6,58,16.8,27.6,13.7,30,0.0,853.0,1,0
2025-08-05 14:00:00,1273788.1,26.0,57,16.9,28.0,14.1,14,0.0,862.0,1,0
2025-08-05 15:00:00,1318155.2,25.8,58,16.9,27.7,14.5,26,0.0,853.0,1,0
2025-08-05 16:00:00,1365122.5,25.5,60,17.3,27.1,14.6,26,0.0,756.0,1,0
2025-08-05 17:00:00,1358131.5,25.5,61,17.4,26.3,15.2,28,0.0,626.0,1,0
2025-08-05 18:00:00,1307197.1,24.9,62,17.0,25.1,15.8,2,0.0,469.0,1,0
2025-08-05 19:00:00,1252144.6,24.2,63,16.8,24.3,15.7,5,0.0,289.0,1,0
2025-08-05 20:00:00,1223831.1,23.5,67,17.1,24.1,13.0,6,0.0,117.0,1,0
2025-08-05 21:00:00,1130633.8,23.4,69,17.5,24.7,8.8,9,0.0,10.0,1,0
2025-08-05 22:00:00,1022745.4,22.9,73,17.9,24.3,9.6,5,0.0,0.0,1,0
2025-08-05 23:00:00,907418.5,22.5,74,17.7,23.6,11.9,9,0.0,0.0,1,0
2025-08-06 00:00:00,809489.3,22.5,75,17.8,23.4,13.0,12,0.0,0.0,2,0
2025-08-06 01:00:00,735398.1,22.5,73,17.5,23.1,13.7,16,0.0,0.0,2,0
2025-08-06 02:00:00,683004.1,22.1,77,17.9,22.8,15.1,12,0.0,0.0,2,0
2025-08-06 03:00:00,652219.2,21.8,74,17.0,21.8,16.3,7,0.0,0.0,2,0
2025-08-06 04:00:00,646838.5,21.4,70,15.7,20.9,16.2,2,0.0,0.0,2,0
2025-08-06 05:00:00,661673.6,21.0,67,14.6,20.4,14.5,8,0.0,0.0,2,0
2025-08-06 06:00:00,702868.0,20.6,66,14.1,19.9,14.1,6,0.0,0.0,2,0
2025-08-06 07:00:00,764837.8,20.7,65,13.8,19.9,14.0,33,0.0,21.0,2,0
2025-08-06 08:00:00,839740.0,21.5,60,13.5,20.8,12.6,91,0.0,139.0,2,0
2025-08-06 09:00:00,949546.5,22.2,61,14.4,21.9,12.1,13,0.0,310.0,2,0
2025-08-06 10:00:00,1027433.3,23.2,59,14.8,23.0,12.3,23,0.0,465.0,2,0
2025-08-06 11:00:00,1081865.1,23.9,59,15.4,24.2,12.9,51,0.0,607.0,2,0
2025-08-06 12:00:00,1136503.5,24.8,58,15.9,26.0,12.8,76,0.0,748.0,2,0
2025-08-06 13:00:00,1195917.3,24.5,61,16.5,25.5,13.0,15,0.0,657.0,2,0
2025-08-06 14:00:00,1245720.0,25.4,59,16.9,27.3,13.3,90,0.0,814.0,2,0
2025-08-06 15:00:00,1278110.6,26.2,57,17.0,28.4,12.0,100,0.0,815.0,2,0
2025-08-06 16:00:00,1331816.4,26.2,59,17.5,27.6,12.0,100,0.0,644.0,2,0
2025-08-06 17:00:00,1328332.8,25.6,63,18.0,26.9,11.1,88,0.0,532.0,2,0
2025-08-06 18:00:00,1285290.9,25.5,63,18.0,27.0,9.4,86,0.0,387.0,2,0
2025-08-06 19:00:00,1245982.2,24.9,68,18.5,26.6,9.4,59,0.0,246.0,2,0
2025-08-06 20:00:00,1231368.9,24.1,73,18.9,26.1,8.8,3,0.0,103.0,2,0
2025-08-06 21:00:00,1149047.5,23.3,81,19.9,25.9,8.2,3,0.0,7.0,2,0
2025-08-06 22:00:00,1034824.3,22.9,84,20.0,26.1,4.0,2,0.0,0.0,2,0
2025-08-06 23:00:00,913736.6,22.5,86,19.9,25.4,6.0,9,0.0,0.0,2,0
2025-08-07 00:00:00,816172.0,22.0,87,19.8,24.9,6.0,99,0.0,0.0,3,0
2025-08-07 01:00:00,746366.9,21.9,87,19.6,24.7,5.8,64,0.0,0.0,3,0
2025-08-07 02:00:00,699801.2,21.8,88,19.6,24.4,7.4,97,0.0,0.0,3,0
2025-08-07 03:00:00,669838.1,21.6,89,19.8,24.4,6.7,86,0.0,0.0,3,0
2025-08-07 04:00:00,665279.6,21.3,91,19.8,24.4,4.7,36,0.0,0.0,3,0
2025-08-07 05:00:00,681049.8,21.0,92,19.6,24.1,3.6,20,0.0,0.0,3,0
2025-08-07 06:00:00,740057.4,21.1,91,19.5,24.0,5.3,43,0.0,0.0,3,0
2025-08-07 07:00:00,836334.7,21.5,86,19.0,24.1,5.0,28,0.0,17.0,3,0
2025-08-07 08:00:00,939401.4,22.5,74,17.6,24.4,6.2,57,0.0,128.0,3,0
2025-08-07 09:00:00,1039121.4,23.4,68,17.1,24.9,6.8,27,0.0,274.0,3,0
2025-08-07 10:00:00,1112145.1,24.0,62,16.2,24.7,10.1,69,0.0,453.0,3,0
2025-08-07 11:00:00,1183157.2,24.6,58,15.8,25.5,10.6,100,0.0,624.0,3,0
2025-08-07 12:00:00,1223448.5,25.3,56,15.9,26.9,10.8,91,0.0,752.0,3,0
2025-08-07 13:00:00,1261966.1,25.9,54,15.7,27.8,10.7,61,0.0,818.0,3,0
2025-08-07 14:00:00,1297421.4,26.5,48,14.6,28.2,10.6,66,0.0,845.0,3,0
2025-08-07 15:00:00,1322227.7,27.1,44,13.9,28.4,10.1,99,0.0,821.0,3,0
2025-08-07 16:00:00,1353564.9,27.8,41,13.2,28.4,10.1,89,0.0,736.0,3,0
2025-08-07 17:00:00,1337915.0,27.0,47,14.7,27.1,11.2,99,0.0,589.0,3,0
2025-08-07 18:00:00,1294129.1,25.4,57,16.2,25.8,11.9,100,0.0,378.0,3,0
2025-08-07 19:00:00,1247958.3,24.8,60,16.5,25.5,11.1,100,0.0,248.0,3,0
2025-08-07 20:00:00,1217550.7,24.2,65,17.2,25.7,8.1,71,0.0,97.0,3,0
2025-08-07 21:00:00,1133090.8,23.9,65,16.9,25.3,6.9,1,0.0,8.0,3,0
2025-08-07 22:00:00,1025334.5,23.4,71,17.8,25.0,7.8,57,0.0,0.0,3,0
2025-08-07 23:00:00,912474.3,23.0,75,18.3,25.0,7.8,99,0.0,0.0,3,0
2025-08-08 00:00:00,817014.4,22.9,78,18.8,25.3,5.8,42,0.0,0.0,4,0
2025-08-08 01:00:00,741297.8,22.4,81,19.0,25.4,2.7,44,0.0,0.0,4,0
2025-08-08 02:00:00,692589.7,22.6,83,19.6,25.5,5.6,20,0.0,0.0,4,0
2025-08-08 03:00:00,664995.9,22.5,84,19.8,24.7,10.3,46,0.0,0.0,4,0
2025-08-08 04:00:00,660175.9,22.2,79,18.5,23.9,9.9,54,0.0,0.0,4,0
2025-08-08 05:00:00,675720.7,22.0,79,18.2,23.7,8.7,14,0.0,0.0,4,0
2025-08-08 06:00:00,739011.4,21.8,81,18.4,23.6,8.5,0,0.0,0.0,4,0
2025-08-08 07:00:00,854328.7,22.0,80,18.4,23.8,8.7,20,0.0,19.0,4,0
2025-08-08 08:00:00,979502.9,23.0,73,18.0,24.6,9.1,72,0.0,141.0,4,0
2025-08-08 09:00:00,1076860.9,23.8,68,17.5,25.0,9.6,81,0.0,314.0,4,0
2025-08-08 10:00:00,1143826.9,24.8,64,17.4,25.8,10.7,82,0.0,488.0,4,0
2025-08-08 11:00:00,1242095.7,25.5,62,17.7,27.0,11.7,3,0.0,614.0,4,0
2025-08-08 12:00:00,1302816.6,26.6,59,17.9,28.9,12.3,42,0.0,754.0,4,0
2025-08-08 13:00:00,1339485.0,27.5,56,17.8,29.8,13.1,10,0.0,815.0,4,0
2025-08-08 14:00:00,1344607.2,28.1,52,17.4,30.2,13.7,15,0.0,810.0,4,0
2025-08-08 15:00:00,1355845.6,28.6,49,17.0,30.3,13.7,36,0.0,778.0,4,0
2025-08-08 16:00:00,1351475.5,28.5,48,16.5,29.5,13.6,77,0.0,684.0,4,0
2025-08-08 17:00:00,1329787.7,28.6,47,16.3,28.5,15.7,39,0.0,520.0,4,0
2025-08-08 18:00:00,1294084.8,28.5,47,16.1,28.8,12.4,97,0.0,384.0,4,0
2025-08-08 19:00:00,1266507.9,27.2,56,17.7,28.3,11.4,98,0.0,166.0,4,0
2025-08-08 20:00:00,1248281.2,26.1,64,18.9,28.0,9.8,83,0.0,76.0,4,0
2025-08-08 21:00:00,1180683.1,25.2,70,19.5,27.6,8.5,100,0.0,6.0,4,0
2025-08-08 22:00:00,1083109.7,24.7,75,19.9,27.5,7.1,100,0.0,0.0,4,0
2025-08-08 23:00:00,969733.8,24.2,79,20.2,27.4,5.6,99,0.0,0.0,4,0
2025-08-09 00:00:00,870366.2,23.7,81,20.3,27.1,4.0,1,0.0,0.0,5,0
2025-08-09 01:00:00,790741.3,23.3,84,20.5,26.8,3.9,0,0.0,0.0,5,0
2025-08-09 02:00:00,736013.4,22.8,88,20.6,26.5,3.1,5,0.0,0.0,5,0
2025-08-09 03:00:00,697629.6,22.5,88,20.5,26.1,3.1,5,0.0,0.0,5,0
2025-08-09 04:00:00,680301.0,22.2,88,20.2,25.9,2.3,4,0.0,0.0,5,0
2025-08-09 05:00:00,681536.3,22.1,87,19.8,25.7,1.5,2,0.0,0.0,5,0
2025-08-09 06:00:00,746935.7,21.8,86,19.4,24.9,3.5,3,0.0,0.0,5,0
2025-08-09 07:00:00,875151.5,22.5,81,19.1,25.4,4.4,6,0.0,18.0,5,0
2025-08-09 08:00:00,1030104.0,23.8,76,19.4,26.3,7.3,0,0.0,137.0,5,0
2025-08-09 09:00:00,1184541.3,24.4,75,19.6,26.9,8.0,1,0.0,308.0,5,0
2025-08-09 10:00:00,1313505.2,25.3,70,19.5,27.4,10.1,7,0.0,480.0,5,0
2025-08-09 11:00:00,1408252.7,26.2,67,19.6,28.8,11.2,7,0.0,636.0,5,0
2025-08-09 12:00:00,1469376.5,27.0,64,19.6,29.9,12.9,15,0.0,753.0,5,0
2025-08-09 13:00:00,1508204.5,27.9,59,19.2,30.6,14.4,19,0.0,811.0,5,0
2025-08-09 14:00:00,1541332.2,28.9,54,18.7,31.6,13.9,9,0.0,840.0,5,0
2025-08-09 15:00:00,1563647.3,29.4,52,18.4,31.6,14.5,17,0.0,785.0,5,0
2025-08-09 16:00:00,1575116.0,29.5,50,18.1,31.0,16.1,87,0.0,705.0,5,0
2025-08-09 17:00:00,1558163.1,29.5,50,17.9,30.2,15.8,27,0.0,578.0,5,0
2025-08-09 18:00:00,1498778.2,29.3,51,18.2,30.2,14.6,73,0.0,418.0,5,0
2025-08-09 19:00:00,1445640.6,28.5,55,18.6,29.6,14.1,99,0.0,249.0,5,0
2025-08-09 20:00:00,1413037.1,27.1,62,19.2,28.7,13.1,48,0.0,93.0,5,0
2025-08-09 21:00:00,1338633.9,27.7,56,18.0,28.9,11.7,100,0.0,6.0,5,0
2025-08-09 22:00:00,1228818.2,26.9,59,18.2,28.2,11.1,100,0.0,0.0,5,0
2025-08-09 23:00:00,1111404.4,26.2,61,18.2,28.1,8.0,100,0.0,0.0,5,0
2025-08-10 00:00:00,1008095.9,25.8,63,18.1,28.0,5.1,98,0.0,0.0,6,0
2025-08-10 01:00:00,920055.1,25.1,66,18.2,27.5,4.8,96,0.0,0.0,6,0
2025-08-10 02:00:00,856535.6,24.8,67,18.3,26.8,6.9,99,0.0,0.0,6,0
2025-08-10 03:00:00,803152.6,24.5,67,18.0,26.2,8.4,99,0.0,0.0,6,0
2025-08-10 04:00:00,770987.1,24.0,69,18.0,25.9,7.0,35,0.0,0.0,6,0
2025-08-10 05:00:00,759175.7,23.5,73,18.4,25.8,5.5,29,0.0,0.0,6,0
2025-08-10 06:00:00,813940.9,22.9,76,18.4,25.5,3.1,100,0.0,0.0,6,0
2025-08-10 07:00:00,944689.8,23.5,74,18.5,25.9,4.7,98,0.0,17.0,6,0
2025-08-10 08:00:00,1098556.0,24.6,70,18.7,27.0,5.6,95,0.0,131.0,6,0
2025-08-10 09:00:00,1253199.5,25.2,69,19.1,27.8,5.8,56,0.0,308.0,6,0
2025-08-10 10:00:00,1380908.1,26.1,66,19.2,28.4,8.5,98,0.0,478.0,6,0
2025-08-10 11:00:00,1469996.9,27.1,62,19.1,29.6,9.3,88,0.0,623.0,6,0
2025-08-10 12:00:00,1536466.4,28.1,58,19.0,31.1,10.9,89,0.0,756.0,6,0
2025-08-10 13:00:00,1580493.7,29.4,54,19.0,32.5,12.2,89,0.0,829.0,6,0
2025-08-10 14:00:00,1612802.7,30.2,51,18.9,33.1,13.8,98,0.0,845.0,6,0
2025-08-10 15:00:00,1638935.7,30.8,47,18.2,32.9,15.4,89,0.0,810.0,6,0
2025-08-10 16:00:00,1657630.4,30.8,46,17.6,31.9,16.9,83,0.0,719.0,6,0
2025-08-10 17:00:00,1648664.6,30.5,45,17.2,30.8,17.0,33,0.0,588.0,6,0
2025-08-10 18:00:00,1603664.7,30.1,47,17.4,30.4,16.2,15,0.0,439.0,6,0
2025-08-10 19:00:00,1560458.9,29.3,50,17.7,29.7,16.1,3,0.0,263.0,6,0
2025-08-10 20:00:00,1523502.8,28.1,55,18.2,29.0,15.2,89,0.0,100.0,6,0
2025-08-10 21:00:00,1425111.6,27.3,58,18.4,28.4,13.6,1,0.0,5.0,6,0
2025-08-10 22:00:00,1284011.1,27.1,56,17.5,28.2,10.9,1,0.0,0.0,6,0
2025-08-10 23:00:00,1148404.4,26.3,59,17.6,27.9,7.6,0,0.0,0.0,6,0
2025-08-11 00:00:00,1030188.7,25.8,61,17.6,27.6,5.9,0,0.0,0.0,0,0
2025-08-11 01:00:00,940345.0,25.3,61,17.3,27.2,4.6,0,0.0,0.0,0,0
2025-08-11 02:00:00,880028.4,24.7,63,17.1,26.7,4.0,2,0.0,0.0,0,0
2025-08-11 03:00:00,832110.2,24.3,64,17.1,26.1,4.9,0,0.0,0.0,0,0
2025-08-11 04:00:00,810234.7,23.6,70,18.0,25.7,5.5,0,0.0,0.0,0,0
2025-08-11 05:00:00,814545.0,22.6,79,18.8,25.4,3.5,1,0.0,0.0,0,0
2025-08-11 06:00:00,878173.8,22.2,84,19.5,25.5,2.4,6,0.0,0.0,0,0
2025-08-11 07:00:00,1004057.0,22.7,85,20.1,26.1,3.8,1,0.0,16.0,0,0
2025-08-11 08:00:00,1137915.5,24.0,79,20.1,27.2,5.4,0,0.0,136.0,0,0
2025-08-11 09:00:00,1266996.8,25.1,71,19.6,27.9,6.0,0,0.0,309.0,0,0
2025-08-11 10:00:00,1369556.1,26.5,64,19.1,29.0,6.7,0,0.0,484.0,0,0
2025-08-11 11:00:00,1455867.5,27.8,60,19.2,30.6,8.5,0,0.0,638.0,0,0
2025-08-11 12:00:00,1516019.3,28.6,58,19.4,31.8,10.4,0,0.0,755.0,0,0
2025-08-11 13:00:00,1562458.6,29.5,54,19.3,32.9,11.2,3,0.0,807.0,0,0
2025-08-11 14:00:00,1619307.2,30.5,51,19.2,33.6,12.2,4,0.0,816.0,0,0
2025-08-11 15:00:00,1614276.5,31.1,46,18.2,33.3,14.8,5,0.0,804.0,0,0
2025-08-11 16:00:00,1657619.0,31.5,42,17.1,32.6,15.5,3,0.0,721.0,0,0
2025-08-11 17:00:00,1660750.9,31.5,41,16.5,31.6,16.2,3,0.0,596.0,0,0
2025-08-11 18:00:00,1648602.1,31.0,42,16.6,30.9,16.5,5,0.0,434.0,0,0
2025-08-11 19:00:00,1600500.1,29.9,49,17.9,30.6,14.6,5,0.0,260.0,0,0
2025-08-11 20:00:00,1557559.1,28.4,55,18.6,29.8,12.0,5,0.0,96.0,0,0
2025-08-11 21:00:00,1451577.2,28.4,51,17.4,29.1,13.4,5,0.0,5.0,0,0
2025-08-11 22:00:00,1317507.2,27.8,54,17.6,28.8,11.6,0,0.0,0.0,0,0
2025-08-11 23:00:00,1184867.1,27.1,57,18.0,28.7,9.1,5,0.0,0.0,0,0
2025-08-12 00:00:00,1071340.2,26.5,61,18.4,28.4,7.9,62,0.0,0.0,1,0
2025-08-12 01:00:00,990627.8,25.8,65,18.8,28.0,7.7,51,0.0,0.0,1,0
2025-08-12 02:00:00,934298.2,25.4,68,19.0,27.7,7.4,6,0.0,0.0,1,0
2025-08-12 03:00:00,896595.5,25.0,69,19.0,27.5,6.3,4,0.0,0.0,1,0
2025-08-12 04:00:00,887050.4,24.8,70,19.0,27.0,7.9,15,0.0,0.0,1,0
2025-08-12 05:00:00,896954.0,24.4,72,19.1,27.2,4.1,56,0.4,0.0,1,0
2025-08-12 06:00:00,957084.8,23.6,80,19.9,27.2,1.1,57,1.0,0.0,1,0
2025-08-12 07:00:00,1070272.8,22.5,91,21.0,25.5,10.0,25,0.6,9.0,1,0
2025-08-12 08:00:00,1201486.4,23.6,88,21.5,27.3,6.6,0,0.0,96.0,1,0
2025-08-12 09:00:00,1330768.8,26.9,67,20.2,30.2,4.8,10,0.0,305.0,1,0
2025-08-12 10:00:00,1431053.9,28.4,61,20.1,31.4,6.4,15,0.0,478.0,1,0
2025-08-12 11:00:00,1512181.5,28.4,64,20.9,31.3,11.4,5,0.0,607.0,1,0
2025-08-12 12:00:00,1534442.1,28.4,65,21.1,32.1,12.1,16,0.0,729.0,1,0
2025-08-12 13:00:00,1565434.3,29.2,64,21.8,33.4,12.0,46,0.0,761.0,1,0
2025-08-12 14:00:00,1554527.0,29.0,66,22.1,32.7,13.4,92,1.1,682.0,1,0
2025-08-12 15:00:00,1447057.6,27.2,69,21.1,28.7,20.5,96,0.2,522.0,1,0
2025-08-12 16:00:00,1421825.9,28.4,63,20.8,31.1,10.4,100,0.1,495.0,1,0
2025-08-12 17:00:00,1457841.8,29.4,61,21.1,32.6,8.2,49,0.0,505.0,1,0
2025-08-12 18:00:00,1482278.5,29.5,61,21.2,32.9,8.0,54,0.0,403.0,1,0
2025-08-12 19:00:00,1453285.5,28.8,65,21.5,32.0,9.4,75,0.0,243.0,1,0
2025-08-12 20:00:00,1425239.7,27.6,72,22.1,31.5,7.8,94,0.0,87.0,1,0
2025-08-12 21:00:00,1332276.9,26.0,76,21.5,30.1,3.8,91,0.0,4.0,1,0
2025-08-12 22:00:00,1211712.6,25.6,78,21.5,29.8,3.4,99,0.0,0.0,1,0
2025-08-12 23:00:00,1093565.2,25.1,82,21.8,29.5,2.9,100,0.0,0.0,1,0
2025-08-13 00:00:00,992431.8,24.6,83,21.5,28.9,2.8,2,0.0,0.0,2,0
2025-08-13 01:00:00,918069.5,24.0,85,21.4,28.1,3.7,83,0.0,0.0,2,0
2025-08-13 02:00:00,852391.3,24.2,83,21.2,27.9,5.2,100,0.0,0.0,2,0
2025-08-13 03:00:00,800903.2,23.9,83,20.9,27.3,5.6,100,0.0,0.0,2,0
2025-08-13 04:00:00,791207.4,23.5,84,20.8,27.1,4.5,55,0.0,0.0,2,0
2025-08-13 05:00:00,803458.9,23.1,86,20.7,26.6,5.2,100,0.0,0.0,2,0
2025-08-13 06:00:00,849309.7,23.1,86,20.6,26.6,5.0,100,0.0,0.0,2,0
2025-08-13 07:00:00,917721.6,23.1,86,20.7,26.6,4.7,100,0.0,11.0,2,0
2025-08-13 08:00:00,984665.7,23.1,86,20.6,26.7,4.0,100,0.0,88.0,2,0
2025-08-13 09:00:00,1055163.1,22.9,88,20.7,26.4,4.6,100,0.0,205.0,2,0
2025-08-13 10:00:00,1156324.7,24.4,79,20.5,27.4,6.8,100,0.0,404.0,2,0
2025-08-13 11:00:00,1231093.9,25.8,70,19.9,28.7,6.4,100,0.0,522.0,2,0
2025-08-13 12:00:00,1296446.6,26.7,68,20.3,30.5,5.2,100,0.0,636.0,2,0
2025-08-13 13:00:00,1352292.7,27.2,66,20.4,31.4,5.7,97,0.0,695.0,2,0
2025-08-13 14:00:00,1408081.5,27.5,66,20.6,31.7,8.2,95,0.0,760.0,2,0
2025-08-13 15:00:00,1457002.7,26.5,73,21.4,30.4,8.1,91,0.2,631.0,2,0
2025-08-13 16:00:00,1488102.6,27.2,72,21.7,31.5,5.2,88,0.0,592.0,2,0
2025-08-13 17:00:00,1462512.6,26.1,70,20.3,29.0,7.9,44,0.4,453.0,2,0
2025-08-13 18:00:00,1418853.6,25.6,69,19.5,27.5,11.7,39,0.1,306.0,2,0
2025-08-13 19:00:00,1375603.9,25.4,55,15.6,25.4,12.7,17,0.0,180.0,2,0
2025-08-13 20:00:00,1315526.4,23.6,56,14.3,23.0,13.8,11,0.0,87.0,2,0
2025-08-13 21:00:00,1201370.5,23.8,58,15.1,23.4,13.7,3,0.0,3.0,2,0
2025-08-13 22:00:00,1062761.2,22.3,62,14.6,21.8,13.7,3,0.0,0.0,2,0
2025-08-13 23:00:00,934755.7,21.4,65,14.4,20.9,13.0,5,0.0,0.0,2,0
2025-08-14 00:00:00,829637.4,20.6,68,14.5,20.2,13.0,0,0.0,0.0,3,0
2025-08-14 01:00:00,752389.3,20.0,73,15.1,19.8,13.7,0,0.0,0.0,3,0
2025-08-14 02:00:00,703170.6,19.8,77,15.7,19.7,13.9,0,0.0,0.0,3,0
2025-08-14 03:00:00,674595.5,19.5,80,16.0,19.5,14.0,0,0.0,0.0,3,0
2025-08-14 04:00:00,671456.3,19.3,83,16.3,19.5,13.6,0,0.0,0.0,3,0
2025-08-14 05:00:00,686439.3,19.1,85,16.5,19.5,12.4,0,0.0,0.0,3,0
2025-08-14 06:00:00,743538.4,18.9,86,16.5,19.5,11.8,0,0.0,0.0,3,0
2025-08-14 07:00:00,838025.3,18.9,87,16.6,19.7,10.8,0,0.0,14.0,3,0
2025-08-14 08:00:00,933828.2,20.0,84,17.3,21.4,8.9,0,0.0,132.0,3,0
2025-08-14 09:00:00,1038988.2,21.9,73,16.8,23.1,7.8,0,0.0,308.0,3,0
2025-08-14 10:00:00,1124966.7,23.3,65,16.2,24.4,7.4,2,0.0,487.0,3,0
2025-08-14 11:00:00,1197681.0,24.4,60,16.2,26.1,6.9,14,0.0,640.0,3,0
2025-08-14 12:00:00,1230969.7,25.1,58,16.3,27.4,7.3,23,0.0,745.0,3,0
2025-08-14 13:00:00,1254324.8,25.4,59,16.6,27.8,8.0,39,0.0,759.0,3,0
2025-08-14 14:00:00,1288401.0,25.6,59,16.9,27.9,8.3,19,0.0,736.0,3,0
2025-08-14 15:00:00,1318591.4,25.7,59,17.1,27.8,8.9,30,0.0,706.0,3,0
2025-08-14 16:00:00,1372275.9,25.6,61,17.5,27.6,8.1,40,0.0,631.0,3,0
2025-08-14 17:00:00,1370984.3,25.5,61,17.6,27.3,7.1,26,0.0,505.0,3,0
2025-08-14 18:00:00,1323626.9,25.3,62,17.4,26.9,7.3,6,0.0,397.0,3,0
2025-08-14 19:00:00,1277543.4,24.6,64,17.4,26.4,6.3,1,0.0,241.0,3,0
2025-08-14 20:00:00,1249061.8,23.5,73,18.5,26.3,2.9,2,0.0,89.0,3,0
2025-08-14 21:00:00,1156913.3,23.3,73,18.1,26.2,0.4,2,0.0,3.0,3,0
2025-08-14 22:00:00,1041819.8,23.0,73,17.9,25.8,0.7,8,0.0,0.0,3,0
2025-08-14 23:00:00,919187.8,22.4,75,17.8,24.9,2.1,2,0.0,0.0,3,0
2025-08-15 00:00:00,820740.5,21.9,76,17.4,24.2,2.0,2,0.0,0.0,4,0
2025-08-15 01:00:00,744369.3,21.3,78,17.3,23.7,1.7,3,0.0,0.0,4,0
2025-08-15 02:00:00,694364.5,20.8,80,17.1,22.7,4.2,3,0.0,0.0,4,0
2025-08-15 03:00:00,662595.5,20.2,82,17.0,22.2,3.9,2,0.0,0.0,4,0
2025-08-15 04:00:00,655491.8,20.6,81,17.3,22.5,5.4,3,0.0,0.0,4,0
2025-08-15 05:00:00,669480.2,21.0,87,18.6,23.0,7.8,3,0.0,0.0,4,0
2025-08-15 06:00:00,725874.7,21.0,88,18.9,23.5,5.6,0,0.0,0.0,4,0
2025-08-15 07:00:00,835379.9,21.5,84,18.6,23.7,7.0,0,0.0,12.0,4,0
2025-08-15 08:00:00,956925.3,22.6,79,18.8,24.6,8.6,0,0.0,128.0,4,0
2025-08-15 09:00:00,1074566.6,23.4,73,18.3,25.0,9.6,0,0.0,303.0,4,0
2025-08-15 10:00:00,1158882.2,23.9,67,17.4,25.0,10.8,0,0.0,481.0,4,0
2025-08-15 11:00:00,1229420.7,24.3,64,17.0,25.7,10.9,0,0.0,639.0,4,0
2025-08-15 12:00:00,1274555.9,24.8,60,16.5,26.7,11.2,0,0.0,761.0,4,0
2025-08-15 13:00:00,1314479.0,25.2,60,17.0,27.6,11.6,0,0.0,836.0,4,0
2025-08-15 14:00:00,1359609.5,25.8,59,17.3,28.5,11.4,0,0.0,863.0,4,0
2025-08-15 15:00:00,1396577.4,26.4,59,17.8,29.5,9.6,0,0.0,838.0,4,0
2025-08-15 16:00:00,1425113.3,26.7,58,17.8,29.4,8.4,0,0.0,742.0,4,0
2025-08-15 17:00:00,1405299.8,26.6,54,16.5,27.9,8.1,0,0.0,582.0,4,0
2025-08-15 18:00:00,1342962.5,25.3,57,16.0,25.5,12.5,0,0.0,421.0,4,0
2025-08-15 19:00:00,1290528.3,24.0,63,16.5,24.7,10.6,0,0.0,254.0,4,0
2025-08-15 20:00:00,1261169.6,23.0,64,15.9,23.9,8.2,0,0.0,88.0,4,0
2025-08-15 21:00:00,1180681.7,22.5,73,17.5,24.0,7.6,0,0.0,3.0,4,0
2025-08-15 22:00:00,1072684.9,22.0,79,18.2,24.3,5.1,0,0.0,0.0,4,0
2025-08-15 23:00:00,962976.9,21.8,78,17.8,24.5,0.9,4,0.0,0.0,4,0
2025-08-16 00:00:00,861891.6,21.2,79,17.5,23.5,3.0,1,0.0,0.0,5,0
2025-08-16 01:00:00,779135.6,20.1,84,17.4,22.3,3.1,0,0.0,0.0,5,0
2025-08-16 02:00:00,722083.0,19.9,84,17.0,21.9,3.2,12,0.0,0.0,5,0
2025-08-16 03:00:00,683266.7,19.9,82,16.7,21.7,3.8,0,0.0,0.0,5,0
2025-08-16 04:00:00,662212.8,19.8,81,16.4,21.5,3.7,27,0.0,0.0,5,0
2025-08-16 05:00:00,659988.3,19.7,80,16.1,21.5,2.2,25,0.0,0.0,5,0
2025-08-16 06:00:00,712332.9,18.9,82,15.8,20.3,3.3,46,0.0,0.0,5,0
2025-08-16 07:00:00,841057.3,19.0,81,15.8,20.6,2.7,62,0.0,12.0,5,0
2025-08-16 08:00:00,997589.0,21.2,72,15.9,22.7,4.1,6,0.0,125.0,5,0
2025-08-16 09:00:00,1149025.8,22.9,69,17.0,25.2,1.2,0,0.0,298.0,5,0
2025-08-16 10:00:00,1276518.9,24.6,63,17.1,26.8,2.8,40,0.0,475.0,5,0
2025-08-16 11:00:00,1371693.0,25.7,63,18.0,28.4,5.3,5,0.0,630.0,5,0
2025-08-16 12:00:00,1425467.9,26.6,62,18.9,30.3,5.9,0,0.0,750.0,5,0
2025-08-16 13:00:00,1461693.2,27.5,61,19.1,31.4,7.5,98,0.0,822.0,5,0
2025-08-16 14:00:00,1482961.3,27.6,59,19.0,31.1,10.2,100,0.0,820.0,5,0
2025-08-16 15:00:00,1482802.6,27.9,55,18.0,30.7,10.2,89,0.0,788.0,5,0
2025-08-16 16:00:00,1482469.7,28.5,48,16.5,30.7,7.1,28,0.0,697.0,5,0
2025-08-16 17:00:00,1446154.4,28.8,46,15.9,29.9,7.1,0,0.0,572.0,5,0
2025-08-16 18:00:00,1401835.4,28.4,48,16.4,29.5,7.2,0,0.0,418.0,5,0
2025-08-16 19:00:00,1367457.2,27.4,53,17.0,28.9,6.7,0,0.0,244.0,5,0
2025-08-16 20:00:00,1336453.3,25.9,70,20.1,29.1,4.8,12,0.0,81.0,5,0
2025-08-16 21:00:00,1263427.9,26.6,59,17.9,27.6,12.5,2,0.0,2.0,5,0
2025-08-16 22:00:00,1164657.6,26.1,60,17.9,27.6,9.2,22,0.0,0.0,5,0
2025-08-16 23:00:00,1056570.4,25.4,63,17.9,27.2,7.4,90,0.0,0.0,5,0
2025-08-17 00:00:00,956173.6,25.0,64,17.6,26.5,8.3,68,0.0,0.0,6,0
2025-08-17 01:00:00,878289.0,24.2,66,17.5,25.9,7.2,98,0.0,0.0,6,0
2025-08-17 02:00:00,830803.0,23.4,72,18.0,25.7,4.2,100,0.0,0.0,6,0
2025-08-17 03:00:00,773549.5,23.5,72,18.1,25.8,4.6,99,0.0,0.0,6,0
2025-08-17 04:00:00,742963.9,23.3,72,17.9,25.2,6.9,97,0.0,0.0,6,0
2025-08-17 05:00:00,730308.0,23.1,73,18.0,25.1,6.5,100,0.0,0.0,6,0
2025-08-17 06:00:00,752777.1,22.6,77,18.5,25.1,4.8,98,0.3,0.0,6,0
2025-08-17 07:00:00,834899.8,21.8,83,18.8,23.9,8.0,100,0.3,3.0,6,0
2025-08-17 08:00:00,927179.4,22.1,83,19.0,25.0,3.5,100,0.0,41.0,6,0
2025-08-17 09:00:00,1025839.2,21.5,94,20.5,24.1,9.8,99,1.4,29.0,6,0
2025-08-17 10:00:00,1118795.8,22.1,90,20.3,24.9,8.5,100,0.8,136.0,6,0
2025-08-17 11:00:00,1207539.0,23.6,84,20.7,27.0,5.8,100,0.2,372.0,6,0
2025-08-17 12:00:00,1245732.0,25.5,76,21.1,29.5,5.2,100,0.2,587.0,6,0
2025-08-17 13:00:00,1217456.2,24.6,74,19.7,26.0,16.3,87,3.0,472.0,6,0
2025-08-17 14:00:00,1194218.5,23.9,74,18.9,24.6,17.4,48,0.3,384.0,6,0
2025-08-17 15:00:00,1166279.1,25.0,63,17.4,25.6,17.6,100,0.0,658.0,6,0
2025-08-17 16:00:00,1190450.3,24.7,59,16.1,24.5,16.1,26,0.0,564.0,6,0
2025-08-17 17:00:00,1207442.9,24.5,56,15.1,23.9,15.5,6,0.0,555.0,6,0
2025-08-17 18:00:00,1163849.5,23.9,54,13.9,22.9,15.3,1,0.0,401.0,6,0
2025-08-17 19:00:00,1115358.3,23.2,55,13.7,22.3,14.1,2,0.0,230.0,6,0
2025-08-17 20:00:00,1073784.0,21.7,57,12.9,20.6,13.8,7,0.0,74.0,6,0
2025-08-17 21:00:00,982618.9,21.3,60,13.2,20.6,11.7,37,0.0,1.0,6,0
2025-08-17 22:00:00,870447.4,20.5,63,13.3,19.9,11.4,16,0.0,0.0,6,0
2025-08-17 23:00:00,761031.5,19.8,59,11.6,18.4,12.3,19,0.0,0.0,6,0
2025-08-18 00:00:00,662980.6,18.4,58,9.9,16.3,13.7,87,0.0,0.0,0,0
2025-08-18 01:00:00,605153.4,17.6,55,8.4,15.1,14.5,93,0.0,0.0,0,0
2025-08-18 02:00:00,551509.0,16.6,56,7.8,13.9,14.5,89,0.0,0.0,0,0
2025-08-18 03:00:00,528095.9,15.9,58,7.6,13.2,13.8,49,0.0,0.0,0,0
2025-08-18 04:00:00,522456.2,15.4,61,7.8,12.6,14.7,34,0.0,0.0,0,0
2025-08-18 05:00:00,536151.7,14.9,63,7.9,12.2,14.6,94,0.0,0.0,0,0
2025-08-18 06:00:00,577924.6,14.4,65,8.0,11.8,14.6,10,0.0,0.0,0,0
2025-08-18 07:00:00,642365.7,14.2,66,8.0,11.5,14.9,1,0.0,11.0,0,0
2025-08-18 08:00:00,700353.4,14.9,64,8.1,12.5,13.7,68,0.0,129.0,0,0
2025-08-18 09:00:00,763695.1,16.4,59,8.3,13.8,14.3,47,0.0,310.0,0,0
2025-08-18 10:00:00,807799.7,17.5,57,9.0,15.1,14.4,18,0.0,494.0,0,0
2025-08-18 11:00:00,842401.7,18.4,57,9.9,16.6,15.6,16,0.0,654.0,0,0
2025-08-18 12:00:00,857315.2,19.1,56,10.2,18.1,15.4,23,0.0,762.0,0,0
2025-08-18 13:00:00,871608.3,19.9,50,9.1,18.7,14.9,69,0.0,783.0,0,0
2025-08-18 14:00:00,894951.1,19.9,53,9.9,18.9,15.1,69,0.0,768.0,0,0
2025-08-18 15:00:00,922405.2,19.9,54,10.4,19.2,14.0,20,0.0,778.0,0,0
2025-08-18 16:00:00,960515.8,20.0,54,10.2,19.0,13.9,5,0.0,739.0,0,0
2025-08-18 17:00:00,962077.0,19.9,52,9.6,18.3,12.6,19,0.0,609.0,0,0
2025-08-18 18:00:00,932180.2,19.7,55,10.4,18.2,11.0,100,0.0,438.0,0,0
2025-08-18 19:00:00,917961.5,19.1,59,11.0,17.8,11.2,97,0.0,237.0,0,0
2025-08-18 20:00:00,898412.8,18.5,64,11.5,17.4,10.3,98,0.0,76.0,0,0
2025-08-18 21:00:00,824409.5,18.6,64,11.8,17.8,9.4,55,0.0,1.0,0,0
2025-08-18 22:00:00,733725.3,18.5,67,12.1,17.7,9.9,100,0.0,0.0,0,0
2025-08-18 23:00:00,651809.1,18.9,64,11.9,17.6,12.5,86,0.0,0.0,0,0
2025-08-19 00:00:00,586489.5,18.9,62,11.6,17.7,11.6,99,0.0,0.0,1,0
2025-08-19 01:00:00,541224.2,18.6,63,11.4,17.4,11.7,82,0.0,0.0,1,0
2025-08-19 02:00:00,513669.4,18.5,63,11.4,17.3,11.3,99,0.0,0.0,1,0
2025-08-19 03:00:00,500467.9,19.0,63,11.6,17.7,11.8,100,0.0,0.0,1,0
2025-08-19 04:00:00,506343.9,19.0,65,12.2,17.8,12.7,100,0.0,0.0,1,0
2025-08-19 05:00:00,532371.3,18.8,69,13.0,18.3,10.3,100,0.0,0.0,1,0
2025-08-19 06:00:00,580455.8,18.5,73,13.6,18.1,11.0,96,0.0,0.0,1,0
2025-08-19 07:00:00,631116.5,18.4,76,14.1,18.1,11.3,100,0.0,5.0,1,0
2025-08-19 08:00:00,675415.9,18.6,76,14.3,18.4,11.1,100,0.0,28.0,1,0
2025-08-19 09:00:00,721428.5,19.6,68,13.6,19.2,11.1,100,0.0,90.0,1,0
2025-08-19 10:00:00,760919.7,20.1,63,12.9,19.6,10.1,100,0.0,161.0,1,0
2025-08-19 11:00:00,791702.2,20.5,63,13.2,20.5,7.4,100,0.0,215.0,1,0
2025-08-19 12:00:00,809061.1,20.6,65,13.9,20.9,7.1,100,0.0,195.0,1,0
2025-08-19 13:00:00,803715.5,20.7,67,14.4,20.7,10.3,100,0.0,191.0,1,0
2025-08-19 14:00:00,804732.0,20.4,73,15.4,20.6,10.9,100,0.2,139.0,1,0
2025-08-19 15:00:00,826450.5,20.5,77,16.3,21.0,11.7,100,0.3,168.0,1,0
2025-08-19 16:00:00,873983.7,20.1,83,17.1,21.0,11.1,100,1.5,99.0,1,0
2025-08-19 17:00:00,897344.6,19.4,95,18.5,20.3,15.4,100,3.7,59.0,1,0
2025-08-19 18:00:00,909149.2,19.5,95,18.8,20.2,17.9,100,4.0,41.0,1,0
2025-08-19 19:00:00,914792.5,19.9,93,18.8,20.4,18.7,100,1.9,58.0,1,0
2025-08-19 20:00:00,893047.8,20.0,93,18.9,20.2,21.3,100,1.2,13.0,1,0
2025-08-19 21:00:00,826211.1,19.4,96,18.6,19.5,20.9,100,6.3,0.0,1,0
2025-08-19 22:00:00,736066.1,19.5,95,18.6,19.4,22.4,100,11.8,0.0,1,0
2025-08-19 23:00:00,657061.5,19.4,95,18.6,19.0,24.5,100,8.1,0.0,1,0
2025-08-20 00:00:00,591254.7,19.6,97,19.1,19.6,23.3,100,2.2,0.0,2,0
2025-08-20 01:00:00,548073.6,19.7,98,19.3,20.0,22.1,100,1.1,0.0,2,0
2025-08-20 02:00:00,519847.7,19.8,96,19.1,20.2,20.5,100,0.8,0.0,2,0
2025-08-20 03:00:00,507943.1,19.3,96,18.6,19.8,18.7,100,0.5,0.0,2,0
2025-08-20 04:00:00,517588.4,19.1,95,18.4,19.7,17.0,100,0.7,0.0,2,0
2025-08-20 05:00:00,543934.5,19.0,97,18.4,19.8,15.1,100,1.6,0.0,2,0
2025-08-20 06:00:00,591022.7,19.0,96,18.4,19.7,15.9,100,0.1,0.0,2,0
2025-08-20 07:00:00,646310.1,18.1,95,17.4,18.4,16.0,100,0.1,2.0,2,0
2025-08-20 08:00:00,692080.6,18.5,92,17.2,19.0,14.5,100,0.0,38.0,2,0
2025-08-20 09:00:00,733941.0,19.2,95,18.3,19.8,17.1,100,0.1,48.0,2,0
2025-08-20 10:00:00,768336.2,19.5,92,18.2,20.7,13.1,92,0.0,143.0,2,0
2025-08-20 11:00:00,803409.1,20.5,83,17.5,21.0,15.2,76,0.0,329.0,2,0
2025-08-20 12:00:00,808126.3,21.5,76,17.1,21.4,17.6,73,0.1,550.0,2,0
2025-08-20 13:00:00,803638.0,21.4,74,16.6,21.0,18.7,100,0.1,544.0,2,0
2025-08-20 14:00:00,796298.7,21.1,75,16.5,20.9,17.5,98,0.1,451.0,2,0
2025-08-20 15:00:00,807917.9,21.0,75,16.4,20.7,16.9,100,0.0,372.0,2,0
2025-08-20 16:00:00,843485.6,20.8,75,16.3,20.4,17.6,100,0.0,402.0,2,0
2025-08-20 17:00:00,855662.2,20.2,79,16.4,20.1,16.2,100,0.0,272.0,2,0
2025-08-20 18:00:00,863906.1,19.9,80,16.4,19.9,14.7,100,0.0,167.0,2,0
2025-08-20 19:00:00,877115.1,19.4,82,16.2,19.6,13.2,100,0.0,74.0,2,0
2025-08-20 20:00:00,856933.0,19.1,83,16.1,19.3,13.0,100,0.0,29.0,2,0
2025-08-20 21:00:00,796404.2,18.8,85,16.2,19.5,9.9,67,0.0,0.0,2,0
2025-08-20 22:00:00,715646.8,18.3,88,16.2,18.9,10.4,25,0.0,0.0,2,0
2025-08-20 23:00:00,633631.6,18.0,89,16.1,18.7,9.6,7,0.0,0.0,2,0
2025-08-21 00:00:00,566235.3,17.5,91,15.9,18.2,9.0,13,0.0,0.0,3,0
2025-08-21 01:00:00,520325.2,17.1,91,15.6,17.7,9.2,5,0.0,0.0,3,0
2025-08-21 02:00:00,491346.8,16.8,90,15.1,17.0,10.1,5,0.0,0.0,3,0
2025-08-21 03:00:00,479271.4,16.4,89,14.6,16.4,10.3,5,0.0,0.0,3,0
2025-08-21 04:00:00,487945.9,16.1,89,14.2,16.0,10.5,6,0.0,0.0,3,0
2025-08-21 05:00:00,512787.5,15.9,88,14.1,15.7,10.5,5,0.0,0.0,3,0
2025-08-21 06:00:00,564812.1,15.8,88,13.9,15.5,10.9,4,0.0,0.0,3,0
2025-08-21 07:00:00,632093.4,15.8,87,13.6,15.3,11.1,8,0.0,7.0,3,0
2025-08-21 08:00:00,699555.6,16.5,83,13.6,16.0,11.9,6,0.0,102.0,3,0
2025-08-21 09:00:00,762299.3,17.5,80,14.0,17.2,10.6,2,0.0,269.0,3,0
2025-08-21 10:00:00,808713.5,18.6,76,14.2,18.6,9.9,1,0.0,462.0,3,0
2025-08-21 11:00:00,844000.6,19.6,71,14.4,20.0,10.1,1,0.0,626.0,3,0
2025-08-21 12:00:00,866066.2,20.7,68,14.6,21.6,11.6,22,0.0,750.0,3,0
2025-08-21 13:00:00,884742.3,21.2,67,14.9,22.3,11.5,52,0.0,754.0,3,0
2025-08-21 14:00:00,913311.9,20.9,72,15.7,22.2,11.6,5,0.0,739.0,3,0
2025-08-21 15:00:00,950162.6,20.8,72,15.6,22.4,10.7,2,0.0,778.0,3,0
2025-08-21 16:00:00,997357.7,21.2,70,15.6,22.7,8.5,2,0.0,693.0,3,0
2025-08-21 17:00:00,1005289.2,21.5,70,15.9,22.5,7.2,2,0.0,531.0,3,0
2025-08-21 18:00:00,982083.9,21.5,72,16.1,22.4,8.5,0,0.0,416.0,3,0
2025-08-21 19:00:00,962166.6,20.9,75,16.4,22.0,7.3,1,0.0,230.0,3,0
2025-08-21 20:00:00,939837.7,20.0,82,16.8,21.7,4.6,0,0.0,67.0,3,0
2025-08-21 21:00:00,868159.1,19.0,86,16.5,20.9,2.8,0,0.0,0.0,3,0
2025-08-21 22:00:00,777755.9,18.7,86,16.4,20.4,3.3,0,0.0,0.0,3,0
2025-08-21 23:00:00,688658.4,18.5,86,16.2,19.8,6.1,0,0.0,0.0,3,0
2025-08-22 00:00:00,611501.4,18.0,88,15.9,19.0,6.4,0,0.0,0.0,4,0
2025-08-22 01:00:00,558765.3,17.6,88,15.6,18.6,6.5,0,0.0,0.0,4,0
2025-08-22 02:00:00,525249.8,17.3,87,15.1,18.1,6.5,0,0.0,0.0,4,0
2025-08-22 03:00:00,508385.1,16.9,87,14.7,17.4,7.3,0,0.0,0.0,4,0
2025-08-22 04:00:00,511944.5,16.6,88,14.6,17.0,7.3,0,0.0,0.0,4,0
2025-08-22 05:00:00,528971.1,16.3,89,14.4,16.6,8.1,0,0.0,0.0,4,0
2025-08-22 06:00:00,583308.3,16.1,89,14.4,16.4,7.7,0,0.0,0.0,4,0
2025-08-22 07:00:00,669296.1,16.0,90,14.4,16.5,6.7,0,0.0,7.0,4,0
2025-08-22 08:00:00,763585.1,17.1,90,15.4,17.8,7.8,0,0.0,110.0,4,0
2025-08-22 09:00:00,859514.9,19.5,88,17.4,21.3,5.9,0,0.0,284.0,4,0
2025-08-22 10:00:00,930584.0,22.0,80,18.3,25.0,0.6,0,0.0,462.0,4,0
2025-08-22 11:00:00,990626.2,23.1,73,18.0,25.8,4.6,0,0.0,619.0,4,0
2025-08-22 12:00:00,1024686.4,23.5,72,18.1,26.6,7.2,0,0.0,740.0,4,0
2025-08-22 13:00:00,1057079.5,24.1,65,17.1,27.2,7.2,0,0.0,812.0,4,0
2025-08-22 14:00:00,1082187.7,24.8,57,15.6,27.2,7.9,29,0.0,833.0,4,0
2025-08-22 15:00:00,1111014.8,24.9,53,14.7,26.3,10.6,43,0.0,795.0,4,0
2025-08-22 16:00:00,1143481.1,24.5,52,14.1,25.1,11.2,89,0.0,704.0,4,0
2025-08-22 17:00:00,1135816.2,24.4,52,13.9,24.3,8.9,0,0.0,534.0,4,0
2025-08-22 18:00:00,1095644.0,24.2,55,14.6,24.7,7.5,10,0.0,382.0,4,0
2025-08-22 19:00:00,1067981.9,23.2,60,15.0,23.6,8.9,19,0.0,215.0,4,0
2025-08-22 20:00:00,1042118.5,22.5,64,15.2,23.2,6.9,100,0.0,60.0,4,0
2025-08-22 21:00:00,978043.8,22.8,68,16.5,23.6,9.9,99,0.0,0.0,4,0
2025-08-22 22:00:00,892532.4,22.5,71,17.0,23.3,11.5,100,0.0,0.0,4,0
2025-08-22 23:00:00,796286.4,21.5,73,16.5,22.9,5.9,100,0.0,0.0,4,0
2025-08-23 00:00:00,706432.4,20.5,72,15.2,21.4,6.0,54,0.0,0.0,5,0
2025-08-23 01:00:00,642779.9,19.5,73,14.6,20.7,2.7,87,0.0,0.0,5,0
2025-08-23 02:00:00,597627.8,19.3,72,14.1,20.2,3.2,98,0.0,0.0,5,0
2025-08-23 03:00:00,566937.2,19.0,73,14.0,19.6,4.7,100,0.0,0.0,5,0
2025-08-23 04:00:00,554557.4,19.0,71,13.6,19.4,5.2,99,0.0,0.0,5,0
2025-08-23 05:00:00,559033.4,18.3,75,13.8,18.9,4.5,95,0.0,0.0,5,0
2025-08-23 06:00:00,604146.4,18.1,77,14.0,18.9,3.9,100,0.0,0.0,5,0
2025-08-23 07:00:00,703013.3,18.2,78,14.3,19.0,4.5,100,0.0,6.0,5,0
2025-08-23 08:00:00,804981.0,19.5,77,15.4,20.7,4.1,100,0.0,79.0,5,0
2025-08-23 09:00:00,912746.3,20.6,78,16.6,22.4,3.9,97,0.0,248.0,5,0
2025-08-23 10:00:00,1004477.0,22.0,76,17.5,23.8,5.6,97,0.0,385.0,5,0
2025-08-23 11:00:00,1049850.8,23.1,76,18.6,25.5,5.9,100,0.0,504.0,5,0
2025-08-23 12:00:00,1062716.6,23.5,78,19.4,25.7,9.7,100,0.0,460.0,5,0
2025-08-23 13:00:00,1040028.2,24.1,74,19.1,25.8,12.1,100,0.5,413.0,5,0
2025-08-23 14:00:00,1030844.2,24.5,69,18.5,26.4,8.4,100,0.1,242.0,5,0
2025-08-23 15:00:00,1072357.3,25.2,60,16.9,26.0,11.5,100,0.0,280.0,5,0
2025-08-23 16:00:00,1079216.7,24.3,65,17.4,25.2,11.5,100,0.0,189.0,5,0
2025-08-23 17:00:00,1076569.5,23.2,69,17.4,24.2,11.7,100,0.1,134.0,5,0
2025-08-23 18:00:00,1041170.8,23.5,69,17.4,24.3,12.3,100,0.0,167.0,5,0
2025-08-23 19:00:00,1029183.3,23.2,72,17.9,24.5,10.6,100,0.0,132.0,5,0
2025-08-23 20:00:00,1008326.4,22.7,74,17.9,23.7,12.6,100,0.0,32.0,5,0
2025-08-23 21:00:00,957687.8,22.7,71,17.1,23.6,11.0,99,0.0,0.0,5,0
2025-08-23 22:00:00,886037.6,22.2,74,17.4,23.1,12.5,100,0.0,0.0,5,0
2025-08-23 23:00:00,800790.2,21.8,76,17.4,22.2,14.9,100,0.0,0.0,5,0
2025-08-24 00:00:00,714125.6,21.4,77,17.1,21.5,15.9,90,0.0,0.0,6,0
2025-08-24 01:00:00,651950.3,20.1,82,16.9,21.0,10.8,30,0.1,0.0,6,0
2025-08-24 02:00:00,603442.5,19.2,87,17.0,20.9,5.2,46,0.0,0.0,6,0
2025-08-24 03:00:00,571528.4,19.0,89,17.0,20.8,4.1,22,0.0,0.0,6,0
2025-08-24 04:00:00,552722.8,18.5,90,16.9,20.0,6.5,2,0.0,0.0,6,0
2025-08-24 05:00:00,550516.2,18.0,91,16.4,19.3,6.0,0,0.0,0.0,6,0
2025-08-24 06:00:00,587325.4,17.4,91,15.9,18.4,7.2,1,0.0,0.0,6,0
2025-08-24 07:00:00,668629.4,16.9,90,15.2,17.6,7.2,0,0.0,6.0,6,0
2025-08-24 08:00:00,777119.1,17.2,87,15.1,17.9,6.9,0,0.0,107.0,6,0
2025-08-24 09:00:00,887031.0,19.0,76,14.8,19.8,5.4,46,0.0,261.0,6,0
2025-08-24 10:00:00,971712.9,20.6,66,13.9,21.2,4.4,79,0.0,401.0,6,0
2025-08-24 11:00:00,1039778.0,21.6,61,13.8,22.6,1.5,23,0.0,439.0,6,0
2025-08-24 12:00:00,1061030.1,22.4,58,13.6,23.5,5.2,23,0.1,658.0,6,0
2025-08-24 13:00:00,1070901.0,22.8,57,13.8,23.8,7.8,43,0.0,705.0,6,0
2025-08-24 14:00:00,1048452.6,22.9,57,14.0,23.7,9.8,40,0.0,716.0,6,0
2025-08-24 15:00:00,1070007.5,22.5,60,14.4,23.4,9.9,34,0.1,700.0,6,0
2025-08-24 16:00:00,1090342.2,22.5,60,14.4,23.0,8.9,28,0.2,603.0,6,0
2025-08-24 17:00:00,1098795.8,23.0,56,13.7,23.0,8.5,27,0.2,502.0,6,0
2025-08-24 18:00:00,1056211.3,23.4,48,11.6,22.1,12.1,19,0.0,363.0,6,0
2025-08-24 19:00:00,1021151.2,22.5,48,11.1,20.7,14.9,8,0.0,202.0,6,0
2025-08-24 20:00:00,987006.3,21.0,54,11.4,19.5,12.6,14,0.0,57.0,6,0
2025-08-24 21:00:00,899925.5,20.5,56,11.4,19.4,10.2,15,0.0,0.0,6,0
2025-08-24 22:00:00,792292.7,19.8,61,12.1,18.8,10.6,9,0.0,0.0,6,0
2025-08-24 23:00:00,699214.5,18.8,67,12.5,18.0,10.5,38,0.0,0.0,6,0
2025-08-25 00:00:00,618379.7,18.1,70,12.6,17.4,10.2,25,0.0,0.0,0,0
2025-08-25 01:00:00,563742.7,17.5,73,12.6,16.9,9.8,37,0.0,0.0,0,0
2025-08-25 02:00:00,526654.5,16.9,76,12.6,16.3,9.6,43,0.0,0.0,0,0
2025-08-25 03:00:00,507090.5,16.2,79,12.6,15.6,9.6,10,0.0,0.0,0,0
2025-08-25 04:00:00,508114.9,15.6,83,12.7,14.9,10.4,4,0.0,0.0,0,0
2025-08-25 05:00:00,526552.0,15.1,84,12.6,14.3,11.1,0,0.0,0.0,0,0
2025-08-25 06:00:00,572100.8,14.8,84,12.1,13.9,11.1,1,0.0,0.0,0,0
2025-08-25 07:00:00,638663.7,14.6,84,11.9,13.7,10.0,1,0.0,5.0,0,0
2025-08-25 08:00:00,703800.4,15.4,80,11.9,14.7,9.3,17,0.0,103.0,0,0
2025-08-25 09:00:00,766431.8,16.8,75,12.2,16.0,9.7,16,0.0,265.0,0,0
2025-08-25 10:00:00,805052.3,18.1,68,12.1,17.1,11.2,17,0.0,426.0,0,0
2025-08-25 11:00:00,837967.7,19.4,61,11.6,17.9,14.1,14,0.0,578.0,0,0
2025-08-25 12:00:00,821310.6,20.2,55,10.9,18.9,15.5,28,0.0,679.0,0,0
2025-08-25 13:00:00,806520.5,20.8,51,10.1,19.0,17.6,34,0.0,709.0,0,0
2025-08-25 14:00:00,820579.1,21.1,49,9.9,19.2,18.9,47,0.0,714.0,0,0
2025-08-25 15:00:00,834183.8,20.3,51,9.7,17.9,20.2,46,0.0,671.0,0,0
2025-08-25 16:00:00,870538.2,20.5,48,9.1,17.2,20.8,22,0.0,502.0,0,0
2025-08-25 17:00:00,879297.0,20.2,44,7.7,16.5,21.3,4,0.0,536.0,0,0
2025-08-25 18:00:00,852652.3,19.8,43,7.0,16.1,19.9,6,0.0,375.0,0,0
2025-08-25 19:00:00,847482.3,18.9,45,6.8,15.4,18.2,33,0.0,205.0,0,0
2025-08-25 20:00:00,817028.6,17.9,49,6.9,14.7,16.5,100,0.0,53.0,0,0
2025-08-25 21:00:00,748425.0,17.2,53,7.5,14.5,14.6,99,0.0,0.0,0,0
2025-08-25 22:00:00,665578.5,16.6,56,7.9,14.2,12.5,84,0.0,0.0,0,0
2025-08-25 23:00:00,588046.0,16.1,60,8.4,13.8,13.0,7,0.0,0.0,0,0
2025-08-26 00:00:00,526770.2,15.5,65,9.0,13.2,13.7,1,0.0,0.0,1,0
2025-08-26 01:00:00,488863.1,14.9,69,9.2,12.8,13.7,0,0.0,0.0,1,0
2025-08-26 02:00:00,464459.4,14.4,71,9.4,12.3,13.3,1,0.0,0.0,1,0
2025-08-26 03:00:00,455208.0,14.0,74,9.4,12.0,12.8,1,0.0,0.0,1,0
2025-08-26 04:00:00,464627.7,13.6,76,9.4,11.7,11.7,14,0.0,0.0,1,0
2025-08-26 05:00:00,490036.1,13.1,78,9.4,11.3,11.0,1,0.0,0.0,1,0
2025-08-26 06:00:00,536376.8,12.8,81,9.5,11.0,11.2,4,0.0,0.0,1,0
2025-08-26 07:00:00,595087.9,12.6,82,9.6,10.8,11.5,9,0.0,4.0,1,0
2025-08-26 08:00:00,648806.0,13.4,79,9.9,11.8,11.2,7,0.0,101.0,1,0
2025-08-26 09:00:00,699405.6,15.2,73,10.4,13.9,10.5,19,0.0,267.0,1,0
2025-08-26 10:00:00,728009.2,17.2,63,10.0,15.1,14.3,33,0.1,425.0,1,0
2025-08-26 11:00:00,746020.5,18.4,55,9.1,16.0,15.1,38,0.1,554.0,1,0
2025-08-26 12:00:00,746916.8,19.4,50,8.6,17.2,15.6,51,0.2,636.0,1,0
2025-08-26 13:00:00,739273.7,19.7,49,8.8,17.9,15.1,18,0.1,685.0,1,0
2025-08-26 14:00:00,733784.1,18.5,54,9.1,16.1,18.8,89,0.6,680.0,1,0
2025-08-26 15:00:00,754479.3,18.8,57,10.2,17.0,12.9,23,0.2,472.0,1,0
2025-08-26 16:00:00,785239.6,16.2,66,9.9,13.9,16.2,83,1.5,569.0,1,0
2025-08-26 17:00:00,794091.7,17.4,66,11.0,15.4,15.4,87,1.6,363.0,1,0
2025-08-26 18:00:00,797736.4,17.3,64,10.5,15.5,13.7,33,0.1,274.0,1,0
2025-08-26 19:00:00,801911.6,17.4,58,8.9,14.8,15.8,50,0.0,166.0,1,0
2025-08-26 20:00:00,773698.9,16.5,60,8.8,14.4,12.3,100,0.0,34.0,1,0
2025-08-26 21:00:00,706705.4,15.6,73,10.7,14.5,9.3,49,0.0,0.0,1,0
2025-08-26 22:00:00,630907.5,15.1,73,10.4,14.0,8.7,33,0.0,0.0,1,0
2025-08-26 23:00:00,560014.8,14.4,75,10.1,13.2,8.7,28,0.0,0.0,1,0
2025-08-27 00:00:00,502054.2,13.8,75,9.4,12.3,9.5,34,0.0,0.0,2,0
2025-08-27 01:00:00,466439.1,13.4,76,9.2,11.8,9.5,54,0.0,0.0,2,0
2025-08-27 02:00:00,444830.4,13.2,76,9.1,11.6,9.7,40,0.0,0.0,2,0
2025-08-27 03:00:00,437515.8,12.9,77,8.9,11.3,9.5,29,0.0,0.0,2,0
2025-08-27 04:00:00,448915.6,12.9,76,8.8,11.2,9.7,6,0.0,0.0,2,0
2025-08-27 05:00:00,477221.0,12.6,77,8.6,10.9,9.8,4,0.0,0.0,2,0
2025-08-27 06:00:00,524018.8,12.4,78,8.6,10.6,9.6,8,0.0,0.0,2,0
2025-08-27 07:00:00,579736.6,12.2,79,8.7,10.5,9.5,1,0.0,4.0,2,0
2025-08-27 08:00:00,631082.9,13.1,79,9.5,11.6,9.3,6,0.0,102.0,2,0
2025-08-27 09:00:00,680462.0,14.4,76,10.2,13.3,8.4,0,0.0,261.0,2,0
2025-08-27 10:00:00,715825.9,16.9,69,11.2,16.3,6.9,0,0.0,463.0,2,0
2025-08-27 11:00:00,740693.4,19.0,50,8.4,17.9,7.5,0,0.0,629.0,2,0
2025-08-27 12:00:00,746479.1,20.0,42,6.8,19.1,8.6,38,0.0,739.0,2,0
2025-08-27 13:00:00,758311.2,21.0,38,6.1,19.7,10.7,54,0.0,775.0,2,0
2025-08-27 14:00:00,776071.9,21.0,39,6.4,19.4,12.4,2,0.0,739.0,2,0
2025-08-27 15:00:00,799531.4,21.6,37,6.1,20.5,10.6,45,0.0,792.0,2,0
2025-08-27 16:00:00,835662.9,22.1,33,5.3,20.0,11.0,100,0.0,665.0,2,0
2025-08-27 17:00:00,844453.5,21.6,34,5.2,18.2,15.5,100,0.0,385.0,2,0
2025-08-27 18:00:00,833036.1,20.8,42,7.2,17.5,17.1,83,0.0,278.0,2,0
2025-08-27 19:00:00,833095.2,20.0,45,7.8,17.3,13.9,5,0.0,205.0,2,0
2025-08-27 20:00:00,803858.2,18.2,52,8.2,16.0,12.1,27,0.0,50.0,2,0
2025-08-27 21:00:00,739135.3,17.5,53,7.8,15.2,12.2,57,0.0,0.0,2,0
2025-08-27 22:00:00,659290.5,16.6,58,8.2,14.7,10.1,78,0.0,0.0,2,0
2025-08-27 23:00:00,585327.5,16.4,61,8.9,14.4,11.1,77,0.0,0.0,2,0
2025-08-28 00:00:00,523865.2,16.1,64,9.4,14.2,11.8,61,0.0,0.0,3,0
2025-08-28 01:00:00,483933.9,15.8,65,9.1,13.9,11.7,98,0.0,0.0,3,0
2025-08-28 02:00:00,458622.8,15.6,65,8.9,13.6,11.6,99,0.0,0.0,3,0
2025-08-28 03:00:00,451030.0,15.4,67,9.2,13.5,11.6,96,0.0,0.0,3,0
2025-08-28 04:00:00,459896.9,15.4,70,9.9,13.7,11.7,100,0.0,0.0,3,0
2025-08-28 05:00:00,485285.7,15.4,71,10.1,13.7,11.5,100,0.0,0.0,3,0
2025-08-28 06:00:00,532343.6,15.3,71,10.1,13.7,11.4,96,0.0,0.0,3,0
2025-08-28 07:00:00,585572.1,15.1,71,9.9,13.5,11.2,100,0.0,3.0,3,0
2025-08-28 08:00:00,637269.5,15.9,70,10.4,14.3,11.5,100,0.0,63.0,3,0
2025-08-28 09:00:00,679424.7,17.0,67,10.9,15.9,9.7,100,0.0,177.0,3,0
2025-08-28 10:00:00,713144.4,17.6,67,11.3,16.3,11.4,100,0.0,189.0,3,0
2025-08-28 11:00:00,734396.3,17.9,70,12.2,17.0,10.7,100,0.1,182.0,3,0
2025-08-28 12:00:00,733039.4,18.0,75,13.5,17.8,9.6,100,1.0,196.0,3,0
2025-08-28 13:00:00,727655.8,17.9,82,14.8,17.8,11.1,100,1.0,130.0,3,0
2025-08-28 14:00:00,726968.7,17.5,86,15.1,17.5,11.6,100,0.9,110.0,3,0
2025-08-28 15:00:00,744282.0,17.5,87,15.4,17.4,13.4,100,1.7,109.0,3,0
2025-08-28 16:00:00,780099.5,17.2,83,14.4,16.9,12.1,100,3.2,201.0,3,0
2025-08-28 17:00:00,793540.9,17.7,84,15.1,18.5,6.1,100,0.4,198.0,3,0
2025-08-28 18:00:00,789640.3,17.3,81,13.9,17.5,7.6,90,0.3,253.0,3,0
2025-08-28 19:00:00,793200.7,17.1,82,14.0,17.0,9.3,53,0.0,110.0,3,0
2025-08-28 20:00:00,768337.9,16.4,73,11.6,14.7,15.0,17,0.0,31.0,3,0
2025-08-28 21:00:00,704090.5,14.9,70,9.6,12.8,13.9,1,0.0,0.0,3,0
2025-08-28 22:00:00,629506.9,13.9,71,8.8,11.7,13.3,1,0.0,0.0,3,0
2025-08-28 23:00:00,556215.6,13.1,75,8.8,10.9,12.6,0,0.0,0.0,3,0
2025-08-29 00:00:00,497494.2,12.7,78,8.9,10.6,12.7,1,0.0,0.0,4,0
2025-08-29 01:00:00,461060.0,12.2,80,8.9,10.0,13.2,0,0.0,0.0,4,0
2025-08-29 02:00:00,438904.5,11.6,82,8.6,9.3,13.4,2,0.0,0.0,4,0
2025-08-29 03:00:00,430316.8,11.2,83,8.4,8.9,12.6,4,0.0,0.0,4,0
2025-08-29 04:00:00,439963.1,11.0,83,8.1,8.7,12.5,4,0.0,0.0,4,0
2025-08-29 05:00:00,464382.9,10.9,82,7.9,8.5,12.0,4,0.0,0.0,4,0
2025-08-29 06:00:00,510801.2,10.6,81,7.6,8.2,12.2,7,0.0,0.0,4,0
2025-08-29 07:00:00,571240.4,10.4,81,7.3,7.8,12.4,5,0.0,3.0,4,0
2025-08-29 08:00:00,625870.8,11.2,79,7.8,9.0,11.2,5,0.0,92.0,4,0
2025-08-29 09:00:00,667674.4,12.4,74,7.8,10.1,12.0,0,0.0,276.0,4,0
2025-08-29 10:00:00,694188.3,14.2,67,8.1,11.9,12.7,0,0.0,461.0,4,0
2025-08-29 11:00:00,707950.9,15.7,51,5.6,12.8,14.3,58,0.0,607.0,4,0
2025-08-29 12:00:00,702166.2,16.5,47,5.1,14.2,12.1,88,0.0,660.0,4,0
2025-08-29 13:00:00,697437.6,16.9,44,4.5,13.9,12.0,54,0.0,575.0,4,0
2025-08-29 14:00:00,702352.0,17.6,41,4.2,15.1,13.0,94,0.0,690.0,4,0
2025-08-29 15:00:00,716920.6,17.7,41,4.4,14.9,14.6,96,0.0,668.0,4,0
2025-08-29 16:00:00,739539.9,17.0,45,4.9,13.6,15.0,30,0.0,461.0,4,0
2025-08-29 17:00:00,743350.7,17.5,42,4.3,13.9,15.0,21,0.0,532.0,4,0
2025-08-29 18:00:00,739396.5,16.9,41,3.6,13.1,15.9,43,0.0,310.0,4,0
2025-08-29 19:00:00,749457.2,15.6,50,5.2,12.2,15.3,21,0.0,199.0,4,0
2025-08-29 20:00:00,730536.4,14.4,56,5.8,11.6,11.7,1,0.0,41.0,4,0
2025-08-29 21:00:00,675802.2,13.6,62,6.4,11.1,11.2,0,0.0,0.0,4,0
2025-08-29 22:00:00,616681.8,13.0,66,6.8,10.8,9.3,0,0.0,0.0,4,0
2025-08-29 23:00:00,555534.8,12.4,69,6.8,10.1,9.9,0,0.0,0.0,4,0
2025-08-30 00:00:00,500105.0,11.9,71,6.8,9.5,10.8,0,0.0,0.0,5,0
2025-08-30 01:00:00,464859.7,11.7,73,7.0,9.3,11.4,0,0.0,0.0,5,0
2025-08-30 02:00:00,439411.7,11.6,74,7.2,9.3,10.4,3,0.0,0.0,5,0
2025-08-30 03:00:00,428126.2,11.1,77,7.2,9.0,9.7,5,0.0,0.0,5,0
2025-08-30 04:00:00,429419.1,10.9,78,7.2,8.7,9.7,17,0.0,0.0,5,0
2025-08-30 05:00:00,444284.8,10.9,79,7.4,9.0,8.7,4,0.0,0.0,5,0
2025-08-30 06:00:00,485656.7,11.0,79,7.4,9.0,8.9,13,0.0,0.0,5,0
2025-08-30 07:00:00,552478.9,11.0,79,7.5,8.9,10.0,13,0.0,3.0,5,0
2025-08-30 08:00:00,621848.1,12.1,77,8.1,10.1,10.1,2,0.0,89.0,5,0
2025-08-30 09:00:00,682607.7,13.2,73,8.6,11.5,8.9,10,0.0,231.0,5,0
2025-08-30 10:00:00,721614.5,16.1,67,9.9,15.1,6.7,0,0.0,450.0,5,0
2025-08-30 11:00:00,742247.3,18.4,49,7.3,16.7,9.1,13,0.0,619.0,5,0
2025-08-30 12:00:00,743169.2,19.5,40,5.6,17.5,12.4,61,0.0,706.0,5,0
2025-08-30 13:00:00,741888.8,20.0,39,5.7,17.7,12.9,96,0.0,667.0,5,0
2025-08-30 14:00:00,744278.9,20.2,40,6.1,17.5,13.4,82,0.0,591.0,5,0
2025-08-30 15:00:00,751432.8,21.0,37,5.6,18.4,11.7,10,0.0,595.0,5,0
2025-08-30 16:00:00,767057.4,21.2,38,6.2,19.2,12.7,19,0.0,682.0,5,0
2025-08-30 17:00:00,768114.7,20.9,38,6.1,18.0,13.0,16,0.0,565.0,5,0
2025-08-30 18:00:00,753305.5,20.1,40,6.0,17.4,11.7,12,0.0,358.0,5,0
2025-08-30 19:00:00,751403.1,19.0,46,7.2,16.8,10.2,4,0.0,176.0,5,0
2025-08-30 20:00:00,730205.8,17.6,55,8.5,16.0,8.6,3,0.0,37.0,5,0
2025-08-30 21:00:00,683841.7,16.5,56,7.7,14.5,9.9,31,0.0,0.0,5,0
2025-08-30 22:00:00,624482.4,15.6,62,8.4,13.8,9.3,91,0.0,0.0,5,0
2025-08-30 23:00:00,563914.6,14.9,66,8.6,13.2,9.6,22,0.0,0.0,5,0
2025-08-31 00:00:00,508498.1,14.4,69,8.7,12.5,10.4,0,0.0,0.0,6,0
2025-08-31 01:00:00,469696.2,13.6,72,8.6,11.7,10.6,7,0.0,0.0,6,0
2025-08-31 02:00:00,443074.7,13.1,74,8.6,11.3,10.0,0,0.0,0.0,6,0
2025-08-31 03:00:00,429086.0,12.7,77,8.8,11.1,8.9,0,0.0,0.0,6,0
2025-08-31 04:00:00,426518.0,12.4,79,8.9,11.0,8.0,0,0.0,0.0,6,0
2025-08-31 05:00:00,436153.0,12.0,82,9.1,10.7,7.4,0,0.0,0.0,6,0
2025-08-31 06:00:00,472183.5,11.6,84,9.1,10.4,7.2,0,0.0,0.0,6,0
2025-08-31 07:00:00,536592.1,11.6,85,9.1,10.2,7.7,0,0.0,2.0,6,0
2025-08-31 08:00:00,607811.4,12.6,83,9.8,11.4,8.0,0,0.0,90.0,6,0
2025-08-31 09:00:00,675146.2,14.2,76,10.0,13.3,6.2,0,0.0,264.0,6,0
2025-08-31 10:00:00,726608.9,17.3,69,11.6,17.2,4.0,0,0.0,446.0,6,0
2025-08-31 11:00:00,759470.8,19.5,55,10.2,19.8,1.0,0,0.0,607.0,6,0
2025-08-31 12:00:00,771129.0,20.5,50,9.8,21.4,2.4,0,0.0,729.0,6,0
2025-08-31 13:00:00,779382.3,21.2,49,10.2,22.1,5.4,0,0.0,801.0,6,0
2025-08-31 14:00:00,790605.6,21.6,50,10.9,22.4,7.9,3,0.0,818.0,6,0
2025-08-31 15:00:00,805073.7,21.9,49,10.8,22.2,9.1,14,0.0,779.0,6,0
2025-08-31 16:00:00,823995.4,21.9,46,9.6,21.2,9.6,4,0.0,679.0,6,0
2025-08-31 17:00:00,824197.4,21.1,42,7.8,18.9,11.2,0,0.0,534.0,6,0
2025-08-31 18:00:00,803381.3,20.7,41,7.2,19.1,6.0,1,0.0,372.0,6,0
2025-08-31 19:00:00,800419.3,20.5,45,8.2,19.7,2.6,1,0.0,189.0,6,0
2025-08-31 20:00:00,772477.1,18.9,60,10.8,18.6,3.1,1,0.0,36.0,6,0
2025-08-31 21:00:00,719078.5,18.6,58,10.2,18.4,2.2,0,0.0,0.0,6,0
2025-08-31 22:00:00,654107.9,18.1,58,9.6,17.8,1.7,0,0.0,0.0,6,0
2025-08-31 23:00:00,586048.7,17.2,56,8.4,16.3,3.1,0,0.0,0.0,6,0
