timestamp,energy
2023-01-01 00:00:00,651918.2
2023-01-01 01:00:00,610391.0
2023-01-01 02:00:00,576260.1
2023-01-01 03:00:00,550264.9
2023-01-01 04:00:00,533789.9
2023-01-01 05:00:00,531242.6
2023-01-01 06:00:00,540785.0
2023-01-01 07:00:00,564195.1
2023-01-01 08:00:00,602279.1
2023-01-01 09:00:00,648872.2
2023-01-01 10:00:00,705907.2
2023-01-01 11:00:00,767577.0
2023-01-01 12:00:00,812000.9
2023-01-01 13:00:00,825516.5
2023-01-01 14:00:00,834370.3
2023-01-01 15:00:00,839072.1
2023-01-01 16:00:00,862397.1
2023-01-01 17:00:00,920541.0
2023-01-01 18:00:00,922368.4
2023-01-01 19:00:00,893743.4
2023-01-01 20:00:00,862985.1
2023-01-01 21:00:00,828842.1
2023-01-01 22:00:00,773274.5
2023-01-01 23:00:00,705499.3
2023-01-02 00:00:00,639925.0
2023-01-02 01:00:00,587355.1
2023-01-02 02:00:00,552091.0
2023-01-02 03:00:00,532072.7
2023-01-02 04:00:00,526781.4
2023-01-02 05:00:00,537412.8
2023-01-02 06:00:00,554849.4
2023-01-02 07:00:00,584003.2
2023-01-02 08:00:00,630306.7
2023-01-02 09:00:00,683750.5
2023-01-02 10:00:00,736183.4
2023-01-02 11:00:00,782881.3
2023-01-02 12:00:00,810497.6
2023-01-02 13:00:00,811824.2
2023-01-02 14:00:00,806183.8
2023-01-02 15:00:00,814485.7
2023-01-02 16:00:00,860416.9
2023-01-02 17:00:00,942216.3
2023-01-02 18:00:00,953652.0
2023-01-02 19:00:00,933563.5
2023-01-02 20:00:00,907117.7
2023-01-02 21:00:00,864432.8
2023-01-02 22:00:00,800864.9
2023-01-02 23:00:00,716410.1
2023-01-03 00:00:00,643035.4
2023-01-03 01:00:00,589900.2
2023-01-03 02:00:00,558542.4
2023-01-03 03:00:00,544811.3
2023-01-03 04:00:00,543347.1
2023-01-03 05:00:00,562744.8
2023-01-03 06:00:00,593852.9
2023-01-03 07:00:00,642266.0
2023-01-03 08:00:00,694681.3
2023-01-03 09:00:00,743460.8
2023-01-03 10:00:00,787440.6
2023-01-03 11:00:00,822415.7
2023-01-03 12:00:00,847586.5
2023-01-03 13:00:00,843714.5
2023-01-03 14:00:00,837812.4
2023-01-03 15:00:00,846218.5
2023-01-03 16:00:00,893037.0
2023-01-03 17:00:00,958603.0
2023-01-03 18:00:00,966972.8
2023-01-03 19:00:00,945329.3
2023-01-03 20:00:00,915592.3
2023-01-03 21:00:00,868438.2
2023-01-03 22:00:00,797237.1
2023-01-03 23:00:00,715086.8
2023-01-04 00:00:00,649824.3
2023-01-04 01:00:00,597261.8
2023-01-04 02:00:00,566668.9
2023-01-04 03:00:00,551108.9
2023-01-04 04:00:00,553092.6
2023-01-04 05:00:00,573508.0
2023-01-04 06:00:00,609240.1
2023-01-04 07:00:00,656420.1
2023-01-04 08:00:00,714251.0
2023-01-04 09:00:00,766392.8
2023-01-04 10:00:00,811034.9
2023-01-04 11:00:00,847857.3
2023-01-04 12:00:00,874081.9
2023-01-04 13:00:00,873420.5
2023-01-04 14:00:00,867066.5
2023-01-04 15:00:00,882426.1
2023-01-04 16:00:00,930433.4
2023-01-04 17:00:00,993193.4
2023-01-04 18:00:00,1000644.6
2023-01-04 19:00:00,980791.0
2023-01-04 20:00:00,943146.4
2023-01-04 21:00:00,888535.4
2023-01-04 22:00:00,814025.2
2023-01-04 23:00:00,724628.7
2023-01-05 00:00:00,655703.7
2023-01-05 01:00:00,603904.0
2023-01-05 02:00:00,570820.7
2023-01-05 03:00:00,555288.1
2023-01-05 04:00:00,554609.8
2023-01-05 05:00:00,575995.3
2023-01-05 06:00:00,610275.8
2023-01-05 07:00:00,662799.4
2023-01-05 08:00:00,722580.5
2023-01-05 09:00:00,774014.2
2023-01-05 10:00:00,812493.3
2023-01-05 11:00:00,840227.9
2023-01-05 12:00:00,851274.1
2023-01-05 13:00:00,845085.5
2023-01-05 14:00:00,849487.4
2023-01-05 15:00:00,857834.8
2023-01-05 16:00:00,894114.2
2023-01-05 17:00:00,961648.7
2023-01-05 18:00:00,975118.4
2023-01-05 19:00:00,959393.1
2023-01-05 20:00:00,930107.7
2023-01-05 21:00:00,880302.6
2023-01-05 22:00:00,812663.9
2023-01-05 23:00:00,729621.7
2023-01-06 00:00:00,659034.1
2023-01-06 01:00:00,607775.0
2023-01-06 02:00:00,574417.4
2023-01-06 03:00:00,557622.4
2023-01-06 04:00:00,557305.4
2023-01-06 05:00:00,577528.7
2023-01-06 06:00:00,611120.5
2023-01-06 07:00:00,661990.8
2023-01-06 08:00:00,720350.4
2023-01-06 09:00:00,775251.9
2023-01-06 10:00:00,815161.4
2023-01-06 11:00:00,851096.6
2023-01-06 12:00:00,869770.1
2023-01-06 13:00:00,858070.9
2023-01-06 14:00:00,852800.4
2023-01-06 15:00:00,859399.5
2023-01-06 16:00:00,889954.0
2023-01-06 17:00:00,918548.3
2023-01-06 18:00:00,962016.8
2023-01-06 19:00:00,944088.2
2023-01-06 20:00:00,915921.1
2023-01-06 21:00:00,876226.5
2023-01-06 22:00:00,819059.9
2023-01-06 23:00:00,750433.2
2023-01-07 00:00:00,683143.0
2023-01-07 01:00:00,629414.9
2023-01-07 02:00:00,591593.4
2023-01-07 03:00:00,568684.0
2023-01-07 04:00:00,560907.9
2023-01-07 05:00:00,568343.2
2023-01-07 06:00:00,589908.7
2023-01-07 07:00:00,629536.0
2023-01-07 08:00:00,691700.3
2023-01-07 09:00:00,760446.1
2023-01-07 10:00:00,822814.8
2023-01-07 11:00:00,878807.5
2023-01-07 12:00:00,905599.9
2023-01-07 13:00:00,906498.6
2023-01-07 14:00:00,886815.2
2023-01-07 15:00:00,876742.4
2023-01-07 16:00:00,912200.5
2023-01-07 17:00:00,1001617.8
2023-01-07 18:00:00,1023663.5
2023-01-07 19:00:00,1000968.8
2023-01-07 20:00:00,969232.7
2023-01-07 21:00:00,929474.8
2023-01-07 22:00:00,873412.1
2023-01-07 23:00:00,802194.0
2023-01-08 00:00:00,734239.4
2023-01-08 01:00:00,680358.8
2023-01-08 02:00:00,643818.4
2023-01-08 03:00:00,621975.6
2023-01-08 04:00:00,613789.5
2023-01-08 05:00:00,619723.4
2023-01-08 06:00:00,637830.3
2023-01-08 07:00:00,673410.8
2023-01-08 08:00:00,732446.8
2023-01-08 09:00:00,802011.4
2023-01-08 10:00:00,861958.5
2023-01-08 11:00:00,923395.8
2023-01-08 12:00:00,958872.2
2023-01-08 13:00:00,965129.2
2023-01-08 14:00:00,964248.5
2023-01-08 15:00:00,969088.3
2023-01-08 16:00:00,1004256.0
2023-01-08 17:00:00,1083020.6
2023-01-08 18:00:00,1091262.8
2023-01-08 19:00:00,1062432.4
2023-01-08 20:00:00,1024323.4
2023-01-08 21:00:00,965556.1
2023-01-08 22:00:00,881862.1
2023-01-08 23:00:00,786000.7
2023-01-09 00:00:00,704545.9
2023-01-09 01:00:00,650292.0
2023-01-09 02:00:00,619227.0
2023-01-09 03:00:00,603918.4
2023-01-09 04:00:00,606296.5
2023-01-09 05:00:00,631362.8
2023-01-09 06:00:00,683090.3
2023-01-09 07:00:00,764052.1
2023-01-09 08:00:00,796507.5
2023-01-09 09:00:00,818817.1
2023-01-09 10:00:00,847127.1
2023-01-09 11:00:00,872702.0
2023-01-09 12:00:00,889582.0
2023-01-09 13:00:00,883975.1
2023-01-09 14:00:00,878784.6
2023-01-09 15:00:00,894617.6
2023-01-09 16:00:00,954260.1
2023-01-09 17:00:00,1026675.7
2023-01-09 18:00:00,1037789.7
2023-01-09 19:00:00,1019080.6
2023-01-09 20:00:00,984730.6
2023-01-09 21:00:00,928574.1
2023-01-09 22:00:00,845582.1
2023-01-09 23:00:00,750537.9
2023-01-10 00:00:00,677164.3
2023-01-10 01:00:00,627955.5
2023-01-10 02:00:00,600513.5
2023-01-10 03:00:00,586873.8
2023-01-10 04:00:00,589973.4
2023-01-10 05:00:00,617073.8
2023-01-10 06:00:00,667880.4
2023-01-10 07:00:00,746313.1
2023-01-10 08:00:00,781052.8
2023-01-10 09:00:00,806030.6
2023-01-10 10:00:00,833595.2
2023-01-10 11:00:00,860657.9
2023-01-10 12:00:00,874024.0
2023-01-10 13:00:00,865197.6
2023-01-10 14:00:00,859148.9
2023-01-10 15:00:00,872003.0
2023-01-10 16:00:00,926369.6
2023-01-10 17:00:00,1004431.4
2023-01-10 18:00:00,1024648.0
2023-01-10 19:00:00,1012439.6
2023-01-10 20:00:00,982725.8
2023-01-10 21:00:00,931491.0
2023-01-10 22:00:00,854367.2
2023-01-10 23:00:00,765133.1
2023-01-11 00:00:00,693589.4
2023-01-11 01:00:00,648267.1
2023-01-11 02:00:00,624065.6
2023-01-11 03:00:00,613689.7
2023-01-11 04:00:00,620959.2
2023-01-11 05:00:00,648922.2
2023-01-11 06:00:00,701524.3
2023-01-11 07:00:00,782893.1
2023-01-11 08:00:00,824324.9
2023-01-11 09:00:00,856166.1
2023-01-11 10:00:00,886107.7
2023-01-11 11:00:00,911325.5
2023-01-11 12:00:00,922884.2
2023-01-11 13:00:00,914114.0
2023-01-11 14:00:00,907124.5
2023-01-11 15:00:00,920824.6
2023-01-11 16:00:00,965282.9
2023-01-11 17:00:00,1035555.5
2023-01-11 18:00:00,1049936.7
2023-01-11 19:00:00,1036504.0
2023-01-11 20:00:00,1001613.7
2023-01-11 21:00:00,947526.5
2023-01-11 22:00:00,864538.7
2023-01-11 23:00:00,771078.0
2023-01-12 00:00:00,693082.5
2023-01-12 01:00:00,640737.8
2023-01-12 02:00:00,611980.7
2023-01-12 03:00:00,597941.1
2023-01-12 04:00:00,596441.4
2023-01-12 05:00:00,618810.2
2023-01-12 06:00:00,665715.9
2023-01-12 07:00:00,742332.0
2023-01-12 08:00:00,776017.0
2023-01-12 09:00:00,801177.5
2023-01-12 10:00:00,830917.9
2023-01-12 11:00:00,854563.7
2023-01-12 12:00:00,866433.5
2023-01-12 13:00:00,858689.8
2023-01-12 14:00:00,854149.7
2023-01-12 15:00:00,866732.5
2023-01-12 16:00:00,912830.1
2023-01-12 17:00:00,980089.8
2023-01-12 18:00:00,995980.8
2023-01-12 19:00:00,985290.4
2023-01-12 20:00:00,959391.5
2023-01-12 21:00:00,917007.0
2023-01-12 22:00:00,846749.8
2023-01-12 23:00:00,760516.2
2023-01-13 00:00:00,693330.5
2023-01-13 01:00:00,646922.0
2023-01-13 02:00:00,622534.3
2023-01-13 03:00:00,610475.0
2023-01-13 04:00:00,614318.9
2023-01-13 05:00:00,642006.2
2023-01-13 06:00:00,686397.5
2023-01-13 07:00:00,754553.5
2023-01-13 08:00:00,814705.1
2023-01-13 09:00:00,860191.8
2023-01-13 10:00:00,900425.6
2023-01-13 11:00:00,935352.7
2023-01-13 12:00:00,950314.6
2023-01-13 13:00:00,939595.6
2023-01-13 14:00:00,929451.4
2023-01-13 15:00:00,939781.8
2023-01-13 16:00:00,977824.4
2023-01-13 17:00:00,1045304.4
2023-01-13 18:00:00,1063696.3
2023-01-13 19:00:00,1048689.1
2023-01-13 20:00:00,1022067.5
2023-01-13 21:00:00,980736.2
2023-01-13 22:00:00,917410.2
2023-01-13 23:00:00,847591.9
2023-01-14 00:00:00,779920.5
2023-01-14 01:00:00,728509.9
2023-01-14 02:00:00,696706.2
2023-01-14 03:00:00,676223.8
2023-01-14 04:00:00,671844.3
2023-01-14 05:00:00,681487.1
2023-01-14 06:00:00,706736.2
2023-01-14 07:00:00,757704.3
2023-01-14 08:00:00,831289.4
2023-01-14 09:00:00,907605.5
2023-01-14 10:00:00,963094.4
2023-01-14 11:00:00,1000075.1
2023-01-14 12:00:00,998243.6
2023-01-14 13:00:00,980450.2
2023-01-14 14:00:00,963478.1
2023-01-14 15:00:00,959932.8
2023-01-14 16:00:00,991407.0
2023-01-14 17:00:00,1074633.4
2023-01-14 18:00:00,1098592.2
2023-01-14 19:00:00,1068701.4
2023-01-14 20:00:00,1032873.3
2023-01-14 21:00:00,986129.7
2023-01-14 22:00:00,928344.9
2023-01-14 23:00:00,858114.4
2023-01-15 00:00:00,789413.6
2023-01-15 01:00:00,737995.0
2023-01-15 02:00:00,703063.4
2023-01-15 03:00:00,683507.8
2023-01-15 04:00:00,676739.2
2023-01-15 05:00:00,684026.8
2023-01-15 06:00:00,703951.0
2023-01-15 07:00:00,744078.3
2023-01-15 08:00:00,802155.7
2023-01-15 09:00:00,856300.4
2023-01-15 10:00:00,900129.1
2023-01-15 11:00:00,938795.3
2023-01-15 12:00:00,958073.4
2023-01-15 13:00:00,950196.4
2023-01-15 14:00:00,938186.0
2023-01-15 15:00:00,942671.2000000001
2023-01-15 16:00:00,982888.2
2023-01-15 17:00:00,1090720.1
2023-01-15 18:00:00,1117808.5
2023-01-15 19:00:00,1088294.1
2023-01-15 20:00:00,1050363.3
2023-01-15 21:00:00,991466.3
2023-01-15 22:00:00,906669.5
2023-01-15 23:00:00,811063.6
2023-01-16 00:00:00,731787.9
2023-01-16 01:00:00,679157.2
2023-01-16 02:00:00,650848.4
2023-01-16 03:00:00,639574.6
2023-01-16 04:00:00,643981.9
2023-01-16 05:00:00,671504.6
2023-01-16 06:00:00,724465.2
2023-01-16 07:00:00,809330.9
2023-01-16 08:00:00,835798.4
2023-01-16 09:00:00,841336.0
2023-01-16 10:00:00,857970.2
2023-01-16 11:00:00,869983.2
2023-01-16 12:00:00,873781.1
2023-01-16 13:00:00,851239.2
2023-01-16 14:00:00,843508.5
2023-01-16 15:00:00,850179.5
2023-01-16 16:00:00,908119.2
2023-01-16 17:00:00,1009551.7
2023-01-16 18:00:00,1048352.1
2023-01-16 19:00:00,1033643.9
2023-01-16 20:00:00,1002111.8
2023-01-16 21:00:00,946889.1
2023-01-16 22:00:00,862868.0
2023-01-16 23:00:00,769369.5
2023-01-17 00:00:00,697265.1
2023-01-17 01:00:00,651306.1
2023-01-17 02:00:00,621654.7
2023-01-17 03:00:00,606226.3
2023-01-17 04:00:00,606570.7
2023-01-17 05:00:00,631237.0
2023-01-17 06:00:00,681739.1
2023-01-17 07:00:00,760460.5
2023-01-17 08:00:00,795419.5
2023-01-17 09:00:00,819959.7
2023-01-17 10:00:00,850960.6
2023-01-17 11:00:00,875631.1
2023-01-17 12:00:00,887338.2
2023-01-17 13:00:00,872607.0
2023-01-17 14:00:00,858979.7
2023-01-17 15:00:00,871440.5
2023-01-17 16:00:00,919480.1
2023-01-17 17:00:00,990820.1
2023-01-17 18:00:00,1004923.0
2023-01-17 19:00:00,985536.0
2023-01-17 20:00:00,955667.4
2023-01-17 21:00:00,900578.3
2023-01-17 22:00:00,817838.9
2023-01-17 23:00:00,729115.7
2023-01-18 00:00:00,655374.2
2023-01-18 01:00:00,608867.1
2023-01-18 02:00:00,580771.8
2023-01-18 03:00:00,568385.6
2023-01-18 04:00:00,569523.6
2023-01-18 05:00:00,595548.1
2023-01-18 06:00:00,647412.1
2023-01-18 07:00:00,725260.2
2023-01-18 08:00:00,766326.2
2023-01-18 09:00:00,789932.3
2023-01-18 10:00:00,814610.3
2023-01-18 11:00:00,833922.0
2023-01-18 12:00:00,839374.5
2023-01-18 13:00:00,825945.7
2023-01-18 14:00:00,824827.1
2023-01-18 15:00:00,843856.7
2023-01-18 16:00:00,885743.4
2023-01-18 17:00:00,959680.7
2023-01-18 18:00:00,981633.1
2023-01-18 19:00:00,968429.2000000001
2023-01-18 20:00:00,941947.7
2023-01-18 21:00:00,895319.4
2023-01-18 22:00:00,817599.4
2023-01-18 23:00:00,729420.9
2023-01-19 00:00:00,656001.6
2023-01-19 01:00:00,606318.7
2023-01-19 02:00:00,580252.3
2023-01-19 03:00:00,570157.8
2023-01-19 04:00:00,575180.6
2023-01-19 05:00:00,605534.4
2023-01-19 06:00:00,661751.9
2023-01-19 07:00:00,743464.8
2023-01-19 08:00:00,787810.8
2023-01-19 09:00:00,820775.0
2023-01-19 10:00:00,858100.1
2023-01-19 11:00:00,891546.1
2023-01-19 12:00:00,909948.0
2023-01-19 13:00:00,905678.0
2023-01-19 14:00:00,900512.9
2023-01-19 15:00:00,908901.3
2023-01-19 16:00:00,948124.8
2023-01-19 17:00:00,1005773.7
2023-01-19 18:00:00,1017592.1
2023-01-19 19:00:00,998203.3
2023-01-19 20:00:00,969520.2
2023-01-19 21:00:00,917525.0
2023-01-19 22:00:00,835678.0
2023-01-19 23:00:00,746077.1
2023-01-20 00:00:00,673353.6
2023-01-20 01:00:00,623793.5
2023-01-20 02:00:00,594803.6
2023-01-20 03:00:00,580363.6
2023-01-20 04:00:00,581427.6
2023-01-20 05:00:00,606224.3
2023-01-20 06:00:00,653316.8
2023-01-20 07:00:00,727784.5
2023-01-20 08:00:00,773024.8
2023-01-20 09:00:00,807515.5
2023-01-20 10:00:00,839478.9
2023-01-20 11:00:00,866014.2
2023-01-20 12:00:00,882398.9
2023-01-20 13:00:00,879858.6
2023-01-20 14:00:00,873987.7
2023-01-20 15:00:00,881820.4
2023-01-20 16:00:00,925852.7
2023-01-20 17:00:00,985373.6
2023-01-20 18:00:00,997778.8
2023-01-20 19:00:00,985742.1
2023-01-20 20:00:00,963597.6
2023-01-20 21:00:00,921733.2
2023-01-20 22:00:00,861920.3
2023-01-20 23:00:00,785120.7
2023-01-21 00:00:00,715905.1
2023-01-21 01:00:00,664664.4
2023-01-21 02:00:00,629011.7
2023-01-21 03:00:00,608097.0
2023-01-21 04:00:00,602513.4
2023-01-21 05:00:00,610634.0
2023-01-21 06:00:00,636396.1
2023-01-21 07:00:00,686392.1
2023-01-21 08:00:00,760798.0
2023-01-21 09:00:00,836702.9
2023-01-21 10:00:00,900655.4
2023-01-21 11:00:00,950174.1
2023-01-21 12:00:00,972479.9
2023-01-21 13:00:00,973264.8
2023-01-21 14:00:00,964070.0
2023-01-21 15:00:00,965988.3
2023-01-21 16:00:00,989013.3
2023-01-21 17:00:00,1032854.8
2023-01-21 18:00:00,1030971.1
2023-01-21 19:00:00,993700.5
2023-01-21 20:00:00,958139.3
2023-01-21 21:00:00,915069.8
2023-01-21 22:00:00,856760.1
2023-01-21 23:00:00,788160.2
2023-01-22 00:00:00,722173.0
2023-01-22 01:00:00,666715.5
2023-01-22 02:00:00,629053.1
2023-01-22 03:00:00,604751.5
2023-01-22 04:00:00,596296.3
2023-01-22 05:00:00,598222.9
2023-01-22 06:00:00,615677.3
2023-01-22 07:00:00,652998.0
2023-01-22 08:00:00,718066.0
2023-01-22 09:00:00,791495.7
2023-01-22 10:00:00,859932.7
2023-01-22 11:00:00,919147.8
2023-01-22 12:00:00,951774.0
2023-01-22 13:00:00,950088.8
2023-01-22 14:00:00,952604.2
2023-01-22 15:00:00,964917.2
2023-01-22 16:00:00,995771.3
2023-01-22 17:00:00,1058641.4
2023-01-22 18:00:00,1070190.2
2023-01-22 19:00:00,1038022.7
2023-01-22 20:00:00,999642.2
2023-01-22 21:00:00,947180.7
2023-01-22 22:00:00,868491.2
2023-01-22 23:00:00,776663.8
2023-01-23 00:00:00,698058.1
2023-01-23 01:00:00,644432.6
2023-01-23 02:00:00,615413.8
2023-01-23 03:00:00,603374.3
2023-01-23 04:00:00,605261.3
2023-01-23 05:00:00,632019.2
2023-01-23 06:00:00,685483.7
2023-01-23 07:00:00,764426.6
2023-01-23 08:00:00,796960.1
2023-01-23 09:00:00,815454.5
2023-01-23 10:00:00,828789.6
2023-01-23 11:00:00,842771.5
2023-01-23 12:00:00,864190.4
2023-01-23 13:00:00,860617.0
2023-01-23 14:00:00,856479.9
2023-01-23 15:00:00,867220.7
2023-01-23 16:00:00,914271.2
2023-01-23 17:00:00,993541.3
2023-01-23 18:00:00,1023038.9
2023-01-23 19:00:00,1011364.6
2023-01-23 20:00:00,979228.6
2023-01-23 21:00:00,929523.8
2023-01-23 22:00:00,849623.6
2023-01-23 23:00:00,759732.9
2023-01-24 00:00:00,683911.2
2023-01-24 01:00:00,639615.8
2023-01-24 02:00:00,615672.1
2023-01-24 03:00:00,604741.9
2023-01-24 04:00:00,612495.3
2023-01-24 05:00:00,638771.8
2023-01-24 06:00:00,686551.4
2023-01-24 07:00:00,767494.0
2023-01-24 08:00:00,799136.0
2023-01-24 09:00:00,815392.4
2023-01-24 10:00:00,835929.1
2023-01-24 11:00:00,858980.2
2023-01-24 12:00:00,874584.3
2023-01-24 13:00:00,871644.7
2023-01-24 14:00:00,865673.2
2023-01-24 15:00:00,874819.5
2023-01-24 16:00:00,917999.7
2023-01-24 17:00:00,984108.6
2023-01-24 18:00:00,1014870.3
2023-01-24 19:00:00,1004447.0
2023-01-24 20:00:00,977904.2
2023-01-24 21:00:00,928387.7
2023-01-24 22:00:00,848275.0
2023-01-24 23:00:00,763078.1
2023-01-25 00:00:00,692026.7
2023-01-25 01:00:00,643582.0
2023-01-25 02:00:00,615919.3
2023-01-25 03:00:00,601125.6
2023-01-25 04:00:00,602369.8
2023-01-25 05:00:00,629480.2
2023-01-25 06:00:00,677917.8
2023-01-25 07:00:00,755064.5
2023-01-25 08:00:00,794696.1
2023-01-25 09:00:00,828183.7
2023-01-25 10:00:00,865205.8
2023-01-25 11:00:00,900760.6
2023-01-25 12:00:00,927663.4
2023-01-25 13:00:00,923863.6
2023-01-25 14:00:00,919993.0
2023-01-25 15:00:00,928425.5
2023-01-25 16:00:00,969862.4
2023-01-25 17:00:00,1042617.3
2023-01-25 18:00:00,1076867.7
2023-01-25 19:00:00,1060959.9
2023-01-25 20:00:00,1020797.8
2023-01-25 21:00:00,958929.6
2023-01-25 22:00:00,867275.9
2023-01-25 23:00:00,771446.3
2023-01-26 00:00:00,697729.5
2023-01-26 01:00:00,647217.2
2023-01-26 02:00:00,622834.2
2023-01-26 03:00:00,620971.7
2023-01-26 04:00:00,628575.1
2023-01-26 05:00:00,656074.0
2023-01-26 06:00:00,702674.9
2023-01-26 07:00:00,777517.0
2023-01-26 08:00:00,817711.4
2023-01-26 09:00:00,848961.0
2023-01-26 10:00:00,880210.8
2023-01-26 11:00:00,906679.8
2023-01-26 12:00:00,913390.5
2023-01-26 13:00:00,893866.5
2023-01-26 14:00:00,867209.3
2023-01-26 15:00:00,865180.9
2023-01-26 16:00:00,916029.3
2023-01-26 17:00:00,1003040.0
2023-01-26 18:00:00,1034343.9
2023-01-26 19:00:00,1023136.2
2023-01-26 20:00:00,994814.2
2023-01-26 21:00:00,944712.1
2023-01-26 22:00:00,868592.2
2023-01-26 23:00:00,779992.7
2023-01-27 00:00:00,710037.6
2023-01-27 01:00:00,657407.3
2023-01-27 02:00:00,628600.2
2023-01-27 03:00:00,614022.6
2023-01-27 04:00:00,615872.4
2023-01-27 05:00:00,641888.7
2023-01-27 06:00:00,688971.3
2023-01-27 07:00:00,763576.1
2023-01-27 08:00:00,799624.2
2023-01-27 09:00:00,821932.6
2023-01-27 10:00:00,854479.6
2023-01-27 11:00:00,881177.5
2023-01-27 12:00:00,887810.1
2023-01-27 13:00:00,891510.3
2023-01-27 14:00:00,896422.2
2023-01-27 15:00:00,910547.7
2023-01-27 16:00:00,950450.0
2023-01-27 17:00:00,1005579.1
2023-01-27 18:00:00,1027568.8
2023-01-27 19:00:00,1015447.3
2023-01-27 20:00:00,995785.3
2023-01-27 21:00:00,954700.2
2023-01-27 22:00:00,887739.8
2023-01-27 23:00:00,808301.3
2023-01-28 00:00:00,740658.2
2023-01-28 01:00:00,679997.0
2023-01-28 02:00:00,641243.0
2023-01-28 03:00:00,619450.4
2023-01-28 04:00:00,614053.6
2023-01-28 05:00:00,626731.7
2023-01-28 06:00:00,650870.3
2023-01-28 07:00:00,700248.8
2023-01-28 08:00:00,769683.0
2023-01-28 09:00:00,836501.1
2023-01-28 10:00:00,894447.4
2023-01-28 11:00:00,940714.3
2023-01-28 12:00:00,963968.7
2023-01-28 13:00:00,954299.5
2023-01-28 14:00:00,935681.1
2023-01-28 15:00:00,925309.3
2023-01-28 16:00:00,947491.1
2023-01-28 17:00:00,1010857.1
2023-01-28 18:00:00,1036094.1
2023-01-28 19:00:00,1006138.0
2023-01-28 20:00:00,966409.8
2023-01-28 21:00:00,922132.0
2023-01-28 22:00:00,865616.0
2023-01-28 23:00:00,796267.3
2023-01-29 00:00:00,734313.0
2023-01-29 01:00:00,683820.7
2023-01-29 02:00:00,649266.7
2023-01-29 03:00:00,626589.9
2023-01-29 04:00:00,616002.6
2023-01-29 05:00:00,625171.6
2023-01-29 06:00:00,646100.4
2023-01-29 07:00:00,682266.8
2023-01-29 08:00:00,745169.5
2023-01-29 09:00:00,815168.7
2023-01-29 10:00:00,882761.1
2023-01-29 11:00:00,941158.7
2023-01-29 12:00:00,968061.4
2023-01-29 13:00:00,978423.2
2023-01-29 14:00:00,969491.6
2023-01-29 15:00:00,967613.7
2023-01-29 16:00:00,998925.3
2023-01-29 17:00:00,1074692.4
2023-01-29 18:00:00,1114423.9
2023-01-29 19:00:00,1086024.4
2023-01-29 20:00:00,1046609.5
2023-01-29 21:00:00,990797.6
2023-01-29 22:00:00,906869.9
2023-01-29 23:00:00,810075.9
2023-01-30 00:00:00,734055.7
2023-01-30 01:00:00,684763.7
2023-01-30 02:00:00,657399.6
2023-01-30 03:00:00,646371.8
2023-01-30 04:00:00,649983.8
2023-01-30 05:00:00,675609.8
2023-01-30 06:00:00,728985.8
2023-01-30 07:00:00,808566.1
2023-01-30 08:00:00,846619.2
2023-01-30 09:00:00,872071.3
2023-01-30 10:00:00,902075.2
2023-01-30 11:00:00,925010.7
2023-01-30 12:00:00,929238.6
2023-01-30 13:00:00,912437.8
2023-01-30 14:00:00,906950.1
2023-01-30 15:00:00,916579.5
2023-01-30 16:00:00,961363.8
2023-01-30 17:00:00,1039191.7
2023-01-30 18:00:00,1082364.1
2023-01-30 19:00:00,1070321.9
2023-01-30 20:00:00,1038894.3
2023-01-30 21:00:00,987825.8
2023-01-30 22:00:00,904219.6
2023-01-30 23:00:00,815020.6
2023-01-31 00:00:00,744297.2
2023-01-31 01:00:00,697202.0
2023-01-31 02:00:00,671172.6
2023-01-31 03:00:00,661646.0
2023-01-31 04:00:00,667781.2
2023-01-31 05:00:00,697409.2
2023-01-31 06:00:00,752322.5
2023-01-31 07:00:00,833686.7
2023-01-31 08:00:00,856185.0
2023-01-31 09:00:00,863467.9
2023-01-31 10:00:00,878969.9
2023-01-31 11:00:00,899322.4
2023-01-31 12:00:00,912030.5
2023-01-31 13:00:00,902281.5
2023-01-31 14:00:00,896918.2
2023-01-31 15:00:00,909634.0
2023-01-31 16:00:00,953195.5
2023-01-31 17:00:00,1039293.5
2023-01-31 18:00:00,1095050.5
2023-01-31 19:00:00,1090381.1
2023-01-31 20:00:00,1062385.0
2023-01-31 21:00:00,1010761.6
2023-01-31 22:00:00,929717.3
2023-01-31 23:00:00,843419.4
2023-02-01 00:00:00,770072.0
2023-02-01 01:00:00,722898.1
2023-02-01 02:00:00,698557.8
2023-02-01 03:00:00,689345.4
2023-02-01 04:00:00,694823.7
2023-02-01 05:00:00,722985.7
2023-02-01 06:00:00,775488.2
2023-02-01 07:00:00,855014.9
2023-02-01 08:00:00,886311.0
2023-02-01 09:00:00,906249.1
2023-02-01 10:00:00,924185.6
2023-02-01 11:00:00,934310.9
2023-02-01 12:00:00,946065.3
2023-02-01 13:00:00,931495.9
2023-02-01 14:00:00,919480.7
2023-02-01 15:00:00,924770.2
2023-02-01 16:00:00,961661.1
2023-02-01 17:00:00,1043538.1
2023-02-01 18:00:00,1100504.4
2023-02-01 19:00:00,1095378.1
2023-02-01 20:00:00,1071019.9
2023-02-01 21:00:00,1017200.6
2023-02-01 22:00:00,931395.1
2023-02-01 23:00:00,841168.3
2023-02-02 00:00:00,765989.5
2023-02-02 01:00:00,715104.2
2023-02-02 02:00:00,685580.8
2023-02-02 03:00:00,673682.0
2023-02-02 04:00:00,677088.4
2023-02-02 05:00:00,704762.8
2023-02-02 06:00:00,753143.2
2023-02-02 07:00:00,831293.7
2023-02-02 08:00:00,860904.7
2023-02-02 09:00:00,881282.7
2023-02-02 10:00:00,910058.7
2023-02-02 11:00:00,912157.0
2023-02-02 12:00:00,906944.0
2023-02-02 13:00:00,883059.9
2023-02-02 14:00:00,859640.2
2023-02-02 15:00:00,885388.5
2023-02-02 16:00:00,941076.7
2023-02-02 17:00:00,1024277.2
2023-02-02 18:00:00,1063644.8
2023-02-02 19:00:00,1068543.8
2023-02-02 20:00:00,1054544.1
2023-02-02 21:00:00,1014678.1
2023-02-02 22:00:00,938106.8
2023-02-02 23:00:00,857098.2
2023-02-03 00:00:00,785392.0
2023-02-03 01:00:00,740654.6
2023-02-03 02:00:00,718399.3
2023-02-03 03:00:00,711836.6
2023-02-03 04:00:00,721048.6
2023-02-03 05:00:00,753069.1
2023-02-03 06:00:00,810859.1
2023-02-03 07:00:00,901990.5
2023-02-03 08:00:00,943074.8
2023-02-03 09:00:00,969356.6
2023-02-03 10:00:00,1001566.5
2023-02-03 11:00:00,1028206.2
2023-02-03 12:00:00,1040897.8
2023-02-03 13:00:00,1034710.4
2023-02-03 14:00:00,1034040.1
2023-02-03 15:00:00,1043376.6
2023-02-03 16:00:00,1085883.6
2023-02-03 17:00:00,1160064.4
2023-02-03 18:00:00,1208768.6
2023-02-03 19:00:00,1199676.1
2023-02-03 20:00:00,1176677.7
2023-02-03 21:00:00,1134212.3
2023-02-03 22:00:00,1067857.8
2023-02-03 23:00:00,991005.0
2023-02-04 00:00:00,922189.1
2023-02-04 01:00:00,871047.4
2023-02-04 02:00:00,836643.3
2023-02-04 03:00:00,817917.1
2023-02-04 04:00:00,811299.9
2023-02-04 05:00:00,818566.4
2023-02-04 06:00:00,840911.7
2023-02-04 07:00:00,892537.6
2023-02-04 08:00:00,971892.4
2023-02-04 09:00:00,1047624.8
2023-02-04 10:00:00,1107003.6
2023-02-04 11:00:00,1153301.6
2023-02-04 12:00:00,1171089.3
2023-02-04 13:00:00,1153717.9
2023-02-04 14:00:00,1125882.2
2023-02-04 15:00:00,1112116.7
2023-02-04 16:00:00,1109899.8
2023-02-04 17:00:00,1156733.2
2023-02-04 18:00:00,1184397.3
2023-02-04 19:00:00,1144302.8
2023-02-04 20:00:00,1091656.4
2023-02-04 21:00:00,1037332.5
2023-02-04 22:00:00,961743.6
2023-02-04 23:00:00,881154.1
2023-02-05 00:00:00,807844.5
2023-02-05 01:00:00,750216.8
2023-02-05 02:00:00,711945.9
2023-02-05 03:00:00,686316.8
2023-02-05 04:00:00,674113.5
2023-02-05 05:00:00,676682.0
2023-02-05 06:00:00,693605.7
2023-02-05 07:00:00,732731.3
2023-02-05 08:00:00,792437.6
2023-02-05 09:00:00,849463.3
2023-02-05 10:00:00,887458.2
2023-02-05 11:00:00,943845.6
2023-02-05 12:00:00,970996.8
2023-02-05 13:00:00,962551.5
2023-02-05 14:00:00,955854.8
2023-02-05 15:00:00,964849.1
2023-02-05 16:00:00,1003815.6
2023-02-05 17:00:00,1066301.0
2023-02-05 18:00:00,1087470.9
2023-02-05 19:00:00,1055614.4
2023-02-05 20:00:00,1014037.8
2023-02-05 21:00:00,955024.7
2023-02-05 22:00:00,868786.8
2023-02-05 23:00:00,769782.2
2023-02-06 00:00:00,694911.0
2023-02-06 01:00:00,647208.1
2023-02-06 02:00:00,619017.1
2023-02-06 03:00:00,604003.3
2023-02-06 04:00:00,608271.0
2023-02-06 05:00:00,641823.0
2023-02-06 06:00:00,696510.9
2023-02-06 07:00:00,780618.4
2023-02-06 08:00:00,822116.2
2023-02-06 09:00:00,846159.4
2023-02-06 10:00:00,867809.2
2023-02-06 11:00:00,881040.0
2023-02-06 12:00:00,881494.0
2023-02-06 13:00:00,857836.0
2023-02-06 14:00:00,841504.2
2023-02-06 15:00:00,850054.1
2023-02-06 16:00:00,893368.6
2023-02-06 17:00:00,978096.0
2023-02-06 18:00:00,1041924.6
2023-02-06 19:00:00,1035801.7
2023-02-06 20:00:00,1007508.3
2023-02-06 21:00:00,950552.1
2023-02-06 22:00:00,866024.7
2023-02-06 23:00:00,771326.8
2023-02-07 00:00:00,699650.0
2023-02-07 01:00:00,652388.5
2023-02-07 02:00:00,626089.2
2023-02-07 03:00:00,613046.0
2023-02-07 04:00:00,616064.0
2023-02-07 05:00:00,643697.1
2023-02-07 06:00:00,696519.7
2023-02-07 07:00:00,778653.8
2023-02-07 08:00:00,794113.2
2023-02-07 09:00:00,811405.0
2023-02-07 10:00:00,850524.6
2023-02-07 11:00:00,883452.6
2023-02-07 12:00:00,881902.1
2023-02-07 13:00:00,851842.3
2023-02-07 14:00:00,829409.2
2023-02-07 15:00:00,827385.1
2023-02-07 16:00:00,857011.2
2023-02-07 17:00:00,941002.4
2023-02-07 18:00:00,988977.3
2023-02-07 19:00:00,981495.5
2023-02-07 20:00:00,951359.2
2023-02-07 21:00:00,900185.3
2023-02-07 22:00:00,819741.4
2023-02-07 23:00:00,732807.3
2023-02-08 00:00:00,657280.1
2023-02-08 01:00:00,609564.4
2023-02-08 02:00:00,583369.4
2023-02-08 03:00:00,571923.9
2023-02-08 04:00:00,577733.7
2023-02-08 05:00:00,607234.2
2023-02-08 06:00:00,659088.8
2023-02-08 07:00:00,738019.9
2023-02-08 08:00:00,762366.4
2023-02-08 09:00:00,781563.0
2023-02-08 10:00:00,797206.8
2023-02-08 11:00:00,801160.6
2023-02-08 12:00:00,803341.0
2023-02-08 13:00:00,783256.1
2023-02-08 14:00:00,765840.6
2023-02-08 15:00:00,769125.4
2023-02-08 16:00:00,809468.3
2023-02-08 17:00:00,892799.9
2023-02-08 18:00:00,957430.3
2023-02-08 19:00:00,957004.4
2023-02-08 20:00:00,936018.7
2023-02-08 21:00:00,889063.8
2023-02-08 22:00:00,811373.0
2023-02-08 23:00:00,726984.3
2023-02-09 00:00:00,655518.1
2023-02-09 01:00:00,610199.0
2023-02-09 02:00:00,584326.6
2023-02-09 03:00:00,572446.9
2023-02-09 04:00:00,575867.7
2023-02-09 05:00:00,602158.2
2023-02-09 06:00:00,655214.5
2023-02-09 07:00:00,740958.6
2023-02-09 08:00:00,780959.5
2023-02-09 09:00:00,809020.0
2023-02-09 10:00:00,846602.8
2023-02-09 11:00:00,882406.1
2023-02-09 12:00:00,901867.9
2023-02-09 13:00:00,892425.3
2023-02-09 14:00:00,880011.5
2023-02-09 15:00:00,882494.6
2023-02-09 16:00:00,916769.4
2023-02-09 17:00:00,973859.5
2023-02-09 18:00:00,994468.4
2023-02-09 19:00:00,982059.0
2023-02-09 20:00:00,949568.9
2023-02-09 21:00:00,895137.6
2023-02-09 22:00:00,817847.5
2023-02-09 23:00:00,727272.3
2023-02-10 00:00:00,657553.3
2023-02-10 01:00:00,609218.6
2023-02-10 02:00:00,581845.5
2023-02-10 03:00:00,569568.6
2023-02-10 04:00:00,574874.3
2023-02-10 05:00:00,601140.0
2023-02-10 06:00:00,652599.0
2023-02-10 07:00:00,729848.6
2023-02-10 08:00:00,764028.1
2023-02-10 09:00:00,794667.4
2023-02-10 10:00:00,827740.8
2023-02-10 11:00:00,855050.9
2023-02-10 12:00:00,877372.3
2023-02-10 13:00:00,868238.7
2023-02-10 14:00:00,858951.2
2023-02-10 15:00:00,872590.4
2023-02-10 16:00:00,894306.1
2023-02-10 17:00:00,944964.0
2023-02-10 18:00:00,989939.8
2023-02-10 19:00:00,984184.9
2023-02-10 20:00:00,963972.1
2023-02-10 21:00:00,922526.4
2023-02-10 22:00:00,865366.1
2023-02-10 23:00:00,795565.7
2023-02-11 00:00:00,733984.8
2023-02-11 01:00:00,684787.8
2023-02-11 02:00:00,651859.9
2023-02-11 03:00:00,630757.2
2023-02-11 04:00:00,625483.8
2023-02-11 05:00:00,635352.1
2023-02-11 06:00:00,662212.0
2023-02-11 07:00:00,713387.1
2023-02-11 08:00:00,775203.8
2023-02-11 09:00:00,827197.2
2023-02-11 10:00:00,880212.3
2023-02-11 11:00:00,934381.7
2023-02-11 12:00:00,952542.2
2023-02-11 13:00:00,926794.1
2023-02-11 14:00:00,896640.5
2023-02-11 15:00:00,885511.5
2023-02-11 16:00:00,898920.9
2023-02-11 17:00:00,958920.8
2023-02-11 18:00:00,1014352.3
2023-02-11 19:00:00,996328.5
2023-02-11 20:00:00,961768.5
2023-02-11 21:00:00,914836.8
2023-02-11 22:00:00,852872.4
2023-02-11 23:00:00,780945.7
2023-02-12 00:00:00,713102.2
2023-02-12 01:00:00,662261.0
2023-02-12 02:00:00,628066.8
2023-02-12 03:00:00,608643.0
2023-02-12 04:00:00,601903.9
2023-02-12 05:00:00,608373.3
2023-02-12 06:00:00,629291.5
2023-02-12 07:00:00,670547.2
2023-02-12 08:00:00,724092.8
2023-02-12 09:00:00,775208.4
2023-02-12 10:00:00,820218.2
2023-02-12 11:00:00,857677.4
2023-02-12 12:00:00,869555.4
2023-02-12 13:00:00,859400.5
2023-02-12 14:00:00,846786.6
2023-02-12 15:00:00,845178.9
2023-02-12 16:00:00,872242.0
2023-02-12 17:00:00,947281.1
2023-02-12 18:00:00,1014722.7
2023-02-12 19:00:00,989741.7
2023-02-12 20:00:00,946521.2
2023-02-12 21:00:00,903964.3
2023-02-12 22:00:00,832923.6
2023-02-12 23:00:00,747658.2
2023-02-13 00:00:00,669738.0
2023-02-13 01:00:00,617262.3
2023-02-13 02:00:00,588051.1
2023-02-13 03:00:00,574516.0
2023-02-13 04:00:00,575448.9
2023-02-13 05:00:00,601012.6
2023-02-13 06:00:00,655031.3
2023-02-13 07:00:00,732694.3
2023-02-13 08:00:00,755403.7
2023-02-13 09:00:00,774497.6
2023-02-13 10:00:00,791940.3
2023-02-13 11:00:00,802230.9
2023-02-13 12:00:00,804922.8
2023-02-13 13:00:00,783971.6
2023-02-13 14:00:00,765943.0
2023-02-13 15:00:00,775040.9
2023-02-13 16:00:00,821733.6
2023-02-13 17:00:00,894259.7
2023-02-13 18:00:00,964871.5
2023-02-13 19:00:00,963580.7
2023-02-13 20:00:00,937807.6
2023-02-13 21:00:00,887447.3
2023-02-13 22:00:00,807314.2
2023-02-13 23:00:00,718145.3
2023-02-14 00:00:00,649249.5
2023-02-14 01:00:00,603422.1
2023-02-14 02:00:00,578641.0
2023-02-14 03:00:00,569608.2
2023-02-14 04:00:00,575644.6
2023-02-14 05:00:00,606931.7
2023-02-14 06:00:00,660699.3
2023-02-14 07:00:00,739359.0
2023-02-14 08:00:00,746732.2
2023-02-14 09:00:00,748752.5
2023-02-14 10:00:00,763000.7
2023-02-14 11:00:00,778079.3
2023-02-14 12:00:00,778446.5
2023-02-14 13:00:00,759999.9
2023-02-14 14:00:00,745735.2
2023-02-14 15:00:00,746911.5
2023-02-14 16:00:00,781653.7
2023-02-14 17:00:00,857554.2
2023-02-14 18:00:00,919998.8
2023-02-14 19:00:00,919802.1
2023-02-14 20:00:00,893860.8
2023-02-14 21:00:00,847655.4
2023-02-14 22:00:00,775634.3
2023-02-14 23:00:00,693778.6
2023-02-15 00:00:00,624751.4
2023-02-15 01:00:00,576740.7
2023-02-15 02:00:00,548798.8
2023-02-15 03:00:00,536842.5
2023-02-15 04:00:00,539914.7
2023-02-15 05:00:00,565034.6
2023-02-15 06:00:00,614745.6
2023-02-15 07:00:00,687015.9
2023-02-15 08:00:00,714312.4
2023-02-15 09:00:00,736851.6
2023-02-15 10:00:00,769350.5
2023-02-15 11:00:00,796829.2
2023-02-15 12:00:00,807382.2
2023-02-15 13:00:00,790523.6
2023-02-15 14:00:00,766005.0
2023-02-15 15:00:00,748697.9
2023-02-15 16:00:00,771088.0
2023-02-15 17:00:00,834563.0
2023-02-15 18:00:00,903809.1
2023-02-15 19:00:00,905636.6
2023-02-15 20:00:00,883077.4
2023-02-15 21:00:00,837860.7
2023-02-15 22:00:00,763477.3
2023-02-15 23:00:00,680785.0
2023-02-16 00:00:00,611326.1
2023-02-16 01:00:00,563154.1
2023-02-16 02:00:00,536136.2
2023-02-16 03:00:00,524394.0
2023-02-16 04:00:00,528707.2
2023-02-16 05:00:00,557005.5
2023-02-16 06:00:00,610358.5
2023-02-16 07:00:00,691431.7
2023-02-16 08:00:00,722780.6
2023-02-16 09:00:00,748454.0
2023-02-16 10:00:00,780392.1
2023-02-16 11:00:00,812785.0
2023-02-16 12:00:00,825525.4
2023-02-16 13:00:00,810650.2
2023-02-16 14:00:00,805991.8
2023-02-16 15:00:00,818896.6
2023-02-16 16:00:00,868362.9
2023-02-16 17:00:00,936736.4
2023-02-16 18:00:00,973623.2
2023-02-16 19:00:00,970155.3
2023-02-16 20:00:00,949043.5
2023-02-16 21:00:00,901233.8
2023-02-16 22:00:00,828478.7
2023-02-16 23:00:00,743490.5
2023-02-17 00:00:00,674280.7
2023-02-17 01:00:00,626020.8
2023-02-17 02:00:00,600131.3
2023-02-17 03:00:00,590160.1
2023-02-17 04:00:00,593634.6
2023-02-17 05:00:00,622515.1
2023-02-17 06:00:00,671556.9
2023-02-17 07:00:00,740075.0
2023-02-17 08:00:00,806662.2
2023-02-17 09:00:00,842178.9
2023-02-17 10:00:00,878799.0
2023-02-17 11:00:00,904269.6
2023-02-17 12:00:00,915409.8
2023-02-17 13:00:00,901200.0
2023-02-17 14:00:00,887614.3
2023-02-17 15:00:00,884280.2
2023-02-17 16:00:00,909844.5
2023-02-17 17:00:00,970047.3
2023-02-17 18:00:00,1027729.0
2023-02-17 19:00:00,1029329.3
2023-02-17 20:00:00,1008878.0
2023-02-17 21:00:00,968392.6
2023-02-17 22:00:00,905715.6
2023-02-17 23:00:00,834930.4
2023-02-18 00:00:00,768000.5
2023-02-18 01:00:00,716335.6
2023-02-18 02:00:00,684225.4
2023-02-18 03:00:00,666819.8
2023-02-18 04:00:00,662524.9
2023-02-18 05:00:00,670486.8
2023-02-18 06:00:00,693041.5
2023-02-18 07:00:00,741286.3
2023-02-18 08:00:00,800235.9
2023-02-18 09:00:00,847268.7
2023-02-18 10:00:00,890762.8
2023-02-18 11:00:00,936490.9
2023-02-18 12:00:00,959946.4
2023-02-18 13:00:00,953866.5
2023-02-18 14:00:00,943766.3
2023-02-18 15:00:00,923782.2
2023-02-18 16:00:00,921583.6
2023-02-18 17:00:00,961677.9
2023-02-18 18:00:00,994229.3
2023-02-18 19:00:00,973080.3
2023-02-18 20:00:00,943597.1
2023-02-18 21:00:00,900053.3
2023-02-18 22:00:00,841699.6
2023-02-18 23:00:00,776273.2
2023-02-19 00:00:00,713847.3
2023-02-19 01:00:00,663520.7
2023-02-19 02:00:00,629485.3
2023-02-19 03:00:00,608020.1
2023-02-19 04:00:00,599571.6
2023-02-19 05:00:00,604514.3
2023-02-19 06:00:00,622439.2
2023-02-19 07:00:00,659839.7
2023-02-19 08:00:00,719352.5
2023-02-19 09:00:00,777223.5
2023-02-19 10:00:00,819717.8
2023-02-19 11:00:00,844592.2
2023-02-19 12:00:00,853582.3
2023-02-19 13:00:00,836975.2
2023-02-19 14:00:00,822875.9
2023-02-19 15:00:00,823167.5
2023-02-19 16:00:00,852633.1
2023-02-19 17:00:00,899105.7
2023-02-19 18:00:00,934906.6
2023-02-19 19:00:00,916114.5
2023-02-19 20:00:00,883690.8
2023-02-19 21:00:00,842737.9
2023-02-19 22:00:00,782328.4
2023-02-19 23:00:00,715100.7
2023-02-20 00:00:00,652434.1
2023-02-20 01:00:00,601879.6
2023-02-20 02:00:00,569044.4
2023-02-20 03:00:00,551921.1
2023-02-20 04:00:00,548101.8
2023-02-20 05:00:00,557270.7
2023-02-20 06:00:00,577545.7
2023-02-20 07:00:00,611805.0
2023-02-20 08:00:00,668221.6
2023-02-20 09:00:00,715330.8
2023-02-20 10:00:00,763897.7
2023-02-20 11:00:00,807977.0
2023-02-20 12:00:00,825907.2
2023-02-20 13:00:00,812723.4
2023-02-20 14:00:00,800963.1
2023-02-20 15:00:00,799619.4
2023-02-20 16:00:00,825569.2
2023-02-20 17:00:00,898665.7
2023-02-20 18:00:00,967058.6
2023-02-20 19:00:00,961649.4
2023-02-20 20:00:00,937626.2
2023-02-20 21:00:00,890612.4
2023-02-20 22:00:00,815152.9
2023-02-20 23:00:00,727077.9
2023-02-21 00:00:00,657215.5
2023-02-21 01:00:00,612282.5
2023-02-21 02:00:00,587678.6
2023-02-21 03:00:00,577538.0
2023-02-21 04:00:00,582550.5
2023-02-21 05:00:00,609459.4
2023-02-21 06:00:00,660944.8
2023-02-21 07:00:00,739210.7999999999
2023-02-21 08:00:00,763270.4
2023-02-21 09:00:00,796267.2
2023-02-21 10:00:00,816039.3
2023-02-21 11:00:00,814757.4
2023-02-21 12:00:00,827868.2
2023-02-21 13:00:00,822939.2
2023-02-21 14:00:00,826309.2
2023-02-21 15:00:00,849085.1
2023-02-21 16:00:00,892832.7
2023-02-21 17:00:00,955197.9
2023-02-21 18:00:00,998003.1
2023-02-21 19:00:00,993156.9
2023-02-21 20:00:00,962597.3
2023-02-21 21:00:00,914530.2
2023-02-21 22:00:00,833534.9
2023-02-21 23:00:00,747523.9
2023-02-22 00:00:00,678714.0
2023-02-22 01:00:00,631132.3
2023-02-22 02:00:00,603647.9
2023-02-22 03:00:00,592330.6
2023-02-22 04:00:00,597920.2
2023-02-22 05:00:00,627053.7
2023-02-22 06:00:00,678731.0
2023-02-22 07:00:00,761309.2
2023-02-22 08:00:00,796720.0
2023-02-22 09:00:00,829953.9
2023-02-22 10:00:00,859046.9
2023-02-22 11:00:00,899113.0
2023-02-22 12:00:00,921096.4
2023-02-22 13:00:00,909578.1
2023-02-22 14:00:00,900215.3
2023-02-22 15:00:00,917044.8
2023-02-22 16:00:00,965302.5
2023-02-22 17:00:00,1030720.9
2023-02-22 18:00:00,1079983.8
2023-02-22 19:00:00,1071563.0
2023-02-22 20:00:00,1044003.4
2023-02-22 21:00:00,990369.4
2023-02-22 22:00:00,905694.7
2023-02-22 23:00:00,823371.7999999999
2023-02-23 00:00:00,749170.9
2023-02-23 01:00:00,701795.1
2023-02-23 02:00:00,675035.3
2023-02-23 03:00:00,661597.1
2023-02-23 04:00:00,665442.0
2023-02-23 05:00:00,688661.7
2023-02-23 06:00:00,733642.3
2023-02-23 07:00:00,805805.6
2023-02-23 08:00:00,845007.5
2023-02-23 09:00:00,879932.7
2023-02-23 10:00:00,916628.3
2023-02-23 11:00:00,953643.4
2023-02-23 12:00:00,971486.7
2023-02-23 13:00:00,960692.3
2023-02-23 14:00:00,953046.1
2023-02-23 15:00:00,959695.7
2023-02-23 16:00:00,990452.7
2023-02-23 17:00:00,1038103.4
2023-02-23 18:00:00,1071476.5
2023-02-23 19:00:00,1059323.3
2023-02-23 20:00:00,1026473.5
2023-02-23 21:00:00,971356.8
2023-02-23 22:00:00,887050.5
2023-02-23 23:00:00,800763.6
2023-02-24 00:00:00,732817.6
2023-02-24 01:00:00,683533.4
2023-02-24 02:00:00,656778.7
2023-02-24 03:00:00,647756.2
2023-02-24 04:00:00,657106.1
2023-02-24 05:00:00,689339.5
2023-02-24 06:00:00,743526.5
2023-02-24 07:00:00,820022.5
2023-02-24 08:00:00,841939.8
2023-02-24 09:00:00,860017.2
2023-02-24 10:00:00,885111.1
2023-02-24 11:00:00,906387.5
2023-02-24 12:00:00,913401.7
2023-02-24 13:00:00,898624.7
2023-02-24 14:00:00,889704.9
2023-02-24 15:00:00,895326.5
2023-02-24 16:00:00,926876.3
2023-02-24 17:00:00,983419.2
2023-02-24 18:00:00,1051431.5
2023-02-24 19:00:00,1058640.0
2023-02-24 20:00:00,1037644.5
2023-02-24 21:00:00,995623.4
2023-02-24 22:00:00,929087.7
2023-02-24 23:00:00,857486.6
2023-02-25 00:00:00,789750.5
2023-02-25 01:00:00,735309.2
2023-02-25 02:00:00,701849.6
2023-02-25 03:00:00,682402.0
2023-02-25 04:00:00,675602.1
2023-02-25 05:00:00,683904.8
2023-02-25 06:00:00,710210.3
2023-02-25 07:00:00,765807.7
2023-02-25 08:00:00,837632.4
2023-02-25 09:00:00,906397.6
2023-02-25 10:00:00,955708.6
2023-02-25 11:00:00,992227.4
2023-02-25 12:00:00,1015294.9
2023-02-25 13:00:00,993096.5
2023-02-25 14:00:00,967388.5
2023-02-25 15:00:00,960705.8
2023-02-25 16:00:00,981050.8
2023-02-25 17:00:00,1030744.4
2023-02-25 18:00:00,1069497.1
2023-02-25 19:00:00,1047256.5
2023-02-25 20:00:00,1008310.1
2023-02-25 21:00:00,958791.6
2023-02-25 22:00:00,895609.5
2023-02-25 23:00:00,821389.4
2023-02-26 00:00:00,753516.3
2023-02-26 01:00:00,699177.4
2023-02-26 02:00:00,660989.6
2023-02-26 03:00:00,638495.7
2023-02-26 04:00:00,627691.2
2023-02-26 05:00:00,632063.1
2023-02-26 06:00:00,652196.0
2023-02-26 07:00:00,693992.9
2023-02-26 08:00:00,749533.5
2023-02-26 09:00:00,802958.5
2023-02-26 10:00:00,849054.9
2023-02-26 11:00:00,894454.0
2023-02-26 12:00:00,913708.2
2023-02-26 13:00:00,901317.6
2023-02-26 14:00:00,891665.7
2023-02-26 15:00:00,894941.1
2023-02-26 16:00:00,925711.0
2023-02-26 17:00:00,987546.6
2023-02-26 18:00:00,1059400.8
2023-02-26 19:00:00,1055920.2
2023-02-26 20:00:00,1022591.7
2023-02-26 21:00:00,966938.2
2023-02-26 22:00:00,882125.7
2023-02-26 23:00:00,789264.8
2023-02-27 00:00:00,711673.5
2023-02-27 01:00:00,662293.7
2023-02-27 02:00:00,636821.0
2023-02-27 03:00:00,627747.3
2023-02-27 04:00:00,634242.2
2023-02-27 05:00:00,664082.6
2023-02-27 06:00:00,717934.6
2023-02-27 07:00:00,795255.4
2023-02-27 08:00:00,809068.8
2023-02-27 09:00:00,818993.2
2023-02-27 10:00:00,850929.8
2023-02-27 11:00:00,888271.3
2023-02-27 12:00:00,909763.7
2023-02-27 13:00:00,902776.8
2023-02-27 14:00:00,900325.5
2023-02-27 15:00:00,920612.3
2023-02-27 16:00:00,976648.7
2023-02-27 17:00:00,1044764.0
2023-02-27 18:00:00,1088174.4
2023-02-27 19:00:00,1085186.7
2023-02-27 20:00:00,1047635.6
2023-02-27 21:00:00,981831.2
2023-02-27 22:00:00,898025.7
2023-02-27 23:00:00,801710.2
2023-02-28 00:00:00,724895.9
2023-02-28 01:00:00,676435.1
2023-02-28 02:00:00,645349.8
2023-02-28 03:00:00,627369.2
2023-02-28 04:00:00,627447.0
2023-02-28 05:00:00,649374.2
2023-02-28 06:00:00,698114.0
2023-02-28 07:00:00,772530.3
2023-02-28 08:00:00,800955.8
2023-02-28 09:00:00,820601.0
2023-02-28 10:00:00,842218.0
2023-02-28 11:00:00,865389.3
2023-02-28 12:00:00,883025.6
2023-02-28 13:00:00,872486.3
2023-02-28 14:00:00,858028.5
2023-02-28 15:00:00,856730.6
2023-02-28 16:00:00,893103.0
2023-02-28 17:00:00,951568.1
2023-02-28 18:00:00,1003348.1
2023-02-28 19:00:00,1005676.9
2023-02-28 20:00:00,978669.4
2023-02-28 21:00:00,929473.8
2023-02-28 22:00:00,851827.5
2023-02-28 23:00:00,765090.5
2023-03-01 00:00:00,689358.4
2023-03-01 01:00:00,642909.8
2023-03-01 02:00:00,615807.4
2023-03-01 03:00:00,604296.2
2023-03-01 04:00:00,607944.9
2023-03-01 05:00:00,634603.3
2023-03-01 06:00:00,685514.7
2023-03-01 07:00:00,763948.8
2023-03-01 08:00:00,790477.6
2023-03-01 09:00:00,806433.6
2023-03-01 10:00:00,837632.5
2023-03-01 11:00:00,869897.0
2023-03-01 12:00:00,885864.9
2023-03-01 13:00:00,871147.9
2023-03-01 14:00:00,845852.3
2023-03-01 15:00:00,830936.8
2023-03-01 16:00:00,866883.0
2023-03-01 17:00:00,924697.9
2023-03-01 18:00:00,992601.8
2023-03-01 19:00:00,1002354.0
2023-03-01 20:00:00,978340.2
2023-03-01 21:00:00,927573.8
2023-03-01 22:00:00,847491.3
2023-03-01 23:00:00,759586.0
2023-03-02 00:00:00,685086.6
2023-03-02 01:00:00,635696.6
2023-03-02 02:00:00,605593.9
2023-03-02 03:00:00,593785.6
2023-03-02 04:00:00,596101.9
2023-03-02 05:00:00,623601.7
2023-03-02 06:00:00,677738.0
2023-03-02 07:00:00,750494.1
2023-03-02 08:00:00,770804.9
2023-03-02 09:00:00,788143.6
2023-03-02 10:00:00,799138.7
2023-03-02 11:00:00,810206.3
2023-03-02 12:00:00,820606.2
2023-03-02 13:00:00,811104.3
2023-03-02 14:00:00,801393.8
2023-03-02 15:00:00,807677.4
2023-03-02 16:00:00,838327.5
2023-03-02 17:00:00,889158.8
2023-03-02 18:00:00,957961.2
2023-03-02 19:00:00,975518.2
2023-03-02 20:00:00,958832.6
2023-03-02 21:00:00,916904.9
2023-03-02 22:00:00,842681.4
2023-03-02 23:00:00,761040.4
2023-03-03 00:00:00,680423.4
2023-03-03 01:00:00,641475.7
2023-03-03 02:00:00,613555.9
2023-03-03 03:00:00,602189.9
2023-03-03 04:00:00,608448.2
2023-03-03 05:00:00,636710.7
2023-03-03 06:00:00,688374.8
2023-03-03 07:00:00,761670.5
2023-03-03 08:00:00,797325.7
2023-03-03 09:00:00,827475.0
2023-03-03 10:00:00,856022.8
2023-03-03 11:00:00,883529.4
2023-03-03 12:00:00,896620.7
2023-03-03 13:00:00,888751.6
2023-03-03 14:00:00,879000.3
2023-03-03 15:00:00,886564.3
2023-03-03 16:00:00,922204.9
2023-03-03 17:00:00,981706.7
2023-03-03 18:00:00,1025946.1
2023-03-03 19:00:00,1036500.7
2023-03-03 20:00:00,1011787.9
2023-03-03 21:00:00,955531.8
2023-03-03 22:00:00,888058.7
2023-03-03 23:00:00,804679.1
2023-03-04 00:00:00,729548.2
2023-03-04 01:00:00,679618.4
2023-03-04 02:00:00,645149.8
2023-03-04 03:00:00,627059.6
2023-03-04 04:00:00,619481.2
2023-03-04 05:00:00,625555.7
2023-03-04 06:00:00,651374.0
2023-03-04 07:00:00,699408.2
2023-03-04 08:00:00,758951.6
2023-03-04 09:00:00,813913.6
2023-03-04 10:00:00,868322.9
2023-03-04 11:00:00,902807.1
2023-03-04 12:00:00,916206.1
2023-03-04 13:00:00,901499.1
2023-03-04 14:00:00,881112.9
2023-03-04 15:00:00,867838.9
2023-03-04 16:00:00,875504.1
2023-03-04 17:00:00,914965.3
2023-03-04 18:00:00,976024.0
2023-03-04 19:00:00,971073.0
2023-03-04 20:00:00,935794.0
2023-03-04 21:00:00,888471.6
2023-03-04 22:00:00,825875.5
2023-03-04 23:00:00,753063.5
2023-03-05 00:00:00,689611.0
2023-03-05 01:00:00,638038.7
2023-03-05 02:00:00,603571.1
2023-03-05 03:00:00,581468.2
2023-03-05 04:00:00,578552.7
2023-03-05 05:00:00,586674.3
2023-03-05 06:00:00,608893.7
2023-03-05 07:00:00,654952.4
2023-03-05 08:00:00,717538.0
2023-03-05 09:00:00,771878.0
2023-03-05 10:00:00,817269.4
2023-03-05 11:00:00,848610.6
2023-03-05 12:00:00,865491.2
2023-03-05 13:00:00,871443.1
2023-03-05 14:00:00,862070.9
2023-03-05 15:00:00,852360.7
2023-03-05 16:00:00,868902.3
2023-03-05 17:00:00,923028.5
2023-03-05 18:00:00,991482.4
2023-03-05 19:00:00,999145.5
2023-03-05 20:00:00,968839.9
2023-03-05 21:00:00,916500.6
2023-03-05 22:00:00,836524.0
2023-03-05 23:00:00,744513.8
2023-03-06 00:00:00,669899.6
2023-03-06 01:00:00,621330.9
2023-03-06 02:00:00,594503.4
2023-03-06 03:00:00,583533.0
2023-03-06 04:00:00,587303.0
2023-03-06 05:00:00,613320.2
2023-03-06 06:00:00,666412.4
2023-03-06 07:00:00,744478.2
2023-03-06 08:00:00,769645.4
2023-03-06 09:00:00,796155.0
2023-03-06 10:00:00,822085.8
2023-03-06 11:00:00,826928.4
2023-03-06 12:00:00,832667.0
2023-03-06 13:00:00,825503.9
2023-03-06 14:00:00,819526.3
2023-03-06 15:00:00,826769.3
2023-03-06 16:00:00,868010.7
2023-03-06 17:00:00,935904.3
2023-03-06 18:00:00,985955.1
2023-03-06 19:00:00,985301.9
2023-03-06 20:00:00,955673.9
2023-03-06 21:00:00,899082.0
2023-03-06 22:00:00,823725.6
2023-03-06 23:00:00,738751.5
2023-03-07 00:00:00,668412.4
2023-03-07 01:00:00,623770.6
2023-03-07 02:00:00,599481.6
2023-03-07 03:00:00,591459.8
2023-03-07 04:00:00,599560.6
2023-03-07 05:00:00,630709.9
2023-03-07 06:00:00,688502.1
2023-03-07 07:00:00,760144.3
2023-03-07 08:00:00,769190.2
2023-03-07 09:00:00,781615.3
2023-03-07 10:00:00,803426.2
2023-03-07 11:00:00,823234.3
2023-03-07 12:00:00,828642.9
2023-03-07 13:00:00,815017.0
2023-03-07 14:00:00,804696.3
2023-03-07 15:00:00,813125.7
2023-03-07 16:00:00,850150.9
2023-03-07 17:00:00,908306.5
2023-03-07 18:00:00,977874.5
2023-03-07 19:00:00,997866.2
2023-03-07 20:00:00,974438.2
2023-03-07 21:00:00,927423.4
2023-03-07 22:00:00,848389.6
2023-03-07 23:00:00,756932.6
2023-03-08 00:00:00,686749.9
2023-03-08 01:00:00,643045.1
2023-03-08 02:00:00,616973.7
2023-03-08 03:00:00,608986.3
2023-03-08 04:00:00,616360.8
2023-03-08 05:00:00,646999.8
2023-03-08 06:00:00,704865.7
2023-03-08 07:00:00,769838.1
2023-03-08 08:00:00,778105.5
2023-03-08 09:00:00,787636.5
2023-03-08 10:00:00,806192.1
2023-03-08 11:00:00,820639.5
2023-03-08 12:00:00,823653.1
2023-03-08 13:00:00,805269.4
2023-03-08 14:00:00,791007.1
2023-03-08 15:00:00,794364.6
2023-03-08 16:00:00,830017.6
2023-03-08 17:00:00,888145.5
2023-03-08 18:00:00,958147.5
2023-03-08 19:00:00,984387.4
2023-03-08 20:00:00,965373.8
2023-03-08 21:00:00,918776.6
2023-03-08 22:00:00,838692.5
2023-03-08 23:00:00,751581.5
2023-03-09 00:00:00,682985.4
2023-03-09 01:00:00,636815.0
2023-03-09 02:00:00,612341.3
2023-03-09 03:00:00,602730.7
2023-03-09 04:00:00,609289.3
2023-03-09 05:00:00,638818.3
2023-03-09 06:00:00,692428.1
2023-03-09 07:00:00,760077.6
2023-03-09 08:00:00,768047.6
2023-03-09 09:00:00,777340.9
2023-03-09 10:00:00,794677.5
2023-03-09 11:00:00,811041.1
2023-03-09 12:00:00,813904.8
2023-03-09 13:00:00,795937.7
2023-03-09 14:00:00,779947.6
2023-03-09 15:00:00,781057.3
2023-03-09 16:00:00,813098.0
2023-03-09 17:00:00,866261.9
2023-03-09 18:00:00,935172.7999999999
2023-03-09 19:00:00,961098.8
2023-03-09 20:00:00,944909.1
2023-03-09 21:00:00,901078.8
2023-03-09 22:00:00,825341.9
2023-03-09 23:00:00,740925.3
2023-03-10 00:00:00,672279.5
2023-03-10 01:00:00,626710.9
2023-03-10 02:00:00,598413.9
2023-03-10 03:00:00,586461.8
2023-03-10 04:00:00,589759.6
2023-03-10 05:00:00,616041.5
2023-03-10 06:00:00,666179.0
2023-03-10 07:00:00,740561.9
2023-03-10 08:00:00,781563.2
2023-03-10 09:00:00,821386.5
2023-03-10 10:00:00,866943.2
2023-03-10 11:00:00,900423.9
2023-03-10 12:00:00,916535.5
2023-03-10 13:00:00,908235.6
2023-03-10 14:00:00,900032.2
2023-03-10 15:00:00,904332.8
2023-03-10 16:00:00,934293.5
2023-03-10 17:00:00,970791.9
2023-03-10 18:00:00,1012967.6
2023-03-10 19:00:00,1021974.8
2023-03-10 20:00:00,993424.1
2023-03-10 21:00:00,942193.1
2023-03-10 22:00:00,871489.0
2023-03-10 23:00:00,792039.0
2023-03-11 00:00:00,723864.6
2023-03-11 01:00:00,674663.4
2023-03-11 02:00:00,642745.9
2023-03-11 03:00:00,624216.9
2023-03-11 04:00:00,621972.6
2023-03-11 05:00:00,633148.9
2023-03-11 06:00:00,660164.8
2023-03-11 07:00:00,713317.3
2023-03-11 08:00:00,781459.5
2023-03-11 09:00:00,833894.2
2023-03-11 10:00:00,870424.4
2023-03-11 11:00:00,906117.0
2023-03-11 12:00:00,926924.3
2023-03-11 13:00:00,919574.9
2023-03-11 14:00:00,907019.3
2023-03-11 15:00:00,904792.1
2023-03-11 16:00:00,915522.7
2023-03-11 17:00:00,937894.8
2023-03-11 18:00:00,983596.3
2023-03-11 19:00:00,986093.7
2023-03-11 20:00:00,956565.1
2023-03-11 21:00:00,916545.5
2023-03-11 22:00:00,854152.2
2023-03-11 23:00:00,788972.6
2023-03-12 00:00:00,728550.6
2023-03-12 01:00:00,679848.6
2023-03-12 02:00:00,647081.2
2023-03-12 03:00:00,628276.3
2023-03-12 04:00:00,626334.4
2023-03-12 05:00:00,635405.1
2023-03-12 06:00:00,662230.1
2023-03-12 07:00:00,713653.4
2023-03-12 08:00:00,780533.5
2023-03-12 09:00:00,846229.2
2023-03-12 10:00:00,896589.3
2023-03-12 11:00:00,930070.6
2023-03-12 12:00:00,934080.0
2023-03-12 13:00:00,927890.8
2023-03-12 14:00:00,925339.3
2023-03-12 15:00:00,938085.3
2023-03-12 16:00:00,976351.2
2023-03-12 17:00:00,1003082.2999999999
2023-03-12 18:00:00,1022209.3
2023-03-12 19:00:00,1008298.4
2023-03-12 20:00:00,963176.9
2023-03-12 21:00:00,890893.0
2023-03-12 22:00:00,800803.1
2023-03-12 23:00:00,722558.7
2023-03-13 00:00:00,661398.3
2023-03-13 01:00:00,626438.5
2023-03-13 02:00:00,608353.7
2023-03-13 03:00:00,606942.2
2023-03-13 04:00:00,625802.4
2023-03-13 05:00:00,660810.3
2023-03-13 06:00:00,713423.8
2023-03-13 07:00:00,762173.9
2023-03-13 08:00:00,795611.9
2023-03-13 09:00:00,820343.8
2023-03-13 10:00:00,844224.5
2023-03-13 11:00:00,862937.6
2023-03-13 12:00:00,848257.7
2023-03-13 13:00:00,838351.0
2023-03-13 14:00:00,839743.2
2023-03-13 15:00:00,859399.1
2023-03-13 16:00:00,902522.7
2023-03-13 17:00:00,936770.1
2023-03-13 18:00:00,971898.6
2023-03-13 19:00:00,974062.2
2023-03-13 20:00:00,937365.6
2023-03-13 21:00:00,870086.2
2023-03-13 22:00:00,780713.6
2023-03-13 23:00:00,708604.3
2023-03-14 00:00:00,656537.9
2023-03-14 01:00:00,627811.1
2023-03-14 02:00:00,616641.4
2023-03-14 03:00:00,621797.5
2023-03-14 04:00:00,649194.1
2023-03-14 05:00:00,690604.8
2023-03-14 06:00:00,752034.1
2023-03-14 07:00:00,806598.5
2023-03-14 08:00:00,838882.5
2023-03-14 09:00:00,863702.5
2023-03-14 10:00:00,891455.7
2023-03-14 11:00:00,892873.7
2023-03-14 12:00:00,876385.0
2023-03-14 13:00:00,858788.1
2023-03-14 14:00:00,858599.0
2023-03-14 15:00:00,880204.3
2023-03-14 16:00:00,915999.4
2023-03-14 17:00:00,947762.6
2023-03-14 18:00:00,992373.3
2023-03-14 19:00:00,1003360.4
2023-03-14 20:00:00,963388.0
2023-03-14 21:00:00,892040.6
2023-03-14 22:00:00,801857.7
2023-03-14 23:00:00,729309.5
2023-03-15 00:00:00,679389.5
2023-03-15 01:00:00,653757.3
2023-03-15 02:00:00,642054.3
2023-03-15 03:00:00,644128.4
2023-03-15 04:00:00,668731.2
2023-03-15 05:00:00,707854.7
2023-03-15 06:00:00,766825.0
2023-03-15 07:00:00,807923.2
2023-03-15 08:00:00,825437.3
2023-03-15 09:00:00,840443.0
2023-03-15 10:00:00,854421.0
2023-03-15 11:00:00,858028.7
2023-03-15 12:00:00,836095.8
2023-03-15 13:00:00,814624.2
2023-03-15 14:00:00,801172.4
2023-03-15 15:00:00,810123.1
2023-03-15 16:00:00,838744.9
2023-03-15 17:00:00,873522.6
2023-03-15 18:00:00,923034.7
2023-03-15 19:00:00,938449.6
2023-03-15 20:00:00,904602.5
2023-03-15 21:00:00,833981.4
2023-03-15 22:00:00,748704.2
2023-03-15 23:00:00,676784.1
2023-03-16 00:00:00,623554.4
2023-03-16 01:00:00,593503.2
2023-03-16 02:00:00,580154.3
2023-03-16 03:00:00,579834.5
2023-03-16 04:00:00,600699.5
2023-03-16 05:00:00,639789.3
2023-03-16 06:00:00,697940.5
2023-03-16 07:00:00,738600.7
2023-03-16 08:00:00,759583.7
2023-03-16 09:00:00,780671.6
2023-03-16 10:00:00,804334.1
2023-03-16 11:00:00,807923.6
2023-03-16 12:00:00,788817.6
2023-03-16 13:00:00,767934.2
2023-03-16 14:00:00,767785.1
2023-03-16 15:00:00,780504.0
2023-03-16 16:00:00,815048.2
2023-03-16 17:00:00,848382.5
2023-03-16 18:00:00,887562.4
2023-03-16 19:00:00,892252.1
2023-03-16 20:00:00,853576.1
2023-03-16 21:00:00,786954.7
2023-03-16 22:00:00,708334.6
2023-03-16 23:00:00,637812.7
2023-03-17 00:00:00,589482.5
2023-03-17 01:00:00,560319.0
2023-03-17 02:00:00,544649.8
2023-03-17 03:00:00,544722.0
2023-03-17 04:00:00,563620.9
2023-03-17 05:00:00,596917.9
2023-03-17 06:00:00,651573.5
2023-03-17 07:00:00,715815.9
2023-03-17 08:00:00,774163.8
2023-03-17 09:00:00,815295.6
2023-03-17 10:00:00,843137.4
2023-03-17 11:00:00,857800.7
2023-03-17 12:00:00,845348.5
2023-03-17 13:00:00,828257.0
2023-03-17 14:00:00,823488.5
2023-03-17 15:00:00,838043.9
2023-03-17 16:00:00,863728.2
2023-03-17 17:00:00,885178.4
2023-03-17 18:00:00,907036.0
2023-03-17 19:00:00,910912.0
2023-03-17 20:00:00,876925.3
2023-03-17 21:00:00,820063.1
2023-03-17 22:00:00,749184.0
2023-03-17 23:00:00,687720.4
2023-03-18 00:00:00,639779.1
2023-03-18 01:00:00,605938.3
2023-03-18 02:00:00,585610.1
2023-03-18 03:00:00,580285.3
2023-03-18 04:00:00,586766.1
2023-03-18 05:00:00,611240.1
2023-03-18 06:00:00,657005.7
2023-03-18 07:00:00,722238.5
2023-03-18 08:00:00,787354.2
2023-03-18 09:00:00,836718.2
2023-03-18 10:00:00,898419.3
2023-03-18 11:00:00,912318.7
2023-03-18 12:00:00,906441.7
2023-03-18 13:00:00,895689.4
2023-03-18 14:00:00,894139.4
2023-03-18 15:00:00,897965.3
2023-03-18 16:00:00,938503.5
2023-03-18 17:00:00,950941.0
2023-03-18 18:00:00,971119.1
2023-03-18 19:00:00,979204.3
2023-03-18 20:00:00,947514.7
2023-03-18 21:00:00,896588.3
2023-03-18 22:00:00,824630.7
2023-03-18 23:00:00,762003.7
2023-03-19 00:00:00,707748.6
2023-03-19 01:00:00,676328.6
2023-03-19 02:00:00,657310.9
2023-03-19 03:00:00,650290.3
2023-03-19 04:00:00,654857.9
2023-03-19 05:00:00,671286.2
2023-03-19 06:00:00,709976.6
2023-03-19 07:00:00,762637.1
2023-03-19 08:00:00,814073.8
2023-03-19 09:00:00,868723.6
2023-03-19 10:00:00,927091.4
2023-03-19 11:00:00,952877.1
2023-03-19 12:00:00,942749.3
2023-03-19 13:00:00,924162.3
2023-03-19 14:00:00,922002.9
2023-03-19 15:00:00,943296.1
2023-03-19 16:00:00,965909.4
2023-03-19 17:00:00,976911.5
2023-03-19 18:00:00,1001869.9
2023-03-19 19:00:00,1011873.3
2023-03-19 20:00:00,970779.1
2023-03-19 21:00:00,890382.4
2023-03-19 22:00:00,790572.0
2023-03-19 23:00:00,710046.7
2023-03-20 00:00:00,656019.1
2023-03-20 01:00:00,625579.4
2023-03-20 02:00:00,610691.0
2023-03-20 03:00:00,612345.1
2023-03-20 04:00:00,637919.6
2023-03-20 05:00:00,686907.6
2023-03-20 06:00:00,763769.4
2023-03-20 07:00:00,784021.6
2023-03-20 08:00:00,790048.2
2023-03-20 09:00:00,805475.0
2023-03-20 10:00:00,820770.1
2023-03-20 11:00:00,825074.2
2023-03-20 12:00:00,804945.3
2023-03-20 13:00:00,785869.9
2023-03-20 14:00:00,780434.7
2023-03-20 15:00:00,806238.7
2023-03-20 16:00:00,847095.3
2023-03-20 17:00:00,887522.1
2023-03-20 18:00:00,923896.7000000001
2023-03-20 19:00:00,925247.3
2023-03-20 20:00:00,883367.9
2023-03-20 21:00:00,805521.6
2023-03-20 22:00:00,712971.3
2023-03-20 23:00:00,642251.1
2023-03-21 00:00:00,590572.2
2023-03-21 01:00:00,563469.8
2023-03-21 02:00:00,549683.3
2023-03-21 03:00:00,551843.9
2023-03-21 04:00:00,576716.9
2023-03-21 05:00:00,624698.4
2023-03-21 06:00:00,699746.5
2023-03-21 07:00:00,726071.5
2023-03-21 08:00:00,726495.0
2023-03-21 09:00:00,741041.6
2023-03-21 10:00:00,755718.2
2023-03-21 11:00:00,763661.9
2023-03-21 12:00:00,751774.4
2023-03-21 13:00:00,733976.5
2023-03-21 14:00:00,732349.2
2023-03-21 15:00:00,756179.9
2023-03-21 16:00:00,793009.3
2023-03-21 17:00:00,824918.2
2023-03-21 18:00:00,866440.3
2023-03-21 19:00:00,880314.5
2023-03-21 20:00:00,844753.4
2023-03-21 21:00:00,773111.2
2023-03-21 22:00:00,686825.2
2023-03-21 23:00:00,618946.3
2023-03-22 00:00:00,571552.8
2023-03-22 01:00:00,543770.4
2023-03-22 02:00:00,534173.2
2023-03-22 03:00:00,538918.6
2023-03-22 04:00:00,567561.1
2023-03-22 05:00:00,620880.6
2023-03-22 06:00:00,702123.9
2023-03-22 07:00:00,740371.2
2023-03-22 08:00:00,767125.1
2023-03-22 09:00:00,790819.4
2023-03-22 10:00:00,798403.1
2023-03-22 11:00:00,798619.3
2023-03-22 12:00:00,790447.1
2023-03-22 13:00:00,784309.0
2023-03-22 14:00:00,797277.5
2023-03-22 15:00:00,839106.0
2023-03-22 16:00:00,888570.9
2023-03-22 17:00:00,909867.7
2023-03-22 18:00:00,917833.7
2023-03-22 19:00:00,909767.7
2023-03-22 20:00:00,863541.3
2023-03-22 21:00:00,784592.8
2023-03-22 22:00:00,695689.5
2023-03-22 23:00:00,622987.6
2023-03-23 00:00:00,572484.9
2023-03-23 01:00:00,544021.9
2023-03-23 02:00:00,530921.8
2023-03-23 03:00:00,534099.2
2023-03-23 04:00:00,559372.4
2023-03-23 05:00:00,600689.4
2023-03-23 06:00:00,675742.1
2023-03-23 07:00:00,712676.8
2023-03-23 08:00:00,740797.1
2023-03-23 09:00:00,774051.2
2023-03-23 10:00:00,796120.5
2023-03-23 11:00:00,800424.8
2023-03-23 12:00:00,794164.9
2023-03-23 13:00:00,788798.7
2023-03-23 14:00:00,791979.9
2023-03-23 15:00:00,808898.4
2023-03-23 16:00:00,840269.6
2023-03-23 17:00:00,864967.4
2023-03-23 18:00:00,892987.9
2023-03-23 19:00:00,905653.6
2023-03-23 20:00:00,874330.4
2023-03-23 21:00:00,809310.2
2023-03-23 22:00:00,721557.1
2023-03-23 23:00:00,654968.3
2023-03-24 00:00:00,605000.9
2023-03-24 01:00:00,575922.6
2023-03-24 02:00:00,564460.3
2023-03-24 03:00:00,569441.3
2023-03-24 04:00:00,598242.1
2023-03-24 05:00:00,640115.1
2023-03-24 06:00:00,714848.9
2023-03-24 07:00:00,753738.0
2023-03-24 08:00:00,774224.8
2023-03-24 09:00:00,787764.0
2023-03-24 10:00:00,799339.9
2023-03-24 11:00:00,802096.8
2023-03-24 12:00:00,785333.0
2023-03-24 13:00:00,769416.8
2023-03-24 14:00:00,761780.8
2023-03-24 15:00:00,781195.5
2023-03-24 16:00:00,810232.4
2023-03-24 17:00:00,840703.6
2023-03-24 18:00:00,878989.1
2023-03-24 19:00:00,886223.2
2023-03-24 20:00:00,858545.0
2023-03-24 21:00:00,801091.0
2023-03-24 22:00:00,730284.9
2023-03-24 23:00:00,667030.3
2023-03-25 00:00:00,615825.2
2023-03-25 01:00:00,583453.8
2023-03-25 02:00:00,565349.8
2023-03-25 03:00:00,562802.3
2023-03-25 04:00:00,578170.9
2023-03-25 05:00:00,598787.7
2023-03-25 06:00:00,650788.3
2023-03-25 07:00:00,732644.7
2023-03-25 08:00:00,814911.4
2023-03-25 09:00:00,885563.1
2023-03-25 10:00:00,944514.3
2023-03-25 11:00:00,964184.7
2023-03-25 12:00:00,961062.7
2023-03-25 13:00:00,951755.8
2023-03-25 14:00:00,942442.1
2023-03-25 15:00:00,936739.6
2023-03-25 16:00:00,943263.0
2023-03-25 17:00:00,922281.8
2023-03-25 18:00:00,927439.8
2023-03-25 19:00:00,918343.5
2023-03-25 20:00:00,881624.8
2023-03-25 21:00:00,827322.4
2023-03-25 22:00:00,754450.6
2023-03-25 23:00:00,691165.7
2023-03-26 00:00:00,638617.9
2023-03-26 01:00:00,601920.1
2023-03-26 02:00:00,580562.5
2023-03-26 03:00:00,572734.0
2023-03-26 04:00:00,580483.7
2023-03-26 05:00:00,594204.0
2023-03-26 06:00:00,632333.5
2023-03-26 07:00:00,690302.0
2023-03-26 08:00:00,740489.1
2023-03-26 09:00:00,785532.2
2023-03-26 10:00:00,823710.6
2023-03-26 11:00:00,840134.4
2023-03-26 12:00:00,828467.3
2023-03-26 13:00:00,809192.1
2023-03-26 14:00:00,798212.1
2023-03-26 15:00:00,809226.4
2023-03-26 16:00:00,841353.1
2023-03-26 17:00:00,866919.4
2023-03-26 18:00:00,892435.1
2023-03-26 19:00:00,908819.6
2023-03-26 20:00:00,870436.8
2023-03-26 21:00:00,800345.3
2023-03-26 22:00:00,706832.4
2023-03-26 23:00:00,628768.2
2023-03-27 00:00:00,575506.1
2023-03-27 01:00:00,544535.7
2023-03-27 02:00:00,529415.8
2023-03-27 03:00:00,529405.1
2023-03-27 04:00:00,558454.5
2023-03-27 05:00:00,603214.7
2023-03-27 06:00:00,685962.4
2023-03-27 07:00:00,729574.9
2023-03-27 08:00:00,760622.5
2023-03-27 09:00:00,793778.1
2023-03-27 10:00:00,827148.0
2023-03-27 11:00:00,848048.0
2023-03-27 12:00:00,836911.2
2023-03-27 13:00:00,825805.7
2023-03-27 14:00:00,832551.0
2023-03-27 15:00:00,858959.6
2023-03-27 16:00:00,894186.7
2023-03-27 17:00:00,903769.4
2023-03-27 18:00:00,923134.3
2023-03-27 19:00:00,922365.9
2023-03-27 20:00:00,882632.6
2023-03-27 21:00:00,802071.7
2023-03-27 22:00:00,712528.9
2023-03-27 23:00:00,640871.0
2023-03-28 00:00:00,590249.8
2023-03-28 01:00:00,561319.2
2023-03-28 02:00:00,546973.8
2023-03-28 03:00:00,551675.2
2023-03-28 04:00:00,580008.6
2023-03-28 05:00:00,628567.3
2023-03-28 06:00:00,703359.4
2023-03-28 07:00:00,722232.1
2023-03-28 08:00:00,734175.7
2023-03-28 09:00:00,746367.2
2023-03-28 10:00:00,760377.0
2023-03-28 11:00:00,767284.2
2023-03-28 12:00:00,762408.2
2023-03-28 13:00:00,745883.6
2023-03-28 14:00:00,751025.1
2023-03-28 15:00:00,785094.6
2023-03-28 16:00:00,820957.3
2023-03-28 17:00:00,843171.0
2023-03-28 18:00:00,874687.6
2023-03-28 19:00:00,891463.5
2023-03-28 20:00:00,857759.0
2023-03-28 21:00:00,786387.1
2023-03-28 22:00:00,700389.7
2023-03-28 23:00:00,630350.0
2023-03-29 00:00:00,582001.3
2023-03-29 01:00:00,556408.2
2023-03-29 02:00:00,546153.2
2023-03-29 03:00:00,552526.7
2023-03-29 04:00:00,582126.2
2023-03-29 05:00:00,629235.7
2023-03-29 06:00:00,703395.6
2023-03-29 07:00:00,719720.9
2023-03-29 08:00:00,726904.8
2023-03-29 09:00:00,745147.1
2023-03-29 10:00:00,759594.5
2023-03-29 11:00:00,767852.9
2023-03-29 12:00:00,773068.3
2023-03-29 13:00:00,780653.7
2023-03-29 14:00:00,820788.5
2023-03-29 15:00:00,866743.5
2023-03-29 16:00:00,887200.6
2023-03-29 17:00:00,907190.3
2023-03-29 18:00:00,947894.6
2023-03-29 19:00:00,964776.9
2023-03-29 20:00:00,930046.7
2023-03-29 21:00:00,853165.1
2023-03-29 22:00:00,762942.6
2023-03-29 23:00:00,691970.8
2023-03-30 00:00:00,643336.8
2023-03-30 01:00:00,616252.2
2023-03-30 02:00:00,605493.4
2023-03-30 03:00:00,612129.7
2023-03-30 04:00:00,641232.5
2023-03-30 05:00:00,688684.0
2023-03-30 06:00:00,763627.5
2023-03-30 07:00:00,775929.7
2023-03-30 08:00:00,781774.2
2023-03-30 09:00:00,798008.1
2023-03-30 10:00:00,815398.1
2023-03-30 11:00:00,819972.6
2023-03-30 12:00:00,804746.0
2023-03-30 13:00:00,790844.8
2023-03-30 14:00:00,788552.7
2023-03-30 15:00:00,809278.8
2023-03-30 16:00:00,840793.7
2023-03-30 17:00:00,869228.1
2023-03-30 18:00:00,909327.2
2023-03-30 19:00:00,931827.2
2023-03-30 20:00:00,898208.1
2023-03-30 21:00:00,826571.2
2023-03-30 22:00:00,736100.9
2023-03-30 23:00:00,666767.7
2023-03-31 00:00:00,615114.3
2023-03-31 01:00:00,584958.6
2023-03-31 02:00:00,570197.7
2023-03-31 03:00:00,573051.7
2023-03-31 04:00:00,596387.8
2023-03-31 05:00:00,643383.6
2023-03-31 06:00:00,720537.5
2023-03-31 07:00:00,766215.4
2023-03-31 08:00:00,796483.3
2023-03-31 09:00:00,831818.3
2023-03-31 10:00:00,864998.8
2023-03-31 11:00:00,879931.1
2023-03-31 12:00:00,853574.8
2023-03-31 13:00:00,846358.9
2023-03-31 14:00:00,850297.7
2023-03-31 15:00:00,878849.8
2023-03-31 16:00:00,905230.6
2023-03-31 17:00:00,921962.9
2023-03-31 18:00:00,930324.2
2023-03-31 19:00:00,912405.1
2023-03-31 20:00:00,873982.0
2023-03-31 21:00:00,811962.6
2023-03-31 22:00:00,734211.0
2023-03-31 23:00:00,667526.5
2023-04-01 00:00:00,614380.5
2023-04-01 01:00:00,579546.4
2023-04-01 02:00:00,560342.8
2023-04-01 03:00:00,553121.5
2023-04-01 04:00:00,556645.8
2023-04-01 05:00:00,571012.6
2023-04-01 06:00:00,617304.7
2023-04-01 07:00:00,673769.9
2023-04-01 08:00:00,722935.7
2023-04-01 09:00:00,763415.8
2023-04-01 10:00:00,793921.4
2023-04-01 11:00:00,809085.9
2023-04-01 12:00:00,804119.6
2023-04-01 13:00:00,793768.2
2023-04-01 14:00:00,798044.6
2023-04-01 15:00:00,828099.3
2023-04-01 16:00:00,881675.4
2023-04-01 17:00:00,891757.2
2023-04-01 18:00:00,902243.6
2023-04-01 19:00:00,895224.4
2023-04-01 20:00:00,864904.1
2023-04-01 21:00:00,815506.4
2023-04-01 22:00:00,749347.8
2023-04-01 23:00:00,687651.9
2023-04-02 00:00:00,637114.1
2023-04-02 01:00:00,605237.7
2023-04-02 02:00:00,587421.5
2023-04-02 03:00:00,586144.2
2023-04-02 04:00:00,595694.9
2023-04-02 05:00:00,615843.2
2023-04-02 06:00:00,660011.0
2023-04-02 07:00:00,713699.9
2023-04-02 08:00:00,764996.0
2023-04-02 09:00:00,810859.2
2023-04-02 10:00:00,849807.6
2023-04-02 11:00:00,867045.9
2023-04-02 12:00:00,861185.7
2023-04-02 13:00:00,844959.9
2023-04-02 14:00:00,836399.4
2023-04-02 15:00:00,848210.5
2023-04-02 16:00:00,881099.7
2023-04-02 17:00:00,908188.3
2023-04-02 18:00:00,942845.4
2023-04-02 19:00:00,953074.7
2023-04-02 20:00:00,916000.1
2023-04-02 21:00:00,833525.5
2023-04-02 22:00:00,735087.2
2023-04-02 23:00:00,651311.7
2023-04-03 00:00:00,594506.8
2023-04-03 01:00:00,562457.0
2023-04-03 02:00:00,549004.4
2023-04-03 03:00:00,554888.7
2023-04-03 04:00:00,581638.3
2023-04-03 05:00:00,630471.4
2023-04-03 06:00:00,703396.5
2023-04-03 07:00:00,714371.3
2023-04-03 08:00:00,723844.2
2023-04-03 09:00:00,746754.6
2023-04-03 10:00:00,757126.0
2023-04-03 11:00:00,762657.2
2023-04-03 12:00:00,748270.4
2023-04-03 13:00:00,738090.6
2023-04-03 14:00:00,744798.2
2023-04-03 15:00:00,785727.6
2023-04-03 16:00:00,839103.6
2023-04-03 17:00:00,860127.6
2023-04-03 18:00:00,871476.8
2023-04-03 19:00:00,866462.1
2023-04-03 20:00:00,822530.2
2023-04-03 21:00:00,746765.8
2023-04-03 22:00:00,656815.9
2023-04-03 23:00:00,586451.0
2023-04-04 00:00:00,537775.1
2023-04-04 01:00:00,511295.0
2023-04-04 02:00:00,498725.8
2023-04-04 03:00:00,502937.2
2023-04-04 04:00:00,527339.4
2023-04-04 05:00:00,575920.1
2023-04-04 06:00:00,656087.3
2023-04-04 07:00:00,689889.1
2023-04-04 08:00:00,704628.1
2023-04-04 09:00:00,728517.6
2023-04-04 10:00:00,750672.7
2023-04-04 11:00:00,758570.5
2023-04-04 12:00:00,740901.7
2023-04-04 13:00:00,731622.5
2023-04-04 14:00:00,732946.2
2023-04-04 15:00:00,755626.5
2023-04-04 16:00:00,788588.6
2023-04-04 17:00:00,826206.7
2023-04-04 18:00:00,865879.8
2023-04-04 19:00:00,864663.8
2023-04-04 20:00:00,828498.7
2023-04-04 21:00:00,755932.5
2023-04-04 22:00:00,669887.8
2023-04-04 23:00:00,600431.0
2023-04-05 00:00:00,552728.2
2023-04-05 01:00:00,527544.0
2023-04-05 02:00:00,515338.4
2023-04-05 03:00:00,523419.8
2023-04-05 04:00:00,551355.2
2023-04-05 05:00:00,602297.8
2023-04-05 06:00:00,695759.4
2023-04-05 07:00:00,723645.6
2023-04-05 08:00:00,741627.4
2023-04-05 09:00:00,756522.9
2023-04-05 10:00:00,793748.7
2023-04-05 11:00:00,819755.6
2023-04-05 12:00:00,815069.8
2023-04-05 13:00:00,807665.7
2023-04-05 14:00:00,804404.6
2023-04-05 15:00:00,838213.4
2023-04-05 16:00:00,874514.6
2023-04-05 17:00:00,900446.4
2023-04-05 18:00:00,908592.7
2023-04-05 19:00:00,894367.2
2023-04-05 20:00:00,851455.8
2023-04-05 21:00:00,774886.4
2023-04-05 22:00:00,681448.4
2023-04-05 23:00:00,604827.7
2023-04-06 00:00:00,549798.0
2023-04-06 01:00:00,519443.0
2023-04-06 02:00:00,505162.8
2023-04-06 03:00:00,512084.4
2023-04-06 04:00:00,538629.8
2023-04-06 05:00:00,586725.2
2023-04-06 06:00:00,661990.5
2023-04-06 07:00:00,686475.9
2023-04-06 08:00:00,698389.9
2023-04-06 09:00:00,724495.0
2023-04-06 10:00:00,748179.4
2023-04-06 11:00:00,756188.3
2023-04-06 12:00:00,738742.7
2023-04-06 13:00:00,719848.6
2023-04-06 14:00:00,717568.2
2023-04-06 15:00:00,733463.0
2023-04-06 16:00:00,763045.7
2023-04-06 17:00:00,783096.7
2023-04-06 18:00:00,815120.1
2023-04-06 19:00:00,833081.2
2023-04-06 20:00:00,814544.7
2023-04-06 21:00:00,761944.8
2023-04-06 22:00:00,690327.0
2023-04-06 23:00:00,624629.8
2023-04-07 00:00:00,573949.0
2023-04-07 01:00:00,542884.9
2023-04-07 02:00:00,526718.4
2023-04-07 03:00:00,531626.2
2023-04-07 04:00:00,545971.8
2023-04-07 05:00:00,569562.4
2023-04-07 06:00:00,610853.9
2023-04-07 07:00:00,664344.9
2023-04-07 08:00:00,720484.5
2023-04-07 09:00:00,765391.7
2023-04-07 10:00:00,800548.5
2023-04-07 11:00:00,813343.4
2023-04-07 12:00:00,798930.0
2023-04-07 13:00:00,778203.0
2023-04-07 14:00:00,761224.7
2023-04-07 15:00:00,767232.7
2023-04-07 16:00:00,792260.7
2023-04-07 17:00:00,801515.8
2023-04-07 18:00:00,816269.0
2023-04-07 19:00:00,838107.5
2023-04-07 20:00:00,820667.1
2023-04-07 21:00:00,776183.5
2023-04-07 22:00:00,711555.5
2023-04-07 23:00:00,651812.2
2023-04-08 00:00:00,603730.7
2023-04-08 01:00:00,572088.3
2023-04-08 02:00:00,555200.1
2023-04-08 03:00:00,555462.4
2023-04-08 04:00:00,564210.2
2023-04-08 05:00:00,586573.8
2023-04-08 06:00:00,632006.1
2023-04-08 07:00:00,684452.6
2023-04-08 08:00:00,734417.4
2023-04-08 09:00:00,775292.0
2023-04-08 10:00:00,804316.7
2023-04-08 11:00:00,815115.9
2023-04-08 12:00:00,803602.9
2023-04-08 13:00:00,787219.0
2023-04-08 14:00:00,778768.6
2023-04-08 15:00:00,781424.6
2023-04-08 16:00:00,800315.2
2023-04-08 17:00:00,820373.0
2023-04-08 18:00:00,838134.6
2023-04-08 19:00:00,840409.9
2023-04-08 20:00:00,813401.1
2023-04-08 21:00:00,766885.0
2023-04-08 22:00:00,700150.7
2023-04-08 23:00:00,635893.3
2023-04-09 00:00:00,583805.4
2023-04-09 01:00:00,552318.2
2023-04-09 02:00:00,534695.6
2023-04-09 03:00:00,533493.9
2023-04-09 04:00:00,540224.1
2023-04-09 05:00:00,561483.5
2023-04-09 06:00:00,603912.0
2023-04-09 07:00:00,654236.6
2023-04-09 08:00:00,702576.3
2023-04-09 09:00:00,745257.2
2023-04-09 10:00:00,778340.1
2023-04-09 11:00:00,793228.2
2023-04-09 12:00:00,781485.0
2023-04-09 13:00:00,762007.8
2023-04-09 14:00:00,751519.0
2023-04-09 15:00:00,755902.6
2023-04-09 16:00:00,772244.5
2023-04-09 17:00:00,782210.6
2023-04-09 18:00:00,796199.8
2023-04-09 19:00:00,822672.3
2023-04-09 20:00:00,804105.5
2023-04-09 21:00:00,748211.4
2023-04-09 22:00:00,668275.4
2023-04-09 23:00:00,599587.7
2023-04-10 00:00:00,550257.3
2023-04-10 01:00:00,521757.3
2023-04-10 02:00:00,509185.5
2023-04-10 03:00:00,513892.4
2023-04-10 04:00:00,532730.1
2023-04-10 05:00:00,565207.4
2023-04-10 06:00:00,610300.7
2023-04-10 07:00:00,652946.7
2023-04-10 08:00:00,685807.9
2023-04-10 09:00:00,711318.9
2023-04-10 10:00:00,734507.7
2023-04-10 11:00:00,743707.9
2023-04-10 12:00:00,725922.2
2023-04-10 13:00:00,706833.3
2023-04-10 14:00:00,700726.6
2023-04-10 15:00:00,717450.3
2023-04-10 16:00:00,752541.9
2023-04-10 17:00:00,772328.4
2023-04-10 18:00:00,797991.3
2023-04-10 19:00:00,819597.9
2023-04-10 20:00:00,789573.7
2023-04-10 21:00:00,713029.7
2023-04-10 22:00:00,621128.6
2023-04-10 23:00:00,546858.6
2023-04-11 00:00:00,499085.5
2023-04-11 01:00:00,471842.0
2023-04-11 02:00:00,460034.0
2023-04-11 03:00:00,467384.9
2023-04-11 04:00:00,491476.3
2023-04-11 05:00:00,541692.6
2023-04-11 06:00:00,612107.9
2023-04-11 07:00:00,634938.3
2023-04-11 08:00:00,648633.8
2023-04-11 09:00:00,665830.0
2023-04-11 10:00:00,681125.3
2023-04-11 11:00:00,687645.6
2023-04-11 12:00:00,676961.7
2023-04-11 13:00:00,669244.7
2023-04-11 14:00:00,673274.5
2023-04-11 15:00:00,698425.4
2023-04-11 16:00:00,733188.5
2023-04-11 17:00:00,753519.7
2023-04-11 18:00:00,788010.2
2023-04-11 19:00:00,794461.8
2023-04-11 20:00:00,760250.9
2023-04-11 21:00:00,685325.9
2023-04-11 22:00:00,598757.2
2023-04-11 23:00:00,528246.3
2023-04-12 00:00:00,476956.0
2023-04-12 01:00:00,448073.0
2023-04-12 02:00:00,433632.9
2023-04-12 03:00:00,436632.5
2023-04-12 04:00:00,454952.3
2023-04-12 05:00:00,498533.0
2023-04-12 06:00:00,570129.4
2023-04-12 07:00:00,597289.4
2023-04-12 08:00:00,618620.4
2023-04-12 09:00:00,647030.9
2023-04-12 10:00:00,671759.9
2023-04-12 11:00:00,687626.0
2023-04-12 12:00:00,685164.0
2023-04-12 13:00:00,686532.9
2023-04-12 14:00:00,697324.5
2023-04-12 15:00:00,730501.5
2023-04-12 16:00:00,768385.8
2023-04-12 17:00:00,788852.5
2023-04-12 18:00:00,803951.5
2023-04-12 19:00:00,822418.3
2023-04-12 20:00:00,799200.9
2023-04-12 21:00:00,731027.4
2023-04-12 22:00:00,640665.1
2023-04-12 23:00:00,561024.0
2023-04-13 00:00:00,505826.7
2023-04-13 01:00:00,468697.0
2023-04-13 02:00:00,448890.1
2023-04-13 03:00:00,447248.8
2023-04-13 04:00:00,458799.9
2023-04-13 05:00:00,497021.4
2023-04-13 06:00:00,566947.9
2023-04-13 07:00:00,604684.3
2023-04-13 08:00:00,639303.0
2023-04-13 09:00:00,679696.4
2023-04-13 10:00:00,718539.7
2023-04-13 11:00:00,748479.8
2023-04-13 12:00:00,754603.9
2023-04-13 13:00:00,760762.2
2023-04-13 14:00:00,779726.8
2023-04-13 15:00:00,819650.5
2023-04-13 16:00:00,865314.4
2023-04-13 17:00:00,884549.8
2023-04-13 18:00:00,893649.4
2023-04-13 19:00:00,908777.3
2023-04-13 20:00:00,883243.7
2023-04-13 21:00:00,807602.2
2023-04-13 22:00:00,711298.8
2023-04-13 23:00:00,622312.7
2023-04-14 00:00:00,552809.8
2023-04-14 01:00:00,509649.5
2023-04-14 02:00:00,481504.9
2023-04-14 03:00:00,472053.0
2023-04-14 04:00:00,477511.9
2023-04-14 05:00:00,508283.8
2023-04-14 06:00:00,574525.0
2023-04-14 07:00:00,624856.8
2023-04-14 08:00:00,671926.9
2023-04-14 09:00:00,726114.6
2023-04-14 10:00:00,770973.6
2023-04-14 11:00:00,797464.5
2023-04-14 12:00:00,804498.4
2023-04-14 13:00:00,812959.8
2023-04-14 14:00:00,832154.0
2023-04-14 15:00:00,865443.8
2023-04-14 16:00:00,892236.0
2023-04-14 17:00:00,889979.4
2023-04-14 18:00:00,877035.4
2023-04-14 19:00:00,873047.0
2023-04-14 20:00:00,841714.6
2023-04-14 21:00:00,775940.4
2023-04-14 22:00:00,691308.6
2023-04-14 23:00:00,610958.5
2023-04-15 00:00:00,546509.6
2023-04-15 01:00:00,502085.5
2023-04-15 02:00:00,474412.2
2023-04-15 03:00:00,462899.7
2023-04-15 04:00:00,457836.9
2023-04-15 05:00:00,470608.8
2023-04-15 06:00:00,521241.8
2023-04-15 07:00:00,596729.8
2023-04-15 08:00:00,670388.0
2023-04-15 09:00:00,736151.6
2023-04-15 10:00:00,788827.5
2023-04-15 11:00:00,811500.2
2023-04-15 12:00:00,825157.5
2023-04-15 13:00:00,829812.5
2023-04-15 14:00:00,832789.9
2023-04-15 15:00:00,846465.1
2023-04-15 16:00:00,871711.9
2023-04-15 17:00:00,877470.3
2023-04-15 18:00:00,856181.7
2023-04-15 19:00:00,848041.3
2023-04-15 20:00:00,820517.7
2023-04-15 21:00:00,758987.9
2023-04-15 22:00:00,677641.2
2023-04-15 23:00:00,602702.6
2023-04-16 00:00:00,539788.1
2023-04-16 01:00:00,495197.1
2023-04-16 02:00:00,464777.3
2023-04-16 03:00:00,450867.8
2023-04-16 04:00:00,443461.6
2023-04-16 05:00:00,453721.8
2023-04-16 06:00:00,497432.9
2023-04-16 07:00:00,572513.1
2023-04-16 08:00:00,651469.4
2023-04-16 09:00:00,719200.7
2023-04-16 10:00:00,774116.5
2023-04-16 11:00:00,807728.7
2023-04-16 12:00:00,813418.3
2023-04-16 13:00:00,817117.7
2023-04-16 14:00:00,829214.6
2023-04-16 15:00:00,847750.5
2023-04-16 16:00:00,875157.7
2023-04-16 17:00:00,881615.5
2023-04-16 18:00:00,898610.9
2023-04-16 19:00:00,885207.3
2023-04-16 20:00:00,830771.7
2023-04-16 21:00:00,741599.3
2023-04-16 22:00:00,639370.8
2023-04-16 23:00:00,553584.6
2023-04-17 00:00:00,491057.4
2023-04-17 01:00:00,454713.9
2023-04-17 02:00:00,435677.1
2023-04-17 03:00:00,434711.8
2023-04-17 04:00:00,447376.3
2023-04-17 05:00:00,488102.8
2023-04-17 06:00:00,561007.2
2023-04-17 07:00:00,601729.5
2023-04-17 08:00:00,627475.8
2023-04-17 09:00:00,653886.7
2023-04-17 10:00:00,679023.7
2023-04-17 11:00:00,699653.2
2023-04-17 12:00:00,697280.6
2023-04-17 13:00:00,692567.0
2023-04-17 14:00:00,702904.9
2023-04-17 15:00:00,743845.2
2023-04-17 16:00:00,793454.1
2023-04-17 17:00:00,825614.3
2023-04-17 18:00:00,843037.2
2023-04-17 19:00:00,835592.4
2023-04-17 20:00:00,796828.1
2023-04-17 21:00:00,720553.2
2023-04-17 22:00:00,632138.5
2023-04-17 23:00:00,562700.7
2023-04-18 00:00:00,516496.3
2023-04-18 01:00:00,489804.7
2023-04-18 02:00:00,478185.1
2023-04-18 03:00:00,483479.6
2023-04-18 04:00:00,504283.4
2023-04-18 05:00:00,555860.9
2023-04-18 06:00:00,633286.8
2023-04-18 07:00:00,663835.7
2023-04-18 08:00:00,681993.8
2023-04-18 09:00:00,712204.2
2023-04-18 10:00:00,744515.8
2023-04-18 11:00:00,751081.1
2023-04-18 12:00:00,745819.3
2023-04-18 13:00:00,740775.8
2023-04-18 14:00:00,746078.1
2023-04-18 15:00:00,770344.4
2023-04-18 16:00:00,809851.1
2023-04-18 17:00:00,849156.8
2023-04-18 18:00:00,872949.1
2023-04-18 19:00:00,875227.7
2023-04-18 20:00:00,837187.4
2023-04-18 21:00:00,757691.3
2023-04-18 22:00:00,671167.6
2023-04-18 23:00:00,599347.4
2023-04-19 00:00:00,549945.3
2023-04-19 01:00:00,524270.0
2023-04-19 02:00:00,513850.3
2023-04-19 03:00:00,520260.5
2023-04-19 04:00:00,543076.9
2023-04-19 05:00:00,593763.2
2023-04-19 06:00:00,667498.5
2023-04-19 07:00:00,697690.3
2023-04-19 08:00:00,716416.3
2023-04-19 09:00:00,730481.0
2023-04-19 10:00:00,744502.7
2023-04-19 11:00:00,750273.1
2023-04-19 12:00:00,730248.1
2023-04-19 13:00:00,711531.9
2023-04-19 14:00:00,707135.3
2023-04-19 15:00:00,731120.2
2023-04-19 16:00:00,763659.1
2023-04-19 17:00:00,787069.9
2023-04-19 18:00:00,815250.9
2023-04-19 19:00:00,837562.4
2023-04-19 20:00:00,809585.9
2023-04-19 21:00:00,738103.9
2023-04-19 22:00:00,647234.2
2023-04-19 23:00:00,576557.8
2023-04-20 00:00:00,526166.9
2023-04-20 01:00:00,500281.9
2023-04-20 02:00:00,488653.8
2023-04-20 03:00:00,495322.6
2023-04-20 04:00:00,516929.7
2023-04-20 05:00:00,565390.6
2023-04-20 06:00:00,641774.5
2023-04-20 07:00:00,674823.5
2023-04-20 08:00:00,688823.7
2023-04-20 09:00:00,698670.9
2023-04-20 10:00:00,715638.3
2023-04-20 11:00:00,727362.7
2023-04-20 12:00:00,713756.0
2023-04-20 13:00:00,701093.2
2023-04-20 14:00:00,701735.1
2023-04-20 15:00:00,724099.3
2023-04-20 16:00:00,755817.4
2023-04-20 17:00:00,780212.1
2023-04-20 18:00:00,810619.6
2023-04-20 19:00:00,830610.0
2023-04-20 20:00:00,803517.0
2023-04-20 21:00:00,737138.7
2023-04-20 22:00:00,649150.6
2023-04-20 23:00:00,577940.7
2023-04-21 00:00:00,525505.4
2023-04-21 01:00:00,494964.4
2023-04-21 02:00:00,478620.6
2023-04-21 03:00:00,479112.8
2023-04-21 04:00:00,502745.4
2023-04-21 05:00:00,548999.1
2023-04-21 06:00:00,617227.9
2023-04-21 07:00:00,645651.5
2023-04-21 08:00:00,661944.0
2023-04-21 09:00:00,684462.5
2023-04-21 10:00:00,700712.6
2023-04-21 11:00:00,705799.9
2023-04-21 12:00:00,689753.7
2023-04-21 13:00:00,674565.6
2023-04-21 14:00:00,672170.5
2023-04-21 15:00:00,692651.4
2023-04-21 16:00:00,720066.9
2023-04-21 17:00:00,729462.1
2023-04-21 18:00:00,748054.0
2023-04-21 19:00:00,768470.7
2023-04-21 20:00:00,748766.4
2023-04-21 21:00:00,694756.2
2023-04-21 22:00:00,623916.9
2023-04-21 23:00:00,558172.7
2023-04-22 00:00:00,507072.2
2023-04-22 01:00:00,475720.7
2023-04-22 02:00:00,456126.4
2023-04-22 03:00:00,448769.7
2023-04-22 04:00:00,455284.6
2023-04-22 05:00:00,479936.5
2023-04-22 06:00:00,533858.9
2023-04-22 07:00:00,608523.8
2023-04-22 08:00:00,685956.0
2023-04-22 09:00:00,747736.2
2023-04-22 10:00:00,805702.9
2023-04-22 11:00:00,829674.8
2023-04-22 12:00:00,815170.9
2023-04-22 13:00:00,798734.7
2023-04-22 14:00:00,790848.6
2023-04-22 15:00:00,794419.3
2023-04-22 16:00:00,812420.6
2023-04-22 17:00:00,809599.3
2023-04-22 18:00:00,787141.2
2023-04-22 19:00:00,795343.2
2023-04-22 20:00:00,774608.8
2023-04-22 21:00:00,724019.6
2023-04-22 22:00:00,654994.5
2023-04-22 23:00:00,588740.7
2023-04-23 00:00:00,534051.3
2023-04-23 01:00:00,499013.6
2023-04-23 02:00:00,477169.7
2023-04-23 03:00:00,468285.5
2023-04-23 04:00:00,473664.9
2023-04-23 05:00:00,494748.3
2023-04-23 06:00:00,538622.9
2023-04-23 07:00:00,598949.3
2023-04-23 08:00:00,659334.0
2023-04-23 09:00:00,715040.0
2023-04-23 10:00:00,763256.7
2023-04-23 11:00:00,793327.8
2023-04-23 12:00:00,791187.1
2023-04-23 13:00:00,787768.0
2023-04-23 14:00:00,797016.1
2023-04-23 15:00:00,817976.5
2023-04-23 16:00:00,847383.1
2023-04-23 17:00:00,860795.9
2023-04-23 18:00:00,859615.1
2023-04-23 19:00:00,859850.0
2023-04-23 20:00:00,826245.8
2023-04-23 21:00:00,749651.7
2023-04-23 22:00:00,655064.8
2023-04-23 23:00:00,578582.9
2023-04-24 00:00:00,525701.0
2023-04-24 01:00:00,495206.1
2023-04-24 02:00:00,481738.4
2023-04-24 03:00:00,483947.2
2023-04-24 04:00:00,508253.3
2023-04-24 05:00:00,558983.3
2023-04-24 06:00:00,632947.2
2023-04-24 07:00:00,658573.2
2023-04-24 08:00:00,677042.4
2023-04-24 09:00:00,706423.1
2023-04-24 10:00:00,738634.8
2023-04-24 11:00:00,750279.2
2023-04-24 12:00:00,738394.9
2023-04-24 13:00:00,724630.0
2023-04-24 14:00:00,730367.7
2023-04-24 15:00:00,764015.1
2023-04-24 16:00:00,801940.2
2023-04-24 17:00:00,822879.7
2023-04-24 18:00:00,822347.6
2023-04-24 19:00:00,842546.6
2023-04-24 20:00:00,820131.5
2023-04-24 21:00:00,750276.9
2023-04-24 22:00:00,658288.7
2023-04-24 23:00:00,584666.3
2023-04-25 00:00:00,532833.4
2023-04-25 01:00:00,503889.1
2023-04-25 02:00:00,491034.8
2023-04-25 03:00:00,494370.8
2023-04-25 04:00:00,520586.8
2023-04-25 05:00:00,573495.2
2023-04-25 06:00:00,637234.3
2023-04-25 07:00:00,656251.2
2023-04-25 08:00:00,665848.4
2023-04-25 09:00:00,686873.3
2023-04-25 10:00:00,714008.2
2023-04-25 11:00:00,732469.8
2023-04-25 12:00:00,719063.5
2023-04-25 13:00:00,705527.5
2023-04-25 14:00:00,712270.9
2023-04-25 15:00:00,742560.0
2023-04-25 16:00:00,778256.3
2023-04-25 17:00:00,787997.4
2023-04-25 18:00:00,799692.2
2023-04-25 19:00:00,827333.4
2023-04-25 20:00:00,812552.9
2023-04-25 21:00:00,742042.3
2023-04-25 22:00:00,653131.3
2023-04-25 23:00:00,580891.6
2023-04-26 00:00:00,532328.1
2023-04-26 01:00:00,505409.3
2023-04-26 02:00:00,494840.5
2023-04-26 03:00:00,500125.4
2023-04-26 04:00:00,526731.8
2023-04-26 05:00:00,579486.8
2023-04-26 06:00:00,644761.2
2023-04-26 07:00:00,660467.6
2023-04-26 08:00:00,671552.0
2023-04-26 09:00:00,689224.3
2023-04-26 10:00:00,709298.3
2023-04-26 11:00:00,718430.4
2023-04-26 12:00:00,720615.2
2023-04-26 13:00:00,715072.1
2023-04-26 14:00:00,723478.4
2023-04-26 15:00:00,759437.0
2023-04-26 16:00:00,801098.9
2023-04-26 17:00:00,819616.6
2023-04-26 18:00:00,822640.7
2023-04-26 19:00:00,834006.3
2023-04-26 20:00:00,811463.6
2023-04-26 21:00:00,739920.1
2023-04-26 22:00:00,649474.3
2023-04-26 23:00:00,581504.7
2023-04-27 00:00:00,534950.5
2023-04-27 01:00:00,509157.9
2023-04-27 02:00:00,498552.6
2023-04-27 03:00:00,503128.8
2023-04-27 04:00:00,531051.1
2023-04-27 05:00:00,583819.8
2023-04-27 06:00:00,646085.3
2023-04-27 07:00:00,658295.5
2023-04-27 08:00:00,667841.9
2023-04-27 09:00:00,685823.5
2023-04-27 10:00:00,703255.4
2023-04-27 11:00:00,708228.9
2023-04-27 12:00:00,694816.3
2023-04-27 13:00:00,680554.9
2023-04-27 14:00:00,678239.2
2023-04-27 15:00:00,700578.1
2023-04-27 16:00:00,730270.5
2023-04-27 17:00:00,748311.5
2023-04-27 18:00:00,762878.9
2023-04-27 19:00:00,793915.6
2023-04-27 20:00:00,785945.6
2023-04-27 21:00:00,723766.0
2023-04-27 22:00:00,635578.2
2023-04-27 23:00:00,566576.2
2023-04-28 00:00:00,518381.0
2023-04-28 01:00:00,489131.8
2023-04-28 02:00:00,477033.9
2023-04-28 03:00:00,476998.3
2023-04-28 04:00:00,499931.7
2023-04-28 05:00:00,546042.8
2023-04-28 06:00:00,609831.9
2023-04-28 07:00:00,637569.1
2023-04-28 08:00:00,663911.8
2023-04-28 09:00:00,689344.5
2023-04-28 10:00:00,711420.7
2023-04-28 11:00:00,726026.9
2023-04-28 12:00:00,715778.2
2023-04-28 13:00:00,708713.6
2023-04-28 14:00:00,724518.2
2023-04-28 15:00:00,753573.7
2023-04-28 16:00:00,778636.0
2023-04-28 17:00:00,784330.7
2023-04-28 18:00:00,795769.5
2023-04-28 19:00:00,805119.0
2023-04-28 20:00:00,781400.9
2023-04-28 21:00:00,726434.0
2023-04-28 22:00:00,656691.8
2023-04-28 23:00:00,591175.7
2023-04-29 00:00:00,538948.6
2023-04-29 01:00:00,504901.8
2023-04-29 02:00:00,485269.4
2023-04-29 03:00:00,480474.3
2023-04-29 04:00:00,490070.0
2023-04-29 05:00:00,517419.0
2023-04-29 06:00:00,574016.8
2023-04-29 07:00:00,653044.2
2023-04-29 08:00:00,727933.1
2023-04-29 09:00:00,785631.1
2023-04-29 10:00:00,827688.3
2023-04-29 11:00:00,844522.6
2023-04-29 12:00:00,841513.1
2023-04-29 13:00:00,829738.6
2023-04-29 14:00:00,816489.8
2023-04-29 15:00:00,823175.9
2023-04-29 16:00:00,837017.9
2023-04-29 17:00:00,840131.6
2023-04-29 18:00:00,828524.9
2023-04-29 19:00:00,821132.1
2023-04-29 20:00:00,791727.0
2023-04-29 21:00:00,737695.9
2023-04-29 22:00:00,667650.5
2023-04-29 23:00:00,599823.8
2023-04-30 00:00:00,543426.0
2023-04-30 01:00:00,507632.7
2023-04-30 02:00:00,483592.3
2023-04-30 03:00:00,473749.6
2023-04-30 04:00:00,478557.0
2023-04-30 05:00:00,499113.2
2023-04-30 06:00:00,543220.8
2023-04-30 07:00:00,605691.3
2023-04-30 08:00:00,676202.8
2023-04-30 09:00:00,746410.4
2023-04-30 10:00:00,799052.0
2023-04-30 11:00:00,821021.3
2023-04-30 12:00:00,821515.7
2023-04-30 13:00:00,818240.5
2023-04-30 14:00:00,821452.3
2023-04-30 15:00:00,831990.7
2023-04-30 16:00:00,868457.5
2023-04-30 17:00:00,882882.4
2023-04-30 18:00:00,870375.8
2023-04-30 19:00:00,861009.3
2023-04-30 20:00:00,826825.1
2023-04-30 21:00:00,749978.9
2023-04-30 22:00:00,654081.3
2023-04-30 23:00:00,576300.3
2023-05-01 00:00:00,521106.9
2023-05-01 01:00:00,491702.9
2023-05-01 02:00:00,477159.7
2023-05-01 03:00:00,478681.8
2023-05-01 04:00:00,502993.7
2023-05-01 05:00:00,554466.1
2023-05-01 06:00:00,622707.2
2023-05-01 07:00:00,642939.3
2023-05-01 08:00:00,661161.2
2023-05-01 09:00:00,687219.0
2023-05-01 10:00:00,713041.9
2023-05-01 11:00:00,720894.7
2023-05-01 12:00:00,708299.3
2023-05-01 13:00:00,712204.2
2023-05-01 14:00:00,717478.1
2023-05-01 15:00:00,755201.0
2023-05-01 16:00:00,781727.2
2023-05-01 17:00:00,821186.2
2023-05-01 18:00:00,821534.5
2023-05-01 19:00:00,829156.1
2023-05-01 20:00:00,806039.5
2023-05-01 21:00:00,736081.7
2023-05-01 22:00:00,643947.7
2023-05-01 23:00:00,571602.4
2023-05-02 00:00:00,522215.1
2023-05-02 01:00:00,494955.8
2023-05-02 02:00:00,481595.6
2023-05-02 03:00:00,484057.3
2023-05-02 04:00:00,509801.3
2023-05-02 05:00:00,563819.8
2023-05-02 06:00:00,632002.5
2023-05-02 07:00:00,655600.0
2023-05-02 08:00:00,670723.1
2023-05-02 09:00:00,697214.0
2023-05-02 10:00:00,725078.2
2023-05-02 11:00:00,731903.1
2023-05-02 12:00:00,718629.4
2023-05-02 13:00:00,721694.1
2023-05-02 14:00:00,729907.7
2023-05-02 15:00:00,767370.5
2023-05-02 16:00:00,816115.5
2023-05-02 17:00:00,838837.5
2023-05-02 18:00:00,844164.9
2023-05-02 19:00:00,849818.9
2023-05-02 20:00:00,821255.0
2023-05-02 21:00:00,745675.6
2023-05-02 22:00:00,657027.4
2023-05-02 23:00:00,588093.3
2023-05-03 00:00:00,538786.0
2023-05-03 01:00:00,510858.0
2023-05-03 02:00:00,497379.9
2023-05-03 03:00:00,498254.6
2023-05-03 04:00:00,522430.3
2023-05-03 05:00:00,574670.9
2023-05-03 06:00:00,650968.4
2023-05-03 07:00:00,679350.3
2023-05-03 08:00:00,696573.8
2023-05-03 09:00:00,721243.7
2023-05-03 10:00:00,743516.0
2023-05-03 11:00:00,752113.8
2023-05-03 12:00:00,736973.5
2023-05-03 13:00:00,724929.6
2023-05-03 14:00:00,728773.8
2023-05-03 15:00:00,764264.5
2023-05-03 16:00:00,804874.4
2023-05-03 17:00:00,814841.3
2023-05-03 18:00:00,818371.0
2023-05-03 19:00:00,833847.9
2023-05-03 20:00:00,811852.6
2023-05-03 21:00:00,739317.1
2023-05-03 22:00:00,644489.1
2023-05-03 23:00:00,572783.0
2023-05-04 00:00:00,519735.1
2023-05-04 01:00:00,492431.8
2023-05-04 02:00:00,479566.8
2023-05-04 03:00:00,482283.89999999997
2023-05-04 04:00:00,507373.4
2023-05-04 05:00:00,557206.5
2023-05-04 06:00:00,622286.5
2023-05-04 07:00:00,643497.0
2023-05-04 08:00:00,666764.3
2023-05-04 09:00:00,692865.4
2023-05-04 10:00:00,712020.7
2023-05-04 11:00:00,719081.5
2023-05-04 12:00:00,707252.8
2023-05-04 13:00:00,691456.8
2023-05-04 14:00:00,691047.6
2023-05-04 15:00:00,715909.9
2023-05-04 16:00:00,755192.9
2023-05-04 17:00:00,775218.1
2023-05-04 18:00:00,790190.1
2023-05-04 19:00:00,807966.5
2023-05-04 20:00:00,786665.2
2023-05-04 21:00:00,718322.4
2023-05-04 22:00:00,631968.5
2023-05-04 23:00:00,558898.2
2023-05-05 00:00:00,509062.1
2023-05-05 01:00:00,481776.3
2023-05-05 02:00:00,467391.6
2023-05-05 03:00:00,467766.1
2023-05-05 04:00:00,490841.9
2023-05-05 05:00:00,539430.2
2023-05-05 06:00:00,608829.0
2023-05-05 07:00:00,643152.1
2023-05-05 08:00:00,663252.0
2023-05-05 09:00:00,684018.0
2023-05-05 10:00:00,701034.4
2023-05-05 11:00:00,706719.6
2023-05-05 12:00:00,693043.6
2023-05-05 13:00:00,679259.6
2023-05-05 14:00:00,678416.3
2023-05-05 15:00:00,695204.4
2023-05-05 16:00:00,719841.6
2023-05-05 17:00:00,727521.8
2023-05-05 18:00:00,732886.8
2023-05-05 19:00:00,756431.3
2023-05-05 20:00:00,759522.1
2023-05-05 21:00:00,706657.7
2023-05-05 22:00:00,634536.1
2023-05-05 23:00:00,568767.8
2023-05-06 00:00:00,518132.0
2023-05-06 01:00:00,485221.5
2023-05-06 02:00:00,466846.7
2023-05-06 03:00:00,462684.0
2023-05-06 04:00:00,473824.4
2023-05-06 05:00:00,499660.4
2023-05-06 06:00:00,547370.5
2023-05-06 07:00:00,606596.5
2023-05-06 08:00:00,660572.4
2023-05-06 09:00:00,700334.5
2023-05-06 10:00:00,731036.4
2023-05-06 11:00:00,741334.2
2023-05-06 12:00:00,731587.6
2023-05-06 13:00:00,716684.1
2023-05-06 14:00:00,706640.0
2023-05-06 15:00:00,708803.1
2023-05-06 16:00:00,727752.0
2023-05-06 17:00:00,733180.2
2023-05-06 18:00:00,728740.8
2023-05-06 19:00:00,742694.7
2023-05-06 20:00:00,742101.6
2023-05-06 21:00:00,693783.7
2023-05-06 22:00:00,623639.9
2023-05-06 23:00:00,553685.3
2023-05-07 00:00:00,500667.5
2023-05-07 01:00:00,466797.5
2023-05-07 02:00:00,444716.7
2023-05-07 03:00:00,436302.3
2023-05-07 04:00:00,440795.8
2023-05-07 05:00:00,459656.8
2023-05-07 06:00:00,502484.3
2023-05-07 07:00:00,566300.7
2023-05-07 08:00:00,625156.3
2023-05-07 09:00:00,677500.7
2023-05-07 10:00:00,726700.0
2023-05-07 11:00:00,770409.6
2023-05-07 12:00:00,783423.0
2023-05-07 13:00:00,781715.3
2023-05-07 14:00:00,784174.6
2023-05-07 15:00:00,799195.9
2023-05-07 16:00:00,828180.9
2023-05-07 17:00:00,845414.0
2023-05-07 18:00:00,837107.0
2023-05-07 19:00:00,829765.1
2023-05-07 20:00:00,795218.7
2023-05-07 21:00:00,716983.9
2023-05-07 22:00:00,619094.5
2023-05-07 23:00:00,538345.4
2023-05-08 00:00:00,486145.3
2023-05-08 01:00:00,458725.4
2023-05-08 02:00:00,444841.7
2023-05-08 03:00:00,446665.7
2023-05-08 04:00:00,469642.4
2023-05-08 05:00:00,517871.1
2023-05-08 06:00:00,585766.0
2023-05-08 07:00:00,609016.6
2023-05-08 08:00:00,628675.3
2023-05-08 09:00:00,654583.7
2023-05-08 10:00:00,674627.4
2023-05-08 11:00:00,687705.0
2023-05-08 12:00:00,678585.1
2023-05-08 13:00:00,667530.9
2023-05-08 14:00:00,670790.7
2023-05-08 15:00:00,697896.1
2023-05-08 16:00:00,736206.4
2023-05-08 17:00:00,751441.0
2023-05-08 18:00:00,759948.4
2023-05-08 19:00:00,779775.9
2023-05-08 20:00:00,768078.6
2023-05-08 21:00:00,692339.7
2023-05-08 22:00:00,599897.4
2023-05-08 23:00:00,526033.2
2023-05-09 00:00:00,474938.8
2023-05-09 01:00:00,447013.6
2023-05-09 02:00:00,434107.6
2023-05-09 03:00:00,435326.7
2023-05-09 04:00:00,459922.3
2023-05-09 05:00:00,508829.5
2023-05-09 06:00:00,578457.7
2023-05-09 07:00:00,601806.8
2023-05-09 08:00:00,619265.4
2023-05-09 09:00:00,644511.9
2023-05-09 10:00:00,663596.5
2023-05-09 11:00:00,674964.2
2023-05-09 12:00:00,665541.9
2023-05-09 13:00:00,656767.0
2023-05-09 14:00:00,660539.3
2023-05-09 15:00:00,687973.8
2023-05-09 16:00:00,727816.9
2023-05-09 17:00:00,748474.6
2023-05-09 18:00:00,755754.5
2023-05-09 19:00:00,771387.9
2023-05-09 20:00:00,757694.6
2023-05-09 21:00:00,684572.9
2023-05-09 22:00:00,597126.1
2023-05-09 23:00:00,525418.8
2023-05-10 00:00:00,477678.5
2023-05-10 01:00:00,450264.4
2023-05-10 02:00:00,437859.3
2023-05-10 03:00:00,440636.0
2023-05-10 04:00:00,465889.5
2023-05-10 05:00:00,516275.9
2023-05-10 06:00:00,582452.2
2023-05-10 07:00:00,604460.2
2023-05-10 08:00:00,621043.6
2023-05-10 09:00:00,645952.7
2023-05-10 10:00:00,666754.4
2023-05-10 11:00:00,677528.6
2023-05-10 12:00:00,670195.0
2023-05-10 13:00:00,662965.7
2023-05-10 14:00:00,667770.8
2023-05-10 15:00:00,694044.2
2023-05-10 16:00:00,729463.5
2023-05-10 17:00:00,744336.3
2023-05-10 18:00:00,753454.8
2023-05-10 19:00:00,765376.9
2023-05-10 20:00:00,760847.4
2023-05-10 21:00:00,696566.3
2023-05-10 22:00:00,604471.3
2023-05-10 23:00:00,526956.3
2023-05-11 00:00:00,471397.4
2023-05-11 01:00:00,440354.5
2023-05-11 02:00:00,425715.7
2023-05-11 03:00:00,424238.4
2023-05-11 04:00:00,445802.7
2023-05-11 05:00:00,493362.5
2023-05-11 06:00:00,564172.2
2023-05-11 07:00:00,592310.7
2023-05-11 08:00:00,617300.9
2023-05-11 09:00:00,647597.5
2023-05-11 10:00:00,675708.0
2023-05-11 11:00:00,692932.8
2023-05-11 12:00:00,692101.7
2023-05-11 13:00:00,691427.2
2023-05-11 14:00:00,702599.4
2023-05-11 15:00:00,734516.8
2023-05-11 16:00:00,777240.7
2023-05-11 17:00:00,799007.2
2023-05-11 18:00:00,803931.6
2023-05-11 19:00:00,815698.2
2023-05-11 20:00:00,818026.3
2023-05-11 21:00:00,755874.4
2023-05-11 22:00:00,660648.8
2023-05-11 23:00:00,572655.6
2023-05-12 00:00:00,510234.9
2023-05-12 01:00:00,469930.1
2023-05-12 02:00:00,447113.0
2023-05-12 03:00:00,439985.4
2023-05-12 04:00:00,453867.8
2023-05-12 05:00:00,493246.7
2023-05-12 06:00:00,566770.9
2023-05-12 07:00:00,616961.9
2023-05-12 08:00:00,663483.0
2023-05-12 09:00:00,713529.3
2023-05-12 10:00:00,750746.9
2023-05-12 11:00:00,785298.0
2023-05-12 12:00:00,796598.0
2023-05-12 13:00:00,806149.5
2023-05-12 14:00:00,822906.3
2023-05-12 15:00:00,847161.1
2023-05-12 16:00:00,868544.6
2023-05-12 17:00:00,873479.6
2023-05-12 18:00:00,867088.2
2023-05-12 19:00:00,865143.4
2023-05-12 20:00:00,861274.6
2023-05-12 21:00:00,805001.0
2023-05-12 22:00:00,723524.4
2023-05-12 23:00:00,642437.7
2023-05-13 00:00:00,571437.4
2023-05-13 01:00:00,518069.2
2023-05-13 02:00:00,486453.5
2023-05-13 03:00:00,467057.6
2023-05-13 04:00:00,462645.6
2023-05-13 05:00:00,479939.2
2023-05-13 06:00:00,537456.7
2023-05-13 07:00:00,615512.8
2023-05-13 08:00:00,694293.7
2023-05-13 09:00:00,762510.4
2023-05-13 10:00:00,805988.6
2023-05-13 11:00:00,826858.0
2023-05-13 12:00:00,826535.6
2023-05-13 13:00:00,824221.4
2023-05-13 14:00:00,825014.8
2023-05-13 15:00:00,836481.0
2023-05-13 16:00:00,856987.9
2023-05-13 17:00:00,855745.0
2023-05-13 18:00:00,830919.6
2023-05-13 19:00:00,810273.2
2023-05-13 20:00:00,798738.9
2023-05-13 21:00:00,741401.2
2023-05-13 22:00:00,661426.9
2023-05-13 23:00:00,583831.2
2023-05-14 00:00:00,518684.5
2023-05-14 01:00:00,474686.4
2023-05-14 02:00:00,446283.7
2023-05-14 03:00:00,431713.0
2023-05-14 04:00:00,429698.3
2023-05-14 05:00:00,446286.1
2023-05-14 06:00:00,496731.3
2023-05-14 07:00:00,566874.5
2023-05-14 08:00:00,633638.3
2023-05-14 09:00:00,688780.4
2023-05-14 10:00:00,725073.9
2023-05-14 11:00:00,737950.8
2023-05-14 12:00:00,730049.1
2023-05-14 13:00:00,721308.4
2023-05-14 14:00:00,718188.4
2023-05-14 15:00:00,729437.3
2023-05-14 16:00:00,752697.4
2023-05-14 17:00:00,766708.5
2023-05-14 18:00:00,763927.9
2023-05-14 19:00:00,780095.1
2023-05-14 20:00:00,781289.1
2023-05-14 21:00:00,717943.6
2023-05-14 22:00:00,616815.6
2023-05-14 23:00:00,532100.6
2023-05-15 00:00:00,473961.0
2023-05-15 01:00:00,441942.9
2023-05-15 02:00:00,425519.9
2023-05-15 03:00:00,424051.8
2023-05-15 04:00:00,444467.0
2023-05-15 05:00:00,490297.3
2023-05-15 06:00:00,559485.5
2023-05-15 07:00:00,593094.0
2023-05-15 08:00:00,618465.7
2023-05-15 09:00:00,651280.4
2023-05-15 10:00:00,677245.2
2023-05-15 11:00:00,696198.9
2023-05-15 12:00:00,692368.8
2023-05-15 13:00:00,690648.8
2023-05-15 14:00:00,702151.6
2023-05-15 15:00:00,733883.5
2023-05-15 16:00:00,776677.5
2023-05-15 17:00:00,792739.0
2023-05-15 18:00:00,787250.6
2023-05-15 19:00:00,789566.7
2023-05-15 20:00:00,782896.4
2023-05-15 21:00:00,708983.2
2023-05-15 22:00:00,611267.0
2023-05-15 23:00:00,528863.4
2023-05-16 00:00:00,472626.0
2023-05-16 01:00:00,441199.8
2023-05-16 02:00:00,424077.2
2023-05-16 03:00:00,422210.4
2023-05-16 04:00:00,441106.0
2023-05-16 05:00:00,485035.6
2023-05-16 06:00:00,557854.6
2023-05-16 07:00:00,587062.8
2023-05-16 08:00:00,611790.1
2023-05-16 09:00:00,645738.2
2023-05-16 10:00:00,675714.8
2023-05-16 11:00:00,695676.5
2023-05-16 12:00:00,694988.5
2023-05-16 13:00:00,696846.0
2023-05-16 14:00:00,702516.3
2023-05-16 15:00:00,723245.0
2023-05-16 16:00:00,753997.6
2023-05-16 17:00:00,768415.5
2023-05-16 18:00:00,767094.5
2023-05-16 19:00:00,767435.9
2023-05-16 20:00:00,761568.7
2023-05-16 21:00:00,692515.4
2023-05-16 22:00:00,600506.8
2023-05-16 23:00:00,521990.6
2023-05-17 00:00:00,469770.7
2023-05-17 01:00:00,441095.1
2023-05-17 02:00:00,429090.8
2023-05-17 03:00:00,430690.9
2023-05-17 04:00:00,454875.6
2023-05-17 05:00:00,504396.0
2023-05-17 06:00:00,579262.4
2023-05-17 07:00:00,610825.1
2023-05-17 08:00:00,632477.1
2023-05-17 09:00:00,657628.6
2023-05-17 10:00:00,677368.3
2023-05-17 11:00:00,688367.4
2023-05-17 12:00:00,677262.8
2023-05-17 13:00:00,665615.0
2023-05-17 14:00:00,668334.8
2023-05-17 15:00:00,694276.4
2023-05-17 16:00:00,730256.6
2023-05-17 17:00:00,744850.7
2023-05-17 18:00:00,751299.0
2023-05-17 19:00:00,768351.5
2023-05-17 20:00:00,771422.7
2023-05-17 21:00:00,708132.4
2023-05-17 22:00:00,615141.5
2023-05-17 23:00:00,541465.3
2023-05-18 00:00:00,491042.5
2023-05-18 01:00:00,463393.2
2023-05-18 02:00:00,451509.2
2023-05-18 03:00:00,454018.0
2023-05-18 04:00:00,480286.8
2023-05-18 05:00:00,528715.3
2023-05-18 06:00:00,596342.5
2023-05-18 07:00:00,619744.2
2023-05-18 08:00:00,639863.2
2023-05-18 09:00:00,662057.4
2023-05-18 10:00:00,678884.3
2023-05-18 11:00:00,687004.4
2023-05-18 12:00:00,675902.5
2023-05-18 13:00:00,666345.9
2023-05-18 14:00:00,666690.3
2023-05-18 15:00:00,690081.7
2023-05-18 16:00:00,721371.5
2023-05-18 17:00:00,734985.6
2023-05-18 18:00:00,746331.6
2023-05-18 19:00:00,763856.1
2023-05-18 20:00:00,763736.5
2023-05-18 21:00:00,701955.8
2023-05-18 22:00:00,614256.9
2023-05-18 23:00:00,542137.1
2023-05-19 00:00:00,490906.4
2023-05-19 01:00:00,461721.6
2023-05-19 02:00:00,447845.5
2023-05-19 03:00:00,447804.1
2023-05-19 04:00:00,468121.7
2023-05-19 05:00:00,511033.4
2023-05-19 06:00:00,575883.1
2023-05-19 07:00:00,607707.2
2023-05-19 08:00:00,635076.4
2023-05-19 09:00:00,663088.2
2023-05-19 10:00:00,684682.1
2023-05-19 11:00:00,695651.2
2023-05-19 12:00:00,686328.5
2023-05-19 13:00:00,678225.5
2023-05-19 14:00:00,681310.0
2023-05-19 15:00:00,700354.2
2023-05-19 16:00:00,725467.7
2023-05-19 17:00:00,734346.0
2023-05-19 18:00:00,741206.9
2023-05-19 19:00:00,752053.6
2023-05-19 20:00:00,742328.6
2023-05-19 21:00:00,689079.9
2023-05-19 22:00:00,615988.1
2023-05-19 23:00:00,546533.0
2023-05-20 00:00:00,494413.7
2023-05-20 01:00:00,460207.2
2023-05-20 02:00:00,437356.1
2023-05-20 03:00:00,427552.3
2023-05-20 04:00:00,430208.5
2023-05-20 05:00:00,449578.0
2023-05-20 06:00:00,497341.7
2023-05-20 07:00:00,569907.5
2023-05-20 08:00:00,647031.4
2023-05-20 09:00:00,712121.3
2023-05-20 10:00:00,762798.0
2023-05-20 11:00:00,780290.2
2023-05-20 12:00:00,765091.2
2023-05-20 13:00:00,745610.7
2023-05-20 14:00:00,729135.7
2023-05-20 15:00:00,724250.1
2023-05-20 16:00:00,737120.1
2023-05-20 17:00:00,744479.2
2023-05-20 18:00:00,743010.8
2023-05-20 19:00:00,739520.4
2023-05-20 20:00:00,725663.7
2023-05-20 21:00:00,678468.6
2023-05-20 22:00:00,608660.3
2023-05-20 23:00:00,545348.6
2023-05-21 00:00:00,492494.5
2023-05-21 01:00:00,458275.3
2023-05-21 02:00:00,435348.2
2023-05-21 03:00:00,426051.4
2023-05-21 04:00:00,428426.3
2023-05-21 05:00:00,445945.6
2023-05-21 06:00:00,487322.1
2023-05-21 07:00:00,545066.6
2023-05-21 08:00:00,602263.1
2023-05-21 09:00:00,648377.2
2023-05-21 10:00:00,683805.7
2023-05-21 11:00:00,701388.2
2023-05-21 12:00:00,699811.0
2023-05-21 13:00:00,694072.0
2023-05-21 14:00:00,696223.1
2023-05-21 15:00:00,706004.9
2023-05-21 16:00:00,728183.6
2023-05-21 17:00:00,735723.0
2023-05-21 18:00:00,726663.3
2023-05-21 19:00:00,725238.7
2023-05-21 20:00:00,728864.0
2023-05-21 21:00:00,684427.3
2023-05-21 22:00:00,615745.4
2023-05-21 23:00:00,546026.6
2023-05-22 00:00:00,489622.7
2023-05-22 01:00:00,453205.4
2023-05-22 02:00:00,430850.1
2023-05-22 03:00:00,420582.4
2023-05-22 04:00:00,421136.8
2023-05-22 05:00:00,433873.2
2023-05-22 06:00:00,469121.3
2023-05-22 07:00:00,524468.5
2023-05-22 08:00:00,583967.3
2023-05-22 09:00:00,638439.4
2023-05-22 10:00:00,683228.1
2023-05-22 11:00:00,707394.4
2023-05-22 12:00:00,702158.3
2023-05-22 13:00:00,694069.8
2023-05-22 14:00:00,693525.2
2023-05-22 15:00:00,713104.8
2023-05-22 16:00:00,750748.1
2023-05-22 17:00:00,766438.0
2023-05-22 18:00:00,762955.0
2023-05-22 19:00:00,765732.1
2023-05-22 20:00:00,762169.1
2023-05-22 21:00:00,699842.5
2023-05-22 22:00:00,609768.0
2023-05-22 23:00:00,529172.7
2023-05-23 00:00:00,472956.6
2023-05-23 01:00:00,442239.0
2023-05-23 02:00:00,427024.2
2023-05-23 03:00:00,425856.9
2023-05-23 04:00:00,445839.6
2023-05-23 05:00:00,490435.9
2023-05-23 06:00:00,560752.2
2023-05-23 07:00:00,588723.1
2023-05-23 08:00:00,611914.4
2023-05-23 09:00:00,641011.0
2023-05-23 10:00:00,666863.2
2023-05-23 11:00:00,682233.9
2023-05-23 12:00:00,678285.3
2023-05-23 13:00:00,675704.9
2023-05-23 14:00:00,682585.9
2023-05-23 15:00:00,713655.9
2023-05-23 16:00:00,752449.8
2023-05-23 17:00:00,767669.3
2023-05-23 18:00:00,766137.0
2023-05-23 19:00:00,768497.7
2023-05-23 20:00:00,766657.8
2023-05-23 21:00:00,701899.2
2023-05-23 22:00:00,608189.1
2023-05-23 23:00:00,527949.8
2023-05-24 00:00:00,472885.7
2023-05-24 01:00:00,441882.7
2023-05-24 02:00:00,426165.0
2023-05-24 03:00:00,424504.1
2023-05-24 04:00:00,443337.8
2023-05-24 05:00:00,485477.6
2023-05-24 06:00:00,555753.6
2023-05-24 07:00:00,594857.1
2023-05-24 08:00:00,633776.8
2023-05-24 09:00:00,663268.5
2023-05-24 10:00:00,685478.4
2023-05-24 11:00:00,693820.1
2023-05-24 12:00:00,681625.7
2023-05-24 13:00:00,673076.1
2023-05-24 14:00:00,678415.1
2023-05-24 15:00:00,707555.1
2023-05-24 16:00:00,745141.2
2023-05-24 17:00:00,758871.1
2023-05-24 18:00:00,758121.9
2023-05-24 19:00:00,760517.0
2023-05-24 20:00:00,764095.4
2023-05-24 21:00:00,700795.8
2023-05-24 22:00:00,609111.6
2023-05-24 23:00:00,531910.3
2023-05-25 00:00:00,477779.0
2023-05-25 01:00:00,450159.7
2023-05-25 02:00:00,436566.4
2023-05-25 03:00:00,438238.6
2023-05-25 04:00:00,460416.9
2023-05-25 05:00:00,505982.6
2023-05-25 06:00:00,573178.7
2023-05-25 07:00:00,602485.8
2023-05-25 08:00:00,622418.7
2023-05-25 09:00:00,648216.1
2023-05-25 10:00:00,670369.7
2023-05-25 11:00:00,683502.2
2023-05-25 12:00:00,673651.1
2023-05-25 13:00:00,665332.5
2023-05-25 14:00:00,668759.2
2023-05-25 15:00:00,695588.5
2023-05-25 16:00:00,729459.7
2023-05-25 17:00:00,743681.2
2023-05-25 18:00:00,747314.6
2023-05-25 19:00:00,753718.3
2023-05-25 20:00:00,759277.8
2023-05-25 21:00:00,699133.3
2023-05-25 22:00:00,611926.8
2023-05-25 23:00:00,536305.6
2023-05-26 00:00:00,483611.2
2023-05-26 01:00:00,452953.6
2023-05-26 02:00:00,436973.4
2023-05-26 03:00:00,436810.5
2023-05-26 04:00:00,457398.7
2023-05-26 05:00:00,499261.1
2023-05-26 06:00:00,563805.8
2023-05-26 07:00:00,599863.1
2023-05-26 08:00:00,629918.2
2023-05-26 09:00:00,660813.2
2023-05-26 10:00:00,683479.0
2023-05-26 11:00:00,698883.0
2023-05-26 12:00:00,690705.2
2023-05-26 13:00:00,683654.2
2023-05-26 14:00:00,687236.9
2023-05-26 15:00:00,710962.4
2023-05-26 16:00:00,739628.3
2023-05-26 17:00:00,746873.1
2023-05-26 18:00:00,742544.9
2023-05-26 19:00:00,742303.4
2023-05-26 20:00:00,748151.5
2023-05-26 21:00:00,699988.8
2023-05-26 22:00:00,625665.7
2023-05-26 23:00:00,552945.4
2023-05-27 00:00:00,496760.0
2023-05-27 01:00:00,460079.0
2023-05-27 02:00:00,437790.3
2023-05-27 03:00:00,428334.0
2023-05-27 04:00:00,432166.8
2023-05-27 05:00:00,454301.3
2023-05-27 06:00:00,505724.2
2023-05-27 07:00:00,577974.6
2023-05-27 08:00:00,642804.7
2023-05-27 09:00:00,697926.0
2023-05-27 10:00:00,737926.6
2023-05-27 11:00:00,758874.7
2023-05-27 12:00:00,758840.5
2023-05-27 13:00:00,757259.3
2023-05-27 14:00:00,758477.7
2023-05-27 15:00:00,769843.6
2023-05-27 16:00:00,790086.4
2023-05-27 17:00:00,794469.6
2023-05-27 18:00:00,779650.3
2023-05-27 19:00:00,768580.7
2023-05-27 20:00:00,768636.8
2023-05-27 21:00:00,721440.7
2023-05-27 22:00:00,652084.7
2023-05-27 23:00:00,579333.4
2023-05-28 00:00:00,516920.0
2023-05-28 01:00:00,473669.3
2023-05-28 02:00:00,445639.6
2023-05-28 03:00:00,430869.7
2023-05-28 04:00:00,427331.1
2023-05-28 05:00:00,440789.9
2023-05-28 06:00:00,486725.1
2023-05-28 07:00:00,560666.3
2023-05-28 08:00:00,638550.1
2023-05-28 09:00:00,708312.5
2023-05-28 10:00:00,770623.4
2023-05-28 11:00:00,809703.6
2023-05-28 12:00:00,821307.7
2023-05-28 13:00:00,827861.6
2023-05-28 14:00:00,843808.5
2023-05-28 15:00:00,871229.7
2023-05-28 16:00:00,911213.3
2023-05-28 17:00:00,931389.0
2023-05-28 18:00:00,923583.7
2023-05-28 19:00:00,915318.8
2023-05-28 20:00:00,914574.1
2023-05-28 21:00:00,841951.0
2023-05-28 22:00:00,731696.9
2023-05-28 23:00:00,625656.7
2023-05-29 00:00:00,550127.3
2023-05-29 01:00:00,502920.9
2023-05-29 02:00:00,473282.2
2023-05-29 03:00:00,460170.2
2023-05-29 04:00:00,469007.2
2023-05-29 05:00:00,506647.4
2023-05-29 06:00:00,583975.4
2023-05-29 07:00:00,640429.5
2023-05-29 08:00:00,687332.9
2023-05-29 09:00:00,733991.0
2023-05-29 10:00:00,770597.5
2023-05-29 11:00:00,799500.1
2023-05-29 12:00:00,810995.7
2023-05-29 13:00:00,819510.5
2023-05-29 14:00:00,846707.1
2023-05-29 15:00:00,894827.6
2023-05-29 16:00:00,944081.9
2023-05-29 17:00:00,960318.7
2023-05-29 18:00:00,946172.0
2023-05-29 19:00:00,920292.7
2023-05-29 20:00:00,905226.6
2023-05-29 21:00:00,834415.5
2023-05-29 22:00:00,723385.3
2023-05-29 23:00:00,622397.0
2023-05-30 00:00:00,548303.7
2023-05-30 01:00:00,502652.6
2023-05-30 02:00:00,474614.4
2023-05-30 03:00:00,462157.0
2023-05-30 04:00:00,471832.6
2023-05-30 05:00:00,513800.7
2023-05-30 06:00:00,592468.3
2023-05-30 07:00:00,640604.4
2023-05-30 08:00:00,682506.7
2023-05-30 09:00:00,734455.3
2023-05-30 10:00:00,778723.2
2023-05-30 11:00:00,813512.7
2023-05-30 12:00:00,833268.2
2023-05-30 13:00:00,857661.2
2023-05-30 14:00:00,898358.8
2023-05-30 15:00:00,960753.0
2023-05-30 16:00:00,1016718.7
2023-05-30 17:00:00,1037451.7
2023-05-30 18:00:00,1022363.8
2023-05-30 19:00:00,997182.9
2023-05-30 20:00:00,979332.1
2023-05-30 21:00:00,902585.5
2023-05-30 22:00:00,786483.0
2023-05-30 23:00:00,684401.8
2023-05-31 00:00:00,607524.3
2023-05-31 01:00:00,553019.3
2023-05-31 02:00:00,521613.5
2023-05-31 03:00:00,506565.2
2023-05-31 04:00:00,512715.1
2023-05-31 05:00:00,551281.3
2023-05-31 06:00:00,633769.2
2023-05-31 07:00:00,695111.1
2023-05-31 08:00:00,757282.6
2023-05-31 09:00:00,829852.2
2023-05-31 10:00:00,898508.3
2023-05-31 11:00:00,958721.4
2023-05-31 12:00:00,1001740.7
2023-05-31 13:00:00,1044956.1
2023-05-31 14:00:00,1093827.2
2023-05-31 15:00:00,1158058.8
2023-05-31 16:00:00,1214237.3
2023-05-31 17:00:00,1231617.3
2023-05-31 18:00:00,1217553.8
2023-05-31 19:00:00,1185378.7
2023-05-31 20:00:00,1173591.4
2023-05-31 21:00:00,1095266.0
2023-05-31 22:00:00,965715.1
2023-05-31 23:00:00,844634.1
2023-06-01 00:00:00,745329.7
2023-06-01 01:00:00,677674.3
2023-06-01 02:00:00,629469.8
2023-06-01 03:00:00,600045.5
2023-06-01 04:00:00,599006.4
2023-06-01 05:00:00,631631.9
2023-06-01 06:00:00,720255.3
2023-06-01 07:00:00,806331.3
2023-06-01 08:00:00,886014.8
2023-06-01 09:00:00,976352.7
2023-06-01 10:00:00,1052652.9
2023-06-01 11:00:00,1128227.9
2023-06-01 12:00:00,1170273.6
2023-06-01 13:00:00,1212309.6
2023-06-01 14:00:00,1262558.2
2023-06-01 15:00:00,1323060.8
2023-06-01 16:00:00,1369817.1
2023-06-01 17:00:00,1372673.3
2023-06-01 18:00:00,1347264.8
2023-06-01 19:00:00,1318481.4
2023-06-01 20:00:00,1304097.1
2023-06-01 21:00:00,1224180.7
2023-06-01 22:00:00,1090034.5
2023-06-01 23:00:00,954384.7
2023-06-02 00:00:00,847182.8
2023-06-02 01:00:00,771143.0
2023-06-02 02:00:00,713939.3
2023-06-02 03:00:00,680871.9
2023-06-02 04:00:00,670384.6
2023-06-02 05:00:00,692669.6
2023-06-02 06:00:00,768118.4
2023-06-02 07:00:00,874423.0
2023-06-02 08:00:00,988717.6
2023-06-02 09:00:00,1102485.9
2023-06-02 10:00:00,1200809.1
2023-06-02 11:00:00,1277583.6
2023-06-02 12:00:00,1314981.5
2023-06-02 13:00:00,1328544.9
2023-06-02 14:00:00,1376421.6
2023-06-02 15:00:00,1431089.9
2023-06-02 16:00:00,1472091.3
2023-06-02 17:00:00,1440705.6
2023-06-02 18:00:00,1359370.0
2023-06-02 19:00:00,1329147.0
2023-06-02 20:00:00,1312056.8
2023-06-02 21:00:00,1238991.4
2023-06-02 22:00:00,1124974.7
2023-06-02 23:00:00,1005731.2
2023-06-03 00:00:00,899570.9
2023-06-03 01:00:00,815795.7
2023-06-03 02:00:00,756596.5
2023-06-03 03:00:00,714280.6
2023-06-03 04:00:00,687186.3
2023-06-03 05:00:00,683497.5
2023-06-03 06:00:00,728281.0
2023-06-03 07:00:00,826109.5
2023-06-03 08:00:00,907622.0
2023-06-03 09:00:00,967492.7
2023-06-03 10:00:00,1007816.2
2023-06-03 11:00:00,1034407.1
2023-06-03 12:00:00,1039525.4
2023-06-03 13:00:00,1033731.7
2023-06-03 14:00:00,1033412.8
2023-06-03 15:00:00,1038754.7
2023-06-03 16:00:00,1044213.4
2023-06-03 17:00:00,1029532.5
2023-06-03 18:00:00,982754.2
2023-06-03 19:00:00,924003.2
2023-06-03 20:00:00,892430.2
2023-06-03 21:00:00,839969.3
2023-06-03 22:00:00,751105.6
2023-06-03 23:00:00,659416.4
2023-06-04 00:00:00,583801.7
2023-06-04 01:00:00,531783.7
2023-06-04 02:00:00,495502.6
2023-06-04 03:00:00,474026.6
2023-06-04 04:00:00,464202.0
2023-06-04 05:00:00,474706.7
2023-06-04 06:00:00,520703.5
2023-06-04 07:00:00,595166.0
2023-06-04 08:00:00,674381.6
2023-06-04 09:00:00,745851.0
2023-06-04 10:00:00,797357.2
2023-06-04 11:00:00,828958.4
2023-06-04 12:00:00,833862.8
2023-06-04 13:00:00,836774.5
2023-06-04 14:00:00,848299.9
2023-06-04 15:00:00,866699.0
2023-06-04 16:00:00,897646.4
2023-06-04 17:00:00,904794.2
2023-06-04 18:00:00,886842.0
2023-06-04 19:00:00,873213.0
2023-06-04 20:00:00,860242.2
2023-06-04 21:00:00,792419.0
2023-06-04 22:00:00,682394.2
2023-06-04 23:00:00,587244.2
2023-06-05 00:00:00,519701.2
2023-06-05 01:00:00,477646.6
2023-06-05 02:00:00,455677.5
2023-06-05 03:00:00,449009.0
2023-06-05 04:00:00,461248.2
2023-06-05 05:00:00,499840.2
2023-06-05 06:00:00,568931.1
2023-06-05 07:00:00,607419.2
2023-06-05 08:00:00,641288.6
2023-06-05 09:00:00,685857.4
2023-06-05 10:00:00,726353.6
2023-06-05 11:00:00,763095.5
2023-06-05 12:00:00,773990.9
2023-06-05 13:00:00,785716.7
2023-06-05 14:00:00,808178.2
2023-06-05 15:00:00,851219.0
2023-06-05 16:00:00,900928.8
2023-06-05 17:00:00,918132.2
2023-06-05 18:00:00,906609.5
2023-06-05 19:00:00,889635.2
2023-06-05 20:00:00,881077.1
2023-06-05 21:00:00,814046.1
2023-06-05 22:00:00,710912.2
2023-06-05 23:00:00,614979.0
2023-06-06 00:00:00,542077.2
2023-06-06 01:00:00,498577.3
2023-06-06 02:00:00,473190.1
2023-06-06 03:00:00,463661.0
2023-06-06 04:00:00,474900.0
2023-06-06 05:00:00,512642.6
2023-06-06 06:00:00,588679.2
2023-06-06 07:00:00,634996.5
2023-06-06 08:00:00,674999.2
2023-06-06 09:00:00,720214.2
2023-06-06 10:00:00,755141.7
2023-06-06 11:00:00,782413.4
2023-06-06 12:00:00,793870.4
2023-06-06 13:00:00,809345.9
2023-06-06 14:00:00,839158.5
2023-06-06 15:00:00,884737.5
2023-06-06 16:00:00,931068.9
2023-06-06 17:00:00,934123.9
2023-06-06 18:00:00,900839.1
2023-06-06 19:00:00,873064.1
2023-06-06 20:00:00,853824.9
2023-06-06 21:00:00,784980.3
2023-06-06 22:00:00,679087.7
2023-06-06 23:00:00,582635.3
2023-06-07 00:00:00,517025.0
2023-06-07 01:00:00,476025.7
2023-06-07 02:00:00,452293.1
2023-06-07 03:00:00,443395.2
2023-06-07 04:00:00,456936.4
2023-06-07 05:00:00,494470.2
2023-06-07 06:00:00,563670.7
2023-06-07 07:00:00,599426.3
2023-06-07 08:00:00,629452.9
2023-06-07 09:00:00,668710.1
2023-06-07 10:00:00,703259.8
2023-06-07 11:00:00,730392.4
2023-06-07 12:00:00,736441.3
2023-06-07 13:00:00,741318.8
2023-06-07 14:00:00,759751.3
2023-06-07 15:00:00,800805.9
2023-06-07 16:00:00,844110.4
2023-06-07 17:00:00,854533.0
2023-06-07 18:00:00,839605.7
2023-06-07 19:00:00,824262.3
2023-06-07 20:00:00,812972.2
2023-06-07 21:00:00,752539.6
2023-06-07 22:00:00,653801.3
2023-06-07 23:00:00,566655.2
2023-06-08 00:00:00,505161.1
2023-06-08 01:00:00,468302.0
2023-06-08 02:00:00,447272.3
2023-06-08 03:00:00,441512.2
2023-06-08 04:00:00,455956.1
2023-06-08 05:00:00,494705.0
2023-06-08 06:00:00,564862.8
2023-06-08 07:00:00,604690.0
2023-06-08 08:00:00,637793.0
2023-06-08 09:00:00,673928.6
2023-06-08 10:00:00,699772.0
2023-06-08 11:00:00,720829.9
2023-06-08 12:00:00,714465.0
2023-06-08 13:00:00,705245.0
2023-06-08 14:00:00,710374.5
2023-06-08 15:00:00,738881.2
2023-06-08 16:00:00,776262.3
2023-06-08 17:00:00,788145.7
2023-06-08 18:00:00,783227.9
2023-06-08 19:00:00,776280.0
2023-06-08 20:00:00,765984.5
2023-06-08 21:00:00,705312.6
2023-06-08 22:00:00,618278.0
2023-06-08 23:00:00,541965.4
2023-06-09 00:00:00,485047.5
2023-06-09 01:00:00,451950.7
2023-06-09 02:00:00,433452.0
2023-06-09 03:00:00,428729.0
2023-06-09 04:00:00,443861.6
2023-06-09 05:00:00,481730.9
2023-06-09 06:00:00,552854.1
2023-06-09 07:00:00,603915.6
2023-06-09 08:00:00,640608.2
2023-06-09 09:00:00,676226.6
2023-06-09 10:00:00,701883.2
2023-06-09 11:00:00,715954.6
2023-06-09 12:00:00,709537.8
2023-06-09 13:00:00,701069.8
2023-06-09 14:00:00,709570.1
2023-06-09 15:00:00,732227.1
2023-06-09 16:00:00,759143.1
2023-06-09 17:00:00,765342.1
2023-06-09 18:00:00,760292.4
2023-06-09 19:00:00,757602.5
2023-06-09 20:00:00,764689.4
2023-06-09 21:00:00,722668.0
2023-06-09 22:00:00,649809.7
2023-06-09 23:00:00,575777.2
2023-06-10 00:00:00,515669.9
2023-06-10 01:00:00,475373.0
2023-06-10 02:00:00,450201.4
2023-06-10 03:00:00,437350.3
2023-06-10 04:00:00,436387.1
2023-06-10 05:00:00,455099.6
2023-06-10 06:00:00,504527.2
2023-06-10 07:00:00,581659.3
2023-06-10 08:00:00,666206.3
2023-06-10 09:00:00,741501.7
2023-06-10 10:00:00,802635.9
2023-06-10 11:00:00,839144.2
2023-06-10 12:00:00,851379.6
2023-06-10 13:00:00,847773.6
2023-06-10 14:00:00,864300.0
2023-06-10 15:00:00,891711.1
2023-06-10 16:00:00,910716.0
2023-06-10 17:00:00,909577.1
2023-06-10 18:00:00,882078.4
2023-06-10 19:00:00,861952.5
2023-06-10 20:00:00,860201.8
2023-06-10 21:00:00,821290.7
2023-06-10 22:00:00,742072.8
2023-06-10 23:00:00,662037.0
2023-06-11 00:00:00,590066.1
2023-06-11 01:00:00,538854.2
2023-06-11 02:00:00,503331.9
2023-06-11 03:00:00,480015.8
2023-06-11 04:00:00,470830.5
2023-06-11 05:00:00,479270.1
2023-06-11 06:00:00,516106.1
2023-06-11 07:00:00,581087.8
2023-06-11 08:00:00,656852.3
2023-06-11 09:00:00,728115.8
2023-06-11 10:00:00,796191.1
2023-06-11 11:00:00,855372.7
2023-06-11 12:00:00,866590.6
2023-06-11 13:00:00,873073.8
2023-06-11 14:00:00,868004.0
2023-06-11 15:00:00,866197.0
2023-06-11 16:00:00,890528.3
2023-06-11 17:00:00,904918.4
2023-06-11 18:00:00,900562.3
2023-06-11 19:00:00,886012.7
2023-06-11 20:00:00,863315.0
2023-06-11 21:00:00,791101.8
2023-06-11 22:00:00,685871.9
2023-06-11 23:00:00,591298.6
2023-06-12 00:00:00,522983.5
2023-06-12 01:00:00,482599.4
2023-06-12 02:00:00,458279.9
2023-06-12 03:00:00,450541.2
2023-06-12 04:00:00,462259.8
2023-06-12 05:00:00,500523.6
2023-06-12 06:00:00,573642.9
2023-06-12 07:00:00,620953.8
2023-06-12 08:00:00,658497.2
2023-06-12 09:00:00,696252.0
2023-06-12 10:00:00,727091.3
2023-06-12 11:00:00,750597.0
2023-06-12 12:00:00,741369.1
2023-06-12 13:00:00,732092.4
2023-06-12 14:00:00,740175.7
2023-06-12 15:00:00,771873.8
2023-06-12 16:00:00,812605.9
2023-06-12 17:00:00,824349.9
2023-06-12 18:00:00,811434.2
2023-06-12 19:00:00,797610.6
2023-06-12 20:00:00,779950.3
2023-06-12 21:00:00,715225.3
2023-06-12 22:00:00,622165.6
2023-06-12 23:00:00,536758.4
2023-06-13 00:00:00,481816.7
2023-06-13 01:00:00,448320.5
2023-06-13 02:00:00,427772.4
2023-06-13 03:00:00,423989.3
2023-06-13 04:00:00,441117.2
2023-06-13 05:00:00,484443.7
2023-06-13 06:00:00,554400.9
2023-06-13 07:00:00,592321.3
2023-06-13 08:00:00,623444.1
2023-06-13 09:00:00,659030.3
2023-06-13 10:00:00,684225.6
2023-06-13 11:00:00,700934.8
2023-06-13 12:00:00,697588.8
2023-06-13 13:00:00,692275.6
2023-06-13 14:00:00,698572.6
2023-06-13 15:00:00,726133.0
2023-06-13 16:00:00,768422.5
2023-06-13 17:00:00,793505.2
2023-06-13 18:00:00,791783.7
2023-06-13 19:00:00,772187.7
2023-06-13 20:00:00,760727.1
2023-06-13 21:00:00,703126.1
2023-06-13 22:00:00,615546.2
2023-06-13 23:00:00,535165.6
2023-06-14 00:00:00,479619.3
2023-06-14 01:00:00,444950.6
2023-06-14 02:00:00,428764.7
2023-06-14 03:00:00,425376.0
2023-06-14 04:00:00,442744.6
2023-06-14 05:00:00,484035.6
2023-06-14 06:00:00,554928.2
2023-06-14 07:00:00,591179.8
2023-06-14 08:00:00,621706.4
2023-06-14 09:00:00,658009.8
2023-06-14 10:00:00,683845.2
2023-06-14 11:00:00,701046.0
2023-06-14 12:00:00,696613.6
2023-06-14 13:00:00,690607.5
2023-06-14 14:00:00,699728.0
2023-06-14 15:00:00,729958.1
2023-06-14 16:00:00,767173.5
2023-06-14 17:00:00,784095.6
2023-06-14 18:00:00,781940.4
2023-06-14 19:00:00,776848.6
2023-06-14 20:00:00,775652.6
2023-06-14 21:00:00,721274.3
2023-06-14 22:00:00,630154.6
2023-06-14 23:00:00,550593.6
2023-06-15 00:00:00,489928.1
2023-06-15 01:00:00,453173.4
2023-06-15 02:00:00,433044.0
2023-06-15 03:00:00,428225.7
2023-06-15 04:00:00,444868.8
2023-06-15 05:00:00,484250.5
2023-06-15 06:00:00,555808.1
2023-06-15 07:00:00,597190.4
2023-06-15 08:00:00,625466.8
2023-06-15 09:00:00,657521.7
2023-06-15 10:00:00,686088.7
2023-06-15 11:00:00,705968.1
2023-06-15 12:00:00,709130.7
2023-06-15 13:00:00,708836.9
2023-06-15 14:00:00,711166.6
2023-06-15 15:00:00,739156.7
2023-06-15 16:00:00,775361.6
2023-06-15 17:00:00,792860.0
2023-06-15 18:00:00,800934.6
2023-06-15 19:00:00,801426.6
2023-06-15 20:00:00,786035.7
2023-06-15 21:00:00,720997.0
2023-06-15 22:00:00,632769.5
2023-06-15 23:00:00,555047.7
2023-06-16 00:00:00,497500.7
2023-06-16 01:00:00,462415.39999999997
2023-06-16 02:00:00,441164.6
2023-06-16 03:00:00,435730.0
2023-06-16 04:00:00,449843.6
2023-06-16 05:00:00,486231.9
2023-06-16 06:00:00,555773.3
2023-06-16 07:00:00,604485.4
2023-06-16 08:00:00,641199.5
2023-06-16 09:00:00,683546.8
2023-06-16 10:00:00,722740.5
2023-06-16 11:00:00,748435.1
2023-06-16 12:00:00,750135.8
2023-06-16 13:00:00,752458.5
2023-06-16 14:00:00,761024.8
2023-06-16 15:00:00,787109.9
2023-06-16 16:00:00,825863.3
2023-06-16 17:00:00,835781.0
2023-06-16 18:00:00,822354.3
2023-06-16 19:00:00,809409.3
2023-06-16 20:00:00,808592.0
2023-06-16 21:00:00,762871.2
2023-06-16 22:00:00,678877.4
2023-06-16 23:00:00,599293.8
2023-06-17 00:00:00,532793.4
2023-06-17 01:00:00,487600.9
2023-06-17 02:00:00,458727.1
2023-06-17 03:00:00,443430.8
2023-06-17 04:00:00,441574.0
2023-06-17 05:00:00,459027.3
2023-06-17 06:00:00,514301.4
2023-06-17 07:00:00,597783.2
2023-06-17 08:00:00,682309.0
2023-06-17 09:00:00,754206.8
2023-06-17 10:00:00,809508.9
2023-06-17 11:00:00,842451.5
2023-06-17 12:00:00,851446.8
2023-06-17 13:00:00,854664.5
2023-06-17 14:00:00,864043.4
2023-06-17 15:00:00,879129.4
2023-06-17 16:00:00,894430.1
2023-06-17 17:00:00,889151.5
2023-06-17 18:00:00,860338.2
2023-06-17 19:00:00,826849.9
2023-06-17 20:00:00,816188.4
2023-06-17 21:00:00,774740.9
2023-06-17 22:00:00,699390.2
2023-06-17 23:00:00,616855.9
2023-06-18 00:00:00,549653.2
2023-06-18 01:00:00,502702.2
2023-06-18 02:00:00,470184.0
2023-06-18 03:00:00,451305.7
2023-06-18 04:00:00,443077.2
2023-06-18 05:00:00,454266.1
2023-06-18 06:00:00,499826.3
2023-06-18 07:00:00,578569.6
2023-06-18 08:00:00,665238.4
2023-06-18 09:00:00,749232.5
2023-06-18 10:00:00,815643.9
2023-06-18 11:00:00,853988.3
2023-06-18 12:00:00,873343.7
2023-06-18 13:00:00,891199.8
2023-06-18 14:00:00,912667.5
2023-06-18 15:00:00,942728.2
2023-06-18 16:00:00,969514.3
2023-06-18 17:00:00,973771.2
2023-06-18 18:00:00,955894.6
2023-06-18 19:00:00,934954.8
2023-06-18 20:00:00,930079.4
2023-06-18 21:00:00,869076.9
2023-06-18 22:00:00,759212.3
2023-06-18 23:00:00,652608.7
2023-06-19 00:00:00,572218.2
2023-06-19 01:00:00,520405.2
2023-06-19 02:00:00,486565.7
2023-06-19 03:00:00,471872.8
2023-06-19 04:00:00,479917.6
2023-06-19 05:00:00,515833.89999999997
2023-06-19 06:00:00,592472.8
2023-06-19 07:00:00,654568.5
2023-06-19 08:00:00,710910.5
2023-06-19 09:00:00,773284.3
2023-06-19 10:00:00,824045.0
2023-06-19 11:00:00,864953.3
2023-06-19 12:00:00,882649.8
2023-06-19 13:00:00,896601.9
2023-06-19 14:00:00,922533.7
2023-06-19 15:00:00,960585.1
2023-06-19 16:00:00,999779.6
2023-06-19 17:00:00,1003973.2
2023-06-19 18:00:00,978300.8
2023-06-19 19:00:00,948919.6
2023-06-19 20:00:00,934824.4
2023-06-19 21:00:00,865822.3
2023-06-19 22:00:00,759411.9
2023-06-19 23:00:00,656815.6
2023-06-20 00:00:00,583422.4
2023-06-20 01:00:00,537704.5
2023-06-20 02:00:00,507320.5
2023-06-20 03:00:00,494234.3
2023-06-20 04:00:00,503041.9
2023-06-20 05:00:00,544397.1
2023-06-20 06:00:00,625982.2
2023-06-20 07:00:00,690354.6
2023-06-20 08:00:00,747936.0
2023-06-20 09:00:00,809048.8
2023-06-20 10:00:00,852658.2
2023-06-20 11:00:00,891213.1
2023-06-20 12:00:00,906646.4
2023-06-20 13:00:00,927188.6
2023-06-20 14:00:00,958639.7
2023-06-20 15:00:00,1010110.2
2023-06-20 16:00:00,1064896.4
2023-06-20 17:00:00,1083044.1
2023-06-20 18:00:00,1064236.3
2023-06-20 19:00:00,1019385.2
2023-06-20 20:00:00,989562.2
2023-06-20 21:00:00,921979.8
2023-06-20 22:00:00,807686.4
2023-06-20 23:00:00,694762.0
2023-06-21 00:00:00,611388.2
2023-06-21 01:00:00,554238.3
2023-06-21 02:00:00,522178.5
2023-06-21 03:00:00,507064.7
2023-06-21 04:00:00,513469.7
2023-06-21 05:00:00,550697.7
2023-06-21 06:00:00,633581.4
2023-06-21 07:00:00,705239.7
2023-06-21 08:00:00,773178.6
2023-06-21 09:00:00,848258.4
2023-06-21 10:00:00,912397.1
2023-06-21 11:00:00,969052.5
2023-06-21 12:00:00,1000288.7
2023-06-21 13:00:00,1027795.7
2023-06-21 14:00:00,1063894.6
2023-06-21 15:00:00,1113358.5
2023-06-21 16:00:00,1156835.0
2023-06-21 17:00:00,1155845.5
2023-06-21 18:00:00,1121076.5
2023-06-21 19:00:00,1078574.3
2023-06-21 20:00:00,1051070.6
2023-06-21 21:00:00,978142.5
2023-06-21 22:00:00,856288.3
2023-06-21 23:00:00,740110.4
2023-06-22 00:00:00,650408.6
2023-06-22 01:00:00,593619.5
2023-06-22 02:00:00,557691.7
2023-06-22 03:00:00,536559.4
2023-06-22 04:00:00,538474.8
2023-06-22 05:00:00,576650.6
2023-06-22 06:00:00,664561.8
2023-06-22 07:00:00,737343.9
2023-06-22 08:00:00,792780.3
2023-06-22 09:00:00,858031.4
2023-06-22 10:00:00,910320.0
2023-06-22 11:00:00,945025.2
2023-06-22 12:00:00,970464.1
2023-06-22 13:00:00,979509.9
2023-06-22 14:00:00,976238.2
2023-06-22 15:00:00,1028699.2
2023-06-22 16:00:00,1073999.0
2023-06-22 17:00:00,1079532.5
2023-06-22 18:00:00,1054950.9
2023-06-22 19:00:00,1010025.9
2023-06-22 20:00:00,989725.8
2023-06-22 21:00:00,933138.4
2023-06-22 22:00:00,834686.4
2023-06-22 23:00:00,731237.1
2023-06-23 00:00:00,652362.5
2023-06-23 01:00:00,600938.4
2023-06-23 02:00:00,567914.1
2023-06-23 03:00:00,551478.5
2023-06-23 04:00:00,557384.6
2023-06-23 05:00:00,587484.1
2023-06-23 06:00:00,666495.5
2023-06-23 07:00:00,726585.5
2023-06-23 08:00:00,783921.3
2023-06-23 09:00:00,869749.0
2023-06-23 10:00:00,941812.7
2023-06-23 11:00:00,978428.1
2023-06-23 12:00:00,963077.7
2023-06-23 13:00:00,921014.2
2023-06-23 14:00:00,900348.3
2023-06-23 15:00:00,913127.2
2023-06-23 16:00:00,936926.9
2023-06-23 17:00:00,941475.6
2023-06-23 18:00:00,935163.4
2023-06-23 19:00:00,925871.3
2023-06-23 20:00:00,917541.9
2023-06-23 21:00:00,870644.0
2023-06-23 22:00:00,790039.8
2023-06-23 23:00:00,708360.2
2023-06-24 00:00:00,636956.5
2023-06-24 01:00:00,585963.2
2023-06-24 02:00:00,551921.2
2023-06-24 03:00:00,532304.6
2023-06-24 04:00:00,528913.4
2023-06-24 05:00:00,543125.1
2023-06-24 06:00:00,591364.3
2023-06-24 07:00:00,671698.1
2023-06-24 08:00:00,762358.6
2023-06-24 09:00:00,866992.4
2023-06-24 10:00:00,948336.0
2023-06-24 11:00:00,1018230.0
2023-06-24 12:00:00,1053670.5
2023-06-24 13:00:00,1082211.8
2023-06-24 14:00:00,1099583.4
2023-06-24 15:00:00,1138415.6
2023-06-24 16:00:00,1180213.5
2023-06-24 17:00:00,1179149.9
2023-06-24 18:00:00,1142911.6
2023-06-24 19:00:00,1107166.4
2023-06-24 20:00:00,1087483.1
2023-06-24 21:00:00,1043687.8
2023-06-24 22:00:00,949253.4
2023-06-24 23:00:00,847459.5
2023-06-25 00:00:00,749457.4
2023-06-25 01:00:00,676518.1
2023-06-25 02:00:00,622359.2
2023-06-25 03:00:00,586724.8
2023-06-25 04:00:00,566893.6
2023-06-25 05:00:00,574017.2
2023-06-25 06:00:00,633472.0
2023-06-25 07:00:00,747099.0
2023-06-25 08:00:00,888499.6
2023-06-25 09:00:00,1012152.6
2023-06-25 10:00:00,1109752.2
2023-06-25 11:00:00,1182831.2
2023-06-25 12:00:00,1212159.4
2023-06-25 13:00:00,1237360.4
2023-06-25 14:00:00,1271771.8
2023-06-25 15:00:00,1308214.4
2023-06-25 16:00:00,1338870.9
2023-06-25 17:00:00,1330092.7
2023-06-25 18:00:00,1284339.3
2023-06-25 19:00:00,1229982.5
2023-06-25 20:00:00,1205510.5
2023-06-25 21:00:00,1128686.9
2023-06-25 22:00:00,1006115.2
2023-06-25 23:00:00,881547.3
2023-06-26 00:00:00,766374.1
2023-06-26 01:00:00,700595.9
2023-06-26 02:00:00,658177.5
2023-06-26 03:00:00,633184.9
2023-06-26 04:00:00,629143.7
2023-06-26 05:00:00,653395.7
2023-06-26 06:00:00,718110.4
2023-06-26 07:00:00,771949.8
2023-06-26 08:00:00,820509.3
2023-06-26 09:00:00,863800.6
2023-06-26 10:00:00,901449.1
2023-06-26 11:00:00,979512.4
2023-06-26 12:00:00,993837.8
2023-06-26 13:00:00,949416.7
2023-06-26 14:00:00,978544.4
2023-06-26 15:00:00,1050959.6
2023-06-26 16:00:00,1106049.3
2023-06-26 17:00:00,1125610.2
2023-06-26 18:00:00,1084086.7
2023-06-26 19:00:00,1046071.4
2023-06-26 20:00:00,1028105.6
2023-06-26 21:00:00,962266.7
2023-06-26 22:00:00,853924.5
2023-06-26 23:00:00,745068.9
2023-06-27 00:00:00,657267.9
2023-06-27 01:00:00,603301.2
2023-06-27 02:00:00,571824.3
2023-06-27 03:00:00,556578.1
2023-06-27 04:00:00,562193.7
2023-06-27 05:00:00,594387.6
2023-06-27 06:00:00,670464.0
2023-06-27 07:00:00,723097.5
2023-06-27 08:00:00,764353.6
2023-06-27 09:00:00,810232.1
2023-06-27 10:00:00,868959.7
2023-06-27 11:00:00,916122.1
2023-06-27 12:00:00,910004.9
2023-06-27 13:00:00,921642.9
2023-06-27 14:00:00,937114.8
2023-06-27 15:00:00,961846.6
2023-06-27 16:00:00,1013595.2
2023-06-27 17:00:00,1036207.5
2023-06-27 18:00:00,998103.2
2023-06-27 19:00:00,955476.4
2023-06-27 20:00:00,926134.9
2023-06-27 21:00:00,851833.9
2023-06-27 22:00:00,746430.7
2023-06-27 23:00:00,647325.1
2023-06-28 00:00:00,571053.0
2023-06-28 01:00:00,522766.7
2023-06-28 02:00:00,493042.4
2023-06-28 03:00:00,480308.3
2023-06-28 04:00:00,489689.7
2023-06-28 05:00:00,522093.1
2023-06-28 06:00:00,583354.5
2023-06-28 07:00:00,634209.0
2023-06-28 08:00:00,676547.0
2023-06-28 09:00:00,719812.0
2023-06-28 10:00:00,757431.3
2023-06-28 11:00:00,798474.8
2023-06-28 12:00:00,817091.5
2023-06-28 13:00:00,830119.3
2023-06-28 14:00:00,857832.4
2023-06-28 15:00:00,898506.8
2023-06-28 16:00:00,940684.8
2023-06-28 17:00:00,955139.1
2023-06-28 18:00:00,936649.0
2023-06-28 19:00:00,902272.6
2023-06-28 20:00:00,876880.0
2023-06-28 21:00:00,809728.4
2023-06-28 22:00:00,702341.6
2023-06-28 23:00:00,606002.5
2023-06-29 00:00:00,536113.2
2023-06-29 01:00:00,490340.5
2023-06-29 02:00:00,465894.2
2023-06-29 03:00:00,455770.0
2023-06-29 04:00:00,465601.5
2023-06-29 05:00:00,497464.3
2023-06-29 06:00:00,562986.3
2023-06-29 07:00:00,620429.9
2023-06-29 08:00:00,676392.0
2023-06-29 09:00:00,736792.7
2023-06-29 10:00:00,785576.7999999999
2023-06-29 11:00:00,829152.5
2023-06-29 12:00:00,853119.6
2023-06-29 13:00:00,873127.7
2023-06-29 14:00:00,904053.8
2023-06-29 15:00:00,964116.4
2023-06-29 16:00:00,1022773.5
2023-06-29 17:00:00,1039450.2
2023-06-29 18:00:00,1017179.5
2023-06-29 19:00:00,972544.9
2023-06-29 20:00:00,953784.7
2023-06-29 21:00:00,897736.2
2023-06-29 22:00:00,800215.5
2023-06-29 23:00:00,704013.7
2023-06-30 00:00:00,625271.0
2023-06-30 01:00:00,571845.4
2023-06-30 02:00:00,539129.3
2023-06-30 03:00:00,522090.7
2023-06-30 04:00:00,527339.0
2023-06-30 05:00:00,554907.4
2023-06-30 06:00:00,619416.6
2023-06-30 07:00:00,699710.2
2023-06-30 08:00:00,777444.6
2023-06-30 09:00:00,825884.8
2023-06-30 10:00:00,877730.9
2023-06-30 11:00:00,932340.2
2023-06-30 12:00:00,944044.8
2023-06-30 13:00:00,986501.7
2023-06-30 14:00:00,1029139.2
2023-06-30 15:00:00,1072799.5
2023-06-30 16:00:00,1100961.6
2023-06-30 17:00:00,1086491.6
2023-06-30 18:00:00,1052391.5
2023-06-30 19:00:00,1018371.0
2023-06-30 20:00:00,995973.2
2023-06-30 21:00:00,946251.3
2023-06-30 22:00:00,858953.3
2023-06-30 23:00:00,765888.6
2023-07-01 00:00:00,685797.7
2023-07-01 01:00:00,626360.6
2023-07-01 02:00:00,583438.2
2023-07-01 03:00:00,556608.9
2023-07-01 04:00:00,544430.5
2023-07-01 05:00:00,557371.5
2023-07-01 06:00:00,615229.7
2023-07-01 07:00:00,718155.8
2023-07-01 08:00:00,846891.0
2023-07-01 09:00:00,978135.6
2023-07-01 10:00:00,1090557.7
2023-07-01 11:00:00,1180181.6
2023-07-01 12:00:00,1230289.4
2023-07-01 13:00:00,1224210.3
2023-07-01 14:00:00,1190297.9
2023-07-01 15:00:00,1208100.9
2023-07-01 16:00:00,1211061.4
2023-07-01 17:00:00,1171980.9
2023-07-01 18:00:00,1123317.3
2023-07-01 19:00:00,1084055.7
2023-07-01 20:00:00,1062679.5
2023-07-01 21:00:00,1016947.2
2023-07-01 22:00:00,946171.5
2023-07-01 23:00:00,864472.5
2023-07-02 00:00:00,779827.9
2023-07-02 01:00:00,712937.1
2023-07-02 02:00:00,664425.1
2023-07-02 03:00:00,633946.5
2023-07-02 04:00:00,615855.4
2023-07-02 05:00:00,617718.2
2023-07-02 06:00:00,657844.1
2023-07-02 07:00:00,723163.9
2023-07-02 08:00:00,796606.7
2023-07-02 09:00:00,865207.9
2023-07-02 10:00:00,926883.2
2023-07-02 11:00:00,959287.5
2023-07-02 12:00:00,964956.9
2023-07-02 13:00:00,953949.4
2023-07-02 14:00:00,946511.8
2023-07-02 15:00:00,958461.8
2023-07-02 16:00:00,991259.0
2023-07-02 17:00:00,1001064.7
2023-07-02 18:00:00,986641.3
2023-07-02 19:00:00,967703.0
2023-07-02 20:00:00,960351.6
2023-07-02 21:00:00,915876.2
2023-07-02 22:00:00,833433.3
2023-07-02 23:00:00,744323.3
2023-07-03 00:00:00,668101.9
2023-07-03 01:00:00,612189.2
2023-07-03 02:00:00,575293.2
2023-07-03 03:00:00,552844.1
2023-07-03 04:00:00,545737.7
2023-07-03 05:00:00,552437.5
2023-07-03 06:00:00,583001.0
2023-07-03 07:00:00,648257.6
2023-07-03 08:00:00,742264.6
2023-07-03 09:00:00,839993.1
2023-07-03 10:00:00,927771.3
2023-07-03 11:00:00,1001298.5
2023-07-03 12:00:00,1051519.2
2023-07-03 13:00:00,1087733.8
2023-07-03 14:00:00,1107709.3
2023-07-03 15:00:00,1154027.6
2023-07-03 16:00:00,1212705.5
2023-07-03 17:00:00,1237263.8
2023-07-03 18:00:00,1218515.8
2023-07-03 19:00:00,1171309.9
2023-07-03 20:00:00,1141038.5
2023-07-03 21:00:00,1068108.3
2023-07-03 22:00:00,943787.6
2023-07-03 23:00:00,819280.6
2023-07-04 00:00:00,719998.1
2023-07-04 01:00:00,651238.7
2023-07-04 02:00:00,606744.9
2023-07-04 03:00:00,582912.5
2023-07-04 04:00:00,580826.2
2023-07-04 05:00:00,610830.8
2023-07-04 06:00:00,699812.1
2023-07-04 07:00:00,816266.4
2023-07-04 08:00:00,936013.6
2023-07-04 09:00:00,1055789.9
2023-07-04 10:00:00,1146964.1
2023-07-04 11:00:00,1226396.4
2023-07-04 12:00:00,1279053.7
2023-07-04 13:00:00,1312941.7
2023-07-04 14:00:00,1317216.4
2023-07-04 15:00:00,1379613.5
2023-07-04 16:00:00,1472472.7
2023-07-04 17:00:00,1490387.0
2023-07-04 18:00:00,1468604.6
2023-07-04 19:00:00,1414431.9
2023-07-04 20:00:00,1386407.7
2023-07-04 21:00:00,1315445.2
2023-07-04 22:00:00,1181234.8
2023-07-04 23:00:00,1048133.6
2023-07-05 00:00:00,934786.4
2023-07-05 01:00:00,855798.7
2023-07-05 02:00:00,796932.3
2023-07-05 03:00:00,756655.0
2023-07-05 04:00:00,742456.4
2023-07-05 05:00:00,762141.0
2023-07-05 06:00:00,854906.0
2023-07-05 07:00:00,985282.0
2023-07-05 08:00:00,1112329.4
2023-07-05 09:00:00,1226922.3
2023-07-05 10:00:00,1314010.3
2023-07-05 11:00:00,1382736.2
2023-07-05 12:00:00,1423229.6
2023-07-05 13:00:00,1456050.3
2023-07-05 14:00:00,1496863.1
2023-07-05 15:00:00,1542266.4
2023-07-05 16:00:00,1591658.1
2023-07-05 17:00:00,1598366.4
2023-07-05 18:00:00,1570877.8
2023-07-05 19:00:00,1515098.5
2023-07-05 20:00:00,1474300.5
2023-07-05 21:00:00,1387084.0
2023-07-05 22:00:00,1246297.7
2023-07-05 23:00:00,1108572.4
2023-07-06 00:00:00,988346.8
2023-07-06 01:00:00,903766.5
2023-07-06 02:00:00,840501.3
2023-07-06 03:00:00,798317.4
2023-07-06 04:00:00,780808.5
2023-07-06 05:00:00,796286.0
2023-07-06 06:00:00,890237.9
2023-07-06 07:00:00,1000990.4
2023-07-06 08:00:00,1113691.4
2023-07-06 09:00:00,1208240.2
2023-07-06 10:00:00,1288497.0
2023-07-06 11:00:00,1364826.3
2023-07-06 12:00:00,1421697.2
2023-07-06 13:00:00,1390546.9
2023-07-06 14:00:00,1286046.5
2023-07-06 15:00:00,1260558.2
2023-07-06 16:00:00,1256823.8
2023-07-06 17:00:00,1268976.9
2023-07-06 18:00:00,1263921.0
2023-07-06 19:00:00,1239297.1
2023-07-06 20:00:00,1224560.9
2023-07-06 21:00:00,1164059.6
2023-07-06 22:00:00,1047676.8
2023-07-06 23:00:00,931847.9
2023-07-07 00:00:00,836634.9
2023-07-07 01:00:00,768794.8
2023-07-07 02:00:00,722327.0
2023-07-07 03:00:00,693143.8
2023-07-07 04:00:00,682291.8
2023-07-07 05:00:00,695216.3
2023-07-07 06:00:00,752279.3
2023-07-07 07:00:00,836111.8
2023-07-07 08:00:00,940298.3
2023-07-07 09:00:00,1035517.6
2023-07-07 10:00:00,1095648.2
2023-07-07 11:00:00,1144202.2
2023-07-07 12:00:00,1173085.1
2023-07-07 13:00:00,1201097.1
2023-07-07 14:00:00,1237306.9
2023-07-07 15:00:00,1270150.6
2023-07-07 16:00:00,1307112.2
2023-07-07 17:00:00,1300786.5
2023-07-07 18:00:00,1252716.0
2023-07-07 19:00:00,1173032.4
2023-07-07 20:00:00,1120057.7
2023-07-07 21:00:00,1042718.4
2023-07-07 22:00:00,930187.5
2023-07-07 23:00:00,817393.8
2023-07-08 00:00:00,719968.8
2023-07-08 01:00:00,649002.2
2023-07-08 02:00:00,598640.5
2023-07-08 03:00:00,564601.0
2023-07-08 04:00:00,547098.3
2023-07-08 05:00:00,553678.8
2023-07-08 06:00:00,598120.0
2023-07-08 07:00:00,671422.7
2023-07-08 08:00:00,775284.5
2023-07-08 09:00:00,885573.2
2023-07-08 10:00:00,972787.2
2023-07-08 11:00:00,1031394.4
2023-07-08 12:00:00,1061612.1
2023-07-08 13:00:00,1049225.9
2023-07-08 14:00:00,1054320.2
2023-07-08 15:00:00,1018571.5
2023-07-08 16:00:00,996571.0
2023-07-08 17:00:00,978803.9
2023-07-08 18:00:00,955705.1
2023-07-08 19:00:00,939184.2
2023-07-08 20:00:00,919269.0
2023-07-08 21:00:00,868505.3
2023-07-08 22:00:00,791997.1
2023-07-08 23:00:00,711170.4
2023-07-09 00:00:00,640123.8
2023-07-09 01:00:00,586055.5
2023-07-09 02:00:00,545684.2
2023-07-09 03:00:00,521633.5
2023-07-09 04:00:00,509193.2
2023-07-09 05:00:00,515155.7
2023-07-09 06:00:00,571482.8
2023-07-09 07:00:00,667623.2
2023-07-09 08:00:00,776059.0
2023-07-09 09:00:00,864595.7
2023-07-09 10:00:00,948706.6
2023-07-09 11:00:00,1006397.7
2023-07-09 12:00:00,1035454.7
2023-07-09 13:00:00,1050307.9
2023-07-09 14:00:00,1052804.9
2023-07-09 15:00:00,1063627.7
2023-07-09 16:00:00,1112824.1
2023-07-09 17:00:00,1133834.5
2023-07-09 18:00:00,1117333.9
2023-07-09 19:00:00,1087639.2
2023-07-09 20:00:00,1082594.4
2023-07-09 21:00:00,1011868.7
2023-07-09 22:00:00,892157.5
2023-07-09 23:00:00,772596.7
2023-07-10 00:00:00,681026.4
2023-07-10 01:00:00,615925.9
2023-07-10 02:00:00,571521.3
2023-07-10 03:00:00,547454.7
2023-07-10 04:00:00,547061.6
2023-07-10 05:00:00,567403.2
2023-07-10 06:00:00,621847.3
2023-07-10 07:00:00,708475.7
2023-07-10 08:00:00,799637.8
2023-07-10 09:00:00,891587.8
2023-07-10 10:00:00,960385.4
2023-07-10 11:00:00,1019325.9
2023-07-10 12:00:00,1057278.6
2023-07-10 13:00:00,1098549.5
2023-07-10 14:00:00,1153848.5
2023-07-10 15:00:00,1210096.2
2023-07-10 16:00:00,1279578.9
2023-07-10 17:00:00,1310151.8
2023-07-10 18:00:00,1297647.3
2023-07-10 19:00:00,1248396.3
2023-07-10 20:00:00,1215236.6
2023-07-10 21:00:00,1141636.5
2023-07-10 22:00:00,1016636.7
2023-07-10 23:00:00,887336.8
2023-07-11 00:00:00,784536.2
2023-07-11 01:00:00,709789.4
2023-07-11 02:00:00,658199.6
2023-07-11 03:00:00,627114.4
2023-07-11 04:00:00,623139.1
2023-07-11 05:00:00,645568.7
2023-07-11 06:00:00,717614.2
2023-07-11 07:00:00,835799.9
2023-07-11 08:00:00,940113.7
2023-07-11 09:00:00,1049736.5
2023-07-11 10:00:00,1138054.6
2023-07-11 11:00:00,1213362.1
2023-07-11 12:00:00,1254316.9
2023-07-11 13:00:00,1286639.1
2023-07-11 14:00:00,1319061.6
2023-07-11 15:00:00,1295842.7
2023-07-11 16:00:00,1282883.6
2023-07-11 17:00:00,1242901.4
2023-07-11 18:00:00,1205522.3
2023-07-11 19:00:00,1171502.6
2023-07-11 20:00:00,1146056.6
2023-07-11 21:00:00,1072938.9
2023-07-11 22:00:00,950813.4
2023-07-11 23:00:00,823638.1
2023-07-12 00:00:00,710376.0
2023-07-12 01:00:00,630010.0
2023-07-12 02:00:00,579005.1
2023-07-12 03:00:00,550050.5
2023-07-12 04:00:00,544433.1
2023-07-12 05:00:00,564355.6
2023-07-12 06:00:00,624218.5
2023-07-12 07:00:00,667336.9
2023-07-12 08:00:00,706747.4
2023-07-12 09:00:00,779593.0
2023-07-12 10:00:00,839024.4
2023-07-12 11:00:00,869859.7
2023-07-12 12:00:00,904002.5
2023-07-12 13:00:00,937509.0
2023-07-12 14:00:00,981380.6
2023-07-12 15:00:00,1029926.3
2023-07-12 16:00:00,1074887.7
2023-07-12 17:00:00,1075116.1
2023-07-12 18:00:00,1048078.5
2023-07-12 19:00:00,1020918.4
2023-07-12 20:00:00,1011126.5
2023-07-12 21:00:00,952255.5
2023-07-12 22:00:00,850301.3
2023-07-12 23:00:00,745784.6
2023-07-13 00:00:00,663195.4
2023-07-13 01:00:00,604015.1
2023-07-13 02:00:00,561775.4
2023-07-13 03:00:00,544670.0
2023-07-13 04:00:00,552581.7
2023-07-13 05:00:00,579496.8
2023-07-13 06:00:00,643771.9
2023-07-13 07:00:00,724391.8
2023-07-13 08:00:00,786122.0
2023-07-13 09:00:00,857790.9
2023-07-13 10:00:00,892152.2
2023-07-13 11:00:00,939404.0
2023-07-13 12:00:00,957511.6
2023-07-13 13:00:00,963115.9
2023-07-13 14:00:00,939328.8
2023-07-13 15:00:00,938721.3
2023-07-13 16:00:00,972853.6
2023-07-13 17:00:00,996532.5
2023-07-13 18:00:00,986538.9
2023-07-13 19:00:00,968347.4
2023-07-13 20:00:00,957346.2
2023-07-13 21:00:00,897477.6
2023-07-13 22:00:00,790151.1
2023-07-13 23:00:00,684606.2
2023-07-14 00:00:00,605523.2
2023-07-14 01:00:00,551600.9
2023-07-14 02:00:00,517016.8
2023-07-14 03:00:00,498897.0
2023-07-14 04:00:00,502460.7
2023-07-14 05:00:00,525940.8
2023-07-14 06:00:00,589083.2
2023-07-14 07:00:00,674889.9
2023-07-14 08:00:00,758030.5
2023-07-14 09:00:00,835325.6
2023-07-14 10:00:00,895171.4
2023-07-14 11:00:00,951532.3
2023-07-14 12:00:00,985694.9
2023-07-14 13:00:00,1004892.8
2023-07-14 14:00:00,1033427.8
2023-07-14 15:00:00,1061160.2
2023-07-14 16:00:00,1102102.3
2023-07-14 17:00:00,1094843.0
2023-07-14 18:00:00,1051650.5
2023-07-14 19:00:00,1024864.0
2023-07-14 20:00:00,1014355.6
2023-07-14 21:00:00,960267.9
2023-07-14 22:00:00,868685.9
2023-07-14 23:00:00,773549.8
2023-07-15 00:00:00,686826.8
2023-07-15 01:00:00,627457.5
2023-07-15 02:00:00,584723.2
2023-07-15 03:00:00,558647.0
2023-07-15 04:00:00,552247.1
2023-07-15 05:00:00,562273.1
2023-07-15 06:00:00,613043.9
2023-07-15 07:00:00,707543.9
2023-07-15 08:00:00,802081.5
2023-07-15 09:00:00,873941.8
2023-07-15 10:00:00,939976.8
2023-07-15 11:00:00,980719.0
2023-07-15 12:00:00,1001850.8
2023-07-15 13:00:00,1023560.6
2023-07-15 14:00:00,1017322.9
2023-07-15 15:00:00,1030393.9
2023-07-15 16:00:00,1038698.8
2023-07-15 17:00:00,1034672.1
2023-07-15 18:00:00,1007663.9
2023-07-15 19:00:00,985314.0
2023-07-15 20:00:00,973942.1
2023-07-15 21:00:00,921039.4
2023-07-15 22:00:00,837027.9
2023-07-15 23:00:00,748320.7
2023-07-16 00:00:00,673092.6
2023-07-16 01:00:00,617502.7
2023-07-16 02:00:00,579959.7
2023-07-16 03:00:00,556726.8
2023-07-16 04:00:00,546525.6
2023-07-16 05:00:00,552438.9
2023-07-16 06:00:00,593180.8
2023-07-16 07:00:00,671403.2
2023-07-16 08:00:00,786589.7
2023-07-16 09:00:00,883915.3
2023-07-16 10:00:00,954079.2
2023-07-16 11:00:00,1008953.4
2023-07-16 12:00:00,1060305.5
2023-07-16 13:00:00,1110174.5
2023-07-16 14:00:00,1154552.3
2023-07-16 15:00:00,1189866.2
2023-07-16 16:00:00,1216742.5
2023-07-16 17:00:00,1219900.8
2023-07-16 18:00:00,1190451.9
2023-07-16 19:00:00,1167696.4
2023-07-16 20:00:00,1155375.6
2023-07-16 21:00:00,1084249.2
2023-07-16 22:00:00,959058.1
2023-07-16 23:00:00,837384.0
2023-07-17 00:00:00,735189.0
2023-07-17 01:00:00,659628.0
2023-07-17 02:00:00,614198.3
2023-07-17 03:00:00,586978.8
2023-07-17 04:00:00,580887.8
2023-07-17 05:00:00,597747.0
2023-07-17 06:00:00,660713.2
2023-07-17 07:00:00,741278.5
2023-07-17 08:00:00,823231.3
2023-07-17 09:00:00,914354.6
2023-07-17 10:00:00,985860.6
2023-07-17 11:00:00,1052875.6
2023-07-17 12:00:00,1091419.0
2023-07-17 13:00:00,1103996.1
2023-07-17 14:00:00,1123833.0
2023-07-17 15:00:00,1137628.0
2023-07-17 16:00:00,1166421.0
2023-07-17 17:00:00,1179978.3
2023-07-17 18:00:00,1163690.5
2023-07-17 19:00:00,1129734.0
2023-07-17 20:00:00,1084447.1
2023-07-17 21:00:00,997889.5
2023-07-17 22:00:00,875970.1
2023-07-17 23:00:00,757259.0
2023-07-18 00:00:00,668325.0
2023-07-18 01:00:00,608332.6
2023-07-18 02:00:00,569386.0
2023-07-18 03:00:00,549726.2
2023-07-18 04:00:00,551815.4
2023-07-18 05:00:00,575025.8
2023-07-18 06:00:00,644926.1
2023-07-18 07:00:00,733495.0
2023-07-18 08:00:00,821553.9
2023-07-18 09:00:00,890862.6
2023-07-18 10:00:00,966143.7
2023-07-18 11:00:00,981590.1
2023-07-18 12:00:00,989303.9
2023-07-18 13:00:00,962201.2
2023-07-18 14:00:00,984598.3
2023-07-18 15:00:00,1057257.4
2023-07-18 16:00:00,1116044.9
2023-07-18 17:00:00,1148377.8
2023-07-18 18:00:00,1132470.2
2023-07-18 19:00:00,1083540.9
2023-07-18 20:00:00,1050703.4
2023-07-18 21:00:00,969791.6
2023-07-18 22:00:00,850081.3
2023-07-18 23:00:00,729939.7
2023-07-19 00:00:00,640239.3
2023-07-19 01:00:00,578789.0
2023-07-19 02:00:00,540579.4
2023-07-19 03:00:00,521762.1
2023-07-19 04:00:00,523493.0
2023-07-19 05:00:00,548204.0
2023-07-19 06:00:00,616077.1
2023-07-19 07:00:00,696386.9
2023-07-19 08:00:00,772980.5
2023-07-19 09:00:00,850689.2
2023-07-19 10:00:00,910181.7
2023-07-19 11:00:00,958449.5
2023-07-19 12:00:00,989655.0
2023-07-19 13:00:00,997871.8
2023-07-19 14:00:00,1009954.6
2023-07-19 15:00:00,1029599.5
2023-07-19 16:00:00,1089990.8
2023-07-19 17:00:00,1090363.6
2023-07-19 18:00:00,1088312.2
2023-07-19 19:00:00,1055518.5
2023-07-19 20:00:00,1036386.0
2023-07-19 21:00:00,966029.7
2023-07-19 22:00:00,849990.1
2023-07-19 23:00:00,743712.9
2023-07-20 00:00:00,659680.7
2023-07-20 01:00:00,603033.6
2023-07-20 02:00:00,568255.8
2023-07-20 03:00:00,549511.0
2023-07-20 04:00:00,551653.9
2023-07-20 05:00:00,577082.0
2023-07-20 06:00:00,645016.0
2023-07-20 07:00:00,737384.2
2023-07-20 08:00:00,802542.8
2023-07-20 09:00:00,894922.1
2023-07-20 10:00:00,979323.3
2023-07-20 11:00:00,1046708.9
2023-07-20 12:00:00,1088330.6
2023-07-20 13:00:00,1126756.2
2023-07-20 14:00:00,1171863.8
2023-07-20 15:00:00,1221466.1
2023-07-20 16:00:00,1244446.5
2023-07-20 17:00:00,1222693.6
2023-07-20 18:00:00,1209443.0
2023-07-20 19:00:00,1154928.8
2023-07-20 20:00:00,1087066.6
2023-07-20 21:00:00,997927.6
2023-07-20 22:00:00,880414.3
2023-07-20 23:00:00,770976.9
2023-07-21 00:00:00,683763.9
2023-07-21 01:00:00,624100.7
2023-07-21 02:00:00,586593.8
2023-07-21 03:00:00,565988.0
2023-07-21 04:00:00,568282.4
2023-07-21 05:00:00,589476.1
2023-07-21 06:00:00,655575.7
2023-07-21 07:00:00,743964.3
2023-07-21 08:00:00,822201.7
2023-07-21 09:00:00,881446.9
2023-07-21 10:00:00,926454.7
2023-07-21 11:00:00,970939.4
2023-07-21 12:00:00,996816.4
2023-07-21 13:00:00,1018074.6
2023-07-21 14:00:00,1050711.5
2023-07-21 15:00:00,1095961.2
2023-07-21 16:00:00,1143833.4
2023-07-21 17:00:00,1145705.9
2023-07-21 18:00:00,1108187.1
2023-07-21 19:00:00,1051187.6
2023-07-21 20:00:00,1022131.8
2023-07-21 21:00:00,963245.2
2023-07-21 22:00:00,864352.5
2023-07-21 23:00:00,761958.7
2023-07-22 00:00:00,678584.1
2023-07-22 01:00:00,614113.2
2023-07-22 02:00:00,569289.9
2023-07-22 03:00:00,541304.9
2023-07-22 04:00:00,531942.6
2023-07-22 05:00:00,541855.4
2023-07-22 06:00:00,593797.6
2023-07-22 07:00:00,701647.1
2023-07-22 08:00:00,829806.3
2023-07-22 09:00:00,942780.1
2023-07-22 10:00:00,1030105.9
2023-07-22 11:00:00,1086929.8
2023-07-22 12:00:00,1120396.5
2023-07-22 13:00:00,1141804.5
2023-07-22 14:00:00,1167123.9
2023-07-22 15:00:00,1194616.3
2023-07-22 16:00:00,1217160.4
2023-07-22 17:00:00,1209583.9
2023-07-22 18:00:00,1169232.9
2023-07-22 19:00:00,1108617.0
2023-07-22 20:00:00,1077966.9
2023-07-22 21:00:00,1013161.0
2023-07-22 22:00:00,913620.9
2023-07-22 23:00:00,810722.5
2023-07-23 00:00:00,717780.0
2023-07-23 01:00:00,648799.4
2023-07-23 02:00:00,597792.8
2023-07-23 03:00:00,561946.1
2023-07-23 04:00:00,543602.9
2023-07-23 05:00:00,545210.0
2023-07-23 06:00:00,593161.6
2023-07-23 07:00:00,693616.1
2023-07-23 08:00:00,817238.7
2023-07-23 09:00:00,931408.5
2023-07-23 10:00:00,1032267.3
2023-07-23 11:00:00,1109895.9
2023-07-23 12:00:00,1151461.8
2023-07-23 13:00:00,1126308.9
2023-07-23 14:00:00,1081825.2
2023-07-23 15:00:00,1060359.9
2023-07-23 16:00:00,1067915.1
2023-07-23 17:00:00,1068621.3
2023-07-23 18:00:00,1048476.5
2023-07-23 19:00:00,1022909.7
2023-07-23 20:00:00,1007075.5
2023-07-23 21:00:00,939776.2
2023-07-23 22:00:00,828329.7000000001
2023-07-23 23:00:00,719837.7
2023-07-24 00:00:00,637757.7
2023-07-24 01:00:00,582698.0
2023-07-24 02:00:00,552415.0
2023-07-24 03:00:00,537335.1
2023-07-24 04:00:00,542537.8
2023-07-24 05:00:00,569305.8
2023-07-24 06:00:00,625747.2
2023-07-24 07:00:00,716908.4
2023-07-24 08:00:00,812457.3
2023-07-24 09:00:00,886082.4
2023-07-24 10:00:00,953710.2
2023-07-24 11:00:00,1005496.4
2023-07-24 12:00:00,1047343.4
2023-07-24 13:00:00,1071631.4
2023-07-24 14:00:00,1086452.1
2023-07-24 15:00:00,1087242.5
2023-07-24 16:00:00,1103628.2
2023-07-24 17:00:00,1144369.5
2023-07-24 18:00:00,1137445.5
2023-07-24 19:00:00,1087384.3
2023-07-24 20:00:00,1063614.4
2023-07-24 21:00:00,980495.5
2023-07-24 22:00:00,865737.4
2023-07-24 23:00:00,753871.8
2023-07-25 00:00:00,668623.5
2023-07-25 01:00:00,610337.8
2023-07-25 02:00:00,571870.9
2023-07-25 03:00:00,550566.0
2023-07-25 04:00:00,554100.5
2023-07-25 05:00:00,577813.9
2023-07-25 06:00:00,637577.2
2023-07-25 07:00:00,708292.2
2023-07-25 08:00:00,750877.2
2023-07-25 09:00:00,820654.8
2023-07-25 10:00:00,899189.8
2023-07-25 11:00:00,983951.8
2023-07-25 12:00:00,1030742.0
2023-07-25 13:00:00,1074110.8
2023-07-25 14:00:00,1117516.9
2023-07-25 15:00:00,1177626.9
2023-07-25 16:00:00,1243932.2
2023-07-25 17:00:00,1254695.5
2023-07-25 18:00:00,1224306.5
2023-07-25 19:00:00,1179180.5
2023-07-25 20:00:00,1153671.0
2023-07-25 21:00:00,1072338.0
2023-07-25 22:00:00,956885.8
2023-07-25 23:00:00,837785.5
2023-07-26 00:00:00,741089.8
2023-07-26 01:00:00,675753.6
2023-07-26 02:00:00,633496.7
2023-07-26 03:00:00,617442.3
2023-07-26 04:00:00,622639.7
2023-07-26 05:00:00,648386.5
2023-07-26 06:00:00,717584.6
2023-07-26 07:00:00,818265.9
2023-07-26 08:00:00,929942.7
2023-07-26 09:00:00,1041078.9
2023-07-26 10:00:00,1141639.7
2023-07-26 11:00:00,1229876.3
2023-07-26 12:00:00,1279215.0
2023-07-26 13:00:00,1307529.8
2023-07-26 14:00:00,1338457.5
2023-07-26 15:00:00,1369035.5
2023-07-26 16:00:00,1396886.8
2023-07-26 17:00:00,1375009.6
2023-07-26 18:00:00,1345981.5
2023-07-26 19:00:00,1302334.8
2023-07-26 20:00:00,1239293.8
2023-07-26 21:00:00,1132942.4
2023-07-26 22:00:00,1007659.4
2023-07-26 23:00:00,892074.1
2023-07-27 00:00:00,802603.6
2023-07-27 01:00:00,735045.5
2023-07-27 02:00:00,688377.0
2023-07-27 03:00:00,666580.9
2023-07-27 04:00:00,667171.4
2023-07-27 05:00:00,687537.6
2023-07-27 06:00:00,747328.9
2023-07-27 07:00:00,824601.7
2023-07-27 08:00:00,938188.6
2023-07-27 09:00:00,1031215.3
2023-07-27 10:00:00,1115683.8
2023-07-27 11:00:00,1175134.2
2023-07-27 12:00:00,1184195.4
2023-07-27 13:00:00,1239147.2
2023-07-27 14:00:00,1298913.2
2023-07-27 15:00:00,1367164.6
2023-07-27 16:00:00,1436529.8
2023-07-27 17:00:00,1456237.8
2023-07-27 18:00:00,1424223.2
2023-07-27 19:00:00,1356102.2
2023-07-27 20:00:00,1309232.0
2023-07-27 21:00:00,1217330.6
2023-07-27 22:00:00,1087475.5
2023-07-27 23:00:00,962229.1
2023-07-28 00:00:00,853953.5
2023-07-28 01:00:00,775795.6
2023-07-28 02:00:00,716293.6
2023-07-28 03:00:00,681548.8
2023-07-28 04:00:00,671911.5
2023-07-28 05:00:00,687880.3
2023-07-28 06:00:00,765610.3
2023-07-28 07:00:00,881493.2
2023-07-28 08:00:00,1010941.1
2023-07-28 09:00:00,1045528.9
2023-07-28 10:00:00,1073932.1
2023-07-28 11:00:00,1201609.9
2023-07-28 12:00:00,1278297.5
2023-07-28 13:00:00,1332463.9
2023-07-28 14:00:00,1381787.8
2023-07-28 15:00:00,1432599.0
2023-07-28 16:00:00,1446130.1
2023-07-28 17:00:00,1400579.1
2023-07-28 18:00:00,1362273.3
2023-07-28 19:00:00,1341220.4
2023-07-28 20:00:00,1332518.0
2023-07-28 21:00:00,1271123.6
2023-07-28 22:00:00,1167942.5
2023-07-28 23:00:00,1053401.4
2023-07-29 00:00:00,947205.7
2023-07-29 01:00:00,863087.5
2023-07-29 02:00:00,802530.2
2023-07-29 03:00:00,761909.2
2023-07-29 04:00:00,739307.1
2023-07-29 05:00:00,734692.2
2023-07-29 06:00:00,767522.0
2023-07-29 07:00:00,825855.1
2023-07-29 08:00:00,894761.8
2023-07-29 09:00:00,947292.3
2023-07-29 10:00:00,992004.5
2023-07-29 11:00:00,991872.5
2023-07-29 12:00:00,969131.8
2023-07-29 13:00:00,956947.9
2023-07-29 14:00:00,942386.9
2023-07-29 15:00:00,976603.0
2023-07-29 16:00:00,1016930.4
2023-07-29 17:00:00,1017971.9
2023-07-29 18:00:00,973387.6
2023-07-29 19:00:00,927276.7
2023-07-29 20:00:00,901921.8
2023-07-29 21:00:00,850093.1
2023-07-29 22:00:00,770713.7
2023-07-29 23:00:00,685175.0
2023-07-30 00:00:00,610606.7
2023-07-30 01:00:00,556784.4
2023-07-30 02:00:00,518363.2
2023-07-30 03:00:00,495640.6
2023-07-30 04:00:00,485591.2
2023-07-30 05:00:00,489681.5
2023-07-30 06:00:00,533854.9
2023-07-30 07:00:00,614299.4
2023-07-30 08:00:00,708885.4
2023-07-30 09:00:00,798349.7
2023-07-30 10:00:00,872070.3
2023-07-30 11:00:00,914683.9
2023-07-30 12:00:00,918006.5
2023-07-30 13:00:00,932469.5
2023-07-30 14:00:00,959437.8
2023-07-30 15:00:00,970153.4
2023-07-30 16:00:00,980550.2
2023-07-30 17:00:00,990552.6
2023-07-30 18:00:00,969037.3
2023-07-30 19:00:00,954748.3
2023-07-30 20:00:00,949744.2
2023-07-30 21:00:00,884696.8
2023-07-30 22:00:00,775839.9
2023-07-30 23:00:00,672485.0
2023-07-31 00:00:00,594234.2
2023-07-31 01:00:00,541955.3
2023-07-31 02:00:00,509907.0
2023-07-31 03:00:00,494597.0
2023-07-31 04:00:00,499857.4
2023-07-31 05:00:00,522599.7
2023-07-31 06:00:00,575557.1
2023-07-31 07:00:00,648191.2
2023-07-31 08:00:00,722291.6
2023-07-31 09:00:00,784696.9
2023-07-31 10:00:00,834890.2
2023-07-31 11:00:00,869893.0
2023-07-31 12:00:00,890204.2
2023-07-31 13:00:00,903552.1
2023-07-31 14:00:00,927203.8
2023-07-31 15:00:00,970022.6
2023-07-31 16:00:00,1027577.0
2023-07-31 17:00:00,1036447.1
2023-07-31 18:00:00,1000497.3
2023-07-31 19:00:00,945559.5
2023-07-31 20:00:00,919813.4
2023-07-31 21:00:00,845061.4
2023-07-31 22:00:00,737194.4
2023-07-31 23:00:00,639961.4
2023-08-01 00:00:00,567558.5
2023-08-01 01:00:00,519466.6
2023-08-01 02:00:00,489566.0
2023-08-01 03:00:00,475818.1
2023-08-01 04:00:00,483504.4
2023-08-01 05:00:00,508691.2
2023-08-01 06:00:00,558843.2
2023-08-01 07:00:00,621868.9
2023-08-01 08:00:00,680887.0
2023-08-01 09:00:00,745864.6
2023-08-01 10:00:00,803405.3
2023-08-01 11:00:00,847563.7
2023-08-01 12:00:00,870135.6
2023-08-01 13:00:00,884197.9
2023-08-01 14:00:00,907836.3
2023-08-01 15:00:00,942586.0
2023-08-01 16:00:00,974817.0
2023-08-01 17:00:00,965292.9
2023-08-01 18:00:00,946347.4
2023-08-01 19:00:00,926453.0
2023-08-01 20:00:00,911228.2
2023-08-01 21:00:00,845308.2
2023-08-01 22:00:00,743738.5
2023-08-01 23:00:00,651839.1
2023-08-02 00:00:00,576695.4
2023-08-02 01:00:00,528484.5
2023-08-02 02:00:00,497833.6
2023-08-02 03:00:00,483813.7
2023-08-02 04:00:00,490473.0
2023-08-02 05:00:00,514902.0
2023-08-02 06:00:00,568118.4
2023-08-02 07:00:00,629620.5
2023-08-02 08:00:00,691559.8
2023-08-02 09:00:00,742137.0
2023-08-02 10:00:00,777955.7
2023-08-02 11:00:00,817931.7
2023-08-02 12:00:00,859446.8
2023-08-02 13:00:00,895556.3
2023-08-02 14:00:00,921070.3
2023-08-02 15:00:00,957489.5
2023-08-02 16:00:00,1002280.6
2023-08-02 17:00:00,1000162.4
2023-08-02 18:00:00,985205.0
2023-08-02 19:00:00,977327.9
2023-08-02 20:00:00,975697.1
2023-08-02 21:00:00,918050.4
2023-08-02 22:00:00,822369.2
2023-08-02 23:00:00,729983.2
2023-08-03 00:00:00,651730.9
2023-08-03 01:00:00,596480.4
2023-08-03 02:00:00,557676.3
2023-08-03 03:00:00,540566.3
2023-08-03 04:00:00,543486.5
2023-08-03 05:00:00,570338.6
2023-08-03 06:00:00,635098.8
2023-08-03 07:00:00,732024.4
2023-08-03 08:00:00,836062.2
2023-08-03 09:00:00,942921.6
2023-08-03 10:00:00,1034364.0
2023-08-03 11:00:00,1109540.9
2023-08-03 12:00:00,1154963.8
2023-08-03 13:00:00,1192221.2
2023-08-03 14:00:00,1224994.1
2023-08-03 15:00:00,1264888.9
2023-08-03 16:00:00,1319378.0
2023-08-03 17:00:00,1330516.9
2023-08-03 18:00:00,1292437.5
2023-08-03 19:00:00,1254590.6
2023-08-03 20:00:00,1211215.2
2023-08-03 21:00:00,1050794.5
2023-08-03 22:00:00,927235.6
2023-08-03 23:00:00,811700.7
2023-08-04 00:00:00,721413.5
2023-08-04 01:00:00,656048.5
2023-08-04 02:00:00,612440.5
2023-08-04 03:00:00,586384.5
2023-08-04 04:00:00,579316.8
2023-08-04 05:00:00,590587.7
2023-08-04 06:00:00,644523.1
2023-08-04 07:00:00,721299.3
2023-08-04 08:00:00,779363.2
2023-08-04 09:00:00,883131.6
2023-08-04 10:00:00,957211.2999999999
2023-08-04 11:00:00,1027900.8
2023-08-04 12:00:00,1049290.0
2023-08-04 13:00:00,1075170.4
2023-08-04 14:00:00,1104861.4
2023-08-04 15:00:00,1151452.5
2023-08-04 16:00:00,1200091.2
2023-08-04 17:00:00,1191728.0
2023-08-04 18:00:00,1140743.4
2023-08-04 19:00:00,1078541.1
2023-08-04 20:00:00,1039825.7
2023-08-04 21:00:00,968698.3
2023-08-04 22:00:00,874947.1
2023-08-04 23:00:00,775067.8
2023-08-05 00:00:00,692119.8
2023-08-05 01:00:00,629362.9
2023-08-05 02:00:00,584837.6
2023-08-05 03:00:00,554208.5
2023-08-05 04:00:00,539523.8
2023-08-05 05:00:00,543386.7
2023-08-05 06:00:00,585174.5
2023-08-05 07:00:00,668106.7
2023-08-05 08:00:00,771279.5
2023-08-05 09:00:00,863202.9
2023-08-05 10:00:00,928614.9
2023-08-05 11:00:00,974462.8
2023-08-05 12:00:00,999010.8
2023-08-05 13:00:00,1011920.4
2023-08-05 14:00:00,1031723.6
2023-08-05 15:00:00,1058844.8
2023-08-05 16:00:00,1079311.1
2023-08-05 17:00:00,1065559.4
2023-08-05 18:00:00,1020400.3
2023-08-05 19:00:00,960621.3
2023-08-05 20:00:00,933417.7
2023-08-05 21:00:00,866619.0
2023-08-05 22:00:00,781609.7
2023-08-05 23:00:00,698391.8
2023-08-06 00:00:00,623509.8
2023-08-06 01:00:00,569372.5
2023-08-06 02:00:00,529967.4
2023-08-06 03:00:00,505030.5
2023-08-06 04:00:00,492574.0
2023-08-06 05:00:00,493823.9
2023-08-06 06:00:00,536611.0
2023-08-06 07:00:00,625135.5
2023-08-06 08:00:00,721411.7
2023-08-06 09:00:00,816337.6
2023-08-06 10:00:00,894804.9
2023-08-06 11:00:00,950074.8
2023-08-06 12:00:00,966953.9
2023-08-06 13:00:00,959155.2
2023-08-06 14:00:00,962402.1
2023-08-06 15:00:00,933805.4
2023-08-06 16:00:00,918105.9
2023-08-06 17:00:00,909593.1
2023-08-06 18:00:00,888422.6
2023-08-06 19:00:00,883905.5
2023-08-06 20:00:00,871520.3
2023-08-06 21:00:00,818814.2
2023-08-06 22:00:00,751189.9
2023-08-06 23:00:00,678104.5
2023-08-07 00:00:00,616902.3
2023-08-07 01:00:00,573711.0
2023-08-07 02:00:00,547143.4
2023-08-07 03:00:00,531826.6
2023-08-07 04:00:00,530925.2
2023-08-07 05:00:00,540659.6
2023-08-07 06:00:00,574804.6
2023-08-07 07:00:00,640849.3
2023-08-07 08:00:00,716686.2
2023-08-07 09:00:00,808536.6
2023-08-07 10:00:00,920898.0
2023-08-07 11:00:00,987105.0
2023-08-07 12:00:00,999596.0
2023-08-07 13:00:00,1021042.4
2023-08-07 14:00:00,1033077.6
2023-08-07 15:00:00,1059693.0
2023-08-07 16:00:00,1096928.8
2023-08-07 17:00:00,1100857.4
2023-08-07 18:00:00,1080286.6
2023-08-07 19:00:00,1057295.9
2023-08-07 20:00:00,1028639.7
2023-08-07 21:00:00,950670.4
2023-08-07 22:00:00,842471.6
2023-08-07 23:00:00,742104.5
2023-08-08 00:00:00,661034.5
2023-08-08 01:00:00,595943.1
2023-08-08 02:00:00,556437.5
2023-08-08 03:00:00,536010.4
2023-08-08 04:00:00,537853.7
2023-08-08 05:00:00,558445.1
2023-08-08 06:00:00,604205.7
2023-08-08 07:00:00,658273.2
2023-08-08 08:00:00,700033.7
2023-08-08 09:00:00,748464.9
2023-08-08 10:00:00,798203.5
2023-08-08 11:00:00,839016.5
2023-08-08 12:00:00,862298.0
2023-08-08 13:00:00,894676.8
2023-08-08 14:00:00,932922.6
2023-08-08 15:00:00,951631.4
2023-08-08 16:00:00,1009834.4
2023-08-08 17:00:00,1021568.0
2023-08-08 18:00:00,993943.7
2023-08-08 19:00:00,970006.7
2023-08-08 20:00:00,955353.7
2023-08-08 21:00:00,883213.7
2023-08-08 22:00:00,777362.3
2023-08-08 23:00:00,676390.2
2023-08-09 00:00:00,597301.9
2023-08-09 01:00:00,546346.9
2023-08-09 02:00:00,513378.2
2023-08-09 03:00:00,498851.5
2023-08-09 04:00:00,505636.1
2023-08-09 05:00:00,531675.7
2023-08-09 06:00:00,588821.9
2023-08-09 07:00:00,669942.7
2023-08-09 08:00:00,756730.9
2023-08-09 09:00:00,851075.8
2023-08-09 10:00:00,932918.7
2023-08-09 11:00:00,999793.1
2023-08-09 12:00:00,1035640.3
2023-08-09 13:00:00,1069801.5
2023-08-09 14:00:00,1106599.6
2023-08-09 15:00:00,1154142.1
2023-08-09 16:00:00,1211668.5
2023-08-09 17:00:00,1220894.3
2023-08-09 18:00:00,1199230.5
2023-08-09 19:00:00,1167464.5
2023-08-09 20:00:00,1136333.7
2023-08-09 21:00:00,1043505.2
2023-08-09 22:00:00,925268.7
2023-08-09 23:00:00,811187.7
2023-08-10 00:00:00,721627.9
2023-08-10 01:00:00,657180.5
2023-08-10 02:00:00,618230.6
2023-08-10 03:00:00,594099.3
2023-08-10 04:00:00,589837.4
2023-08-10 05:00:00,605400.6
2023-08-10 06:00:00,662655.0
2023-08-10 07:00:00,759883.7
2023-08-10 08:00:00,849652.1
2023-08-10 09:00:00,935253.7
2023-08-10 10:00:00,1024668.7
2023-08-10 11:00:00,1009323.9
2023-08-10 12:00:00,938977.0
2023-08-10 13:00:00,932060.8
2023-08-10 14:00:00,985277.0
2023-08-10 15:00:00,1061044.5
2023-08-10 16:00:00,1128264.0
2023-08-10 17:00:00,1125906.5
2023-08-10 18:00:00,1088547.6
2023-08-10 19:00:00,1049689.2
2023-08-10 20:00:00,1027926.9
2023-08-10 21:00:00,956192.5
2023-08-10 22:00:00,846991.4
2023-08-10 23:00:00,740423.7
2023-08-11 00:00:00,654806.4
2023-08-11 01:00:00,593586.9
2023-08-11 02:00:00,551265.6
2023-08-11 03:00:00,528935.9
2023-08-11 04:00:00,527256.6
2023-08-11 05:00:00,543798.8
2023-08-11 06:00:00,597802.7
2023-08-11 07:00:00,685585.5
2023-08-11 08:00:00,774630.4
2023-08-11 09:00:00,851269.7
2023-08-11 10:00:00,909449.8
2023-08-11 11:00:00,953563.3
2023-08-11 12:00:00,972124.9
2023-08-11 13:00:00,994503.2
2023-08-11 14:00:00,1017900.3
2023-08-11 15:00:00,1041862.9
2023-08-11 16:00:00,1075824.7
2023-08-11 17:00:00,1060919.6
2023-08-11 18:00:00,1021138.0
2023-08-11 19:00:00,994964.9
2023-08-11 20:00:00,984896.0
2023-08-11 21:00:00,931268.3
2023-08-11 22:00:00,845993.2
2023-08-11 23:00:00,761884.4
2023-08-12 00:00:00,686583.4
2023-08-12 01:00:00,625327.2
2023-08-12 02:00:00,585481.4
2023-08-12 03:00:00,558620.5
2023-08-12 04:00:00,548753.8
2023-08-12 05:00:00,555877.1
2023-08-12 06:00:00,597288.5
2023-08-12 07:00:00,676576.9
2023-08-12 08:00:00,763512.2
2023-08-12 09:00:00,834918.8
2023-08-12 10:00:00,908868.2
2023-08-12 11:00:00,1012736.1
2023-08-12 12:00:00,1090374.1
2023-08-12 13:00:00,1132864.2
2023-08-12 14:00:00,1174445.5
2023-08-12 15:00:00,1207550.2
2023-08-12 16:00:00,1225010.7
2023-08-12 17:00:00,1195452.7
2023-08-12 18:00:00,1142452.7
2023-08-12 19:00:00,1095158.0
2023-08-12 20:00:00,1066790.0
2023-08-12 21:00:00,999125.7
2023-08-12 22:00:00,904765.7
2023-08-12 23:00:00,806073.8
2023-08-13 00:00:00,714995.6
2023-08-13 01:00:00,646562.5
2023-08-13 02:00:00,593925.5
2023-08-13 03:00:00,558422.2
2023-08-13 04:00:00,539411.4
2023-08-13 05:00:00,536911.1
2023-08-13 06:00:00,569159.4
2023-08-13 07:00:00,652488.4
2023-08-13 08:00:00,770618.8
2023-08-13 09:00:00,853239.7
2023-08-13 10:00:00,908830.4
2023-08-13 11:00:00,952999.7
2023-08-13 12:00:00,986731.8
2023-08-13 13:00:00,1011771.5
2023-08-13 14:00:00,1038452.2
2023-08-13 15:00:00,1049226.4
2023-08-13 16:00:00,1068269.4
2023-08-13 17:00:00,1073190.3
2023-08-13 18:00:00,1037760.3
2023-08-13 19:00:00,1013174.8
2023-08-13 20:00:00,994724.8
2023-08-13 21:00:00,922908.5
2023-08-13 22:00:00,816457.8
2023-08-13 23:00:00,713952.4
2023-08-14 00:00:00,629917.3
2023-08-14 01:00:00,571578.6
2023-08-14 02:00:00,534422.2
2023-08-14 03:00:00,514965.2
2023-08-14 04:00:00,516482.6
2023-08-14 05:00:00,536584.7
2023-08-14 06:00:00,590318.2
2023-08-14 07:00:00,668524.5
2023-08-14 08:00:00,747706.5
2023-08-14 09:00:00,804571.0
2023-08-14 10:00:00,863061.8
2023-08-14 11:00:00,918185.7
2023-08-14 12:00:00,942800.0
2023-08-14 13:00:00,972435.7
2023-08-14 14:00:00,1002108.2
2023-08-14 15:00:00,1039571.1
2023-08-14 16:00:00,1076083.5
2023-08-14 17:00:00,1050369.9
2023-08-14 18:00:00,1015834.5
2023-08-14 19:00:00,1003470.1
2023-08-14 20:00:00,986462.2
2023-08-14 21:00:00,910186.8
2023-08-14 22:00:00,807238.8
2023-08-14 23:00:00,703210.4
2023-08-15 00:00:00,624476.0
2023-08-15 01:00:00,572925.1
2023-08-15 02:00:00,540635.4
2023-08-15 03:00:00,526310.4
2023-08-15 04:00:00,533500.7
2023-08-15 05:00:00,557315.1
2023-08-15 06:00:00,608392.2
2023-08-15 07:00:00,670511.7
2023-08-15 08:00:00,733737.7
2023-08-15 09:00:00,789043.9
2023-08-15 10:00:00,832991.7
2023-08-15 11:00:00,873449.6
2023-08-15 12:00:00,902235.2
2023-08-15 13:00:00,914234.8
2023-08-15 14:00:00,912764.3
2023-08-15 15:00:00,912739.0
2023-08-15 16:00:00,949989.0
2023-08-15 17:00:00,969201.3
2023-08-15 18:00:00,969611.3
2023-08-15 19:00:00,963493.9
2023-08-15 20:00:00,939122.9
2023-08-15 21:00:00,867086.1
2023-08-15 22:00:00,773998.8
2023-08-15 23:00:00,681414.8
2023-08-16 00:00:00,610034.1
2023-08-16 01:00:00,562124.9
2023-08-16 02:00:00,530804.4
2023-08-16 03:00:00,517506.7
2023-08-16 04:00:00,524190.4
2023-08-16 05:00:00,551652.3
2023-08-16 06:00:00,612688.3
2023-08-16 07:00:00,698477.8
2023-08-16 08:00:00,787398.8
2023-08-16 09:00:00,880136.3
2023-08-16 10:00:00,954529.4
2023-08-16 11:00:00,1012358.9
2023-08-16 12:00:00,1053341.7
2023-08-16 13:00:00,1083888.4
2023-08-16 14:00:00,1117449.5
2023-08-16 15:00:00,1161280.0
2023-08-16 16:00:00,1208079.9
2023-08-16 17:00:00,1209948.6
2023-08-16 18:00:00,1171084.5
2023-08-16 19:00:00,1141384.4
2023-08-16 20:00:00,1116543.3
2023-08-16 21:00:00,1032581.1
2023-08-16 22:00:00,911125.8
2023-08-16 23:00:00,795732.4
2023-08-17 00:00:00,699732.6
2023-08-17 01:00:00,633293.8
2023-08-17 02:00:00,587440.3
2023-08-17 03:00:00,561650.3
2023-08-17 04:00:00,561209.5
2023-08-17 05:00:00,580808.7
2023-08-17 06:00:00,644490.8
2023-08-17 07:00:00,719431.5
2023-08-17 08:00:00,778419.5
2023-08-17 09:00:00,864540.5
2023-08-17 10:00:00,953142.0
2023-08-17 11:00:00,992283.1
2023-08-17 12:00:00,998702.8
2023-08-17 13:00:00,1020640.4
2023-08-17 14:00:00,1059043.3
2023-08-17 15:00:00,1102040.0
2023-08-17 16:00:00,1132973.1
2023-08-17 17:00:00,1097890.7
2023-08-17 18:00:00,1066251.5
2023-08-17 19:00:00,1063190.7
2023-08-17 20:00:00,1044372.1
2023-08-17 21:00:00,948531.0
2023-08-17 22:00:00,826657.4
2023-08-17 23:00:00,724481.9
2023-08-18 00:00:00,645027.6
2023-08-18 01:00:00,583498.9
2023-08-18 02:00:00,539714.3
2023-08-18 03:00:00,515761.0
2023-08-18 04:00:00,512765.7
2023-08-18 05:00:00,528222.4
2023-08-18 06:00:00,579621.3
2023-08-18 07:00:00,651260.9
2023-08-18 08:00:00,703379.1
2023-08-18 09:00:00,748545.8
2023-08-18 10:00:00,772253.9
2023-08-18 11:00:00,790096.3
2023-08-18 12:00:00,779653.0
2023-08-18 13:00:00,762378.9
2023-08-18 14:00:00,756298.0
2023-08-18 15:00:00,762834.5
2023-08-18 16:00:00,781426.5
2023-08-18 17:00:00,783088.6
2023-08-18 18:00:00,775975.2
2023-08-18 19:00:00,777070.9
2023-08-18 20:00:00,767801.7
2023-08-18 21:00:00,718544.2
2023-08-18 22:00:00,648615.2
2023-08-18 23:00:00,578117.2
2023-08-19 00:00:00,522290.4
2023-08-19 01:00:00,482618.5
2023-08-19 02:00:00,456171.7
2023-08-19 03:00:00,441819.8
2023-08-19 04:00:00,440756.8
2023-08-19 05:00:00,455141.2
2023-08-19 06:00:00,499356.3
2023-08-19 07:00:00,572675.0
2023-08-19 08:00:00,655573.9
2023-08-19 09:00:00,728290.6
2023-08-19 10:00:00,789356.9
2023-08-19 11:00:00,830945.4
2023-08-19 12:00:00,852544.8
2023-08-19 13:00:00,870802.3
2023-08-19 14:00:00,896437.6
2023-08-19 15:00:00,923145.7
2023-08-19 16:00:00,950882.3
2023-08-19 17:00:00,953013.9
2023-08-19 18:00:00,920305.7
2023-08-19 19:00:00,902581.6
2023-08-19 20:00:00,884361.7
2023-08-19 21:00:00,828721.5
2023-08-19 22:00:00,748460.5
2023-08-19 23:00:00,669621.9
2023-08-20 00:00:00,601165.6
2023-08-20 01:00:00,548618.2
2023-08-20 02:00:00,511736.3
2023-08-20 03:00:00,488240.7
2023-08-20 04:00:00,479566.7
2023-08-20 05:00:00,483699.5
2023-08-20 06:00:00,520558.4
2023-08-20 07:00:00,598305.6
2023-08-20 08:00:00,684147.8
2023-08-20 09:00:00,784988.7
2023-08-20 10:00:00,897789.5
2023-08-20 11:00:00,984456.5
2023-08-20 12:00:00,1050931.0
2023-08-20 13:00:00,1098510.7
2023-08-20 14:00:00,1094981.4
2023-08-20 15:00:00,1070335.2
2023-08-20 16:00:00,1094387.3
2023-08-20 17:00:00,1117875.2
2023-08-20 18:00:00,1124603.4
2023-08-20 19:00:00,1140015.9
2023-08-20 20:00:00,1137871.4
2023-08-20 21:00:00,1063123.2
2023-08-20 22:00:00,953037.8
2023-08-20 23:00:00,838779.5
2023-08-21 00:00:00,745361.5
2023-08-21 01:00:00,679589.3
2023-08-21 02:00:00,634028.8
2023-08-21 03:00:00,608009.1
2023-08-21 04:00:00,603921.1
2023-08-21 05:00:00,620910.1
2023-08-21 06:00:00,671616.2
2023-08-21 07:00:00,729064.6
2023-08-21 08:00:00,772937.0
2023-08-21 09:00:00,861843.6
2023-08-21 10:00:00,946217.3
2023-08-21 11:00:00,1003324.6
2023-08-21 12:00:00,1037108.4
2023-08-21 13:00:00,1051552.9
2023-08-21 14:00:00,1069623.4
2023-08-21 15:00:00,1089794.4
2023-08-21 16:00:00,1110379.7
2023-08-21 17:00:00,1092093.2
2023-08-21 18:00:00,1036249.5
2023-08-21 19:00:00,1010983.6
2023-08-21 20:00:00,972484.6
2023-08-21 21:00:00,887014.9
2023-08-21 22:00:00,776478.2
2023-08-21 23:00:00,677155.2
2023-08-22 00:00:00,595655.8
2023-08-22 01:00:00,542940.6
2023-08-22 02:00:00,509999.1
2023-08-22 03:00:00,493391.2
2023-08-22 04:00:00,497773.0
2023-08-22 05:00:00,519494.6
2023-08-22 06:00:00,572501.4
2023-08-22 07:00:00,634064.8
2023-08-22 08:00:00,690558.1
2023-08-22 09:00:00,756962.4
2023-08-22 10:00:00,824916.8
2023-08-22 11:00:00,877428.1
2023-08-22 12:00:00,905309.3
2023-08-22 13:00:00,931341.2
2023-08-22 14:00:00,960206.0
2023-08-22 15:00:00,999768.1
2023-08-22 16:00:00,1046636.2
2023-08-22 17:00:00,1046302.6
2023-08-22 18:00:00,1005950.4
2023-08-22 19:00:00,984388.7
2023-08-22 20:00:00,956126.1
2023-08-22 21:00:00,878945.3
2023-08-22 22:00:00,776617.2
2023-08-22 23:00:00,683261.7
2023-08-23 00:00:00,607998.0
2023-08-23 01:00:00,561335.6
2023-08-23 02:00:00,528412.4
2023-08-23 03:00:00,514851.3
2023-08-23 04:00:00,519225.3
2023-08-23 05:00:00,544102.4
2023-08-23 06:00:00,593233.5
2023-08-23 07:00:00,641584.8
2023-08-23 08:00:00,685339.9
2023-08-23 09:00:00,725881.7
2023-08-23 10:00:00,755349.8
2023-08-23 11:00:00,771642.7
2023-08-23 12:00:00,778173.7
2023-08-23 13:00:00,780664.5
2023-08-23 14:00:00,774306.6
2023-08-23 15:00:00,788336.0
2023-08-23 16:00:00,823444.5
2023-08-23 17:00:00,846962.6
2023-08-23 18:00:00,852714.9
2023-08-23 19:00:00,856596.9
2023-08-23 20:00:00,831081.0
2023-08-23 21:00:00,768709.7
2023-08-23 22:00:00,684290.4
2023-08-23 23:00:00,604053.5
2023-08-24 00:00:00,540884.7
2023-08-24 01:00:00,503030.1
2023-08-24 02:00:00,479623.9
2023-08-24 03:00:00,471657.2
2023-08-24 04:00:00,484036.5
2023-08-24 05:00:00,513536.6
2023-08-24 06:00:00,566995.5
2023-08-24 07:00:00,627469.1
2023-08-24 08:00:00,677661.3
2023-08-24 09:00:00,724799.8
2023-08-24 10:00:00,761794.2999999999
2023-08-24 11:00:00,810492.5
2023-08-24 12:00:00,809006.1
2023-08-24 13:00:00,811022.6
2023-08-24 14:00:00,815899.4
2023-08-24 15:00:00,830805.8
2023-08-24 16:00:00,871583.5
2023-08-24 17:00:00,890258.2
2023-08-24 18:00:00,902541.3
2023-08-24 19:00:00,916900.4
2023-08-24 20:00:00,893768.7
2023-08-24 21:00:00,826389.8
2023-08-24 22:00:00,739166.7
2023-08-24 23:00:00,652803.1
2023-08-25 00:00:00,586479.6
2023-08-25 01:00:00,541850.7
2023-08-25 02:00:00,516070.4
2023-08-25 03:00:00,506561.89999999997
2023-08-25 04:00:00,517202.9
2023-08-25 05:00:00,543114.3
2023-08-25 06:00:00,594359.1
2023-08-25 07:00:00,664102.0
2023-08-25 08:00:00,734197.9
2023-08-25 09:00:00,801598.0
2023-08-25 10:00:00,852288.1
2023-08-25 11:00:00,909203.3
2023-08-25 12:00:00,915510.1
2023-08-25 13:00:00,920379.8
2023-08-25 14:00:00,940842.8
2023-08-25 15:00:00,953118.8
2023-08-25 16:00:00,999510.8
2023-08-25 17:00:00,1005996.0
2023-08-25 18:00:00,973877.6
2023-08-25 19:00:00,958254.3
2023-08-25 20:00:00,925503.6
2023-08-25 21:00:00,854692.2
2023-08-25 22:00:00,774660.1
2023-08-25 23:00:00,694357.6
2023-08-26 00:00:00,618010.1
2023-08-26 01:00:00,563508.9
2023-08-26 02:00:00,527629.6
2023-08-26 03:00:00,505579.5
2023-08-26 04:00:00,496765.2
2023-08-26 05:00:00,505299.2
2023-08-26 06:00:00,551489.0
2023-08-26 07:00:00,643391.5
2023-08-26 08:00:00,755060.4
2023-08-26 09:00:00,853070.0
2023-08-26 10:00:00,901713.4
2023-08-26 11:00:00,936766.0
2023-08-26 12:00:00,934798.3
2023-08-26 13:00:00,904594.3
2023-08-26 14:00:00,897171.5
2023-08-26 15:00:00,924379.5
2023-08-26 16:00:00,924387.4
2023-08-26 17:00:00,909306.0
2023-08-26 18:00:00,889354.3
2023-08-26 19:00:00,875130.6
2023-08-26 20:00:00,843635.0
2023-08-26 21:00:00,776367.7
2023-08-26 22:00:00,694368.3
2023-08-26 23:00:00,616277.5
2023-08-27 00:00:00,550045.3
2023-08-27 01:00:00,503348.7
2023-08-27 02:00:00,470750.9
2023-08-27 03:00:00,451242.0
2023-08-27 04:00:00,445410.7
2023-08-27 05:00:00,452329.7
2023-08-27 06:00:00,489048.2
2023-08-27 07:00:00,557480.0
2023-08-27 08:00:00,639306.3
2023-08-27 09:00:00,710806.7
2023-08-27 10:00:00,768358.5
2023-08-27 11:00:00,805490.2
2023-08-27 12:00:00,818502.5
2023-08-27 13:00:00,827474.6
2023-08-27 14:00:00,836565.3
2023-08-27 15:00:00,853589.9
2023-08-27 16:00:00,887742.1
2023-08-27 17:00:00,899555.1
2023-08-27 18:00:00,875291.1
2023-08-27 19:00:00,872304.6
2023-08-27 20:00:00,846378.2
2023-08-27 21:00:00,775620.7
2023-08-27 22:00:00,679233.9
2023-08-27 23:00:00,593982.3
2023-08-28 00:00:00,528753.8
2023-08-28 01:00:00,487594.0
2023-08-28 02:00:00,462623.0
2023-08-28 03:00:00,452100.0
2023-08-28 04:00:00,459942.9
2023-08-28 05:00:00,484613.7
2023-08-28 06:00:00,531934.7
2023-08-28 07:00:00,600704.4
2023-08-28 08:00:00,668113.0
2023-08-28 09:00:00,731559.5
2023-08-28 10:00:00,780426.7
2023-08-28 11:00:00,819891.3
2023-08-28 12:00:00,835283.0
2023-08-28 13:00:00,854063.1
2023-08-28 14:00:00,881721.9
2023-08-28 15:00:00,916499.3
2023-08-28 16:00:00,960611.8
2023-08-28 17:00:00,965314.3
2023-08-28 18:00:00,935785.3
2023-08-28 19:00:00,920137.5
2023-08-28 20:00:00,883125.3
2023-08-28 21:00:00,802173.2
2023-08-28 22:00:00,701410.9
2023-08-28 23:00:00,607547.6
2023-08-29 00:00:00,540226.5
2023-08-29 01:00:00,497499.4
2023-08-29 02:00:00,471094.0
2023-08-29 03:00:00,459786.5
2023-08-29 04:00:00,466447.5
2023-08-29 05:00:00,491546.2
2023-08-29 06:00:00,541586.8
2023-08-29 07:00:00,606982.6
2023-08-29 08:00:00,674240.7
2023-08-29 09:00:00,739926.0
2023-08-29 10:00:00,796139.4
2023-08-29 11:00:00,841329.6
2023-08-29 12:00:00,863527.7
2023-08-29 13:00:00,883385.7
2023-08-29 14:00:00,907046.6
2023-08-29 15:00:00,942070.1
2023-08-29 16:00:00,980719.5
2023-08-29 17:00:00,982224.3
2023-08-29 18:00:00,959304.5
2023-08-29 19:00:00,962367.0
2023-08-29 20:00:00,936866.9
2023-08-29 21:00:00,864339.7
2023-08-29 22:00:00,758821.3
2023-08-29 23:00:00,657694.7
2023-08-30 00:00:00,580964.2
2023-08-30 01:00:00,529509.7
2023-08-30 02:00:00,498211.7
2023-08-30 03:00:00,484237.0
2023-08-30 04:00:00,489933.4
2023-08-30 05:00:00,514841.7
2023-08-30 06:00:00,564907.8
2023-08-30 07:00:00,619807.5
2023-08-30 08:00:00,661053.3
2023-08-30 09:00:00,706892.0
2023-08-30 10:00:00,741394.5
2023-08-30 11:00:00,758904.9
2023-08-30 12:00:00,756773.1
2023-08-30 13:00:00,772292.0
2023-08-30 14:00:00,788205.1
2023-08-30 15:00:00,783235.2
2023-08-30 16:00:00,799565.2
2023-08-30 17:00:00,802680.7
2023-08-30 18:00:00,803891.4
2023-08-30 19:00:00,810589.7
2023-08-30 20:00:00,779600.5
2023-08-30 21:00:00,710807.0
2023-08-30 22:00:00,624524.6
2023-08-30 23:00:00,548605.4
2023-08-31 00:00:00,491957.7
2023-08-31 01:00:00,455706.3
2023-08-31 02:00:00,434906.5
2023-08-31 03:00:00,429413.2
2023-08-31 04:00:00,440811.2
2023-08-31 05:00:00,467513.0
2023-08-31 06:00:00,519717.6
2023-08-31 07:00:00,576372.6
2023-08-31 08:00:00,625658.6
2023-08-31 09:00:00,670849.3
2023-08-31 10:00:00,708161.4
2023-08-31 11:00:00,736781.8
2023-08-31 12:00:00,744534.3
2023-08-31 13:00:00,752287.3
2023-08-31 14:00:00,765892.4
2023-08-31 15:00:00,792959.9
2023-08-31 16:00:00,830469.9
2023-08-31 17:00:00,837430.7
2023-08-31 18:00:00,823565.4
2023-08-31 19:00:00,831063.5
2023-08-31 20:00:00,802616.6
2023-08-31 21:00:00,737493.4
2023-08-31 22:00:00,649487.2
2023-08-31 23:00:00,572803.9
2023-09-01 00:00:00,512461.2
2023-09-01 01:00:00,472629.6
2023-09-01 02:00:00,447945.1
2023-09-01 03:00:00,438940.7
2023-09-01 04:00:00,448126.8
2023-09-01 05:00:00,472028.9
2023-09-01 06:00:00,515976.4
2023-09-01 07:00:00,581215.4
2023-09-01 08:00:00,644736.2
2023-09-01 09:00:00,704066.3
2023-09-01 10:00:00,754385.9
2023-09-01 11:00:00,789907.8
2023-09-01 12:00:00,806204.7
2023-09-01 13:00:00,820846.6
2023-09-01 14:00:00,843008.9
2023-09-01 15:00:00,871037.0
2023-09-01 16:00:00,902522.6
2023-09-01 17:00:00,899657.8
2023-09-01 18:00:00,876180.8
2023-09-01 19:00:00,875380.2
2023-09-01 20:00:00,844995.6
2023-09-01 21:00:00,784379.9
2023-09-01 22:00:00,705554.2
2023-09-01 23:00:00,628926.3
2023-09-02 00:00:00,563072.4
2023-09-02 01:00:00,515353.9
2023-09-02 02:00:00,482463.6
2023-09-02 03:00:00,465238.1
2023-09-02 04:00:00,458746.8
2023-09-02 05:00:00,469380.3
2023-09-02 06:00:00,507535.2
2023-09-02 07:00:00,577342.9
2023-09-02 08:00:00,674023.6
2023-09-02 09:00:00,762880.6
2023-09-02 10:00:00,840688.8
2023-09-02 11:00:00,911533.2
2023-09-02 12:00:00,930383.0
2023-09-02 13:00:00,907144.4
2023-09-02 14:00:00,877578.6
2023-09-02 15:00:00,871770.8
2023-09-02 16:00:00,906854.9
2023-09-02 17:00:00,925153.5
2023-09-02 18:00:00,909160.9
2023-09-02 19:00:00,908681.4
2023-09-02 20:00:00,886636.2
2023-09-02 21:00:00,832012.6
2023-09-02 22:00:00,754241.3
2023-09-02 23:00:00,677078.6
2023-09-03 00:00:00,604700.1
2023-09-03 01:00:00,554917.5
2023-09-03 02:00:00,520680.0
2023-09-03 03:00:00,499349.5
2023-09-03 04:00:00,488935.3
2023-09-03 05:00:00,492586.2
2023-09-03 06:00:00,530474.2
2023-09-03 07:00:00,620395.4
2023-09-03 08:00:00,736308.2
2023-09-03 09:00:00,854879.9
2023-09-03 10:00:00,958762.0
2023-09-03 11:00:00,1046643.5
2023-09-03 12:00:00,1103789.8
2023-09-03 13:00:00,1148250.5
2023-09-03 14:00:00,1154158.2
2023-09-03 15:00:00,1132691.8
2023-09-03 16:00:00,1165584.4
2023-09-03 17:00:00,1168070.9
2023-09-03 18:00:00,1150821.0
2023-09-03 19:00:00,1159554.3
2023-09-03 20:00:00,1134061.4
2023-09-03 21:00:00,1066023.8
2023-09-03 22:00:00,974278.5
2023-09-03 23:00:00,879806.3
2023-09-04 00:00:00,794436.3
2023-09-04 01:00:00,730312.7
2023-09-04 02:00:00,682900.0
2023-09-04 03:00:00,648435.3
2023-09-04 04:00:00,629303.5
2023-09-04 05:00:00,623433.9
2023-09-04 06:00:00,651389.9
2023-09-04 07:00:00,760152.9
2023-09-04 08:00:00,912264.9
2023-09-04 09:00:00,1073027.9
2023-09-04 10:00:00,1200497.9
2023-09-04 11:00:00,1308884.9
2023-09-04 12:00:00,1378106.6
2023-09-04 13:00:00,1425702.7
2023-09-04 14:00:00,1470068.2
2023-09-04 15:00:00,1520403.4
2023-09-04 16:00:00,1573356.1
2023-09-04 17:00:00,1576630.3
2023-09-04 18:00:00,1543987.0
2023-09-04 19:00:00,1534248.1
2023-09-04 20:00:00,1475751.2
2023-09-04 21:00:00,1349634.1
2023-09-04 22:00:00,1198499.5
2023-09-04 23:00:00,1056765.3
2023-09-05 00:00:00,947480.8
2023-09-05 01:00:00,865939.6
2023-09-05 02:00:00,806544.8
2023-09-05 03:00:00,766830.4
2023-09-05 04:00:00,753510.8
2023-09-05 05:00:00,772040.4
2023-09-05 06:00:00,846555.6
2023-09-05 07:00:00,934219.2
2023-09-05 08:00:00,1054827.1
2023-09-05 09:00:00,1185253.9
2023-09-05 10:00:00,1283565.8
2023-09-05 11:00:00,1358086.8
2023-09-05 12:00:00,1409087.6
2023-09-05 13:00:00,1461610.3
2023-09-05 14:00:00,1510063.9
2023-09-05 15:00:00,1558406.4
2023-09-05 16:00:00,1600915.6
2023-09-05 17:00:00,1586904.7
2023-09-05 18:00:00,1556074.2
2023-09-05 19:00:00,1543110.5
2023-09-05 20:00:00,1480701.0
2023-09-05 21:00:00,1365112.4
2023-09-05 22:00:00,1218763.4
2023-09-05 23:00:00,1083260.7
2023-09-06 00:00:00,969937.0
2023-09-06 01:00:00,890268.3
2023-09-06 02:00:00,832364.5
2023-09-06 03:00:00,797022.2
2023-09-06 04:00:00,786982.6
2023-09-06 05:00:00,807334.1
2023-09-06 06:00:00,882922.9
2023-09-06 07:00:00,965513.3
2023-09-06 08:00:00,1066871.2
2023-09-06 09:00:00,1186062.2
2023-09-06 10:00:00,1278245.0
2023-09-06 11:00:00,1371323.0
2023-09-06 12:00:00,1429178.0
2023-09-06 13:00:00,1475260.4
2023-09-06 14:00:00,1520056.2
2023-09-06 15:00:00,1572192.7
2023-09-06 16:00:00,1609687.5
2023-09-06 17:00:00,1560815.9
2023-09-06 18:00:00,1500758.0
2023-09-06 19:00:00,1475888.8
2023-09-06 20:00:00,1404329.9
2023-09-06 21:00:00,1283921.7
2023-09-06 22:00:00,1137955.6
2023-09-06 23:00:00,1008177.0
2023-09-07 00:00:00,906552.8
2023-09-07 01:00:00,829645.1
2023-09-07 02:00:00,784403.7
2023-09-07 03:00:00,756884.3
2023-09-07 04:00:00,750976.8
2023-09-07 05:00:00,771353.3
2023-09-07 06:00:00,838598.9
2023-09-07 07:00:00,896702.1
2023-09-07 08:00:00,974135.2
2023-09-07 09:00:00,1019069.2
2023-09-07 10:00:00,1072889.7
2023-09-07 11:00:00,1169262.6
2023-09-07 12:00:00,1234876.5
2023-09-07 13:00:00,1219521.6
2023-09-07 14:00:00,1181191.4
2023-09-07 15:00:00,1283458.4
2023-09-07 16:00:00,1313750.3
2023-09-07 17:00:00,1289455.1
2023-09-07 18:00:00,1265974.0
2023-09-07 19:00:00,1234964.7
2023-09-07 20:00:00,1133129.8
2023-09-07 21:00:00,1007927.7
2023-09-07 22:00:00,867649.5
2023-09-07 23:00:00,756062.0
2023-09-08 00:00:00,670204.8
2023-09-08 01:00:00,613168.6
2023-09-08 02:00:00,573542.9
2023-09-08 03:00:00,552459.8
2023-09-08 04:00:00,551751.4
2023-09-08 05:00:00,579636.2
2023-09-08 06:00:00,640667.4
2023-09-08 07:00:00,674165.9
2023-09-08 08:00:00,704588.4
2023-09-08 09:00:00,745704.2
2023-09-08 10:00:00,774767.5
2023-09-08 11:00:00,805520.6
2023-09-08 12:00:00,817188.9
2023-09-08 13:00:00,816605.0
2023-09-08 14:00:00,813275.8
2023-09-08 15:00:00,844026.1
2023-09-08 16:00:00,879435.3
2023-09-08 17:00:00,869456.3
2023-09-08 18:00:00,853169.2
2023-09-08 19:00:00,851376.2
2023-09-08 20:00:00,813919.3
2023-09-08 21:00:00,755186.3
2023-09-08 22:00:00,679150.6
2023-09-08 23:00:00,605247.8
2023-09-09 00:00:00,545715.7
2023-09-09 01:00:00,505272.3
2023-09-09 02:00:00,478707.2
2023-09-09 03:00:00,466202.2
2023-09-09 04:00:00,464712.1
2023-09-09 05:00:00,478415.4
2023-09-09 06:00:00,521334.6
2023-09-09 07:00:00,591583.6
2023-09-09 08:00:00,665758.7
2023-09-09 09:00:00,734591.9
2023-09-09 10:00:00,795168.0
2023-09-09 11:00:00,827280.4
2023-09-09 12:00:00,824318.5
2023-09-09 13:00:00,825021.9
2023-09-09 14:00:00,819687.8
2023-09-09 15:00:00,820332.5
2023-09-09 16:00:00,836497.1
2023-09-09 17:00:00,846801.3
2023-09-09 18:00:00,845120.0
2023-09-09 19:00:00,849618.1
2023-09-09 20:00:00,818711.3
2023-09-09 21:00:00,764532.2
2023-09-09 22:00:00,695017.1
2023-09-09 23:00:00,624608.3
2023-09-10 00:00:00,564183.4
2023-09-10 01:00:00,520404.7
2023-09-10 02:00:00,489508.9
2023-09-10 03:00:00,473088.1
2023-09-10 04:00:00,469213.4
2023-09-10 05:00:00,478108.6
2023-09-10 06:00:00,515808.2
2023-09-10 07:00:00,585086.4
2023-09-10 08:00:00,665404.2
2023-09-10 09:00:00,762316.9
2023-09-10 10:00:00,838165.7
2023-09-10 11:00:00,885693.7
2023-09-10 12:00:00,916347.2
2023-09-10 13:00:00,930433.8
2023-09-10 14:00:00,923962.0
2023-09-10 15:00:00,950440.1
2023-09-10 16:00:00,982140.5
2023-09-10 17:00:00,985142.2
2023-09-10 18:00:00,984566.5
2023-09-10 19:00:00,991376.5
2023-09-10 20:00:00,942496.6
2023-09-10 21:00:00,847507.3
2023-09-10 22:00:00,737386.6
2023-09-10 23:00:00,640339.4
2023-09-11 00:00:00,563714.0
2023-09-11 01:00:00,517152.6
2023-09-11 02:00:00,489869.0
2023-09-11 03:00:00,479461.0
2023-09-11 04:00:00,490450.9
2023-09-11 05:00:00,529675.5
2023-09-11 06:00:00,601770.9
2023-09-11 07:00:00,635456.4
2023-09-11 08:00:00,679788.8
2023-09-11 09:00:00,759203.7
2023-09-11 10:00:00,821727.2
2023-09-11 11:00:00,866947.3
2023-09-11 12:00:00,893400.6
2023-09-11 13:00:00,910165.4
2023-09-11 14:00:00,931479.8
2023-09-11 15:00:00,970523.2
2023-09-11 16:00:00,1009345.3
2023-09-11 17:00:00,1009629.8
2023-09-11 18:00:00,998755.1
2023-09-11 19:00:00,995298.4
2023-09-11 20:00:00,939366.7
2023-09-11 21:00:00,852358.5
2023-09-11 22:00:00,744406.6
2023-09-11 23:00:00,655984.4
2023-09-12 00:00:00,589895.8
2023-09-12 01:00:00,544187.6
2023-09-12 02:00:00,516963.4
2023-09-12 03:00:00,505800.4
2023-09-12 04:00:00,519089.0
2023-09-12 05:00:00,563762.3
2023-09-12 06:00:00,639081.4
2023-09-12 07:00:00,673944.2
2023-09-12 08:00:00,701639.1
2023-09-12 09:00:00,746759.6
2023-09-12 10:00:00,783707.3
2023-09-12 11:00:00,816577.2
2023-09-12 12:00:00,828039.6
2023-09-12 13:00:00,831321.0
2023-09-12 14:00:00,849604.2
2023-09-12 15:00:00,885563.0
2023-09-12 16:00:00,922971.5
2023-09-12 17:00:00,933606.4
2023-09-12 18:00:00,936752.2
2023-09-12 19:00:00,937744.9
2023-09-12 20:00:00,890021.6
2023-09-12 21:00:00,801506.3
2023-09-12 22:00:00,690760.1
2023-09-12 23:00:00,597271.9
2023-09-13 00:00:00,528716.3
2023-09-13 01:00:00,487317.2
2023-09-13 02:00:00,462996.3
2023-09-13 03:00:00,454747.5
2023-09-13 04:00:00,467192.1
2023-09-13 05:00:00,508165.3
2023-09-13 06:00:00,577940.4
2023-09-13 07:00:00,603150.4
2023-09-13 08:00:00,631344.3
2023-09-13 09:00:00,663528.1
2023-09-13 10:00:00,689879.2
2023-09-13 11:00:00,704781.8
2023-09-13 12:00:00,699233.2
2023-09-13 13:00:00,691563.7
2023-09-13 14:00:00,699456.6
2023-09-13 15:00:00,732445.4
2023-09-13 16:00:00,772560.9
2023-09-13 17:00:00,788260.5
2023-09-13 18:00:00,800451.3
2023-09-13 19:00:00,813099.7
2023-09-13 20:00:00,772386.0
2023-09-13 21:00:00,692857.5
2023-09-13 22:00:00,600065.6
2023-09-13 23:00:00,525216.7
2023-09-14 00:00:00,472361.0
2023-09-14 01:00:00,441667.8
2023-09-14 02:00:00,425368.5
2023-09-14 03:00:00,422327.2
2023-09-14 04:00:00,439265.9
2023-09-14 05:00:00,483061.9
2023-09-14 06:00:00,556930.5
2023-09-14 07:00:00,585974.9
2023-09-14 08:00:00,614782.0
2023-09-14 09:00:00,652843.5
2023-09-14 10:00:00,683419.8
2023-09-14 11:00:00,698136.1
2023-09-14 12:00:00,700891.3
2023-09-14 13:00:00,697324.6
2023-09-14 14:00:00,703912.4
2023-09-14 15:00:00,736399.7
2023-09-14 16:00:00,776560.9
2023-09-14 17:00:00,786111.5
2023-09-14 18:00:00,798492.5
2023-09-14 19:00:00,809430.9
2023-09-14 20:00:00,765016.2
2023-09-14 21:00:00,692494.2
2023-09-14 22:00:00,601607.7
2023-09-14 23:00:00,527624.2
2023-09-15 00:00:00,474680.5
2023-09-15 01:00:00,443276.7
2023-09-15 02:00:00,425308.1
2023-09-15 03:00:00,421173.3
2023-09-15 04:00:00,438274.5
2023-09-15 05:00:00,480230.5
2023-09-15 06:00:00,551462.6
2023-09-15 07:00:00,589627.2
2023-09-15 08:00:00,628380.4
2023-09-15 09:00:00,671711.1
2023-09-15 10:00:00,704870.4
2023-09-15 11:00:00,728532.9
2023-09-15 12:00:00,731972.0
2023-09-15 13:00:00,730953.6
2023-09-15 14:00:00,742413.1
2023-09-15 15:00:00,771602.1
2023-09-15 16:00:00,799101.1
2023-09-15 17:00:00,795439.6
2023-09-15 18:00:00,793695.6
2023-09-15 19:00:00,799430.2
2023-09-15 20:00:00,762390.1
2023-09-15 21:00:00,699263.7
2023-09-15 22:00:00,624391.5
2023-09-15 23:00:00,554865.5
2023-09-16 00:00:00,499097.8
2023-09-16 01:00:00,462759.6
2023-09-16 02:00:00,439771.6
2023-09-16 03:00:00,427696.3
2023-09-16 04:00:00,429346.7
2023-09-16 05:00:00,445573.7
2023-09-16 06:00:00,492139.5
2023-09-16 07:00:00,569595.7
2023-09-16 08:00:00,651961.3
2023-09-16 09:00:00,716808.5
2023-09-16 10:00:00,768107.3
2023-09-16 11:00:00,799375.6
2023-09-16 12:00:00,807277.1
2023-09-16 13:00:00,805735.4
2023-09-16 14:00:00,805326.9
2023-09-16 15:00:00,813644.5
2023-09-16 16:00:00,819597.9
2023-09-16 17:00:00,817564.3
2023-09-16 18:00:00,814016.1
2023-09-16 19:00:00,812300.7
2023-09-16 20:00:00,771519.7
2023-09-16 21:00:00,714093.3
2023-09-16 22:00:00,641229.6
2023-09-16 23:00:00,570718.8
2023-09-17 00:00:00,514737.6
2023-09-17 01:00:00,475421.6
2023-09-17 02:00:00,449816.6
2023-09-17 03:00:00,436535.9
2023-09-17 04:00:00,434676.1
2023-09-17 05:00:00,444379.8
2023-09-17 06:00:00,482565.0
2023-09-17 07:00:00,551526.1
2023-09-17 08:00:00,627513.0
2023-09-17 09:00:00,695365.1
2023-09-17 10:00:00,763619.5
2023-09-17 11:00:00,820713.1
2023-09-17 12:00:00,840451.1
2023-09-17 13:00:00,850079.4
2023-09-17 14:00:00,851092.3
2023-09-17 15:00:00,869020.8
2023-09-17 16:00:00,888562.4
2023-09-17 17:00:00,897659.3
2023-09-17 18:00:00,908351.9
2023-09-17 19:00:00,903692.4
2023-09-17 20:00:00,851034.2
2023-09-17 21:00:00,762602.2
2023-09-17 22:00:00,660743.2
2023-09-17 23:00:00,575801.5
2023-09-18 00:00:00,511635.5
2023-09-18 01:00:00,472477.1
2023-09-18 02:00:00,449686.3
2023-09-18 03:00:00,442246.1
2023-09-18 04:00:00,456784.2
2023-09-18 05:00:00,498658.1
2023-09-18 06:00:00,569420.5
2023-09-18 07:00:00,598578.5
2023-09-18 08:00:00,640021.6
2023-09-18 09:00:00,691414.7
2023-09-18 10:00:00,729215.1
2023-09-18 11:00:00,751358.2
2023-09-18 12:00:00,752030.8
2023-09-18 13:00:00,738504.1
2023-09-18 14:00:00,741769.3
2023-09-18 15:00:00,775363.6
2023-09-18 16:00:00,817388.4
2023-09-18 17:00:00,826503.8
2023-09-18 18:00:00,837598.3
2023-09-18 19:00:00,834878.9
2023-09-18 20:00:00,783318.9
2023-09-18 21:00:00,700581.9
2023-09-18 22:00:00,606177.8
2023-09-18 23:00:00,525562.7
2023-09-19 00:00:00,472207.8
2023-09-19 01:00:00,441111.2
2023-09-19 02:00:00,424577.5
2023-09-19 03:00:00,421718.7
2023-09-19 04:00:00,439077.1
2023-09-19 05:00:00,483622.8
2023-09-19 06:00:00,557645.3
2023-09-19 07:00:00,583339.2
2023-09-19 08:00:00,614997.8
2023-09-19 09:00:00,650776.0
2023-09-19 10:00:00,681634.4
2023-09-19 11:00:00,702122.4
2023-09-19 12:00:00,702353.3
2023-09-19 13:00:00,703441.6
2023-09-19 14:00:00,716447.3
2023-09-19 15:00:00,753108.6
2023-09-19 16:00:00,794557.4
2023-09-19 17:00:00,804683.4
2023-09-19 18:00:00,815592.3
2023-09-19 19:00:00,817047.8
2023-09-19 20:00:00,767296.0
2023-09-19 21:00:00,687381.3
2023-09-19 22:00:00,594896.2
2023-09-19 23:00:00,518838.8
2023-09-20 00:00:00,467285.1
2023-09-20 01:00:00,436218.5
2023-09-20 02:00:00,419602.7
2023-09-20 03:00:00,416930.6
2023-09-20 04:00:00,435851.7
2023-09-20 05:00:00,482534.6
2023-09-20 06:00:00,552642.5
2023-09-20 07:00:00,583459.3
2023-09-20 08:00:00,613574.9
2023-09-20 09:00:00,647120.4
2023-09-20 10:00:00,677806.2
2023-09-20 11:00:00,695738.9
2023-09-20 12:00:00,695188.8
2023-09-20 13:00:00,693343.6
2023-09-20 14:00:00,701763.8
2023-09-20 15:00:00,735397.8
2023-09-20 16:00:00,774045.9
2023-09-20 17:00:00,787238.3
2023-09-20 18:00:00,806265.1
2023-09-20 19:00:00,811311.5
2023-09-20 20:00:00,762387.9
2023-09-20 21:00:00,687391.1
2023-09-20 22:00:00,597367.3
2023-09-20 23:00:00,523621.5
2023-09-21 00:00:00,471354.9
2023-09-21 01:00:00,439561.4
2023-09-21 02:00:00,423742.5
2023-09-21 03:00:00,422042.2
2023-09-21 04:00:00,440005.2
2023-09-21 05:00:00,484543.3
2023-09-21 06:00:00,558472.1
2023-09-21 07:00:00,588112.0
2023-09-21 08:00:00,616199.2
2023-09-21 09:00:00,652507.9
2023-09-21 10:00:00,687317.1
2023-09-21 11:00:00,712512.7
2023-09-21 12:00:00,718553.0
2023-09-21 13:00:00,722634.0
2023-09-21 14:00:00,737237.1
2023-09-21 15:00:00,771606.3
2023-09-21 16:00:00,803919.7
2023-09-21 17:00:00,808872.8
2023-09-21 18:00:00,829235.0
2023-09-21 19:00:00,832472.3
2023-09-21 20:00:00,788348.8
2023-09-21 21:00:00,712791.7
2023-09-21 22:00:00,625781.1
2023-09-21 23:00:00,547289.7
2023-09-22 00:00:00,487890.60000000003
2023-09-22 01:00:00,455890.8
2023-09-22 02:00:00,435535.0
2023-09-22 03:00:00,430314.5
2023-09-22 04:00:00,446258.9
2023-09-22 05:00:00,486302.7
2023-09-22 06:00:00,556657.4
2023-09-22 07:00:00,597939.8
2023-09-22 08:00:00,646621.8
2023-09-22 09:00:00,690978.3
2023-09-22 10:00:00,726375.0
2023-09-22 11:00:00,754051.7
2023-09-22 12:00:00,756902.9
2023-09-22 13:00:00,758359.8
2023-09-22 14:00:00,769534.8
2023-09-22 15:00:00,795353.7
2023-09-22 16:00:00,816060.6
2023-09-22 17:00:00,808441.3
2023-09-22 18:00:00,817198.6
2023-09-22 19:00:00,817972.1
2023-09-22 20:00:00,779704.4
2023-09-22 21:00:00,717158.6
2023-09-22 22:00:00,638598.1
2023-09-22 23:00:00,569535.4
2023-09-23 00:00:00,511407.1
2023-09-23 01:00:00,472588.0
2023-09-23 02:00:00,446027.5
2023-09-23 03:00:00,433270.2
2023-09-23 04:00:00,433749.9
2023-09-23 05:00:00,450961.7
2023-09-23 06:00:00,497627.4
2023-09-23 07:00:00,570937.0
2023-09-23 08:00:00,650494.9
2023-09-23 09:00:00,719052.7
2023-09-23 10:00:00,765129.0
2023-09-23 11:00:00,798681.0
2023-09-23 12:00:00,811555.7
2023-09-23 13:00:00,804237.5
2023-09-23 14:00:00,797198.3
2023-09-23 15:00:00,803470.3
2023-09-23 16:00:00,809662.9
2023-09-23 17:00:00,808121.1
2023-09-23 18:00:00,814089.6
2023-09-23 19:00:00,803637.3
2023-09-23 20:00:00,762183.6
2023-09-23 21:00:00,704158.8
2023-09-23 22:00:00,630908.7
2023-09-23 23:00:00,563917.7
2023-09-24 00:00:00,507408.8
2023-09-24 01:00:00,468760.1
2023-09-24 02:00:00,443009.8
2023-09-24 03:00:00,429658.0
2023-09-24 04:00:00,427194.1
2023-09-24 05:00:00,438095.8
2023-09-24 06:00:00,476214.9
2023-09-24 07:00:00,549439.0
2023-09-24 08:00:00,628892.9
2023-09-24 09:00:00,699826.1
2023-09-24 10:00:00,757897.7
2023-09-24 11:00:00,796715.9
2023-09-24 12:00:00,807213.9
2023-09-24 13:00:00,802867.7
2023-09-24 14:00:00,807317.1
2023-09-24 15:00:00,824056.2
2023-09-24 16:00:00,848258.4
2023-09-24 17:00:00,864310.4
2023-09-24 18:00:00,879574.9
2023-09-24 19:00:00,866536.6
2023-09-24 20:00:00,818586.0
2023-09-24 21:00:00,741830.4
2023-09-24 22:00:00,644813.2
2023-09-24 23:00:00,562644.6
2023-09-25 00:00:00,502301.0
2023-09-25 01:00:00,465421.2
2023-09-25 02:00:00,443687.3
2023-09-25 03:00:00,437759.1
2023-09-25 04:00:00,450980.4
2023-09-25 05:00:00,490603.9
2023-09-25 06:00:00,559183.7
2023-09-25 07:00:00,596115.4
2023-09-25 08:00:00,640608.2
2023-09-25 09:00:00,688863.7
2023-09-25 10:00:00,731133.1
2023-09-25 11:00:00,764438.5
2023-09-25 12:00:00,774440.9
2023-09-25 13:00:00,778645.4
2023-09-25 14:00:00,787475.9
2023-09-25 15:00:00,818750.2
2023-09-25 16:00:00,841857.0
2023-09-25 17:00:00,849964.9
2023-09-25 18:00:00,869133.6
2023-09-25 19:00:00,859102.5
2023-09-25 20:00:00,806115.2
2023-09-25 21:00:00,725866.1
2023-09-25 22:00:00,634606.4
2023-09-25 23:00:00,553714.1
2023-09-26 00:00:00,498585.2
2023-09-26 01:00:00,464698.2
2023-09-26 02:00:00,443990.4
2023-09-26 03:00:00,437488.8
2023-09-26 04:00:00,451708.8
2023-09-26 05:00:00,496135.4
2023-09-26 06:00:00,568164.1
2023-09-26 07:00:00,593307.6
2023-09-26 08:00:00,620976.0
2023-09-26 09:00:00,659511.6
2023-09-26 10:00:00,695532.6
2023-09-26 11:00:00,719914.8
2023-09-26 12:00:00,726771.0
2023-09-26 13:00:00,727504.9
2023-09-26 14:00:00,736835.7
2023-09-26 15:00:00,767076.5
2023-09-26 16:00:00,800352.0
2023-09-26 17:00:00,805724.7
2023-09-26 18:00:00,826639.2
2023-09-26 19:00:00,818504.0
2023-09-26 20:00:00,772427.5
2023-09-26 21:00:00,697497.2
2023-09-26 22:00:00,608250.5
2023-09-26 23:00:00,532672.5
2023-09-27 00:00:00,479459.8
2023-09-27 01:00:00,447787.5
2023-09-27 02:00:00,429649.1
2023-09-27 03:00:00,425139.3
2023-09-27 04:00:00,443042.5
2023-09-27 05:00:00,486144.1
2023-09-27 06:00:00,558471.4
2023-09-27 07:00:00,587103.7
2023-09-27 08:00:00,618134.7
2023-09-27 09:00:00,657487.2
2023-09-27 10:00:00,690187.9
2023-09-27 11:00:00,711896.8
2023-09-27 12:00:00,710803.5
2023-09-27 13:00:00,708141.6
2023-09-27 14:00:00,711631.7
2023-09-27 15:00:00,738615.3
2023-09-27 16:00:00,766243.6
2023-09-27 17:00:00,778520.6
2023-09-27 18:00:00,808927.8
2023-09-27 19:00:00,800967.7
2023-09-27 20:00:00,755103.0
2023-09-27 21:00:00,682343.0
2023-09-27 22:00:00,595515.6
2023-09-27 23:00:00,521412.2
2023-09-28 00:00:00,470136.2
2023-09-28 01:00:00,439131.3
2023-09-28 02:00:00,423249.3
2023-09-28 03:00:00,420403.8
2023-09-28 04:00:00,438620.7
2023-09-28 05:00:00,482950.2
2023-09-28 06:00:00,555634.2
2023-09-28 07:00:00,583461.3
2023-09-28 08:00:00,614113.5
2023-09-28 09:00:00,651188.3
2023-09-28 10:00:00,673287.0
2023-09-28 11:00:00,688412.5
2023-09-28 12:00:00,688142.4
2023-09-28 13:00:00,676893.4
2023-09-28 14:00:00,677738.0
2023-09-28 15:00:00,706037.2
2023-09-28 16:00:00,740417.3
2023-09-28 17:00:00,762226.5
2023-09-28 18:00:00,797653.5
2023-09-28 19:00:00,795519.0
2023-09-28 20:00:00,752632.6
2023-09-28 21:00:00,681783.5
2023-09-28 22:00:00,598857.8
2023-09-28 23:00:00,525243.8
2023-09-29 00:00:00,473817.2
2023-09-29 01:00:00,443195.4
2023-09-29 02:00:00,425804.5
2023-09-29 03:00:00,421852.8
2023-09-29 04:00:00,438405.2
2023-09-29 05:00:00,479434.6
2023-09-29 06:00:00,554464.0
2023-09-29 07:00:00,590338.4
2023-09-29 08:00:00,628999.1
2023-09-29 09:00:00,676221.9
2023-09-29 10:00:00,712413.0
2023-09-29 11:00:00,738805.9
2023-09-29 12:00:00,739799.1
2023-09-29 13:00:00,741735.0
2023-09-29 14:00:00,748461.9
2023-09-29 15:00:00,772383.2
2023-09-29 16:00:00,797035.6
2023-09-29 17:00:00,797933.2
2023-09-29 18:00:00,812991.5
2023-09-29 19:00:00,804477.7
2023-09-29 20:00:00,765334.2
2023-09-29 21:00:00,705893.0
2023-09-29 22:00:00,632762.4
2023-09-29 23:00:00,562853.6
2023-09-30 00:00:00,506620.7
2023-09-30 01:00:00,469905.3
2023-09-30 02:00:00,444051.6
2023-09-30 03:00:00,432425.9
2023-09-30 04:00:00,433143.4
2023-09-30 05:00:00,450506.5
2023-09-30 06:00:00,495924.8
2023-09-30 07:00:00,571487.2
2023-09-30 08:00:00,656110.6
2023-09-30 09:00:00,732008.1
2023-09-30 10:00:00,787732.0
2023-09-30 11:00:00,819373.6
2023-09-30 12:00:00,829279.0
2023-09-30 13:00:00,851220.3
2023-09-30 14:00:00,855254.6
2023-09-30 15:00:00,861495.2
2023-09-30 16:00:00,867538.8
2023-09-30 17:00:00,858371.6
2023-09-30 18:00:00,861136.3
2023-09-30 19:00:00,836914.6
2023-09-30 20:00:00,792854.9
2023-09-30 21:00:00,732446.6
2023-09-30 22:00:00,658760.4
2023-09-30 23:00:00,586177.4
2023-10-01 00:00:00,527291.2
2023-10-01 01:00:00,485194.3
2023-10-01 02:00:00,456855.7
2023-10-01 03:00:00,440589.8
2023-10-01 04:00:00,436143.3
2023-10-01 05:00:00,447138.1
2023-10-01 06:00:00,483107.2
2023-10-01 07:00:00,558482.2
2023-10-01 08:00:00,644688.1
2023-10-01 09:00:00,716872.3
2023-10-01 10:00:00,784872.1
2023-10-01 11:00:00,830415.4
2023-10-01 12:00:00,861652.0
2023-10-01 13:00:00,879681.0
2023-10-01 14:00:00,893862.3
2023-10-01 15:00:00,917283.8
2023-10-01 16:00:00,947296.6
2023-10-01 17:00:00,949635.6
2023-10-01 18:00:00,961068.5
2023-10-01 19:00:00,943770.1
2023-10-01 20:00:00,886734.1
2023-10-01 21:00:00,799860.7
2023-10-01 22:00:00,696515.1
2023-10-01 23:00:00,605539.9
2023-10-02 00:00:00,538809.3
2023-10-02 01:00:00,495167.9
2023-10-02 02:00:00,468114.1
2023-10-02 03:00:00,457359.9
2023-10-02 04:00:00,468466.2
2023-10-02 05:00:00,505471.0
2023-10-02 06:00:00,575183.5
2023-10-02 07:00:00,615311.1
2023-10-02 08:00:00,671593.8
2023-10-02 09:00:00,737679.4
2023-10-02 10:00:00,799291.4
2023-10-02 11:00:00,849958.9
2023-10-02 12:00:00,879225.8
2023-10-02 13:00:00,907469.6
2023-10-02 14:00:00,931079.7
2023-10-02 15:00:00,971159.2
2023-10-02 16:00:00,1005054.3
2023-10-02 17:00:00,1002428.4
2023-10-02 18:00:00,1011174.0
2023-10-02 19:00:00,990349.2
2023-10-02 20:00:00,929826.5
2023-10-02 21:00:00,839279.7
2023-10-02 22:00:00,736125.5
2023-10-02 23:00:00,642531.1
2023-10-03 00:00:00,571618.2
2023-10-03 01:00:00,525189.4
2023-10-03 02:00:00,496517.6
2023-10-03 03:00:00,483953.2
2023-10-03 04:00:00,493757.6
2023-10-03 05:00:00,532197.4
2023-10-03 06:00:00,606733.4
2023-10-03 07:00:00,644452.4
2023-10-03 08:00:00,705292.4
2023-10-03 09:00:00,782120.6
2023-10-03 10:00:00,853578.0
2023-10-03 11:00:00,917472.7
2023-10-03 12:00:00,958855.6
2023-10-03 13:00:00,993390.2
2023-10-03 14:00:00,1029895.6
2023-10-03 15:00:00,1081185.5
2023-10-03 16:00:00,1119564.2
2023-10-03 17:00:00,1112236.6
2023-10-03 18:00:00,1116084.8
2023-10-03 19:00:00,1092360.7
2023-10-03 20:00:00,1028803.1
2023-10-03 21:00:00,928871.5
2023-10-03 22:00:00,807264.0
2023-10-03 23:00:00,704468.4
2023-10-04 00:00:00,623878.1
2023-10-04 01:00:00,571760.3
2023-10-04 02:00:00,537041.7
2023-10-04 03:00:00,519916.9
2023-10-04 04:00:00,526030.2
2023-10-04 05:00:00,561323.6
2023-10-04 06:00:00,633742.1
2023-10-04 07:00:00,673222.8
2023-10-04 08:00:00,739751.0
2023-10-04 09:00:00,818091.1
2023-10-04 10:00:00,888306.2
2023-10-04 11:00:00,944842.5
2023-10-04 12:00:00,978851.9
2023-10-04 13:00:00,1011328.3
2023-10-04 14:00:00,1047580.9
2023-10-04 15:00:00,1096513.8
2023-10-04 16:00:00,1107619.7
2023-10-04 17:00:00,1082295.1
2023-10-04 18:00:00,1090705.1
2023-10-04 19:00:00,1063650.4
2023-10-04 20:00:00,997071.8
2023-10-04 21:00:00,900506.0
2023-10-04 22:00:00,785791.3
2023-10-04 23:00:00,688692.1
2023-10-05 00:00:00,612970.0
2023-10-05 01:00:00,564661.0
2023-10-05 02:00:00,533850.6
2023-10-05 03:00:00,519893.7
2023-10-05 04:00:00,530006.7
2023-10-05 05:00:00,569444.9
2023-10-05 06:00:00,643364.2
2023-10-05 07:00:00,678683.9
2023-10-05 08:00:00,719485.3
2023-10-05 09:00:00,772943.5
2023-10-05 10:00:00,821889.3
2023-10-05 11:00:00,849829.6
2023-10-05 12:00:00,853326.7
2023-10-05 13:00:00,848782.2
2023-10-05 14:00:00,857391.1
2023-10-05 15:00:00,886755.1
2023-10-05 16:00:00,921729.9
2023-10-05 17:00:00,949131.1
2023-10-05 18:00:00,978891.6
2023-10-05 19:00:00,965274.5
2023-10-05 20:00:00,906335.6
2023-10-05 21:00:00,818022.7
2023-10-05 22:00:00,715706.5
2023-10-05 23:00:00,626034.1
2023-10-06 00:00:00,556880.9
2023-10-06 01:00:00,513294.0
2023-10-06 02:00:00,488530.3
2023-10-06 03:00:00,477869.6
2023-10-06 04:00:00,487731.3
2023-10-06 05:00:00,514712.2
2023-10-06 06:00:00,566220.1
2023-10-06 07:00:00,630049.0
2023-10-06 08:00:00,699892.4
2023-10-06 09:00:00,766907.6
2023-10-06 10:00:00,821004.2
2023-10-06 11:00:00,852210.5
2023-10-06 12:00:00,852874.0
2023-10-06 13:00:00,840760.4
2023-10-06 14:00:00,830544.4
2023-10-06 15:00:00,841703.6
2023-10-06 16:00:00,861806.5
2023-10-06 17:00:00,852306.5
2023-10-06 18:00:00,861519.4
2023-10-06 19:00:00,835448.6
2023-10-06 20:00:00,786181.3
2023-10-06 21:00:00,721512.2
2023-10-06 22:00:00,641954.5
2023-10-06 23:00:00,570197.4
2023-10-07 00:00:00,510614.7
2023-10-07 01:00:00,470016.8
2023-10-07 02:00:00,443566.1
2023-10-07 03:00:00,430476.8
2023-10-07 04:00:00,431541.3
2023-10-07 05:00:00,448269.7
2023-10-07 06:00:00,489844.8
2023-10-07 07:00:00,561019.2
2023-10-07 08:00:00,635228.2
2023-10-07 09:00:00,697450.8
2023-10-07 10:00:00,736565.7
2023-10-07 11:00:00,750090.5
2023-10-07 12:00:00,744640.0
2023-10-07 13:00:00,734652.7
2023-10-07 14:00:00,726638.3
2023-10-07 15:00:00,728431.2
2023-10-07 16:00:00,738723.5
2023-10-07 17:00:00,750681.2
2023-10-07 18:00:00,762526.1
2023-10-07 19:00:00,741462.0
2023-10-07 20:00:00,704436.7
2023-10-07 21:00:00,650125.3
2023-10-07 22:00:00,587638.5
2023-10-07 23:00:00,527703.0
2023-10-08 00:00:00,478729.3
2023-10-08 01:00:00,445456.60000000003
2023-10-08 02:00:00,424834.9
2023-10-08 03:00:00,415412.6
2023-10-08 04:00:00,417946.8
2023-10-08 05:00:00,435035.8
2023-10-08 06:00:00,477229.4
2023-10-08 07:00:00,548480.5
2023-10-08 08:00:00,627395.0
2023-10-08 09:00:00,690989.4
2023-10-08 10:00:00,737769.6
2023-10-08 11:00:00,763634.5
2023-10-08 12:00:00,760222.5
2023-10-08 13:00:00,753964.3
2023-10-08 14:00:00,753042.7
2023-10-08 15:00:00,764733.8
2023-10-08 16:00:00,776136.3
2023-10-08 17:00:00,776211.0
2023-10-08 18:00:00,770159.1
2023-10-08 19:00:00,748599.0
2023-10-08 20:00:00,719714.4
2023-10-08 21:00:00,671788.3
2023-10-08 22:00:00,606934.9
2023-10-08 23:00:00,546057.5
2023-10-09 00:00:00,497418.2
2023-10-09 01:00:00,465434.5
2023-10-09 02:00:00,445330.1
2023-10-09 03:00:00,436437.6
2023-10-09 04:00:00,441028.1
2023-10-09 05:00:00,458110.1
2023-10-09 06:00:00,492802.2
2023-10-09 07:00:00,560412.4
2023-10-09 08:00:00,639763.3
2023-10-09 09:00:00,710090.6
2023-10-09 10:00:00,763616.4
2023-10-09 11:00:00,799187.9
2023-10-09 12:00:00,800915.9
2023-10-09 13:00:00,789520.3
2023-10-09 14:00:00,789308.3
2023-10-09 15:00:00,808666.6
2023-10-09 16:00:00,829868.5
2023-10-09 17:00:00,841014.1
2023-10-09 18:00:00,849198.5
2023-10-09 19:00:00,826412.3
2023-10-09 20:00:00,778495.6
2023-10-09 21:00:00,704969.2
2023-10-09 22:00:00,615805.8
2023-10-09 23:00:00,542975.2
2023-10-10 00:00:00,494515.8
2023-10-10 01:00:00,467432.0
2023-10-10 02:00:00,452438.7
2023-10-10 03:00:00,452599.1
2023-10-10 04:00:00,474996.0
2023-10-10 05:00:00,525601.2
2023-10-10 06:00:00,606952.1
2023-10-10 07:00:00,639035.3
2023-10-10 08:00:00,661996.7
2023-10-10 09:00:00,685962.8
2023-10-10 10:00:00,698648.9
2023-10-10 11:00:00,707832.7
2023-10-10 12:00:00,701693.6
2023-10-10 13:00:00,699104.8
2023-10-10 14:00:00,706382.9
2023-10-10 15:00:00,746211.4
2023-10-10 16:00:00,798703.1
2023-10-10 17:00:00,831872.7
2023-10-10 18:00:00,852169.5
2023-10-10 19:00:00,833053.5
2023-10-10 20:00:00,783951.9
2023-10-10 21:00:00,706308.5
2023-10-10 22:00:00,618413.8
2023-10-10 23:00:00,548518.1
2023-10-11 00:00:00,500447.2
2023-10-11 01:00:00,471730.5
2023-10-11 02:00:00,458144.1
2023-10-11 03:00:00,458339.4
2023-10-11 04:00:00,480983.8
2023-10-11 05:00:00,532602.4
2023-10-11 06:00:00,610858.6
2023-10-11 07:00:00,638101.0
2023-10-11 08:00:00,650175.3
2023-10-11 09:00:00,673466.2
2023-10-11 10:00:00,689632.9
2023-10-11 11:00:00,700061.7
2023-10-11 12:00:00,691840.4
2023-10-11 13:00:00,681364.0
2023-10-11 14:00:00,687544.8
2023-10-11 15:00:00,717460.5
2023-10-11 16:00:00,757273.3
2023-10-11 17:00:00,793573.2
2023-10-11 18:00:00,830966.2
2023-10-11 19:00:00,819086.5
2023-10-11 20:00:00,773559.6
2023-10-11 21:00:00,703042.5
2023-10-11 22:00:00,617145.0
2023-10-11 23:00:00,546801.2
2023-10-12 00:00:00,499741.9
2023-10-12 01:00:00,471255.0
2023-10-12 02:00:00,457563.5
2023-10-12 03:00:00,457681.3
2023-10-12 04:00:00,481774.6
2023-10-12 05:00:00,531885.5
2023-10-12 06:00:00,609053.3
2023-10-12 07:00:00,631349.6
2023-10-12 08:00:00,642744.0
2023-10-12 09:00:00,664702.4
2023-10-12 10:00:00,680907.8
2023-10-12 11:00:00,693851.7
2023-10-12 12:00:00,683557.0
2023-10-12 13:00:00,671790.4
2023-10-12 14:00:00,672826.7
2023-10-12 15:00:00,698804.7
2023-10-12 16:00:00,738257.5
2023-10-12 17:00:00,777829.8
2023-10-12 18:00:00,818192.2
2023-10-12 19:00:00,807362.1
2023-10-12 20:00:00,766604.5
2023-10-12 21:00:00,697986.6
2023-10-12 22:00:00,615175.3
2023-10-12 23:00:00,545177.0
2023-10-13 00:00:00,497001.8
2023-10-13 01:00:00,470626.1
2023-10-13 02:00:00,456325.7
2023-10-13 03:00:00,458063.8
2023-10-13 04:00:00,480916.9
2023-10-13 05:00:00,530919.4
2023-10-13 06:00:00,604761.1
2023-10-13 07:00:00,635879.6
2023-10-13 08:00:00,658331.2
2023-10-13 09:00:00,681511.3
2023-10-13 10:00:00,700334.4
2023-10-13 11:00:00,712080.7
2023-10-13 12:00:00,699698.4
2023-10-13 13:00:00,686336.5
2023-10-13 14:00:00,684328.4
2023-10-13 15:00:00,704914.5
2023-10-13 16:00:00,747256.8
2023-10-13 17:00:00,783563.1
2023-10-13 18:00:00,802060.7
2023-10-13 19:00:00,784206.1
2023-10-13 20:00:00,748875.2
2023-10-13 21:00:00,689900.6
2023-10-13 22:00:00,621641.3
2023-10-13 23:00:00,558861.6
2023-10-14 00:00:00,507871.5
2023-10-14 01:00:00,474550.9
2023-10-14 02:00:00,454161.8
2023-10-14 03:00:00,446673.9
2023-10-14 04:00:00,455212.6
2023-10-14 05:00:00,478148.9
2023-10-14 06:00:00,525267.8
2023-10-14 07:00:00,596010.9
2023-10-14 08:00:00,667335.0
2023-10-14 09:00:00,722752.8
2023-10-14 10:00:00,761121.9
2023-10-14 11:00:00,773399.4
2023-10-14 12:00:00,766370.4
2023-10-14 13:00:00,756250.0
2023-10-14 14:00:00,745398.2
2023-10-14 15:00:00,752310.3
2023-10-14 16:00:00,780527.8
2023-10-14 17:00:00,808695.1
2023-10-14 18:00:00,816362.0
2023-10-14 19:00:00,787812.6
2023-10-14 20:00:00,748529.8
2023-10-14 21:00:00,692637.1
2023-10-14 22:00:00,627195.1
2023-10-14 23:00:00,562764.3
2023-10-15 00:00:00,511278.4
2023-10-15 01:00:00,478551.1
2023-10-15 02:00:00,456346.1
2023-10-15 03:00:00,448357.6
2023-10-15 04:00:00,455085.5
2023-10-15 05:00:00,475394.1
2023-10-15 06:00:00,515745.8
2023-10-15 07:00:00,580706.3
2023-10-15 08:00:00,647168.4
2023-10-15 09:00:00,705525.9
2023-10-15 10:00:00,753333.1
2023-10-15 11:00:00,782666.6
2023-10-15 12:00:00,786200.8
2023-10-15 13:00:00,786407.8
2023-10-15 14:00:00,787990.1
2023-10-15 15:00:00,801442.1
2023-10-15 16:00:00,837908.0
2023-10-15 17:00:00,877080.7
2023-10-15 18:00:00,884996.1
2023-10-15 19:00:00,857215.3
2023-10-15 20:00:00,805650.6
2023-10-15 21:00:00,725295.1
2023-10-15 22:00:00,634023.9
2023-10-15 23:00:00,556688.3
2023-10-16 00:00:00,503950.8
2023-10-16 01:00:00,473322.1
2023-10-16 02:00:00,458781.9
2023-10-16 03:00:00,458502.4
2023-10-16 04:00:00,482748.3
2023-10-16 05:00:00,531953.6
2023-10-16 06:00:00,608379.0
2023-10-16 07:00:00,637676.7
2023-10-16 08:00:00,660309.4
2023-10-16 09:00:00,681260.9
2023-10-16 10:00:00,706540.6
2023-10-16 11:00:00,719486.3
2023-10-16 12:00:00,710911.9
2023-10-16 13:00:00,702919.3
2023-10-16 14:00:00,707053.9
2023-10-16 15:00:00,741913.3
2023-10-16 16:00:00,796530.5
2023-10-16 17:00:00,841325.2
2023-10-16 18:00:00,853650.8
2023-10-16 19:00:00,823551.9
2023-10-16 20:00:00,774208.9
2023-10-16 21:00:00,696734.7
2023-10-16 22:00:00,609879.6
2023-10-16 23:00:00,540441.6
2023-10-17 00:00:00,492231.4
2023-10-17 01:00:00,464958.1
2023-10-17 02:00:00,450486.0
2023-10-17 03:00:00,451976.1
2023-10-17 04:00:00,478043.8
2023-10-17 05:00:00,530777.6
2023-10-17 06:00:00,610326.4
2023-10-17 07:00:00,628268.5
2023-10-17 08:00:00,638480.8
2023-10-17 09:00:00,661478.9
2023-10-17 10:00:00,677340.7
2023-10-17 11:00:00,685535.5
2023-10-17 12:00:00,674602.5
2023-10-17 13:00:00,663622.6
2023-10-17 14:00:00,665895.1
2023-10-17 15:00:00,695137.8
2023-10-17 16:00:00,741100.2
2023-10-17 17:00:00,791867.0
2023-10-17 18:00:00,821549.8
2023-10-17 19:00:00,801649.6
2023-10-17 20:00:00,753158.4
2023-10-17 21:00:00,680148.8
2023-10-17 22:00:00,595757.3
2023-10-17 23:00:00,528240.3
2023-10-18 00:00:00,479238.0
2023-10-18 01:00:00,452020.5
2023-10-18 02:00:00,438361.7
2023-10-18 03:00:00,439737.3
2023-10-18 04:00:00,463719.9
2023-10-18 05:00:00,515040.4
2023-10-18 06:00:00,589952.4
2023-10-18 07:00:00,616808.7
2023-10-18 08:00:00,634095.6
2023-10-18 09:00:00,658370.9
2023-10-18 10:00:00,671419.8
2023-10-18 11:00:00,678830.6
2023-10-18 12:00:00,668061.7
2023-10-18 13:00:00,658076.8
2023-10-18 14:00:00,661778.2
2023-10-18 15:00:00,698655.0
2023-10-18 16:00:00,754915.4
2023-10-18 17:00:00,799271.9
2023-10-18 18:00:00,818139.8
2023-10-18 19:00:00,797314.5
2023-10-18 20:00:00,749559.9
2023-10-18 21:00:00,676017.7
2023-10-18 22:00:00,592512.5
2023-10-18 23:00:00,526551.7
2023-10-19 00:00:00,480683.7
2023-10-19 01:00:00,453233.5
2023-10-19 02:00:00,439902.3
2023-10-19 03:00:00,441419.6
2023-10-19 04:00:00,465426.6
2023-10-19 05:00:00,516677.2
2023-10-19 06:00:00,593506.7
2023-10-19 07:00:00,614496.9
2023-10-19 08:00:00,633210.7
2023-10-19 09:00:00,654613.2
2023-10-19 10:00:00,674141.1
2023-10-19 11:00:00,680299.1
2023-10-19 12:00:00,671557.4
2023-10-19 13:00:00,661287.5
2023-10-19 14:00:00,665374.2
2023-10-19 15:00:00,698529.0
2023-10-19 16:00:00,747698.7
2023-10-19 17:00:00,794013.7
2023-10-19 18:00:00,810963.8
2023-10-19 19:00:00,789613.1
2023-10-19 20:00:00,744770.1
2023-10-19 21:00:00,673314.0
2023-10-19 22:00:00,592542.2
2023-10-19 23:00:00,526358.4
2023-10-20 00:00:00,476786.4
2023-10-20 01:00:00,447912.3
2023-10-20 02:00:00,432336.3
2023-10-20 03:00:00,430465.0
2023-10-20 04:00:00,451164.4
2023-10-20 05:00:00,496249.6
2023-10-20 06:00:00,572238.9
2023-10-20 07:00:00,620305.5
2023-10-20 08:00:00,658968.3
2023-10-20 09:00:00,697102.4
2023-10-20 10:00:00,717200.9
2023-10-20 11:00:00,725501.7
2023-10-20 12:00:00,715534.8
2023-10-20 13:00:00,705942.5
2023-10-20 14:00:00,701641.9
2023-10-20 15:00:00,718758.7
2023-10-20 16:00:00,757003.9
2023-10-20 17:00:00,788882.5
2023-10-20 18:00:00,797096.2
2023-10-20 19:00:00,777785.8
2023-10-20 20:00:00,740397.4
2023-10-20 21:00:00,681246.4
2023-10-20 22:00:00,614656.9
2023-10-20 23:00:00,553547.1
2023-10-21 00:00:00,503925.4
2023-10-21 01:00:00,469526.8
2023-10-21 02:00:00,448953.8
2023-10-21 03:00:00,441994.0
2023-10-21 04:00:00,449572.4
2023-10-21 05:00:00,473229.3
2023-10-21 06:00:00,520057.5
2023-10-21 07:00:00,594573.9
2023-10-21 08:00:00,664321.4
2023-10-21 09:00:00,720169.1
2023-10-21 10:00:00,760644.6
2023-10-21 11:00:00,776181.2
2023-10-21 12:00:00,771852.2
2023-10-21 13:00:00,763953.8
2023-10-21 14:00:00,755182.4
2023-10-21 15:00:00,765747.9
2023-10-21 16:00:00,796791.5
2023-10-21 17:00:00,831309.5
2023-10-21 18:00:00,825484.2
2023-10-21 19:00:00,794619.7
2023-10-21 20:00:00,756106.0
2023-10-21 21:00:00,702319.4
2023-10-21 22:00:00,639224.9
2023-10-21 23:00:00,579377.6
2023-10-22 00:00:00,528702.2
2023-10-22 01:00:00,493860.7
2023-10-22 02:00:00,474096.4
2023-10-22 03:00:00,465668.5
2023-10-22 04:00:00,471223.1
2023-10-22 05:00:00,491499.2
2023-10-22 06:00:00,533376.0
2023-10-22 07:00:00,602379.7
2023-10-22 08:00:00,672398.9
2023-10-22 09:00:00,725270.0
2023-10-22 10:00:00,764972.5
2023-10-22 11:00:00,783004.7
2023-10-22 12:00:00,776710.1
2023-10-22 13:00:00,764693.9
2023-10-22 14:00:00,761308.0
2023-10-22 15:00:00,778407.1
2023-10-22 16:00:00,825448.4
2023-10-22 17:00:00,873870.1
2023-10-22 18:00:00,888289.4
2023-10-22 19:00:00,862264.9
2023-10-22 20:00:00,812539.2
2023-10-22 21:00:00,736437.5
2023-10-22 22:00:00,643353.7
2023-10-22 23:00:00,570562.6
2023-10-23 00:00:00,520640.4
2023-10-23 01:00:00,492342.2
2023-10-23 02:00:00,480259.0
2023-10-23 03:00:00,483099.0
2023-10-23 04:00:00,509954.7
2023-10-23 05:00:00,563348.0
2023-10-23 06:00:00,644831.1
2023-10-23 07:00:00,672311.7
2023-10-23 08:00:00,682446.2
2023-10-23 09:00:00,700297.1
2023-10-23 10:00:00,714589.4
2023-10-23 11:00:00,721863.4
2023-10-23 12:00:00,705022.3
2023-10-23 13:00:00,689676.8
2023-10-23 14:00:00,690937.8
2023-10-23 15:00:00,724241.8
2023-10-23 16:00:00,785567.6
2023-10-23 17:00:00,840611.9
2023-10-23 18:00:00,850377.5
2023-10-23 19:00:00,823264.4
2023-10-23 20:00:00,773150.9
2023-10-23 21:00:00,694941.6
2023-10-23 22:00:00,606233.3
2023-10-23 23:00:00,537795.8
2023-10-24 00:00:00,489840.5
2023-10-24 01:00:00,462404.6
2023-10-24 02:00:00,448738.2
2023-10-24 03:00:00,450249.8
2023-10-24 04:00:00,475905.9
2023-10-24 05:00:00,527850.1
2023-10-24 06:00:00,601885.7
2023-10-24 07:00:00,626332.8
2023-10-24 08:00:00,638008.1
2023-10-24 09:00:00,659998.7
2023-10-24 10:00:00,674376.9
2023-10-24 11:00:00,681829.5
2023-10-24 12:00:00,673789.7
2023-10-24 13:00:00,660734.7
2023-10-24 14:00:00,663540.3
2023-10-24 15:00:00,692626.2
2023-10-24 16:00:00,735587.2
2023-10-24 17:00:00,785672.6
2023-10-24 18:00:00,812847.6
2023-10-24 19:00:00,789822.3
2023-10-24 20:00:00,741562.5
2023-10-24 21:00:00,668660.9
2023-10-24 22:00:00,583354.2
2023-10-24 23:00:00,516830.8
2023-10-25 00:00:00,468916.6
2023-10-25 01:00:00,440306.3
2023-10-25 02:00:00,425027.2
2023-10-25 03:00:00,425262.1
2023-10-25 04:00:00,446183.4
2023-10-25 05:00:00,493074.8
2023-10-25 06:00:00,566790.0
2023-10-25 07:00:00,601210.1
2023-10-25 08:00:00,623837.2
2023-10-25 09:00:00,651051.1
2023-10-25 10:00:00,670137.2
2023-10-25 11:00:00,684431.4
2023-10-25 12:00:00,677184.2
2023-10-25 13:00:00,668404.0
2023-10-25 14:00:00,672254.6
2023-10-25 15:00:00,707406.8
2023-10-25 16:00:00,760695.4
2023-10-25 17:00:00,803012.1
2023-10-25 18:00:00,807787.6
2023-10-25 19:00:00,781450.2
2023-10-25 20:00:00,737261.1
2023-10-25 21:00:00,665905.6
2023-10-25 22:00:00,582679.5
2023-10-25 23:00:00,515893.1
2023-10-26 00:00:00,467356.7
2023-10-26 01:00:00,437790.9
2023-10-26 02:00:00,422290.8
2023-10-26 03:00:00,422419.0
2023-10-26 04:00:00,442387.7
2023-10-26 05:00:00,487343.4
2023-10-26 06:00:00,567627.2
2023-10-26 07:00:00,605642.1
2023-10-26 08:00:00,632485.3
2023-10-26 09:00:00,661348.4
2023-10-26 10:00:00,687228.0
2023-10-26 11:00:00,705206.3
2023-10-26 12:00:00,697127.2
2023-10-26 13:00:00,686681.5
2023-10-26 14:00:00,683236.1
2023-10-26 15:00:00,710207.7
2023-10-26 16:00:00,757871.4
2023-10-26 17:00:00,800221.7
2023-10-26 18:00:00,808354.1
2023-10-26 19:00:00,786963.9
2023-10-26 20:00:00,742452.1
2023-10-26 21:00:00,676072.6
2023-10-26 22:00:00,594761.8
2023-10-26 23:00:00,526935.7
2023-10-27 00:00:00,476127.2
2023-10-27 01:00:00,444577.6
2023-10-27 02:00:00,427308.6
2023-10-27 03:00:00,425039.5
2023-10-27 04:00:00,442896.5
2023-10-27 05:00:00,485388.7
2023-10-27 06:00:00,561475.7
2023-10-27 07:00:00,601005.2
2023-10-27 08:00:00,629440.1
2023-10-27 09:00:00,660448.6
2023-10-27 10:00:00,686775.7
2023-10-27 11:00:00,700400.9
2023-10-27 12:00:00,694936.0
2023-10-27 13:00:00,685802.1
2023-10-27 14:00:00,689057.6
2023-10-27 15:00:00,716569.5
2023-10-27 16:00:00,745448.9
2023-10-27 17:00:00,782572.0
2023-10-27 18:00:00,797481.1
2023-10-27 19:00:00,780129.8
2023-10-27 20:00:00,744491.5
2023-10-27 21:00:00,686122.0
2023-10-27 22:00:00,620205.2
2023-10-27 23:00:00,554905.0
2023-10-28 00:00:00,500517.9
2023-10-28 01:00:00,463674.0
2023-10-28 02:00:00,439525.2
2023-10-28 03:00:00,429101.9
2023-10-28 04:00:00,431067.6
2023-10-28 05:00:00,449476.2
2023-10-28 06:00:00,495067.2
2023-10-28 07:00:00,566979.1
2023-10-28 08:00:00,640728.6
2023-10-28 09:00:00,697860.8
2023-10-28 10:00:00,739086.7
2023-10-28 11:00:00,757939.1
2023-10-28 12:00:00,751955.8
2023-10-28 13:00:00,739111.1
2023-10-28 14:00:00,729873.2
2023-10-28 15:00:00,734701.8
2023-10-28 16:00:00,763538.3
2023-10-28 17:00:00,803956.5
2023-10-28 18:00:00,806303.3
2023-10-28 19:00:00,774696.7
2023-10-28 20:00:00,732326.3
2023-10-28 21:00:00,680083.7
2023-10-28 22:00:00,617372.8
2023-10-28 23:00:00,558793.3
2023-10-29 00:00:00,506224.9
2023-10-29 01:00:00,476629.8
2023-10-29 02:00:00,456030.8
2023-10-29 03:00:00,447153.1
2023-10-29 04:00:00,452428.8
2023-10-29 05:00:00,471920.8
2023-10-29 06:00:00,512855.9
2023-10-29 07:00:00,582134.8
2023-10-29 08:00:00,662476.8
2023-10-29 09:00:00,731876.8
2023-10-29 10:00:00,788440.2
2023-10-29 11:00:00,818516.4
2023-10-29 12:00:00,815839.9
2023-10-29 13:00:00,802932.0
2023-10-29 14:00:00,794233.5
2023-10-29 15:00:00,817105.2
2023-10-29 16:00:00,865195.1
2023-10-29 17:00:00,910675.8
2023-10-29 18:00:00,899258.0
2023-10-29 19:00:00,864231.7
2023-10-29 20:00:00,812276.7
2023-10-29 21:00:00,734739.9
2023-10-29 22:00:00,643508.4
2023-10-29 23:00:00,571968.2
2023-10-30 00:00:00,520845.0
2023-10-30 01:00:00,490537.7
2023-10-30 02:00:00,476607.7
2023-10-30 03:00:00,477949.3
2023-10-30 04:00:00,503647.1
2023-10-30 05:00:00,553934.6
2023-10-30 06:00:00,634971.9
2023-10-30 07:00:00,672607.0
2023-10-30 08:00:00,695099.6
2023-10-30 09:00:00,730177.8
2023-10-30 10:00:00,751542.6
2023-10-30 11:00:00,762589.4
2023-10-30 12:00:00,755841.1
2023-10-30 13:00:00,753565.3
2023-10-30 14:00:00,757124.5
2023-10-30 15:00:00,789558.4
2023-10-30 16:00:00,851677.3
2023-10-30 17:00:00,901603.9
2023-10-30 18:00:00,911257.3
2023-10-30 19:00:00,888270.3
2023-10-30 20:00:00,840899.6
2023-10-30 21:00:00,761674.4
2023-10-30 22:00:00,673055.3
2023-10-30 23:00:00,601083.4
2023-10-31 00:00:00,552608.7
2023-10-31 01:00:00,524467.4
2023-10-31 02:00:00,513169.6
2023-10-31 03:00:00,516962.4
2023-10-31 04:00:00,542379.6
2023-10-31 05:00:00,594538.2
2023-10-31 06:00:00,673446.2
2023-10-31 07:00:00,698332.0
2023-10-31 08:00:00,709231.0
2023-10-31 09:00:00,727347.3
2023-10-31 10:00:00,744610.8
2023-10-31 11:00:00,761836.8
2023-10-31 12:00:00,755372.0
2023-10-31 13:00:00,740477.6
2023-10-31 14:00:00,755190.9
2023-10-31 15:00:00,793819.6
2023-10-31 16:00:00,836477.6
2023-10-31 17:00:00,866382.2
2023-10-31 18:00:00,862610.0
2023-10-31 19:00:00,846015.7
2023-10-31 20:00:00,811861.4
2023-10-31 21:00:00,746914.3
2023-10-31 22:00:00,664799.9
2023-10-31 23:00:00,599861.0
2023-11-01 00:00:00,555974.1
2023-11-01 01:00:00,532472.4
2023-11-01 02:00:00,521120.8
2023-11-01 03:00:00,525213.4
2023-11-01 04:00:00,554300.8
2023-11-01 05:00:00,608040.7
2023-11-01 06:00:00,688412.1
2023-11-01 07:00:00,716707.5
2023-11-01 08:00:00,728013.6
2023-11-01 09:00:00,746275.8
2023-11-01 10:00:00,762246.1
2023-11-01 11:00:00,768266.1
2023-11-01 12:00:00,760650.7
2023-11-01 13:00:00,754709.7
2023-11-01 14:00:00,759112.1
2023-11-01 15:00:00,796290.1
2023-11-01 16:00:00,851931.1
2023-11-01 17:00:00,911141.4
2023-11-01 18:00:00,928046.2
2023-11-01 19:00:00,906758.7
2023-11-01 20:00:00,858696.1
2023-11-01 21:00:00,778160.5
2023-11-01 22:00:00,687830.9
2023-11-01 23:00:00,614574.1
2023-11-02 00:00:00,562771.7
2023-11-02 01:00:00,533811.8
2023-11-02 02:00:00,521063.3
2023-11-02 03:00:00,524578.4
2023-11-02 04:00:00,551267.8
2023-11-02 05:00:00,603879.7
2023-11-02 06:00:00,683746.6
2023-11-02 07:00:00,706340.6
2023-11-02 08:00:00,716880.3
2023-11-02 09:00:00,739646.4
2023-11-02 10:00:00,755107.5
2023-11-02 11:00:00,761283.9
2023-11-02 12:00:00,745958.9
2023-11-02 13:00:00,731555.9
2023-11-02 14:00:00,743553.4
2023-11-02 15:00:00,791226.6
2023-11-02 16:00:00,834542.4
2023-11-02 17:00:00,886075.4
2023-11-02 18:00:00,892093.4
2023-11-02 19:00:00,871027.7
2023-11-02 20:00:00,826413.4
2023-11-02 21:00:00,749020.4
2023-11-02 22:00:00,663609.4
2023-11-02 23:00:00,591617.9
2023-11-03 00:00:00,540521.9
2023-11-03 01:00:00,508817.4
2023-11-03 02:00:00,493741.3
2023-11-03 03:00:00,494631.5
2023-11-03 04:00:00,520105.5
2023-11-03 05:00:00,568626.4
2023-11-03 06:00:00,643955.7
2023-11-03 07:00:00,678482.9
2023-11-03 08:00:00,695052.8
2023-11-03 09:00:00,718157.5
2023-11-03 10:00:00,734296.9
2023-11-03 11:00:00,742403.8
2023-11-03 12:00:00,726158.9
2023-11-03 13:00:00,705089.3
2023-11-03 14:00:00,707210.2
2023-11-03 15:00:00,741513.0
2023-11-03 16:00:00,784289.2
2023-11-03 17:00:00,834590.0
2023-11-03 18:00:00,836910.2
2023-11-03 19:00:00,813131.7
2023-11-03 20:00:00,776659.3
2023-11-03 21:00:00,718710.0
2023-11-03 22:00:00,646857.9
2023-11-03 23:00:00,579392.5
2023-11-04 00:00:00,528686.1
2023-11-04 01:00:00,493229.0
2023-11-04 02:00:00,472602.6
2023-11-04 03:00:00,464177.9
2023-11-04 04:00:00,472312.4
2023-11-04 05:00:00,497863.1
2023-11-04 06:00:00,545823.8
2023-11-04 07:00:00,620135.3
2023-11-04 08:00:00,692234.6
2023-11-04 09:00:00,746569.6
2023-11-04 10:00:00,775695.6
2023-11-04 11:00:00,792813.7
2023-11-04 12:00:00,786561.4
2023-11-04 13:00:00,778062.8
2023-11-04 14:00:00,777691.8
2023-11-04 15:00:00,789342.4
2023-11-04 16:00:00,824387.3
2023-11-04 17:00:00,852463.5
2023-11-04 18:00:00,839810.5
2023-11-04 19:00:00,807801.8
2023-11-04 20:00:00,767457.6
2023-11-04 21:00:00,714393.9
2023-11-04 22:00:00,650718.2
2023-11-04 23:00:00,588971.4
2023-11-05 00:00:00,538063.9
2023-11-05 01:00:00,503031.7
2023-11-05 02:00:00,484507.2
2023-11-05 03:00:00,474537.2
2023-11-05 04:00:00,477580.0
2023-11-05 05:00:00,495094.0
2023-11-05 06:00:00,531492.1
2023-11-05 07:00:00,595717.1
2023-11-05 08:00:00,658704.3
2023-11-05 09:00:00,709442.7
2023-11-05 10:00:00,752622.6
2023-11-05 11:00:00,782957.8
2023-11-05 12:00:00,789674.4
2023-11-05 13:00:00,779832.6
2023-11-05 14:00:00,774173.6
2023-11-05 15:00:00,788783.5
2023-11-05 16:00:00,847103.9
2023-11-05 17:00:00,923147.8
2023-11-05 18:00:00,920747.1
2023-11-05 19:00:00,885306.3
2023-11-05 20:00:00,844190.0
2023-11-05 21:00:00,784691.0
2023-11-05 22:00:00,705470.0
2023-11-05 23:00:00,618887.0
2023-11-06 00:00:00,551642.1
2023-11-06 01:00:00,505737.2
2023-11-06 02:00:00,480281.6
2023-11-06 03:00:00,468163.3
2023-11-06 04:00:00,472858.1
2023-11-06 05:00:00,501873.7
2023-11-06 06:00:00,560492.3
2023-11-06 07:00:00,638415.3
2023-11-06 08:00:00,664354.6
2023-11-06 09:00:00,687501.2
2023-11-06 10:00:00,712502.9
2023-11-06 11:00:00,741723.4
2023-11-06 12:00:00,763607.7
2023-11-06 13:00:00,732691.4
2023-11-06 14:00:00,728947.5
2023-11-06 15:00:00,769550.3
2023-11-06 16:00:00,827536.3
2023-11-06 17:00:00,884907.9
2023-11-06 18:00:00,889508.1
2023-11-06 19:00:00,865113.4
2023-11-06 20:00:00,825563.1
2023-11-06 21:00:00,768654.2
2023-11-06 22:00:00,690000.5
2023-11-06 23:00:00,606601.9
2023-11-07 00:00:00,537899.6
2023-11-07 01:00:00,495750.2
2023-11-07 02:00:00,471107.5
2023-11-07 03:00:00,458834.0
2023-11-07 04:00:00,461612.1
2023-11-07 05:00:00,490561.0
2023-11-07 06:00:00,547749.2
2023-11-07 07:00:00,624922.7
2023-11-07 08:00:00,647998.7
2023-11-07 09:00:00,662224.9
2023-11-07 10:00:00,686939.4
2023-11-07 11:00:00,718780.8
2023-11-07 12:00:00,730290.2
2023-11-07 13:00:00,717177.9
2023-11-07 14:00:00,716232.7
2023-11-07 15:00:00,733237.8
2023-11-07 16:00:00,793903.1
2023-11-07 17:00:00,880588.7
2023-11-07 18:00:00,904982.6
2023-11-07 19:00:00,895119.2
2023-11-07 20:00:00,867624.3
2023-11-07 21:00:00,818364.3
2023-11-07 22:00:00,745578.9
2023-11-07 23:00:00,663835.3
2023-11-08 00:00:00,596819.5
2023-11-08 01:00:00,554021.8
2023-11-08 02:00:00,531308.5
2023-11-08 03:00:00,521802.8
2023-11-08 04:00:00,529944.0
2023-11-08 05:00:00,565503.6
2023-11-08 06:00:00,623202.6
2023-11-08 07:00:00,698881.4
2023-11-08 08:00:00,719841.5
2023-11-08 09:00:00,745066.5
2023-11-08 10:00:00,777945.0
2023-11-08 11:00:00,803062.6
2023-11-08 12:00:00,816141.2
2023-11-08 13:00:00,812866.1
2023-11-08 14:00:00,815918.3
2023-11-08 15:00:00,844579.0
2023-11-08 16:00:00,903665.9
2023-11-08 17:00:00,967699.7
2023-11-08 18:00:00,979634.3
2023-11-08 19:00:00,962336.9
2023-11-08 20:00:00,926221.6
2023-11-08 21:00:00,872813.9
2023-11-08 22:00:00,791193.7
2023-11-08 23:00:00,701624.3
2023-11-09 00:00:00,629156.4
2023-11-09 01:00:00,582799.0
2023-11-09 02:00:00,549264.1
2023-11-09 03:00:00,532540.7
2023-11-09 04:00:00,532352.5
2023-11-09 05:00:00,557616.7
2023-11-09 06:00:00,609579.6
2023-11-09 07:00:00,681342.6
2023-11-09 08:00:00,702763.8
2023-11-09 09:00:00,721879.2
2023-11-09 10:00:00,747417.0
2023-11-09 11:00:00,764334.6
2023-11-09 12:00:00,773656.9
2023-11-09 13:00:00,751479.3
2023-11-09 14:00:00,737481.5
2023-11-09 15:00:00,742305.0
2023-11-09 16:00:00,787317.5
2023-11-09 17:00:00,874146.9
2023-11-09 18:00:00,897487.5
2023-11-09 19:00:00,887145.2
2023-11-09 20:00:00,865597.2
2023-11-09 21:00:00,819245.7
2023-11-09 22:00:00,742932.3
2023-11-09 23:00:00,664516.4
2023-11-10 00:00:00,596898.7
2023-11-10 01:00:00,549536.1
2023-11-10 02:00:00,522001.3
2023-11-10 03:00:00,511364.1
2023-11-10 04:00:00,516633.9
2023-11-10 05:00:00,546235.0
2023-11-10 06:00:00,597320.9
2023-11-10 07:00:00,670499.1
2023-11-10 08:00:00,690740.8
2023-11-10 09:00:00,710190.8
2023-11-10 10:00:00,732312.2
2023-11-10 11:00:00,746333.6
2023-11-10 12:00:00,748570.3
2023-11-10 13:00:00,738652.2
2023-11-10 14:00:00,736264.5
2023-11-10 15:00:00,747425.4
2023-11-10 16:00:00,793040.0
2023-11-10 17:00:00,867812.4
2023-11-10 18:00:00,878621.3
2023-11-10 19:00:00,863719.2
2023-11-10 20:00:00,843639.5
2023-11-10 21:00:00,803074.9
2023-11-10 22:00:00,743164.8
2023-11-10 23:00:00,672339.5
2023-11-11 00:00:00,609119.5
2023-11-11 01:00:00,564733.2
2023-11-11 02:00:00,535948.4
2023-11-11 03:00:00,521220.1
2023-11-11 04:00:00,518748.3
2023-11-11 05:00:00,533632.7
2023-11-11 06:00:00,563313.8
2023-11-11 07:00:00,621127.7
2023-11-11 08:00:00,690218.7
2023-11-11 09:00:00,757957.3
2023-11-11 10:00:00,813919.8
2023-11-11 11:00:00,848087.7
2023-11-11 12:00:00,864688.2
2023-11-11 13:00:00,860422.7
2023-11-11 14:00:00,852434.9
2023-11-11 15:00:00,860774.2
2023-11-11 16:00:00,889220.5
2023-11-11 17:00:00,940152.3
2023-11-11 18:00:00,933082.8
2023-11-11 19:00:00,900111.6
2023-11-11 20:00:00,864798.1
2023-11-11 21:00:00,818758.1
2023-11-11 22:00:00,761585.5
2023-11-11 23:00:00,697676.1
2023-11-12 00:00:00,634859.5
2023-11-12 01:00:00,585915.9
2023-11-12 02:00:00,553819.8
2023-11-12 03:00:00,535837.0
2023-11-12 04:00:00,532231.9
2023-11-12 05:00:00,543626.7
2023-11-12 06:00:00,571004.4
2023-11-12 07:00:00,623056.1
2023-11-12 08:00:00,680108.6
2023-11-12 09:00:00,735014.4
2023-11-12 10:00:00,780272.2
2023-11-12 11:00:00,815476.5
2023-11-12 12:00:00,827804.3
2023-11-12 13:00:00,816295.6
2023-11-12 14:00:00,808005.2
2023-11-12 15:00:00,817177.8
2023-11-12 16:00:00,872851.3
2023-11-12 17:00:00,967674.5
2023-11-12 18:00:00,977100.9
2023-11-12 19:00:00,944675.1
2023-11-12 20:00:00,910613.4
2023-11-12 21:00:00,859203.4
2023-11-12 22:00:00,782325.7
2023-11-12 23:00:00,696116.2
2023-11-13 00:00:00,623300.4
2023-11-13 01:00:00,573532.9
2023-11-13 02:00:00,543070.6
2023-11-13 03:00:00,527182.4
2023-11-13 04:00:00,528474.1
2023-11-13 05:00:00,554434.6
2023-11-13 06:00:00,601028.1
2023-11-13 07:00:00,672554.0
2023-11-13 08:00:00,691266.4
2023-11-13 09:00:00,715623.6
2023-11-13 10:00:00,744397.0
2023-11-13 11:00:00,740905.1
2023-11-13 12:00:00,743675.5
2023-11-13 13:00:00,727782.5
2023-11-13 14:00:00,718664.0
2023-11-13 15:00:00,730103.3
2023-11-13 16:00:00,786403.9
2023-11-13 17:00:00,886522.3
2023-11-13 18:00:00,906426.2
2023-11-13 19:00:00,891026.6
2023-11-13 20:00:00,861789.2
2023-11-13 21:00:00,810369.9
2023-11-13 22:00:00,732881.2
2023-11-13 23:00:00,646712.3
2023-11-14 00:00:00,579151.4
2023-11-14 01:00:00,533478.2
2023-11-14 02:00:00,507051.0
2023-11-14 03:00:00,493359.3
2023-11-14 04:00:00,498585.5
2023-11-14 05:00:00,529544.8
2023-11-14 06:00:00,582136.8
2023-11-14 07:00:00,658038.3
2023-11-14 08:00:00,681915.5
2023-11-14 09:00:00,701027.6
2023-11-14 10:00:00,721060.7
2023-11-14 11:00:00,729665.4
2023-11-14 12:00:00,728868.0
2023-11-14 13:00:00,713184.4
2023-11-14 14:00:00,704235.8
2023-11-14 15:00:00,718530.1
2023-11-14 16:00:00,778342.1
2023-11-14 17:00:00,875428.0
2023-11-14 18:00:00,900270.4
2023-11-14 19:00:00,891844.6
2023-11-14 20:00:00,864972.8
2023-11-14 21:00:00,815337.0
2023-11-14 22:00:00,739830.5
2023-11-14 23:00:00,655263.0
2023-11-15 00:00:00,587334.9
2023-11-15 01:00:00,543215.1
2023-11-15 02:00:00,517090.9
2023-11-15 03:00:00,505970.4
2023-11-15 04:00:00,512705.8
2023-11-15 05:00:00,545151.7
2023-11-15 06:00:00,601004.7
2023-11-15 07:00:00,671537.6
2023-11-15 08:00:00,688542.4
2023-11-15 09:00:00,702365.2
2023-11-15 10:00:00,712755.6
2023-11-15 11:00:00,732128.3
2023-11-15 12:00:00,730731.4
2023-11-15 13:00:00,718323.5
2023-11-15 14:00:00,699991.4
2023-11-15 15:00:00,707601.4
2023-11-15 16:00:00,764268.4
2023-11-15 17:00:00,858143.2
2023-11-15 18:00:00,879907.5
2023-11-15 19:00:00,869377.8
2023-11-15 20:00:00,845220.6
2023-11-15 21:00:00,795323.5
2023-11-15 22:00:00,723896.8
2023-11-15 23:00:00,642166.1
2023-11-16 00:00:00,575020.9
2023-11-16 01:00:00,530473.3
2023-11-16 02:00:00,506905.1
2023-11-16 03:00:00,497447.8
2023-11-16 04:00:00,504152.5
2023-11-16 05:00:00,535367.2
2023-11-16 06:00:00,590960.7
2023-11-16 07:00:00,663011.0
2023-11-16 08:00:00,675034.5
2023-11-16 09:00:00,680047.3
2023-11-16 10:00:00,697367.2
2023-11-16 11:00:00,712581.9
2023-11-16 12:00:00,717346.3
2023-11-16 13:00:00,703373.2
2023-11-16 14:00:00,693570.0
2023-11-16 15:00:00,702950.5
2023-11-16 16:00:00,760637.1
2023-11-16 17:00:00,847462.6
2023-11-16 18:00:00,864275.9
2023-11-16 19:00:00,857816.7
2023-11-16 20:00:00,838837.7
2023-11-16 21:00:00,791909.2
2023-11-16 22:00:00,722717.8
2023-11-16 23:00:00,644676.0
2023-11-17 00:00:00,574004.7
2023-11-17 01:00:00,524093.3
2023-11-17 02:00:00,492018.8
2023-11-17 03:00:00,477173.4
2023-11-17 04:00:00,477183.0
2023-11-17 05:00:00,499696.2
2023-11-17 06:00:00,541614.6
2023-11-17 07:00:00,597643.6
2023-11-17 08:00:00,648854.5
2023-11-17 09:00:00,689178.4
2023-11-17 10:00:00,726598.9
2023-11-17 11:00:00,758726.1
2023-11-17 12:00:00,787957.6
2023-11-17 13:00:00,786895.7
2023-11-17 14:00:00,780628.6
2023-11-17 15:00:00,785380.5
2023-11-17 16:00:00,814567.9
2023-11-17 17:00:00,877507.3
2023-11-17 18:00:00,886338.8
2023-11-17 19:00:00,869853.9
2023-11-17 20:00:00,848817.0
2023-11-17 21:00:00,811219.3
2023-11-17 22:00:00,756195.8
2023-11-17 23:00:00,685558.4
2023-11-18 00:00:00,619907.0
2023-11-18 01:00:00,570068.5
2023-11-18 02:00:00,538231.3
2023-11-18 03:00:00,521890.8
2023-11-18 04:00:00,520826.8
2023-11-18 05:00:00,535311.6
2023-11-18 06:00:00,566469.2
2023-11-18 07:00:00,620652.9
2023-11-18 08:00:00,682620.7
2023-11-18 09:00:00,735420.3
2023-11-18 10:00:00,776867.7
2023-11-18 11:00:00,809727.8
2023-11-18 12:00:00,821436.8
2023-11-18 13:00:00,813855.2
2023-11-18 14:00:00,803037.7
2023-11-18 15:00:00,806373.1
2023-11-18 16:00:00,836749.8
2023-11-18 17:00:00,913832.1
2023-11-18 18:00:00,912129.1
2023-11-18 19:00:00,881545.2
2023-11-18 20:00:00,849263.2
2023-11-18 21:00:00,810074.1
2023-11-18 22:00:00,756047.3
2023-11-18 23:00:00,691084.6
2023-11-19 00:00:00,630252.5
2023-11-19 01:00:00,580826.5
2023-11-19 02:00:00,548143.0
2023-11-19 03:00:00,528080.5
2023-11-19 04:00:00,522401.4
2023-11-19 05:00:00,532800.7
2023-11-19 06:00:00,555573.7
2023-11-19 07:00:00,602420.9
2023-11-19 08:00:00,661457.0
2023-11-19 09:00:00,716991.2
2023-11-19 10:00:00,775487.1
2023-11-19 11:00:00,820169.7
2023-11-19 12:00:00,837247.1
2023-11-19 13:00:00,834464.0
2023-11-19 14:00:00,828351.4
2023-11-19 15:00:00,833357.1
2023-11-19 16:00:00,885496.4
2023-11-19 17:00:00,983158.1
2023-11-19 18:00:00,992366.3
2023-11-19 19:00:00,962396.8
2023-11-19 20:00:00,926514.0
2023-11-19 21:00:00,873064.1
2023-11-19 22:00:00,795172.1
2023-11-19 23:00:00,707992.8
2023-11-20 00:00:00,635324.9
2023-11-20 01:00:00,587854.7
2023-11-20 02:00:00,563156.1
2023-11-20 03:00:00,553401.0
2023-11-20 04:00:00,561216.2
2023-11-20 05:00:00,593388.4
2023-11-20 06:00:00,649091.6
2023-11-20 07:00:00,725305.7
2023-11-20 08:00:00,746733.1
2023-11-20 09:00:00,759918.8
2023-11-20 10:00:00,782623.7
2023-11-20 11:00:00,804742.9
2023-11-20 12:00:00,810275.6
2023-11-20 13:00:00,796410.1
2023-11-20 14:00:00,795376.8
2023-11-20 15:00:00,820869.5
2023-11-20 16:00:00,889957.4
2023-11-20 17:00:00,985650.7
2023-11-20 18:00:00,1000991.9
2023-11-20 19:00:00,984546.2
2023-11-20 20:00:00,954624.7
2023-11-20 21:00:00,901211.3
2023-11-20 22:00:00,818044.9
2023-11-20 23:00:00,728650.0
2023-11-21 00:00:00,652724.4
2023-11-21 01:00:00,606351.9
2023-11-21 02:00:00,578630.5
2023-11-21 03:00:00,567624.3
2023-11-21 04:00:00,572171.6
2023-11-21 05:00:00,601186.1
2023-11-21 06:00:00,651136.1
2023-11-21 07:00:00,726224.9
2023-11-21 08:00:00,753210.6
2023-11-21 09:00:00,776976.6
2023-11-21 10:00:00,813109.4
2023-11-21 11:00:00,848170.8
2023-11-21 12:00:00,867932.6
2023-11-21 13:00:00,865589.0
2023-11-21 14:00:00,860203.5
2023-11-21 15:00:00,873938.1
2023-11-21 16:00:00,921617.0
2023-11-21 17:00:00,979888.2
2023-11-21 18:00:00,982318.0
2023-11-21 19:00:00,960308.2
2023-11-21 20:00:00,923661.3
2023-11-21 21:00:00,868797.4
2023-11-21 22:00:00,782951.5
2023-11-21 23:00:00,695282.5
2023-11-22 00:00:00,621037.2
2023-11-22 01:00:00,569978.5
2023-11-22 02:00:00,539792.0
2023-11-22 03:00:00,523904.3
2023-11-22 04:00:00,525807.2
2023-11-22 05:00:00,552552.9
2023-11-22 06:00:00,602409.8
2023-11-22 07:00:00,676179.4
2023-11-22 08:00:00,704566.5
2023-11-22 09:00:00,733049.5
2023-11-22 10:00:00,762870.1
2023-11-22 11:00:00,780258.8
2023-11-22 12:00:00,789057.7
2023-11-22 13:00:00,789258.2
2023-11-22 14:00:00,790822.0
2023-11-22 15:00:00,811481.9
2023-11-22 16:00:00,866643.5
2023-11-22 17:00:00,935624.8
2023-11-22 18:00:00,948211.8
2023-11-22 19:00:00,938061.6
2023-11-22 20:00:00,911648.5
2023-11-22 21:00:00,863353.6
2023-11-22 22:00:00,786701.1
2023-11-22 23:00:00,702010.6
2023-11-23 00:00:00,628043.6
2023-11-23 01:00:00,577893.2
2023-11-23 02:00:00,548006.8
2023-11-23 03:00:00,533696.6
2023-11-23 04:00:00,537640.4
2023-11-23 05:00:00,566236.2
2023-11-23 06:00:00,616226.6
2023-11-23 07:00:00,689988.4
2023-11-23 08:00:00,711935.7
2023-11-23 09:00:00,725291.5
2023-11-23 10:00:00,745460.1
2023-11-23 11:00:00,779660.4
2023-11-23 12:00:00,792929.9
2023-11-23 13:00:00,790227.7
2023-11-23 14:00:00,786753.4
2023-11-23 15:00:00,803994.7
2023-11-23 16:00:00,855553.5
2023-11-23 17:00:00,921580.2
2023-11-23 18:00:00,933892.9
2023-11-23 19:00:00,927402.1
2023-11-23 20:00:00,909493.0
2023-11-23 21:00:00,867392.1
2023-11-23 22:00:00,795532.7
2023-11-23 23:00:00,717280.0
2023-11-24 00:00:00,649919.6
2023-11-24 01:00:00,601298.5
2023-11-24 02:00:00,573114.3
2023-11-24 03:00:00,561676.4
2023-11-24 04:00:00,564798.1
2023-11-24 05:00:00,594680.7
2023-11-24 06:00:00,645564.6
2023-11-24 07:00:00,721166.5
2023-11-24 08:00:00,761201.1
2023-11-24 09:00:00,786801.1
2023-11-24 10:00:00,811531.9
2023-11-24 11:00:00,828302.9
2023-11-24 12:00:00,834696.4
2023-11-24 13:00:00,828114.0
2023-11-24 14:00:00,834022.6
2023-11-24 15:00:00,840987.7
2023-11-24 16:00:00,894417.0
2023-11-24 17:00:00,969067.8
2023-11-24 18:00:00,977467.3
2023-11-24 19:00:00,965368.3
2023-11-24 20:00:00,943479.3
2023-11-24 21:00:00,901939.6
2023-11-24 22:00:00,844425.9
2023-11-24 23:00:00,772864.0
2023-11-25 00:00:00,704911.5
2023-11-25 01:00:00,652076.1
2023-11-25 02:00:00,617707.9
2023-11-25 03:00:00,598430.4
2023-11-25 04:00:00,593508.2
2023-11-25 05:00:00,604527.1
2023-11-25 06:00:00,631290.2
2023-11-25 07:00:00,685036.5
2023-11-25 08:00:00,748839.2
2023-11-25 09:00:00,800293.4
2023-11-25 10:00:00,859986.6
2023-11-25 11:00:00,901119.4
2023-11-25 12:00:00,899123.4
2023-11-25 13:00:00,876689.7
2023-11-25 14:00:00,869783.4
2023-11-25 15:00:00,875107.7
2023-11-25 16:00:00,914238.9
2023-11-25 17:00:00,985054.2
2023-11-25 18:00:00,983453.5
2023-11-25 19:00:00,951338.7
2023-11-25 20:00:00,916254.9
2023-11-25 21:00:00,874917.1
2023-11-25 22:00:00,815331.7
2023-11-25 23:00:00,746947.9
2023-11-26 00:00:00,681367.6
2023-11-26 01:00:00,626956.0
2023-11-26 02:00:00,591656.4
2023-11-26 03:00:00,570774.4
2023-11-26 04:00:00,565146.0
2023-11-26 05:00:00,572415.4
2023-11-26 06:00:00,595555.0
2023-11-26 07:00:00,641915.5
2023-11-26 08:00:00,699332.1
2023-11-26 09:00:00,749050.6
2023-11-26 10:00:00,794391.7
2023-11-26 11:00:00,827541.1
2023-11-26 12:00:00,843654.2
2023-11-26 13:00:00,856775.9
2023-11-26 14:00:00,870959.6
2023-11-26 15:00:00,905923.1
2023-11-26 16:00:00,959511.9
2023-11-26 17:00:00,1017831.4
2023-11-26 18:00:00,1009880.9
2023-11-26 19:00:00,975839.4
2023-11-26 20:00:00,939095.8
2023-11-26 21:00:00,882446.9
2023-11-26 22:00:00,799261.3
2023-11-26 23:00:00,707330.1
2023-11-27 00:00:00,633011.7
2023-11-27 01:00:00,582520.5
2023-11-27 02:00:00,552754.4
2023-11-27 03:00:00,540758.0
2023-11-27 04:00:00,545663.1
2023-11-27 05:00:00,576348.8
2023-11-27 06:00:00,629816.7
2023-11-27 07:00:00,710529.5
2023-11-27 08:00:00,746440.8
2023-11-27 09:00:00,758510.1
2023-11-27 10:00:00,802281.7
2023-11-27 11:00:00,818901.2
2023-11-27 12:00:00,831488.6
2023-11-27 13:00:00,842898.4
2023-11-27 14:00:00,845925.2
2023-11-27 15:00:00,865389.2
2023-11-27 16:00:00,933800.6
2023-11-27 17:00:00,1013308.1
2023-11-27 18:00:00,1024858.2
2023-11-27 19:00:00,1013019.6
2023-11-27 20:00:00,988282.3
2023-11-27 21:00:00,936372.4
2023-11-27 22:00:00,853409.1
2023-11-27 23:00:00,763239.8
2023-11-28 00:00:00,688906.5
2023-11-28 01:00:00,639975.4
2023-11-28 02:00:00,612679.6
2023-11-28 03:00:00,603710.1
2023-11-28 04:00:00,610695.6
2023-11-28 05:00:00,640866.7
2023-11-28 06:00:00,697232.6
2023-11-28 07:00:00,776054.4
2023-11-28 08:00:00,796637.6
2023-11-28 09:00:00,802187.4
2023-11-28 10:00:00,819939.0
2023-11-28 11:00:00,839132.5
2023-11-28 12:00:00,862986.3
2023-11-28 13:00:00,858886.1
2023-11-28 14:00:00,851133.3
2023-11-28 15:00:00,870871.9
2023-11-28 16:00:00,933903.2
2023-11-28 17:00:00,1029563.4
2023-11-28 18:00:00,1048533.1
2023-11-28 19:00:00,1038774.6
2023-11-28 20:00:00,1013146.5
2023-11-28 21:00:00,962341.1
2023-11-28 22:00:00,879661.9
2023-11-28 23:00:00,790444.8
2023-11-29 00:00:00,714300.2
2023-11-29 01:00:00,665788.3
2023-11-29 02:00:00,638374.6
2023-11-29 03:00:00,624878.6
2023-11-29 04:00:00,628812.1
2023-11-29 05:00:00,657024.4
2023-11-29 06:00:00,709624.1
2023-11-29 07:00:00,787317.7
2023-11-29 08:00:00,817202.1
2023-11-29 09:00:00,839444.7
2023-11-29 10:00:00,862256.2
2023-11-29 11:00:00,880436.1
2023-11-29 12:00:00,889850.2
2023-11-29 13:00:00,892525.2
2023-11-29 14:00:00,897983.9
2023-11-29 15:00:00,920854.5
2023-11-29 16:00:00,977840.6
2023-11-29 17:00:00,1038297.2
2023-11-29 18:00:00,1041885.4
2023-11-29 19:00:00,1026191.8
2023-11-29 20:00:00,1002500.3
2023-11-29 21:00:00,949107.3
2023-11-29 22:00:00,860447.1
2023-11-29 23:00:00,770574.8
2023-11-30 00:00:00,693438.3
2023-11-30 01:00:00,642729.3
2023-11-30 02:00:00,613006.5
2023-11-30 03:00:00,599813.3
2023-11-30 04:00:00,602061.0
2023-11-30 05:00:00,630979.7
2023-11-30 06:00:00,683111.6
2023-11-30 07:00:00,759302.0
2023-11-30 08:00:00,771819.1
2023-11-30 09:00:00,773247.8
2023-11-30 10:00:00,785851.2
2023-11-30 11:00:00,795930.0
2023-11-30 12:00:00,794918.0
2023-11-30 13:00:00,778357.0
2023-11-30 14:00:00,769104.9
2023-11-30 15:00:00,787117.2
2023-11-30 16:00:00,851229.0
2023-11-30 17:00:00,934486.0
2023-11-30 18:00:00,947621.5
2023-11-30 19:00:00,938340.1
2023-11-30 20:00:00,912996.9
2023-11-30 21:00:00,864186.5
2023-11-30 22:00:00,786037.0
2023-11-30 23:00:00,700225.0
2023-12-01 00:00:00,624646.2
2023-12-01 01:00:00,573555.9
2023-12-01 02:00:00,540448.4
2023-12-01 03:00:00,525337.0
2023-12-01 04:00:00,527224.8
2023-12-01 05:00:00,553216.8
2023-12-01 06:00:00,600926.5
2023-12-01 07:00:00,679519.0
2023-12-01 08:00:00,727834.2
2023-12-01 09:00:00,767320.9
2023-12-01 10:00:00,808266.7
2023-12-01 11:00:00,841309.7
2023-12-01 12:00:00,860691.2
2023-12-01 13:00:00,859575.8
2023-12-01 14:00:00,858995.8
2023-12-01 15:00:00,870883.3
2023-12-01 16:00:00,918116.2
2023-12-01 17:00:00,971679.5
2023-12-01 18:00:00,970561.3
2023-12-01 19:00:00,953108.0
2023-12-01 20:00:00,929530.1
2023-12-01 21:00:00,886115.1
2023-12-01 22:00:00,821141.7
2023-12-01 23:00:00,747103.2
2023-12-02 00:00:00,676467.2
2023-12-02 01:00:00,622995.7
2023-12-02 02:00:00,586958.0
2023-12-02 03:00:00,566554.8
2023-12-02 04:00:00,559920.7
2023-12-02 05:00:00,571944.0
2023-12-02 06:00:00,598105.2
2023-12-02 07:00:00,648584.3
2023-12-02 08:00:00,723257.3
2023-12-02 09:00:00,798982.6
2023-12-02 10:00:00,852469.9
2023-12-02 11:00:00,897095.5
2023-12-02 12:00:00,916907.6
2023-12-02 13:00:00,918112.2
2023-12-02 14:00:00,913135.7
2023-12-02 15:00:00,918447.1
2023-12-02 16:00:00,951175.7
2023-12-02 17:00:00,995303.9
2023-12-02 18:00:00,984642.4
2023-12-02 19:00:00,953960.7999999999
2023-12-02 20:00:00,918975.8
2023-12-02 21:00:00,877343.4
2023-12-02 22:00:00,816964.4
2023-12-02 23:00:00,749076.1
2023-12-03 00:00:00,684256.7
2023-12-03 01:00:00,632069.1
2023-12-03 02:00:00,595190.3
2023-12-03 03:00:00,572463.6
2023-12-03 04:00:00,566181.8
2023-12-03 05:00:00,572954.0
2023-12-03 06:00:00,593123.4
2023-12-03 07:00:00,636872.8
2023-12-03 08:00:00,703748.2
2023-12-03 09:00:00,778662.5
2023-12-03 10:00:00,847561.4
2023-12-03 11:00:00,901085.7
2023-12-03 12:00:00,932627.8
2023-12-03 13:00:00,936929.0
2023-12-03 14:00:00,933874.3
2023-12-03 15:00:00,939239.6
2023-12-03 16:00:00,979529.4
2023-12-03 17:00:00,1043079.6
2023-12-03 18:00:00,1039291.3
2023-12-03 19:00:00,1007892.8
2023-12-03 20:00:00,971805.4
2023-12-03 21:00:00,920049.6
2023-12-03 22:00:00,834797.4
2023-12-03 23:00:00,737037.5
2023-12-04 00:00:00,656329.8
2023-12-04 01:00:00,601808.3
2023-12-04 02:00:00,571796.3
2023-12-04 03:00:00,556881.3
2023-12-04 04:00:00,561245.2
2023-12-04 05:00:00,590072.5
2023-12-04 06:00:00,641484.9
2023-12-04 07:00:00,719526.0
2023-12-04 08:00:00,755389.8
2023-12-04 09:00:00,783164.5
2023-12-04 10:00:00,814724.8
2023-12-04 11:00:00,834528.5
2023-12-04 12:00:00,841457.5
2023-12-04 13:00:00,823437.0
2023-12-04 14:00:00,831392.3
2023-12-04 15:00:00,855208.9
2023-12-04 16:00:00,916233.5
2023-12-04 17:00:00,998281.6
2023-12-04 18:00:00,1009896.5
2023-12-04 19:00:00,995875.1
2023-12-04 20:00:00,966666.5
2023-12-04 21:00:00,916266.8
2023-12-04 22:00:00,835047.4
2023-12-04 23:00:00,741939.9
2023-12-05 00:00:00,664365.9
2023-12-05 01:00:00,613428.4
2023-12-05 02:00:00,583909.3
2023-12-05 03:00:00,568847.7
2023-12-05 04:00:00,570889.4
2023-12-05 05:00:00,600258.8
2023-12-05 06:00:00,652741.2
2023-12-05 07:00:00,728865.4
2023-12-05 08:00:00,761010.2
2023-12-05 09:00:00,784040.7
2023-12-05 10:00:00,816082.3
2023-12-05 11:00:00,838005.9
2023-12-05 12:00:00,843707.9
2023-12-05 13:00:00,842433.2
2023-12-05 14:00:00,841904.7
2023-12-05 15:00:00,857805.5
2023-12-05 16:00:00,918067.1
2023-12-05 17:00:00,992910.3
2023-12-05 18:00:00,1004975.4
2023-12-05 19:00:00,995408.2
2023-12-05 20:00:00,967134.3
2023-12-05 21:00:00,919535.0
2023-12-05 22:00:00,840125.3
2023-12-05 23:00:00,746226.7
2023-12-06 00:00:00,670610.9
2023-12-06 01:00:00,620699.5
2023-12-06 02:00:00,590906.4
2023-12-06 03:00:00,579401.2
2023-12-06 04:00:00,583961.1
2023-12-06 05:00:00,613296.3
2023-12-06 06:00:00,667757.4
2023-12-06 07:00:00,748711.0
2023-12-06 08:00:00,772845.6
2023-12-06 09:00:00,792200.5
2023-12-06 10:00:00,813239.2
2023-12-06 11:00:00,830149.8
2023-12-06 12:00:00,836764.2
2023-12-06 13:00:00,823757.9
2023-12-06 14:00:00,820997.8
2023-12-06 15:00:00,846497.7
2023-12-06 16:00:00,925230.5
2023-12-06 17:00:00,1005871.1
2023-12-06 18:00:00,1021387.7
2023-12-06 19:00:00,1014009.2
2023-12-06 20:00:00,992509.8
2023-12-06 21:00:00,942134.6
2023-12-06 22:00:00,854908.2
2023-12-06 23:00:00,765848.3
2023-12-07 00:00:00,684208.3
2023-12-07 01:00:00,636411.7
2023-12-07 02:00:00,610559.5
2023-12-07 03:00:00,597017.0
2023-12-07 04:00:00,600088.6
2023-12-07 05:00:00,629484.8
2023-12-07 06:00:00,676748.4
2023-12-07 07:00:00,751250.5
2023-12-07 08:00:00,778834.6
2023-12-07 09:00:00,795399.6
2023-12-07 10:00:00,818714.3
2023-12-07 11:00:00,835835.1
2023-12-07 12:00:00,842742.5
2023-12-07 13:00:00,849131.3
2023-12-07 14:00:00,843289.7
2023-12-07 15:00:00,860180.1
2023-12-07 16:00:00,917744.3
2023-12-07 17:00:00,975563.6
2023-12-07 18:00:00,979533.5
2023-12-07 19:00:00,967644.8
2023-12-07 20:00:00,944698.2
2023-12-07 21:00:00,895450.5
2023-12-07 22:00:00,817280.5
2023-12-07 23:00:00,730252.4
2023-12-08 00:00:00,652908.1
2023-12-08 01:00:00,599855.3
2023-12-08 02:00:00,569141.7
2023-12-08 03:00:00,555796.8
2023-12-08 04:00:00,559511.5
2023-12-08 05:00:00,584481.9
2023-12-08 06:00:00,630084.5
2023-12-08 07:00:00,695646.2
2023-12-08 08:00:00,747944.6
2023-12-08 09:00:00,790080.0
2023-12-08 10:00:00,820605.5
2023-12-08 11:00:00,829183.8
2023-12-08 12:00:00,829206.5
2023-12-08 13:00:00,814393.1
2023-12-08 14:00:00,821778.4
2023-12-08 15:00:00,842302.1
2023-12-08 16:00:00,888608.0
2023-12-08 17:00:00,947176.2
2023-12-08 18:00:00,943811.9
2023-12-08 19:00:00,926617.3
2023-12-08 20:00:00,902701.0
2023-12-08 21:00:00,862442.5
2023-12-08 22:00:00,798542.7
2023-12-08 23:00:00,725610.9
2023-12-09 00:00:00,652464.3
2023-12-09 01:00:00,597906.4
2023-12-09 02:00:00,560340.1
2023-12-09 03:00:00,538175.4
2023-12-09 04:00:00,529185.2
2023-12-09 05:00:00,537877.8
2023-12-09 06:00:00,563812.7
2023-12-09 07:00:00,609515.9
2023-12-09 08:00:00,680082.7
2023-12-09 09:00:00,748119.3
2023-12-09 10:00:00,802096.8
2023-12-09 11:00:00,841014.0
2023-12-09 12:00:00,869238.4
2023-12-09 13:00:00,871944.9
2023-12-09 14:00:00,858619.7
2023-12-09 15:00:00,853102.6
2023-12-09 16:00:00,882700.0
2023-12-09 17:00:00,935513.6
2023-12-09 18:00:00,926346.1
2023-12-09 19:00:00,891633.2
2023-12-09 20:00:00,855494.1
2023-12-09 21:00:00,816925.2
2023-12-09 22:00:00,759745.1
2023-12-09 23:00:00,693842.9
2023-12-10 00:00:00,625556.1
2023-12-10 01:00:00,568318.1
2023-12-10 02:00:00,532995.2
2023-12-10 03:00:00,510302.9
2023-12-10 04:00:00,504163.5
2023-12-10 05:00:00,513691.3
2023-12-10 06:00:00,538374.3
2023-12-10 07:00:00,582739.3
2023-12-10 08:00:00,652245.0
2023-12-10 09:00:00,720883.6
2023-12-10 10:00:00,784816.7
2023-12-10 11:00:00,841686.2
2023-12-10 12:00:00,876107.7
2023-12-10 13:00:00,886288.0
2023-12-10 14:00:00,887751.3
2023-12-10 15:00:00,900931.4
2023-12-10 16:00:00,942932.8
2023-12-10 17:00:00,1007773.0
2023-12-10 18:00:00,1009606.0
2023-12-10 19:00:00,979820.5
2023-12-10 20:00:00,947852.9
2023-12-10 21:00:00,898707.4
2023-12-10 22:00:00,815076.1
2023-12-10 23:00:00,723548.9
2023-12-11 00:00:00,644758.4
2023-12-11 01:00:00,592554.9
2023-12-11 02:00:00,561726.6
2023-12-11 03:00:00,549165.2
2023-12-11 04:00:00,553706.1
2023-12-11 05:00:00,584810.1
2023-12-11 06:00:00,640504.5
2023-12-11 07:00:00,719628.3
2023-12-11 08:00:00,753291.7
2023-12-11 09:00:00,784564.6
2023-12-11 10:00:00,816519.4
2023-12-11 11:00:00,830715.5
2023-12-11 12:00:00,844811.4
2023-12-11 13:00:00,845524.6
2023-12-11 14:00:00,850461.0
2023-12-11 15:00:00,873664.9
2023-12-11 16:00:00,938708.9
2023-12-11 17:00:00,1016440.2
2023-12-11 18:00:00,1026779.8
2023-12-11 19:00:00,1012557.7
2023-12-11 20:00:00,984428.4
2023-12-11 21:00:00,929753.1
2023-12-11 22:00:00,845491.0
2023-12-11 23:00:00,753038.2
2023-12-12 00:00:00,676134.5
2023-12-12 01:00:00,625914.3
2023-12-12 02:00:00,597564.1
2023-12-12 03:00:00,585044.4
2023-12-12 04:00:00,593089.0
2023-12-12 05:00:00,622860.1
2023-12-12 06:00:00,674479.9
2023-12-12 07:00:00,750369.4
2023-12-12 08:00:00,770563.9
2023-12-12 09:00:00,781601.6
2023-12-12 10:00:00,807280.3
2023-12-12 11:00:00,834018.0
2023-12-12 12:00:00,854469.3
2023-12-12 13:00:00,840709.0
2023-12-12 14:00:00,825821.0
2023-12-12 15:00:00,838442.5
2023-12-12 16:00:00,909715.5
2023-12-12 17:00:00,990642.6
2023-12-12 18:00:00,1005948.0
2023-12-12 19:00:00,997626.4
2023-12-12 20:00:00,974472.1
2023-12-12 21:00:00,925653.7
2023-12-12 22:00:00,844800.2
2023-12-12 23:00:00,751488.9
2023-12-13 00:00:00,678515.2
2023-12-13 01:00:00,626961.8
2023-12-13 02:00:00,598161.3
2023-12-13 03:00:00,587148.3
2023-12-13 04:00:00,593664.4
2023-12-13 05:00:00,623695.0
2023-12-13 06:00:00,675745.3
2023-12-13 07:00:00,751393.5
2023-12-13 08:00:00,780979.9
2023-12-13 09:00:00,786653.3
2023-12-13 10:00:00,807525.0
2023-12-13 11:00:00,828301.4
2023-12-13 12:00:00,841424.1
2023-12-13 13:00:00,836550.3
2023-12-13 14:00:00,842671.0
2023-12-13 15:00:00,865007.8
2023-12-13 16:00:00,927373.1
2023-12-13 17:00:00,1005599.8
2023-12-13 18:00:00,1019434.8
2023-12-13 19:00:00,1011279.6
2023-12-13 20:00:00,989200.8
2023-12-13 21:00:00,940970.5
2023-12-13 22:00:00,860993.6
2023-12-13 23:00:00,774345.5
2023-12-14 00:00:00,697914.7
2023-12-14 01:00:00,645199.2
2023-12-14 02:00:00,614989.6
2023-12-14 03:00:00,601911.9
2023-12-14 04:00:00,607268.1
2023-12-14 05:00:00,635834.8
2023-12-14 06:00:00,687008.9
2023-12-14 07:00:00,763617.1
2023-12-14 08:00:00,792446.4
2023-12-14 09:00:00,795535.2
2023-12-14 10:00:00,820178.3
2023-12-14 11:00:00,847112.0
2023-12-14 12:00:00,857792.6
2023-12-14 13:00:00,848056.0
2023-12-14 14:00:00,837055.9
2023-12-14 15:00:00,846184.8
2023-12-14 16:00:00,900290.3
2023-12-14 17:00:00,979475.5
2023-12-14 18:00:00,987796.3
2023-12-14 19:00:00,981239.6
2023-12-14 20:00:00,961988.3
2023-12-14 21:00:00,917687.8
2023-12-14 22:00:00,842425.8
2023-12-14 23:00:00,752098.4
2023-12-15 00:00:00,673035.0
2023-12-15 01:00:00,618655.3
2023-12-15 02:00:00,585922.6
2023-12-15 03:00:00,569139.4
2023-12-15 04:00:00,570703.3
2023-12-15 05:00:00,597044.8
2023-12-15 06:00:00,645095.8
2023-12-15 07:00:00,718300.4
2023-12-15 08:00:00,750818.7
2023-12-15 09:00:00,762184.0
2023-12-15 10:00:00,779030.4
2023-12-15 11:00:00,789751.1
2023-12-15 12:00:00,789803.1
2023-12-15 13:00:00,771343.4
2023-12-15 14:00:00,760544.6
2023-12-15 15:00:00,769858.8
2023-12-15 16:00:00,833338.6
2023-12-15 17:00:00,913151.6
2023-12-15 18:00:00,922113.4
2023-12-15 19:00:00,908958.6
2023-12-15 20:00:00,885287.9
2023-12-15 21:00:00,848966.0
2023-12-15 22:00:00,792232.8
2023-12-15 23:00:00,719496.0
2023-12-16 00:00:00,649821.2
2023-12-16 01:00:00,596556.4
2023-12-16 02:00:00,559851.3
2023-12-16 03:00:00,536719.6
2023-12-16 04:00:00,530146.0
2023-12-16 05:00:00,540548.6
2023-12-16 06:00:00,567022.1
2023-12-16 07:00:00,618518.5
2023-12-16 08:00:00,690598.2
2023-12-16 09:00:00,760474.2
2023-12-16 10:00:00,820731.2
2023-12-16 11:00:00,865500.1
2023-12-16 12:00:00,895861.5
2023-12-16 13:00:00,902132.7
2023-12-16 14:00:00,890590.1
2023-12-16 15:00:00,891042.2
2023-12-16 16:00:00,922089.6
2023-12-16 17:00:00,979675.7
2023-12-16 18:00:00,974055.5
2023-12-16 19:00:00,941186.5
2023-12-16 20:00:00,908716.2
2023-12-16 21:00:00,867564.9
2023-12-16 22:00:00,806973.2
2023-12-16 23:00:00,738370.6
2023-12-17 00:00:00,669778.3
2023-12-17 01:00:00,611539.9
2023-12-17 02:00:00,572076.5
2023-12-17 03:00:00,548956.6
2023-12-17 04:00:00,538774.4
2023-12-17 05:00:00,546151.4
2023-12-17 06:00:00,565447.9
2023-12-17 07:00:00,605034.1
2023-12-17 08:00:00,672927.0
2023-12-17 09:00:00,751198.4
2023-12-17 10:00:00,819416.4
2023-12-17 11:00:00,874408.5
2023-12-17 12:00:00,904696.5
2023-12-17 13:00:00,904793.2
2023-12-17 14:00:00,904710.5
2023-12-17 15:00:00,920139.6
2023-12-17 16:00:00,960146.0
2023-12-17 17:00:00,1011507.1
2023-12-17 18:00:00,1005207.8
2023-12-17 19:00:00,973535.9
2023-12-17 20:00:00,937789.3
2023-12-17 21:00:00,882211.0
2023-12-17 22:00:00,802628.5
2023-12-17 23:00:00,710042.9
2023-12-18 00:00:00,628640.9
2023-12-18 01:00:00,571873.6
2023-12-18 02:00:00,539386.4
2023-12-18 03:00:00,522333.3
2023-12-18 04:00:00,523985.4
2023-12-18 05:00:00,548707.3
2023-12-18 06:00:00,598874.2
2023-12-18 07:00:00,675122.1
2023-12-18 08:00:00,717868.6
2023-12-18 09:00:00,746135.2
2023-12-18 10:00:00,779163.7
2023-12-18 11:00:00,808823.1
2023-12-18 12:00:00,828482.8
2023-12-18 13:00:00,818744.8
2023-12-18 14:00:00,813610.8
2023-12-18 15:00:00,831897.3
2023-12-18 16:00:00,891721.2
2023-12-18 17:00:00,968486.1
2023-12-18 18:00:00,987193.9
2023-12-18 19:00:00,982342.9
2023-12-18 20:00:00,965724.5
2023-12-18 21:00:00,926842.0
2023-12-18 22:00:00,851593.1
2023-12-18 23:00:00,769584.0
2023-12-19 00:00:00,693659.2
2023-12-19 01:00:00,646208.6
2023-12-19 02:00:00,620595.6
2023-12-19 03:00:00,608630.0
2023-12-19 04:00:00,613037.7
2023-12-19 05:00:00,642018.8
2023-12-19 06:00:00,692311.0
2023-12-19 07:00:00,772192.6
2023-12-19 08:00:00,808519.3
2023-12-19 09:00:00,828051.2
2023-12-19 10:00:00,855035.5
2023-12-19 11:00:00,870491.6
2023-12-19 12:00:00,877559.2
2023-12-19 13:00:00,860962.1
2023-12-19 14:00:00,847948.8
2023-12-19 15:00:00,859890.2000000001
2023-12-19 16:00:00,926798.8
2023-12-19 17:00:00,1019493.6
2023-12-19 18:00:00,1039504.5
2023-12-19 19:00:00,1031243.6
2023-12-19 20:00:00,1009620.0
2023-12-19 21:00:00,968275.2
2023-12-19 22:00:00,888015.7
2023-12-19 23:00:00,795705.4
2023-12-20 00:00:00,717703.4
2023-12-20 01:00:00,663199.7
2023-12-20 02:00:00,629057.8
2023-12-20 03:00:00,611008.2
2023-12-20 04:00:00,611296.2
2023-12-20 05:00:00,633806.5
2023-12-20 06:00:00,677722.3
2023-12-20 07:00:00,751193.4
2023-12-20 08:00:00,791497.1
2023-12-20 09:00:00,819556.8
2023-12-20 10:00:00,841755.3
2023-12-20 11:00:00,862869.0
2023-12-20 12:00:00,864472.8
2023-12-20 13:00:00,846126.7
2023-12-20 14:00:00,828219.3
2023-12-20 15:00:00,848704.9
2023-12-20 16:00:00,911418.9
2023-12-20 17:00:00,986927.8
2023-12-20 18:00:00,996083.4
2023-12-20 19:00:00,986245.8
2023-12-20 20:00:00,966922.5
2023-12-20 21:00:00,922546.7
2023-12-20 22:00:00,845516.8
2023-12-20 23:00:00,758003.8
2023-12-21 00:00:00,679060.3
2023-12-21 01:00:00,624599.8
2023-12-21 02:00:00,592987.4
2023-12-21 03:00:00,579848.0
2023-12-21 04:00:00,584540.5
2023-12-21 05:00:00,611591.2
2023-12-21 06:00:00,661087.6
2023-12-21 07:00:00,739500.9
2023-12-21 08:00:00,783708.5
2023-12-21 09:00:00,807989.3
2023-12-21 10:00:00,832001.5
2023-12-21 11:00:00,855854.3
2023-12-21 12:00:00,869682.1
2023-12-21 13:00:00,871401.5
2023-12-21 14:00:00,873535.8
2023-12-21 15:00:00,890377.5
2023-12-21 16:00:00,950088.4
2023-12-21 17:00:00,1028736.4
2023-12-21 18:00:00,1039067.2
2023-12-21 19:00:00,1034570.6
2023-12-21 20:00:00,1019554.7
2023-12-21 21:00:00,981066.9
2023-12-21 22:00:00,907708.3
2023-12-21 23:00:00,819329.7
2023-12-22 00:00:00,740757.6
2023-12-22 01:00:00,687283.7
2023-12-22 02:00:00,654528.9
2023-12-22 03:00:00,637919.0
2023-12-22 04:00:00,638598.7
2023-12-22 05:00:00,660335.5
2023-12-22 06:00:00,701858.2
2023-12-22 07:00:00,771474.5
2023-12-22 08:00:00,823096.9
2023-12-22 09:00:00,864767.4
2023-12-22 10:00:00,902807.9
2023-12-22 11:00:00,925237.9
2023-12-22 12:00:00,930127.8
2023-12-22 13:00:00,918655.2
2023-12-22 14:00:00,910959.3
2023-12-22 15:00:00,917786.0
2023-12-22 16:00:00,966653.6
2023-12-22 17:00:00,1025237.1
2023-12-22 18:00:00,1024860.5
2023-12-22 19:00:00,1006122.8
2023-12-22 20:00:00,984074.2
2023-12-22 21:00:00,948121.0
2023-12-22 22:00:00,884279.0
2023-12-22 23:00:00,808327.1
2023-12-23 00:00:00,735115.8
2023-12-23 01:00:00,676201.2
2023-12-23 02:00:00,634254.5
2023-12-23 03:00:00,612654.6
2023-12-23 04:00:00,605703.4
2023-12-23 05:00:00,613333.1
2023-12-23 06:00:00,634398.4
2023-12-23 07:00:00,681569.3
2023-12-23 08:00:00,756148.5
2023-12-23 09:00:00,837135.6
2023-12-23 10:00:00,901273.7
2023-12-23 11:00:00,941550.0
2023-12-23 12:00:00,957948.2
2023-12-23 13:00:00,953816.4
2023-12-23 14:00:00,948234.9
2023-12-23 15:00:00,939449.8
2023-12-23 16:00:00,967830.7
2023-12-23 17:00:00,1010798.4
2023-12-23 18:00:00,1001783.8
2023-12-23 19:00:00,972721.3
2023-12-23 20:00:00,940558.9
2023-12-23 21:00:00,900682.1
2023-12-23 22:00:00,838077.1
2023-12-23 23:00:00,768459.6
2023-12-24 00:00:00,693446.1
2023-12-24 01:00:00,633840.8
2023-12-24 02:00:00,592622.9
2023-12-24 03:00:00,567975.1
2023-12-24 04:00:00,559548.6
2023-12-24 05:00:00,566785.1
2023-12-24 06:00:00,589886.1
2023-12-24 07:00:00,632515.2
2023-12-24 08:00:00,702121.4
2023-12-24 09:00:00,777594.8
2023-12-24 10:00:00,837256.2
2023-12-24 11:00:00,883493.4
2023-12-24 12:00:00,909766.5
2023-12-24 13:00:00,916295.0
2023-12-24 14:00:00,912873.6
2023-12-24 15:00:00,920344.2
2023-12-24 16:00:00,949016.9
2023-12-24 17:00:00,983908.2
2023-12-24 18:00:00,958159.9
2023-12-24 19:00:00,911006.2
2023-12-24 20:00:00,868920.5
2023-12-24 21:00:00,834678.3
2023-12-24 22:00:00,791414.8
2023-12-24 23:00:00,733688.4
2023-12-25 00:00:00,671954.8
2023-12-25 01:00:00,620368.1
2023-12-25 02:00:00,582295.6
2023-12-25 03:00:00,559630.1
2023-12-25 04:00:00,551476.5
2023-12-25 05:00:00,558909.1
2023-12-25 06:00:00,577311.0
2023-12-25 07:00:00,609813.7
2023-12-25 08:00:00,672316.0
2023-12-25 09:00:00,741028.8
2023-12-25 10:00:00,800758.7
2023-12-25 11:00:00,841961.3
2023-12-25 12:00:00,862103.7
2023-12-25 13:00:00,860283.6
2023-12-25 14:00:00,848214.1
2023-12-25 15:00:00,842508.8
2023-12-25 16:00:00,860842.2
2023-12-25 17:00:00,891787.1
2023-12-25 18:00:00,865730.3
2023-12-25 19:00:00,832402.2
2023-12-25 20:00:00,810648.4
2023-12-25 21:00:00,788967.8
2023-12-25 22:00:00,751392.2
2023-12-25 23:00:00,698473.2
2023-12-26 00:00:00,640510.8
2023-12-26 01:00:00,593126.3
2023-12-26 02:00:00,558215.1
2023-12-26 03:00:00,539125.0
2023-12-26 04:00:00,533316.2
2023-12-26 05:00:00,542174.1
2023-12-26 06:00:00,559149.7
2023-12-26 07:00:00,583588.7
2023-12-26 08:00:00,631111.5
2023-12-26 09:00:00,682682.4
2023-12-26 10:00:00,731765.1
2023-12-26 11:00:00,771361.8
2023-12-26 12:00:00,793870.8
2023-12-26 13:00:00,797141.6
2023-12-26 14:00:00,795714.8
2023-12-26 15:00:00,803515.2
2023-12-26 16:00:00,830086.0
2023-12-26 17:00:00,888526.1
2023-12-26 18:00:00,889773.8
2023-12-26 19:00:00,871637.5
2023-12-26 20:00:00,850237.5
2023-12-26 21:00:00,814204.0
2023-12-26 22:00:00,757181.3
2023-12-26 23:00:00,688641.3
2023-12-27 00:00:00,622784.8
2023-12-27 01:00:00,570602.7
2023-12-27 02:00:00,537325.7
2023-12-27 03:00:00,517481.0
2023-12-27 04:00:00,513356.2
2023-12-27 05:00:00,529600.8
2023-12-27 06:00:00,555723.2
2023-12-27 07:00:00,589317.1
2023-12-27 08:00:00,646175.7
2023-12-27 09:00:00,711029.5
2023-12-27 10:00:00,767862.1
2023-12-27 11:00:00,803825.9
2023-12-27 12:00:00,828335.2
2023-12-27 13:00:00,824091.5
2023-12-27 14:00:00,818650.4
2023-12-27 15:00:00,826697.9
2023-12-27 16:00:00,859249.2
2023-12-27 17:00:00,907545.8
2023-12-27 18:00:00,906278.2
2023-12-27 19:00:00,889898.8
2023-12-27 20:00:00,864351.7
2023-12-27 21:00:00,823439.2
2023-12-27 22:00:00,762874.0
2023-12-27 23:00:00,691815.0
2023-12-28 00:00:00,625447.4
2023-12-28 01:00:00,572812.3
2023-12-28 02:00:00,538753.3
2023-12-28 03:00:00,518622.5
2023-12-28 04:00:00,514452.5
2023-12-28 05:00:00,530392.0
2023-12-28 06:00:00,556934.0
2023-12-28 07:00:00,591523.3
2023-12-28 08:00:00,646772.5
2023-12-28 09:00:00,705878.3
2023-12-28 10:00:00,756923.1
2023-12-28 11:00:00,793933.0
2023-12-28 12:00:00,812768.8
2023-12-28 13:00:00,812856.9
2023-12-28 14:00:00,808359.5
2023-12-28 15:00:00,808397.1
2023-12-28 16:00:00,844813.7
2023-12-28 17:00:00,902326.2
2023-12-28 18:00:00,904666.2
2023-12-28 19:00:00,888920.4
2023-12-28 20:00:00,865865.3
2023-12-28 21:00:00,829282.4
2023-12-28 22:00:00,769424.5
2023-12-28 23:00:00,699243.9
2023-12-29 00:00:00,631911.8
2023-12-29 01:00:00,577111.3
2023-12-29 02:00:00,538341.0
2023-12-29 03:00:00,519901.0
2023-12-29 04:00:00,515807.5
2023-12-29 05:00:00,529755.6
2023-12-29 06:00:00,556214.3
2023-12-29 07:00:00,591452.1
2023-12-29 08:00:00,646537.2
2023-12-29 09:00:00,705227.0
2023-12-29 10:00:00,755391.0
2023-12-29 11:00:00,794631.4
2023-12-29 12:00:00,816135.2
2023-12-29 13:00:00,814950.4
2023-12-29 14:00:00,815868.8
2023-12-29 15:00:00,825920.9
2023-12-29 16:00:00,864435.4
2023-12-29 17:00:00,918953.7
2023-12-29 18:00:00,921557.5
2023-12-29 19:00:00,909519.0
2023-12-29 20:00:00,887716.4
2023-12-29 21:00:00,850301.5
2023-12-29 22:00:00,796268.6
2023-12-29 23:00:00,729580.4
2023-12-30 00:00:00,668610.1
2023-12-30 01:00:00,617162.9
2023-12-30 02:00:00,583067.7
2023-12-30 03:00:00,562989.9
2023-12-30 04:00:00,556783.2
2023-12-30 05:00:00,566967.1
2023-12-30 06:00:00,589341.5
2023-12-30 07:00:00,626034.0
2023-12-30 08:00:00,687033.1
2023-12-30 09:00:00,760571.1
2023-12-30 10:00:00,826499.7
2023-12-30 11:00:00,878025.5
2023-12-30 12:00:00,906028.5
2023-12-30 13:00:00,909096.6
2023-12-30 14:00:00,903891.1
2023-12-30 15:00:00,907553.9
2023-12-30 16:00:00,935878.3
2023-12-30 17:00:00,993276.3
2023-12-30 18:00:00,995476.9
2023-12-30 19:00:00,967887.1
2023-12-30 20:00:00,939053.2
2023-12-30 21:00:00,904442.5
2023-12-30 22:00:00,848948.1
2023-12-30 23:00:00,781299.1
2023-12-31 00:00:00,712557.0
2023-12-31 01:00:00,655117.7
2023-12-31 02:00:00,614610.4
2023-12-31 03:00:00,589299.9
2023-12-31 04:00:00,579444.0
2023-12-31 05:00:00,583246.3
2023-12-31 06:00:00,599472.8
2023-12-31 07:00:00,629875.5
2023-12-31 08:00:00,683163.6
2023-12-31 09:00:00,751472.9
2023-12-31 10:00:00,816601.8
2023-12-31 11:00:00,871090.7
2023-12-31 12:00:00,912806.3
2023-12-31 13:00:00,931727.0
2023-12-31 14:00:00,942639.2
2023-12-31 15:00:00,956780.1
2023-12-31 16:00:00,993120.7
2023-12-31 17:00:00,1040003.5
2023-12-31 18:00:00,1025298.7
2023-12-31 19:00:00,977171.5
2023-12-31 20:00:00,926350.3
2023-12-31 21:00:00,877186.9
2023-12-31 22:00:00,822415.7
2023-12-31 23:00:00,773625.5
2024-01-01 00:00:00,723372.3
2024-01-01 01:00:00,685622.5
2024-01-01 02:00:00,653781.1
2024-01-01 03:00:00,629137.8
2024-01-01 04:00:00,616500.0
2024-01-01 05:00:00,617296.6
2024-01-01 06:00:00,624678.5
2024-01-01 07:00:00,638346.1
2024-01-01 08:00:00,670811.9
2024-01-01 09:00:00,717801.9
2024-01-01 10:00:00,773897.1
2024-01-01 11:00:00,826341.7000000001
2024-01-01 12:00:00,865664.9
2024-01-01 13:00:00,878717.4
2024-01-01 14:00:00,885797.8
2024-01-01 15:00:00,899440.8
2024-01-01 16:00:00,940597.2
2024-01-01 17:00:00,1004705.0
2024-01-01 18:00:00,1008259.5
2024-01-01 19:00:00,985007.0
2024-01-01 20:00:00,958286.0
2024-01-01 21:00:00,916480.1
2024-01-01 22:00:00,850751.3
2024-01-01 23:00:00,772564.7
2024-01-02 00:00:00,700445.7
2024-01-02 01:00:00,651483.1
2024-01-02 02:00:00,619202.0
2024-01-02 03:00:00,602047.9
2024-01-02 04:00:00,602166.9
2024-01-02 05:00:00,622385.9
2024-01-02 06:00:00,653106.4
2024-01-02 07:00:00,698419.7
2024-01-02 08:00:00,750052.0
2024-01-02 09:00:00,798485.4
2024-01-02 10:00:00,841370.0
2024-01-02 11:00:00,875235.6
2024-01-02 12:00:00,892139.0
2024-01-02 13:00:00,885841.1
2024-01-02 14:00:00,881480.9
2024-01-02 15:00:00,896236.8
2024-01-02 16:00:00,940663.8
2024-01-02 17:00:00,1016547.4
2024-01-02 18:00:00,1026201.9
2024-01-02 19:00:00,1006000.6
2024-01-02 20:00:00,979649.6
2024-01-02 21:00:00,931963.0
2024-01-02 22:00:00,857549.6
2024-01-02 23:00:00,774004.2
2024-01-03 00:00:00,699068.6
2024-01-03 01:00:00,648336.2
2024-01-03 02:00:00,615147.5
2024-01-03 03:00:00,598402.3
2024-01-03 04:00:00,597198.7
2024-01-03 05:00:00,616173.8
2024-01-03 06:00:00,647219.5
2024-01-03 07:00:00,692567.2
2024-01-03 08:00:00,746162.3
2024-01-03 09:00:00,790617.0
2024-01-03 10:00:00,830404.6
2024-01-03 11:00:00,863279.5
2024-01-03 12:00:00,880219.1
2024-01-03 13:00:00,874422.6
2024-01-03 14:00:00,874907.8
2024-01-03 15:00:00,885134.4
2024-01-03 16:00:00,924007.0
2024-01-03 17:00:00,992496.3
2024-01-03 18:00:00,1006716.3
2024-01-03 19:00:00,990086.9
2024-01-03 20:00:00,965299.4
2024-01-03 21:00:00,920375.1
2024-01-03 22:00:00,846486.8
2024-01-03 23:00:00,763552.9
2024-01-04 00:00:00,688072.3
2024-01-04 01:00:00,636198.7
2024-01-04 02:00:00,609424.8
2024-01-04 03:00:00,598736.0
2024-01-04 04:00:00,605385.8
2024-01-04 05:00:00,633830.8
2024-01-04 06:00:00,675830.9
2024-01-04 07:00:00,729120.7
2024-01-04 08:00:00,783957.8
2024-01-04 09:00:00,818760.2
2024-01-04 10:00:00,847049.9
2024-01-04 11:00:00,872145.9
2024-01-04 12:00:00,885885.8
2024-01-04 13:00:00,873133.2
2024-01-04 14:00:00,866054.4
2024-01-04 15:00:00,877518.7
2024-01-04 16:00:00,930575.1
2024-01-04 17:00:00,1029200.8
2024-01-04 18:00:00,1054286.1
2024-01-04 19:00:00,1038803.9
2024-01-04 20:00:00,1012912.3
2024-01-04 21:00:00,968495.6
2024-01-04 22:00:00,894332.4
2024-01-04 23:00:00,808483.0
2024-01-05 00:00:00,730478.1
2024-01-05 01:00:00,677511.6
2024-01-05 02:00:00,643570.2
2024-01-05 03:00:00,627997.2
2024-01-05 04:00:00,626723.9
2024-01-05 05:00:00,647173.1
2024-01-05 06:00:00,679896.0
2024-01-05 07:00:00,726182.2
2024-01-05 08:00:00,784590.4
2024-01-05 09:00:00,840909.3
2024-01-05 10:00:00,888190.9
2024-01-05 11:00:00,920816.4
2024-01-05 12:00:00,941462.7
2024-01-05 13:00:00,936863.5
2024-01-05 14:00:00,930869.9
2024-01-05 15:00:00,937686.8
2024-01-05 16:00:00,969617.8
2024-01-05 17:00:00,1027527.7
2024-01-05 18:00:00,1030489.5
2024-01-05 19:00:00,1009003.7
2024-01-05 20:00:00,982795.7
2024-01-05 21:00:00,940069.5
2024-01-05 22:00:00,877394.5
2024-01-05 23:00:00,802600.9
2024-01-06 00:00:00,732281.3
2024-01-06 01:00:00,672246.4
2024-01-06 02:00:00,635081.0
2024-01-06 03:00:00,611370.9
2024-01-06 04:00:00,605452.9
2024-01-06 05:00:00,612812.2
2024-01-06 06:00:00,633542.0
2024-01-06 07:00:00,672078.5
2024-01-06 08:00:00,735689.0
2024-01-06 09:00:00,811408.5
2024-01-06 10:00:00,882128.5
2024-01-06 11:00:00,939501.1
2024-01-06 12:00:00,967610.5
2024-01-06 13:00:00,966165.9
2024-01-06 14:00:00,959037.4
2024-01-06 15:00:00,970306.8
2024-01-06 16:00:00,1010782.5
2024-01-06 17:00:00,1066242.8
2024-01-06 18:00:00,1065988.7
2024-01-06 19:00:00,1036698.9
2024-01-06 20:00:00,1004374.0
2024-01-06 21:00:00,961828.7
2024-01-06 22:00:00,902727.0
2024-01-06 23:00:00,831943.0
2024-01-07 00:00:00,760475.7
2024-01-07 01:00:00,702408.8
2024-01-07 02:00:00,663045.6
2024-01-07 03:00:00,641487.2
2024-01-07 04:00:00,632104.4
2024-01-07 05:00:00,637764.1
2024-01-07 06:00:00,655592.1
2024-01-07 07:00:00,690045.5
2024-01-07 08:00:00,748260.3
2024-01-07 09:00:00,812886.6
2024-01-07 10:00:00,872057.1
2024-01-07 11:00:00,928699.0
2024-01-07 12:00:00,966732.5
2024-01-07 13:00:00,968647.1
2024-01-07 14:00:00,960541.6
2024-01-07 15:00:00,966204.5
2024-01-07 16:00:00,1003122.7
2024-01-07 17:00:00,1086624.6
2024-01-07 18:00:00,1098811.0
2024-01-07 19:00:00,1067184.8
2024-01-07 20:00:00,1027396.7
2024-01-07 21:00:00,970124.2
2024-01-07 22:00:00,882775.2
2024-01-07 23:00:00,787836.9
2024-01-08 00:00:00,703540.3
2024-01-08 01:00:00,647513.5
2024-01-08 02:00:00,613352.0
2024-01-08 03:00:00,597137.8
2024-01-08 04:00:00,598098.3
2024-01-08 05:00:00,623894.6
2024-01-08 06:00:00,674615.8
2024-01-08 07:00:00,747599.3
2024-01-08 08:00:00,778811.0
2024-01-08 09:00:00,800766.5
2024-01-08 10:00:00,827664.7
2024-01-08 11:00:00,857924.0
2024-01-08 12:00:00,873949.3
2024-01-08 13:00:00,870547.0
2024-01-08 14:00:00,865078.3
2024-01-08 15:00:00,877432.5
2024-01-08 16:00:00,933660.4
2024-01-08 17:00:00,1004144.3
2024-01-08 18:00:00,1015997.5
2024-01-08 19:00:00,998211.9
2024-01-08 20:00:00,968947.3
2024-01-08 21:00:00,916799.9
2024-01-08 22:00:00,833630.1
2024-01-08 23:00:00,744475.4
2024-01-09 00:00:00,667719.6
2024-01-09 01:00:00,619219.7
2024-01-09 02:00:00,593848.1
2024-01-09 03:00:00,583211.7
2024-01-09 04:00:00,589675.7
2024-01-09 05:00:00,616693.9
2024-01-09 06:00:00,669332.9
2024-01-09 07:00:00,745999.5
2024-01-09 08:00:00,781706.1
2024-01-09 09:00:00,815988.9
2024-01-09 10:00:00,859700.0
2024-01-09 11:00:00,896746.6
2024-01-09 12:00:00,921367.1
2024-01-09 13:00:00,917239.0
2024-01-09 14:00:00,911052.5
2024-01-09 15:00:00,922692.1
2024-01-09 16:00:00,977065.5
2024-01-09 17:00:00,1043098.8
2024-01-09 18:00:00,1047774.8
2024-01-09 19:00:00,1024300.8
2024-01-09 20:00:00,984567.4
2024-01-09 21:00:00,922572.0
2024-01-09 22:00:00,835357.0
2024-01-09 23:00:00,741198.4
2024-01-10 00:00:00,661309.2
2024-01-10 01:00:00,611222.8
2024-01-10 02:00:00,580664.6
2024-01-10 03:00:00,568677.8
2024-01-10 04:00:00,573303.5
2024-01-10 05:00:00,602289.8
2024-01-10 06:00:00,655126.0
2024-01-10 07:00:00,731019.4
2024-01-10 08:00:00,766965.8
2024-01-10 09:00:00,788319.1
2024-01-10 10:00:00,819852.1
2024-01-10 11:00:00,849410.0
2024-01-10 12:00:00,869855.8
2024-01-10 13:00:00,870097.5
2024-01-10 14:00:00,870229.3
2024-01-10 15:00:00,883622.7
2024-01-10 16:00:00,934976.5
2024-01-10 17:00:00,1015621.6
2024-01-10 18:00:00,1033930.2
2024-01-10 19:00:00,1021221.3
2024-01-10 20:00:00,993287.2
2024-01-10 21:00:00,943161.8
2024-01-10 22:00:00,858503.5
2024-01-10 23:00:00,767705.3
2024-01-11 00:00:00,692943.0
2024-01-11 01:00:00,640322.8
2024-01-11 02:00:00,609482.7
2024-01-11 03:00:00,594270.9
2024-01-11 04:00:00,596474.3
2024-01-11 05:00:00,619982.5
2024-01-11 06:00:00,671134.6
2024-01-11 07:00:00,747095.3
2024-01-11 08:00:00,785954.5
2024-01-11 09:00:00,812196.4
2024-01-11 10:00:00,841871.7
2024-01-11 11:00:00,866403.9
2024-01-11 12:00:00,877107.8
2024-01-11 13:00:00,866280.3
2024-01-11 14:00:00,856629.1
2024-01-11 15:00:00,865260.4
2024-01-11 16:00:00,908524.3
2024-01-11 17:00:00,981502.4
2024-01-11 18:00:00,1001926.4
2024-01-11 19:00:00,992595.7
2024-01-11 20:00:00,970104.1
2024-01-11 21:00:00,924410.1
2024-01-11 22:00:00,844801.8
2024-01-11 23:00:00,758636.3
2024-01-12 00:00:00,684351.1
2024-01-12 01:00:00,633521.7
2024-01-12 02:00:00,603685.9
2024-01-12 03:00:00,590963.8
2024-01-12 04:00:00,593785.1
2024-01-12 05:00:00,620637.5
2024-01-12 06:00:00,668095.3
2024-01-12 07:00:00,747204.0
2024-01-12 08:00:00,789265.1
2024-01-12 09:00:00,820371.6
2024-01-12 10:00:00,856221.0
2024-01-12 11:00:00,888672.6
2024-01-12 12:00:00,905790.7
2024-01-12 13:00:00,903764.4
2024-01-12 14:00:00,905361.8
2024-01-12 15:00:00,920011.2
2024-01-12 16:00:00,969219.9
2024-01-12 17:00:00,1029703.6
2024-01-12 18:00:00,1040547.4
2024-01-12 19:00:00,1030959.1
2024-01-12 20:00:00,1008600.1
2024-01-12 21:00:00,964200.5
2024-01-12 22:00:00,894599.9
2024-01-12 23:00:00,812908.2
2024-01-13 00:00:00,734021.9
2024-01-13 01:00:00,671112.3
2024-01-13 02:00:00,626565.9
2024-01-13 03:00:00,601403.3
2024-01-13 04:00:00,590051.2
2024-01-13 05:00:00,596706.2
2024-01-13 06:00:00,623549.4
2024-01-13 07:00:00,670327.6
2024-01-13 08:00:00,740298.2
2024-01-13 09:00:00,819683.2
2024-01-13 10:00:00,891230.1
2024-01-13 11:00:00,953990.8
2024-01-13 12:00:00,998558.1
2024-01-13 13:00:00,1008194.7
2024-01-13 14:00:00,1003777.7
2024-01-13 15:00:00,1001988.7
2024-01-13 16:00:00,1024841.6
2024-01-13 17:00:00,1083416.0
2024-01-13 18:00:00,1091165.0
2024-01-13 19:00:00,1063054.2
2024-01-13 20:00:00,1023785.7
2024-01-13 21:00:00,975645.1
2024-01-13 22:00:00,913401.4
2024-01-13 23:00:00,846308.1
2024-01-14 00:00:00,777954.7
2024-01-14 01:00:00,722410.8
2024-01-14 02:00:00,683325.5
2024-01-14 03:00:00,658189.2
2024-01-14 04:00:00,651213.8
2024-01-14 05:00:00,660119.9
2024-01-14 06:00:00,681850.6
2024-01-14 07:00:00,724082.7
2024-01-14 08:00:00,790073.1
2024-01-14 09:00:00,860083.6
2024-01-14 10:00:00,922109.7
2024-01-14 11:00:00,975671.2
2024-01-14 12:00:00,1009065.3
2024-01-14 13:00:00,1016634.6
2024-01-14 14:00:00,1009161.2
2024-01-14 15:00:00,1011322.7
2024-01-14 16:00:00,1055191.0
2024-01-14 17:00:00,1162200.1
2024-01-14 18:00:00,1189872.5
2024-01-14 19:00:00,1162666.6
2024-01-14 20:00:00,1129922.1
2024-01-14 21:00:00,1075893.9
2024-01-14 22:00:00,991304.8
2024-01-14 23:00:00,895714.2
2024-01-15 00:00:00,812505.3
2024-01-15 01:00:00,759747.9
2024-01-15 02:00:00,728964.1
2024-01-15 03:00:00,716729.3
2024-01-15 04:00:00,720669.7
2024-01-15 05:00:00,750024.9
2024-01-15 06:00:00,802338.8
2024-01-15 07:00:00,884276.8
2024-01-15 08:00:00,911583.4
2024-01-15 09:00:00,922728.2
2024-01-15 10:00:00,942778.7
2024-01-15 11:00:00,965007.0
2024-01-15 12:00:00,972724.4
2024-01-15 13:00:00,959000.7
2024-01-15 14:00:00,947014.8
2024-01-15 15:00:00,961865.7
2024-01-15 16:00:00,1027197.9
2024-01-15 17:00:00,1128310.6
2024-01-15 18:00:00,1162297.0
2024-01-15 19:00:00,1147529.4
2024-01-15 20:00:00,1120192.0
2024-01-15 21:00:00,1064338.9
2024-01-15 22:00:00,978936.1
2024-01-15 23:00:00,882874.9
2024-01-16 00:00:00,806974.0
2024-01-16 01:00:00,752525.5
2024-01-16 02:00:00,723069.6
2024-01-16 03:00:00,709241.5
2024-01-16 04:00:00,710364.4
2024-01-16 05:00:00,736348.0
2024-01-16 06:00:00,790815.7
2024-01-16 07:00:00,874283.2
2024-01-16 08:00:00,905509.2
2024-01-16 09:00:00,923815.8
2024-01-16 10:00:00,951714.8
2024-01-16 11:00:00,971624.8
2024-01-16 12:00:00,979463.9
2024-01-16 13:00:00,968515.4
2024-01-16 14:00:00,957534.4
2024-01-16 15:00:00,967385.3
2024-01-16 16:00:00,1027015.4
2024-01-16 17:00:00,1120004.4
2024-01-16 18:00:00,1154424.6
2024-01-16 19:00:00,1146739.8
2024-01-16 20:00:00,1122508.8
2024-01-16 21:00:00,1073797.1
2024-01-16 22:00:00,988527.1
2024-01-16 23:00:00,898023.2
2024-01-17 00:00:00,822887.1
2024-01-17 01:00:00,773507.1
2024-01-17 02:00:00,744327.7
2024-01-17 03:00:00,736693.1
2024-01-17 04:00:00,744115.1
2024-01-17 05:00:00,773835.4
2024-01-17 06:00:00,830797.6
2024-01-17 07:00:00,913004.1
2024-01-17 08:00:00,942215.1
2024-01-17 09:00:00,948495.1
2024-01-17 10:00:00,973647.7
2024-01-17 11:00:00,995432.0
2024-01-17 12:00:00,1000229.6
2024-01-17 13:00:00,1000015.4
2024-01-17 14:00:00,992429.6
2024-01-17 15:00:00,1000633.2
2024-01-17 16:00:00,1059438.7
2024-01-17 17:00:00,1145261.3
2024-01-17 18:00:00,1178798.5
2024-01-17 19:00:00,1172145.3
2024-01-17 20:00:00,1145547.9
2024-01-17 21:00:00,1086952.2
2024-01-17 22:00:00,1002707.1
2024-01-17 23:00:00,905598.9
2024-01-18 00:00:00,823925.2
2024-01-18 01:00:00,772586.2
2024-01-18 02:00:00,743193.1
2024-01-18 03:00:00,726845.7
2024-01-18 04:00:00,726596.3
2024-01-18 05:00:00,752376.6
2024-01-18 06:00:00,800519.5
2024-01-18 07:00:00,877994.8
2024-01-18 08:00:00,907626.2
2024-01-18 09:00:00,930263.5
2024-01-18 10:00:00,958602.8
2024-01-18 11:00:00,977179.5
2024-01-18 12:00:00,983219.5
2024-01-18 13:00:00,970643.5
2024-01-18 14:00:00,940789.0
2024-01-18 15:00:00,941074.6
2024-01-18 16:00:00,995358.2
2024-01-18 17:00:00,1078076.9
2024-01-18 18:00:00,1107117.0
2024-01-18 19:00:00,1099022.5
2024-01-18 20:00:00,1076357.9
2024-01-18 21:00:00,1028395.7
2024-01-18 22:00:00,946898.3
2024-01-18 23:00:00,860409.0
2024-01-19 00:00:00,783802.9
2024-01-19 01:00:00,733126.7
2024-01-19 02:00:00,704994.5
2024-01-19 03:00:00,693592.3
2024-01-19 04:00:00,698721.1
2024-01-19 05:00:00,723647.9
2024-01-19 06:00:00,767198.1
2024-01-19 07:00:00,835669.0
2024-01-19 08:00:00,892399.0
2024-01-19 09:00:00,936411.8
2024-01-19 10:00:00,972527.9
2024-01-19 11:00:00,1001671.7
2024-01-19 12:00:00,1013505.5
2024-01-19 13:00:00,1005387.5
2024-01-19 14:00:00,998987.9
2024-01-19 15:00:00,1003682.6
2024-01-19 16:00:00,1039500.0
2024-01-19 17:00:00,1117701.5
2024-01-19 18:00:00,1138718.5
2024-01-19 19:00:00,1129340.5
2024-01-19 20:00:00,1109477.6
2024-01-19 21:00:00,1071752.6
2024-01-19 22:00:00,1009123.7
2024-01-19 23:00:00,938128.3
2024-01-20 00:00:00,870941.3
2024-01-20 01:00:00,819576.2
2024-01-20 02:00:00,782980.6
2024-01-20 03:00:00,764070.7
2024-01-20 04:00:00,758723.7
2024-01-20 05:00:00,767936.6
2024-01-20 06:00:00,792339.2
2024-01-20 07:00:00,843689.5
2024-01-20 08:00:00,916538.3
2024-01-20 09:00:00,994623.2
2024-01-20 10:00:00,1057381.9
2024-01-20 11:00:00,1101088.4
2024-01-20 12:00:00,1125749.5
2024-01-20 13:00:00,1121906.6
2024-01-20 14:00:00,1109778.7
2024-01-20 15:00:00,1106978.9
2024-01-20 16:00:00,1125603.5
2024-01-20 17:00:00,1184203.6
2024-01-20 18:00:00,1194618.4
2024-01-20 19:00:00,1161611.7
2024-01-20 20:00:00,1122050.7
2024-01-20 21:00:00,1075032.9
2024-01-20 22:00:00,1007920.1
2024-01-20 23:00:00,936876.9
2024-01-21 00:00:00,867698.1
2024-01-21 01:00:00,813499.0
2024-01-21 02:00:00,775306.8
2024-01-21 03:00:00,754004.1
2024-01-21 04:00:00,744250.7
2024-01-21 05:00:00,748692.2
2024-01-21 06:00:00,765151.0
2024-01-21 07:00:00,802948.0
2024-01-21 08:00:00,861713.2
2024-01-21 09:00:00,912892.5
2024-01-21 10:00:00,964995.9
2024-01-21 11:00:00,1005567.6
2024-01-21 12:00:00,1032445.5
2024-01-21 13:00:00,1030658.2
2024-01-21 14:00:00,1028640.3
2024-01-21 15:00:00,1046872.9
2024-01-21 16:00:00,1080124.8
2024-01-21 17:00:00,1152098.1
2024-01-21 18:00:00,1177886.3
2024-01-21 19:00:00,1150337.7
2024-01-21 20:00:00,1119093.1
2024-01-21 21:00:00,1064070.9
2024-01-21 22:00:00,976638.5
2024-01-21 23:00:00,879027.9
2024-01-22 00:00:00,798474.9
2024-01-22 01:00:00,742468.8
2024-01-22 02:00:00,711439.6
2024-01-22 03:00:00,696815.8
2024-01-22 04:00:00,696101.1
2024-01-22 05:00:00,719857.7
2024-01-22 06:00:00,769428.2
2024-01-22 07:00:00,846418.8
2024-01-22 08:00:00,872170.5
2024-01-22 09:00:00,896895.1
2024-01-22 10:00:00,931150.9
2024-01-22 11:00:00,954730.0
2024-01-22 12:00:00,973283.4
2024-01-22 13:00:00,980482.5
2024-01-22 14:00:00,975223.0
2024-01-22 15:00:00,980443.8
2024-01-22 16:00:00,1014778.2
2024-01-22 17:00:00,1089040.6
2024-01-22 18:00:00,1117505.3
2024-01-22 19:00:00,1100418.9
2024-01-22 20:00:00,1063791.9
2024-01-22 21:00:00,1004351.7
2024-01-22 22:00:00,914889.2
2024-01-22 23:00:00,821105.0
2024-01-23 00:00:00,743065.1
2024-01-23 01:00:00,692044.2
2024-01-23 02:00:00,660982.7
2024-01-23 03:00:00,646956.2
2024-01-23 04:00:00,648635.8
2024-01-23 05:00:00,673150.6
2024-01-23 06:00:00,721782.8
2024-01-23 07:00:00,797418.2
2024-01-23 08:00:00,822166.6
2024-01-23 09:00:00,839961.3
2024-01-23 10:00:00,870068.3
2024-01-23 11:00:00,903235.8
2024-01-23 12:00:00,919896.6
2024-01-23 13:00:00,911967.1
2024-01-23 14:00:00,908375.8
2024-01-23 15:00:00,922587.9
2024-01-23 16:00:00,970438.5
2024-01-23 17:00:00,1043175.3
2024-01-23 18:00:00,1068042.2
2024-01-23 19:00:00,1054731.3
2024-01-23 20:00:00,1024933.8
2024-01-23 21:00:00,970212.6
2024-01-23 22:00:00,885952.7
2024-01-23 23:00:00,794542.2
2024-01-24 00:00:00,715128.4
2024-01-24 01:00:00,665180.0
2024-01-24 02:00:00,638196.4
2024-01-24 03:00:00,623070.1
2024-01-24 04:00:00,624542.3
2024-01-24 05:00:00,651791.4
2024-01-24 06:00:00,703606.4
2024-01-24 07:00:00,778541.1
2024-01-24 08:00:00,807592.2
2024-01-24 09:00:00,833649.6
2024-01-24 10:00:00,866273.6
2024-01-24 11:00:00,894518.1
2024-01-24 12:00:00,911474.1
2024-01-24 13:00:00,905180.7
2024-01-24 14:00:00,899198.0
2024-01-24 15:00:00,910571.1
2024-01-24 16:00:00,953959.7
2024-01-24 17:00:00,1021341.9
2024-01-24 18:00:00,1041849.2
2024-01-24 19:00:00,1030968.5
2024-01-24 20:00:00,1004081.5
2024-01-24 21:00:00,951442.0
2024-01-24 22:00:00,864475.4
2024-01-24 23:00:00,773963.2
2024-01-25 00:00:00,699598.2
2024-01-25 01:00:00,646139.3
2024-01-25 02:00:00,614656.3
2024-01-25 03:00:00,599803.9
2024-01-25 04:00:00,601822.0
2024-01-25 05:00:00,627652.4
2024-01-25 06:00:00,676987.9
2024-01-25 07:00:00,749581.6
2024-01-25 08:00:00,782611.8
2024-01-25 09:00:00,802139.4
2024-01-25 10:00:00,829000.0
2024-01-25 11:00:00,853330.7
2024-01-25 12:00:00,868165.1
2024-01-25 13:00:00,861958.1
2024-01-25 14:00:00,853933.0
2024-01-25 15:00:00,866882.7
2024-01-25 16:00:00,908875.9
2024-01-25 17:00:00,976675.3
2024-01-25 18:00:00,1000830.7
2024-01-25 19:00:00,991777.7
2024-01-25 20:00:00,968456.6
2024-01-25 21:00:00,920195.6
2024-01-25 22:00:00,845652.4
2024-01-25 23:00:00,762934.2
2024-01-26 00:00:00,693627.7
2024-01-26 01:00:00,641237.3
2024-01-26 02:00:00,610666.7
2024-01-26 03:00:00,595551.5
2024-01-26 04:00:00,596608.9
2024-01-26 05:00:00,622707.8
2024-01-26 06:00:00,667828.6
2024-01-26 07:00:00,736231.4
2024-01-26 08:00:00,779392.7
2024-01-26 09:00:00,821001.9
2024-01-26 10:00:00,854579.9
2024-01-26 11:00:00,864479.1
2024-01-26 12:00:00,857598.6
2024-01-26 13:00:00,853596.3
2024-01-26 14:00:00,841381.2
2024-01-26 15:00:00,864036.6
2024-01-26 16:00:00,913516.9
2024-01-26 17:00:00,957928.4
2024-01-26 18:00:00,970284.6
2024-01-26 19:00:00,955778.2
2024-01-26 20:00:00,935999.2
2024-01-26 21:00:00,895534.4
2024-01-26 22:00:00,834477.7
2024-01-26 23:00:00,763138.7
2024-01-27 00:00:00,695747.3
2024-01-27 01:00:00,643418.4
2024-01-27 02:00:00,607338.0
2024-01-27 03:00:00,586522.6
2024-01-27 04:00:00,580512.1
2024-01-27 05:00:00,591825.1
2024-01-27 06:00:00,616374.2
2024-01-27 07:00:00,662935.3
2024-01-27 08:00:00,733887.7
2024-01-27 09:00:00,805002.2
2024-01-27 10:00:00,864713.3
2024-01-27 11:00:00,911316.2
2024-01-27 12:00:00,935785.4
2024-01-27 13:00:00,935960.9
2024-01-27 14:00:00,929567.0
2024-01-27 15:00:00,930288.7
2024-01-27 16:00:00,944404.3
2024-01-27 17:00:00,995346.7
2024-01-27 18:00:00,1004211.6
2024-01-27 19:00:00,975474.7
2024-01-27 20:00:00,941680.3
2024-01-27 21:00:00,900036.8
2024-01-27 22:00:00,840187.5
2024-01-27 23:00:00,774136.1
2024-01-28 00:00:00,710478.0
2024-01-28 01:00:00,656247.0
2024-01-28 02:00:00,618408.9
2024-01-28 03:00:00,595798.0
2024-01-28 04:00:00,588254.8
2024-01-28 05:00:00,595400.7
2024-01-28 06:00:00,614298.3
2024-01-28 07:00:00,654330.8
2024-01-28 08:00:00,719523.3
2024-01-28 09:00:00,792611.4
2024-01-28 10:00:00,860040.0
2024-01-28 11:00:00,916473.5
2024-01-28 12:00:00,948328.0
2024-01-28 13:00:00,950737.2
2024-01-28 14:00:00,944986.4
2024-01-28 15:00:00,949750.6
2024-01-28 16:00:00,969143.3
2024-01-28 17:00:00,1038256.4
2024-01-28 18:00:00,1062038.0
2024-01-28 19:00:00,1032124.0
2024-01-28 20:00:00,994339.3
2024-01-28 21:00:00,937835.6
2024-01-28 22:00:00,855242.0
2024-01-28 23:00:00,763110.3
2024-01-29 00:00:00,685800.0
2024-01-29 01:00:00,633959.3
2024-01-29 02:00:00,604509.8
2024-01-29 03:00:00,592367.6
2024-01-29 04:00:00,596299.8
2024-01-29 05:00:00,625143.3
2024-01-29 06:00:00,675653.1
2024-01-29 07:00:00,750216.4
2024-01-29 08:00:00,781448.9
2024-01-29 09:00:00,807991.0
2024-01-29 10:00:00,833584.1
2024-01-29 11:00:00,852777.1
2024-01-29 12:00:00,852992.0
2024-01-29 13:00:00,827637.3
2024-01-29 14:00:00,808328.6
2024-01-29 15:00:00,811360.6
2024-01-29 16:00:00,852235.9
2024-01-29 17:00:00,942291.8
2024-01-29 18:00:00,999483.2
2024-01-29 19:00:00,991719.2
2024-01-29 20:00:00,965467.1
2024-01-29 21:00:00,917494.3
2024-01-29 22:00:00,841416.2
2024-01-29 23:00:00,755476.0
2024-01-30 00:00:00,679376.3
2024-01-30 01:00:00,627640.7
2024-01-30 02:00:00,601978.8
2024-01-30 03:00:00,590861.2
2024-01-30 04:00:00,594519.2
2024-01-30 05:00:00,623294.0
2024-01-30 06:00:00,674484.8
2024-01-30 07:00:00,747490.3
2024-01-30 08:00:00,781544.0
2024-01-30 09:00:00,809067.3
2024-01-30 10:00:00,839865.8
2024-01-30 11:00:00,863439.2
2024-01-30 12:00:00,876968.4
2024-01-30 13:00:00,869612.2
2024-01-30 14:00:00,861951.7
2024-01-30 15:00:00,871430.5
2024-01-30 16:00:00,916036.4
2024-01-30 17:00:00,983444.7
2024-01-30 18:00:00,1008174.5
2024-01-30 19:00:00,996655.9
2024-01-30 20:00:00,969161.1
2024-01-30 21:00:00,916755.8
2024-01-30 22:00:00,835198.0
2024-01-30 23:00:00,747367.2
2024-01-31 00:00:00,674612.1
2024-01-31 01:00:00,622525.9
2024-01-31 02:00:00,594006.0
2024-01-31 03:00:00,580512.4
2024-01-31 04:00:00,583520.8
2024-01-31 05:00:00,610699.9
2024-01-31 06:00:00,660220.6
2024-01-31 07:00:00,733976.6
2024-01-31 08:00:00,760814.0
2024-01-31 09:00:00,780065.0
2024-01-31 10:00:00,802069.3
2024-01-31 11:00:00,819057.1
2024-01-31 12:00:00,824865.8
2024-01-31 13:00:00,822431.5
2024-01-31 14:00:00,819092.3
2024-01-31 15:00:00,830140.1
2024-01-31 16:00:00,878844.5
2024-01-31 17:00:00,950130.5
2024-01-31 18:00:00,979931.6
2024-01-31 19:00:00,973010.4
2024-01-31 20:00:00,951588.8
2024-01-31 21:00:00,905912.5
2024-01-31 22:00:00,830555.4
2024-01-31 23:00:00,745460.6
2024-02-01 00:00:00,670790.3
2024-02-01 01:00:00,620110.1
2024-02-01 02:00:00,591108.3
2024-02-01 03:00:00,577529.1
2024-02-01 04:00:00,580135.5
2024-02-01 05:00:00,607378.1
2024-02-01 06:00:00,655467.2
2024-02-01 07:00:00,725339.4
2024-02-01 08:00:00,759378.0
2024-02-01 09:00:00,790383.8
2024-02-01 10:00:00,821853.8
2024-02-01 11:00:00,848983.1
2024-02-01 12:00:00,863635.7
2024-02-01 13:00:00,854835.4
2024-02-01 14:00:00,844848.0
2024-02-01 15:00:00,849818.0
2024-02-01 16:00:00,882220.0
2024-02-01 17:00:00,943649.2
2024-02-01 18:00:00,969017.6
2024-02-01 19:00:00,958734.5
2024-02-01 20:00:00,926395.1
2024-02-01 21:00:00,882300.1
2024-02-01 22:00:00,818962.2
2024-02-01 23:00:00,735027.2
2024-02-02 00:00:00,661577.9
2024-02-02 01:00:00,610568.7
2024-02-02 02:00:00,582175.1
2024-02-02 03:00:00,569980.7
2024-02-02 04:00:00,574872.1
2024-02-02 05:00:00,604990.8
2024-02-02 06:00:00,658528.6
2024-02-02 07:00:00,735758.3
2024-02-02 08:00:00,767595.1
2024-02-02 09:00:00,783744.8
2024-02-02 10:00:00,803054.3
2024-02-02 11:00:00,819660.9
2024-02-02 12:00:00,825898.5
2024-02-02 13:00:00,806920.3
2024-02-02 14:00:00,793710.4
2024-02-02 15:00:00,804148.8
2024-02-02 16:00:00,841236.2
2024-02-02 17:00:00,914278.1
2024-02-02 18:00:00,964631.2
2024-02-02 19:00:00,959518.3
2024-02-02 20:00:00,941857.5
2024-02-02 21:00:00,907097.2
2024-02-02 22:00:00,849039.8
2024-02-02 23:00:00,777319.1
2024-02-03 00:00:00,712877.5
2024-02-03 01:00:00,661031.8
2024-02-03 02:00:00,628820.6
2024-02-03 03:00:00,612211.8
2024-02-03 04:00:00,607060.1
2024-02-03 05:00:00,618936.0
2024-02-03 06:00:00,647315.9
2024-02-03 07:00:00,699470.4
2024-02-03 08:00:00,762319.3
2024-02-03 09:00:00,812171.6
2024-02-03 10:00:00,858021.5
2024-02-03 11:00:00,892659.9
2024-02-03 12:00:00,901750.1
2024-02-03 13:00:00,887363.8
2024-02-03 14:00:00,870735.3
2024-02-03 15:00:00,863950.8
2024-02-03 16:00:00,885347.0
2024-02-03 17:00:00,953022.4
2024-02-03 18:00:00,996399.9
2024-02-03 19:00:00,974249.5
2024-02-03 20:00:00,944387.6
2024-02-03 21:00:00,904175.5
2024-02-03 22:00:00,847212.9
2024-02-03 23:00:00,780999.1
2024-02-04 00:00:00,717030.7
2024-02-04 01:00:00,664110.9
2024-02-04 02:00:00,630936.7
2024-02-04 03:00:00,611466.4
2024-02-04 04:00:00,606819.5
2024-02-04 05:00:00,617368.1
2024-02-04 06:00:00,640286.5
2024-02-04 07:00:00,681241.5
2024-02-04 08:00:00,744785.3
2024-02-04 09:00:00,808592.8
2024-02-04 10:00:00,858685.0
2024-02-04 11:00:00,894677.7
2024-02-04 12:00:00,904651.0
2024-02-04 13:00:00,890050.5
2024-02-04 14:00:00,874245.1
2024-02-04 15:00:00,874061.7
2024-02-04 16:00:00,904467.3
2024-02-04 17:00:00,986652.0
2024-02-04 18:00:00,1043510.7
2024-02-04 19:00:00,1023147.7
2024-02-04 20:00:00,989111.4
2024-02-04 21:00:00,935416.5
2024-02-04 22:00:00,856618.9
2024-02-04 23:00:00,766106.1
2024-02-05 00:00:00,684271.0
2024-02-05 01:00:00,632034.2
2024-02-05 02:00:00,603964.3
2024-02-05 03:00:00,592393.6
2024-02-05 04:00:00,596761.6
2024-02-05 05:00:00,622936.8
2024-02-05 06:00:00,672448.9
2024-02-05 07:00:00,747910.9
2024-02-05 08:00:00,780605.5
2024-02-05 09:00:00,807349.2
2024-02-05 10:00:00,837169.4
2024-02-05 11:00:00,859597.4
2024-02-05 12:00:00,873457.6
2024-02-05 13:00:00,858457.9
2024-02-05 14:00:00,831524.8
2024-02-05 15:00:00,823483.0
2024-02-05 16:00:00,860354.3
2024-02-05 17:00:00,940392.4
2024-02-05 18:00:00,1003854.1
2024-02-05 19:00:00,999542.9
2024-02-05 20:00:00,974855.7
2024-02-05 21:00:00,924156.7
2024-02-05 22:00:00,842837.9
2024-02-05 23:00:00,754974.2
2024-02-06 00:00:00,684319.0
2024-02-06 01:00:00,639642.0
2024-02-06 02:00:00,613190.9
2024-02-06 03:00:00,603247.7
2024-02-06 04:00:00,609700.8
2024-02-06 05:00:00,639859.0
2024-02-06 06:00:00,696140.9
2024-02-06 07:00:00,775314.0
2024-02-06 08:00:00,783930.3
2024-02-06 09:00:00,783834.1
2024-02-06 10:00:00,797365.3
2024-02-06 11:00:00,811095.9
2024-02-06 12:00:00,813539.7
2024-02-06 13:00:00,795661.2
2024-02-06 14:00:00,782609.4
2024-02-06 15:00:00,791492.1
2024-02-06 16:00:00,836653.4
2024-02-06 17:00:00,917312.3
2024-02-06 18:00:00,981484.8
2024-02-06 19:00:00,982871.7000000001
2024-02-06 20:00:00,962951.7
2024-02-06 21:00:00,914834.0
2024-02-06 22:00:00,838848.6
2024-02-06 23:00:00,752746.7
2024-02-07 00:00:00,683331.8
2024-02-07 01:00:00,635207.2
2024-02-07 02:00:00,608063.1
2024-02-07 03:00:00,594083.1
2024-02-07 04:00:00,598254.3
2024-02-07 05:00:00,628902.5
2024-02-07 06:00:00,680441.0
2024-02-07 07:00:00,756418.3
2024-02-07 08:00:00,779511.9
2024-02-07 09:00:00,795462.8
2024-02-07 10:00:00,805351.3
2024-02-07 11:00:00,816641.3
2024-02-07 12:00:00,825737.9
2024-02-07 13:00:00,810556.4
2024-02-07 14:00:00,796679.2
2024-02-07 15:00:00,795759.4
2024-02-07 16:00:00,843153.7
2024-02-07 17:00:00,925792.9
2024-02-07 18:00:00,975855.4
2024-02-07 19:00:00,974083.0
2024-02-07 20:00:00,952535.6
2024-02-07 21:00:00,903264.0
2024-02-07 22:00:00,824935.3
2024-02-07 23:00:00,739410.4
2024-02-08 00:00:00,662259.4
2024-02-08 01:00:00,616966.4
2024-02-08 02:00:00,588434.9
2024-02-08 03:00:00,576857.7
2024-02-08 04:00:00,581884.9
2024-02-08 05:00:00,610056.2
2024-02-08 06:00:00,661580.5
2024-02-08 07:00:00,735589.0
2024-02-08 08:00:00,758415.8
2024-02-08 09:00:00,781826.7
2024-02-08 10:00:00,804237.6
2024-02-08 11:00:00,821503.4
2024-02-08 12:00:00,826706.5
2024-02-08 13:00:00,808229.7
2024-02-08 14:00:00,785200.2
2024-02-08 15:00:00,798468.2
2024-02-08 16:00:00,840546.0
2024-02-08 17:00:00,908734.9
2024-02-08 18:00:00,960413.4
2024-02-08 19:00:00,950368.5
2024-02-08 20:00:00,930345.2
2024-02-08 21:00:00,884239.1
2024-02-08 22:00:00,809564.0
2024-02-08 23:00:00,724927.2
2024-02-09 00:00:00,650947.1
2024-02-09 01:00:00,598476.1
2024-02-09 02:00:00,570217.0
2024-02-09 03:00:00,552013.7
2024-02-09 04:00:00,553146.8
2024-02-09 05:00:00,579489.8
2024-02-09 06:00:00,628277.1
2024-02-09 07:00:00,699786.2
2024-02-09 08:00:00,731336.9
2024-02-09 09:00:00,755691.2
2024-02-09 10:00:00,760567.5
2024-02-09 11:00:00,774608.3
2024-02-09 12:00:00,775093.7
2024-02-09 13:00:00,755735.1
2024-02-09 14:00:00,740475.9
2024-02-09 15:00:00,742284.9
2024-02-09 16:00:00,793872.7
2024-02-09 17:00:00,848477.1
2024-02-09 18:00:00,875830.6
2024-02-09 19:00:00,863982.3
2024-02-09 20:00:00,844517.2
2024-02-09 21:00:00,807133.6
2024-02-09 22:00:00,751533.1
2024-02-09 23:00:00,683363.4
2024-02-10 00:00:00,618561.9
2024-02-10 01:00:00,565208.1
2024-02-10 02:00:00,530034.6
2024-02-10 03:00:00,510282.5
2024-02-10 04:00:00,503794.0
2024-02-10 05:00:00,514774.4
2024-02-10 06:00:00,543089.2
2024-02-10 07:00:00,595119.9
2024-02-10 08:00:00,659477.2
2024-02-10 09:00:00,718499.5
2024-02-10 10:00:00,769175.2
2024-02-10 11:00:00,804947.6
2024-02-10 12:00:00,820244.2
2024-02-10 13:00:00,811156.5
2024-02-10 14:00:00,798980.2
2024-02-10 15:00:00,801155.4
2024-02-10 16:00:00,836439.3
2024-02-10 17:00:00,895662.3
2024-02-10 18:00:00,922174.8
2024-02-10 19:00:00,898493.5
2024-02-10 20:00:00,866697.1
2024-02-10 21:00:00,828862.8
2024-02-10 22:00:00,775170.9
2024-02-10 23:00:00,713606.2
2024-02-11 00:00:00,649888.7
2024-02-11 01:00:00,599890.9
2024-02-11 02:00:00,567610.6
2024-02-11 03:00:00,550236.7
2024-02-11 04:00:00,544509.6
2024-02-11 05:00:00,553574.8
2024-02-11 06:00:00,576612.3
2024-02-11 07:00:00,619938.3
2024-02-11 08:00:00,687497.7
2024-02-11 09:00:00,761941.7
2024-02-11 10:00:00,828087.8
2024-02-11 11:00:00,877793.4
2024-02-11 12:00:00,907230.3
2024-02-11 13:00:00,905812.6
2024-02-11 14:00:00,902957.1
2024-02-11 15:00:00,902783.6
2024-02-11 16:00:00,931265.4
2024-02-11 17:00:00,996436.9
2024-02-11 18:00:00,1021849.5
2024-02-11 19:00:00,979826.3
2024-02-11 20:00:00,938524.8
2024-02-11 21:00:00,893217.8
2024-02-11 22:00:00,821654.5
2024-02-11 23:00:00,745074.9
2024-02-12 00:00:00,664396.1
2024-02-12 01:00:00,609824.9
2024-02-12 02:00:00,578623.9
2024-02-12 03:00:00,564299.1
2024-02-12 04:00:00,566912.8
2024-02-12 05:00:00,594323.2
2024-02-12 06:00:00,643329.0
2024-02-12 07:00:00,718984.0
2024-02-12 08:00:00,750694.2
2024-02-12 09:00:00,775840.0
2024-02-12 10:00:00,805213.4
2024-02-12 11:00:00,825380.7
2024-02-12 12:00:00,832750.4
2024-02-12 13:00:00,821632.7
2024-02-12 14:00:00,802347.0
2024-02-12 15:00:00,812323.9
2024-02-12 16:00:00,845756.7000000001
2024-02-12 17:00:00,910540.1
2024-02-12 18:00:00,973793.5
2024-02-12 19:00:00,971929.0
2024-02-12 20:00:00,947987.1
2024-02-12 21:00:00,900081.3
2024-02-12 22:00:00,820871.1
2024-02-12 23:00:00,737877.8
2024-02-13 00:00:00,667749.2
2024-02-13 01:00:00,623031.7
2024-02-13 02:00:00,597715.1
2024-02-13 03:00:00,587035.0
2024-02-13 04:00:00,594201.2
2024-02-13 05:00:00,622689.7
2024-02-13 06:00:00,674124.9
2024-02-13 07:00:00,748985.5
2024-02-13 08:00:00,773962.5
2024-02-13 09:00:00,801774.6
2024-02-13 10:00:00,821728.3
2024-02-13 11:00:00,820338.3
2024-02-13 12:00:00,835413.7
2024-02-13 13:00:00,832230.0
2024-02-13 14:00:00,832556.6
2024-02-13 15:00:00,840187.7
2024-02-13 16:00:00,887995.9
2024-02-13 17:00:00,950222.1
2024-02-13 18:00:00,1011538.1
2024-02-13 19:00:00,1013920.1
2024-02-13 20:00:00,993925.7
2024-02-13 21:00:00,952109.9
2024-02-13 22:00:00,878301.3
2024-02-13 23:00:00,794931.1
2024-02-14 00:00:00,725495.3
2024-02-14 01:00:00,676615.0
2024-02-14 02:00:00,650505.9
2024-02-14 03:00:00,640002.2
2024-02-14 04:00:00,647217.8
2024-02-14 05:00:00,676653.9
2024-02-14 06:00:00,731637.8
2024-02-14 07:00:00,807177.1
2024-02-14 08:00:00,814445.0
2024-02-14 09:00:00,818517.5
2024-02-14 10:00:00,838311.4
2024-02-14 11:00:00,854880.3
2024-02-14 12:00:00,855957.4
2024-02-14 13:00:00,843480.7
2024-02-14 14:00:00,830692.2
2024-02-14 15:00:00,835666.8
2024-02-14 16:00:00,875073.3
2024-02-14 17:00:00,945640.2
2024-02-14 18:00:00,1007290.9
2024-02-14 19:00:00,1007017.4
2024-02-14 20:00:00,985661.9
2024-02-14 21:00:00,943750.2
2024-02-14 22:00:00,870891.0
2024-02-14 23:00:00,790051.9
2024-02-15 00:00:00,721701.2
2024-02-15 01:00:00,675953.5
2024-02-15 02:00:00,649271.3
2024-02-15 03:00:00,638439.7
2024-02-15 04:00:00,639773.1
2024-02-15 05:00:00,664869.9
2024-02-15 06:00:00,715284.6
2024-02-15 07:00:00,785038.4
2024-02-15 08:00:00,807949.3
2024-02-15 09:00:00,838190.8
2024-02-15 10:00:00,880943.2
2024-02-15 11:00:00,898399.0
2024-02-15 12:00:00,922645.4
2024-02-15 13:00:00,926237.7
2024-02-15 14:00:00,919677.7
2024-02-15 15:00:00,924072.3
2024-02-15 16:00:00,952183.3
2024-02-15 17:00:00,1000469.3
2024-02-15 18:00:00,1037288.4
2024-02-15 19:00:00,1031496.7
2024-02-15 20:00:00,1004647.7
2024-02-15 21:00:00,960120.5
2024-02-15 22:00:00,887792.5
2024-02-15 23:00:00,807206.1
2024-02-16 00:00:00,736707.5
2024-02-16 01:00:00,686409.1
2024-02-16 02:00:00,656563.5
2024-02-16 03:00:00,641662.5
2024-02-16 04:00:00,642373.1
2024-02-16 05:00:00,665023.7
2024-02-16 06:00:00,704100.6
2024-02-16 07:00:00,760640.1
2024-02-16 08:00:00,811770.7
2024-02-16 09:00:00,840862.0
2024-02-16 10:00:00,858224.6
2024-02-16 11:00:00,888209.2
2024-02-16 12:00:00,907324.7
2024-02-16 13:00:00,897736.5
2024-02-16 14:00:00,894257.5
2024-02-16 15:00:00,902063.7
2024-02-16 16:00:00,924483.0
2024-02-16 17:00:00,970223.9
2024-02-16 18:00:00,1009178.0
2024-02-16 19:00:00,1002178.9
2024-02-16 20:00:00,982068.9
2024-02-16 21:00:00,944893.2
2024-02-16 22:00:00,884152.0
2024-02-16 23:00:00,812301.0
2024-02-17 00:00:00,745987.3
2024-02-17 01:00:00,697636.2
2024-02-17 02:00:00,663331.4
2024-02-17 03:00:00,643890.6
2024-02-17 04:00:00,640211.9
2024-02-17 05:00:00,655835.8
2024-02-17 06:00:00,685790.4
2024-02-17 07:00:00,736845.1
2024-02-17 08:00:00,795748.5
2024-02-17 09:00:00,844389.9
2024-02-17 10:00:00,895718.5
2024-02-17 11:00:00,937922.9
2024-02-17 12:00:00,953889.5
2024-02-17 13:00:00,953268.0
2024-02-17 14:00:00,938873.0
2024-02-17 15:00:00,933406.6
2024-02-17 16:00:00,953303.1
2024-02-17 17:00:00,1005755.5
2024-02-17 18:00:00,1048581.9
2024-02-17 19:00:00,1028641.8
2024-02-17 20:00:00,996486.3
2024-02-17 21:00:00,956398.5
2024-02-17 22:00:00,897407.3
2024-02-17 23:00:00,835741.5
2024-02-18 00:00:00,775208.1
2024-02-18 01:00:00,728480.3
2024-02-18 02:00:00,693425.8
2024-02-18 03:00:00,674577.1
2024-02-18 04:00:00,665202.9
2024-02-18 05:00:00,671020.5
2024-02-18 06:00:00,691171.3
2024-02-18 07:00:00,731626.6
2024-02-18 08:00:00,790773.1
2024-02-18 09:00:00,854115.3
2024-02-18 10:00:00,899394.0
2024-02-18 11:00:00,945647.6
2024-02-18 12:00:00,953114.6
2024-02-18 13:00:00,936274.6
2024-02-18 14:00:00,927974.0
2024-02-18 15:00:00,934728.7
2024-02-18 16:00:00,953139.1
2024-02-18 17:00:00,992255.7
2024-02-18 18:00:00,1035762.0
2024-02-18 19:00:00,1014350.4
2024-02-18 20:00:00,981028.8
2024-02-18 21:00:00,941350.5
2024-02-18 22:00:00,886210.9
2024-02-18 23:00:00,820543.0
2024-02-19 00:00:00,755676.7
2024-02-19 01:00:00,706282.4
2024-02-19 02:00:00,674804.9
2024-02-19 03:00:00,660906.8
2024-02-19 04:00:00,659048.8
2024-02-19 05:00:00,671728.1
2024-02-19 06:00:00,694107.0
2024-02-19 07:00:00,731028.6
2024-02-19 08:00:00,774836.9
2024-02-19 09:00:00,820533.2
2024-02-19 10:00:00,866308.0
2024-02-19 11:00:00,902922.9
2024-02-19 12:00:00,916779.2
2024-02-19 13:00:00,909336.8
2024-02-19 14:00:00,909189.0
2024-02-19 15:00:00,918119.8
2024-02-19 16:00:00,957101.7
2024-02-19 17:00:00,1020178.3
2024-02-19 18:00:00,1061604.3
2024-02-19 19:00:00,1043099.4
2024-02-19 20:00:00,1011044.2
2024-02-19 21:00:00,960309.5
2024-02-19 22:00:00,879863.9
2024-02-19 23:00:00,792844.7
2024-02-20 00:00:00,721650.0
2024-02-20 01:00:00,673210.4
2024-02-20 02:00:00,648558.1
2024-02-20 03:00:00,639040.6
2024-02-20 04:00:00,644406.8
2024-02-20 05:00:00,674313.1
2024-02-20 06:00:00,728944.4
2024-02-20 07:00:00,802252.9
2024-02-20 08:00:00,805439.6
2024-02-20 09:00:00,803771.0
2024-02-20 10:00:00,817631.1
2024-02-20 11:00:00,831424.1
2024-02-20 12:00:00,834792.2
2024-02-20 13:00:00,819367.2
2024-02-20 14:00:00,805322.7
2024-02-20 15:00:00,810297.1
2024-02-20 16:00:00,848497.0
2024-02-20 17:00:00,916623.9
2024-02-20 18:00:00,989226.4
2024-02-20 19:00:00,992944.3
2024-02-20 20:00:00,969039.6
2024-02-20 21:00:00,922196.4
2024-02-20 22:00:00,842097.5
2024-02-20 23:00:00,755949.7
2024-02-21 00:00:00,684742.6
2024-02-21 01:00:00,637950.8
2024-02-21 02:00:00,611507.6
2024-02-21 03:00:00,600292.2
2024-02-21 04:00:00,604476.1
2024-02-21 05:00:00,632087.6
2024-02-21 06:00:00,681001.3
2024-02-21 07:00:00,751263.1
2024-02-21 08:00:00,763960.3
2024-02-21 09:00:00,761683.8
2024-02-21 10:00:00,775117.4
2024-02-21 11:00:00,789805.1
2024-02-21 12:00:00,795997.9
2024-02-21 13:00:00,788796.0
2024-02-21 14:00:00,788426.3
2024-02-21 15:00:00,801124.4
2024-02-21 16:00:00,834716.1
2024-02-21 17:00:00,903804.8
2024-02-21 18:00:00,950183.7
2024-02-21 19:00:00,944173.8
2024-02-21 20:00:00,919879.4
2024-02-21 21:00:00,871477.3
2024-02-21 22:00:00,792671.0
2024-02-21 23:00:00,708175.1
2024-02-22 00:00:00,638008.4
2024-02-22 01:00:00,588849.7
2024-02-22 02:00:00,558779.9
2024-02-22 03:00:00,544448.8
2024-02-22 04:00:00,547671.8
2024-02-22 05:00:00,575418.3
2024-02-22 06:00:00,625125.1
2024-02-22 07:00:00,698523.7
2024-02-22 08:00:00,719322.3
2024-02-22 09:00:00,734306.0
2024-02-22 10:00:00,754602.3
2024-02-22 11:00:00,773505.3
2024-02-22 12:00:00,775771.8
2024-02-22 13:00:00,758295.8
2024-02-22 14:00:00,744095.4
2024-02-22 15:00:00,746473.5
2024-02-22 16:00:00,782321.4
2024-02-22 17:00:00,840322.1
2024-02-22 18:00:00,903416.3
2024-02-22 19:00:00,907149.8
2024-02-22 20:00:00,887039.5
2024-02-22 21:00:00,845439.0
2024-02-22 22:00:00,778712.7
2024-02-22 23:00:00,702038.4
2024-02-23 00:00:00,635850.8
2024-02-23 01:00:00,590363.5
2024-02-23 02:00:00,564679.5
2024-02-23 03:00:00,553391.6
2024-02-23 04:00:00,557355.1
2024-02-23 05:00:00,584047.7
2024-02-23 06:00:00,632434.7
2024-02-23 07:00:00,703689.0
2024-02-23 08:00:00,721094.8
2024-02-23 09:00:00,735701.1
2024-02-23 10:00:00,761302.2
2024-02-23 11:00:00,771547.7
2024-02-23 12:00:00,773812.2
2024-02-23 13:00:00,761102.8
2024-02-23 14:00:00,752116.7
2024-02-23 15:00:00,761394.6
2024-02-23 16:00:00,802884.8
2024-02-23 17:00:00,872793.5
2024-02-23 18:00:00,937628.9
2024-02-23 19:00:00,946654.2
2024-02-23 20:00:00,934453.1
2024-02-23 21:00:00,902414.1
2024-02-23 22:00:00,851515.9
2024-02-23 23:00:00,789470.2
2024-02-24 00:00:00,732885.2
2024-02-24 01:00:00,690375.1
2024-02-24 02:00:00,664808.7
2024-02-24 03:00:00,652637.4
2024-02-24 04:00:00,654567.4
2024-02-24 05:00:00,671893.6
2024-02-24 06:00:00,704219.7
2024-02-24 07:00:00,760140.0
2024-02-24 08:00:00,819836.5
2024-02-24 09:00:00,874105.5
2024-02-24 10:00:00,923905.3
2024-02-24 11:00:00,960088.3
2024-02-24 12:00:00,972175.8
2024-02-24 13:00:00,957582.9
2024-02-24 14:00:00,938242.8
2024-02-24 15:00:00,930160.5
2024-02-24 16:00:00,942664.2
2024-02-24 17:00:00,989779.2
2024-02-24 18:00:00,1045966.9
2024-02-24 19:00:00,1034827.0
2024-02-24 20:00:00,1001844.3
2024-02-24 21:00:00,959696.6
2024-02-24 22:00:00,900851.9
2024-02-24 23:00:00,832666.3
2024-02-25 00:00:00,764364.6
2024-02-25 01:00:00,711925.8
2024-02-25 02:00:00,677743.8
2024-02-25 03:00:00,657691.3
2024-02-25 04:00:00,649791.3
2024-02-25 05:00:00,656833.1
2024-02-25 06:00:00,676681.1
2024-02-25 07:00:00,718184.3
2024-02-25 08:00:00,766686.4
2024-02-25 09:00:00,818030.8
2024-02-25 10:00:00,865849.2
2024-02-25 11:00:00,901143.8
2024-02-25 12:00:00,912169.3
2024-02-25 13:00:00,902339.4
2024-02-25 14:00:00,903149.7
2024-02-25 15:00:00,917547.0
2024-02-25 16:00:00,950881.0
2024-02-25 17:00:00,994867.6
2024-02-25 18:00:00,1041677.4
2024-02-25 19:00:00,1020556.3
2024-02-25 20:00:00,979716.6
2024-02-25 21:00:00,921128.4
2024-02-25 22:00:00,833613.5
2024-02-25 23:00:00,742896.5
2024-02-26 00:00:00,665271.6
2024-02-26 01:00:00,614115.2
2024-02-26 02:00:00,585523.4
2024-02-26 03:00:00,571306.2
2024-02-26 04:00:00,578153.2
2024-02-26 05:00:00,606536.1
2024-02-26 06:00:00,660907.3
2024-02-26 07:00:00,730602.5
2024-02-26 08:00:00,736866.3
2024-02-26 09:00:00,744195.0
2024-02-26 10:00:00,762930.1
2024-02-26 11:00:00,779299.6
2024-02-26 12:00:00,782674.2
2024-02-26 13:00:00,766860.3
2024-02-26 14:00:00,751326.1
2024-02-26 15:00:00,754785.4
2024-02-26 16:00:00,791739.3
2024-02-26 17:00:00,856633.7
2024-02-26 18:00:00,928658.2
2024-02-26 19:00:00,937066.8
2024-02-26 20:00:00,913969.5
2024-02-26 21:00:00,865560.8
2024-02-26 22:00:00,788547.9
2024-02-26 23:00:00,703688.2
2024-02-27 00:00:00,631488.5
2024-02-27 01:00:00,587260.6
2024-02-27 02:00:00,561689.2
2024-02-27 03:00:00,550778.7
2024-02-27 04:00:00,556569.8
2024-02-27 05:00:00,587293.3
2024-02-27 06:00:00,639888.9
2024-02-27 07:00:00,710740.4
2024-02-27 08:00:00,715779.2
2024-02-27 09:00:00,714934.8
2024-02-27 10:00:00,730066.7
2024-02-27 11:00:00,765420.3
2024-02-27 12:00:00,800336.9
2024-02-27 13:00:00,806941.4
2024-02-27 14:00:00,809611.9
2024-02-27 15:00:00,816402.4
2024-02-27 16:00:00,852769.2
2024-02-27 17:00:00,884583.6
2024-02-27 18:00:00,911985.0
2024-02-27 19:00:00,906394.5
2024-02-27 20:00:00,879824.9
2024-02-27 21:00:00,829691.9
2024-02-27 22:00:00,752359.6
2024-02-27 23:00:00,669898.8
2024-02-28 00:00:00,602645.1
2024-02-28 01:00:00,554676.8
2024-02-28 02:00:00,525828.4
2024-02-28 03:00:00,512050.7
2024-02-28 04:00:00,514665.0
2024-02-28 05:00:00,538475.9
2024-02-28 06:00:00,588941.3
2024-02-28 07:00:00,659230.6
2024-02-28 08:00:00,684368.1
2024-02-28 09:00:00,693160.8
2024-02-28 10:00:00,707180.2
2024-02-28 11:00:00,724553.7
2024-02-28 12:00:00,746491.3
2024-02-28 13:00:00,769732.9
2024-02-28 14:00:00,782827.5
2024-02-28 15:00:00,818710.3
2024-02-28 16:00:00,869169.8
2024-02-28 17:00:00,932389.0
2024-02-28 18:00:00,993727.8
2024-02-28 19:00:00,1005960.0
2024-02-28 20:00:00,986552.8
2024-02-28 21:00:00,943571.9
2024-02-28 22:00:00,870465.9
2024-02-28 23:00:00,785254.8
2024-02-29 00:00:00,718674.4
2024-02-29 01:00:00,674676.4
2024-02-29 02:00:00,648484.5
2024-02-29 03:00:00,636256.3
2024-02-29 04:00:00,643585.6
2024-02-29 05:00:00,674010.0
2024-02-29 06:00:00,728642.9
2024-02-29 07:00:00,799382.3
2024-02-29 08:00:00,810673.9
2024-02-29 09:00:00,832581.0
2024-02-29 10:00:00,866025.5
2024-02-29 11:00:00,888955.4
2024-02-29 12:00:00,897586.2
2024-02-29 13:00:00,891634.1
2024-02-29 14:00:00,880056.8
2024-02-29 15:00:00,881767.2
2024-02-29 16:00:00,924430.8
2024-02-29 17:00:00,979086.2
2024-02-29 18:00:00,1033076.7
2024-02-29 19:00:00,1041042.6
2024-02-29 20:00:00,1017562.0
2024-02-29 21:00:00,968310.5
2024-02-29 22:00:00,886538.9
2024-02-29 23:00:00,798878.3
2024-03-01 00:00:00,726971.3
2024-03-01 01:00:00,677964.5
2024-03-01 02:00:00,649662.0
2024-03-01 03:00:00,634477.8
2024-03-01 04:00:00,633298.4
2024-03-01 05:00:00,656334.2
2024-03-01 06:00:00,705353.1
2024-03-01 07:00:00,770523.2
2024-03-01 08:00:00,779749.0
2024-03-01 09:00:00,789462.6
2024-03-01 10:00:00,806852.5
2024-03-01 11:00:00,820227.0
2024-03-01 12:00:00,819042.5
2024-03-01 13:00:00,796638.8
2024-03-01 14:00:00,780040.9
2024-03-01 15:00:00,777545.7
2024-03-01 16:00:00,805695.8
2024-03-01 17:00:00,854107.6
2024-03-01 18:00:00,909785.0
2024-03-01 19:00:00,923973.0
2024-03-01 20:00:00,905812.1
2024-03-01 21:00:00,870633.1
2024-03-01 22:00:00,808783.1
2024-03-01 23:00:00,740623.7
2024-03-02 00:00:00,672169.2
2024-03-02 01:00:00,618555.5
2024-03-02 02:00:00,583582.3
2024-03-02 03:00:00,564201.0
2024-03-02 04:00:00,555665.6
2024-03-02 05:00:00,565044.4
2024-03-02 06:00:00,590595.9
2024-03-02 07:00:00,640450.4
2024-03-02 08:00:00,712384.0
2024-03-02 09:00:00,781831.8
2024-03-02 10:00:00,844890.7
2024-03-02 11:00:00,888784.6
2024-03-02 12:00:00,906355.2
2024-03-02 13:00:00,896840.9
2024-03-02 14:00:00,880546.3
2024-03-02 15:00:00,871881.0
2024-03-02 16:00:00,883546.6
2024-03-02 17:00:00,923133.7
2024-03-02 18:00:00,946043.9
2024-03-02 19:00:00,924664.6
2024-03-02 20:00:00,889990.9
2024-03-02 21:00:00,845440.3
2024-03-02 22:00:00,786935.7
2024-03-02 23:00:00,718639.0
2024-03-03 00:00:00,650943.4
2024-03-03 01:00:00,596805.0
2024-03-03 02:00:00,559142.4
2024-03-03 03:00:00,538105.5
2024-03-03 04:00:00,529904.3
2024-03-03 05:00:00,537886.4
2024-03-03 06:00:00,559561.4
2024-03-03 07:00:00,604140.8
2024-03-03 08:00:00,668447.2
2024-03-03 09:00:00,737133.4
2024-03-03 10:00:00,794943.6
2024-03-03 11:00:00,835143.3
2024-03-03 12:00:00,860696.6
2024-03-03 13:00:00,865018.6
2024-03-03 14:00:00,859402.6
2024-03-03 15:00:00,864563.2
2024-03-03 16:00:00,883931.5
2024-03-03 17:00:00,931885.8
2024-03-03 18:00:00,973434.8
2024-03-03 19:00:00,961468.3
2024-03-03 20:00:00,928466.4
2024-03-03 21:00:00,875684.9
2024-03-03 22:00:00,794940.2
2024-03-03 23:00:00,708087.1
2024-03-04 00:00:00,629656.8
2024-03-04 01:00:00,577703.6
2024-03-04 02:00:00,547848.7
2024-03-04 03:00:00,531521.9
2024-03-04 04:00:00,535140.7
2024-03-04 05:00:00,561067.2
2024-03-04 06:00:00,615214.5
2024-03-04 07:00:00,687525.0
2024-03-04 08:00:00,703955.4
2024-03-04 09:00:00,713264.5
2024-03-04 10:00:00,724887.6
2024-03-04 11:00:00,738507.6
2024-03-04 12:00:00,740642.1
2024-03-04 13:00:00,722879.2
2024-03-04 14:00:00,704762.0
2024-03-04 15:00:00,702970.2
2024-03-04 16:00:00,733427.2
2024-03-04 17:00:00,785373.2
2024-03-04 18:00:00,856827.5
2024-03-04 19:00:00,871556.4
2024-03-04 20:00:00,848580.6
2024-03-04 21:00:00,802573.3
2024-03-04 22:00:00,725313.3
2024-03-04 23:00:00,644981.8
2024-03-05 00:00:00,577990.0
2024-03-05 01:00:00,528684.0
2024-03-05 02:00:00,502861.5
2024-03-05 03:00:00,491793.8
2024-03-05 04:00:00,495977.2
2024-03-05 05:00:00,524227.2
2024-03-05 06:00:00,579884.7
2024-03-05 07:00:00,644812.9
2024-03-05 08:00:00,650465.3
2024-03-05 09:00:00,657229.1
2024-03-05 10:00:00,677177.0
2024-03-05 11:00:00,700351.1
2024-03-05 12:00:00,706387.5
2024-03-05 13:00:00,696910.8
2024-03-05 14:00:00,690022.3
2024-03-05 15:00:00,704747.1
2024-03-05 16:00:00,746142.2
2024-03-05 17:00:00,813572.0
2024-03-05 18:00:00,856761.9
2024-03-05 19:00:00,857912.0
2024-03-05 20:00:00,831603.9
2024-03-05 21:00:00,784502.0
2024-03-05 22:00:00,708940.8
2024-03-05 23:00:00,631099.5
2024-03-06 00:00:00,566321.9
2024-03-06 01:00:00,521051.0
2024-03-06 02:00:00,495049.7
2024-03-06 03:00:00,482860.2
2024-03-06 04:00:00,487137.3
2024-03-06 05:00:00,514975.7
2024-03-06 06:00:00,569086.8
2024-03-06 07:00:00,643501.4
2024-03-06 08:00:00,672186.6
2024-03-06 09:00:00,693822.5
2024-03-06 10:00:00,725198.0
2024-03-06 11:00:00,748500.6
2024-03-06 12:00:00,757470.3
2024-03-06 13:00:00,747287.7
2024-03-06 14:00:00,740700.7
2024-03-06 15:00:00,754069.0
2024-03-06 16:00:00,793643.2
2024-03-06 17:00:00,852537.1
2024-03-06 18:00:00,900615.5
2024-03-06 19:00:00,905900.2
2024-03-06 20:00:00,885840.8
2024-03-06 21:00:00,839781.5
2024-03-06 22:00:00,763900.3
2024-03-06 23:00:00,681878.0
2024-03-07 00:00:00,609231.2
2024-03-07 01:00:00,563260.2
2024-03-07 02:00:00,536594.4
2024-03-07 03:00:00,524378.4
2024-03-07 04:00:00,528973.5
2024-03-07 05:00:00,560336.7
2024-03-07 06:00:00,617521.6
2024-03-07 07:00:00,683893.9
2024-03-07 08:00:00,690419.1
2024-03-07 09:00:00,697822.2
2024-03-07 10:00:00,716346.2
2024-03-07 11:00:00,730685.8
2024-03-07 12:00:00,735590.4
2024-03-07 13:00:00,719233.8
2024-03-07 14:00:00,705109.7
2024-03-07 15:00:00,708730.9
2024-03-07 16:00:00,738654.8
2024-03-07 17:00:00,786627.3
2024-03-07 18:00:00,851756.4
2024-03-07 19:00:00,878714.0
2024-03-07 20:00:00,866090.3
2024-03-07 21:00:00,828419.2
2024-03-07 22:00:00,760045.8
2024-03-07 23:00:00,684011.2
2024-03-08 00:00:00,612685.6
2024-03-08 01:00:00,565705.9
2024-03-08 02:00:00,538976.5
2024-03-08 03:00:00,527026.3
2024-03-08 04:00:00,532860.1
2024-03-08 05:00:00,560050.6
2024-03-08 06:00:00,609335.8
2024-03-08 07:00:00,672922.9
2024-03-08 08:00:00,695444.1
2024-03-08 09:00:00,714920.8
2024-03-08 10:00:00,736039.8
2024-03-08 11:00:00,756256.6
2024-03-08 12:00:00,762954.1
2024-03-08 13:00:00,749313.1
2024-03-08 14:00:00,736889.2
2024-03-08 15:00:00,739462.2
2024-03-08 16:00:00,779306.2
2024-03-08 17:00:00,827370.2
2024-03-08 18:00:00,870352.2999999999
2024-03-08 19:00:00,874746.0
2024-03-08 20:00:00,854912.8
2024-03-08 21:00:00,813263.2
2024-03-08 22:00:00,752470.4
2024-03-08 23:00:00,683748.5
2024-03-09 00:00:00,618964.5
2024-03-09 01:00:00,568063.4
2024-03-09 02:00:00,533505.9
2024-03-09 03:00:00,513814.0
2024-03-09 04:00:00,505361.7
2024-03-09 05:00:00,517389.0
2024-03-09 06:00:00,546644.4
2024-03-09 07:00:00,596753.4
2024-03-09 08:00:00,670385.6
2024-03-09 09:00:00,742665.7
2024-03-09 10:00:00,803952.4
2024-03-09 11:00:00,849292.9
2024-03-09 12:00:00,866764.8
2024-03-09 13:00:00,867253.1
2024-03-09 14:00:00,857286.3
2024-03-09 15:00:00,844812.0
2024-03-09 16:00:00,850139.5
2024-03-09 17:00:00,880208.1
2024-03-09 18:00:00,911766.0
2024-03-09 19:00:00,897328.2
2024-03-09 20:00:00,863046.6
2024-03-09 21:00:00,822327.2
2024-03-09 22:00:00,765699.4
2024-03-09 23:00:00,701139.6
2024-03-10 00:00:00,637665.5
2024-03-10 01:00:00,587598.6
2024-03-10 02:00:00,555355.7
2024-03-10 03:00:00,538518.0
2024-03-10 04:00:00,540683.0
2024-03-10 05:00:00,558963.0
2024-03-10 06:00:00,590637.5
2024-03-10 07:00:00,648394.8
2024-03-10 08:00:00,716103.4
2024-03-10 09:00:00,785700.2
2024-03-10 10:00:00,846867.8
2024-03-10 11:00:00,889987.5
2024-03-10 12:00:00,905476.9
2024-03-10 13:00:00,909500.2999999999
2024-03-10 14:00:00,911772.5
2024-03-10 15:00:00,936412.8
2024-03-10 16:00:00,979189.1
2024-03-10 17:00:00,1000254.3
2024-03-10 18:00:00,1009888.5
2024-03-10 19:00:00,996286.9
2024-03-10 20:00:00,949595.3
2024-03-10 21:00:00,878720.6
2024-03-10 22:00:00,789412.1
2024-03-10 23:00:00,704046.1
2024-03-11 00:00:00,643654.5
2024-03-11 01:00:00,610865.9
2024-03-11 02:00:00,594826.9
2024-03-11 03:00:00,597451.8
2024-03-11 04:00:00,621996.7
2024-03-11 05:00:00,652398.2
2024-03-11 06:00:00,699124.7
2024-03-11 07:00:00,740608.3
2024-03-11 08:00:00,761546.1
2024-03-11 09:00:00,782196.1
2024-03-11 10:00:00,804588.3
2024-03-11 11:00:00,814715.9
2024-03-11 12:00:00,798679.3
2024-03-11 13:00:00,786554.1
2024-03-11 14:00:00,777958.5
2024-03-11 15:00:00,785930.6
2024-03-11 16:00:00,817777.6
2024-03-11 17:00:00,859049.7
2024-03-11 18:00:00,899183.5
2024-03-11 19:00:00,900755.8
2024-03-11 20:00:00,863344.7
2024-03-11 21:00:00,797347.3
2024-03-11 22:00:00,714538.0
2024-03-11 23:00:00,641092.6
2024-03-12 00:00:00,587722.1
2024-03-12 01:00:00,558847.5
2024-03-12 02:00:00,546060.4
2024-03-12 03:00:00,550964.2
2024-03-12 04:00:00,580722.3
2024-03-12 05:00:00,614813.7
2024-03-12 06:00:00,665958.3
2024-03-12 07:00:00,702053.9
2024-03-12 08:00:00,724477.3
2024-03-12 09:00:00,733912.5
2024-03-12 10:00:00,744629.9
2024-03-12 11:00:00,746027.8
2024-03-12 12:00:00,727613.0
2024-03-12 13:00:00,711684.8
2024-03-12 14:00:00,704893.4
2024-03-12 15:00:00,720972.7
2024-03-12 16:00:00,756823.5
2024-03-12 17:00:00,790042.9
2024-03-12 18:00:00,831364.3
2024-03-12 19:00:00,836605.4
2024-03-12 20:00:00,803967.9
2024-03-12 21:00:00,740912.6
2024-03-12 22:00:00,662523.9
2024-03-12 23:00:00,593372.8
2024-03-13 00:00:00,542791.7
2024-03-13 01:00:00,511016.8
2024-03-13 02:00:00,498957.7
2024-03-13 03:00:00,503517.9
2024-03-13 04:00:00,534852.5
2024-03-13 05:00:00,569420.4
2024-03-13 06:00:00,618130.5
2024-03-13 07:00:00,654214.1
2024-03-13 08:00:00,672067.4
2024-03-13 09:00:00,688830.7
2024-03-13 10:00:00,705093.5
2024-03-13 11:00:00,710526.6
2024-03-13 12:00:00,693608.6
2024-03-13 13:00:00,679180.2
2024-03-13 14:00:00,675656.3
2024-03-13 15:00:00,689341.5
2024-03-13 16:00:00,718618.1
2024-03-13 17:00:00,751291.9
2024-03-13 18:00:00,789391.2
2024-03-13 19:00:00,799893.1
2024-03-13 20:00:00,766150.7
2024-03-13 21:00:00,706686.9
2024-03-13 22:00:00,628987.0
2024-03-13 23:00:00,564188.3
2024-03-14 00:00:00,516156.7
2024-03-14 01:00:00,488734.8
2024-03-14 02:00:00,476914.7
2024-03-14 03:00:00,482015.1
2024-03-14 04:00:00,512063.8
2024-03-14 05:00:00,546520.1
2024-03-14 06:00:00,597961.1
2024-03-14 07:00:00,643268.0
2024-03-14 08:00:00,686303.6
2024-03-14 09:00:00,714919.6
2024-03-14 10:00:00,735324.9
2024-03-14 11:00:00,752103.0
2024-03-14 12:00:00,744195.9
2024-03-14 13:00:00,736803.0
2024-03-14 14:00:00,746569.4
2024-03-14 15:00:00,778960.6
2024-03-14 16:00:00,825956.4
2024-03-14 17:00:00,861505.1
2024-03-14 18:00:00,873465.5
2024-03-14 19:00:00,859301.0
2024-03-14 20:00:00,817944.2
2024-03-14 21:00:00,753931.4
2024-03-14 22:00:00,673444.7
2024-03-14 23:00:00,605079.2
2024-03-15 00:00:00,554381.4
2024-03-15 01:00:00,523524.8
2024-03-15 02:00:00,508693.9
2024-03-15 03:00:00,511173.1
2024-03-15 04:00:00,539372.8
2024-03-15 05:00:00,570193.2
2024-03-15 06:00:00,618846.6
2024-03-15 07:00:00,669944.5
2024-03-15 08:00:00,712634.2
2024-03-15 09:00:00,742458.9
2024-03-15 10:00:00,757112.4
2024-03-15 11:00:00,760337.8
2024-03-15 12:00:00,745140.9
2024-03-15 13:00:00,734630.8
2024-03-15 14:00:00,738231.3
2024-03-15 15:00:00,771234.5
2024-03-15 16:00:00,796126.1
2024-03-15 17:00:00,805719.8
2024-03-15 18:00:00,834568.7
2024-03-15 19:00:00,843689.3
2024-03-15 20:00:00,819910.0
2024-03-15 21:00:00,771232.7
2024-03-15 22:00:00,702582.5
2024-03-15 23:00:00,640395.2
2024-03-16 00:00:00,592284.2
2024-03-16 01:00:00,557984.5
2024-03-16 02:00:00,539967.4
2024-03-16 03:00:00,536063.2
2024-03-16 04:00:00,549406.0
2024-03-16 05:00:00,566622.4
2024-03-16 06:00:00,607119.8
2024-03-16 07:00:00,671109.7
2024-03-16 08:00:00,742040.4
2024-03-16 09:00:00,798711.5
2024-03-16 10:00:00,839978.9
2024-03-16 11:00:00,852981.8
2024-03-16 12:00:00,838824.8
2024-03-16 13:00:00,826926.0
2024-03-16 14:00:00,816839.1
2024-03-16 15:00:00,824220.1
2024-03-16 16:00:00,864918.0
2024-03-16 17:00:00,887405.4
2024-03-16 18:00:00,880485.1
2024-03-16 19:00:00,864253.7
2024-03-16 20:00:00,822155.4
2024-03-16 21:00:00,763560.7
2024-03-16 22:00:00,697714.4
2024-03-16 23:00:00,634473.8
2024-03-17 00:00:00,583162.5
2024-03-17 01:00:00,547994.0
2024-03-17 02:00:00,527774.3
2024-03-17 03:00:00,522513.8
2024-03-17 04:00:00,535269.9
2024-03-17 05:00:00,552411.0
2024-03-17 06:00:00,589162.6
2024-03-17 07:00:00,646338.2
2024-03-17 08:00:00,715787.3
2024-03-17 09:00:00,764774.3
2024-03-17 10:00:00,817831.6
2024-03-17 11:00:00,839015.4
2024-03-17 12:00:00,835272.7
2024-03-17 13:00:00,834713.0
2024-03-17 14:00:00,833042.2
2024-03-17 15:00:00,853692.3
2024-03-17 16:00:00,902151.8
2024-03-17 17:00:00,922271.3
2024-03-17 18:00:00,936225.1
2024-03-17 19:00:00,933902.3
2024-03-17 20:00:00,891338.1
2024-03-17 21:00:00,817203.8
2024-03-17 22:00:00,729920.3
2024-03-17 23:00:00,653852.7
2024-03-18 00:00:00,604548.5
2024-03-18 01:00:00,576439.6
2024-03-18 02:00:00,564300.7
2024-03-18 03:00:00,569293.5
2024-03-18 04:00:00,601026.4
2024-03-18 05:00:00,644457.2
2024-03-18 06:00:00,715680.6
2024-03-18 07:00:00,750378.9
2024-03-18 08:00:00,776484.9
2024-03-18 09:00:00,795575.6
2024-03-18 10:00:00,820964.6
2024-03-18 11:00:00,834968.9
2024-03-18 12:00:00,831673.1
2024-03-18 13:00:00,819701.6
2024-03-18 14:00:00,824173.2
2024-03-18 15:00:00,851559.7
2024-03-18 16:00:00,893756.7
2024-03-18 17:00:00,933837.3
2024-03-18 18:00:00,960370.5
2024-03-18 19:00:00,953775.3
2024-03-18 20:00:00,911288.8
2024-03-18 21:00:00,837132.4
2024-03-18 22:00:00,748322.7
2024-03-18 23:00:00,675788.2
2024-03-19 00:00:00,623092.5
2024-03-19 01:00:00,595931.5
2024-03-19 02:00:00,583050.4
2024-03-19 03:00:00,587908.8
2024-03-19 04:00:00,621912.7
2024-03-19 05:00:00,663951.3
2024-03-19 06:00:00,735898.4
2024-03-19 07:00:00,764643.2
2024-03-19 08:00:00,782796.4
2024-03-19 09:00:00,808324.5
2024-03-19 10:00:00,832445.4
2024-03-19 11:00:00,841245.3
2024-03-19 12:00:00,838002.0
2024-03-19 13:00:00,841297.7
2024-03-19 14:00:00,859195.3
2024-03-19 15:00:00,897394.9
2024-03-19 16:00:00,935809.6
2024-03-19 17:00:00,961899.6
2024-03-19 18:00:00,979049.0
2024-03-19 19:00:00,961858.3
2024-03-19 20:00:00,914059.8
2024-03-19 21:00:00,833043.7
2024-03-19 22:00:00,746264.1
2024-03-19 23:00:00,675182.0
2024-03-20 00:00:00,624127.6
2024-03-20 01:00:00,595234.3
2024-03-20 02:00:00,580379.6
2024-03-20 03:00:00,585542.0
2024-03-20 04:00:00,616773.1
2024-03-20 05:00:00,666309.0
2024-03-20 06:00:00,736119.3
2024-03-20 07:00:00,765653.8
2024-03-20 08:00:00,784878.2
2024-03-20 09:00:00,804771.2
2024-03-20 10:00:00,814589.8
2024-03-20 11:00:00,826611.5
2024-03-20 12:00:00,815811.1
2024-03-20 13:00:00,806802.4
2024-03-20 14:00:00,821582.9
2024-03-20 15:00:00,865223.4
2024-03-20 16:00:00,910187.7
2024-03-20 17:00:00,935351.4
2024-03-20 18:00:00,979561.1
2024-03-20 19:00:00,987444.3
2024-03-20 20:00:00,949992.0
2024-03-20 21:00:00,876188.3
2024-03-20 22:00:00,786572.1
2024-03-20 23:00:00,718182.7
2024-03-21 00:00:00,668706.1
2024-03-21 01:00:00,641130.0
2024-03-21 02:00:00,629709.5
2024-03-21 03:00:00,633227.7
2024-03-21 04:00:00,665167.6
2024-03-21 05:00:00,710902.4
2024-03-21 06:00:00,783297.1
2024-03-21 07:00:00,809555.6
2024-03-21 08:00:00,828318.5
2024-03-21 09:00:00,851930.7
2024-03-21 10:00:00,868061.9
2024-03-21 11:00:00,867945.2
2024-03-21 12:00:00,853453.6
2024-03-21 13:00:00,842336.0
2024-03-21 14:00:00,846523.3
2024-03-21 15:00:00,880888.2
2024-03-21 16:00:00,919533.9
2024-03-21 17:00:00,942031.0
2024-03-21 18:00:00,980980.7
2024-03-21 19:00:00,996181.1
2024-03-21 20:00:00,961131.0
2024-03-21 21:00:00,890384.2
2024-03-21 22:00:00,802975.1
2024-03-21 23:00:00,733790.2
2024-03-22 00:00:00,684813.2
2024-03-22 01:00:00,655439.2
2024-03-22 02:00:00,642158.9
2024-03-22 03:00:00,644826.2
2024-03-22 04:00:00,673168.3
2024-03-22 05:00:00,711119.5
2024-03-22 06:00:00,779567.7
2024-03-22 07:00:00,820631.5
2024-03-22 08:00:00,851854.4
2024-03-22 09:00:00,891290.5
2024-03-22 10:00:00,924168.1
2024-03-22 11:00:00,933823.0
2024-03-22 12:00:00,926306.3
2024-03-22 13:00:00,919494.6
2024-03-22 14:00:00,925387.5
2024-03-22 15:00:00,956445.5
2024-03-22 16:00:00,989558.1
2024-03-22 17:00:00,1011184.0
2024-03-22 18:00:00,1030094.6
2024-03-22 19:00:00,1018575.9
2024-03-22 20:00:00,981022.0
2024-03-22 21:00:00,916298.2
2024-03-22 22:00:00,837538.4
2024-03-22 23:00:00,769335.8
2024-03-23 00:00:00,711190.6
2024-03-23 01:00:00,676072.9
2024-03-23 02:00:00,654778.3
2024-03-23 03:00:00,649339.3
2024-03-23 04:00:00,663262.1
2024-03-23 05:00:00,683819.5
2024-03-23 06:00:00,732148.9
2024-03-23 07:00:00,788309.4
2024-03-23 08:00:00,834522.8
2024-03-23 09:00:00,876509.9
2024-03-23 10:00:00,909353.0
2024-03-23 11:00:00,919383.7
2024-03-23 12:00:00,907561.0
2024-03-23 13:00:00,890652.8
2024-03-23 14:00:00,878096.2
2024-03-23 15:00:00,881106.5
2024-03-23 16:00:00,903420.4
2024-03-23 17:00:00,935141.8
2024-03-23 18:00:00,960792.0
2024-03-23 19:00:00,965076.0
2024-03-23 20:00:00,933263.9
2024-03-23 21:00:00,879972.8
2024-03-23 22:00:00,809137.2
2024-03-23 23:00:00,744107.9
2024-03-24 00:00:00,691104.3
2024-03-24 01:00:00,656536.5
2024-03-24 02:00:00,637350.0
2024-03-24 03:00:00,632231.3
2024-03-24 04:00:00,644506.7
2024-03-24 05:00:00,660963.2
2024-03-24 06:00:00,702842.6
2024-03-24 07:00:00,752443.2
2024-03-24 08:00:00,799088.4
2024-03-24 09:00:00,843783.8
2024-03-24 10:00:00,881267.9
2024-03-24 11:00:00,900626.7
2024-03-24 12:00:00,894010.7
2024-03-24 13:00:00,880789.1
2024-03-24 14:00:00,874871.3
2024-03-24 15:00:00,891193.0
2024-03-24 16:00:00,926897.7
2024-03-24 17:00:00,955144.1
2024-03-24 18:00:00,988044.6
2024-03-24 19:00:00,994328.9
2024-03-24 20:00:00,952291.8
2024-03-24 21:00:00,876657.6
2024-03-24 22:00:00,780516.2
2024-03-24 23:00:00,700332.3
2024-03-25 00:00:00,644597.5
2024-03-25 01:00:00,614552.6
2024-03-25 02:00:00,599750.1
2024-03-25 03:00:00,603552.4
2024-03-25 04:00:00,631485.9
2024-03-25 05:00:00,677057.0
2024-03-25 06:00:00,745579.9
2024-03-25 07:00:00,756390.8
2024-03-25 08:00:00,765955.9
2024-03-25 09:00:00,778084.6
2024-03-25 10:00:00,792430.8
2024-03-25 11:00:00,801786.5
2024-03-25 12:00:00,785731.3
2024-03-25 13:00:00,768772.1
2024-03-25 14:00:00,768671.6
2024-03-25 15:00:00,800158.7
2024-03-25 16:00:00,834890.1
2024-03-25 17:00:00,867045.3
2024-03-25 18:00:00,907004.0
2024-03-25 19:00:00,913110.5
2024-03-25 20:00:00,873558.7
2024-03-25 21:00:00,798417.6
2024-03-25 22:00:00,710207.9
2024-03-25 23:00:00,633653.0
2024-03-26 00:00:00,584834.0
2024-03-26 01:00:00,555412.4
2024-03-26 02:00:00,542097.6
2024-03-26 03:00:00,547761.2
2024-03-26 04:00:00,578096.1
2024-03-26 05:00:00,623894.4
2024-03-26 06:00:00,696612.5
2024-03-26 07:00:00,723803.1
2024-03-26 08:00:00,743406.2
2024-03-26 09:00:00,768811.2
2024-03-26 10:00:00,792484.0
2024-03-26 11:00:00,806013.5
2024-03-26 12:00:00,786007.3
2024-03-26 13:00:00,773195.3
2024-03-26 14:00:00,775094.6
2024-03-26 15:00:00,816251.6
2024-03-26 16:00:00,864143.5
2024-03-26 17:00:00,893121.4
2024-03-26 18:00:00,906327.4
2024-03-26 19:00:00,893644.4
2024-03-26 20:00:00,851072.1
2024-03-26 21:00:00,771588.9
2024-03-26 22:00:00,687126.1
2024-03-26 23:00:00,613413.7
2024-03-27 00:00:00,561505.6
2024-03-27 01:00:00,532350.9
2024-03-27 02:00:00,517546.7
2024-03-27 03:00:00,521588.1
2024-03-27 04:00:00,549737.8
2024-03-27 05:00:00,597042.6
2024-03-27 06:00:00,667773.1
2024-03-27 07:00:00,688703.5
2024-03-27 08:00:00,701700.6
2024-03-27 09:00:00,715962.4
2024-03-27 10:00:00,726980.2
2024-03-27 11:00:00,734048.6
2024-03-27 12:00:00,725875.7
2024-03-27 13:00:00,718296.0
2024-03-27 14:00:00,736045.0
2024-03-27 15:00:00,779270.8
2024-03-27 16:00:00,824547.1
2024-03-27 17:00:00,856595.4
2024-03-27 18:00:00,882263.9
2024-03-27 19:00:00,880837.4
2024-03-27 20:00:00,844256.2
2024-03-27 21:00:00,772594.1
2024-03-27 22:00:00,691612.7
2024-03-27 23:00:00,626222.3
2024-03-28 00:00:00,575917.8
2024-03-28 01:00:00,549044.5
2024-03-28 02:00:00,536650.7
2024-03-28 03:00:00,542935.4
2024-03-28 04:00:00,573906.4
2024-03-28 05:00:00,621421.9
2024-03-28 06:00:00,693503.9
2024-03-28 07:00:00,708615.2
2024-03-28 08:00:00,715417.5
2024-03-28 09:00:00,731886.4
2024-03-28 10:00:00,748823.8
2024-03-28 11:00:00,755104.8
2024-03-28 12:00:00,740675.6
2024-03-28 13:00:00,724067.9
2024-03-28 14:00:00,721478.1
2024-03-28 15:00:00,743764.9
2024-03-28 16:00:00,768875.4
2024-03-28 17:00:00,791040.2
2024-03-28 18:00:00,825349.2
2024-03-28 19:00:00,846982.9
2024-03-28 20:00:00,825501.6
2024-03-28 21:00:00,776351.5
2024-03-28 22:00:00,708731.9
2024-03-28 23:00:00,646861.6
2024-03-29 00:00:00,595377.6
2024-03-29 01:00:00,564160.9
2024-03-29 02:00:00,547735.4
2024-03-29 03:00:00,549403.2
2024-03-29 04:00:00,564729.8
2024-03-29 05:00:00,584533.8
2024-03-29 06:00:00,624829.3
2024-03-29 07:00:00,675626.8
2024-03-29 08:00:00,739272.1
2024-03-29 09:00:00,803993.8
2024-03-29 10:00:00,837602.8
2024-03-29 11:00:00,841074.3
2024-03-29 12:00:00,821314.1
2024-03-29 13:00:00,797634.9
2024-03-29 14:00:00,793120.4
2024-03-29 15:00:00,810378.3
2024-03-29 16:00:00,840554.0
2024-03-29 17:00:00,856101.1
2024-03-29 18:00:00,874571.2
2024-03-29 19:00:00,874275.6
2024-03-29 20:00:00,842299.0
2024-03-29 21:00:00,789197.1
2024-03-29 22:00:00,722148.4
2024-03-29 23:00:00,660655.1
2024-03-30 00:00:00,611802.7
2024-03-30 01:00:00,580708.1
2024-03-30 02:00:00,563291.6
2024-03-30 03:00:00,562277.9
2024-03-30 04:00:00,575334.6
2024-03-30 05:00:00,595774.1
2024-03-30 06:00:00,638679.7
2024-03-30 07:00:00,690417.1
2024-03-30 08:00:00,736647.1
2024-03-30 09:00:00,775912.9
2024-03-30 10:00:00,804176.6
2024-03-30 11:00:00,814622.8
2024-03-30 12:00:00,801200.3
2024-03-30 13:00:00,786106.9
2024-03-30 14:00:00,782374.3
2024-03-30 15:00:00,800216.8
2024-03-30 16:00:00,831103.8
2024-03-30 17:00:00,845937.8
2024-03-30 18:00:00,850372.9
2024-03-30 19:00:00,839912.1
2024-03-30 20:00:00,811959.5
2024-03-30 21:00:00,765448.6
2024-03-30 22:00:00,705320.4
2024-03-30 23:00:00,648475.7
2024-03-31 00:00:00,597852.4
2024-03-31 01:00:00,562110.9
2024-03-31 02:00:00,541335.2
2024-03-31 03:00:00,537207.5
2024-03-31 04:00:00,547041.9
2024-03-31 05:00:00,563744.8
2024-03-31 06:00:00,606072.6
2024-03-31 07:00:00,669661.1
2024-03-31 08:00:00,727450.8
2024-03-31 09:00:00,772211.1
2024-03-31 10:00:00,803419.7
2024-03-31 11:00:00,815992.9
2024-03-31 12:00:00,804571.8
2024-03-31 13:00:00,787369.4
2024-03-31 14:00:00,776571.0
2024-03-31 15:00:00,779741.1
2024-03-31 16:00:00,793878.7
2024-03-31 17:00:00,806078.7
2024-03-31 18:00:00,825745.7
2024-03-31 19:00:00,841801.0
2024-03-31 20:00:00,817969.5
2024-03-31 21:00:00,760891.7
2024-03-31 22:00:00,683407.9
2024-03-31 23:00:00,614558.2
2024-04-01 00:00:00,565020.1
2024-04-01 01:00:00,534079.9
2024-04-01 02:00:00,520981.1
2024-04-01 03:00:00,523564.5
2024-04-01 04:00:00,544998.8
2024-04-01 05:00:00,578407.1
2024-04-01 06:00:00,625514.7
2024-04-01 07:00:00,679842.8
2024-04-01 08:00:00,709376.1
2024-04-01 09:00:00,735883.9
2024-04-01 10:00:00,757426.1
2024-04-01 11:00:00,766440.7
2024-04-01 12:00:00,752354.9
2024-04-01 13:00:00,734331.1
2024-04-01 14:00:00,734923.3
2024-04-01 15:00:00,751791.1
2024-04-01 16:00:00,789151.8
2024-04-01 17:00:00,826307.8
2024-04-01 18:00:00,857964.7
2024-04-01 19:00:00,862688.5
2024-04-01 20:00:00,822698.5
2024-04-01 21:00:00,744895.8
2024-04-01 22:00:00,658803.0
2024-04-01 23:00:00,587541.7
2024-04-02 00:00:00,539422.0
2024-04-02 01:00:00,514232.4
2024-04-02 02:00:00,503087.1
2024-04-02 03:00:00,510842.1
2024-04-02 04:00:00,541119.6
2024-04-02 05:00:00,593385.5
2024-04-02 06:00:00,669234.0
2024-04-02 07:00:00,699975.0
2024-04-02 08:00:00,723126.8
2024-04-02 09:00:00,755045.6
2024-04-02 10:00:00,782119.7
2024-04-02 11:00:00,799282.1
2024-04-02 12:00:00,789584.5
2024-04-02 13:00:00,785273.8
2024-04-02 14:00:00,799332.4
2024-04-02 15:00:00,835047.5
2024-04-02 16:00:00,878501.4
2024-04-02 17:00:00,904627.5
2024-04-02 18:00:00,915661.4
2024-04-02 19:00:00,903693.1
2024-04-02 20:00:00,863784.2
2024-04-02 21:00:00,788243.8
2024-04-02 22:00:00,702983.8
2024-04-02 23:00:00,632114.5
2024-04-03 00:00:00,584558.9
2024-04-03 01:00:00,556212.1
2024-04-03 02:00:00,541246.2
2024-04-03 03:00:00,544062.4
2024-04-03 04:00:00,570768.9
2024-04-03 05:00:00,617978.0
2024-04-03 06:00:00,689325.0
2024-04-03 07:00:00,724919.0
2024-04-03 08:00:00,752364.2
2024-04-03 09:00:00,785292.7
2024-04-03 10:00:00,820742.7
2024-04-03 11:00:00,840964.5
2024-04-03 12:00:00,836080.3
2024-04-03 13:00:00,829336.0
2024-04-03 14:00:00,830256.3
2024-04-03 15:00:00,859137.8
2024-04-03 16:00:00,908431.4
2024-04-03 17:00:00,936954.7
2024-04-03 18:00:00,952299.4
2024-04-03 19:00:00,942420.6
2024-04-03 20:00:00,903527.0
2024-04-03 21:00:00,825392.2
2024-04-03 22:00:00,735493.7
2024-04-03 23:00:00,663361.4
2024-04-04 00:00:00,612476.3
2024-04-04 01:00:00,580031.4
2024-04-04 02:00:00,563020.6
2024-04-04 03:00:00,564448.6
2024-04-04 04:00:00,589137.9
2024-04-04 05:00:00,636020.5
2024-04-04 06:00:00,712031.8
2024-04-04 07:00:00,743371.2
2024-04-04 08:00:00,768765.9
2024-04-04 09:00:00,801464.0
2024-04-04 10:00:00,822122.1
2024-04-04 11:00:00,832629.0
2024-04-04 12:00:00,823471.2
2024-04-04 13:00:00,813424.0
2024-04-04 14:00:00,820697.9
2024-04-04 15:00:00,849337.9
2024-04-04 16:00:00,885084.8
2024-04-04 17:00:00,911053.0
2024-04-04 18:00:00,938782.3
2024-04-04 19:00:00,939167.1
2024-04-04 20:00:00,902860.8
2024-04-04 21:00:00,827375.4
2024-04-04 22:00:00,743871.4
2024-04-04 23:00:00,670658.1
2024-04-05 00:00:00,620308.3
2024-04-05 01:00:00,590566.0
2024-04-05 02:00:00,574231.0
2024-04-05 03:00:00,578429.6
2024-04-05 04:00:00,604250.8
2024-04-05 05:00:00,647339.9
2024-04-05 06:00:00,716747.6
2024-04-05 07:00:00,746716.3
2024-04-05 08:00:00,763107.9
2024-04-05 09:00:00,787135.6
2024-04-05 10:00:00,806095.1
2024-04-05 11:00:00,813187.5
2024-04-05 12:00:00,802319.5
2024-04-05 13:00:00,795282.9
2024-04-05 14:00:00,793624.0
2024-04-05 15:00:00,811587.0
2024-04-05 16:00:00,841137.3
2024-04-05 17:00:00,862561.6
2024-04-05 18:00:00,881827.2
2024-04-05 19:00:00,892974.7
2024-04-05 20:00:00,865969.2
2024-04-05 21:00:00,810529.0
2024-04-05 22:00:00,733541.9
2024-04-05 23:00:00,666096.2
2024-04-06 00:00:00,612118.5
2024-04-06 01:00:00,576367.7
2024-04-06 02:00:00,555463.3
2024-04-06 03:00:00,550676.7
2024-04-06 04:00:00,558491.0
2024-04-06 05:00:00,582757.9
2024-04-06 06:00:00,628765.6
2024-04-06 07:00:00,679314.2
2024-04-06 08:00:00,730156.7
2024-04-06 09:00:00,774917.4
2024-04-06 10:00:00,808836.8
2024-04-06 11:00:00,820706.3
2024-04-06 12:00:00,806312.5
2024-04-06 13:00:00,784041.1
2024-04-06 14:00:00,769374.5
2024-04-06 15:00:00,769701.3
2024-04-06 16:00:00,789840.6
2024-04-06 17:00:00,807322.6
2024-04-06 18:00:00,822933.2
2024-04-06 19:00:00,837307.8
2024-04-06 20:00:00,814077.3
2024-04-06 21:00:00,763737.8
2024-04-06 22:00:00,696531.0
2024-04-06 23:00:00,634570.5
2024-04-07 00:00:00,580910.5
2024-04-07 01:00:00,546256.4
2024-04-07 02:00:00,524606.3
2024-04-07 03:00:00,522332.8
2024-04-07 04:00:00,527851.5
2024-04-07 05:00:00,547870.3
2024-04-07 06:00:00,586148.8
2024-04-07 07:00:00,634221.5
2024-04-07 08:00:00,680037.7
2024-04-07 09:00:00,727259.0
2024-04-07 10:00:00,760305.4
2024-04-07 11:00:00,778154.3
2024-04-07 12:00:00,769111.4
2024-04-07 13:00:00,752288.8
2024-04-07 14:00:00,743738.3
2024-04-07 15:00:00,754495.3
2024-04-07 16:00:00,784485.6
2024-04-07 17:00:00,807905.9
2024-04-07 18:00:00,825624.7
2024-04-07 19:00:00,839841.1
2024-04-07 20:00:00,812309.5
2024-04-07 21:00:00,744375.6
2024-04-07 22:00:00,658032.0
2024-04-07 23:00:00,585680.4
2024-04-08 00:00:00,533503.4
2024-04-08 01:00:00,502637.4
2024-04-08 02:00:00,487615.2
2024-04-08 03:00:00,493901.9
2024-04-08 04:00:00,516504.4
2024-04-08 05:00:00,558637.0
2024-04-08 06:00:00,611260.5
2024-04-08 07:00:00,660161.1
2024-04-08 08:00:00,690321.5
2024-04-08 09:00:00,714287.9
2024-04-08 10:00:00,751977.2
2024-04-08 11:00:00,761323.4
2024-04-08 12:00:00,746046.6
2024-04-08 13:00:00,727149.7
2024-04-08 14:00:00,745962.8
2024-04-08 15:00:00,757233.3
2024-04-08 16:00:00,767346.4
2024-04-08 17:00:00,782663.6
2024-04-08 18:00:00,808801.6
2024-04-08 19:00:00,832078.3
2024-04-08 20:00:00,808410.7
2024-04-08 21:00:00,739146.3
2024-04-08 22:00:00,656558.5
2024-04-08 23:00:00,587848.3
2024-04-09 00:00:00,535848.1
2024-04-09 01:00:00,509524.6
2024-04-09 02:00:00,496959.6
2024-04-09 03:00:00,503805.0
2024-04-09 04:00:00,529184.7
2024-04-09 05:00:00,580123.5
2024-04-09 06:00:00,644899.7
2024-04-09 07:00:00,652589.0
2024-04-09 08:00:00,655528.9
2024-04-09 09:00:00,672474.7
2024-04-09 10:00:00,687309.1
2024-04-09 11:00:00,693498.5
2024-04-09 12:00:00,682680.6
2024-04-09 13:00:00,671548.8
2024-04-09 14:00:00,673961.3
2024-04-09 15:00:00,699853.3
2024-04-09 16:00:00,735109.6
2024-04-09 17:00:00,760354.1
2024-04-09 18:00:00,782796.6
2024-04-09 19:00:00,801109.9
2024-04-09 20:00:00,770352.5
2024-04-09 21:00:00,702959.3
2024-04-09 22:00:00,616620.2
2024-04-09 23:00:00,547255.3
2024-04-10 00:00:00,496158.0
2024-04-10 01:00:00,466124.4
2024-04-10 02:00:00,450265.2
2024-04-10 03:00:00,450687.2
2024-04-10 04:00:00,475506.7
2024-04-10 05:00:00,528303.3
2024-04-10 06:00:00,600705.4
2024-04-10 07:00:00,620148.9
2024-04-10 08:00:00,633939.8
2024-04-10 09:00:00,656159.6
2024-04-10 10:00:00,676169.9
2024-04-10 11:00:00,683292.5
2024-04-10 12:00:00,672145.5
2024-04-10 13:00:00,661823.0
2024-04-10 14:00:00,664086.9
2024-04-10 15:00:00,688109.1
2024-04-10 16:00:00,721677.6
2024-04-10 17:00:00,738697.5
2024-04-10 18:00:00,754883.7
2024-04-10 19:00:00,783590.6
2024-04-10 20:00:00,759836.4
2024-04-10 21:00:00,689592.9
2024-04-10 22:00:00,605442.0
2024-04-10 23:00:00,534000.9
2024-04-11 00:00:00,483053.8
2024-04-11 01:00:00,454294.6
2024-04-11 02:00:00,440133.2
2024-04-11 03:00:00,440218.3
2024-04-11 04:00:00,464441.8
2024-04-11 05:00:00,516005.1
2024-04-11 06:00:00,598153.1
2024-04-11 07:00:00,635333.2
2024-04-11 08:00:00,665814.3
2024-04-11 09:00:00,698339.0
2024-04-11 10:00:00,730922.9
2024-04-11 11:00:00,747901.0
2024-04-11 12:00:00,742479.6
2024-04-11 13:00:00,735611.6
2024-04-11 14:00:00,743527.7
2024-04-11 15:00:00,768812.0
2024-04-11 16:00:00,807845.4
2024-04-11 17:00:00,819225.1
2024-04-11 18:00:00,819599.1
2024-04-11 19:00:00,822275.1
2024-04-11 20:00:00,784632.1
2024-04-11 21:00:00,715120.8
2024-04-11 22:00:00,631049.5
2024-04-11 23:00:00,560614.9
2024-04-12 00:00:00,508061.4
2024-04-12 01:00:00,477898.9
2024-04-12 02:00:00,460570.8
2024-04-12 03:00:00,458904.4
2024-04-12 04:00:00,478813.9
2024-04-12 05:00:00,525595.7
2024-04-12 06:00:00,600993.9
2024-04-12 07:00:00,648926.3
2024-04-12 08:00:00,688097.5
2024-04-12 09:00:00,725749.9
2024-04-12 10:00:00,754130.2
2024-04-12 11:00:00,764930.5
2024-04-12 12:00:00,753800.8
2024-04-12 13:00:00,739370.7
2024-04-12 14:00:00,744413.6
2024-04-12 15:00:00,771849.9
2024-04-12 16:00:00,799461.8
2024-04-12 17:00:00,814203.3
2024-04-12 18:00:00,826490.5
2024-04-12 19:00:00,839115.6
2024-04-12 20:00:00,814627.6
2024-04-12 21:00:00,758210.9
2024-04-12 22:00:00,689814.2
2024-04-12 23:00:00,625181.5
2024-04-13 00:00:00,571327.3
2024-04-13 01:00:00,537658.3
2024-04-13 02:00:00,518300.7
2024-04-13 03:00:00,513132.7
2024-04-13 04:00:00,524031.0
2024-04-13 05:00:00,550652.2
2024-04-13 06:00:00,603639.1
2024-04-13 07:00:00,677813.3
2024-04-13 08:00:00,748120.1
2024-04-13 09:00:00,804838.6
2024-04-13 10:00:00,837506.0
2024-04-13 11:00:00,848591.8
2024-04-13 12:00:00,832457.9
2024-04-13 13:00:00,811745.6
2024-04-13 14:00:00,794342.9
2024-04-13 15:00:00,788473.0
2024-04-13 16:00:00,800649.4
2024-04-13 17:00:00,804574.7
2024-04-13 18:00:00,806939.6
2024-04-13 19:00:00,826537.7
2024-04-13 20:00:00,805777.9
2024-04-13 21:00:00,755482.5
2024-04-13 22:00:00,683948.6
2024-04-13 23:00:00,617345.8
2024-04-14 00:00:00,561229.5
2024-04-14 01:00:00,522801.3
2024-04-14 02:00:00,498525.5
2024-04-14 03:00:00,488471.4
2024-04-14 04:00:00,492680.2
2024-04-14 05:00:00,513970.4
2024-04-14 06:00:00,554617.3
2024-04-14 07:00:00,623383.8
2024-04-14 08:00:00,678052.7
2024-04-14 09:00:00,723144.8
2024-04-14 10:00:00,761241.2
2024-04-14 11:00:00,779183.6
2024-04-14 12:00:00,768110.1
2024-04-14 13:00:00,754438.3
2024-04-14 14:00:00,748169.6
2024-04-14 15:00:00,759983.1
2024-04-14 16:00:00,790626.7
2024-04-14 17:00:00,802318.7
2024-04-14 18:00:00,809433.5
2024-04-14 19:00:00,833274.5
2024-04-14 20:00:00,807628.4
2024-04-14 21:00:00,736887.9
2024-04-14 22:00:00,644635.2
2024-04-14 23:00:00,565976.9
2024-04-15 00:00:00,507397.3
2024-04-15 01:00:00,477309.0
2024-04-15 02:00:00,463584.0
2024-04-15 03:00:00,466050.5
2024-04-15 04:00:00,490543.9
2024-04-15 05:00:00,544406.1
2024-04-15 06:00:00,609511.3
2024-04-15 07:00:00,630269.5
2024-04-15 08:00:00,651021.3
2024-04-15 09:00:00,672725.2
2024-04-15 10:00:00,692630.1
2024-04-15 11:00:00,702201.5
2024-04-15 12:00:00,690622.1
2024-04-15 13:00:00,678727.6
2024-04-15 14:00:00,680448.2
2024-04-15 15:00:00,707443.9
2024-04-15 16:00:00,743403.6
2024-04-15 17:00:00,762370.7
2024-04-15 18:00:00,773945.0
2024-04-15 19:00:00,801600.2
2024-04-15 20:00:00,775856.1
2024-04-15 21:00:00,701847.1
2024-04-15 22:00:00,616827.7
2024-04-15 23:00:00,546333.4
2024-04-16 00:00:00,496243.4
2024-04-16 01:00:00,469856.8
2024-04-16 02:00:00,458088.2
2024-04-16 03:00:00,462751.7
2024-04-16 04:00:00,489951.0
2024-04-16 05:00:00,543814.6
2024-04-16 06:00:00,609490.1
2024-04-16 07:00:00,623864.9
2024-04-16 08:00:00,633857.1
2024-04-16 09:00:00,654886.0
2024-04-16 10:00:00,673202.3
2024-04-16 11:00:00,682490.3
2024-04-16 12:00:00,671553.5
2024-04-16 13:00:00,662203.3
2024-04-16 14:00:00,664517.7
2024-04-16 15:00:00,690198.4
2024-04-16 16:00:00,723832.5
2024-04-16 17:00:00,744683.2
2024-04-16 18:00:00,758971.6
2024-04-16 19:00:00,788100.6
2024-04-16 20:00:00,766394.4
2024-04-16 21:00:00,698062.0
2024-04-16 22:00:00,613523.2
2024-04-16 23:00:00,542618.9
2024-04-17 00:00:00,493794.2
2024-04-17 01:00:00,467036.8
2024-04-17 02:00:00,454641.1
2024-04-17 03:00:00,458730.5
2024-04-17 04:00:00,487408.7
2024-04-17 05:00:00,541621.3
2024-04-17 06:00:00,620725.9
2024-04-17 07:00:00,663369.2
2024-04-17 08:00:00,696697.1
2024-04-17 09:00:00,736610.2
2024-04-17 10:00:00,762564.4
2024-04-17 11:00:00,780523.5
2024-04-17 12:00:00,774507.6
2024-04-17 13:00:00,767423.9
2024-04-17 14:00:00,776646.1
2024-04-17 15:00:00,811195.2
2024-04-17 16:00:00,852190.5
2024-04-17 17:00:00,876783.2
2024-04-17 18:00:00,873738.9
2024-04-17 19:00:00,873334.3
2024-04-17 20:00:00,834857.5
2024-04-17 21:00:00,759163.1
2024-04-17 22:00:00,671730.4
2024-04-17 23:00:00,593921.4
2024-04-18 00:00:00,540027.7
2024-04-18 01:00:00,506893.7
2024-04-18 02:00:00,490289.6
2024-04-18 03:00:00,491566.9
2024-04-18 04:00:00,516097.8
2024-04-18 05:00:00,566304.3
2024-04-18 06:00:00,632969.3
2024-04-18 07:00:00,659001.1
2024-04-18 08:00:00,681260.9
2024-04-18 09:00:00,704006.0
2024-04-18 10:00:00,726722.6
2024-04-18 11:00:00,730825.8
2024-04-18 12:00:00,716624.1
2024-04-18 13:00:00,712952.5
2024-04-18 14:00:00,710856.4
2024-04-18 15:00:00,737970.3
2024-04-18 16:00:00,773772.3
2024-04-18 17:00:00,785219.2
2024-04-18 18:00:00,796888.5
2024-04-18 19:00:00,817114.6
2024-04-18 20:00:00,791108.9
2024-04-18 21:00:00,725464.5
2024-04-18 22:00:00,641980.1
2024-04-18 23:00:00,569999.0
2024-04-19 00:00:00,519677.2
2024-04-19 01:00:00,488463.3
2024-04-19 02:00:00,472450.0
2024-04-19 03:00:00,474280.7
2024-04-19 04:00:00,498758.3
2024-04-19 05:00:00,548388.8
2024-04-19 06:00:00,617507.3
2024-04-19 07:00:00,658541.4
2024-04-19 08:00:00,694583.8
2024-04-19 09:00:00,732643.7
2024-04-19 10:00:00,765795.4
2024-04-19 11:00:00,767046.0
2024-04-19 12:00:00,734537.0
2024-04-19 13:00:00,712498.8
2024-04-19 14:00:00,706551.5
2024-04-19 15:00:00,719679.7
2024-04-19 16:00:00,739034.5
2024-04-19 17:00:00,748694.7
2024-04-19 18:00:00,759285.0
2024-04-19 19:00:00,789624.6
2024-04-19 20:00:00,780535.3
2024-04-19 21:00:00,730285.8
2024-04-19 22:00:00,661851.9
2024-04-19 23:00:00,596852.8
2024-04-20 00:00:00,543804.2
2024-04-20 01:00:00,507718.3
2024-04-20 02:00:00,486857.2
2024-04-20 03:00:00,481170.5
2024-04-20 04:00:00,491830.2
2024-04-20 05:00:00,516771.4
2024-04-20 06:00:00,567702.2
2024-04-20 07:00:00,639139.2
2024-04-20 08:00:00,712478.0
2024-04-20 09:00:00,768362.1
2024-04-20 10:00:00,816762.7
2024-04-20 11:00:00,833131.9
2024-04-20 12:00:00,829354.4
2024-04-20 13:00:00,807985.7
2024-04-20 14:00:00,810105.5
2024-04-20 15:00:00,815311.9
2024-04-20 16:00:00,833396.3
2024-04-20 17:00:00,852993.5
2024-04-20 18:00:00,852253.8
2024-04-20 19:00:00,850333.0
2024-04-20 20:00:00,824667.8
2024-04-20 21:00:00,769578.9
2024-04-20 22:00:00,698367.0
2024-04-20 23:00:00,630306.6
2024-04-21 00:00:00,574878.8
2024-04-21 01:00:00,537754.7
2024-04-21 02:00:00,514529.9
2024-04-21 03:00:00,505752.0
2024-04-21 04:00:00,513394.2
2024-04-21 05:00:00,536124.2
2024-04-21 06:00:00,579908.3
2024-04-21 07:00:00,643398.9
2024-04-21 08:00:00,703069.5
2024-04-21 09:00:00,757520.3
2024-04-21 10:00:00,805624.3
2024-04-21 11:00:00,815174.2
2024-04-21 12:00:00,805791.8
2024-04-21 13:00:00,796523.2
2024-04-21 14:00:00,793078.6
2024-04-21 15:00:00,808457.1
2024-04-21 16:00:00,842886.7
2024-04-21 17:00:00,853812.6
2024-04-21 18:00:00,855021.1
2024-04-21 19:00:00,877127.2
2024-04-21 20:00:00,854968.4
2024-04-21 21:00:00,781593.1
2024-04-21 22:00:00,685669.9
2024-04-21 23:00:00,605290.5
2024-04-22 00:00:00,550304.6
2024-04-22 01:00:00,520494.3
2024-04-22 02:00:00,507066.9
2024-04-22 03:00:00,511933.2
2024-04-22 04:00:00,540320.8
2024-04-22 05:00:00,592480.2
2024-04-22 06:00:00,653585.8
2024-04-22 07:00:00,668119.4
2024-04-22 08:00:00,684118.7
2024-04-22 09:00:00,707175.3
2024-04-22 10:00:00,727700.1
2024-04-22 11:00:00,736781.8
2024-04-22 12:00:00,723055.7
2024-04-22 13:00:00,707151.5
2024-04-22 14:00:00,705721.2
2024-04-22 15:00:00,730808.5
2024-04-22 16:00:00,763233.5
2024-04-22 17:00:00,778200.6
2024-04-22 18:00:00,789309.7
2024-04-22 19:00:00,815638.6
2024-04-22 20:00:00,796165.5
2024-04-22 21:00:00,729032.8
2024-04-22 22:00:00,646408.6
2024-04-22 23:00:00,572000.7
2024-04-23 00:00:00,522431.4
2024-04-23 01:00:00,493677.3
2024-04-23 02:00:00,479008.5
2024-04-23 03:00:00,481241.2
2024-04-23 04:00:00,507672.7
2024-04-23 05:00:00,558254.3
2024-04-23 06:00:00,621415.4
2024-04-23 07:00:00,647239.4
2024-04-23 08:00:00,672543.0
2024-04-23 09:00:00,685016.7
2024-04-23 10:00:00,697444.8
2024-04-23 11:00:00,713926.4
2024-04-23 12:00:00,711296.3
2024-04-23 13:00:00,706798.8
2024-04-23 14:00:00,720785.7
2024-04-23 15:00:00,759609.1
2024-04-23 16:00:00,796628.3
2024-04-23 17:00:00,816734.9
2024-04-23 18:00:00,824851.7
2024-04-23 19:00:00,822069.4
2024-04-23 20:00:00,785665.0
2024-04-23 21:00:00,714632.9
2024-04-23 22:00:00,628252.9
2024-04-23 23:00:00,557602.1
2024-04-24 00:00:00,508568.5
2024-04-24 01:00:00,479775.3
2024-04-24 02:00:00,465899.6
2024-04-24 03:00:00,469440.7
2024-04-24 04:00:00,496245.9
2024-04-24 05:00:00,549165.2
2024-04-24 06:00:00,616995.0
2024-04-24 07:00:00,657568.3
2024-04-24 08:00:00,685733.4
2024-04-24 09:00:00,714337.3
2024-04-24 10:00:00,732809.8
2024-04-24 11:00:00,742566.5
2024-04-24 12:00:00,725264.1
2024-04-24 13:00:00,706597.8
2024-04-24 14:00:00,704379.2
2024-04-24 15:00:00,728026.7
2024-04-24 16:00:00,759022.3
2024-04-24 17:00:00,778289.7
2024-04-24 18:00:00,793432.3
2024-04-24 19:00:00,826204.5
2024-04-24 20:00:00,819254.3
2024-04-24 21:00:00,756279.1
2024-04-24 22:00:00,670108.6
2024-04-24 23:00:00,598969.7
2024-04-25 00:00:00,550019.1
2024-04-25 01:00:00,523119.7
2024-04-25 02:00:00,511805.4
2024-04-25 03:00:00,516600.0
2024-04-25 04:00:00,547618.0
2024-04-25 05:00:00,600717.2
2024-04-25 06:00:00,660577.8
2024-04-25 07:00:00,672491.8
2024-04-25 08:00:00,686945.2
2024-04-25 09:00:00,708090.3
2024-04-25 10:00:00,728262.4
2024-04-25 11:00:00,736237.0
2024-04-25 12:00:00,724082.2
2024-04-25 13:00:00,711025.5
2024-04-25 14:00:00,709842.8
2024-04-25 15:00:00,731482.0
2024-04-25 16:00:00,757935.9
2024-04-25 17:00:00,775746.6
2024-04-25 18:00:00,792849.8
2024-04-25 19:00:00,829088.4
2024-04-25 20:00:00,822489.3
2024-04-25 21:00:00,756687.0
2024-04-25 22:00:00,672316.4
2024-04-25 23:00:00,603651.3
2024-04-26 00:00:00,554624.2
2024-04-26 01:00:00,526877.1
2024-04-26 02:00:00,514387.1
2024-04-26 03:00:00,518049.9
2024-04-26 04:00:00,546238.3
2024-04-26 05:00:00,595511.0
2024-04-26 06:00:00,651765.9
2024-04-26 07:00:00,670738.8
2024-04-26 08:00:00,689810.0
2024-04-26 09:00:00,713359.1
2024-04-26 10:00:00,733738.5
2024-04-26 11:00:00,739893.1
2024-04-26 12:00:00,724747.7
2024-04-26 13:00:00,711115.0
2024-04-26 14:00:00,708240.3
2024-04-26 15:00:00,725797.8
2024-04-26 16:00:00,746256.6
2024-04-26 17:00:00,755990.2
2024-04-26 18:00:00,771967.9
2024-04-26 19:00:00,805852.3
2024-04-26 20:00:00,795886.6
2024-04-26 21:00:00,741902.9
2024-04-26 22:00:00,671553.5
2024-04-26 23:00:00,601392.8
2024-04-27 00:00:00,548753.8
2024-04-27 01:00:00,513238.4
2024-04-27 02:00:00,493290.9
2024-04-27 03:00:00,484045.7
2024-04-27 04:00:00,492573.1
2024-04-27 05:00:00,517214.2
2024-04-27 06:00:00,568904.5
2024-04-27 07:00:00,644641.8
2024-04-27 08:00:00,716888.0
2024-04-27 09:00:00,778224.0
2024-04-27 10:00:00,821523.7
2024-04-27 11:00:00,838470.4
2024-04-27 12:00:00,825416.5
2024-04-27 13:00:00,813555.1
2024-04-27 14:00:00,805456.4
2024-04-27 15:00:00,787449.8
2024-04-27 16:00:00,793986.8
2024-04-27 17:00:00,792126.7
2024-04-27 18:00:00,781653.0
2024-04-27 19:00:00,792232.3
2024-04-27 20:00:00,781142.7
2024-04-27 21:00:00,732280.9
2024-04-27 22:00:00,660919.7
2024-04-27 23:00:00,591957.0
2024-04-28 00:00:00,534861.0
2024-04-28 01:00:00,496842.3
2024-04-28 02:00:00,471176.5
2024-04-28 03:00:00,460653.7
2024-04-28 04:00:00,464377.3
2024-04-28 05:00:00,483131.0
2024-04-28 06:00:00,520963.3
2024-04-28 07:00:00,577697.6
2024-04-28 08:00:00,640294.2
2024-04-28 09:00:00,695819.7
2024-04-28 10:00:00,745548.9
2024-04-28 11:00:00,780731.4
2024-04-28 12:00:00,780503.1
2024-04-28 13:00:00,768456.3
2024-04-28 14:00:00,767145.2
2024-04-28 15:00:00,779630.7
2024-04-28 16:00:00,805072.0
2024-04-28 17:00:00,819180.1
2024-04-28 18:00:00,819559.7
2024-04-28 19:00:00,827386.1
2024-04-28 20:00:00,797461.0
2024-04-28 21:00:00,721724.2
2024-04-28 22:00:00,626082.1
2024-04-28 23:00:00,548586.9
2024-04-29 00:00:00,492010.4
2024-04-29 01:00:00,459430.3
2024-04-29 02:00:00,442867.3
2024-04-29 03:00:00,443260.8
2024-04-29 04:00:00,464167.4
2024-04-29 05:00:00,513004.6
2024-04-29 06:00:00,584862.4
2024-04-29 07:00:00,619453.0
2024-04-29 08:00:00,645518.5
2024-04-29 09:00:00,680739.0
2024-04-29 10:00:00,705078.3
2024-04-29 11:00:00,719557.7
2024-04-29 12:00:00,712068.9
2024-04-29 13:00:00,701101.1
2024-04-29 14:00:00,707805.4
2024-04-29 15:00:00,738262.4
2024-04-29 16:00:00,772781.3
2024-04-29 17:00:00,792714.2
2024-04-29 18:00:00,796963.7
2024-04-29 19:00:00,818106.0
2024-04-29 20:00:00,795563.2
2024-04-29 21:00:00,720192.6
2024-04-29 22:00:00,631502.5
2024-04-29 23:00:00,559819.8
2024-04-30 00:00:00,507124.4
2024-04-30 01:00:00,475539.0
2024-04-30 02:00:00,458495.5
2024-04-30 03:00:00,457856.2
2024-04-30 04:00:00,481676.0
2024-04-30 05:00:00,533365.7
2024-04-30 06:00:00,603912.3
2024-04-30 07:00:00,635069.5
2024-04-30 08:00:00,658322.5
2024-04-30 09:00:00,678915.9
2024-04-30 10:00:00,700666.6
2024-04-30 11:00:00,712171.4
2024-04-30 12:00:00,701486.3
2024-04-30 13:00:00,685259.3
2024-04-30 14:00:00,684290.6
2024-04-30 15:00:00,706160.0
2024-04-30 16:00:00,739134.3
2024-04-30 17:00:00,759048.0
2024-04-30 18:00:00,767321.3
2024-04-30 19:00:00,789066.8
2024-04-30 20:00:00,773691.2
2024-04-30 21:00:00,706806.0
2024-04-30 22:00:00,622886.8
2024-04-30 23:00:00,550381.8
2024-05-01 00:00:00,495832.0
2024-05-01 01:00:00,464850.6
2024-05-01 02:00:00,450054.4
2024-05-01 03:00:00,450902.8
2024-05-01 04:00:00,475184.9
2024-05-01 05:00:00,526005.6
2024-05-01 06:00:00,593915.2
2024-05-01 07:00:00,619990.7
2024-05-01 08:00:00,642003.6
2024-05-01 09:00:00,665565.1
2024-05-01 10:00:00,683979.1
2024-05-01 11:00:00,693017.4
2024-05-01 12:00:00,680517.2
2024-05-01 13:00:00,669397.2
2024-05-01 14:00:00,671395.6
2024-05-01 15:00:00,696178.6
2024-05-01 16:00:00,730687.5
2024-05-01 17:00:00,746829.1
2024-05-01 18:00:00,756934.8
2024-05-01 19:00:00,780908.2
2024-05-01 20:00:00,772127.7
2024-05-01 21:00:00,705318.1
2024-05-01 22:00:00,617784.8
2024-05-01 23:00:00,541158.0
2024-05-02 00:00:00,488412.3
2024-05-02 01:00:00,456592.2
2024-05-02 02:00:00,441179.8
2024-05-02 03:00:00,442222.5
2024-05-02 04:00:00,465693.1
2024-05-02 05:00:00,514117.8
2024-05-02 06:00:00,580621.2
2024-05-02 07:00:00,602559.5
2024-05-02 08:00:00,622484.7
2024-05-02 09:00:00,650386.9
2024-05-02 10:00:00,671117.7
2024-05-02 11:00:00,682502.9
2024-05-02 12:00:00,674812.1
2024-05-02 13:00:00,667258.0
2024-05-02 14:00:00,673256.0
2024-05-02 15:00:00,698474.0
2024-05-02 16:00:00,730787.4
2024-05-02 17:00:00,746362.7
2024-05-02 18:00:00,752694.5
2024-05-02 19:00:00,773751.3
2024-05-02 20:00:00,769038.8
2024-05-02 21:00:00,704970.4
2024-05-02 22:00:00,620668.1
2024-05-02 23:00:00,543730.8
2024-05-03 00:00:00,486049.9
2024-05-03 01:00:00,452314.9
2024-05-03 02:00:00,433517.2
2024-05-03 03:00:00,431209.2
2024-05-03 04:00:00,450692.4
2024-05-03 05:00:00,494991.1
2024-05-03 06:00:00,561962.3
2024-05-03 07:00:00,598135.3
2024-05-03 08:00:00,629822.4
2024-05-03 09:00:00,664257.4
2024-05-03 10:00:00,687744.1
2024-05-03 11:00:00,705943.3
2024-05-03 12:00:00,697320.7
2024-05-03 13:00:00,690933.7
2024-05-03 14:00:00,694660.1
2024-05-03 15:00:00,714772.5
2024-05-03 16:00:00,746995.0
2024-05-03 17:00:00,760015.4
2024-05-03 18:00:00,771369.9
2024-05-03 19:00:00,777959.8
2024-05-03 20:00:00,754922.0
2024-05-03 21:00:00,695903.1
2024-05-03 22:00:00,624501.4
2024-05-03 23:00:00,556241.8
2024-05-04 00:00:00,501466.1
2024-05-04 01:00:00,465777.3
2024-05-04 02:00:00,442773.5
2024-05-04 03:00:00,432784.7
2024-05-04 04:00:00,438665.1
2024-05-04 05:00:00,463054.0
2024-05-04 06:00:00,515384.7
2024-05-04 07:00:00,587868.7
2024-05-04 08:00:00,653437.4
2024-05-04 09:00:00,708903.9
2024-05-04 10:00:00,748359.7
2024-05-04 11:00:00,768501.7
2024-05-04 12:00:00,762018.0
2024-05-04 13:00:00,747233.3
2024-05-04 14:00:00,738702.7
2024-05-04 15:00:00,741591.4
2024-05-04 16:00:00,761069.4
2024-05-04 17:00:00,766559.9
2024-05-04 18:00:00,763610.4
2024-05-04 19:00:00,776892.0
2024-05-04 20:00:00,759100.2
2024-05-04 21:00:00,708762.7
2024-05-04 22:00:00,639583.9
2024-05-04 23:00:00,569452.6
2024-05-05 00:00:00,509543.8
2024-05-05 01:00:00,467495.2
2024-05-05 02:00:00,441402.0
2024-05-05 03:00:00,429714.8
2024-05-05 04:00:00,431312.7
2024-05-05 05:00:00,448621.7
2024-05-05 06:00:00,492669.3
2024-05-05 07:00:00,562947.2
2024-05-05 08:00:00,638910.5
2024-05-05 09:00:00,703456.4
2024-05-05 10:00:00,748216.1
2024-05-05 11:00:00,771566.1
2024-05-05 12:00:00,767711.7999999999
2024-05-05 13:00:00,756856.6
2024-05-05 14:00:00,752178.4
2024-05-05 15:00:00,765657.9
2024-05-05 16:00:00,811258.1
2024-05-05 17:00:00,826777.7
2024-05-05 18:00:00,805405.0
2024-05-05 19:00:00,805445.9
2024-05-05 20:00:00,795305.1
2024-05-05 21:00:00,723031.1
2024-05-05 22:00:00,628241.7
2024-05-05 23:00:00,545435.5
2024-05-06 00:00:00,487614.4
2024-05-06 01:00:00,453984.8
2024-05-06 02:00:00,436573.4
2024-05-06 03:00:00,436810.2
2024-05-06 04:00:00,459731.0
2024-05-06 05:00:00,506368.2
2024-05-06 06:00:00,574833.7
2024-05-06 07:00:00,598910.0
2024-05-06 08:00:00,623452.7
2024-05-06 09:00:00,651598.1
2024-05-06 10:00:00,672231.4
2024-05-06 11:00:00,686105.9
2024-05-06 12:00:00,679141.8
2024-05-06 13:00:00,672345.9
2024-05-06 14:00:00,675746.6
2024-05-06 15:00:00,700088.3
2024-05-06 16:00:00,737727.6
2024-05-06 17:00:00,755687.4
2024-05-06 18:00:00,760277.4
2024-05-06 19:00:00,771416.1
2024-05-06 20:00:00,768227.4
2024-05-06 21:00:00,696546.1
2024-05-06 22:00:00,604496.9
2024-05-06 23:00:00,527726.1
2024-05-07 00:00:00,475270.9
2024-05-07 01:00:00,445333.6
2024-05-07 02:00:00,431531.8
2024-05-07 03:00:00,432767.5
2024-05-07 04:00:00,456745.1
2024-05-07 05:00:00,505955.0
2024-05-07 06:00:00,571443.4
2024-05-07 07:00:00,593796.3
2024-05-07 08:00:00,614335.4
2024-05-07 09:00:00,642338.0
2024-05-07 10:00:00,662814.7
2024-05-07 11:00:00,676240.6
2024-05-07 12:00:00,671521.0
2024-05-07 13:00:00,665098.9
2024-05-07 14:00:00,671851.1
2024-05-07 15:00:00,698032.6
2024-05-07 16:00:00,736145.9
2024-05-07 17:00:00,752799.3
2024-05-07 18:00:00,760108.5
2024-05-07 19:00:00,773326.4
2024-05-07 20:00:00,762400.9
2024-05-07 21:00:00,692074.5
2024-05-07 22:00:00,604502.7
2024-05-07 23:00:00,528920.3
2024-05-08 00:00:00,475622.4
2024-05-08 01:00:00,444961.5
2024-05-08 02:00:00,428543.2
2024-05-08 03:00:00,427624.7
2024-05-08 04:00:00,448719.2
2024-05-08 05:00:00,494222.1
2024-05-08 06:00:00,561640.3
2024-05-08 07:00:00,592385.3
2024-05-08 08:00:00,614974.5
2024-05-08 09:00:00,652098.7
2024-05-08 10:00:00,678258.0
2024-05-08 11:00:00,690459.1
2024-05-08 12:00:00,682649.4
2024-05-08 13:00:00,679587.4
2024-05-08 14:00:00,682367.2
2024-05-08 15:00:00,709295.6
2024-05-08 16:00:00,743901.7
2024-05-08 17:00:00,759319.7
2024-05-08 18:00:00,771700.1
2024-05-08 19:00:00,783700.8
2024-05-08 20:00:00,763018.4
2024-05-08 21:00:00,691980.2
2024-05-08 22:00:00,603126.4
2024-05-08 23:00:00,528797.9
2024-05-09 00:00:00,476373.9
2024-05-09 01:00:00,446782.5
2024-05-09 02:00:00,431132.1
2024-05-09 03:00:00,431353.7
2024-05-09 04:00:00,455056.4
2024-05-09 05:00:00,504175.0
2024-05-09 06:00:00,571490.7
2024-05-09 07:00:00,595253.8
2024-05-09 08:00:00,619632.1
2024-05-09 09:00:00,649967.8
2024-05-09 10:00:00,670512.7
2024-05-09 11:00:00,680503.7
2024-05-09 12:00:00,674356.4
2024-05-09 13:00:00,666844.5
2024-05-09 14:00:00,668620.0
2024-05-09 15:00:00,693484.9
2024-05-09 16:00:00,729625.1
2024-05-09 17:00:00,747652.7
2024-05-09 18:00:00,759934.6
2024-05-09 19:00:00,772239.2
2024-05-09 20:00:00,756577.1
2024-05-09 21:00:00,688114.7
2024-05-09 22:00:00,605955.9
2024-05-09 23:00:00,531848.1
2024-05-10 00:00:00,479370.2
2024-05-10 01:00:00,449885.7
2024-05-10 02:00:00,437142.9
2024-05-10 03:00:00,450390.1
2024-05-10 04:00:00,455303.6
2024-05-10 05:00:00,499414.2
2024-05-10 06:00:00,567527.2
2024-05-10 07:00:00,602524.0
2024-05-10 08:00:00,628057.9
2024-05-10 09:00:00,658111.4
2024-05-10 10:00:00,680635.0
2024-05-10 11:00:00,695090.4
2024-05-10 12:00:00,687303.3
2024-05-10 13:00:00,677987.8
2024-05-10 14:00:00,676816.9
2024-05-10 15:00:00,695741.7
2024-05-10 16:00:00,721086.3
2024-05-10 17:00:00,728788.9
2024-05-10 18:00:00,730663.5
2024-05-10 19:00:00,746170.8
2024-05-10 20:00:00,744692.1
2024-05-10 21:00:00,692131.9
2024-05-10 22:00:00,619487.4
2024-05-10 23:00:00,552765.6
2024-05-11 00:00:00,499255.1
2024-05-11 01:00:00,464818.3
2024-05-11 02:00:00,443990.3
2024-05-11 03:00:00,434581.2
2024-05-11 04:00:00,441353.9
2024-05-11 05:00:00,468471.3
2024-05-11 06:00:00,520298.7
2024-05-11 07:00:00,590174.7
2024-05-11 08:00:00,651455.8
2024-05-11 09:00:00,697950.9
2024-05-11 10:00:00,732428.1
2024-05-11 11:00:00,746185.7
2024-05-11 12:00:00,740516.4
2024-05-11 13:00:00,730735.3
2024-05-11 14:00:00,727497.6
2024-05-11 15:00:00,735637.5
2024-05-11 16:00:00,756986.1
2024-05-11 17:00:00,765705.3
2024-05-11 18:00:00,767976.0
2024-05-11 19:00:00,768886.5
2024-05-11 20:00:00,750406.4
2024-05-11 21:00:00,698380.8
2024-05-11 22:00:00,626685.2
2024-05-11 23:00:00,561368.0
2024-05-12 00:00:00,506586.5
2024-05-12 01:00:00,469171.6
2024-05-12 02:00:00,447383.7
2024-05-12 03:00:00,437412.1
2024-05-12 04:00:00,441280.9
2024-05-12 05:00:00,462594.4
2024-05-12 06:00:00,509332.8
2024-05-12 07:00:00,576376.0
2024-05-12 08:00:00,637834.2
2024-05-12 09:00:00,684980.3
2024-05-12 10:00:00,716585.3
2024-05-12 11:00:00,728880.7
2024-05-12 12:00:00,718773.4
2024-05-12 13:00:00,708567.4
2024-05-12 14:00:00,704625.6
2024-05-12 15:00:00,715693.1
2024-05-12 16:00:00,737134.2
2024-05-12 17:00:00,751767.1
2024-05-12 18:00:00,758661.4
2024-05-12 19:00:00,779698.6
2024-05-12 20:00:00,778464.9
2024-05-12 21:00:00,713187.8
2024-05-12 22:00:00,619939.8
2024-05-12 23:00:00,538547.4
2024-05-13 00:00:00,479599.6
2024-05-13 01:00:00,445630.5
2024-05-13 02:00:00,428634.4
2024-05-13 03:00:00,427688.5
2024-05-13 04:00:00,449609.6
2024-05-13 05:00:00,497860.2
2024-05-13 06:00:00,570361.2
2024-05-13 07:00:00,609675.8
2024-05-13 08:00:00,637361.3
2024-05-13 09:00:00,660860.9
2024-05-13 10:00:00,683860.3
2024-05-13 11:00:00,701350.7
2024-05-13 12:00:00,695778.0
2024-05-13 13:00:00,686838.2
2024-05-13 14:00:00,689180.9
2024-05-13 15:00:00,714620.7
2024-05-13 16:00:00,752074.0
2024-05-13 17:00:00,782365.4
2024-05-13 18:00:00,798291.7
2024-05-13 19:00:00,795414.9
2024-05-13 20:00:00,771305.2
2024-05-13 21:00:00,696154.4
2024-05-13 22:00:00,603685.4
2024-05-13 23:00:00,527929.8
2024-05-14 00:00:00,473283.7
2024-05-14 01:00:00,442619.5
2024-05-14 02:00:00,427219.8
2024-05-14 03:00:00,424590.5
2024-05-14 04:00:00,445081.0
2024-05-14 05:00:00,492957.5
2024-05-14 06:00:00,564775.7
2024-05-14 07:00:00,597643.3
2024-05-14 08:00:00,621841.9
2024-05-14 09:00:00,652818.5
2024-05-14 10:00:00,678184.2
2024-05-14 11:00:00,694516.2
2024-05-14 12:00:00,690603.3
2024-05-14 13:00:00,684616.7
2024-05-14 14:00:00,693029.7
2024-05-14 15:00:00,723023.4
2024-05-14 16:00:00,760473.3
2024-05-14 17:00:00,772574.7
2024-05-14 18:00:00,773029.9
2024-05-14 19:00:00,779442.4
2024-05-14 20:00:00,775333.9
2024-05-14 21:00:00,707234.3
2024-05-14 22:00:00,614640.1
2024-05-14 23:00:00,536407.9
2024-05-15 00:00:00,479581.8
2024-05-15 01:00:00,444782.1
2024-05-15 02:00:00,427471.0
2024-05-15 03:00:00,425593.2
2024-05-15 04:00:00,446219.4
2024-05-15 05:00:00,492727.5
2024-05-15 06:00:00,559106.9
2024-05-15 07:00:00,589739.9
2024-05-15 08:00:00,613915.0
2024-05-15 09:00:00,643126.1
2024-05-15 10:00:00,663713.2
2024-05-15 11:00:00,679232.0
2024-05-15 12:00:00,686072.2
2024-05-15 13:00:00,683654.4
2024-05-15 14:00:00,687874.2
2024-05-15 15:00:00,716319.0
2024-05-15 16:00:00,750496.0
2024-05-15 17:00:00,766662.7
2024-05-15 18:00:00,772529.9
2024-05-15 19:00:00,789428.5
2024-05-15 20:00:00,780191.3
2024-05-15 21:00:00,712332.8
2024-05-15 22:00:00,619657.7
2024-05-15 23:00:00,539414.3
2024-05-16 00:00:00,481590.5
2024-05-16 01:00:00,448220.4
2024-05-16 02:00:00,429813.2
2024-05-16 03:00:00,427262.6
2024-05-16 04:00:00,446486.9
2024-05-16 05:00:00,492291.2
2024-05-16 06:00:00,562577.6
2024-05-16 07:00:00,594926.3
2024-05-16 08:00:00,627317.7
2024-05-16 09:00:00,664628.3
2024-05-16 10:00:00,691763.2
2024-05-16 11:00:00,708862.1
2024-05-16 12:00:00,707579.4
2024-05-16 13:00:00,704940.9
2024-05-16 14:00:00,714903.4
2024-05-16 15:00:00,743870.4
2024-05-16 16:00:00,779431.8
2024-05-16 17:00:00,794681.3
2024-05-16 18:00:00,797772.7
2024-05-16 19:00:00,805439.3
2024-05-16 20:00:00,806113.7
2024-05-16 21:00:00,743630.8
2024-05-16 22:00:00,653571.8
2024-05-16 23:00:00,571071.9
2024-05-17 00:00:00,506449.5
2024-05-17 01:00:00,466830.5
2024-05-17 02:00:00,444206.7
2024-05-17 03:00:00,437705.2
2024-05-17 04:00:00,451601.0
2024-05-17 05:00:00,488782.6
2024-05-17 06:00:00,557206.6
2024-05-17 07:00:00,601982.1
2024-05-17 08:00:00,642775.6
2024-05-17 09:00:00,680819.9
2024-05-17 10:00:00,706815.9
2024-05-17 11:00:00,724395.3
2024-05-17 12:00:00,721309.2
2024-05-17 13:00:00,714681.3
2024-05-17 14:00:00,716811.1
2024-05-17 15:00:00,737872.0
2024-05-17 16:00:00,759743.8
2024-05-17 17:00:00,764924.7
2024-05-17 18:00:00,765013.1
2024-05-17 19:00:00,768070.7
2024-05-17 20:00:00,759070.5
2024-05-17 21:00:00,706477.1
2024-05-17 22:00:00,634583.7
2024-05-17 23:00:00,564218.1
2024-05-18 00:00:00,505813.3
2024-05-18 01:00:00,467673.1
2024-05-18 02:00:00,443936.6
2024-05-18 03:00:00,431780.4
2024-05-18 04:00:00,434243.5
2024-05-18 05:00:00,454715.1
2024-05-18 06:00:00,506219.7
2024-05-18 07:00:00,581718.2
2024-05-18 08:00:00,654151.5
2024-05-18 09:00:00,712700.9
2024-05-18 10:00:00,755656.4
2024-05-18 11:00:00,775913.3
2024-05-18 12:00:00,771389.9
2024-05-18 13:00:00,761051.2
2024-05-18 14:00:00,759403.6
2024-05-18 15:00:00,767509.3
2024-05-18 16:00:00,785517.3
2024-05-18 17:00:00,790381.9
2024-05-18 18:00:00,779641.9
2024-05-18 19:00:00,770366.6
2024-05-18 20:00:00,769423.8
2024-05-18 21:00:00,722174.0
2024-05-18 22:00:00,652432.1
2024-05-18 23:00:00,579375.9
2024-05-19 00:00:00,517213.1
2024-05-19 01:00:00,474238.8
2024-05-19 02:00:00,446173.7
2024-05-19 03:00:00,430985.4
2024-05-19 04:00:00,428615.1
2024-05-19 05:00:00,441996.0
2024-05-19 06:00:00,489031.8
2024-05-19 07:00:00,553114.7
2024-05-19 08:00:00,620382.3
2024-05-19 09:00:00,681242.7
2024-05-19 10:00:00,730442.6
2024-05-19 11:00:00,756143.4
2024-05-19 12:00:00,763736.5
2024-05-19 13:00:00,769162.2
2024-05-19 14:00:00,777004.5
2024-05-19 15:00:00,794172.6
2024-05-19 16:00:00,820109.8
2024-05-19 17:00:00,827172.6
2024-05-19 18:00:00,808876.0
2024-05-19 19:00:00,799124.7
2024-05-19 20:00:00,803071.2
2024-05-19 21:00:00,757267.0
2024-05-19 22:00:00,685821.6
2024-05-19 23:00:00,609588.5
2024-05-20 00:00:00,544818.2
2024-05-20 01:00:00,499518.5
2024-05-20 02:00:00,468221.1
2024-05-20 03:00:00,449526.2
2024-05-20 04:00:00,443406.6
2024-05-20 05:00:00,452434.2
2024-05-20 06:00:00,491620.5
2024-05-20 07:00:00,559556.1
2024-05-20 08:00:00,637105.8
2024-05-20 09:00:00,716397.4
2024-05-20 10:00:00,784442.1
2024-05-20 11:00:00,830342.5
2024-05-20 12:00:00,853527.9
2024-05-20 13:00:00,873053.5
2024-05-20 14:00:00,901889.5
2024-05-20 15:00:00,942739.7
2024-05-20 16:00:00,988680.9
2024-05-20 17:00:00,986905.7
2024-05-20 18:00:00,999879.3
2024-05-20 19:00:00,978935.5
2024-05-20 20:00:00,955015.9
2024-05-20 21:00:00,880710.8
2024-05-20 22:00:00,775407.4
2024-05-20 23:00:00,672717.1
2024-05-21 00:00:00,597918.4
2024-05-21 01:00:00,549664.6
2024-05-21 02:00:00,519950.2
2024-05-21 03:00:00,507576.8
2024-05-21 04:00:00,515648.1
2024-05-21 05:00:00,551486.7
2024-05-21 06:00:00,626008.1
2024-05-21 07:00:00,677176.3
2024-05-21 08:00:00,734470.3
2024-05-21 09:00:00,805788.3
2024-05-21 10:00:00,856635.0
2024-05-21 11:00:00,896063.5
2024-05-21 12:00:00,923359.9
2024-05-21 13:00:00,936537.8
2024-05-21 14:00:00,970901.7
2024-05-21 15:00:00,1053148.3
2024-05-21 16:00:00,1126504.5
2024-05-21 17:00:00,1157744.8
2024-05-21 18:00:00,1154144.6
2024-05-21 19:00:00,1132775.2
2024-05-21 20:00:00,1121876.3
2024-05-21 21:00:00,1040671.7
2024-05-21 22:00:00,914365.9
2024-05-21 23:00:00,793130.3
2024-05-22 00:00:00,698827.6
2024-05-22 01:00:00,636874.5
2024-05-22 02:00:00,596636.4
2024-05-22 03:00:00,572983.7
2024-05-22 04:00:00,573820.5
2024-05-22 05:00:00,607911.9
2024-05-22 06:00:00,697161.1
2024-05-22 07:00:00,768824.3
2024-05-22 08:00:00,840630.3
2024-05-22 09:00:00,912768.3
2024-05-22 10:00:00,975522.2
2024-05-22 11:00:00,1023291.9
2024-05-22 12:00:00,1050941.1
2024-05-22 13:00:00,1068766.8
2024-05-22 14:00:00,1076930.8
2024-05-22 15:00:00,1083505.2
2024-05-22 16:00:00,1140243.7
2024-05-22 17:00:00,1165864.6
2024-05-22 18:00:00,1154966.8
2024-05-22 19:00:00,1135779.6
2024-05-22 20:00:00,1126506.9
2024-05-22 21:00:00,1052072.4
2024-05-22 22:00:00,926522.3
2024-05-22 23:00:00,787257.7
2024-05-23 00:00:00,683803.3
2024-05-23 01:00:00,614236.0
2024-05-23 02:00:00,568597.6
2024-05-23 03:00:00,544432.1
2024-05-23 04:00:00,545620.4
2024-05-23 05:00:00,579373.1
2024-05-23 06:00:00,660945.9
2024-05-23 07:00:00,722350.2
2024-05-23 08:00:00,773431.9
2024-05-23 09:00:00,830804.9
2024-05-23 10:00:00,871207.9
2024-05-23 11:00:00,905659.1
2024-05-23 12:00:00,915465.8
2024-05-23 13:00:00,930908.0
2024-05-23 14:00:00,955759.5
2024-05-23 15:00:00,988881.1
2024-05-23 16:00:00,1020748.4
2024-05-23 17:00:00,1040446.3
2024-05-23 18:00:00,1022767.3
2024-05-23 19:00:00,997022.4
2024-05-23 20:00:00,983594.1
2024-05-23 21:00:00,909630.2
2024-05-23 22:00:00,792669.0
2024-05-23 23:00:00,686005.9
2024-05-24 00:00:00,600847.5
2024-05-24 01:00:00,544777.8
2024-05-24 02:00:00,511733.6
2024-05-24 03:00:00,494375.6
2024-05-24 04:00:00,498705.4
2024-05-24 05:00:00,532668.9
2024-05-24 06:00:00,605688.5
2024-05-24 07:00:00,662357.6
2024-05-24 08:00:00,713238.8
2024-05-24 09:00:00,769720.2
2024-05-24 10:00:00,812223.3
2024-05-24 11:00:00,847313.3
2024-05-24 12:00:00,867226.0
2024-05-24 13:00:00,897356.2
2024-05-24 14:00:00,937604.0
2024-05-24 15:00:00,992733.2
2024-05-24 16:00:00,1036631.3
2024-05-24 17:00:00,1044589.9
2024-05-24 18:00:00,1018977.9
2024-05-24 19:00:00,972938.7
2024-05-24 20:00:00,943541.9
2024-05-24 21:00:00,872480.1
2024-05-24 22:00:00,770117.4
2024-05-24 23:00:00,672206.6
2024-05-25 00:00:00,587616.2
2024-05-25 01:00:00,532745.9
2024-05-25 02:00:00,495490.6
2024-05-25 03:00:00,475117.0
2024-05-25 04:00:00,470193.5
2024-05-25 05:00:00,485648.5
2024-05-25 06:00:00,534924.8
2024-05-25 07:00:00,604687.2
2024-05-25 08:00:00,672999.4
2024-05-25 09:00:00,725947.4
2024-05-25 10:00:00,769612.0
2024-05-25 11:00:00,795533.1
2024-05-25 12:00:00,790682.1
2024-05-25 13:00:00,780410.5
2024-05-25 14:00:00,772627.1
2024-05-25 15:00:00,782487.5
2024-05-25 16:00:00,811090.1
2024-05-25 17:00:00,828009.8
2024-05-25 18:00:00,813048.9
2024-05-25 19:00:00,793733.8
2024-05-25 20:00:00,789496.3
2024-05-25 21:00:00,743110.3
2024-05-25 22:00:00,668419.5
2024-05-25 23:00:00,592887.0
2024-05-26 00:00:00,527959.8
2024-05-26 01:00:00,484561.5
2024-05-26 02:00:00,455764.6
2024-05-26 03:00:00,440394.9
2024-05-26 04:00:00,437407.6
2024-05-26 05:00:00,450097.0
2024-05-26 06:00:00,492464.8
2024-05-26 07:00:00,564323.5
2024-05-26 08:00:00,645638.0
2024-05-26 09:00:00,713937.6
2024-05-26 10:00:00,770029.0
2024-05-26 11:00:00,806513.6
2024-05-26 12:00:00,815038.2
2024-05-26 13:00:00,820416.3
2024-05-26 14:00:00,837398.0
2024-05-26 15:00:00,860765.1
2024-05-26 16:00:00,888016.9
2024-05-26 17:00:00,892609.4
2024-05-26 18:00:00,881141.5
2024-05-26 19:00:00,884403.2
2024-05-26 20:00:00,871195.9
2024-05-26 21:00:00,798752.2
2024-05-26 22:00:00,694737.5
2024-05-26 23:00:00,600676.0
2024-05-27 00:00:00,529141.9
2024-05-27 01:00:00,485345.6
2024-05-27 02:00:00,461130.7
2024-05-27 03:00:00,455024.6
2024-05-27 04:00:00,470266.1
2024-05-27 05:00:00,509002.0
2024-05-27 06:00:00,580678.8
2024-05-27 07:00:00,624833.2
2024-05-27 08:00:00,661388.0
2024-05-27 09:00:00,705224.2
2024-05-27 10:00:00,739293.3
2024-05-27 11:00:00,761203.4
2024-05-27 12:00:00,760300.2
2024-05-27 13:00:00,775561.8
2024-05-27 14:00:00,808697.7
2024-05-27 15:00:00,857537.7
2024-05-27 16:00:00,911426.9
2024-05-27 17:00:00,924198.6
2024-05-27 18:00:00,905654.9
2024-05-27 19:00:00,882557.5
2024-05-27 20:00:00,853544.6
2024-05-27 21:00:00,777864.9
2024-05-27 22:00:00,677798.0
2024-05-27 23:00:00,586421.3
2024-05-28 00:00:00,519340.3
2024-05-28 01:00:00,480665.7
2024-05-28 02:00:00,457374.0
2024-05-28 03:00:00,450091.7
2024-05-28 04:00:00,464658.3
2024-05-28 05:00:00,502554.0
2024-05-28 06:00:00,574491.7
2024-05-28 07:00:00,609058.2
2024-05-28 08:00:00,641781.3
2024-05-28 09:00:00,678851.7
2024-05-28 10:00:00,708963.4
2024-05-28 11:00:00,730402.0
2024-05-28 12:00:00,728245.2
2024-05-28 13:00:00,716368.1
2024-05-28 14:00:00,724833.1
2024-05-28 15:00:00,761942.1
2024-05-28 16:00:00,805385.8
2024-05-28 17:00:00,831014.0
2024-05-28 18:00:00,817707.8
2024-05-28 19:00:00,812571.4
2024-05-28 20:00:00,807479.1
2024-05-28 21:00:00,739707.1
2024-05-28 22:00:00,645531.2
2024-05-28 23:00:00,561787.7
2024-05-29 00:00:00,496949.5
2024-05-29 01:00:00,458607.1
2024-05-29 02:00:00,437521.1
2024-05-29 03:00:00,432301.3
2024-05-29 04:00:00,449516.5
2024-05-29 05:00:00,492070.1
2024-05-29 06:00:00,561791.2
2024-05-29 07:00:00,601143.6
2024-05-29 08:00:00,635871.7
2024-05-29 09:00:00,672732.4
2024-05-29 10:00:00,703395.0
2024-05-29 11:00:00,721686.3
2024-05-29 12:00:00,721551.4
2024-05-29 13:00:00,721898.1
2024-05-29 14:00:00,735595.1
2024-05-29 15:00:00,775990.5
2024-05-29 16:00:00,816548.5
2024-05-29 17:00:00,830573.3
2024-05-29 18:00:00,819112.8
2024-05-29 19:00:00,799004.5
2024-05-29 20:00:00,790620.0
2024-05-29 21:00:00,726569.0
2024-05-29 22:00:00,630477.5
2024-05-29 23:00:00,544939.0
2024-05-30 00:00:00,487332.2
2024-05-30 01:00:00,451555.3
2024-05-30 02:00:00,430867.5
2024-05-30 03:00:00,427864.8
2024-05-30 04:00:00,445382.4
2024-05-30 05:00:00,488306.5
2024-05-30 06:00:00,558736.0
2024-05-30 07:00:00,594643.3
2024-05-30 08:00:00,623175.2
2024-05-30 09:00:00,655725.2
2024-05-30 10:00:00,682927.0
2024-05-30 11:00:00,697200.1
2024-05-30 12:00:00,693461.6
2024-05-30 13:00:00,692900.5
2024-05-30 14:00:00,704125.5
2024-05-30 15:00:00,738804.6
2024-05-30 16:00:00,778223.9
2024-05-30 17:00:00,796245.3
2024-05-30 18:00:00,793710.8
2024-05-30 19:00:00,786638.6
2024-05-30 20:00:00,784695.3
2024-05-30 21:00:00,725362.9
2024-05-30 22:00:00,635639.6
2024-05-30 23:00:00,550332.3
2024-05-31 00:00:00,489531.7
2024-05-31 01:00:00,453228.5
2024-05-31 02:00:00,433290.1
2024-05-31 03:00:00,428857.4
2024-05-31 04:00:00,444129.8
2024-05-31 05:00:00,483886.7
2024-05-31 06:00:00,554327.9
2024-05-31 07:00:00,598964.3
2024-05-31 08:00:00,640104.0
2024-05-31 09:00:00,681246.5
2024-05-31 10:00:00,711119.9
2024-05-31 11:00:00,731897.9
2024-05-31 12:00:00,732784.0
2024-05-31 13:00:00,735116.6
2024-05-31 14:00:00,750928.3
2024-05-31 15:00:00,795048.0
2024-05-31 16:00:00,833159.0
2024-05-31 17:00:00,850267.9
2024-05-31 18:00:00,847430.6
2024-05-31 19:00:00,829554.1
2024-05-31 20:00:00,822047.0
2024-05-31 21:00:00,771087.9
2024-05-31 22:00:00,688560.8
2024-05-31 23:00:00,604177.8
2024-06-01 00:00:00,531096.5
2024-06-01 01:00:00,484296.4
2024-06-01 02:00:00,454614.0
2024-06-01 03:00:00,439217.9
2024-06-01 04:00:00,437218.3
2024-06-01 05:00:00,458090.6
2024-06-01 06:00:00,514189.1
2024-06-01 07:00:00,597805.4
2024-06-01 08:00:00,679623.6
2024-06-01 09:00:00,747977.7
2024-06-01 10:00:00,800531.8
2024-06-01 11:00:00,833475.5
2024-06-01 12:00:00,838393.4
2024-06-01 13:00:00,840523.9
2024-06-01 14:00:00,852538.7
2024-06-01 15:00:00,870096.6
2024-06-01 16:00:00,881304.4
2024-06-01 17:00:00,868817.7
2024-06-01 18:00:00,841761.1
2024-06-01 19:00:00,823248.1
2024-06-01 20:00:00,817782.4
2024-06-01 21:00:00,767748.8
2024-06-01 22:00:00,693107.7
2024-06-01 23:00:00,612603.9
2024-06-02 00:00:00,546124.2
2024-06-02 01:00:00,499663.0
2024-06-02 02:00:00,469123.9
2024-06-02 03:00:00,451756.6
2024-06-02 04:00:00,446790.5
2024-06-02 05:00:00,458633.1
2024-06-02 06:00:00,496664.1
2024-06-02 07:00:00,563738.0
2024-06-02 08:00:00,636095.5
2024-06-02 09:00:00,703837.3
2024-06-02 10:00:00,758994.0
2024-06-02 11:00:00,791638.1
2024-06-02 12:00:00,793487.5
2024-06-02 13:00:00,784280.9
2024-06-02 14:00:00,780402.5
2024-06-02 15:00:00,799349.5
2024-06-02 16:00:00,829910.5
2024-06-02 17:00:00,844650.9
2024-06-02 18:00:00,846869.7
2024-06-02 19:00:00,846958.0
2024-06-02 20:00:00,826793.1
2024-06-02 21:00:00,755217.2
2024-06-02 22:00:00,655799.7
2024-06-02 23:00:00,570522.3
2024-06-03 00:00:00,507963.9
2024-06-03 01:00:00,469264.4
2024-06-03 02:00:00,447831.6
2024-06-03 03:00:00,442121.2
2024-06-03 04:00:00,457003.1
2024-06-03 05:00:00,498130.7
2024-06-03 06:00:00,570956.4
2024-06-03 07:00:00,612945.2
2024-06-03 08:00:00,645529.7
2024-06-03 09:00:00,685513.5
2024-06-03 10:00:00,724061.7
2024-06-03 11:00:00,758576.8
2024-06-03 12:00:00,771414.8
2024-06-03 13:00:00,785673.0
2024-06-03 14:00:00,820084.1
2024-06-03 15:00:00,872909.4
2024-06-03 16:00:00,928909.2
2024-06-03 17:00:00,949784.8
2024-06-03 18:00:00,931791.4
2024-06-03 19:00:00,904944.2
2024-06-03 20:00:00,896423.9
2024-06-03 21:00:00,822901.5
2024-06-03 22:00:00,717722.0
2024-06-03 23:00:00,617320.8
2024-06-04 00:00:00,544688.8
2024-06-04 01:00:00,498422.9
2024-06-04 02:00:00,471714.5
2024-06-04 03:00:00,462532.0
2024-06-04 04:00:00,474788.2
2024-06-04 05:00:00,518091.2
2024-06-04 06:00:00,595096.2
2024-06-04 07:00:00,645905.5
2024-06-04 08:00:00,696912.4
2024-06-04 09:00:00,757670.0
2024-06-04 10:00:00,818146.3
2024-06-04 11:00:00,863623.0
2024-06-04 12:00:00,892601.2
2024-06-04 13:00:00,932733.2
2024-06-04 14:00:00,986625.8
2024-06-04 15:00:00,1054345.6
2024-06-04 16:00:00,1120280.9
2024-06-04 17:00:00,1133514.7
2024-06-04 18:00:00,1112351.9
2024-06-04 19:00:00,1071461.6
2024-06-04 20:00:00,1049637.3
2024-06-04 21:00:00,968353.4
2024-06-04 22:00:00,847192.9
2024-06-04 23:00:00,728542.4
2024-06-05 00:00:00,640827.6
2024-06-05 01:00:00,581146.5
2024-06-05 02:00:00,542637.4
2024-06-05 03:00:00,526357.5
2024-06-05 04:00:00,532334.0
2024-06-05 05:00:00,573847.8
2024-06-05 06:00:00,653041.3
2024-06-05 07:00:00,722912.3
2024-06-05 08:00:00,762547.0
2024-06-05 09:00:00,816312.8
2024-06-05 10:00:00,870292.3
2024-06-05 11:00:00,924396.1
2024-06-05 12:00:00,924997.0
2024-06-05 13:00:00,923379.3
2024-06-05 14:00:00,964687.2
2024-06-05 15:00:00,1044332.5
2024-06-05 16:00:00,1103648.2
2024-06-05 17:00:00,1096406.3
2024-06-05 18:00:00,1076079.1
2024-06-05 19:00:00,1063617.9
2024-06-05 20:00:00,1061450.8
2024-06-05 21:00:00,979250.0
2024-06-05 22:00:00,849174.1
2024-06-05 23:00:00,737079.9
2024-06-06 00:00:00,651570.9
2024-06-06 01:00:00,592903.6
2024-06-06 02:00:00,555689.8
2024-06-06 03:00:00,539201.8
2024-06-06 04:00:00,548508.4
2024-06-06 05:00:00,585539.0
2024-06-06 06:00:00,659352.6
2024-06-06 07:00:00,716244.8
2024-06-06 08:00:00,788559.0
2024-06-06 09:00:00,873712.4
2024-06-06 10:00:00,898723.4
2024-06-06 11:00:00,921357.9
2024-06-06 12:00:00,954302.6
2024-06-06 13:00:00,964884.5
2024-06-06 14:00:00,989309.6
2024-06-06 15:00:00,1049426.1
2024-06-06 16:00:00,1087490.3
2024-06-06 17:00:00,1099762.7
2024-06-06 18:00:00,1065840.6
2024-06-06 19:00:00,1021920.5
2024-06-06 20:00:00,999714.7
2024-06-06 21:00:00,926505.8
2024-06-06 22:00:00,809295.3
2024-06-06 23:00:00,700015.2
2024-06-07 00:00:00,612992.7
2024-06-07 01:00:00,556486.7
2024-06-07 02:00:00,521164.2
2024-06-07 03:00:00,503423.7
2024-06-07 04:00:00,507311.1
2024-06-07 05:00:00,532838.8
2024-06-07 06:00:00,590250.1
2024-06-07 07:00:00,649928.6
2024-06-07 08:00:00,697826.0
2024-06-07 09:00:00,738137.5
2024-06-07 10:00:00,769528.7
2024-06-07 11:00:00,785779.8
2024-06-07 12:00:00,787938.6
2024-06-07 13:00:00,779565.2
2024-06-07 14:00:00,787374.9
2024-06-07 15:00:00,799068.3
2024-06-07 16:00:00,816941.7
2024-06-07 17:00:00,817764.4
2024-06-07 18:00:00,807809.8
2024-06-07 19:00:00,810498.1
2024-06-07 20:00:00,797953.6
2024-06-07 21:00:00,742909.0
2024-06-07 22:00:00,666210.6
2024-06-07 23:00:00,590513.7
2024-06-08 00:00:00,525878.9
2024-06-08 01:00:00,483032.9
2024-06-08 02:00:00,455898.5
2024-06-08 03:00:00,441562.1
2024-06-08 04:00:00,441218.1
2024-06-08 05:00:00,460761.3
2024-06-08 06:00:00,517127.3
2024-06-08 07:00:00,600647.4
2024-06-08 08:00:00,677488.6
2024-06-08 09:00:00,738578.7
2024-06-08 10:00:00,788982.6
2024-06-08 11:00:00,808305.0
2024-06-08 12:00:00,811351.5
2024-06-08 13:00:00,805949.4
2024-06-08 14:00:00,786368.4
2024-06-08 15:00:00,784791.4
2024-06-08 16:00:00,799113.5
2024-06-08 17:00:00,801125.0
2024-06-08 18:00:00,791339.7
2024-06-08 19:00:00,783859.0
2024-06-08 20:00:00,774530.8
2024-06-08 21:00:00,728651.9
2024-06-08 22:00:00,656791.2
2024-06-08 23:00:00,582730.3
2024-06-09 00:00:00,520247.1
2024-06-09 01:00:00,477507.8
2024-06-09 02:00:00,451492.0
2024-06-09 03:00:00,436573.3
2024-06-09 04:00:00,433303.1
2024-06-09 05:00:00,449480.4
2024-06-09 06:00:00,500477.0
2024-06-09 07:00:00,575117.0
2024-06-09 08:00:00,650306.2
2024-06-09 09:00:00,706105.3
2024-06-09 10:00:00,750026.0
2024-06-09 11:00:00,775677.6
2024-06-09 12:00:00,777664.9
2024-06-09 13:00:00,773684.9
2024-06-09 14:00:00,769616.5
2024-06-09 15:00:00,785536.6
2024-06-09 16:00:00,813121.6
2024-06-09 17:00:00,825893.8
2024-06-09 18:00:00,815716.9
2024-06-09 19:00:00,808098.3
2024-06-09 20:00:00,803759.3
2024-06-09 21:00:00,741563.2
2024-06-09 22:00:00,642330.7
2024-06-09 23:00:00,554642.6
2024-06-10 00:00:00,491464.0
2024-06-10 01:00:00,453162.9
2024-06-10 02:00:00,433465.0
2024-06-10 03:00:00,427767.4
2024-06-10 04:00:00,444177.2
2024-06-10 05:00:00,483471.1
2024-06-10 06:00:00,553270.3
2024-06-10 07:00:00,589764.0
2024-06-10 08:00:00,620518.9
2024-06-10 09:00:00,654255.6
2024-06-10 10:00:00,678994.3
2024-06-10 11:00:00,694776.4
2024-06-10 12:00:00,688030.0
2024-06-10 13:00:00,680642.7
2024-06-10 14:00:00,687430.1
2024-06-10 15:00:00,715462.7
2024-06-10 16:00:00,752469.6
2024-06-10 17:00:00,770304.0
2024-06-10 18:00:00,771932.6
2024-06-10 19:00:00,772985.2
2024-06-10 20:00:00,768335.9
2024-06-10 21:00:00,703102.7
2024-06-10 22:00:00,613553.0
2024-06-10 23:00:00,533664.1
2024-06-11 00:00:00,476756.6
2024-06-11 01:00:00,444721.3
2024-06-11 02:00:00,427990.1
2024-06-11 03:00:00,425106.8
2024-06-11 04:00:00,443039.6
2024-06-11 05:00:00,485901.3
2024-06-11 06:00:00,556607.2
2024-06-11 07:00:00,592740.2
2024-06-11 08:00:00,616745.0
2024-06-11 09:00:00,644326.1
2024-06-11 10:00:00,670275.9
2024-06-11 11:00:00,684565.7
2024-06-11 12:00:00,679458.9
2024-06-11 13:00:00,673373.4
2024-06-11 14:00:00,682496.4
2024-06-11 15:00:00,717450.6
2024-06-11 16:00:00,756666.0
2024-06-11 17:00:00,771053.9
2024-06-11 18:00:00,771120.9
2024-06-11 19:00:00,769557.5
2024-06-11 20:00:00,771223.0
2024-06-11 21:00:00,714212.3
2024-06-11 22:00:00,625686.9
2024-06-11 23:00:00,546859.6
2024-06-12 00:00:00,487012.9
2024-06-12 01:00:00,451646.3
2024-06-12 02:00:00,433921.2
2024-06-12 03:00:00,430423.9
2024-06-12 04:00:00,446991.8
2024-06-12 05:00:00,489412.3
2024-06-12 06:00:00,557449.9
2024-06-12 07:00:00,591711.8
2024-06-12 08:00:00,623242.3
2024-06-12 09:00:00,663055.5
2024-06-12 10:00:00,692260.8
2024-06-12 11:00:00,713200.7
2024-06-12 12:00:00,717921.1
2024-06-12 13:00:00,723981.1
2024-06-12 14:00:00,744822.9
2024-06-12 15:00:00,788409.7
2024-06-12 16:00:00,834135.7
2024-06-12 17:00:00,853115.1
2024-06-12 18:00:00,848406.7
2024-06-12 19:00:00,835879.0
2024-06-12 20:00:00,836024.3
2024-06-12 21:00:00,775448.4
2024-06-12 22:00:00,679174.4
2024-06-12 23:00:00,590091.3
2024-06-13 00:00:00,523355.2
2024-06-13 01:00:00,482046.2
2024-06-13 02:00:00,458784.2
2024-06-13 03:00:00,450705.1
2024-06-13 04:00:00,466534.4
2024-06-13 05:00:00,506280.1
2024-06-13 06:00:00,578716.7
2024-06-13 07:00:00,628927.2
2024-06-13 08:00:00,688788.9
2024-06-13 09:00:00,761258.0
2024-06-13 10:00:00,816644.3
2024-06-13 11:00:00,867152.1
2024-06-13 12:00:00,886750.8
2024-06-13 13:00:00,901606.6
2024-06-13 14:00:00,958464.2
2024-06-13 15:00:00,1031327.9
2024-06-13 16:00:00,1095099.6
2024-06-13 17:00:00,1130990.8
2024-06-13 18:00:00,1126504.4
2024-06-13 19:00:00,1114783.5
2024-06-13 20:00:00,1110350.7
2024-06-13 21:00:00,1041161.7
2024-06-13 22:00:00,923827.2
2024-06-13 23:00:00,804897.8
2024-06-14 00:00:00,704052.5
2024-06-14 01:00:00,631595.6
2024-06-14 02:00:00,582891.8
2024-06-14 03:00:00,554339.2
2024-06-14 04:00:00,549052.0
2024-06-14 05:00:00,580456.4
2024-06-14 06:00:00,665428.9
2024-06-14 07:00:00,735793.3
2024-06-14 08:00:00,796686.1
2024-06-14 09:00:00,856138.8
2024-06-14 10:00:00,902999.1
2024-06-14 11:00:00,930897.1
2024-06-14 12:00:00,940293.5
2024-06-14 13:00:00,952018.6
2024-06-14 14:00:00,974949.3
2024-06-14 15:00:00,1008614.9
2024-06-14 16:00:00,1047988.7
2024-06-14 17:00:00,1047649.7
2024-06-14 18:00:00,1012102.6
2024-06-14 19:00:00,952604.5
2024-06-14 20:00:00,915243.4
2024-06-14 21:00:00,857330.7
2024-06-14 22:00:00,763598.6
2024-06-14 23:00:00,670387.8
2024-06-15 00:00:00,589734.5
2024-06-15 01:00:00,533676.8
2024-06-15 02:00:00,497064.0
2024-06-15 03:00:00,474719.5
2024-06-15 04:00:00,468689.9
2024-06-15 05:00:00,484099.5
2024-06-15 06:00:00,544955.6
2024-06-15 07:00:00,629983.2
2024-06-15 08:00:00,714345.8
2024-06-15 09:00:00,782902.3
2024-06-15 10:00:00,834725.4
2024-06-15 11:00:00,860954.2
2024-06-15 12:00:00,867140.0
2024-06-15 13:00:00,869911.0
2024-06-15 14:00:00,882875.7
2024-06-15 15:00:00,908331.6
2024-06-15 16:00:00,930777.2
2024-06-15 17:00:00,934911.9
2024-06-15 18:00:00,911501.2
2024-06-15 19:00:00,871134.9
2024-06-15 20:00:00,848879.2
2024-06-15 21:00:00,805047.2
2024-06-15 22:00:00,724768.3
2024-06-15 23:00:00,641297.9
2024-06-16 00:00:00,566583.0
2024-06-16 01:00:00,513727.4
2024-06-16 02:00:00,477463.2
2024-06-16 03:00:00,458091.5
2024-06-16 04:00:00,452609.8
2024-06-16 05:00:00,465948.4
2024-06-16 06:00:00,516115.9
2024-06-16 07:00:00,587210.7
2024-06-16 08:00:00,664755.5
2024-06-16 09:00:00,730675.2
2024-06-16 10:00:00,780389.6
2024-06-16 11:00:00,820233.2
2024-06-16 12:00:00,832469.3
2024-06-16 13:00:00,838781.4
2024-06-16 14:00:00,852528.2
2024-06-16 15:00:00,878159.4
2024-06-16 16:00:00,907374.2
2024-06-16 17:00:00,920306.0
2024-06-16 18:00:00,907316.0
2024-06-16 19:00:00,882875.8
2024-06-16 20:00:00,877352.6
2024-06-16 21:00:00,822598.6
2024-06-16 22:00:00,721954.3
2024-06-16 23:00:00,627763.2
2024-06-17 00:00:00,554952.0
2024-06-17 01:00:00,506778.7
2024-06-17 02:00:00,478420.0
2024-06-17 03:00:00,468116.8
2024-06-17 04:00:00,480541.7
2024-06-17 05:00:00,518882.0
2024-06-17 06:00:00,590036.6
2024-06-17 07:00:00,659681.5
2024-06-17 08:00:00,725412.3
2024-06-17 09:00:00,811563.7
2024-06-17 10:00:00,881424.0
2024-06-17 11:00:00,949689.2
2024-06-17 12:00:00,1006677.2
2024-06-17 13:00:00,1059838.7
2024-06-17 14:00:00,1126546.2
2024-06-17 15:00:00,1210108.6
2024-06-17 16:00:00,1287616.3
2024-06-17 17:00:00,1327876.4
2024-06-17 18:00:00,1327554.3
2024-06-17 19:00:00,1306290.9
2024-06-17 20:00:00,1301057.5
2024-06-17 21:00:00,1224335.2
2024-06-17 22:00:00,1090291.0
2024-06-17 23:00:00,953113.3
2024-06-18 00:00:00,846957.1
2024-06-18 01:00:00,772591.1
2024-06-18 02:00:00,722200.4
2024-06-18 03:00:00,692342.5
2024-06-18 04:00:00,689390.6
2024-06-18 05:00:00,736232.9
2024-06-18 06:00:00,789161.2
2024-06-18 07:00:00,825428.6
2024-06-18 08:00:00,880104.5
2024-06-18 09:00:00,1007665.3
2024-06-18 10:00:00,1117545.1
2024-06-18 11:00:00,1214262.0
2024-06-18 12:00:00,1283416.8
2024-06-18 13:00:00,1338029.7
2024-06-18 14:00:00,1408039.6
2024-06-18 15:00:00,1465063.5
2024-06-18 16:00:00,1483040.0
2024-06-18 17:00:00,1462496.7
2024-06-18 18:00:00,1427889.4
2024-06-18 19:00:00,1395377.6
2024-06-18 20:00:00,1361150.7
2024-06-18 21:00:00,1283022.7
2024-06-18 22:00:00,1144607.1
2024-06-18 23:00:00,1006787.9
2024-06-19 00:00:00,902591.0
2024-06-19 01:00:00,830619.6
2024-06-19 02:00:00,781465.1
2024-06-19 03:00:00,752392.7
2024-06-19 04:00:00,748177.2
2024-06-19 05:00:00,776484.2
2024-06-19 06:00:00,854837.4
2024-06-19 07:00:00,942830.2
2024-06-19 08:00:00,1010565.4
2024-06-19 09:00:00,1075677.9
2024-06-19 10:00:00,1158627.3
2024-06-19 11:00:00,1256362.0
2024-06-19 12:00:00,1332726.5
2024-06-19 13:00:00,1425451.6
2024-06-19 14:00:00,1472138.9
2024-06-19 15:00:00,1549763.6
2024-06-19 16:00:00,1602923.6
2024-06-19 17:00:00,1624155.8
2024-06-19 18:00:00,1593282.9
2024-06-19 19:00:00,1565947.7
2024-06-19 20:00:00,1511882.6
2024-06-19 21:00:00,1397009.0
2024-06-19 22:00:00,1248291.2
2024-06-19 23:00:00,1112021.4
2024-06-20 00:00:00,1000892.2
2024-06-20 01:00:00,921718.9
2024-06-20 02:00:00,855977.7
2024-06-20 03:00:00,812312.4
2024-06-20 04:00:00,791601.4
2024-06-20 05:00:00,809706.2
2024-06-20 06:00:00,885734.8
2024-06-20 07:00:00,975130.6
2024-06-20 08:00:00,1081482.0
2024-06-20 09:00:00,1198055.5
2024-06-20 10:00:00,1279061.4
2024-06-20 11:00:00,1346032.7
2024-06-20 12:00:00,1373519.6
2024-06-20 13:00:00,1418616.6
2024-06-20 14:00:00,1469585.5
2024-06-20 15:00:00,1484529.0
2024-06-20 16:00:00,1495518.9
2024-06-20 17:00:00,1463887.6
2024-06-20 18:00:00,1428086.2
2024-06-20 19:00:00,1373593.4
2024-06-20 20:00:00,1329032.2
2024-06-20 21:00:00,1244427.9
2024-06-20 22:00:00,1114765.6
2024-06-20 23:00:00,986950.3
2024-06-21 00:00:00,881911.0
2024-06-21 01:00:00,807003.0
2024-06-21 02:00:00,755155.1
2024-06-21 03:00:00,726851.5
2024-06-21 04:00:00,723404.4
2024-06-21 05:00:00,750779.0
2024-06-21 06:00:00,824899.0
2024-06-21 07:00:00,894937.2
2024-06-21 08:00:00,959465.2
2024-06-21 09:00:00,1026932.0
2024-06-21 10:00:00,1091601.1
2024-06-21 11:00:00,1159595.7
2024-06-21 12:00:00,1199468.6
2024-06-21 13:00:00,1216477.4
2024-06-21 14:00:00,1213632.2
2024-06-21 15:00:00,1203461.7
2024-06-21 16:00:00,1225741.4
2024-06-21 17:00:00,1200151.2
2024-06-21 18:00:00,1164624.7
2024-06-21 19:00:00,1130137.5
2024-06-21 20:00:00,1109122.2
2024-06-21 21:00:00,1054170.9
2024-06-21 22:00:00,959803.0
2024-06-21 23:00:00,860436.5
2024-06-22 00:00:00,756178.7
2024-06-22 01:00:00,690874.9
2024-06-22 02:00:00,644974.9
2024-06-22 03:00:00,618084.9
2024-06-22 04:00:00,607424.4
2024-06-22 05:00:00,621136.7
2024-06-22 06:00:00,685992.3
2024-06-22 07:00:00,786836.2
2024-06-22 08:00:00,927861.6
2024-06-22 09:00:00,1053770.2
2024-06-22 10:00:00,1129302.9
2024-06-22 11:00:00,1181830.5
2024-06-22 12:00:00,1192011.7
2024-06-22 13:00:00,1170038.8
2024-06-22 14:00:00,1131420.8
2024-06-22 15:00:00,1101350.9
2024-06-22 16:00:00,1080446.9
2024-06-22 17:00:00,1062877.2
2024-06-22 18:00:00,1034055.1
2024-06-22 19:00:00,1010326.9
2024-06-22 20:00:00,993229.9
2024-06-22 21:00:00,945754.9
2024-06-22 22:00:00,860232.3
2024-06-22 23:00:00,768555.2
2024-06-23 00:00:00,692092.8
2024-06-23 01:00:00,635001.9
2024-06-23 02:00:00,597329.4
2024-06-23 03:00:00,574375.6
2024-06-23 04:00:00,565119.8
2024-06-23 05:00:00,577489.5
2024-06-23 06:00:00,631069.5
2024-06-23 07:00:00,712647.6
2024-06-23 08:00:00,810498.7
2024-06-23 09:00:00,917824.0
2024-06-23 10:00:00,1059665.9
2024-06-23 11:00:00,1104448.9
2024-06-23 12:00:00,1144984.9
2024-06-23 13:00:00,1192159.3
2024-06-23 14:00:00,1216278.7
2024-06-23 15:00:00,1234394.3
2024-06-23 16:00:00,1234396.4
2024-06-23 17:00:00,1190823.6
2024-06-23 18:00:00,1118877.1
2024-06-23 19:00:00,1057488.7
2024-06-23 20:00:00,1019265.9
2024-06-23 21:00:00,946405.0
2024-06-23 22:00:00,825272.6
2024-06-23 23:00:00,716581.8
2024-06-24 00:00:00,632374.8
2024-06-24 01:00:00,573339.8
2024-06-24 02:00:00,534857.2
2024-06-24 03:00:00,519246.1
2024-06-24 04:00:00,525999.2
2024-06-24 05:00:00,561928.4
2024-06-24 06:00:00,634155.1
2024-06-24 07:00:00,716860.2
2024-06-24 08:00:00,795109.3
2024-06-24 09:00:00,884304.2
2024-06-24 10:00:00,955854.1
2024-06-24 11:00:00,1016932.1
2024-06-24 12:00:00,1053013.7
2024-06-24 13:00:00,1082811.4
2024-06-24 14:00:00,1134762.7
2024-06-24 15:00:00,1201008.2
2024-06-24 16:00:00,1271752.3
2024-06-24 17:00:00,1296076.8
2024-06-24 18:00:00,1271418.5
2024-06-24 19:00:00,1222050.5
2024-06-24 20:00:00,1173332.0
2024-06-24 21:00:00,1092755.1
2024-06-24 22:00:00,958286.9
2024-06-24 23:00:00,827028.2
2024-06-25 00:00:00,718771.8
2024-06-25 01:00:00,656444.9
2024-06-25 02:00:00,603039.0
2024-06-25 03:00:00,576513.1
2024-06-25 04:00:00,567757.1
2024-06-25 05:00:00,596742.3
2024-06-25 06:00:00,672414.2
2024-06-25 07:00:00,722773.1
2024-06-25 08:00:00,772918.5
2024-06-25 09:00:00,830795.9
2024-06-25 10:00:00,863242.7
2024-06-25 11:00:00,886050.9
2024-06-25 12:00:00,876711.9
2024-06-25 13:00:00,917940.4
2024-06-25 14:00:00,936189.8
2024-06-25 15:00:00,971990.4
2024-06-25 16:00:00,1049367.1
2024-06-25 17:00:00,1095703.2
2024-06-25 18:00:00,1110868.1
2024-06-25 19:00:00,1083737.1
2024-06-25 20:00:00,1073265.7
2024-06-25 21:00:00,1018966.7
2024-06-25 22:00:00,910905.5
2024-06-25 23:00:00,799075.2
2024-06-26 00:00:00,710977.2
2024-06-26 01:00:00,655155.3
2024-06-26 02:00:00,614772.5
2024-06-26 03:00:00,592104.5
2024-06-26 04:00:00,591342.9
2024-06-26 05:00:00,630808.1
2024-06-26 06:00:00,728353.0
2024-06-26 07:00:00,820285.5
2024-06-26 08:00:00,917308.9
2024-06-26 09:00:00,1009466.6
2024-06-26 10:00:00,1091350.6
2024-06-26 11:00:00,1137026.6
2024-06-26 12:00:00,1101263.4
2024-06-26 13:00:00,1067799.8
2024-06-26 14:00:00,1045087.3
2024-06-26 15:00:00,1020832.8
2024-06-26 16:00:00,1016377.4
2024-06-26 17:00:00,1012077.9
2024-06-26 18:00:00,996312.8
2024-06-26 19:00:00,973452.3
2024-06-26 20:00:00,960719.4
2024-06-26 21:00:00,907057.5
2024-06-26 22:00:00,805809.0
2024-06-26 23:00:00,702207.9
2024-06-27 00:00:00,612475.5
2024-06-27 01:00:00,554981.9
2024-06-27 02:00:00,519576.2
2024-06-27 03:00:00,501247.5
2024-06-27 04:00:00,504428.9
2024-06-27 05:00:00,536449.3
2024-06-27 06:00:00,607957.1
2024-06-27 07:00:00,668943.7
2024-06-27 08:00:00,718933.9
2024-06-27 09:00:00,766608.6
2024-06-27 10:00:00,796484.4
2024-06-27 11:00:00,821686.7
2024-06-27 12:00:00,827047.0
2024-06-27 13:00:00,837810.3
2024-06-27 14:00:00,860747.5
2024-06-27 15:00:00,901257.6
2024-06-27 16:00:00,956496.5
2024-06-27 17:00:00,964487.1
2024-06-27 18:00:00,938158.3
2024-06-27 19:00:00,897435.2
2024-06-27 20:00:00,866565.1
2024-06-27 21:00:00,809915.4
2024-06-27 22:00:00,713725.8
2024-06-27 23:00:00,624457.5
2024-06-28 00:00:00,546021.6
2024-06-28 01:00:00,496948.3
2024-06-28 02:00:00,468835.5
2024-06-28 03:00:00,457256.8
2024-06-28 04:00:00,464676.4
2024-06-28 05:00:00,497686.2
2024-06-28 06:00:00,564616.9
2024-06-28 07:00:00,630979.7
2024-06-28 08:00:00,686672.7
2024-06-28 09:00:00,743218.0
2024-06-28 10:00:00,779623.1
2024-06-28 11:00:00,813247.5
2024-06-28 12:00:00,814604.4
2024-06-28 13:00:00,817607.2
2024-06-28 14:00:00,805676.4
2024-06-28 15:00:00,803351.0
2024-06-28 16:00:00,817401.3
2024-06-28 17:00:00,815695.4
2024-06-28 18:00:00,810800.0
2024-06-28 19:00:00,809222.6
2024-06-28 20:00:00,807694.4
2024-06-28 21:00:00,765408.4
2024-06-28 22:00:00,699374.9
2024-06-28 23:00:00,630219.7
2024-06-29 00:00:00,569103.5
2024-06-29 01:00:00,525576.6
2024-06-29 02:00:00,496225.9
2024-06-29 03:00:00,480948.0
2024-06-29 04:00:00,479933.9
2024-06-29 05:00:00,497332.8
2024-06-29 06:00:00,542244.4
2024-06-29 07:00:00,609201.3
2024-06-29 08:00:00,690633.8
2024-06-29 09:00:00,771733.2
2024-06-29 10:00:00,835994.7
2024-06-29 11:00:00,885054.8
2024-06-29 12:00:00,896255.1
2024-06-29 13:00:00,891154.1
2024-06-29 14:00:00,903426.0
2024-06-29 15:00:00,934042.0
2024-06-29 16:00:00,992300.0
2024-06-29 17:00:00,1028171.8
2024-06-29 18:00:00,1044170.6
2024-06-29 19:00:00,1029281.6
2024-06-29 20:00:00,1018505.5
2024-06-29 21:00:00,985386.4
2024-06-29 22:00:00,907874.8
2024-06-29 23:00:00,815989.7
2024-06-30 00:00:00,730157.9
2024-06-30 01:00:00,664277.3
2024-06-30 02:00:00,619615.0
2024-06-30 03:00:00,585950.3
2024-06-30 04:00:00,562805.0
2024-06-30 05:00:00,566286.9
2024-06-30 06:00:00,613940.2
2024-06-30 07:00:00,680111.6
2024-06-30 08:00:00,721953.0
2024-06-30 09:00:00,769480.3
2024-06-30 10:00:00,819499.8
2024-06-30 11:00:00,845010.8
2024-06-30 12:00:00,837209.5
2024-06-30 13:00:00,819881.3
2024-06-30 14:00:00,813991.5
2024-06-30 15:00:00,797243.4
2024-06-30 16:00:00,780871.0
2024-06-30 17:00:00,770732.4
2024-06-30 18:00:00,755432.3
2024-06-30 19:00:00,745906.8
2024-06-30 20:00:00,741544.6
2024-06-30 21:00:00,708001.9
2024-06-30 22:00:00,647790.1
2024-06-30 23:00:00,579568.6
2024-07-01 00:00:00,520865.3
2024-07-01 01:00:00,479553.8
2024-07-01 02:00:00,452630.7
2024-07-01 03:00:00,437586.1
2024-07-01 04:00:00,433500.6
2024-07-01 05:00:00,444521.5
2024-07-01 06:00:00,480982.1
2024-07-01 07:00:00,544317.3
2024-07-01 08:00:00,616212.3
2024-07-01 09:00:00,687950.7
2024-07-01 10:00:00,743879.3
2024-07-01 11:00:00,782205.7
2024-07-01 12:00:00,799184.5
2024-07-01 13:00:00,812250.3
2024-07-01 14:00:00,834890.8
2024-07-01 15:00:00,870778.7
2024-07-01 16:00:00,918599.7
2024-07-01 17:00:00,941431.2
2024-07-01 18:00:00,930959.5
2024-07-01 19:00:00,898834.7
2024-07-01 20:00:00,876991.6
2024-07-01 21:00:00,824946.6
2024-07-01 22:00:00,741823.0
2024-07-01 23:00:00,648840.8
2024-07-02 00:00:00,568381.1
2024-07-02 01:00:00,517759.2
2024-07-02 02:00:00,486047.8
2024-07-02 03:00:00,470788.0
2024-07-02 04:00:00,476290.3
2024-07-02 05:00:00,505000.0
2024-07-02 06:00:00,566310.7
2024-07-02 07:00:00,641123.9
2024-07-02 08:00:00,711005.0
2024-07-02 09:00:00,775465.2
2024-07-02 10:00:00,825062.5
2024-07-02 11:00:00,870411.6
2024-07-02 12:00:00,899799.2
2024-07-02 13:00:00,922081.4
2024-07-02 14:00:00,944473.3
2024-07-02 15:00:00,929664.8
2024-07-02 16:00:00,942091.7
2024-07-02 17:00:00,945568.4
2024-07-02 18:00:00,931980.0
2024-07-02 19:00:00,916386.7
2024-07-02 20:00:00,912551.9
2024-07-02 21:00:00,861925.2
2024-07-02 22:00:00,768246.8
2024-07-02 23:00:00,678799.4
2024-07-03 00:00:00,607047.9
2024-07-03 01:00:00,561382.7
2024-07-03 02:00:00,534255.8
2024-07-03 03:00:00,520408.7
2024-07-03 04:00:00,526617.7
2024-07-03 05:00:00,559195.2
2024-07-03 06:00:00,643529.3
2024-07-03 07:00:00,746734.3
2024-07-03 08:00:00,831124.3
2024-07-03 09:00:00,912626.4
2024-07-03 10:00:00,1003071.7
2024-07-03 11:00:00,1082474.0
2024-07-03 12:00:00,1123675.9
2024-07-03 13:00:00,1158224.3
2024-07-03 14:00:00,1181879.9
2024-07-03 15:00:00,1216043.1
2024-07-03 16:00:00,1262413.7
2024-07-03 17:00:00,1289980.8
2024-07-03 18:00:00,1288455.3
2024-07-03 19:00:00,1274253.5
2024-07-03 20:00:00,1261561.8
2024-07-03 21:00:00,1190554.4
2024-07-03 22:00:00,1065644.4
2024-07-03 23:00:00,940317.7
2024-07-04 00:00:00,826438.6
2024-07-04 01:00:00,743496.3
2024-07-04 02:00:00,690441.6
2024-07-04 03:00:00,658642.8
2024-07-04 04:00:00,651909.6
2024-07-04 05:00:00,677348.0
2024-07-04 06:00:00,773569.4
2024-07-04 07:00:00,884415.2
2024-07-04 08:00:00,990081.8
2024-07-04 09:00:00,1076299.9
2024-07-04 10:00:00,1166942.0
2024-07-04 11:00:00,1240879.5
2024-07-04 12:00:00,1280091.1
2024-07-04 13:00:00,1304728.8
2024-07-04 14:00:00,1329091.3
2024-07-04 15:00:00,1328082.9
2024-07-04 16:00:00,1342652.9
2024-07-04 17:00:00,1344117.6
2024-07-04 18:00:00,1336971.7
2024-07-04 19:00:00,1317285.9
2024-07-04 20:00:00,1297057.9
2024-07-04 21:00:00,1224471.3
2024-07-04 22:00:00,1103001.6
2024-07-04 23:00:00,974244.8
2024-07-05 00:00:00,864591.3
2024-07-05 01:00:00,779162.8
2024-07-05 02:00:00,718277.5
2024-07-05 03:00:00,682483.0
2024-07-05 04:00:00,676280.3
2024-07-05 05:00:00,703081.1
2024-07-05 06:00:00,794509.0
2024-07-05 07:00:00,915834.7
2024-07-05 08:00:00,1034034.6
2024-07-05 09:00:00,1147748.8
2024-07-05 10:00:00,1230057.5
2024-07-05 11:00:00,1294898.8
2024-07-05 12:00:00,1325503.2
2024-07-05 13:00:00,1274401.5
2024-07-05 14:00:00,1215450.6
2024-07-05 15:00:00,1211206.4
2024-07-05 16:00:00,1227655.6
2024-07-05 17:00:00,1194162.3
2024-07-05 18:00:00,1152273.3
2024-07-05 19:00:00,1128175.0
2024-07-05 20:00:00,1118108.5
2024-07-05 21:00:00,1068178.8
2024-07-05 22:00:00,972999.0
2024-07-05 23:00:00,866974.6
2024-07-06 00:00:00,767683.2
2024-07-06 01:00:00,697721.3
2024-07-06 02:00:00,645019.2
2024-07-06 03:00:00,612197.3
2024-07-06 04:00:00,598455.5
2024-07-06 05:00:00,615219.7
2024-07-06 06:00:00,691798.9
2024-07-06 07:00:00,819089.2
2024-07-06 08:00:00,954196.5
2024-07-06 09:00:00,1080193.0
2024-07-06 10:00:00,1181776.2
2024-07-06 11:00:00,1221375.9
2024-07-06 12:00:00,1203941.3
2024-07-06 13:00:00,1208652.9
2024-07-06 14:00:00,1241854.7
2024-07-06 15:00:00,1265577.0
2024-07-06 16:00:00,1285194.4
2024-07-06 17:00:00,1309229.8
2024-07-06 18:00:00,1272048.5
2024-07-06 19:00:00,1200964.2
2024-07-06 20:00:00,1154588.9
2024-07-06 21:00:00,1098815.2
2024-07-06 22:00:00,998621.9
2024-07-06 23:00:00,893132.8
2024-07-07 00:00:00,791718.1
2024-07-07 01:00:00,711928.0
2024-07-07 02:00:00,655077.3
2024-07-07 03:00:00,618031.9
2024-07-07 04:00:00,595045.9
2024-07-07 05:00:00,594647.9
2024-07-07 06:00:00,664681.5
2024-07-07 07:00:00,775966.0
2024-07-07 08:00:00,896614.7
2024-07-07 09:00:00,1018269.1
2024-07-07 10:00:00,1120487.7
2024-07-07 11:00:00,1192218.5
2024-07-07 12:00:00,1226080.4
2024-07-07 13:00:00,1251322.7
2024-07-07 14:00:00,1287709.6
2024-07-07 15:00:00,1331989.5
2024-07-07 16:00:00,1369883.1
2024-07-07 17:00:00,1380129.6
2024-07-07 18:00:00,1352295.0
2024-07-07 19:00:00,1298160.5
2024-07-07 20:00:00,1264049.4
2024-07-07 21:00:00,1195444.2
2024-07-07 22:00:00,1048717.3
2024-07-07 23:00:00,913259.5
2024-07-08 00:00:00,800027.7
2024-07-08 01:00:00,723006.9
2024-07-08 02:00:00,672246.0
2024-07-08 03:00:00,641321.9
2024-07-08 04:00:00,635418.2
2024-07-08 05:00:00,656244.2
2024-07-08 06:00:00,725643.7
2024-07-08 07:00:00,847777.4
2024-07-08 08:00:00,963769.1
2024-07-08 09:00:00,1075526.2
2024-07-08 10:00:00,1149218.7
2024-07-08 11:00:00,1200539.4
2024-07-08 12:00:00,1242271.6
2024-07-08 13:00:00,1272846.9
2024-07-08 14:00:00,1347755.9
2024-07-08 15:00:00,1371802.5
2024-07-08 16:00:00,1415795.9
2024-07-08 17:00:00,1438681.9
2024-07-08 18:00:00,1449106.7
2024-07-08 19:00:00,1386259.8
2024-07-08 20:00:00,1350867.1
2024-07-08 21:00:00,1258968.7
2024-07-08 22:00:00,1118921.3
2024-07-08 23:00:00,980710.0
2024-07-09 00:00:00,863646.9
2024-07-09 01:00:00,785973.1
2024-07-09 02:00:00,732588.8
2024-07-09 03:00:00,700192.4
2024-07-09 04:00:00,701345.9
2024-07-09 05:00:00,724693.6
2024-07-09 06:00:00,779411.2
2024-07-09 07:00:00,877271.5
2024-07-09 08:00:00,969622.4
2024-07-09 09:00:00,1056946.7
2024-07-09 10:00:00,1156881.3
2024-07-09 11:00:00,1225897.2
2024-07-09 12:00:00,1254453.5
2024-07-09 13:00:00,1314883.8
2024-07-09 14:00:00,1341599.6
2024-07-09 15:00:00,1365318.4
2024-07-09 16:00:00,1458100.2
2024-07-09 17:00:00,1492058.0
2024-07-09 18:00:00,1460836.0
2024-07-09 19:00:00,1421380.0
2024-07-09 20:00:00,1398438.8
2024-07-09 21:00:00,1314005.6
2024-07-09 22:00:00,1170950.4
2024-07-09 23:00:00,1033181.6
2024-07-10 00:00:00,922287.1
2024-07-10 01:00:00,845093.3
2024-07-10 02:00:00,787253.7
2024-07-10 03:00:00,750180.7
2024-07-10 04:00:00,739067.4
2024-07-10 05:00:00,733189.5
2024-07-10 06:00:00,759073.4
2024-07-10 07:00:00,791100.2
2024-07-10 08:00:00,822157.4
2024-07-10 09:00:00,873304.2
2024-07-10 10:00:00,914936.0
2024-07-10 11:00:00,939279.0
2024-07-10 12:00:00,929655.6
2024-07-10 13:00:00,930140.5
2024-07-10 14:00:00,981214.0
2024-07-10 15:00:00,990847.7
2024-07-10 16:00:00,1028788.1
2024-07-10 17:00:00,1046385.0
2024-07-10 18:00:00,1038285.4
2024-07-10 19:00:00,1021024.3
2024-07-10 20:00:00,999442.9
2024-07-10 21:00:00,935610.5
2024-07-10 22:00:00,838378.4
2024-07-10 23:00:00,739661.2
2024-07-11 00:00:00,657562.5
2024-07-11 01:00:00,605979.7
2024-07-11 02:00:00,572824.5
2024-07-11 03:00:00,557081.6
2024-07-11 04:00:00,562986.7
2024-07-11 05:00:00,590214.9
2024-07-11 06:00:00,647678.1
2024-07-11 07:00:00,716364.3
2024-07-11 08:00:00,778821.1
2024-07-11 09:00:00,854211.0
2024-07-11 10:00:00,893416.7
2024-07-11 11:00:00,937067.3
2024-07-11 12:00:00,979070.7
2024-07-11 13:00:00,999390.6
2024-07-11 14:00:00,1015973.8
2024-07-11 15:00:00,1055770.9
2024-07-11 16:00:00,1136368.4
2024-07-11 17:00:00,1159671.2
2024-07-11 18:00:00,1148762.2
2024-07-11 19:00:00,1123305.2
2024-07-11 20:00:00,1105046.9
2024-07-11 21:00:00,1035827.5
2024-07-11 22:00:00,917201.8
2024-07-11 23:00:00,798636.3
2024-07-12 00:00:00,704834.4
2024-07-12 01:00:00,634812.5
2024-07-12 02:00:00,589842.5
2024-07-12 03:00:00,565010.0
2024-07-12 04:00:00,564859.2
2024-07-12 05:00:00,588291.5
2024-07-12 06:00:00,668857.5
2024-07-12 07:00:00,777559.5
2024-07-12 08:00:00,887671.6
2024-07-12 09:00:00,993601.4
2024-07-12 10:00:00,1080734.2
2024-07-12 11:00:00,1142108.8
2024-07-12 12:00:00,1182487.2
2024-07-12 13:00:00,1226719.1
2024-07-12 14:00:00,1267601.6
2024-07-12 15:00:00,1278323.1
2024-07-12 16:00:00,1248392.5
2024-07-12 17:00:00,1208229.5
2024-07-12 18:00:00,1174250.9
2024-07-12 19:00:00,1130319.4
2024-07-12 20:00:00,1096484.9
2024-07-12 21:00:00,1037142.4
2024-07-12 22:00:00,940453.9
2024-07-12 23:00:00,837501.9
2024-07-13 00:00:00,743981.5
2024-07-13 01:00:00,675638.5
2024-07-13 02:00:00,625684.3
2024-07-13 03:00:00,593145.9
2024-07-13 04:00:00,577995.2
2024-07-13 05:00:00,587279.8
2024-07-13 06:00:00,655496.1
2024-07-13 07:00:00,772105.4
2024-07-13 08:00:00,907640.4
2024-07-13 09:00:00,1033385.9
2024-07-13 10:00:00,1140656.3
2024-07-13 11:00:00,1211412.7
2024-07-13 12:00:00,1251676.6
2024-07-13 13:00:00,1283202.4
2024-07-13 14:00:00,1306289.2
2024-07-13 15:00:00,1325343.3
2024-07-13 16:00:00,1345041.2
2024-07-13 17:00:00,1337480.9
2024-07-13 18:00:00,1291355.0
2024-07-13 19:00:00,1226224.7
2024-07-13 20:00:00,1189020.2
2024-07-13 21:00:00,1131434.0
2024-07-13 22:00:00,1038630.4
2024-07-13 23:00:00,938001.8
2024-07-14 00:00:00,841077.9
2024-07-14 01:00:00,764127.3
2024-07-14 02:00:00,704013.0
2024-07-14 03:00:00,661910.4
2024-07-14 04:00:00,635265.2
2024-07-14 05:00:00,635847.6
2024-07-14 06:00:00,706753.7
2024-07-14 07:00:00,835082.2
2024-07-14 08:00:00,978176.5
2024-07-14 09:00:00,1110603.5
2024-07-14 10:00:00,1216725.5
2024-07-14 11:00:00,1307060.2
2024-07-14 12:00:00,1341371.1
2024-07-14 13:00:00,1274829.0
2024-07-14 14:00:00,1203459.0
2024-07-14 15:00:00,1184539.5
2024-07-14 16:00:00,1214012.1
2024-07-14 17:00:00,1262979.9
2024-07-14 18:00:00,1286516.6
2024-07-14 19:00:00,1261174.4
2024-07-14 20:00:00,1249959.3
2024-07-14 21:00:00,1187790.9
2024-07-14 22:00:00,1068204.3
2024-07-14 23:00:00,949181.0
2024-07-15 00:00:00,845504.7
2024-07-15 01:00:00,772269.5
2024-07-15 02:00:00,726435.4
2024-07-15 03:00:00,697151.2
2024-07-15 04:00:00,691808.9
2024-07-15 05:00:00,716255.1
2024-07-15 06:00:00,794804.5
2024-07-15 07:00:00,901004.7
2024-07-15 08:00:00,984495.2
2024-07-15 09:00:00,1042643.7
2024-07-15 10:00:00,1047680.5
2024-07-15 11:00:00,1056202.6
2024-07-15 12:00:00,1036627.9
2024-07-15 13:00:00,1064798.0
2024-07-15 14:00:00,1058700.2
2024-07-15 15:00:00,1052569.4
2024-07-15 16:00:00,1148596.6
2024-07-15 17:00:00,1251840.3
2024-07-15 18:00:00,1257819.9
2024-07-15 19:00:00,1208139.4
2024-07-15 20:00:00,1168222.7
2024-07-15 21:00:00,1087181.0
2024-07-15 22:00:00,963491.3
2024-07-15 23:00:00,846490.6
2024-07-16 00:00:00,751490.8
2024-07-16 01:00:00,684671.5
2024-07-16 02:00:00,645381.1
2024-07-16 03:00:00,626981.8
2024-07-16 04:00:00,631480.2
2024-07-16 05:00:00,659693.6
2024-07-16 06:00:00,715222.0
2024-07-16 07:00:00,780184.9
2024-07-16 08:00:00,821760.2
2024-07-16 09:00:00,872762.3
2024-07-16 10:00:00,898168.8
2024-07-16 11:00:00,943502.9
2024-07-16 12:00:00,734189.2
2024-07-16 13:00:00,844309.2
2024-07-16 14:00:00,986575.9
2024-07-16 15:00:00,1038409.4
2024-07-16 16:00:00,1091172.0
2024-07-16 17:00:00,1133176.3
2024-07-16 18:00:00,1148627.1
2024-07-16 19:00:00,1122798.0
2024-07-16 20:00:00,1117228.8
2024-07-16 21:00:00,1110500.7
2024-07-16 22:00:00,1019415.3
2024-07-16 23:00:00,914658.1
2024-07-17 00:00:00,810543.3
2024-07-17 01:00:00,740060.2
2024-07-17 02:00:00,690665.0
2024-07-17 03:00:00,655032.1
2024-07-17 04:00:00,643367.5
2024-07-17 05:00:00,657542.3
2024-07-17 06:00:00,704719.9
2024-07-17 07:00:00,771842.4
2024-07-17 08:00:00,847084.7
2024-07-17 09:00:00,913201.4
2024-07-17 10:00:00,983513.2
2024-07-17 11:00:00,1067585.8
2024-07-17 12:00:00,1116336.0
2024-07-17 13:00:00,1134661.1
2024-07-17 14:00:00,1157986.6
2024-07-17 15:00:00,1166199.7
2024-07-17 16:00:00,1211808.0
2024-07-17 17:00:00,1239676.2
2024-07-17 18:00:00,1229174.1
2024-07-17 19:00:00,1180537.2
2024-07-17 20:00:00,1145089.9
2024-07-17 21:00:00,1057856.5
2024-07-17 22:00:00,924515.7
2024-07-17 23:00:00,793918.0
2024-07-18 00:00:00,690825.3
2024-07-18 01:00:00,620831.3
2024-07-18 02:00:00,577643.6
2024-07-18 03:00:00,554988.5
2024-07-18 04:00:00,555174.8
2024-07-18 05:00:00,577652.9
2024-07-18 06:00:00,642192.6
2024-07-18 07:00:00,719726.0
2024-07-18 08:00:00,772873.3
2024-07-18 09:00:00,823845.2
2024-07-18 10:00:00,853887.2
2024-07-18 11:00:00,891652.7
2024-07-18 12:00:00,906319.5
2024-07-18 13:00:00,914424.7
2024-07-18 14:00:00,930488.3
2024-07-18 15:00:00,959063.0
2024-07-18 16:00:00,1002212.5
2024-07-18 17:00:00,1013979.8
2024-07-18 18:00:00,996816.5
2024-07-18 19:00:00,954526.2
2024-07-18 20:00:00,936066.3
2024-07-18 21:00:00,874453.6
2024-07-18 22:00:00,774360.6
2024-07-18 23:00:00,678896.6
2024-07-19 00:00:00,599910.0
2024-07-19 01:00:00,546302.9
2024-07-19 02:00:00,513070.9
2024-07-19 03:00:00,496644.4
2024-07-19 04:00:00,500617.0
2024-07-19 05:00:00,524388.4
2024-07-19 06:00:00,583594.7
2024-07-19 07:00:00,661319.9
2024-07-19 08:00:00,737362.8
2024-07-19 09:00:00,811997.4
2024-07-19 10:00:00,864902.4
2024-07-19 11:00:00,906423.7
2024-07-19 12:00:00,929588.4
2024-07-19 13:00:00,951126.2
2024-07-19 14:00:00,981520.7
2024-07-19 15:00:00,1020430.4
2024-07-19 16:00:00,1066045.7
2024-07-19 17:00:00,1075587.6
2024-07-19 18:00:00,1051936.2
2024-07-19 19:00:00,1008458.7
2024-07-19 20:00:00,992259.2
2024-07-19 21:00:00,938136.5
2024-07-19 22:00:00,849805.9
2024-07-19 23:00:00,749860.9
2024-07-20 00:00:00,661776.6
2024-07-20 01:00:00,595325.3
2024-07-20 02:00:00,553204.2
2024-07-20 03:00:00,527340.1
2024-07-20 04:00:00,516076.7
2024-07-20 05:00:00,525306.1
2024-07-20 06:00:00,584415.3
2024-07-20 07:00:00,684175.5
2024-07-20 08:00:00,796012.6
2024-07-20 09:00:00,908139.4
2024-07-20 10:00:00,1000324.2
2024-07-20 11:00:00,1065220.2
2024-07-20 12:00:00,1102104.6
2024-07-20 13:00:00,1123674.3
2024-07-20 14:00:00,1146083.4
2024-07-20 15:00:00,1167342.7
2024-07-20 16:00:00,1181488.4
2024-07-20 17:00:00,1166659.9
2024-07-20 18:00:00,1138569.8
2024-07-20 19:00:00,1101425.1
2024-07-20 20:00:00,1074145.9
2024-07-20 21:00:00,1020298.6
2024-07-20 22:00:00,931312.7
2024-07-20 23:00:00,830423.8
2024-07-21 00:00:00,735674.9
2024-07-21 01:00:00,668250.0
2024-07-21 02:00:00,619588.9
2024-07-21 03:00:00,591278.9
2024-07-21 04:00:00,579057.6
2024-07-21 05:00:00,578028.0
2024-07-21 06:00:00,618219.9
2024-07-21 07:00:00,696955.6
2024-07-21 08:00:00,812839.9
2024-07-21 09:00:00,918018.7
2024-07-21 10:00:00,991680.1
2024-07-21 11:00:00,1076507.6
2024-07-21 12:00:00,1156374.4
2024-07-21 13:00:00,1191029.2
2024-07-21 14:00:00,1224751.4
2024-07-21 15:00:00,1259242.7
2024-07-21 16:00:00,1288110.9
2024-07-21 17:00:00,1300418.2
2024-07-21 18:00:00,1263195.8
2024-07-21 19:00:00,1228117.9
2024-07-21 20:00:00,1211362.9
2024-07-21 21:00:00,1119723.6
2024-07-21 22:00:00,980064.9
2024-07-21 23:00:00,850203.0
2024-07-22 00:00:00,741116.8
2024-07-22 01:00:00,668777.8
2024-07-22 02:00:00,618287.5
2024-07-22 03:00:00,588470.3
2024-07-22 04:00:00,582912.2
2024-07-22 05:00:00,601152.3
2024-07-22 06:00:00,654459.3
2024-07-22 07:00:00,742107.8
2024-07-22 08:00:00,847079.0
2024-07-22 09:00:00,951287.6
2024-07-22 10:00:00,1034471.9
2024-07-22 11:00:00,1109289.4
2024-07-22 12:00:00,1156662.9
2024-07-22 13:00:00,1200803.5
2024-07-22 14:00:00,1244570.3
2024-07-22 15:00:00,1261394.1
2024-07-22 16:00:00,1279093.5
2024-07-22 17:00:00,1290888.7
2024-07-22 18:00:00,1271086.0
2024-07-22 19:00:00,1244867.7
2024-07-22 20:00:00,1225178.8
2024-07-22 21:00:00,1139956.5
2024-07-22 22:00:00,1013271.4
2024-07-22 23:00:00,897675.8
2024-07-23 00:00:00,802577.6
2024-07-23 01:00:00,727600.1
2024-07-23 02:00:00,673728.6
2024-07-23 03:00:00,646829.7
2024-07-23 04:00:00,641996.4
2024-07-23 05:00:00,656939.7
2024-07-23 06:00:00,713766.7
2024-07-23 07:00:00,787186.1
2024-07-23 08:00:00,876913.1
2024-07-23 09:00:00,988586.5
2024-07-23 10:00:00,1063099.0
2024-07-23 11:00:00,1139773.6
2024-07-23 12:00:00,1185863.5
2024-07-23 13:00:00,1228111.0
2024-07-23 14:00:00,1270990.2
2024-07-23 15:00:00,1320402.5
2024-07-23 16:00:00,1376393.4
2024-07-23 17:00:00,1383243.1
2024-07-23 18:00:00,1331075.0
2024-07-23 19:00:00,1283524.9
2024-07-23 20:00:00,1263233.9
2024-07-23 21:00:00,1185092.2
2024-07-23 22:00:00,1066992.5
2024-07-23 23:00:00,949978.1
2024-07-24 00:00:00,846164.4
2024-07-24 01:00:00,770016.9
2024-07-24 02:00:00,718360.3
2024-07-24 03:00:00,693605.0
2024-07-24 04:00:00,688905.3
2024-07-24 05:00:00,709120.7
2024-07-24 06:00:00,782419.2
2024-07-24 07:00:00,873823.3
2024-07-24 08:00:00,953392.8
2024-07-24 09:00:00,1049742.9
2024-07-24 10:00:00,1073200.8
2024-07-24 11:00:00,1074834.9
2024-07-24 12:00:00,1095319.7
2024-07-24 13:00:00,1058823.7
2024-07-24 14:00:00,1086789.4
2024-07-24 15:00:00,1111931.7
2024-07-24 16:00:00,1171456.8
2024-07-24 17:00:00,1207676.3
2024-07-24 18:00:00,1164139.9
2024-07-24 19:00:00,1106814.5
2024-07-24 20:00:00,1075440.1
2024-07-24 21:00:00,992871.2
2024-07-24 22:00:00,873883.9
2024-07-24 23:00:00,758298.2
2024-07-25 00:00:00,665776.8
2024-07-25 01:00:00,605878.9
2024-07-25 02:00:00,566385.9
2024-07-25 03:00:00,546644.3
2024-07-25 04:00:00,548239.1
2024-07-25 05:00:00,570967.7
2024-07-25 06:00:00,633280.4
2024-07-25 07:00:00,712457.1
2024-07-25 08:00:00,782325.5
2024-07-25 09:00:00,855256.4
2024-07-25 10:00:00,904689.7
2024-07-25 11:00:00,947794.2
2024-07-25 12:00:00,963521.2
2024-07-25 13:00:00,978062.2
2024-07-25 14:00:00,1003551.4
2024-07-25 15:00:00,1049134.2
2024-07-25 16:00:00,1099200.3
2024-07-25 17:00:00,1107173.0
2024-07-25 18:00:00,1068109.3
2024-07-25 19:00:00,1010624.4
2024-07-25 20:00:00,986653.7
2024-07-25 21:00:00,918272.4
2024-07-25 22:00:00,816896.8
2024-07-25 23:00:00,717015.6
2024-07-26 00:00:00,634106.0
2024-07-26 01:00:00,575580.9
2024-07-26 02:00:00,540019.4
2024-07-26 03:00:00,521995.8
2024-07-26 04:00:00,524281.1
2024-07-26 05:00:00,545100.4
2024-07-26 06:00:00,605409.8
2024-07-26 07:00:00,690580.2
2024-07-26 08:00:00,783957.7
2024-07-26 09:00:00,875230.9
2024-07-26 10:00:00,944944.6
2024-07-26 11:00:00,1000051.9
2024-07-26 12:00:00,1036939.7
2024-07-26 13:00:00,1068688.2
2024-07-26 14:00:00,1110079.3
2024-07-26 15:00:00,1153042.1
2024-07-26 16:00:00,1196739.5
2024-07-26 17:00:00,1195007.8
2024-07-26 18:00:00,1153964.2
2024-07-26 19:00:00,1100441.9
2024-07-26 20:00:00,1074231.1
2024-07-26 21:00:00,1003652.8
2024-07-26 22:00:00,901175.1
2024-07-26 23:00:00,795855.9
2024-07-27 00:00:00,702901.8
2024-07-27 01:00:00,633509.7
2024-07-27 02:00:00,586942.5
2024-07-27 03:00:00,556853.3
2024-07-27 04:00:00,543105.6
2024-07-27 05:00:00,548107.9
2024-07-27 06:00:00,601394.7
2024-07-27 07:00:00,704538.8
2024-07-27 08:00:00,828033.8
2024-07-27 09:00:00,948492.2
2024-07-27 10:00:00,1049437.4
2024-07-27 11:00:00,1124738.7
2024-07-27 12:00:00,1171524.2
2024-07-27 13:00:00,1199362.2
2024-07-27 14:00:00,1222241.3
2024-07-27 15:00:00,1241141.7
2024-07-27 16:00:00,1255900.9
2024-07-27 17:00:00,1240185.2
2024-07-27 18:00:00,1193618.6
2024-07-27 19:00:00,1135531.5
2024-07-27 20:00:00,1108833.0
2024-07-27 21:00:00,1043023.8
2024-07-27 22:00:00,946605.6
2024-07-27 23:00:00,847109.0
2024-07-28 00:00:00,757852.4
2024-07-28 01:00:00,687928.5
2024-07-28 02:00:00,633766.3
2024-07-28 03:00:00,596876.3
2024-07-28 04:00:00,576360.9
2024-07-28 05:00:00,572746.3
2024-07-28 06:00:00,625043.2
2024-07-28 07:00:00,735473.7
2024-07-28 08:00:00,868747.3
2024-07-28 09:00:00,1001951.4
2024-07-28 10:00:00,1122540.8
2024-07-28 11:00:00,1209384.6
2024-07-28 12:00:00,1262319.3
2024-07-28 13:00:00,1298235.4
2024-07-28 14:00:00,1332767.6
2024-07-28 15:00:00,1370341.2
2024-07-28 16:00:00,1400975.3
2024-07-28 17:00:00,1400125.1
2024-07-28 18:00:00,1356540.0
2024-07-28 19:00:00,1300568.8
2024-07-28 20:00:00,1273670.4
2024-07-28 21:00:00,1194823.1
2024-07-28 22:00:00,1068010.0
2024-07-28 23:00:00,939485.5
2024-07-29 00:00:00,834050.7
2024-07-29 01:00:00,754724.4
2024-07-29 02:00:00,699428.7
2024-07-29 03:00:00,662897.5
2024-07-29 04:00:00,652367.4
2024-07-29 05:00:00,666159.5
2024-07-29 06:00:00,737509.8
2024-07-29 07:00:00,856069.9
2024-07-29 08:00:00,976463.5
2024-07-29 09:00:00,1096765.8
2024-07-29 10:00:00,1184085.0
2024-07-29 11:00:00,1264281.0
2024-07-29 12:00:00,1311604.4
2024-07-29 13:00:00,1349857.5
2024-07-29 14:00:00,1388859.1
2024-07-29 15:00:00,1429450.5
2024-07-29 16:00:00,1473360.5
2024-07-29 17:00:00,1471399.9
2024-07-29 18:00:00,1429477.1
2024-07-29 19:00:00,1375070.4
2024-07-29 20:00:00,1347224.4
2024-07-29 21:00:00,1257784.6
2024-07-29 22:00:00,1128090.2
2024-07-29 23:00:00,1006920.4
2024-07-30 00:00:00,910367.8
2024-07-30 01:00:00,835288.4
2024-07-30 02:00:00,787231.4
2024-07-30 03:00:00,760511.4
2024-07-30 04:00:00,760288.5
2024-07-30 05:00:00,780535.1
2024-07-30 06:00:00,856142.7
2024-07-30 07:00:00,953189.8
2024-07-30 08:00:00,1054195.6
2024-07-30 09:00:00,1166207.4
2024-07-30 10:00:00,1246293.9
2024-07-30 11:00:00,1309814.5
2024-07-30 12:00:00,1359952.6
2024-07-30 13:00:00,1405142.9
2024-07-30 14:00:00,1458564.2
2024-07-30 15:00:00,1459147.6
2024-07-30 16:00:00,1459396.0
2024-07-30 17:00:00,1434904.1
2024-07-30 18:00:00,1430226.3
2024-07-30 19:00:00,1388649.0
2024-07-30 20:00:00,1368188.8
2024-07-30 21:00:00,1290667.0
2024-07-30 22:00:00,1165055.7
2024-07-30 23:00:00,1040920.9
2024-07-31 00:00:00,940299.4
2024-07-31 01:00:00,865424.8
2024-07-31 02:00:00,808979.5
2024-07-31 03:00:00,778971.1
2024-07-31 04:00:00,774761.4
2024-07-31 05:00:00,792557.9
2024-07-31 06:00:00,861107.3
2024-07-31 07:00:00,951324.3
2024-07-31 08:00:00,1043194.3
2024-07-31 09:00:00,1161066.9
2024-07-31 10:00:00,1252640.8
2024-07-31 11:00:00,1336206.1
2024-07-31 12:00:00,1395163.7
2024-07-31 13:00:00,1444884.1
2024-07-31 14:00:00,1491975.0
2024-07-31 15:00:00,1538441.0
2024-07-31 16:00:00,1581496.6
2024-07-31 17:00:00,1564379.1
2024-07-31 18:00:00,1532951.4
2024-07-31 19:00:00,1489972.9
2024-07-31 20:00:00,1465279.0
2024-07-31 21:00:00,1371821.5
2024-07-31 22:00:00,1240594.4
2024-07-31 23:00:00,1108894.4
2024-08-01 00:00:00,992563.8
2024-08-01 01:00:00,909693.7
2024-08-01 02:00:00,845058.1
2024-08-01 03:00:00,805137.8
2024-08-01 04:00:00,790386.6
2024-08-01 05:00:00,796023.5
2024-08-01 06:00:00,870015.1
2024-08-01 07:00:00,989240.5
2024-08-01 08:00:00,1077021.8
2024-08-01 09:00:00,1129153.6
2024-08-01 10:00:00,1161715.1
2024-08-01 11:00:00,1206402.4
2024-08-01 12:00:00,1299223.5
2024-08-01 13:00:00,1374005.7
2024-08-01 14:00:00,1440822.7
2024-08-01 15:00:00,1466226.4
2024-08-01 16:00:00,1504878.5
2024-08-01 17:00:00,1504850.0
2024-08-01 18:00:00,1486799.5
2024-08-01 19:00:00,1438936.1
2024-08-01 20:00:00,1412800.9
2024-08-01 21:00:00,1328256.5
2024-08-01 22:00:00,1202518.3
2024-08-01 23:00:00,1082806.7
2024-08-02 00:00:00,981969.4
2024-08-02 01:00:00,911239.5
2024-08-02 02:00:00,853288.3
2024-08-02 03:00:00,826816.9
2024-08-02 04:00:00,816577.7
2024-08-02 05:00:00,825351.2
2024-08-02 06:00:00,872595.3
2024-08-02 07:00:00,958781.2
2024-08-02 08:00:00,1043678.7999999999
2024-08-02 09:00:00,1115294.3
2024-08-02 10:00:00,1169728.1
2024-08-02 11:00:00,1205795.0
2024-08-02 12:00:00,1255509.0
2024-08-02 13:00:00,1333266.4
2024-08-02 14:00:00,1351999.4
2024-08-02 15:00:00,1359812.5
2024-08-02 16:00:00,1405136.6
2024-08-02 17:00:00,1437751.3
2024-08-02 18:00:00,1392015.5
2024-08-02 19:00:00,1335445.3
2024-08-02 20:00:00,1306709.5
2024-08-02 21:00:00,1238285.1
2024-08-02 22:00:00,1136052.9
2024-08-02 23:00:00,1035026.5
2024-08-03 00:00:00,938514.2
2024-08-03 01:00:00,870411.7
2024-08-03 02:00:00,818354.9
2024-08-03 03:00:00,780857.1
2024-08-03 04:00:00,762879.7
2024-08-03 05:00:00,760513.6
2024-08-03 06:00:00,800101.7
2024-08-03 07:00:00,879563.0
2024-08-03 08:00:00,980856.6
2024-08-03 09:00:00,1109838.5
2024-08-03 10:00:00,1217294.9
2024-08-03 11:00:00,1257000.7
2024-08-03 12:00:00,1276967.8
2024-08-03 13:00:00,1281243.8
2024-08-03 14:00:00,1293532.1
2024-08-03 15:00:00,1340226.3
2024-08-03 16:00:00,1376638.6
2024-08-03 17:00:00,1380865.7
2024-08-03 18:00:00,1344807.0
2024-08-03 19:00:00,1303209.5
2024-08-03 20:00:00,1277851.0
2024-08-03 21:00:00,1205775.9
2024-08-03 22:00:00,1099002.7
2024-08-03 23:00:00,985924.3
2024-08-04 00:00:00,879558.5
2024-08-04 01:00:00,797238.2
2024-08-04 02:00:00,736927.3
2024-08-04 03:00:00,691981.1
2024-08-04 04:00:00,663600.4
2024-08-04 05:00:00,653743.3
2024-08-04 06:00:00,705992.9
2024-08-04 07:00:00,820549.3
2024-08-04 08:00:00,961518.9
2024-08-04 09:00:00,1098000.8
2024-08-04 10:00:00,1190028.1
2024-08-04 11:00:00,1185032.1
2024-08-04 12:00:00,1147642.4
2024-08-04 13:00:00,1144179.8
2024-08-04 14:00:00,1218973.9
2024-08-04 15:00:00,1291947.0
2024-08-04 16:00:00,1354612.8
2024-08-04 17:00:00,1362362.7
2024-08-04 18:00:00,1321292.3
2024-08-04 19:00:00,1259960.7
2024-08-04 20:00:00,1229984.0
2024-08-04 21:00:00,1152240.5
2024-08-04 22:00:00,1044521.8
2024-08-04 23:00:00,933595.9
2024-08-05 00:00:00,831861.9
2024-08-05 01:00:00,762223.7
2024-08-05 02:00:00,711265.6
2024-08-05 03:00:00,684042.5
2024-08-05 04:00:00,671750.1
2024-08-05 05:00:00,674957.9
2024-08-05 06:00:00,675036.4
2024-08-05 07:00:00,719535.2
2024-08-05 08:00:00,809312.7
2024-08-05 09:00:00,915045.7
2024-08-05 10:00:00,1011973.0
2024-08-05 11:00:00,1081649.0
2024-08-05 12:00:00,1153309.4
2024-08-05 13:00:00,1219127.0
2024-08-05 14:00:00,1222553.5
2024-08-05 15:00:00,1179402.1
2024-08-05 16:00:00,1206999.9
2024-08-05 17:00:00,1206294.2
2024-08-05 18:00:00,1180740.1
2024-08-05 19:00:00,1169263.1
2024-08-05 20:00:00,1144241.3
2024-08-05 21:00:00,1063669.8
2024-08-05 22:00:00,945365.9
2024-08-05 23:00:00,831457.2
2024-08-06 00:00:00,736891.6
2024-08-06 01:00:00,670688.8
2024-08-06 02:00:00,629567.8
2024-08-06 03:00:00,606120.5
2024-08-06 04:00:00,604101.5
2024-08-06 05:00:00,619648.7
2024-08-06 06:00:00,655381.0
2024-08-06 07:00:00,702943.3
2024-08-06 08:00:00,741297.6
2024-08-06 09:00:00,782569.9
2024-08-06 10:00:00,819583.8
2024-08-06 11:00:00,847751.9
2024-08-06 12:00:00,854660.5
2024-08-06 13:00:00,850058.2
2024-08-06 14:00:00,851788.2
2024-08-06 15:00:00,867456.8
2024-08-06 16:00:00,905486.2
2024-08-06 17:00:00,921336.2
2024-08-06 18:00:00,937390.0
2024-08-06 19:00:00,921175.1
2024-08-06 20:00:00,911539.3
2024-08-06 21:00:00,839954.0
2024-08-06 22:00:00,744761.9
2024-08-06 23:00:00,650749.8
2024-08-07 00:00:00,575473.4
2024-08-07 01:00:00,528500.1
2024-08-07 02:00:00,499618.2
2024-08-07 03:00:00,487031.3
2024-08-07 04:00:00,492798.4
2024-08-07 05:00:00,514312.2
2024-08-07 06:00:00,568715.6
2024-08-07 07:00:00,637515.8
2024-08-07 08:00:00,708753.7
2024-08-07 09:00:00,779216.0
2024-08-07 10:00:00,829687.0
2024-08-07 11:00:00,875765.9
2024-08-07 12:00:00,897152.8
2024-08-07 13:00:00,919944.6
2024-08-07 14:00:00,952762.5
2024-08-07 15:00:00,1000087.2
2024-08-07 16:00:00,1060931.7
2024-08-07 17:00:00,1076045.9
2024-08-07 18:00:00,1043528.8
2024-08-07 19:00:00,1010141.3
2024-08-07 20:00:00,999255.9
2024-08-07 21:00:00,926757.9
2024-08-07 22:00:00,821472.6
2024-08-07 23:00:00,723533.8
2024-08-08 00:00:00,641215.8
2024-08-08 01:00:00,584043.1
2024-08-08 02:00:00,551127.6
2024-08-08 03:00:00,534270.8
2024-08-08 04:00:00,537411.8
2024-08-08 05:00:00,560728.6
2024-08-08 06:00:00,619802.5
2024-08-08 07:00:00,697775.7
2024-08-08 08:00:00,762118.5
2024-08-08 09:00:00,808860.9
2024-08-08 10:00:00,862378.8
2024-08-08 11:00:00,920266.1
2024-08-08 12:00:00,919938.9
2024-08-08 13:00:00,932630.4
2024-08-08 14:00:00,988073.3
2024-08-08 15:00:00,1024752.1
2024-08-08 16:00:00,1070105.8
2024-08-08 17:00:00,1077421.0
2024-08-08 18:00:00,1077818.2
2024-08-08 19:00:00,1082503.8
2024-08-08 20:00:00,1082027.1
2024-08-08 21:00:00,1018436.6
2024-08-08 22:00:00,925409.2
2024-08-08 23:00:00,823968.5
2024-08-09 00:00:00,742525.9
2024-08-09 01:00:00,687394.3
2024-08-09 02:00:00,651244.5
2024-08-09 03:00:00,632186.0
2024-08-09 04:00:00,634348.4
2024-08-09 05:00:00,652161.7
2024-08-09 06:00:00,704997.3
2024-08-09 07:00:00,781217.5
2024-08-09 08:00:00,848739.6
2024-08-09 09:00:00,906241.6
2024-08-09 10:00:00,945744.0
2024-08-09 11:00:00,995743.3
2024-08-09 12:00:00,1022992.9
2024-08-09 13:00:00,1078453.1
2024-08-09 14:00:00,1153818.4
2024-08-09 15:00:00,1205873.3
2024-08-09 16:00:00,1240440.6
2024-08-09 17:00:00,1224479.1
2024-08-09 18:00:00,1167908.2
2024-08-09 19:00:00,1087283.3
2024-08-09 20:00:00,1031476.1
2024-08-09 21:00:00,945860.4
2024-08-09 22:00:00,844677.4
2024-08-09 23:00:00,742310.2
2024-08-10 00:00:00,658991.8
2024-08-10 01:00:00,600697.4
2024-08-10 02:00:00,558505.0
2024-08-10 03:00:00,532491.3
2024-08-10 04:00:00,522299.2
2024-08-10 05:00:00,528195.7
2024-08-10 06:00:00,573658.1
2024-08-10 07:00:00,667002.9
2024-08-10 08:00:00,764351.0
2024-08-10 09:00:00,847424.6
2024-08-10 10:00:00,905585.8
2024-08-10 11:00:00,951318.1
2024-08-10 12:00:00,967174.4
2024-08-10 13:00:00,965281.4
2024-08-10 14:00:00,975095.4
2024-08-10 15:00:00,953060.9
2024-08-10 16:00:00,923673.4
2024-08-10 17:00:00,901803.5
2024-08-10 18:00:00,875108.5
2024-08-10 19:00:00,869552.7
2024-08-10 20:00:00,863603.8
2024-08-10 21:00:00,816983.2
2024-08-10 22:00:00,746014.4
2024-08-10 23:00:00,674448.2
2024-08-11 00:00:00,607160.5
2024-08-11 01:00:00,554106.3
2024-08-11 02:00:00,517542.3
2024-08-11 03:00:00,494565.8
2024-08-11 04:00:00,485851.0
2024-08-11 05:00:00,490037.0
2024-08-11 06:00:00,524588.3
2024-08-11 07:00:00,604990.9
2024-08-11 08:00:00,702525.0
2024-08-11 09:00:00,779548.7
2024-08-11 10:00:00,806882.8
2024-08-11 11:00:00,842099.5
2024-08-11 12:00:00,859015.0
2024-08-11 13:00:00,850262.8
2024-08-11 14:00:00,861507.9
2024-08-11 15:00:00,888889.9
2024-08-11 16:00:00,919508.7
2024-08-11 17:00:00,915112.8
2024-08-11 18:00:00,896654.3
2024-08-11 19:00:00,880614.6
2024-08-11 20:00:00,870546.0
2024-08-11 21:00:00,803956.3
2024-08-11 22:00:00,714793.5
2024-08-11 23:00:00,626533.1
2024-08-12 00:00:00,559515.6
2024-08-12 01:00:00,514543.7
2024-08-12 02:00:00,487683.9
2024-08-12 03:00:00,475288.7
2024-08-12 04:00:00,481301.8
2024-08-12 05:00:00,504403.5
2024-08-12 06:00:00,552570.1
2024-08-12 07:00:00,604403.5
2024-08-12 08:00:00,654791.9
2024-08-12 09:00:00,717360.0
2024-08-12 10:00:00,774522.2
2024-08-12 11:00:00,815398.9
2024-08-12 12:00:00,821967.2
2024-08-12 13:00:00,815682.5
2024-08-12 14:00:00,833908.8
2024-08-12 15:00:00,873972.7
2024-08-12 16:00:00,933588.5
2024-08-12 17:00:00,960260.1
2024-08-12 18:00:00,947174.4
2024-08-12 19:00:00,922000.5
2024-08-12 20:00:00,903093.3
2024-08-12 21:00:00,827660.2
2024-08-12 22:00:00,729580.8
2024-08-12 23:00:00,638208.2
2024-08-13 00:00:00,567968.4
2024-08-13 01:00:00,524659.5
2024-08-13 02:00:00,499478.4
2024-08-13 03:00:00,487013.2
2024-08-13 04:00:00,492892.2
2024-08-13 05:00:00,517431.0
2024-08-13 06:00:00,571698.8
2024-08-13 07:00:00,644359.7
2024-08-13 08:00:00,718858.7
2024-08-13 09:00:00,802467.4
2024-08-13 10:00:00,868408.9
2024-08-13 11:00:00,919601.2
2024-08-13 12:00:00,948583.9
2024-08-13 13:00:00,973784.5
2024-08-13 14:00:00,1001061.5
2024-08-13 15:00:00,1034971.8
2024-08-13 16:00:00,1087181.0
2024-08-13 17:00:00,1099141.2
2024-08-13 18:00:00,1072620.9
2024-08-13 19:00:00,1052200.6
2024-08-13 20:00:00,1032018.4
2024-08-13 21:00:00,946050.2
2024-08-13 22:00:00,833020.5
2024-08-13 23:00:00,730658.7
2024-08-14 00:00:00,639705.5
2024-08-14 01:00:00,582698.7
2024-08-14 02:00:00,544104.3
2024-08-14 03:00:00,526300.9
2024-08-14 04:00:00,527703.2
2024-08-14 05:00:00,548729.5
2024-08-14 06:00:00,602757.3
2024-08-14 07:00:00,685830.9
2024-08-14 08:00:00,771479.4
2024-08-14 09:00:00,868465.9
2024-08-14 10:00:00,943292.1
2024-08-14 11:00:00,1006335.1
2024-08-14 12:00:00,1054357.0
2024-08-14 13:00:00,1099258.1
2024-08-14 14:00:00,1143043.0
2024-08-14 15:00:00,1190690.6
2024-08-14 16:00:00,1244704.1
2024-08-14 17:00:00,1246416.2
2024-08-14 18:00:00,1202448.5
2024-08-14 19:00:00,1161293.7
2024-08-14 20:00:00,1127846.5
2024-08-14 21:00:00,1034778.3
2024-08-14 22:00:00,912189.0
2024-08-14 23:00:00,796998.3
2024-08-15 00:00:00,701195.0
2024-08-15 01:00:00,635004.6
2024-08-15 02:00:00,591407.3
2024-08-15 03:00:00,566540.0
2024-08-15 04:00:00,563900.0
2024-08-15 05:00:00,581459.2
2024-08-15 06:00:00,634959.6
2024-08-15 07:00:00,727438.9
2024-08-15 08:00:00,829080.0
2024-08-15 09:00:00,936814.2
2024-08-15 10:00:00,1025729.3
2024-08-15 11:00:00,1096369.0
2024-08-15 12:00:00,1145597.1
2024-08-15 13:00:00,1187507.9
2024-08-15 14:00:00,1239126.6
2024-08-15 15:00:00,1252206.2
2024-08-15 16:00:00,1290588.5
2024-08-15 17:00:00,1289786.1
2024-08-15 18:00:00,1253480.0
2024-08-15 19:00:00,1209309.6
2024-08-15 20:00:00,1167703.6
2024-08-15 21:00:00,1071301.5
2024-08-15 22:00:00,946728.0
2024-08-15 23:00:00,833320.1
2024-08-16 00:00:00,738684.8
2024-08-16 01:00:00,669105.3
2024-08-16 02:00:00,620819.4
2024-08-16 03:00:00,594178.7
2024-08-16 04:00:00,589141.2
2024-08-16 05:00:00,603308.5
2024-08-16 06:00:00,661077.8
2024-08-16 07:00:00,763096.5
2024-08-16 08:00:00,878614.1
2024-08-16 09:00:00,984762.2
2024-08-16 10:00:00,1071354.1
2024-08-16 11:00:00,1118591.2
2024-08-16 12:00:00,1113661.7
2024-08-16 13:00:00,1098812.4
2024-08-16 14:00:00,1078958.1
2024-08-16 15:00:00,1072134.3
2024-08-16 16:00:00,1095631.2
2024-08-16 17:00:00,1110130.0
2024-08-16 18:00:00,1104511.5
2024-08-16 19:00:00,1101398.6
2024-08-16 20:00:00,1062760.3
2024-08-16 21:00:00,1006235.8
2024-08-16 22:00:00,921635.2
2024-08-16 23:00:00,835896.7
2024-08-17 00:00:00,752695.6
2024-08-17 01:00:00,692025.6
2024-08-17 02:00:00,650737.8
2024-08-17 03:00:00,625181.9
2024-08-17 04:00:00,616930.4
2024-08-17 05:00:00,626282.1
2024-08-17 06:00:00,670190.8
2024-08-17 07:00:00,752706.4
2024-08-17 08:00:00,870399.8
2024-08-17 09:00:00,966564.3
2024-08-17 10:00:00,1069084.7
2024-08-17 11:00:00,1145559.9
2024-08-17 12:00:00,1116532.3
2024-08-17 13:00:00,1049529.1
2024-08-17 14:00:00,1048497.5
2024-08-17 15:00:00,1048614.3
2024-08-17 16:00:00,1060278.3
2024-08-17 17:00:00,1078458.2
2024-08-17 18:00:00,1056625.1
2024-08-17 19:00:00,1042367.0
2024-08-17 20:00:00,1029265.2
2024-08-17 21:00:00,969853.6
2024-08-17 22:00:00,893484.1
2024-08-17 23:00:00,803749.3
2024-08-18 00:00:00,721713.1
2024-08-18 01:00:00,663183.6
2024-08-18 02:00:00,623772.8
2024-08-18 03:00:00,596321.2
2024-08-18 04:00:00,584206.7
2024-08-18 05:00:00,588678.7
2024-08-18 06:00:00,622853.3
2024-08-18 07:00:00,698262.9
2024-08-18 08:00:00,825021.8
2024-08-18 09:00:00,965606.4
2024-08-18 10:00:00,1083339.4
2024-08-18 11:00:00,1170811.6
2024-08-18 12:00:00,1226026.9
2024-08-18 13:00:00,1221080.3
2024-08-18 14:00:00,1153848.2
2024-08-18 15:00:00,1131858.0
2024-08-18 16:00:00,1134702.6
2024-08-18 17:00:00,1140922.5
2024-08-18 18:00:00,1115023.5
2024-08-18 19:00:00,1098309.3
2024-08-18 20:00:00,1068393.0
2024-08-18 21:00:00,978603.2
2024-08-18 22:00:00,854483.5
2024-08-18 23:00:00,741287.1
2024-08-19 00:00:00,646272.8
2024-08-19 01:00:00,584062.9
2024-08-19 02:00:00,545350.3
2024-08-19 03:00:00,523253.0
2024-08-19 04:00:00,523999.6
2024-08-19 05:00:00,541583.6
2024-08-19 06:00:00,579832.6
2024-08-19 07:00:00,628792.1
2024-08-19 08:00:00,666569.6
2024-08-19 09:00:00,703113.7
2024-08-19 10:00:00,729942.0
2024-08-19 11:00:00,748210.9
2024-08-19 12:00:00,744163.7
2024-08-19 13:00:00,730738.9
2024-08-19 14:00:00,735796.3
2024-08-19 15:00:00,761657.9
2024-08-19 16:00:00,813568.5
2024-08-19 17:00:00,824413.8
2024-08-19 18:00:00,808229.2
2024-08-19 19:00:00,806534.6
2024-08-19 20:00:00,784502.5
2024-08-19 21:00:00,716905.6
2024-08-19 22:00:00,629964.0
2024-08-19 23:00:00,557698.5
2024-08-20 00:00:00,498651.4
2024-08-20 01:00:00,458570.3
2024-08-20 02:00:00,438919.5
2024-08-20 03:00:00,432776.2
2024-08-20 04:00:00,444487.6
2024-08-20 05:00:00,473699.9
2024-08-20 06:00:00,525907.7
2024-08-20 07:00:00,576865.7
2024-08-20 08:00:00,620316.2
2024-08-20 09:00:00,660707.1
2024-08-20 10:00:00,693371.3
2024-08-20 11:00:00,716901.3
2024-08-20 12:00:00,714263.0
2024-08-20 13:00:00,707754.4
2024-08-20 14:00:00,712043.7
2024-08-20 15:00:00,735502.6
2024-08-20 16:00:00,770672.3
2024-08-20 17:00:00,778723.9
2024-08-20 18:00:00,777487.8
2024-08-20 19:00:00,786855.3
2024-08-20 20:00:00,767112.2
2024-08-20 21:00:00,704255.1
2024-08-20 22:00:00,619894.8
2024-08-20 23:00:00,549870.3
2024-08-21 00:00:00,493735.8
2024-08-21 01:00:00,457982.0
2024-08-21 02:00:00,437957.4
2024-08-21 03:00:00,431266.2
2024-08-21 04:00:00,443495.1
2024-08-21 05:00:00,471973.1
2024-08-21 06:00:00,520784.9
2024-08-21 07:00:00,575871.8
2024-08-21 08:00:00,621690.8
2024-08-21 09:00:00,671559.0
2024-08-21 10:00:00,707789.5
2024-08-21 11:00:00,732573.7
2024-08-21 12:00:00,736962.2
2024-08-21 13:00:00,722614.2
2024-08-21 14:00:00,719944.9
2024-08-21 15:00:00,741658.9
2024-08-21 16:00:00,780641.0
2024-08-21 17:00:00,794730.0
2024-08-21 18:00:00,791141.5
2024-08-21 19:00:00,800609.3
2024-08-21 20:00:00,783811.9
2024-08-21 21:00:00,718958.7
2024-08-21 22:00:00,636828.5
2024-08-21 23:00:00,560291.3
2024-08-22 00:00:00,502284.4
2024-08-22 01:00:00,464714.2
2024-08-22 02:00:00,443035.8
2024-08-22 03:00:00,435518.5
2024-08-22 04:00:00,447719.1
2024-08-22 05:00:00,472699.4
2024-08-22 06:00:00,524338.3
2024-08-22 07:00:00,582307.7
2024-08-22 08:00:00,638646.6
2024-08-22 09:00:00,695582.8
2024-08-22 10:00:00,742336.5
2024-08-22 11:00:00,779513.4
2024-08-22 12:00:00,791544.5
2024-08-22 13:00:00,805319.6
2024-08-22 14:00:00,819360.1
2024-08-22 15:00:00,840905.5
2024-08-22 16:00:00,880529.4
2024-08-22 17:00:00,886682.8
2024-08-22 18:00:00,876932.8
2024-08-22 19:00:00,888700.4
2024-08-22 20:00:00,867334.9
2024-08-22 21:00:00,797025.3
2024-08-22 22:00:00,708014.0
2024-08-22 23:00:00,623140.1
2024-08-23 00:00:00,551480.6
2024-08-23 01:00:00,502117.3
2024-08-23 02:00:00,472888.4
2024-08-23 03:00:00,460062.0
2024-08-23 04:00:00,468260.8
2024-08-23 05:00:00,490756.7
2024-08-23 06:00:00,538739.2
2024-08-23 07:00:00,607146.1
2024-08-23 08:00:00,678840.5
2024-08-23 09:00:00,754005.0
2024-08-23 10:00:00,816242.2
2024-08-23 11:00:00,862378.1
2024-08-23 12:00:00,882880.5
2024-08-23 13:00:00,898108.4
2024-08-23 14:00:00,920530.7
2024-08-23 15:00:00,935369.1
2024-08-23 16:00:00,965964.4
2024-08-23 17:00:00,961555.6
2024-08-23 18:00:00,933631.7
2024-08-23 19:00:00,926293.1
2024-08-23 20:00:00,907159.0
2024-08-23 21:00:00,840519.7
2024-08-23 22:00:00,759329.0
2024-08-23 23:00:00,673813.9
2024-08-24 00:00:00,597786.9
2024-08-24 01:00:00,544377.1
2024-08-24 02:00:00,508679.8
2024-08-24 03:00:00,485195.2
2024-08-24 04:00:00,477844.6
2024-08-24 05:00:00,486530.7
2024-08-24 06:00:00,530446.4
2024-08-24 07:00:00,615500.4
2024-08-24 08:00:00,716052.6
2024-08-24 09:00:00,816755.0
2024-08-24 10:00:00,901724.7
2024-08-24 11:00:00,966158.2
2024-08-24 12:00:00,974370.9
2024-08-24 13:00:00,992926.3
2024-08-24 14:00:00,1013616.0
2024-08-24 15:00:00,999882.3
2024-08-24 16:00:00,1006074.9
2024-08-24 17:00:00,998602.4
2024-08-24 18:00:00,968256.9
2024-08-24 19:00:00,960625.0
2024-08-24 20:00:00,945878.6
2024-08-24 21:00:00,894505.9
2024-08-24 22:00:00,816626.9
2024-08-24 23:00:00,737258.3
2024-08-25 00:00:00,662748.0
2024-08-25 01:00:00,599512.3
2024-08-25 02:00:00,557085.1
2024-08-25 03:00:00,528473.5
2024-08-25 04:00:00,515930.8
2024-08-25 05:00:00,516383.9
2024-08-25 06:00:00,553013.6
2024-08-25 07:00:00,643200.5
2024-08-25 08:00:00,766535.7
2024-08-25 09:00:00,891223.7
2024-08-25 10:00:00,1002914.4
2024-08-25 11:00:00,1083512.8
2024-08-25 12:00:00,1126972.4
2024-08-25 13:00:00,1156849.4
2024-08-25 14:00:00,1180401.4
2024-08-25 15:00:00,1197197.4
2024-08-25 16:00:00,1235109.9
2024-08-25 17:00:00,1233566.9
2024-08-25 18:00:00,1188882.2
2024-08-25 19:00:00,1166953.2
2024-08-25 20:00:00,1129345.7
2024-08-25 21:00:00,1041281.3
2024-08-25 22:00:00,921976.4
2024-08-25 23:00:00,806119.1
2024-08-26 00:00:00,715500.6
2024-08-26 01:00:00,646696.4
2024-08-26 02:00:00,600275.9
2024-08-26 03:00:00,573154.5
2024-08-26 04:00:00,570085.6
2024-08-26 05:00:00,587412.3
2024-08-26 06:00:00,638847.5
2024-08-26 07:00:00,733551.8
2024-08-26 08:00:00,845463.3
2024-08-26 09:00:00,962193.3
2024-08-26 10:00:00,1056705.6
2024-08-26 11:00:00,1133111.5
2024-08-26 12:00:00,1182851.2
2024-08-26 13:00:00,1220666.9
2024-08-26 14:00:00,1260229.4
2024-08-26 15:00:00,1303235.1
2024-08-26 16:00:00,1350121.0
2024-08-26 17:00:00,1343420.8
2024-08-26 18:00:00,1303925.0
2024-08-26 19:00:00,1284178.0
2024-08-26 20:00:00,1234926.2
2024-08-26 21:00:00,1134560.8
2024-08-26 22:00:00,1004309.0
2024-08-26 23:00:00,887696.7
2024-08-27 00:00:00,794875.3
2024-08-27 01:00:00,726061.5
2024-08-27 02:00:00,678577.6
2024-08-27 03:00:00,650204.8
2024-08-27 04:00:00,645221.0
2024-08-27 05:00:00,663634.1
2024-08-27 06:00:00,718657.9
2024-08-27 07:00:00,824665.8
2024-08-27 08:00:00,937873.3
2024-08-27 09:00:00,1038205.3
2024-08-27 10:00:00,1126872.4
2024-08-27 11:00:00,1217589.5
2024-08-27 12:00:00,1273616.0
2024-08-27 13:00:00,1338434.5
2024-08-27 14:00:00,1387076.0
2024-08-27 15:00:00,1401814.9
2024-08-27 16:00:00,1473919.5
2024-08-27 17:00:00,1510063.2
2024-08-27 18:00:00,1503579.8
2024-08-27 19:00:00,1493601.5
2024-08-27 20:00:00,1447985.4
2024-08-27 21:00:00,1345252.1
2024-08-27 22:00:00,1207660.4
2024-08-27 23:00:00,1075247.2
2024-08-28 00:00:00,971655.2
2024-08-28 01:00:00,897903.6
2024-08-28 02:00:00,840481.1
2024-08-28 03:00:00,800889.8
2024-08-28 04:00:00,785458.7
2024-08-28 05:00:00,792955.1
2024-08-28 06:00:00,831284.3
2024-08-28 07:00:00,904059.0
2024-08-28 08:00:00,1003830.8
2024-08-28 09:00:00,1066776.4
2024-08-28 10:00:00,1089004.2
2024-08-28 11:00:00,1089832.6
2024-08-28 12:00:00,1066978.8
2024-08-28 13:00:00,1027623.4
2024-08-28 14:00:00,996257.4
2024-08-28 15:00:00,992787.0
2024-08-28 16:00:00,1013616.0
2024-08-28 17:00:00,1010536.7
2024-08-28 18:00:00,1002791.3
2024-08-28 19:00:00,993105.9
2024-08-28 20:00:00,952906.0
2024-08-28 21:00:00,871081.9
2024-08-28 22:00:00,777402.2
2024-08-28 23:00:00,686846.8
2024-08-29 00:00:00,614866.2
2024-08-29 01:00:00,566092.6
2024-08-29 02:00:00,534867.5
2024-08-29 03:00:00,518523.2
2024-08-29 04:00:00,522506.9
2024-08-29 05:00:00,545510.2
2024-08-29 06:00:00,587241.7
2024-08-29 07:00:00,645739.6
2024-08-29 08:00:00,706186.2
2024-08-29 09:00:00,763180.2
2024-08-29 10:00:00,807621.4
2024-08-29 11:00:00,849849.8
2024-08-29 12:00:00,882894.7
2024-08-29 13:00:00,899378.2
2024-08-29 14:00:00,919573.2
2024-08-29 15:00:00,949361.1
2024-08-29 16:00:00,989736.7
2024-08-29 17:00:00,991327.5
2024-08-29 18:00:00,959539.4
2024-08-29 19:00:00,951744.0
2024-08-29 20:00:00,919200.1
2024-08-29 21:00:00,847479.8
2024-08-29 22:00:00,752201.7
2024-08-29 23:00:00,666321.3
2024-08-30 00:00:00,592231.9
2024-08-30 01:00:00,541841.5
2024-08-30 02:00:00,510266.3
2024-08-30 03:00:00,496412.1
2024-08-30 04:00:00,503342.7
2024-08-30 05:00:00,525675.8
2024-08-30 06:00:00,571048.9
2024-08-30 07:00:00,639186.0
2024-08-30 08:00:00,715427.4
2024-08-30 09:00:00,794875.3
2024-08-30 10:00:00,875400.0
2024-08-30 11:00:00,952001.0
2024-08-30 12:00:00,1007729.6
2024-08-30 13:00:00,1045035.0
2024-08-30 14:00:00,1093024.0
2024-08-30 15:00:00,1145083.3
2024-08-30 16:00:00,1185952.8
2024-08-30 17:00:00,1166882.9
2024-08-30 18:00:00,1118539.9
2024-08-30 19:00:00,1114798.6
2024-08-30 20:00:00,1093278.8
2024-08-30 21:00:00,1030713.8
2024-08-30 22:00:00,947583.2
2024-08-30 23:00:00,850606.1
2024-08-31 00:00:00,758370.9
2024-08-31 01:00:00,689885.7
2024-08-31 02:00:00,642754.0
2024-08-31 03:00:00,616538.3
2024-08-31 04:00:00,605884.8
2024-08-31 05:00:00,613037.9
2024-08-31 06:00:00,649071.7
2024-08-31 07:00:00,722852.7
2024-08-31 08:00:00,816860.0
2024-08-31 09:00:00,926729.6
2024-08-31 10:00:00,1045513.5
2024-08-31 11:00:00,1127715.6
2024-08-31 12:00:00,1171881.2
2024-08-31 13:00:00,1197550.1
2024-08-31 14:00:00,1220431.5
2024-08-31 15:00:00,1236189.8
2024-08-31 16:00:00,1247535.1
2024-08-31 17:00:00,1225699.5
2024-08-31 18:00:00,1158390.1
2024-08-31 19:00:00,1116436.2
2024-08-31 20:00:00,1070685.0
2024-08-31 21:00:00,993205.6
2024-08-31 22:00:00,893653.0
2024-08-31 23:00:00,811956.5
2024-09-01 00:00:00,702388.7
2024-09-01 01:00:00,639888.2
2024-09-01 02:00:00,590222.4
2024-09-01 03:00:00,562339.6
2024-09-01 04:00:00,550020.0
2024-09-01 05:00:00,550690.2
2024-09-01 06:00:00,587080.0
2024-09-01 07:00:00,685397.3
2024-09-01 08:00:00,802975.3
2024-09-01 09:00:00,897284.5
2024-09-01 10:00:00,977829.7
2024-09-01 11:00:00,1009941.1
2024-09-01 12:00:00,1038872.7
2024-09-01 13:00:00,1062408.3
2024-09-01 14:00:00,1069386.1
2024-09-01 15:00:00,1068270.3
2024-09-01 16:00:00,1055304.8
2024-09-01 17:00:00,1014945.9
2024-09-01 18:00:00,955658.8
2024-09-01 19:00:00,932709.1
2024-09-01 20:00:00,889210.4
2024-09-01 21:00:00,818236.6
2024-09-01 22:00:00,732545.4
2024-09-01 23:00:00,647231.2
2024-09-02 00:00:00,576870.9
2024-09-02 01:00:00,524279.5
2024-09-02 02:00:00,491215.9
2024-09-02 03:00:00,471079.8
2024-09-02 04:00:00,462513.8
2024-09-02 05:00:00,466177.4
2024-09-02 06:00:00,491453.0
2024-09-02 07:00:00,555998.1
2024-09-02 08:00:00,630018.4
2024-09-02 09:00:00,702649.2
2024-09-02 10:00:00,756138.8
2024-09-02 11:00:00,789442.2
2024-09-02 12:00:00,798063.5
2024-09-02 13:00:00,802858.6
2024-09-02 14:00:00,816032.9
2024-09-02 15:00:00,842897.9
2024-09-02 16:00:00,882061.4
2024-09-02 17:00:00,883835.3
2024-09-02 18:00:00,860389.6
2024-09-02 19:00:00,858339.7
2024-09-02 20:00:00,812466.5
2024-09-02 21:00:00,731759.9
2024-09-02 22:00:00,633643.9
2024-09-02 23:00:00,553370.6
2024-09-03 00:00:00,495929.3
2024-09-03 01:00:00,459668.5
2024-09-03 02:00:00,439747.1
2024-09-03 03:00:00,431368.3
2024-09-03 04:00:00,446105.2
2024-09-03 05:00:00,491041.4
2024-09-03 06:00:00,561446.7
2024-09-03 07:00:00,585950.0
2024-09-03 08:00:00,625244.8
2024-09-03 09:00:00,674859.1
2024-09-03 10:00:00,714188.5
2024-09-03 11:00:00,745347.4
2024-09-03 12:00:00,757640.8
2024-09-03 13:00:00,766605.5
2024-09-03 14:00:00,781776.8
2024-09-03 15:00:00,823549.8
2024-09-03 16:00:00,871520.9
2024-09-03 17:00:00,880412.9
2024-09-03 18:00:00,872096.3
2024-09-03 19:00:00,877740.4
2024-09-03 20:00:00,836431.0
2024-09-03 21:00:00,754081.2
2024-09-03 22:00:00,656907.0
2024-09-03 23:00:00,572013.6
2024-09-04 00:00:00,510824.3
2024-09-04 01:00:00,470693.9
2024-09-04 02:00:00,449436.5
2024-09-04 03:00:00,441827.8
2024-09-04 04:00:00,455578.5
2024-09-04 05:00:00,496549.6
2024-09-04 06:00:00,567498.2
2024-09-04 07:00:00,596510.2
2024-09-04 08:00:00,641716.1
2024-09-04 09:00:00,698528.6
2024-09-04 10:00:00,745384.8
2024-09-04 11:00:00,786788.9
2024-09-04 12:00:00,807470.9
2024-09-04 13:00:00,827648.4
2024-09-04 14:00:00,856443.8
2024-09-04 15:00:00,905412.7
2024-09-04 16:00:00,952512.2
2024-09-04 17:00:00,957516.8
2024-09-04 18:00:00,940385.9
2024-09-04 19:00:00,943760.4
2024-09-04 20:00:00,902418.5
2024-09-04 21:00:00,816781.1
2024-09-04 22:00:00,712036.6
2024-09-04 23:00:00,620213.6
2024-09-05 00:00:00,552251.3
2024-09-05 01:00:00,507635.3
2024-09-05 02:00:00,480724.9
2024-09-05 03:00:00,469480.3
2024-09-05 04:00:00,481071.1
2024-09-05 05:00:00,522976.9
2024-09-05 06:00:00,594463.6
2024-09-05 07:00:00,636014.3
2024-09-05 08:00:00,690229.9
2024-09-05 09:00:00,751976.3
2024-09-05 10:00:00,807878.9
2024-09-05 11:00:00,851933.8
2024-09-05 12:00:00,879165.3
2024-09-05 13:00:00,903099.6
2024-09-05 14:00:00,936593.4
2024-09-05 15:00:00,987927.8
2024-09-05 16:00:00,1024686.3
2024-09-05 17:00:00,1015197.5
2024-09-05 18:00:00,987261.7
2024-09-05 19:00:00,989180.7
2024-09-05 20:00:00,945124.3
2024-09-05 21:00:00,861018.0
2024-09-05 22:00:00,756704.9
2024-09-05 23:00:00,666658.4
2024-09-06 00:00:00,592945.8
2024-09-06 01:00:00,551511.1
2024-09-06 02:00:00,524209.6
2024-09-06 03:00:00,510629.0
2024-09-06 04:00:00,520304.7
2024-09-06 05:00:00,557995.4
2024-09-06 06:00:00,629399.7
2024-09-06 07:00:00,673844.1
2024-09-06 08:00:00,714363.1
2024-09-06 09:00:00,757931.4
2024-09-06 10:00:00,790997.1
2024-09-06 11:00:00,844556.8
2024-09-06 12:00:00,856214.2
2024-09-06 13:00:00,833602.6
2024-09-06 14:00:00,831357.4
2024-09-06 15:00:00,867143.6
2024-09-06 16:00:00,900852.4
2024-09-06 17:00:00,902144.1
2024-09-06 18:00:00,884594.8
2024-09-06 19:00:00,876608.2
2024-09-06 20:00:00,834604.8
2024-09-06 21:00:00,764328.4
2024-09-06 22:00:00,683722.7
2024-09-06 23:00:00,608191.6
2024-09-07 00:00:00,543754.3
2024-09-07 01:00:00,497074.2
2024-09-07 02:00:00,466966.7
2024-09-07 03:00:00,452167.4
2024-09-07 04:00:00,450109.3
2024-09-07 05:00:00,462936.8
2024-09-07 06:00:00,505693.4
2024-09-07 07:00:00,584635.1
2024-09-07 08:00:00,660176.2
2024-09-07 09:00:00,717862.8
2024-09-07 10:00:00,762196.4
2024-09-07 11:00:00,784442.3
2024-09-07 12:00:00,780265.0
2024-09-07 13:00:00,766701.2
2024-09-07 14:00:00,757999.5
2024-09-07 15:00:00,755328.1
2024-09-07 16:00:00,764273.5
2024-09-07 17:00:00,770373.8
2024-09-07 18:00:00,770539.1
2024-09-07 19:00:00,766514.6
2024-09-07 20:00:00,732223.9
2024-09-07 21:00:00,678406.8
2024-09-07 22:00:00,609275.1
2024-09-07 23:00:00,544471.3
2024-09-08 00:00:00,492101.3
2024-09-08 01:00:00,454379.4
2024-09-08 02:00:00,431634.0
2024-09-08 03:00:00,420763.3
2024-09-08 04:00:00,418886.6
2024-09-08 05:00:00,433152.1
2024-09-08 06:00:00,475626.2
2024-09-08 07:00:00,545485.9
2024-09-08 08:00:00,615861.0
2024-09-08 09:00:00,675480.2
2024-09-08 10:00:00,723337.6
2024-09-08 11:00:00,748352.4
2024-09-08 12:00:00,751408.9
2024-09-08 13:00:00,745039.1
2024-09-08 14:00:00,744774.9
2024-09-08 15:00:00,760599.4
2024-09-08 16:00:00,793763.8
2024-09-08 17:00:00,807024.0
2024-09-08 18:00:00,809802.5
2024-09-08 19:00:00,820460.8
2024-09-08 20:00:00,779162.2
2024-09-08 21:00:00,698502.0
2024-09-08 22:00:00,609431.3
2024-09-08 23:00:00,532850.4
2024-09-09 00:00:00,478163.7
2024-09-09 01:00:00,445109.1
2024-09-09 02:00:00,427548.9
2024-09-09 03:00:00,423788.3
2024-09-09 04:00:00,441243.0
2024-09-09 05:00:00,483772.5
2024-09-09 06:00:00,559095.3
2024-09-09 07:00:00,587601.0
2024-09-09 08:00:00,621332.6
2024-09-09 09:00:00,657930.9
2024-09-09 10:00:00,684181.0
2024-09-09 11:00:00,705005.4
2024-09-09 12:00:00,700011.4
2024-09-09 13:00:00,700713.2
2024-09-09 14:00:00,709320.2
2024-09-09 15:00:00,742351.6
2024-09-09 16:00:00,784998.9
2024-09-09 17:00:00,806113.8
2024-09-09 18:00:00,812021.2
2024-09-09 19:00:00,820941.2
2024-09-09 20:00:00,776742.1
2024-09-09 21:00:00,700429.4
2024-09-09 22:00:00,610576.9
2024-09-09 23:00:00,533553.7
2024-09-10 00:00:00,479970.2
2024-09-10 01:00:00,447053.2
2024-09-10 02:00:00,429564.8
2024-09-10 03:00:00,425547.3
2024-09-10 04:00:00,443128.5
2024-09-10 05:00:00,490129.6
2024-09-10 06:00:00,560725.2
2024-09-10 07:00:00,587738.1
2024-09-10 08:00:00,620256.6
2024-09-10 09:00:00,661679.1
2024-09-10 10:00:00,698872.8
2024-09-10 11:00:00,723468.9
2024-09-10 12:00:00,729524.7
2024-09-10 13:00:00,735180.4
2024-09-10 14:00:00,750609.2
2024-09-10 15:00:00,791647.8
2024-09-10 16:00:00,834529.9
2024-09-10 17:00:00,841242.0
2024-09-10 18:00:00,840775.0
2024-09-10 19:00:00,850065.0
2024-09-10 20:00:00,803265.2
2024-09-10 21:00:00,727257.1
2024-09-10 22:00:00,641792.1
2024-09-10 23:00:00,562615.4
2024-09-11 00:00:00,500047.7
2024-09-11 01:00:00,461007.3
2024-09-11 02:00:00,440186.5
2024-09-11 03:00:00,433425.1
2024-09-11 04:00:00,449398.0
2024-09-11 05:00:00,492631.8
2024-09-11 06:00:00,562183.3
2024-09-11 07:00:00,590604.2
2024-09-11 08:00:00,627351.9
2024-09-11 09:00:00,674573.3
2024-09-11 10:00:00,717537.5
2024-09-11 11:00:00,750019.2
2024-09-11 12:00:00,764533.5
2024-09-11 13:00:00,777834.9
2024-09-11 14:00:00,796896.9
2024-09-11 15:00:00,829195.1
2024-09-11 16:00:00,859570.5
2024-09-11 17:00:00,862056.4
2024-09-11 18:00:00,867464.1
2024-09-11 19:00:00,872762.2
2024-09-11 20:00:00,825850.5
2024-09-11 21:00:00,745991.4
2024-09-11 22:00:00,652438.2
2024-09-11 23:00:00,570335.7
2024-09-12 00:00:00,509713.3
2024-09-12 01:00:00,470920.2
2024-09-12 02:00:00,450305.2
2024-09-12 03:00:00,444219.2
2024-09-12 04:00:00,458973.4
2024-09-12 05:00:00,501195.1
2024-09-12 06:00:00,571604.3
2024-09-12 07:00:00,604243.9
2024-09-12 08:00:00,646560.4
2024-09-12 09:00:00,703635.0
2024-09-12 10:00:00,753122.7
2024-09-12 11:00:00,793282.2
2024-09-12 12:00:00,820083.2
2024-09-12 13:00:00,838338.9
2024-09-12 14:00:00,867358.9
2024-09-12 15:00:00,911395.1
2024-09-12 16:00:00,944541.4
2024-09-12 17:00:00,944687.3
2024-09-12 18:00:00,942318.4
2024-09-12 19:00:00,941054.6
2024-09-12 20:00:00,888839.6
2024-09-12 21:00:00,806250.3
2024-09-12 22:00:00,705736.1
2024-09-12 23:00:00,613635.0
2024-09-13 00:00:00,547560.9
2024-09-13 01:00:00,504476.0
2024-09-13 02:00:00,476277.6
2024-09-13 03:00:00,464565.4
2024-09-13 04:00:00,475654.2
2024-09-13 05:00:00,514266.6
2024-09-13 06:00:00,585047.4
2024-09-13 07:00:00,627334.2
2024-09-13 08:00:00,684987.0
2024-09-13 09:00:00,757714.5
2024-09-13 10:00:00,822509.0
2024-09-13 11:00:00,879594.1
2024-09-13 12:00:00,911265.7
2024-09-13 13:00:00,937606.0
2024-09-13 14:00:00,963994.7
2024-09-13 15:00:00,997105.3
2024-09-13 16:00:00,1021727.3
2024-09-13 17:00:00,1000006.6
2024-09-13 18:00:00,975643.1
2024-09-13 19:00:00,971434.0
2024-09-13 20:00:00,926217.0
2024-09-13 21:00:00,851444.5
2024-09-13 22:00:00,758255.6
2024-09-13 23:00:00,673160.6
2024-09-14 00:00:00,598581.9
2024-09-14 01:00:00,545400.8
2024-09-14 02:00:00,510184.3
2024-09-14 03:00:00,488853.1
2024-09-14 04:00:00,482990.4
2024-09-14 05:00:00,495556.6
2024-09-14 06:00:00,539740.4
2024-09-14 07:00:00,626714.0
2024-09-14 08:00:00,727051.0
2024-09-14 09:00:00,824127.5
2024-09-14 10:00:00,906556.8
2024-09-14 11:00:00,966094.6
2024-09-14 12:00:00,1004092.6
2024-09-14 13:00:00,1030825.6
2024-09-14 14:00:00,1047203.2
2024-09-14 15:00:00,1056676.6
2024-09-14 16:00:00,1063600.4
2024-09-14 17:00:00,1041063.9
2024-09-14 18:00:00,1006570.5
2024-09-14 19:00:00,988011.2000000001
2024-09-14 20:00:00,935546.2
2024-09-14 21:00:00,867131.2
2024-09-14 22:00:00,781746.3
2024-09-14 23:00:00,698068.3
2024-09-15 00:00:00,622402.8
2024-09-15 01:00:00,568610.0
2024-09-15 02:00:00,530625.8
2024-09-15 03:00:00,506077.9
2024-09-15 04:00:00,494557.1
2024-09-15 05:00:00,501423.1
2024-09-15 06:00:00,538386.1
2024-09-15 07:00:00,628957.9
2024-09-15 08:00:00,747142.3
2024-09-15 09:00:00,865824.1
2024-09-15 10:00:00,974796.2
2024-09-15 11:00:00,1058397.2
2024-09-15 12:00:00,1108107.9
2024-09-15 13:00:00,1142750.9
2024-09-15 14:00:00,1170502.0
2024-09-15 15:00:00,1201241.6
2024-09-15 16:00:00,1225320.4
2024-09-15 17:00:00,1212036.9
2024-09-15 18:00:00,1177449.0
2024-09-15 19:00:00,1154116.3
2024-09-15 20:00:00,1089081.1
2024-09-15 21:00:00,985037.8
2024-09-15 22:00:00,859076.4
2024-09-15 23:00:00,743122.0
2024-09-16 00:00:00,655652.9
2024-09-16 01:00:00,595842.5
2024-09-16 02:00:00,557049.8
2024-09-16 03:00:00,535767.7
2024-09-16 04:00:00,540024.5
2024-09-16 05:00:00,572906.7
2024-09-16 06:00:00,639899.6
2024-09-16 07:00:00,690110.1
2024-09-16 08:00:00,769707.8
2024-09-16 09:00:00,860001.1
2024-09-16 10:00:00,932812.6
2024-09-16 11:00:00,1003279.1
2024-09-16 12:00:00,1050491.7
2024-09-16 13:00:00,1090530.0
2024-09-16 14:00:00,1140732.2
2024-09-16 15:00:00,1165074.1
2024-09-16 16:00:00,1205112.8
2024-09-16 17:00:00,1198097.3
2024-09-16 18:00:00,1173678.3
2024-09-16 19:00:00,1147633.3
2024-09-16 20:00:00,1071294.3
2024-09-16 21:00:00,955919.7
2024-09-16 22:00:00,832268.9
2024-09-16 23:00:00,723648.8
2024-09-17 00:00:00,637485.2
2024-09-17 01:00:00,581807.5
2024-09-17 02:00:00,545664.9
2024-09-17 03:00:00,526933.7
2024-09-17 04:00:00,532555.2
2024-09-17 05:00:00,568232.0
2024-09-17 06:00:00,634722.2
2024-09-17 07:00:00,674937.0
2024-09-17 08:00:00,744880.6
2024-09-17 09:00:00,828275.0
2024-09-17 10:00:00,896636.2
2024-09-17 11:00:00,934612.1
2024-09-17 12:00:00,968211.2
2024-09-17 13:00:00,977740.7
2024-09-17 14:00:00,974091.1
2024-09-17 15:00:00,1030525.7
2024-09-17 16:00:00,1056640.2
2024-09-17 17:00:00,1035462.9
2024-09-17 18:00:00,1020836.7
2024-09-17 19:00:00,1009290.5
2024-09-17 20:00:00,952674.4
2024-09-17 21:00:00,859111.1
2024-09-17 22:00:00,748760.9
2024-09-17 23:00:00,652202.9
2024-09-18 00:00:00,578655.0
2024-09-18 01:00:00,531774.2
2024-09-18 02:00:00,504554.8
2024-09-18 03:00:00,492967.6
2024-09-18 04:00:00,503327.9
2024-09-18 05:00:00,542722.5
2024-09-18 06:00:00,611001.9
2024-09-18 07:00:00,650311.1
2024-09-18 08:00:00,704382.1
2024-09-18 09:00:00,766642.5
2024-09-18 10:00:00,810518.9
2024-09-18 11:00:00,856107.7
2024-09-18 12:00:00,876096.6
2024-09-18 13:00:00,879603.0
2024-09-18 14:00:00,893217.7
2024-09-18 15:00:00,948147.5
2024-09-18 16:00:00,1008217.7
2024-09-18 17:00:00,1011046.1
2024-09-18 18:00:00,999954.1
2024-09-18 19:00:00,995717.6
2024-09-18 20:00:00,942823.7
2024-09-18 21:00:00,852624.0
2024-09-18 22:00:00,749545.6
2024-09-18 23:00:00,654312.0
2024-09-19 00:00:00,579394.9
2024-09-19 01:00:00,532978.4
2024-09-19 02:00:00,504557.0
2024-09-19 03:00:00,489908.5
2024-09-19 04:00:00,500103.8
2024-09-19 05:00:00,539762.7
2024-09-19 06:00:00,608708.3
2024-09-19 07:00:00,648510.6
2024-09-19 08:00:00,711754.4
2024-09-19 09:00:00,790667.2
2024-09-19 10:00:00,860510.6
2024-09-19 11:00:00,919716.2
2024-09-19 12:00:00,956559.6
2024-09-19 13:00:00,988171.1
2024-09-19 14:00:00,1021269.7
2024-09-19 15:00:00,1066732.1
2024-09-19 16:00:00,1101221.3
2024-09-19 17:00:00,1085741.4
2024-09-19 18:00:00,1057611.2
2024-09-19 19:00:00,1040166.4
2024-09-19 20:00:00,974906.3
2024-09-19 21:00:00,877449.6
2024-09-19 22:00:00,766025.0
2024-09-19 23:00:00,671094.2
2024-09-20 00:00:00,595166.9
2024-09-20 01:00:00,542291.8
2024-09-20 02:00:00,511483.1
2024-09-20 03:00:00,496474.8
2024-09-20 04:00:00,504527.4
2024-09-20 05:00:00,538528.0
2024-09-20 06:00:00,603593.4
2024-09-20 07:00:00,652631.1
2024-09-20 08:00:00,720387.5
2024-09-20 09:00:00,802005.5
2024-09-20 10:00:00,872393.5
2024-09-20 11:00:00,932610.3
2024-09-20 12:00:00,965761.8
2024-09-20 13:00:00,969501.2
2024-09-20 14:00:00,959483.8
2024-09-20 15:00:00,963740.7
2024-09-20 16:00:00,984185.7
2024-09-20 17:00:00,971998.1
2024-09-20 18:00:00,971347.4
2024-09-20 19:00:00,969732.9
2024-09-20 20:00:00,930838.4
2024-09-20 21:00:00,861161.9
2024-09-20 22:00:00,781635.4
2024-09-20 23:00:00,700674.2
2024-09-21 00:00:00,629874.2
2024-09-21 01:00:00,576117.9
2024-09-21 02:00:00,541377.2
2024-09-21 03:00:00,519340.8
2024-09-21 04:00:00,513929.1
2024-09-21 05:00:00,525078.8
2024-09-21 06:00:00,569913.7
2024-09-21 07:00:00,661941.7
2024-09-21 08:00:00,747103.8
2024-09-21 09:00:00,837053.8
2024-09-21 10:00:00,915390.1
2024-09-21 11:00:00,964689.6
2024-09-21 12:00:00,980209.4
2024-09-21 13:00:00,994715.6
2024-09-21 14:00:00,1019669.3
2024-09-21 15:00:00,1031673.7
2024-09-21 16:00:00,1012971.9
2024-09-21 17:00:00,988604.8
2024-09-21 18:00:00,978441.2
2024-09-21 19:00:00,957251.5
2024-09-21 20:00:00,910484.5
2024-09-21 21:00:00,846112.7
2024-09-21 22:00:00,762795.9
2024-09-21 23:00:00,682114.2
2024-09-22 00:00:00,610724.6
2024-09-22 01:00:00,558718.9
2024-09-22 02:00:00,522312.7
2024-09-22 03:00:00,499102.3
2024-09-22 04:00:00,489916.3
2024-09-22 05:00:00,495886.3
2024-09-22 06:00:00,533074.4
2024-09-22 07:00:00,608125.1
2024-09-22 08:00:00,693433.4
2024-09-22 09:00:00,771780.9
2024-09-22 10:00:00,846131.9
2024-09-22 11:00:00,903814.1
2024-09-22 12:00:00,948442.0
2024-09-22 13:00:00,993660.5
2024-09-22 14:00:00,1013258.4
2024-09-22 15:00:00,996141.9
2024-09-22 16:00:00,1015820.0
2024-09-22 17:00:00,1031090.3
2024-09-22 18:00:00,1037078.6
2024-09-22 19:00:00,1023868.5
2024-09-22 20:00:00,970716.3
2024-09-22 21:00:00,881975.6
2024-09-22 22:00:00,777705.7
2024-09-22 23:00:00,684148.6
2024-09-23 00:00:00,608777.8
2024-09-23 01:00:00,559390.9
2024-09-23 02:00:00,529007.4
2024-09-23 03:00:00,517207.2
2024-09-23 04:00:00,525999.5
2024-09-23 05:00:00,557806.2
2024-09-23 06:00:00,627421.1
2024-09-23 07:00:00,666145.3
2024-09-23 08:00:00,699773.1
2024-09-23 09:00:00,746042.5
2024-09-23 10:00:00,788312.7
2024-09-23 11:00:00,806676.8
2024-09-23 12:00:00,806591.1
2024-09-23 13:00:00,807044.3
2024-09-23 14:00:00,823982.4
2024-09-23 15:00:00,866769.7
2024-09-23 16:00:00,904813.8
2024-09-23 17:00:00,925503.7
2024-09-23 18:00:00,936614.9
2024-09-23 19:00:00,920852.5
2024-09-23 20:00:00,866287.7
2024-09-23 21:00:00,782825.9
2024-09-23 22:00:00,687860.5
2024-09-23 23:00:00,602949.1
2024-09-24 00:00:00,539855.4
2024-09-24 01:00:00,500812.1
2024-09-24 02:00:00,478534.6
2024-09-24 03:00:00,470033.0
2024-09-24 04:00:00,484767.5
2024-09-24 05:00:00,528915.9
2024-09-24 06:00:00,605312.8
2024-09-24 07:00:00,638630.8
2024-09-24 08:00:00,670088.7
2024-09-24 09:00:00,704906.1
2024-09-24 10:00:00,731080.9
2024-09-24 11:00:00,748582.7
2024-09-24 12:00:00,745139.3
2024-09-24 13:00:00,736890.9
2024-09-24 14:00:00,742637.7
2024-09-24 15:00:00,778187.1
2024-09-24 16:00:00,828745.0
2024-09-24 17:00:00,849570.4
2024-09-24 18:00:00,864188.0
2024-09-24 19:00:00,852658.7
2024-09-24 20:00:00,805622.7
2024-09-24 21:00:00,733166.4
2024-09-24 22:00:00,647523.9
2024-09-24 23:00:00,571207.4
2024-09-25 00:00:00,512511.5
2024-09-25 01:00:00,478037.3
2024-09-25 02:00:00,459502.0
2024-09-25 03:00:00,454221.9
2024-09-25 04:00:00,471183.2
2024-09-25 05:00:00,517237.3
2024-09-25 06:00:00,591660.4
2024-09-25 07:00:00,628027.7
2024-09-25 08:00:00,663129.6
2024-09-25 09:00:00,701792.9
2024-09-25 10:00:00,736180.0
2024-09-25 11:00:00,753925.9
2024-09-25 12:00:00,755670.0
2024-09-25 13:00:00,749343.0
2024-09-25 14:00:00,768336.3
2024-09-25 15:00:00,825330.0
2024-09-25 16:00:00,879891.3
2024-09-25 17:00:00,897667.6
2024-09-25 18:00:00,922829.2
2024-09-25 19:00:00,920594.6
2024-09-25 20:00:00,877937.4
2024-09-25 21:00:00,796120.4
2024-09-25 22:00:00,695499.5
2024-09-25 23:00:00,607750.1
2024-09-26 00:00:00,541272.3
2024-09-26 01:00:00,498888.1
2024-09-26 02:00:00,476384.3
2024-09-26 03:00:00,468560.5
2024-09-26 04:00:00,481536.6
2024-09-26 05:00:00,523379.1
2024-09-26 06:00:00,593207.1
2024-09-26 07:00:00,623940.3
2024-09-26 08:00:00,668387.1
2024-09-26 09:00:00,728531.7
2024-09-26 10:00:00,777721.0
2024-09-26 11:00:00,812648.8
2024-09-26 12:00:00,833663.2
2024-09-26 13:00:00,853260.0
2024-09-26 14:00:00,879567.5
2024-09-26 15:00:00,914891.9
2024-09-26 16:00:00,944186.0
2024-09-26 17:00:00,933882.8
2024-09-26 18:00:00,931953.1
2024-09-26 19:00:00,917237.8
2024-09-26 20:00:00,865681.1
2024-09-26 21:00:00,782737.3
2024-09-26 22:00:00,688196.1
2024-09-26 23:00:00,601880.3
2024-09-27 00:00:00,532157.2
2024-09-27 01:00:00,489683.7
2024-09-27 02:00:00,463398.89999999997
2024-09-27 03:00:00,452412.3
2024-09-27 04:00:00,462212.7
2024-09-27 05:00:00,494128.2
2024-09-27 06:00:00,550974.7
2024-09-27 07:00:00,607000.8
2024-09-27 08:00:00,667109.7
2024-09-27 09:00:00,727758.3
2024-09-27 10:00:00,775217.2
2024-09-27 11:00:00,809114.9
2024-09-27 12:00:00,820097.0
2024-09-27 13:00:00,827553.8
2024-09-27 14:00:00,831439.5
2024-09-27 15:00:00,832947.9
2024-09-27 16:00:00,848946.5
2024-09-27 17:00:00,843878.2
2024-09-27 18:00:00,861374.8
2024-09-27 19:00:00,852923.3
2024-09-27 20:00:00,816725.2
2024-09-27 21:00:00,759777.5
2024-09-27 22:00:00,685516.8
2024-09-27 23:00:00,613152.7
2024-09-28 00:00:00,549533.0
2024-09-28 01:00:00,508359.2
2024-09-28 02:00:00,481453.0
2024-09-28 03:00:00,466717.1
2024-09-28 04:00:00,465164.9
2024-09-28 05:00:00,478588.5
2024-09-28 06:00:00,521672.8
2024-09-28 07:00:00,596557.6
2024-09-28 08:00:00,672974.8
2024-09-28 09:00:00,739550.6
2024-09-28 10:00:00,798662.7
2024-09-28 11:00:00,844606.6
2024-09-28 12:00:00,864727.4
2024-09-28 13:00:00,867395.9
2024-09-28 14:00:00,852908.7
2024-09-28 15:00:00,847646.8
2024-09-28 16:00:00,860084.6
2024-09-28 17:00:00,874614.3
2024-09-28 18:00:00,886515.2
2024-09-28 19:00:00,867062.0
2024-09-28 20:00:00,831840.5
2024-09-28 21:00:00,778032.8
2024-09-28 22:00:00,711670.1
2024-09-28 23:00:00,638943.6
2024-09-29 00:00:00,578025.8
2024-09-29 01:00:00,530673.4
2024-09-29 02:00:00,499035.7
2024-09-29 03:00:00,480001.6
2024-09-29 04:00:00,472143.2
2024-09-29 05:00:00,481265.3
2024-09-29 06:00:00,516657.5
2024-09-29 07:00:00,585792.7
2024-09-29 08:00:00,668901.1
2024-09-29 09:00:00,749911.6
2024-09-29 10:00:00,857512.2
2024-09-29 11:00:00,935908.4
2024-09-29 12:00:00,973993.2
2024-09-29 13:00:00,988048.7
2024-09-29 14:00:00,968028.2
2024-09-29 15:00:00,963918.7
2024-09-29 16:00:00,988595.6
2024-09-29 17:00:00,988366.0
2024-09-29 18:00:00,989904.0
2024-09-29 19:00:00,973583.6
2024-09-29 20:00:00,917157.1
2024-09-29 21:00:00,826118.1
2024-09-29 22:00:00,723532.1
2024-09-29 23:00:00,630738.7
2024-09-30 00:00:00,556899.6
2024-09-30 01:00:00,509735.1
2024-09-30 02:00:00,483569.0
2024-09-30 03:00:00,471509.9
2024-09-30 04:00:00,480915.3
2024-09-30 05:00:00,517142.0
2024-09-30 06:00:00,584029.8
2024-09-30 07:00:00,624602.0
2024-09-30 08:00:00,679163.4
2024-09-30 09:00:00,748402.1
2024-09-30 10:00:00,799924.4
2024-09-30 11:00:00,839742.3
2024-09-30 12:00:00,854717.0
2024-09-30 13:00:00,866979.0
2024-09-30 14:00:00,887236.4
2024-09-30 15:00:00,923257.8
2024-09-30 16:00:00,957862.4
2024-09-30 17:00:00,954069.8
2024-09-30 18:00:00,956648.5
2024-09-30 19:00:00,934172.1
2024-09-30 20:00:00,876587.5
2024-09-30 21:00:00,788059.6
2024-09-30 22:00:00,692616.5
2024-09-30 23:00:00,606103.0
2024-10-01 00:00:00,544989.1
2024-10-01 01:00:00,503556.7
2024-10-01 02:00:00,478500.7
2024-10-01 03:00:00,470190.4
2024-10-01 04:00:00,484004.7
2024-10-01 05:00:00,526110.1
2024-10-01 06:00:00,596758.7
2024-10-01 07:00:00,628338.9
2024-10-01 08:00:00,656739.1
2024-10-01 09:00:00,702139.9
2024-10-01 10:00:00,741605.9
2024-10-01 11:00:00,767355.5
2024-10-01 12:00:00,770708.8
2024-10-01 13:00:00,772562.5
2024-10-01 14:00:00,775650.5
2024-10-01 15:00:00,810151.4
2024-10-01 16:00:00,859784.8
2024-10-01 17:00:00,887621.9
2024-10-01 18:00:00,919554.1
2024-10-01 19:00:00,906227.1
2024-10-01 20:00:00,845780.5
2024-10-01 21:00:00,751375.6
2024-10-01 22:00:00,652141.2
2024-10-01 23:00:00,570993.6
2024-10-02 00:00:00,503940.5
2024-10-02 01:00:00,472589.1
2024-10-02 02:00:00,445020.9
2024-10-02 03:00:00,438187.8
2024-10-02 04:00:00,449551.0
2024-10-02 05:00:00,491287.0
2024-10-02 06:00:00,562020.7
2024-10-02 07:00:00,590982.4
2024-10-02 08:00:00,622362.3
2024-10-02 09:00:00,662813.3
2024-10-02 10:00:00,691253.1
2024-10-02 11:00:00,707433.0
2024-10-02 12:00:00,704475.5
2024-10-02 13:00:00,700291.1
2024-10-02 14:00:00,713841.5
2024-10-02 15:00:00,750119.1
2024-10-02 16:00:00,786518.9
2024-10-02 17:00:00,799083.7
2024-10-02 18:00:00,820665.8
2024-10-02 19:00:00,807430.2
2024-10-02 20:00:00,762085.9
2024-10-02 21:00:00,687559.2
2024-10-02 22:00:00,604459.0
2024-10-02 23:00:00,531800.3
2024-10-03 00:00:00,477157.8
2024-10-03 01:00:00,444869.0
2024-10-03 02:00:00,427047.5
2024-10-03 03:00:00,423315.0
2024-10-03 04:00:00,441510.4
2024-10-03 05:00:00,484779.5
2024-10-03 06:00:00,558301.0
2024-10-03 07:00:00,585887.6
2024-10-03 08:00:00,614328.3
2024-10-03 09:00:00,650389.1
2024-10-03 10:00:00,681028.7
2024-10-03 11:00:00,702130.8
2024-10-03 12:00:00,706585.2
2024-10-03 13:00:00,709274.5
2024-10-03 14:00:00,719333.7
2024-10-03 15:00:00,749865.6
2024-10-03 16:00:00,788271.0
2024-10-03 17:00:00,806870.3
2024-10-03 18:00:00,837783.2
2024-10-03 19:00:00,828864.7
2024-10-03 20:00:00,781758.8
2024-10-03 21:00:00,708731.9
2024-10-03 22:00:00,621441.1
2024-10-03 23:00:00,549779.1
2024-10-04 00:00:00,490599.2
2024-10-04 01:00:00,453638.0
2024-10-04 02:00:00,433856.5
2024-10-04 03:00:00,428021.7
2024-10-04 04:00:00,442383.6
2024-10-04 05:00:00,482163.4
2024-10-04 06:00:00,553675.3
2024-10-04 07:00:00,591636.9
2024-10-04 08:00:00,631190.3
2024-10-04 09:00:00,672897.8
2024-10-04 10:00:00,702503.0
2024-10-04 11:00:00,730994.2
2024-10-04 12:00:00,733775.8
2024-10-04 13:00:00,716338.8
2024-10-04 14:00:00,714009.9
2024-10-04 15:00:00,738888.9
2024-10-04 16:00:00,778179.2
2024-10-04 17:00:00,787944.9
2024-10-04 18:00:00,800316.4
2024-10-04 19:00:00,786898.4
2024-10-04 20:00:00,746425.4
2024-10-04 21:00:00,687994.8
2024-10-04 22:00:00,615310.3
2024-10-04 23:00:00,555443.9
2024-10-05 00:00:00,496000.4
2024-10-05 01:00:00,457577.5
2024-10-05 02:00:00,434162.2
2024-10-05 03:00:00,423429.2
2024-10-05 04:00:00,426217.3
2024-10-05 05:00:00,445865.6
2024-10-05 06:00:00,494126.7
2024-10-05 07:00:00,569254.7
2024-10-05 08:00:00,638595.2
2024-10-05 09:00:00,696714.3
2024-10-05 10:00:00,739706.0
2024-10-05 11:00:00,765900.7
2024-10-05 12:00:00,766384.8
2024-10-05 13:00:00,759149.1
2024-10-05 14:00:00,752651.5
2024-10-05 15:00:00,755477.7
2024-10-05 16:00:00,770568.1
2024-10-05 17:00:00,776791.4
2024-10-05 18:00:00,788673.2
2024-10-05 19:00:00,766133.6
2024-10-05 20:00:00,724335.9
2024-10-05 21:00:00,667073.5
2024-10-05 22:00:00,605678.6
2024-10-05 23:00:00,548213.5
2024-10-06 00:00:00,494155.7
2024-10-06 01:00:00,461308.0
2024-10-06 02:00:00,446721.8
2024-10-06 03:00:00,441454.8
2024-10-06 04:00:00,431013.9
2024-10-06 05:00:00,438230.3
2024-10-06 06:00:00,476184.8
2024-10-06 07:00:00,544995.6
2024-10-06 08:00:00,618869.7
2024-10-06 09:00:00,680863.1
2024-10-06 10:00:00,731033.3
2024-10-06 11:00:00,768349.5
2024-10-06 12:00:00,791174.2
2024-10-06 13:00:00,795544.2
2024-10-06 14:00:00,800311.2
2024-10-06 15:00:00,828299.9
2024-10-06 16:00:00,864514.7
2024-10-06 17:00:00,875579.8
2024-10-06 18:00:00,888346.9
2024-10-06 19:00:00,858156.0
2024-10-06 20:00:00,798701.7
2024-10-06 21:00:00,708089.7
2024-10-06 22:00:00,615285.7
2024-10-06 23:00:00,538727.4
2024-10-07 00:00:00,480428.9
2024-10-07 01:00:00,443412.8
2024-10-07 02:00:00,425600.5
2024-10-07 03:00:00,421329.7
2024-10-07 04:00:00,438745.1
2024-10-07 05:00:00,482635.1
2024-10-07 06:00:00,555933.1
2024-10-07 07:00:00,584561.7
2024-10-07 08:00:00,615443.3
2024-10-07 09:00:00,647704.4
2024-10-07 10:00:00,675953.5
2024-10-07 11:00:00,690698.3
2024-10-07 12:00:00,684174.2
2024-10-07 13:00:00,679210.8
2024-10-07 14:00:00,684961.1
2024-10-07 15:00:00,714193.3
2024-10-07 16:00:00,754954.0
2024-10-07 17:00:00,780501.3
2024-10-07 18:00:00,809900.8
2024-10-07 19:00:00,792023.5
2024-10-07 20:00:00,743140.3
2024-10-07 21:00:00,666752.4
2024-10-07 22:00:00,582744.1
2024-10-07 23:00:00,515268.3
2024-10-08 00:00:00,465401.0
2024-10-08 01:00:00,435353.9
2024-10-08 02:00:00,420867.6
2024-10-08 03:00:00,418658.9
2024-10-08 04:00:00,438892.5
2024-10-08 05:00:00,488688.6
2024-10-08 06:00:00,564573.3
2024-10-08 07:00:00,589660.7
2024-10-08 08:00:00,611432.0
2024-10-08 09:00:00,640216.2
2024-10-08 10:00:00,660418.2
2024-10-08 11:00:00,676126.9
2024-10-08 12:00:00,674718.6
2024-10-08 13:00:00,665776.3
2024-10-08 14:00:00,670662.7
2024-10-08 15:00:00,701517.7
2024-10-08 16:00:00,742390.7
2024-10-08 17:00:00,772854.7
2024-10-08 18:00:00,808159.5
2024-10-08 19:00:00,795234.2
2024-10-08 20:00:00,748317.9
2024-10-08 21:00:00,675854.9
2024-10-08 22:00:00,594545.6
2024-10-08 23:00:00,530254.4
2024-10-09 00:00:00,478447.3
2024-10-09 01:00:00,449306.2
2024-10-09 02:00:00,434375.5
2024-10-09 03:00:00,433829.0
2024-10-09 04:00:00,457380.5
2024-10-09 05:00:00,509737.7
2024-10-09 06:00:00,587277.9
2024-10-09 07:00:00,613098.7
2024-10-09 08:00:00,633570.3
2024-10-09 09:00:00,660238.2
2024-10-09 10:00:00,678931.2
2024-10-09 11:00:00,693211.1
2024-10-09 12:00:00,692040.1
2024-10-09 13:00:00,680553.5
2024-10-09 14:00:00,683658.4
2024-10-09 15:00:00,716229.0
2024-10-09 16:00:00,762497.8
2024-10-09 17:00:00,796880.8
2024-10-09 18:00:00,834013.5
2024-10-09 19:00:00,823329.0
2024-10-09 20:00:00,779853.2
2024-10-09 21:00:00,704759.9
2024-10-09 22:00:00,620515.2
2024-10-09 23:00:00,555817.0
2024-10-10 00:00:00,502795.3
2024-10-10 01:00:00,472487.0
2024-10-10 02:00:00,458115.9
2024-10-10 03:00:00,457425.0
2024-10-10 04:00:00,483216.6
2024-10-10 05:00:00,535762.9
2024-10-10 06:00:00,615951.8
2024-10-10 07:00:00,641463.5
2024-10-10 08:00:00,656769.5
2024-10-10 09:00:00,680100.6
2024-10-10 10:00:00,694876.5
2024-10-10 11:00:00,702001.4
2024-10-10 12:00:00,691366.4
2024-10-10 13:00:00,680467.8
2024-10-10 14:00:00,679795.6
2024-10-10 15:00:00,705462.3
2024-10-10 16:00:00,741235.2
2024-10-10 17:00:00,776152.5
2024-10-10 18:00:00,813650.1
2024-10-10 19:00:00,806370.2
2024-10-10 20:00:00,769478.2
2024-10-10 21:00:00,703965.2
2024-10-10 22:00:00,624646.1
2024-10-10 23:00:00,562414.5
2024-10-11 00:00:00,509936.1
2024-10-11 01:00:00,477786.4
2024-10-11 02:00:00,463156.6
2024-10-11 03:00:00,461901.0
2024-10-11 04:00:00,482599.5
2024-10-11 05:00:00,523275.9
2024-10-11 06:00:00,577881.4
2024-10-11 07:00:00,630033.1
2024-10-11 08:00:00,667393.0
2024-10-11 09:00:00,695528.2
2024-10-11 10:00:00,713673.6
2024-10-11 11:00:00,724426.4
2024-10-11 12:00:00,713039.8
2024-10-11 13:00:00,701399.5
2024-10-11 14:00:00,701527.4
2024-10-11 15:00:00,716477.8
2024-10-11 16:00:00,745510.0
2024-10-11 17:00:00,763345.1
2024-10-11 18:00:00,783741.7
2024-10-11 19:00:00,772643.9
2024-10-11 20:00:00,736615.9
2024-10-11 21:00:00,679565.6
2024-10-11 22:00:00,615034.4
2024-10-11 23:00:00,557626.6
2024-10-12 00:00:00,501414.3
2024-10-12 01:00:00,465827.4
2024-10-12 02:00:00,442519.6
2024-10-12 03:00:00,431955.9
2024-10-12 04:00:00,436058.6
2024-10-12 05:00:00,457819.1
2024-10-12 06:00:00,503776.2
2024-10-12 07:00:00,577851.2
2024-10-12 08:00:00,645869.8
2024-10-12 09:00:00,700132.4
2024-10-12 10:00:00,737648.6
2024-10-12 11:00:00,750892.8
2024-10-12 12:00:00,748695.4
2024-10-12 13:00:00,737614.2
2024-10-12 14:00:00,730996.0
2024-10-12 15:00:00,730018.6
2024-10-12 16:00:00,740780.0
2024-10-12 17:00:00,756365.9
2024-10-12 18:00:00,771194.3
2024-10-12 19:00:00,749043.6
2024-10-12 20:00:00,716507.5
2024-10-12 21:00:00,670646.5
2024-10-12 22:00:00,610532.8
2024-10-12 23:00:00,555018.5
2024-10-13 00:00:00,500559.9
2024-10-13 01:00:00,466125.1
2024-10-13 02:00:00,445689.4
2024-10-13 03:00:00,437497.6
2024-10-13 04:00:00,441400.3
2024-10-13 05:00:00,461143.7
2024-10-13 06:00:00,499709.4
2024-10-13 07:00:00,567867.1
2024-10-13 08:00:00,644788.5
2024-10-13 09:00:00,708314.7
2024-10-13 10:00:00,755346.8
2024-10-13 11:00:00,780581.0
2024-10-13 12:00:00,777207.2999999999
2024-10-13 13:00:00,767851.6
2024-10-13 14:00:00,757908.5
2024-10-13 15:00:00,762591.7
2024-10-13 16:00:00,778190.2
2024-10-13 17:00:00,779592.0
2024-10-13 18:00:00,773277.8
2024-10-13 19:00:00,752612.6
2024-10-13 20:00:00,723088.2
2024-10-13 21:00:00,677550.7
2024-10-13 22:00:00,619840.1
2024-10-13 23:00:00,565089.3
2024-10-14 00:00:00,512149.7
2024-10-14 01:00:00,479343.0
2024-10-14 02:00:00,459559.3
2024-10-14 03:00:00,452334.7
2024-10-14 04:00:00,459725.7
2024-10-14 05:00:00,480242.2
2024-10-14 06:00:00,512380.3
2024-10-14 07:00:00,577059.6
2024-10-14 08:00:00,645926.4
2024-10-14 09:00:00,709538.8
2024-10-14 10:00:00,765943.7
2024-10-14 11:00:00,791511.9
2024-10-14 12:00:00,785245.9
2024-10-14 13:00:00,771486.3
2024-10-14 14:00:00,766639.2
2024-10-14 15:00:00,777547.0
2024-10-14 16:00:00,805973.2
2024-10-14 17:00:00,833005.7
2024-10-14 18:00:00,852345.4
2024-10-14 19:00:00,832872.5
2024-10-14 20:00:00,789576.6
2024-10-14 21:00:00,719238.8
2024-10-14 22:00:00,635478.7
2024-10-14 23:00:00,567720.5
2024-10-15 00:00:00,515691.6
2024-10-15 01:00:00,488322.1
2024-10-15 02:00:00,480556.1
2024-10-15 03:00:00,500004.7
2024-10-15 04:00:00,504231.4
2024-10-15 05:00:00,557204.9
2024-10-15 06:00:00,633320.3
2024-10-15 07:00:00,658927.6
2024-10-15 08:00:00,674169.0
2024-10-15 09:00:00,699039.6
2024-10-15 10:00:00,718353.3
2024-10-15 11:00:00,727569.1
2024-10-15 12:00:00,715867.5
2024-10-15 13:00:00,705806.0
2024-10-15 14:00:00,709858.4
2024-10-15 15:00:00,736162.3
2024-10-15 16:00:00,787094.2
2024-10-15 17:00:00,840787.3
2024-10-15 18:00:00,866163.3
2024-10-15 19:00:00,845888.1
2024-10-15 20:00:00,799361.2
2024-10-15 21:00:00,728373.1
2024-10-15 22:00:00,643139.9
2024-10-15 23:00:00,575273.8
2024-10-16 00:00:00,525317.0
2024-10-16 01:00:00,497358.3
2024-10-16 02:00:00,484117.4
2024-10-16 03:00:00,485458.6
2024-10-16 04:00:00,511632.0
2024-10-16 05:00:00,564728.4
2024-10-16 06:00:00,639754.0
2024-10-16 07:00:00,660697.4
2024-10-16 08:00:00,674284.1
2024-10-16 09:00:00,697160.6
2024-10-16 10:00:00,714345.9
2024-10-16 11:00:00,724521.6
2024-10-16 12:00:00,714135.7
2024-10-16 13:00:00,703343.0
2024-10-16 14:00:00,704726.3
2024-10-16 15:00:00,732835.2
2024-10-16 16:00:00,778075.7
2024-10-16 17:00:00,824586.5
2024-10-16 18:00:00,855134.9
2024-10-16 19:00:00,844083.6
2024-10-16 20:00:00,800894.1
2024-10-16 21:00:00,732393.3
2024-10-16 22:00:00,649838.0
2024-10-16 23:00:00,582384.9
2024-10-17 00:00:00,532248.1
2024-10-17 01:00:00,504870.4
2024-10-17 02:00:00,493111.5
2024-10-17 03:00:00,495030.1
2024-10-17 04:00:00,521369.9
2024-10-17 05:00:00,574692.4
2024-10-17 06:00:00,649602.9
2024-10-17 07:00:00,672205.9
2024-10-17 08:00:00,680368.0
2024-10-17 09:00:00,696818.9
2024-10-17 10:00:00,707798.0
2024-10-17 11:00:00,713713.9
2024-10-17 12:00:00,700694.1
2024-10-17 13:00:00,687576.7
2024-10-17 14:00:00,688871.2
2024-10-17 15:00:00,713594.9
2024-10-17 16:00:00,755141.6
2024-10-17 17:00:00,797795.6
2024-10-17 18:00:00,828257.2
2024-10-17 19:00:00,814754.4
2024-10-17 20:00:00,774169.4
2024-10-17 21:00:00,707290.1
2024-10-17 22:00:00,630945.1
2024-10-17 23:00:00,567545.6
2024-10-18 00:00:00,516497.8
2024-10-18 01:00:00,488886.2
2024-10-18 02:00:00,476102.4
2024-10-18 03:00:00,476977.0
2024-10-18 04:00:00,500568.7
2024-10-18 05:00:00,549995.8
2024-10-18 06:00:00,622646.0
2024-10-18 07:00:00,653385.0
2024-10-18 08:00:00,670243.3
2024-10-18 09:00:00,692862.4
2024-10-18 10:00:00,705388.8
2024-10-18 11:00:00,713164.5
2024-10-18 12:00:00,699822.8
2024-10-18 13:00:00,686867.0
2024-10-18 14:00:00,686703.4
2024-10-18 15:00:00,708113.4
2024-10-18 16:00:00,736579.5
2024-10-18 17:00:00,770716.3
2024-10-18 18:00:00,793178.5
2024-10-18 19:00:00,780378.8
2024-10-18 20:00:00,745944.7
2024-10-18 21:00:00,694322.4
2024-10-18 22:00:00,629901.6
2024-10-18 23:00:00,575982.7
2024-10-19 00:00:00,523913.2
2024-10-19 01:00:00,489197.8
2024-10-19 02:00:00,471343.6
2024-10-19 03:00:00,462663.4
2024-10-19 04:00:00,470792.4
2024-10-19 05:00:00,498211.6
2024-10-19 06:00:00,544566.5
2024-10-19 07:00:00,613713.2
2024-10-19 08:00:00,670289.1
2024-10-19 09:00:00,713895.4
2024-10-19 10:00:00,745145.7
2024-10-19 11:00:00,760351.4
2024-10-19 12:00:00,751925.8
2024-10-19 13:00:00,740118.9
2024-10-19 14:00:00,731796.1
2024-10-19 15:00:00,736168.6
2024-10-19 16:00:00,757722.5
2024-10-19 17:00:00,786729.3
2024-10-19 18:00:00,798743.0
2024-10-19 19:00:00,770628.0
2024-10-19 20:00:00,731535.9
2024-10-19 21:00:00,684482.0
2024-10-19 22:00:00,620268.7
2024-10-19 23:00:00,573749.8
2024-10-20 00:00:00,516652.4
2024-10-20 01:00:00,478744.6
2024-10-20 02:00:00,457601.1
2024-10-20 03:00:00,446988.0
2024-10-20 04:00:00,451906.6
2024-10-20 05:00:00,472257.0
2024-10-20 06:00:00,510301.5
2024-10-20 07:00:00,571633.7
2024-10-20 08:00:00,633436.6
2024-10-20 09:00:00,685170.9
2024-10-20 10:00:00,725830.4
2024-10-20 11:00:00,748474.5
2024-10-20 12:00:00,748779.6
2024-10-20 13:00:00,742704.8
2024-10-20 14:00:00,740604.3
2024-10-20 15:00:00,755184.8
2024-10-20 16:00:00,789506.4
2024-10-20 17:00:00,828147.0
2024-10-20 18:00:00,843733.3
2024-10-20 19:00:00,817139.1
2024-10-20 20:00:00,767242.5
2024-10-20 21:00:00,693742.5
2024-10-20 22:00:00,607035.8
2024-10-20 23:00:00,543509.7
2024-10-21 00:00:00,484676.1
2024-10-21 01:00:00,451133.8
2024-10-21 02:00:00,433815.8
2024-10-21 03:00:00,429525.4
2024-10-21 04:00:00,448246.3
2024-10-21 05:00:00,492472.2
2024-10-21 06:00:00,565841.6
2024-10-21 07:00:00,594324.4
2024-10-21 08:00:00,617158.2
2024-10-21 09:00:00,652721.9
2024-10-21 10:00:00,682395.3
2024-10-21 11:00:00,697626.8
2024-10-21 12:00:00,700562.5
2024-10-21 13:00:00,700333.4
2024-10-21 14:00:00,708460.0
2024-10-21 15:00:00,737815.5
2024-10-21 16:00:00,776633.1
2024-10-21 17:00:00,815450.2
2024-10-21 18:00:00,837942.8
2024-10-21 19:00:00,816738.8
2024-10-21 20:00:00,768518.3
2024-10-21 21:00:00,692653.5
2024-10-21 22:00:00,611658.2
2024-10-21 23:00:00,545581.1
2024-10-22 00:00:00,486541.9
2024-10-22 01:00:00,453436.7
2024-10-22 02:00:00,434704.5
2024-10-22 03:00:00,431064.7
2024-10-22 04:00:00,447892.6
2024-10-22 05:00:00,491170.1
2024-10-22 06:00:00,563556.7
2024-10-22 07:00:00,588352.1
2024-10-22 08:00:00,612092.7
2024-10-22 09:00:00,648147.2
2024-10-22 10:00:00,677954.9
2024-10-22 11:00:00,698349.9
2024-10-22 12:00:00,699130.1
2024-10-22 13:00:00,700544.3
2024-10-22 14:00:00,709900.3
2024-10-22 15:00:00,733668.8
2024-10-22 16:00:00,768867.5
2024-10-22 17:00:00,809706.1
2024-10-22 18:00:00,828551.4
2024-10-22 19:00:00,804309.7
2024-10-22 20:00:00,758561.8
2024-10-22 21:00:00,685431.2
2024-10-22 22:00:00,603911.1
2024-10-22 23:00:00,538931.2
2024-10-23 00:00:00,483933.7
2024-10-23 01:00:00,449500.7
2024-10-23 02:00:00,433359.5
2024-10-23 03:00:00,430200.6
2024-10-23 04:00:00,448220.7
2024-10-23 05:00:00,492474.0
2024-10-23 06:00:00,563255.5
2024-10-23 07:00:00,592047.4
2024-10-23 08:00:00,615064.8
2024-10-23 09:00:00,644656.6
2024-10-23 10:00:00,668076.3
2024-10-23 11:00:00,690466.3
2024-10-23 12:00:00,689089.0
2024-10-23 13:00:00,679870.0
2024-10-23 14:00:00,686300.6
2024-10-23 15:00:00,716119.5
2024-10-23 16:00:00,763211.8
2024-10-23 17:00:00,797325.1
2024-10-23 18:00:00,811383.5
2024-10-23 19:00:00,789450.6
2024-10-23 20:00:00,739234.8
2024-10-23 21:00:00,673730.1
2024-10-23 22:00:00,595035.2
2024-10-23 23:00:00,534629.3
2024-10-24 00:00:00,484396.5
2024-10-24 01:00:00,455120.9
2024-10-24 02:00:00,442339.5
2024-10-24 03:00:00,441293.4
2024-10-24 04:00:00,464306.0
2024-10-24 05:00:00,515105.2
2024-10-24 06:00:00,589973.1
2024-10-24 07:00:00,619087.9
2024-10-24 08:00:00,637193.5
2024-10-24 09:00:00,663362.3
2024-10-24 10:00:00,682112.8
2024-10-24 11:00:00,694426.4
2024-10-24 12:00:00,686288.1
2024-10-24 13:00:00,678415.0
2024-10-24 14:00:00,680642.7
2024-10-24 15:00:00,706828.0
2024-10-24 16:00:00,748745.4
2024-10-24 17:00:00,793790.4
2024-10-24 18:00:00,819383.9
2024-10-24 19:00:00,804783.7
2024-10-24 20:00:00,766587.5
2024-10-24 21:00:00,699807.0
2024-10-24 22:00:00,627585.7
2024-10-24 23:00:00,567694.8
2024-10-25 00:00:00,515279.5
2024-10-25 01:00:00,484837.6
2024-10-25 02:00:00,470400.3
2024-10-25 03:00:00,469296.2
2024-10-25 04:00:00,492993.2
2024-10-25 05:00:00,540203.9
2024-10-25 06:00:00,609535.1
2024-10-25 07:00:00,648829.2
2024-10-25 08:00:00,669881.1
2024-10-25 09:00:00,695747.7
2024-10-25 10:00:00,722298.1
2024-10-25 11:00:00,738235.5
2024-10-25 12:00:00,733552.3
2024-10-25 13:00:00,720357.0
2024-10-25 14:00:00,729429.2
2024-10-25 15:00:00,756553.9
2024-10-25 16:00:00,792883.5
2024-10-25 17:00:00,814823.2
2024-10-25 18:00:00,814757.8
2024-10-25 19:00:00,796866.5
2024-10-25 20:00:00,760741.2
2024-10-25 21:00:00,703690.0
2024-10-25 22:00:00,639626.8
2024-10-25 23:00:00,582701.3
2024-10-26 00:00:00,533352.9
2024-10-26 01:00:00,498948.9
2024-10-26 02:00:00,479459.7
2024-10-26 03:00:00,471008.0
2024-10-26 04:00:00,478360.3
2024-10-26 05:00:00,503918.4
2024-10-26 06:00:00,550717.5
2024-10-26 07:00:00,618546.6
2024-10-26 08:00:00,677024.7
2024-10-26 09:00:00,726551.1
2024-10-26 10:00:00,762453.3
2024-10-26 11:00:00,779140.4
2024-10-26 12:00:00,771045.2
2024-10-26 13:00:00,758764.7
2024-10-26 14:00:00,753884.3
2024-10-26 15:00:00,762490.7
2024-10-26 16:00:00,789888.9
2024-10-26 17:00:00,830117.6
2024-10-26 18:00:00,833287.9
2024-10-26 19:00:00,807846.7
2024-10-26 20:00:00,772133.9
2024-10-26 21:00:00,718939.4
2024-10-26 22:00:00,656925.4
2024-10-26 23:00:00,602126.5
2024-10-27 00:00:00,554484.2
2024-10-27 01:00:00,522331.6
2024-10-27 02:00:00,509684.2
2024-10-27 03:00:00,514916.7
2024-10-27 04:00:00,501791.5
2024-10-27 05:00:00,521379.6
2024-10-27 06:00:00,560695.3
2024-10-27 07:00:00,622413.9
2024-10-27 08:00:00,679510.5
2024-10-27 09:00:00,726894.2
2024-10-27 10:00:00,764807.7
2024-10-27 11:00:00,785518.1
2024-10-27 12:00:00,779316.2
2024-10-27 13:00:00,769129.7
2024-10-27 14:00:00,763203.3
2024-10-27 15:00:00,789871.4
2024-10-27 16:00:00,842730.3
2024-10-27 17:00:00,885359.3
2024-10-27 18:00:00,877903.2
2024-10-27 19:00:00,846754.9
2024-10-27 20:00:00,797000.7
2024-10-27 21:00:00,721536.0
2024-10-27 22:00:00,636475.0
2024-10-27 23:00:00,566615.0
2024-10-28 00:00:00,515362.5
2024-10-28 01:00:00,486016.0
2024-10-28 02:00:00,472129.5
2024-10-28 03:00:00,471974.8
2024-10-28 04:00:00,496359.8
2024-10-28 05:00:00,547717.4
2024-10-28 06:00:00,622537.2
2024-10-28 07:00:00,656694.5
2024-10-28 08:00:00,680799.1
2024-10-28 09:00:00,712548.1
2024-10-28 10:00:00,736110.4
2024-10-28 11:00:00,750032.8
2024-10-28 12:00:00,740912.4
2024-10-28 13:00:00,723851.5
2024-10-28 14:00:00,725723.6
2024-10-28 15:00:00,754635.2
2024-10-28 16:00:00,806972.7
2024-10-28 17:00:00,862854.5
2024-10-28 18:00:00,874125.3
2024-10-28 19:00:00,849823.1
2024-10-28 20:00:00,801793.6
2024-10-28 21:00:00,725986.9
2024-10-28 22:00:00,642435.7
2024-10-28 23:00:00,577000.4
2024-10-29 00:00:00,529087.2
2024-10-29 01:00:00,500784.7
2024-10-29 02:00:00,487802.8
2024-10-29 03:00:00,485918.5
2024-10-29 04:00:00,510381.7
2024-10-29 05:00:00,562869.9
2024-10-29 06:00:00,633202.0
2024-10-29 07:00:00,657902.1
2024-10-29 08:00:00,678634.0
2024-10-29 09:00:00,715540.8
2024-10-29 10:00:00,740772.8
2024-10-29 11:00:00,755841.9
2024-10-29 12:00:00,750239.5
2024-10-29 13:00:00,730390.9
2024-10-29 14:00:00,723032.3
2024-10-29 15:00:00,747210.0
2024-10-29 16:00:00,787823.3
2024-10-29 17:00:00,837512.6
2024-10-29 18:00:00,845797.8
2024-10-29 19:00:00,823052.8
2024-10-29 20:00:00,776546.4
2024-10-29 21:00:00,705142.5
2024-10-29 22:00:00,624414.6
2024-10-29 23:00:00,556830.5
2024-10-30 00:00:00,505821.0
2024-10-30 01:00:00,475933.7
2024-10-30 02:00:00,461514.2
2024-10-30 03:00:00,459763.3
2024-10-30 04:00:00,480809.7
2024-10-30 05:00:00,527647.4
2024-10-30 06:00:00,594542.3
2024-10-30 07:00:00,615684.8
2024-10-30 08:00:00,627109.2
2024-10-30 09:00:00,649425.4
2024-10-30 10:00:00,667774.4
2024-10-30 11:00:00,679520.4
2024-10-30 12:00:00,674643.2
2024-10-30 13:00:00,667934.2
2024-10-30 14:00:00,672277.3
2024-10-30 15:00:00,700243.7
2024-10-30 16:00:00,743813.0
2024-10-30 17:00:00,799861.0
2024-10-30 18:00:00,816844.3
2024-10-30 19:00:00,799383.3
2024-10-30 20:00:00,759932.0
2024-10-30 21:00:00,689018.3
2024-10-30 22:00:00,611685.2
2024-10-30 23:00:00,545710.5
2024-10-31 00:00:00,490652.9
2024-10-31 01:00:00,456122.7
2024-10-31 02:00:00,437616.2
2024-10-31 03:00:00,432750.6
2024-10-31 04:00:00,450185.0
2024-10-31 05:00:00,495452.2
2024-10-31 06:00:00,568788.6
2024-10-31 07:00:00,595657.7
2024-10-31 08:00:00,617918.0
2024-10-31 09:00:00,649564.4
2024-10-31 10:00:00,675996.1
2024-10-31 11:00:00,691165.0
2024-10-31 12:00:00,689783.3
2024-10-31 13:00:00,690524.7
2024-10-31 14:00:00,698735.6
2024-10-31 15:00:00,731677.9
2024-10-31 16:00:00,761939.2
2024-10-31 17:00:00,776066.6
2024-10-31 18:00:00,767928.1
2024-10-31 19:00:00,757655.9
2024-10-31 20:00:00,729276.2
2024-10-31 21:00:00,669428.9
2024-10-31 22:00:00,601338.9
2024-10-31 23:00:00,538449.9
2024-11-01 00:00:00,490575.3
2024-11-01 01:00:00,460112.5
2024-11-01 02:00:00,441409.9
2024-11-01 03:00:00,435642.1
2024-11-01 04:00:00,450772.3
2024-11-01 05:00:00,492726.3
2024-11-01 06:00:00,562656.3
2024-11-01 07:00:00,609167.5
2024-11-01 08:00:00,642130.2
2024-11-01 09:00:00,670503.3
2024-11-01 10:00:00,694129.0
2024-11-01 11:00:00,708685.6
2024-11-01 12:00:00,700702.5
2024-11-01 13:00:00,694107.0
2024-11-01 14:00:00,697853.1
2024-11-01 15:00:00,728668.3
2024-11-01 16:00:00,771390.1
2024-11-01 17:00:00,806445.4
2024-11-01 18:00:00,810957.0
2024-11-01 19:00:00,796071.9
2024-11-01 20:00:00,763692.8
2024-11-01 21:00:00,708618.3
2024-11-01 22:00:00,645988.3
2024-11-01 23:00:00,587373.8
2024-11-02 00:00:00,539672.3
2024-11-02 01:00:00,507080.6
2024-11-02 02:00:00,489545.3
2024-11-02 03:00:00,484035.5
2024-11-02 04:00:00,493887.8
2024-11-02 05:00:00,521361.8
2024-11-02 06:00:00,568974.8
2024-11-02 07:00:00,638510.0
2024-11-02 08:00:00,700208.8
2024-11-02 09:00:00,752132.4
2024-11-02 10:00:00,786708.4
2024-11-02 11:00:00,800088.4
2024-11-02 12:00:00,788056.9
2024-11-02 13:00:00,773149.9
2024-11-02 14:00:00,765068.8
2024-11-02 15:00:00,772299.6
2024-11-02 16:00:00,807894.4
2024-11-02 17:00:00,855399.8
2024-11-02 18:00:00,851284.4
2024-11-02 19:00:00,822721.4
2024-11-02 20:00:00,784951.8
2024-11-02 21:00:00,734401.7
2024-11-02 22:00:00,668606.2
2024-11-02 23:00:00,613983.2
2024-11-03 00:00:00,564974.8
2024-11-03 01:00:00,528968.5
2024-11-03 02:00:00,508726.6
2024-11-03 03:00:00,497727.2
2024-11-03 04:00:00,498430.8
2024-11-03 05:00:00,513735.4
2024-11-03 06:00:00,546265.4
2024-11-03 07:00:00,606360.4
2024-11-03 08:00:00,665585.5
2024-11-03 09:00:00,713431.8
2024-11-03 10:00:00,751779.6
2024-11-03 11:00:00,782654.0
2024-11-03 12:00:00,789207.8
2024-11-03 13:00:00,784546.5
2024-11-03 14:00:00,787690.2
2024-11-03 15:00:00,807232.1
2024-11-03 16:00:00,852686.9
2024-11-03 17:00:00,921209.5
2024-11-03 18:00:00,922927.1
2024-11-03 19:00:00,887592.5
2024-11-03 20:00:00,846833.6
2024-11-03 21:00:00,789041.9
2024-11-03 22:00:00,707263.1
2024-11-03 23:00:00,627164.2
2024-11-04 00:00:00,557527.1
2024-11-04 01:00:00,513600.7
2024-11-04 02:00:00,486982.2
2024-11-04 03:00:00,472611.6
2024-11-04 04:00:00,473844.9
2024-11-04 05:00:00,502438.6
2024-11-04 06:00:00,559140.6
2024-11-04 07:00:00,628464.8
2024-11-04 08:00:00,649235.2
2024-11-04 09:00:00,668648.9
2024-11-04 10:00:00,698694.0
2024-11-04 11:00:00,721090.2
2024-11-04 12:00:00,728278.6
2024-11-04 13:00:00,713234.0
2024-11-04 14:00:00,704787.5
2024-11-04 15:00:00,724184.7
2024-11-04 16:00:00,779189.2
2024-11-04 17:00:00,847530.5
2024-11-04 18:00:00,855798.0
2024-11-04 19:00:00,832605.9
2024-11-04 20:00:00,800636.2
2024-11-04 21:00:00,747534.8
2024-11-04 22:00:00,669367.7
2024-11-04 23:00:00,593406.4
2024-11-05 00:00:00,526442.5
2024-11-05 01:00:00,482798.5
2024-11-05 02:00:00,455659.2
2024-11-05 03:00:00,441775.4
2024-11-05 04:00:00,443357.0
2024-11-05 05:00:00,468711.5
2024-11-05 06:00:00,523101.2
2024-11-05 07:00:00,590028.7
2024-11-05 08:00:00,608597.3
2024-11-05 09:00:00,618966.2
2024-11-05 10:00:00,642257.6
2024-11-05 11:00:00,665742.4
2024-11-05 12:00:00,676035.3
2024-11-05 13:00:00,672224.3
2024-11-05 14:00:00,669004.7
2024-11-05 15:00:00,676744.7
2024-11-05 16:00:00,715108.6
2024-11-05 17:00:00,796138.7
2024-11-05 18:00:00,822914.3
2024-11-05 19:00:00,808652.3
2024-11-05 20:00:00,780307.2
2024-11-05 21:00:00,731120.4
2024-11-05 22:00:00,664140.5
2024-11-05 23:00:00,592362.8
2024-11-06 00:00:00,525871.2
2024-11-06 01:00:00,478325.0
2024-11-06 02:00:00,449052.1
2024-11-06 03:00:00,433249.4
2024-11-06 04:00:00,432779.1
2024-11-06 05:00:00,451482.1
2024-11-06 06:00:00,498903.1
2024-11-06 07:00:00,570084.8
2024-11-06 08:00:00,592824.0
2024-11-06 09:00:00,614442.6
2024-11-06 10:00:00,642597.9
2024-11-06 11:00:00,665969.0
2024-11-06 12:00:00,681746.9
2024-11-06 13:00:00,676351.6
2024-11-06 14:00:00,669373.4
2024-11-06 15:00:00,675465.2
2024-11-06 16:00:00,713050.6
2024-11-06 17:00:00,788632.8
2024-11-06 18:00:00,811232.3
2024-11-06 19:00:00,797481.0
2024-11-06 20:00:00,771808.8
2024-11-06 21:00:00,725826.0
2024-11-06 22:00:00,656138.4
2024-11-06 23:00:00,582169.1
2024-11-07 00:00:00,516443.8
2024-11-07 01:00:00,470777.6
2024-11-07 02:00:00,443851.9
2024-11-07 03:00:00,431707.5
2024-11-07 04:00:00,434751.0
2024-11-07 05:00:00,457647.3
2024-11-07 06:00:00,509498.7
2024-11-07 07:00:00,580164.2
2024-11-07 08:00:00,601219.6
2024-11-07 09:00:00,623710.6
2024-11-07 10:00:00,650656.5
2024-11-07 11:00:00,671784.1
2024-11-07 12:00:00,680436.1
2024-11-07 13:00:00,671289.5
2024-11-07 14:00:00,664916.0
2024-11-07 15:00:00,671344.6
2024-11-07 16:00:00,713158.2
2024-11-07 17:00:00,792316.2
2024-11-07 18:00:00,815925.1
2024-11-07 19:00:00,807302.4
2024-11-07 20:00:00,786131.0
2024-11-07 21:00:00,745135.5
2024-11-07 22:00:00,679668.6
2024-11-07 23:00:00,606645.5
2024-11-08 00:00:00,542974.5
2024-11-08 01:00:00,497556.5
2024-11-08 02:00:00,471262.8
2024-11-08 03:00:00,458095.5
2024-11-08 04:00:00,458561.1
2024-11-08 05:00:00,483015.6
2024-11-08 06:00:00,532888.8
2024-11-08 07:00:00,599483.3
2024-11-08 08:00:00,624577.5
2024-11-08 09:00:00,649296.7
2024-11-08 10:00:00,681685.3
2024-11-08 11:00:00,713741.1
2024-11-08 12:00:00,725503.5
2024-11-08 13:00:00,706760.7
2024-11-08 14:00:00,696714.2
2024-11-08 15:00:00,701614.1
2024-11-08 16:00:00,747069.6
2024-11-08 17:00:00,818773.9
2024-11-08 18:00:00,829364.7
2024-11-08 19:00:00,817194.3
2024-11-08 20:00:00,797300.3
2024-11-08 21:00:00,762469.0
2024-11-08 22:00:00,710287.3
2024-11-08 23:00:00,649376.5
2024-11-09 00:00:00,590421.8
2024-11-09 01:00:00,544992.9
2024-11-09 02:00:00,514926.4
2024-11-09 03:00:00,498847.7
2024-11-09 04:00:00,495180.4
2024-11-09 05:00:00,510266.2
2024-11-09 06:00:00,541185.4
2024-11-09 07:00:00,596117.7
2024-11-09 08:00:00,658418.6
2024-11-09 09:00:00,711796.7
2024-11-09 10:00:00,752914.9
2024-11-09 11:00:00,781105.7
2024-11-09 12:00:00,791406.6
2024-11-09 13:00:00,778332.3
2024-11-09 14:00:00,766697.5
2024-11-09 15:00:00,767978.1
2024-11-09 16:00:00,796419.7
2024-11-09 17:00:00,869866.4
2024-11-09 18:00:00,877752.6
2024-11-09 19:00:00,851097.3
2024-11-09 20:00:00,818788.7
2024-11-09 21:00:00,778701.5
2024-11-09 22:00:00,725920.9
2024-11-09 23:00:00,669138.4
2024-11-10 00:00:00,605463.5
2024-11-10 01:00:00,553683.8
2024-11-10 02:00:00,519587.8
2024-11-10 03:00:00,498462.5
2024-11-10 04:00:00,489952.7
2024-11-10 05:00:00,498049.0
2024-11-10 06:00:00,518912.6
2024-11-10 07:00:00,560402.0
2024-11-10 08:00:00,621642.9
2024-11-10 09:00:00,684666.4
2024-11-10 10:00:00,744957.6
2024-11-10 11:00:00,794876.5
2024-11-10 12:00:00,829929.2
2024-11-10 13:00:00,838005.1
2024-11-10 14:00:00,838227.6
2024-11-10 15:00:00,840318.0
2024-11-10 16:00:00,870974.5
2024-11-10 17:00:00,925779.0
2024-11-10 18:00:00,917439.3
2024-11-10 19:00:00,880548.6
2024-11-10 20:00:00,840560.4
2024-11-10 21:00:00,784391.4
2024-11-10 22:00:00,710586.7
2024-11-10 23:00:00,631978.4
2024-11-11 00:00:00,559400.8
2024-11-11 01:00:00,507863.8
2024-11-11 02:00:00,478135.9
2024-11-11 03:00:00,463386.0
2024-11-11 04:00:00,463303.8
2024-11-11 05:00:00,487185.7
2024-11-11 06:00:00,533582.0
2024-11-11 07:00:00,603386.2
2024-11-11 08:00:00,634834.0
2024-11-11 09:00:00,666827.5
2024-11-11 10:00:00,699764.7
2024-11-11 11:00:00,727786.4
2024-11-11 12:00:00,746847.4
2024-11-11 13:00:00,743063.4
2024-11-11 14:00:00,729694.3
2024-11-11 15:00:00,739105.3
2024-11-11 16:00:00,790598.4
2024-11-11 17:00:00,876354.6
2024-11-11 18:00:00,889545.0
2024-11-11 19:00:00,874753.9
2024-11-11 20:00:00,845750.2
2024-11-11 21:00:00,796362.3
2024-11-11 22:00:00,718777.1
2024-11-11 23:00:00,641582.1
2024-11-12 00:00:00,578421.7
2024-11-12 01:00:00,535120.0
2024-11-12 02:00:00,511931.7
2024-11-12 03:00:00,502674.2
2024-11-12 04:00:00,507440.1
2024-11-12 05:00:00,538555.0
2024-11-12 06:00:00,596352.0
2024-11-12 07:00:00,668467.6
2024-11-12 08:00:00,682890.3
2024-11-12 09:00:00,694128.7
2024-11-12 10:00:00,713475.9
2024-11-12 11:00:00,729063.7
2024-11-12 12:00:00,733654.4
2024-11-12 13:00:00,720230.3
2024-11-12 14:00:00,711511.5
2024-11-12 15:00:00,722760.9
2024-11-12 16:00:00,780955.8
2024-11-12 17:00:00,872839.1
2024-11-12 18:00:00,902291.7
2024-11-12 19:00:00,896248.2
2024-11-12 20:00:00,874082.6
2024-11-12 21:00:00,831377.7
2024-11-12 22:00:00,759686.4
2024-11-12 23:00:00,682671.2
2024-11-13 00:00:00,613604.7
2024-11-13 01:00:00,568642.8
2024-11-13 02:00:00,542108.8
2024-11-13 03:00:00,528990.7
2024-11-13 04:00:00,534204.7
2024-11-13 05:00:00,563811.3
2024-11-13 06:00:00,619377.4
2024-11-13 07:00:00,693730.5
2024-11-13 08:00:00,716395.6
2024-11-13 09:00:00,734539.2
2024-11-13 10:00:00,760831.6
2024-11-13 11:00:00,772826.1
2024-11-13 12:00:00,772053.6
2024-11-13 13:00:00,755434.5
2024-11-13 14:00:00,746426.6
2024-11-13 15:00:00,768192.1
2024-11-13 16:00:00,829485.0
2024-11-13 17:00:00,911575.8
2024-11-13 18:00:00,928437.8
2024-11-13 19:00:00,917022.7
2024-11-13 20:00:00,890842.7
2024-11-13 21:00:00,840727.5
2024-11-13 22:00:00,764095.1
2024-11-13 23:00:00,683401.0
2024-11-14 00:00:00,611575.5
2024-11-14 01:00:00,560381.1
2024-11-14 02:00:00,530478.5
2024-11-14 03:00:00,516003.5
2024-11-14 04:00:00,516884.7
2024-11-14 05:00:00,544195.5
2024-11-14 06:00:00,595922.9
2024-11-14 07:00:00,666527.3
2024-11-14 08:00:00,689540.9
2024-11-14 09:00:00,707331.3
2024-11-14 10:00:00,720606.9
2024-11-14 11:00:00,736301.3
2024-11-14 12:00:00,742569.0
2024-11-14 13:00:00,736147.0
2024-11-14 14:00:00,740506.3
2024-11-14 15:00:00,758921.2
2024-11-14 16:00:00,814615.6
2024-11-14 17:00:00,868119.9
2024-11-14 18:00:00,876969.6
2024-11-14 19:00:00,870547.3
2024-11-14 20:00:00,848430.4
2024-11-14 21:00:00,805169.1
2024-11-14 22:00:00,739163.7
2024-11-14 23:00:00,663515.8
2024-11-15 00:00:00,593358.8
2024-11-15 01:00:00,545217.2
2024-11-15 02:00:00,514019.9
2024-11-15 03:00:00,497532.4
2024-11-15 04:00:00,497657.3
2024-11-15 05:00:00,521854.9
2024-11-15 06:00:00,566249.2
2024-11-15 07:00:00,622768.5
2024-11-15 08:00:00,673440.5
2024-11-15 09:00:00,714209.2
2024-11-15 10:00:00,745866.0
2024-11-15 11:00:00,772200.0
2024-11-15 12:00:00,786267.1
2024-11-15 13:00:00,773306.7
2024-11-15 14:00:00,762439.0
2024-11-15 15:00:00,770186.8
2024-11-15 16:00:00,811928.8
2024-11-15 17:00:00,864141.8
2024-11-15 18:00:00,865044.1
2024-11-15 19:00:00,852695.5
2024-11-15 20:00:00,832211.0
2024-11-15 21:00:00,794633.6
2024-11-15 22:00:00,739636.3
2024-11-15 23:00:00,674765.4
2024-11-16 00:00:00,614548.1
2024-11-16 01:00:00,566434.5
2024-11-16 02:00:00,530594.5
2024-11-16 03:00:00,508414.2
2024-11-16 04:00:00,503041.6
2024-11-16 05:00:00,515356.8
2024-11-16 06:00:00,543424.5
2024-11-16 07:00:00,590219.5
2024-11-16 08:00:00,655419.9
2024-11-16 09:00:00,717347.6
2024-11-16 10:00:00,766650.3
2024-11-16 11:00:00,792691.9
2024-11-16 12:00:00,806213.5
2024-11-16 13:00:00,805325.7
2024-11-16 14:00:00,802901.6
2024-11-16 15:00:00,802409.5
2024-11-16 16:00:00,827020.9
2024-11-16 17:00:00,894275.6
2024-11-16 18:00:00,895716.2
2024-11-16 19:00:00,867591.2
2024-11-16 20:00:00,837749.6
2024-11-16 21:00:00,800600.1
2024-11-16 22:00:00,748403.3
2024-11-16 23:00:00,683951.6
2024-11-17 00:00:00,624012.1
2024-11-17 01:00:00,576201.5
2024-11-17 02:00:00,544527.8
2024-11-17 03:00:00,523855.2
2024-11-17 04:00:00,519301.7
2024-11-17 05:00:00,525296.2
2024-11-17 06:00:00,540338.5
2024-11-17 07:00:00,579704.4
2024-11-17 08:00:00,641408.0
2024-11-17 09:00:00,705958.0
2024-11-17 10:00:00,761870.6
2024-11-17 11:00:00,812301.2
2024-11-17 12:00:00,829260.4
2024-11-17 13:00:00,834094.3
2024-11-17 14:00:00,831565.6
2024-11-17 15:00:00,844144.0
2024-11-17 16:00:00,885730.7
2024-11-17 17:00:00,950809.1
2024-11-17 18:00:00,946063.7
2024-11-17 19:00:00,913121.5
2024-11-17 20:00:00,877018.9
2024-11-17 21:00:00,823286.1
2024-11-17 22:00:00,743333.0
2024-11-17 23:00:00,654141.1
2024-11-18 00:00:00,577590.0
2024-11-18 01:00:00,524441.8
2024-11-18 02:00:00,492274.5
2024-11-18 03:00:00,477817.5
2024-11-18 04:00:00,481734.4
2024-11-18 05:00:00,510537.9
2024-11-18 06:00:00,564678.1
2024-11-18 07:00:00,633564.1
2024-11-18 08:00:00,646598.8
2024-11-18 09:00:00,657816.6
2024-11-18 10:00:00,680646.1
2024-11-18 11:00:00,701973.4
2024-11-18 12:00:00,710069.1
2024-11-18 13:00:00,697350.8
2024-11-18 14:00:00,686948.1
2024-11-18 15:00:00,695165.2
2024-11-18 16:00:00,752201.8
2024-11-18 17:00:00,850256.0
2024-11-18 18:00:00,872391.6
2024-11-18 19:00:00,861985.5
2024-11-18 20:00:00,835703.6
2024-11-18 21:00:00,790224.6
2024-11-18 22:00:00,717983.8
2024-11-18 23:00:00,638414.0
2024-11-19 00:00:00,571035.6
2024-11-19 01:00:00,525908.5
2024-11-19 02:00:00,501237.9
2024-11-19 03:00:00,488991.0
2024-11-19 04:00:00,493678.2
2024-11-19 05:00:00,523338.2
2024-11-19 06:00:00,578711.0
2024-11-19 07:00:00,649446.2
2024-11-19 08:00:00,670727.6
2024-11-19 09:00:00,688823.5
2024-11-19 10:00:00,714982.4
2024-11-19 11:00:00,734140.1
2024-11-19 12:00:00,755700.8
2024-11-19 13:00:00,750843.5
2024-11-19 14:00:00,747820.9
2024-11-19 15:00:00,768781.9
2024-11-19 16:00:00,814823.7
2024-11-19 17:00:00,881487.3
2024-11-19 18:00:00,902105.6
2024-11-19 19:00:00,883278.8
2024-11-19 20:00:00,845080.7
2024-11-19 21:00:00,782979.4
2024-11-19 22:00:00,702149.7
2024-11-19 23:00:00,627677.3
2024-11-20 00:00:00,569284.6
2024-11-20 01:00:00,523280.2
2024-11-20 02:00:00,495671.89999999997
2024-11-20 03:00:00,483546.1
2024-11-20 04:00:00,489363.1
2024-11-20 05:00:00,521823.8
2024-11-20 06:00:00,579243.1
2024-11-20 07:00:00,641602.4
2024-11-20 08:00:00,664303.1
2024-11-20 09:00:00,685823.5
2024-11-20 10:00:00,714620.2
2024-11-20 11:00:00,736719.3
2024-11-20 12:00:00,747495.7
2024-11-20 13:00:00,740064.0
2024-11-20 14:00:00,736466.1
2024-11-20 15:00:00,756251.2
2024-11-20 16:00:00,809209.5
2024-11-20 17:00:00,870452.8
2024-11-20 18:00:00,884690.3
2024-11-20 19:00:00,872435.9
2024-11-20 20:00:00,845866.3
2024-11-20 21:00:00,794436.3
2024-11-20 22:00:00,724342.7
2024-11-20 23:00:00,648986.8
2024-11-21 00:00:00,592109.8
2024-11-21 01:00:00,545342.0
2024-11-21 02:00:00,516461.4
2024-11-21 03:00:00,503892.6
2024-11-21 04:00:00,509048.6
2024-11-21 05:00:00,540390.9
2024-11-21 06:00:00,595082.7
2024-11-21 07:00:00,667671.3
2024-11-21 08:00:00,695697.8
2024-11-21 09:00:00,719657.4
2024-11-21 10:00:00,746179.4
2024-11-21 11:00:00,770758.2
2024-11-21 12:00:00,782166.9
2024-11-21 13:00:00,775718.4
2024-11-21 14:00:00,769113.8
2024-11-21 15:00:00,778083.5
2024-11-21 16:00:00,831968.4
2024-11-21 17:00:00,899239.6
2024-11-21 18:00:00,908630.2
2024-11-21 19:00:00,899775.6
2024-11-21 20:00:00,879880.6
2024-11-21 21:00:00,835872.0
2024-11-21 22:00:00,765067.5
2024-11-21 23:00:00,689158.8
2024-11-22 00:00:00,619986.1
2024-11-22 01:00:00,570180.8
2024-11-22 02:00:00,538676.5
2024-11-22 03:00:00,521647.1
2024-11-22 04:00:00,524042.5
2024-11-22 05:00:00,548969.4
2024-11-22 06:00:00,596978.4
2024-11-22 07:00:00,668609.5
2024-11-22 08:00:00,706280.4
2024-11-22 09:00:00,737278.7
2024-11-22 10:00:00,766677.8
2024-11-22 11:00:00,792049.4
2024-11-22 12:00:00,801993.1
2024-11-22 13:00:00,794521.6
2024-11-22 14:00:00,791705.4
2024-11-22 15:00:00,799101.2
2024-11-22 16:00:00,845826.6
2024-11-22 17:00:00,895122.0
2024-11-22 18:00:00,896467.4
2024-11-22 19:00:00,881688.8
2024-11-22 20:00:00,862912.5
2024-11-22 21:00:00,825947.1
2024-11-22 22:00:00,767433.3
2024-11-22 23:00:00,704922.3
2024-11-23 00:00:00,642229.3
2024-11-23 01:00:00,590891.1
2024-11-23 02:00:00,555229.3
2024-11-23 03:00:00,534055.4
2024-11-23 04:00:00,528782.6
2024-11-23 05:00:00,541102.0
2024-11-23 06:00:00,569695.1
2024-11-23 07:00:00,618991.7
2024-11-23 08:00:00,681569.1
2024-11-23 09:00:00,741697.2
2024-11-23 10:00:00,785564.6
2024-11-23 11:00:00,822592.1
2024-11-23 12:00:00,839860.1
2024-11-23 13:00:00,834256.8
2024-11-23 14:00:00,824321.3
2024-11-23 15:00:00,834765.5
2024-11-23 16:00:00,860519.5
2024-11-23 17:00:00,923874.9
2024-11-23 18:00:00,922489.4
2024-11-23 19:00:00,894109.3
2024-11-23 20:00:00,859334.6
2024-11-23 21:00:00,819190.4
2024-11-23 22:00:00,765612.2
2024-11-23 23:00:00,705419.5
2024-11-24 00:00:00,644328.8
2024-11-24 01:00:00,593837.2
2024-11-24 02:00:00,557345.2
2024-11-24 03:00:00,533447.4
2024-11-24 04:00:00,526506.2
2024-11-24 05:00:00,535577.1
2024-11-24 06:00:00,557087.6
2024-11-24 07:00:00,598556.7
2024-11-24 08:00:00,662357.1
2024-11-24 09:00:00,726595.6
2024-11-24 10:00:00,786006.9
2024-11-24 11:00:00,820500.7
2024-11-24 12:00:00,840536.5
2024-11-24 13:00:00,837913.1
2024-11-24 14:00:00,829795.5
2024-11-24 15:00:00,841334.5
2024-11-24 16:00:00,890288.2
2024-11-24 17:00:00,973123.4
2024-11-24 18:00:00,981811.4
2024-11-24 19:00:00,954987.6
2024-11-24 20:00:00,925111.1
2024-11-24 21:00:00,876428.6
2024-11-24 22:00:00,798153.3
2024-11-24 23:00:00,713722.5
2024-11-25 00:00:00,637680.7
2024-11-25 01:00:00,585195.8
2024-11-25 02:00:00,554086.3
2024-11-25 03:00:00,541483.0
2024-11-25 04:00:00,544449.5
2024-11-25 05:00:00,575725.1
2024-11-25 06:00:00,630495.2
2024-11-25 07:00:00,702617.0
2024-11-25 08:00:00,723910.1
2024-11-25 09:00:00,733100.8
2024-11-25 10:00:00,754989.6
2024-11-25 11:00:00,779094.3
2024-11-25 12:00:00,815144.8
2024-11-25 13:00:00,805549.6
2024-11-25 14:00:00,802850.4
2024-11-25 15:00:00,817641.2
2024-11-25 16:00:00,881415.3
2024-11-25 17:00:00,949621.5
2024-11-25 18:00:00,956505.7
2024-11-25 19:00:00,940272.6
2024-11-25 20:00:00,909169.2
2024-11-25 21:00:00,856477.8
2024-11-25 22:00:00,774955.4
2024-11-25 23:00:00,688245.4
2024-11-26 00:00:00,611638.8
2024-11-26 01:00:00,560776.6
2024-11-26 02:00:00,529512.1
2024-11-26 03:00:00,512339.9
2024-11-26 04:00:00,513710.6
2024-11-26 05:00:00,540691.0
2024-11-26 06:00:00,594407.8
2024-11-26 07:00:00,669037.2
2024-11-26 08:00:00,691313.7
2024-11-26 09:00:00,707858.0
2024-11-26 10:00:00,728967.6
2024-11-26 11:00:00,746930.5
2024-11-26 12:00:00,755946.2
2024-11-26 13:00:00,749824.3
2024-11-26 14:00:00,754774.4
2024-11-26 15:00:00,786056.6
2024-11-26 16:00:00,846908.8
2024-11-26 17:00:00,924022.3
2024-11-26 18:00:00,939253.7
2024-11-26 19:00:00,927315.7
2024-11-26 20:00:00,901738.9
2024-11-26 21:00:00,854482.8
2024-11-26 22:00:00,780802.6
2024-11-26 23:00:00,699051.0
2024-11-27 00:00:00,632027.7
2024-11-27 01:00:00,582487.7
2024-11-27 02:00:00,554291.5
2024-11-27 03:00:00,541592.6
2024-11-27 04:00:00,547991.5
2024-11-27 05:00:00,577111.7
2024-11-27 06:00:00,630982.5
2024-11-27 07:00:00,704159.8
2024-11-27 08:00:00,721678.6
2024-11-27 09:00:00,728975.4
2024-11-27 10:00:00,746634.1
2024-11-27 11:00:00,764411.8
2024-11-27 12:00:00,767279.9
2024-11-27 13:00:00,754288.3
2024-11-27 14:00:00,748678.4
2024-11-27 15:00:00,771640.3
2024-11-27 16:00:00,841555.0
2024-11-27 17:00:00,925429.1
2024-11-27 18:00:00,942185.3
2024-11-27 19:00:00,935605.3
2024-11-27 20:00:00,912689.5
2024-11-27 21:00:00,868028.8
2024-11-27 22:00:00,792499.8
2024-11-27 23:00:00,710095.7
2024-11-28 00:00:00,637755.4
2024-11-28 01:00:00,586388.7
2024-11-28 02:00:00,556526.6
2024-11-28 03:00:00,544290.6
2024-11-28 04:00:00,548336.1
2024-11-28 05:00:00,575981.2
2024-11-28 06:00:00,628754.9
2024-11-28 07:00:00,702074.3
2024-11-28 08:00:00,727822.0
2024-11-28 09:00:00,749593.5
2024-11-28 10:00:00,772178.3
2024-11-28 11:00:00,780174.8
2024-11-28 12:00:00,780069.5
2024-11-28 13:00:00,783419.7
2024-11-28 14:00:00,786660.9
2024-11-28 15:00:00,803613.7
2024-11-28 16:00:00,865629.7
2024-11-28 17:00:00,931161.6
2024-11-28 18:00:00,941557.4
2024-11-28 19:00:00,928139.5
2024-11-28 20:00:00,910844.5
2024-11-28 21:00:00,874329.6
2024-11-28 22:00:00,806124.9
2024-11-28 23:00:00,727617.3
2024-11-29 00:00:00,659266.0
2024-11-29 01:00:00,608906.7
2024-11-29 02:00:00,585882.0
2024-11-29 03:00:00,587563.0
2024-11-29 04:00:00,577637.0
2024-11-29 05:00:00,594451.0
2024-11-29 06:00:00,638535.7
2024-11-29 07:00:00,695529.1
2024-11-29 08:00:00,747854.1
2024-11-29 09:00:00,794424.3
2024-11-29 10:00:00,831146.0
2024-11-29 11:00:00,855216.7
2024-11-29 12:00:00,861116.5
2024-11-29 13:00:00,856943.8
2024-11-29 14:00:00,851022.3
2024-11-29 15:00:00,861304.1
2024-11-29 16:00:00,903188.5
2024-11-29 17:00:00,968189.6
2024-11-29 18:00:00,975400.9
2024-11-29 19:00:00,963970.7
2024-11-29 20:00:00,946238.7
2024-11-29 21:00:00,910186.8
2024-11-29 22:00:00,852593.6
2024-11-29 23:00:00,784629.2
2024-11-30 00:00:00,716811.4
2024-11-30 01:00:00,665734.7
2024-11-30 02:00:00,630842.2
2024-11-30 03:00:00,610913.1
2024-11-30 04:00:00,604902.3
2024-11-30 05:00:00,615806.2
2024-11-30 06:00:00,641670.1
2024-11-30 07:00:00,694976.2
2024-11-30 08:00:00,764942.2
2024-11-30 09:00:00,829126.1
2024-11-30 10:00:00,881939.6
2024-11-30 11:00:00,923349.2
2024-11-30 12:00:00,943439.3
2024-11-30 13:00:00,941515.6
2024-11-30 14:00:00,926836.4
2024-11-30 15:00:00,937952.3
2024-11-30 16:00:00,979433.4
2024-11-30 17:00:00,1027956.6
2024-11-30 18:00:00,1022363.9
2024-11-30 19:00:00,998031.5
2024-11-30 20:00:00,968202.3
2024-11-30 21:00:00,930956.0
2024-11-30 22:00:00,874875.6
2024-11-30 23:00:00,809551.7
2024-12-01 00:00:00,742936.1
2024-12-01 01:00:00,687592.6
2024-12-01 02:00:00,649324.9
2024-12-01 03:00:00,627594.7
2024-12-01 04:00:00,617737.9
2024-12-01 05:00:00,625280.6
2024-12-01 06:00:00,646946.2
2024-12-01 07:00:00,690189.3
2024-12-01 08:00:00,752527.7
2024-12-01 09:00:00,805474.9
2024-12-01 10:00:00,852144.6
2024-12-01 11:00:00,897456.5
2024-12-01 12:00:00,921521.6
2024-12-01 13:00:00,934118.9
2024-12-01 14:00:00,930238.9
2024-12-01 15:00:00,936632.8
2024-12-01 16:00:00,989575.9
2024-12-01 17:00:00,1067345.5
2024-12-01 18:00:00,1072532.8
2024-12-01 19:00:00,1045697.6
2024-12-01 20:00:00,1013957.9
2024-12-01 21:00:00,960807.4
2024-12-01 22:00:00,878780.9
2024-12-01 23:00:00,788064.0
2024-12-02 00:00:00,709458.2
2024-12-02 01:00:00,656966.4
2024-12-02 02:00:00,624240.7
2024-12-02 03:00:00,610699.6
2024-12-02 04:00:00,615166.5
2024-12-02 05:00:00,642125.6
2024-12-02 06:00:00,694482.1
2024-12-02 07:00:00,769301.7
2024-12-02 08:00:00,792437.2
2024-12-02 09:00:00,798368.2
2024-12-02 10:00:00,817903.4
2024-12-02 11:00:00,836689.9
2024-12-02 12:00:00,846445.7
2024-12-02 13:00:00,847739.4
2024-12-02 14:00:00,838730.9
2024-12-02 15:00:00,858890.5
2024-12-02 16:00:00,920381.4
2024-12-02 17:00:00,1001621.8
2024-12-02 18:00:00,1013661.9
2024-12-02 19:00:00,1001357.0
2024-12-02 20:00:00,977105.0
2024-12-02 21:00:00,925371.9
2024-12-02 22:00:00,847707.3
2024-12-02 23:00:00,761866.5
2024-12-03 00:00:00,687089.5
2024-12-03 01:00:00,636306.1
2024-12-03 02:00:00,609774.6
2024-12-03 03:00:00,600112.6
2024-12-03 04:00:00,606233.3
2024-12-03 05:00:00,636392.9
2024-12-03 06:00:00,691822.9
2024-12-03 07:00:00,767162.0
2024-12-03 08:00:00,782809.8
2024-12-03 09:00:00,785716.9
2024-12-03 10:00:00,801493.5
2024-12-03 11:00:00,814996.7
2024-12-03 12:00:00,818210.9
2024-12-03 13:00:00,806519.4
2024-12-03 14:00:00,805017.5
2024-12-03 15:00:00,834036.7
2024-12-03 16:00:00,907114.8
2024-12-03 17:00:00,988151.2
2024-12-03 18:00:00,1004564.8
2024-12-03 19:00:00,996671.3
2024-12-03 20:00:00,973790.2
2024-12-03 21:00:00,929012.2
2024-12-03 22:00:00,851432.9
2024-12-03 23:00:00,766518.9
2024-12-04 00:00:00,693913.1
2024-12-04 01:00:00,646422.6
2024-12-04 02:00:00,617341.4
2024-12-04 03:00:00,605975.6
2024-12-04 04:00:00,610624.0
2024-12-04 05:00:00,638531.3
2024-12-04 06:00:00,691524.5
2024-12-04 07:00:00,768325.7
2024-12-04 08:00:00,806384.6
2024-12-04 09:00:00,836696.2
2024-12-04 10:00:00,871990.4
2024-12-04 11:00:00,898463.8
2024-12-04 12:00:00,915198.0
2024-12-04 13:00:00,914625.8
2024-12-04 14:00:00,908051.2
2024-12-04 15:00:00,927546.0
2024-12-04 16:00:00,982905.4
2024-12-04 17:00:00,1038712.4
2024-12-04 18:00:00,1038400.8
2024-12-04 19:00:00,1028975.2
2024-12-04 20:00:00,1001215.2
2024-12-04 21:00:00,948468.4
2024-12-04 22:00:00,861524.6
2024-12-04 23:00:00,778612.2
2024-12-05 00:00:00,704595.8
2024-12-05 01:00:00,652274.1
2024-12-05 02:00:00,621493.4
2024-12-05 03:00:00,607436.9
2024-12-05 04:00:00,611513.3
2024-12-05 05:00:00,643379.1
2024-12-05 06:00:00,692815.5
2024-12-05 07:00:00,766941.3
2024-12-05 08:00:00,796394.3
2024-12-05 09:00:00,806127.7
2024-12-05 10:00:00,825307.1
2024-12-05 11:00:00,841009.1
2024-12-05 12:00:00,854903.9
2024-12-05 13:00:00,865667.4
2024-12-05 14:00:00,864427.3
2024-12-05 15:00:00,879691.3
2024-12-05 16:00:00,942574.4
2024-12-05 17:00:00,1022525.4
2024-12-05 18:00:00,1036937.4
2024-12-05 19:00:00,1032624.7
2024-12-05 20:00:00,1014381.2
2024-12-05 21:00:00,974186.0
2024-12-05 22:00:00,902641.5
2024-12-05 23:00:00,818977.8
2024-12-06 00:00:00,746782.8
2024-12-06 01:00:00,695995.0
2024-12-06 02:00:00,669430.8
2024-12-06 03:00:00,655491.3
2024-12-06 04:00:00,657658.0
2024-12-06 05:00:00,683772.0
2024-12-06 06:00:00,733000.7
2024-12-06 07:00:00,805007.7
2024-12-06 08:00:00,834380.3
2024-12-06 09:00:00,854873.7
2024-12-06 10:00:00,889155.3
2024-12-06 11:00:00,921476.3
2024-12-06 12:00:00,933679.4
2024-12-06 13:00:00,923542.4
2024-12-06 14:00:00,917185.4
2024-12-06 15:00:00,934744.4
2024-12-06 16:00:00,985313.6
2024-12-06 17:00:00,1042393.6
2024-12-06 18:00:00,1043684.5
2024-12-06 19:00:00,1029108.1
2024-12-06 20:00:00,1010120.4
2024-12-06 21:00:00,972308.5
2024-12-06 22:00:00,904343.6
2024-12-06 23:00:00,836062.0
2024-12-07 00:00:00,764698.0
2024-12-07 01:00:00,711842.7
2024-12-07 02:00:00,683327.8
2024-12-07 03:00:00,678989.4
2024-12-07 04:00:00,651670.5
2024-12-07 05:00:00,656622.3
2024-12-07 06:00:00,678530.4
2024-12-07 07:00:00,728308.9
2024-12-07 08:00:00,802923.2
2024-12-07 09:00:00,873112.4
2024-12-07 10:00:00,925262.6
2024-12-07 11:00:00,962452.0
2024-12-07 12:00:00,985929.1
2024-12-07 13:00:00,986103.8
2024-12-07 14:00:00,980749.3
2024-12-07 15:00:00,982589.0
2024-12-07 16:00:00,1017726.9
2024-12-07 17:00:00,1064656.2
2024-12-07 18:00:00,1052066.9
2024-12-07 19:00:00,1015288.8
2024-12-07 20:00:00,979243.0
2024-12-07 21:00:00,939552.3
2024-12-07 22:00:00,881681.3
2024-12-07 23:00:00,809105.0
2024-12-08 00:00:00,738396.1
2024-12-08 01:00:00,678687.2
2024-12-08 02:00:00,639213.2
2024-12-08 03:00:00,616407.4
2024-12-08 04:00:00,604444.2
2024-12-08 05:00:00,608808.5
2024-12-08 06:00:00,626810.8
2024-12-08 07:00:00,663211.9
2024-12-08 08:00:00,724771.2
2024-12-08 09:00:00,786423.5
2024-12-08 10:00:00,827882.9
2024-12-08 11:00:00,862447.6
2024-12-08 12:00:00,886863.6
2024-12-08 13:00:00,888287.2
2024-12-08 14:00:00,892366.3
2024-12-08 15:00:00,906666.7
2024-12-08 16:00:00,954679.8
2024-12-08 17:00:00,1018982.8
2024-12-08 18:00:00,1021725.3
2024-12-08 19:00:00,994978.5
2024-12-08 20:00:00,961268.5
2024-12-08 21:00:00,912231.5
2024-12-08 22:00:00,830807.1
2024-12-08 23:00:00,745916.5
2024-12-09 00:00:00,667670.1
2024-12-09 01:00:00,612948.2
2024-12-09 02:00:00,585566.0
2024-12-09 03:00:00,575133.8
2024-12-09 04:00:00,580053.6
2024-12-09 05:00:00,609377.8
2024-12-09 06:00:00,665594.9
2024-12-09 07:00:00,743930.8
2024-12-09 08:00:00,792114.1
2024-12-09 09:00:00,824574.6
2024-12-09 10:00:00,861510.2
2024-12-09 11:00:00,889290.0
2024-12-09 12:00:00,904654.6
2024-12-09 13:00:00,896475.5
2024-12-09 14:00:00,889938.2
2024-12-09 15:00:00,901755.4
2024-12-09 16:00:00,951844.1
2024-12-09 17:00:00,1011713.9
2024-12-09 18:00:00,1014820.4
2024-12-09 19:00:00,999034.2
2024-12-09 20:00:00,964852.2
2024-12-09 21:00:00,914421.1
2024-12-09 22:00:00,833451.3
2024-12-09 23:00:00,746853.1
2024-12-10 00:00:00,671078.2
2024-12-10 01:00:00,618481.3
2024-12-10 02:00:00,587664.9
2024-12-10 03:00:00,573627.5
2024-12-10 04:00:00,575835.5
2024-12-10 05:00:00,600554.5
2024-12-10 06:00:00,649321.7
2024-12-10 07:00:00,718231.5
2024-12-10 08:00:00,743945.5
2024-12-10 09:00:00,758885.8
2024-12-10 10:00:00,782945.3
2024-12-10 11:00:00,802296.6
2024-12-10 12:00:00,801629.6
2024-12-10 13:00:00,784104.8
2024-12-10 14:00:00,779530.0
2024-12-10 15:00:00,810125.8
2024-12-10 16:00:00,873954.1
2024-12-10 17:00:00,938127.8
2024-12-10 18:00:00,949746.0
2024-12-10 19:00:00,939174.2
2024-12-10 20:00:00,915768.7
2024-12-10 21:00:00,867461.9
2024-12-10 22:00:00,794743.2
2024-12-10 23:00:00,713795.3
2024-12-11 00:00:00,640492.7
2024-12-11 01:00:00,589829.4
2024-12-11 02:00:00,560154.6
2024-12-11 03:00:00,546855.6
2024-12-11 04:00:00,548384.4
2024-12-11 05:00:00,575122.8
2024-12-11 06:00:00,624054.7
2024-12-11 07:00:00,692898.2
2024-12-11 08:00:00,723472.1
2024-12-11 09:00:00,741991.2
2024-12-11 10:00:00,775676.4
2024-12-11 11:00:00,798189.6
2024-12-11 12:00:00,815142.1
2024-12-11 13:00:00,814221.5
2024-12-11 14:00:00,815980.1
2024-12-11 15:00:00,841284.6
2024-12-11 16:00:00,899824.4
2024-12-11 17:00:00,967167.5
2024-12-11 18:00:00,986669.2
2024-12-11 19:00:00,983501.8
2024-12-11 20:00:00,964612.3
2024-12-11 21:00:00,924072.9
2024-12-11 22:00:00,850198.6
2024-12-11 23:00:00,770292.1
2024-12-12 00:00:00,699429.8
2024-12-12 01:00:00,650538.5
2024-12-12 02:00:00,623544.6
2024-12-12 03:00:00,615442.8
2024-12-12 04:00:00,624449.5
2024-12-12 05:00:00,660846.0
2024-12-12 06:00:00,717148.3
2024-12-12 07:00:00,802271.5
2024-12-12 08:00:00,832534.7
2024-12-12 09:00:00,846603.1
2024-12-12 10:00:00,873089.1
2024-12-12 11:00:00,897117.5
2024-12-12 12:00:00,921240.7
2024-12-12 13:00:00,906401.6
2024-12-12 14:00:00,892761.9
2024-12-12 15:00:00,909639.1
2024-12-12 16:00:00,978335.8
2024-12-12 17:00:00,1057645.0
2024-12-12 18:00:00,1072548.4
2024-12-12 19:00:00,1070627.0
2024-12-12 20:00:00,1055512.8
2024-12-12 21:00:00,1012687.7
2024-12-12 22:00:00,938513.3
2024-12-12 23:00:00,858592.7
2024-12-13 00:00:00,788434.3
2024-12-13 01:00:00,737049.9
2024-12-13 02:00:00,707494.9
2024-12-13 03:00:00,693381.3
2024-12-13 04:00:00,694831.9
2024-12-13 05:00:00,720002.9
2024-12-13 06:00:00,766310.4
2024-12-13 07:00:00,839163.3
2024-12-13 08:00:00,870548.1
2024-12-13 09:00:00,887357.9
2024-12-13 10:00:00,908025.5
2024-12-13 11:00:00,923324.6
2024-12-13 12:00:00,925047.9
2024-12-13 13:00:00,908484.1
2024-12-13 14:00:00,898886.0
2024-12-13 15:00:00,912505.7
2024-12-13 16:00:00,973672.3
2024-12-13 17:00:00,1050590.1
2024-12-13 18:00:00,1061501.9
2024-12-13 19:00:00,1053953.5
2024-12-13 20:00:00,1036342.1
2024-12-13 21:00:00,1001322.9
2024-12-13 22:00:00,937311.8
2024-12-13 23:00:00,872980.5
2024-12-14 00:00:00,807176.1
2024-12-14 01:00:00,752426.0
2024-12-14 02:00:00,717462.6
2024-12-14 03:00:00,699655.9
2024-12-14 04:00:00,692002.9
2024-12-14 05:00:00,700569.4
2024-12-14 06:00:00,726574.1
2024-12-14 07:00:00,778495.9
2024-12-14 08:00:00,844875.5
2024-12-14 09:00:00,897354.9
2024-12-14 10:00:00,937019.7
2024-12-14 11:00:00,966259.3
2024-12-14 12:00:00,979950.6
2024-12-14 13:00:00,972479.2
2024-12-14 14:00:00,962198.7
2024-12-14 15:00:00,960661.8
2024-12-14 16:00:00,999254.1
2024-12-14 17:00:00,1068068.5
2024-12-14 18:00:00,1064063.4
2024-12-14 19:00:00,1036402.5
2024-12-14 20:00:00,1005534.6
2024-12-14 21:00:00,966555.3
2024-12-14 22:00:00,908614.8
2024-12-14 23:00:00,843421.4
2024-12-15 00:00:00,775784.3
2024-12-15 01:00:00,718404.5
2024-12-15 02:00:00,680377.9
2024-12-15 03:00:00,657142.7
2024-12-15 04:00:00,647452.8
2024-12-15 05:00:00,651395.7
2024-12-15 06:00:00,669417.9
2024-12-15 07:00:00,706935.7
2024-12-15 08:00:00,766993.9
2024-12-15 09:00:00,833247.4
2024-12-15 10:00:00,885905.8
2024-12-15 11:00:00,929254.7
2024-12-15 12:00:00,961618.7
2024-12-15 13:00:00,962078.8
2024-12-15 14:00:00,956302.7
2024-12-15 15:00:00,967109.5
2024-12-15 16:00:00,1018903.9
2024-12-15 17:00:00,1074390.2
2024-12-15 18:00:00,1072270.7
2024-12-15 19:00:00,1041246.5
2024-12-15 20:00:00,1007961.4
2024-12-15 21:00:00,957301.5
2024-12-15 22:00:00,870076.7
2024-12-15 23:00:00,781783.6
2024-12-16 00:00:00,699905.7
2024-12-16 01:00:00,641422.0
2024-12-16 02:00:00,608234.6
2024-12-16 03:00:00,591483.9
2024-12-16 04:00:00,592451.8
2024-12-16 05:00:00,617332.3
2024-12-16 06:00:00,663804.4
2024-12-16 07:00:00,734425.8
2024-12-16 08:00:00,770763.5
2024-12-16 09:00:00,793582.8
2024-12-16 10:00:00,825852.3
2024-12-16 11:00:00,854257.1
2024-12-16 12:00:00,863982.6
2024-12-16 13:00:00,840862.5
2024-12-16 14:00:00,835360.2
2024-12-16 15:00:00,851055.0
2024-12-16 16:00:00,914223.7
2024-12-16 17:00:00,982949.4
2024-12-16 18:00:00,991373.3
2024-12-16 19:00:00,975458.6
2024-12-16 20:00:00,949799.6
2024-12-16 21:00:00,897138.9
2024-12-16 22:00:00,815414.6
2024-12-16 23:00:00,732141.4
2024-12-17 00:00:00,652246.5
2024-12-17 01:00:00,599258.0
2024-12-17 02:00:00,569585.6
2024-12-17 03:00:00,558205.8
2024-12-17 04:00:00,560712.6
2024-12-17 05:00:00,587003.6
2024-12-17 06:00:00,637990.9
2024-12-17 07:00:00,712627.3
2024-12-17 08:00:00,744453.4
2024-12-17 09:00:00,764853.2
2024-12-17 10:00:00,792160.3
2024-12-17 11:00:00,820500.5
2024-12-17 12:00:00,835016.3
2024-12-17 13:00:00,823518.3
2024-12-17 14:00:00,824115.5
2024-12-17 15:00:00,844775.6
2024-12-17 16:00:00,906692.9
2024-12-17 17:00:00,968697.7
2024-12-17 18:00:00,978259.3
2024-12-17 19:00:00,969228.9
2024-12-17 20:00:00,946440.0
2024-12-17 21:00:00,903646.8
2024-12-17 22:00:00,827256.3
2024-12-17 23:00:00,750353.3
2024-12-18 00:00:00,676538.6
2024-12-18 01:00:00,619686.2
2024-12-18 02:00:00,588741.7
2024-12-18 03:00:00,572794.4
2024-12-18 04:00:00,575256.8
2024-12-18 05:00:00,600751.8
2024-12-18 06:00:00,650242.3
2024-12-18 07:00:00,720800.6
2024-12-18 08:00:00,760146.1
2024-12-18 09:00:00,789899.5
2024-12-18 10:00:00,815346.9
2024-12-18 11:00:00,838321.0
2024-12-18 12:00:00,851604.3
2024-12-18 13:00:00,849339.7
2024-12-18 14:00:00,851751.0
2024-12-18 15:00:00,864166.5
2024-12-18 16:00:00,916164.4
2024-12-18 17:00:00,978633.0
2024-12-18 18:00:00,991934.5
2024-12-18 19:00:00,983751.5
2024-12-18 20:00:00,966060.5
2024-12-18 21:00:00,924798.3
2024-12-18 22:00:00,853693.7
2024-12-18 23:00:00,779118.6
2024-12-19 00:00:00,704271.1
2024-12-19 01:00:00,648531.9
2024-12-19 02:00:00,621198.9
2024-12-19 03:00:00,607822.7
2024-12-19 04:00:00,609446.4
2024-12-19 05:00:00,635486.1
2024-12-19 06:00:00,686740.0
2024-12-19 07:00:00,761699.6
2024-12-19 08:00:00,790213.5
2024-12-19 09:00:00,803390.1
2024-12-19 10:00:00,828649.8
2024-12-19 11:00:00,860615.9
2024-12-19 12:00:00,870533.6
2024-12-19 13:00:00,857434.4
2024-12-19 14:00:00,858251.7
2024-12-19 15:00:00,875405.3
2024-12-19 16:00:00,939031.1
2024-12-19 17:00:00,1011295.7
2024-12-19 18:00:00,1025134.3
2024-12-19 19:00:00,1020844.1
2024-12-19 20:00:00,1005825.0
2024-12-19 21:00:00,967753.9
2024-12-19 22:00:00,895305.4
2024-12-19 23:00:00,821587.2
2024-12-20 00:00:00,746273.5
2024-12-20 01:00:00,695820.9
2024-12-20 02:00:00,674140.6
2024-12-20 03:00:00,655006.8
2024-12-20 04:00:00,660860.6
2024-12-20 05:00:00,674504.0
2024-12-20 06:00:00,718803.3
2024-12-20 07:00:00,790145.8
2024-12-20 08:00:00,836950.1
2024-12-20 09:00:00,870330.6
2024-12-20 10:00:00,901705.4
2024-12-20 11:00:00,923751.5
2024-12-20 12:00:00,934028.8
2024-12-20 13:00:00,924900.9
2024-12-20 14:00:00,922971.7
2024-12-20 15:00:00,941857.9
2024-12-20 16:00:00,996052.5
2024-12-20 17:00:00,1053644.6
2024-12-20 18:00:00,1055808.1
2024-12-20 19:00:00,1047119.7
2024-12-20 20:00:00,1029408.4
2024-12-20 21:00:00,993956.1
2024-12-20 22:00:00,931304.5
2024-12-20 23:00:00,863048.1
2024-12-21 00:00:00,792607.9
2024-12-21 01:00:00,739461.8
2024-12-21 02:00:00,702675.6
2024-12-21 03:00:00,683198.3
2024-12-21 04:00:00,680855.0
2024-12-21 05:00:00,693714.8
2024-12-21 06:00:00,721535.7
2024-12-21 07:00:00,777754.7
2024-12-21 08:00:00,849738.0
2024-12-21 09:00:00,910743.3
2024-12-21 10:00:00,962671.7
2024-12-21 11:00:00,1001055.4
2024-12-21 12:00:00,1016375.6
2024-12-21 13:00:00,1011472.6
2024-12-21 14:00:00,1003750.1
2024-12-21 15:00:00,1014018.8
2024-12-21 16:00:00,1060290.9
2024-12-21 17:00:00,1135530.1
2024-12-21 18:00:00,1136078.7
2024-12-21 19:00:00,1110078.9
2024-12-21 20:00:00,1079783.5
2024-12-21 21:00:00,1045737.5
2024-12-21 22:00:00,992390.3
2024-12-21 23:00:00,929809.4
2024-12-22 00:00:00,870981.9
2024-12-22 01:00:00,816257.7
2024-12-22 02:00:00,780149.8
2024-12-22 03:00:00,758814.9
2024-12-22 04:00:00,751366.2
2024-12-22 05:00:00,757086.1
2024-12-22 06:00:00,779991.8
2024-12-22 07:00:00,825720.8
2024-12-22 08:00:00,893892.7
2024-12-22 09:00:00,952343.6
2024-12-22 10:00:00,994166.5
2024-12-22 11:00:00,1024812.2
2024-12-22 12:00:00,1038682.5
2024-12-22 13:00:00,1030489.4
2024-12-22 14:00:00,1022456.5
2024-12-22 15:00:00,1029249.3
2024-12-22 16:00:00,1079557.3
2024-12-22 17:00:00,1161973.7
2024-12-22 18:00:00,1172390.0
2024-12-22 19:00:00,1150348.9
2024-12-22 20:00:00,1119761.9
2024-12-22 21:00:00,1074233.6
2024-12-22 22:00:00,1001910.2
2024-12-22 23:00:00,921420.2
2024-12-23 00:00:00,837470.9
2024-12-23 01:00:00,775463.2
2024-12-23 02:00:00,733899.4
2024-12-23 03:00:00,709504.8
2024-12-23 04:00:00,701593.9
2024-12-23 05:00:00,715675.4
2024-12-23 06:00:00,743323.4
2024-12-23 07:00:00,790662.7
2024-12-23 08:00:00,849113.6
2024-12-23 09:00:00,901828.5
2024-12-23 10:00:00,943215.3
2024-12-23 11:00:00,982043.9
2024-12-23 12:00:00,1004632.2
2024-12-23 13:00:00,999912.5
2024-12-23 14:00:00,990350.9
2024-12-23 15:00:00,991090.1
2024-12-23 16:00:00,1027232.3
2024-12-23 17:00:00,1084962.9
2024-12-23 18:00:00,1088596.4
2024-12-23 19:00:00,1075139.0
2024-12-23 20:00:00,1048052.3
2024-12-23 21:00:00,1004604.4
2024-12-23 22:00:00,937382.0
2024-12-23 23:00:00,854983.1
2024-12-24 00:00:00,777255.0
2024-12-24 01:00:00,713069.3
2024-12-24 02:00:00,670508.1
2024-12-24 03:00:00,646824.6
2024-12-24 04:00:00,640809.9
2024-12-24 05:00:00,653486.7
2024-12-24 06:00:00,682827.3
2024-12-24 07:00:00,727936.6
2024-12-24 08:00:00,790025.8
2024-12-24 09:00:00,850370.3
2024-12-24 10:00:00,900868.0
2024-12-24 11:00:00,938576.7
2024-12-24 12:00:00,952796.8
2024-12-24 13:00:00,954133.4
2024-12-24 14:00:00,956184.9
2024-12-24 15:00:00,965373.7
2024-12-24 16:00:00,1000147.3
2024-12-24 17:00:00,1038530.9
2024-12-24 18:00:00,1016943.0
2024-12-24 19:00:00,976229.3
2024-12-24 20:00:00,942030.7
2024-12-24 21:00:00,909280.7
2024-12-24 22:00:00,862270.9
2024-12-24 23:00:00,806274.0
2024-12-25 00:00:00,749978.7
2024-12-25 01:00:00,698727.9
2024-12-25 02:00:00,661862.4
2024-12-25 03:00:00,638998.4
2024-12-25 04:00:00,630276.6
2024-12-25 05:00:00,637916.1
2024-12-25 06:00:00,656741.4
2024-12-25 07:00:00,693296.0
2024-12-25 08:00:00,758198.7
2024-12-25 09:00:00,825565.3
2024-12-25 10:00:00,882053.7
2024-12-25 11:00:00,925678.0
2024-12-25 12:00:00,952604.6
2024-12-25 13:00:00,951236.0
2024-12-25 14:00:00,947196.9
2024-12-25 15:00:00,949137.8
2024-12-25 16:00:00,965878.4
2024-12-25 17:00:00,981876.4
2024-12-25 18:00:00,948629.3
2024-12-25 19:00:00,917026.6
2024-12-25 20:00:00,895399.4
2024-12-25 21:00:00,874248.5
2024-12-25 22:00:00,839214.9
2024-12-25 23:00:00,785620.4
2024-12-26 00:00:00,729951.7
2024-12-26 01:00:00,680332.4
2024-12-26 02:00:00,646099.6
2024-12-26 03:00:00,626071.1
2024-12-26 04:00:00,618788.4
2024-12-26 05:00:00,626387.8
2024-12-26 06:00:00,644168.7
2024-12-26 07:00:00,671662.9
2024-12-26 08:00:00,717727.4
2024-12-26 09:00:00,775549.4
2024-12-26 10:00:00,825567.5
2024-12-26 11:00:00,861337.2
2024-12-26 12:00:00,882025.0
2024-12-26 13:00:00,880647.1
2024-12-26 14:00:00,877233.0
2024-12-26 15:00:00,882387.1
2024-12-26 16:00:00,917165.1
2024-12-26 17:00:00,973998.1
2024-12-26 18:00:00,976928.1
2024-12-26 19:00:00,961670.2
2024-12-26 20:00:00,939230.8
2024-12-26 21:00:00,906712.2
2024-12-26 22:00:00,853630.9
2024-12-26 23:00:00,784899.9
2024-12-27 00:00:00,717351.9
2024-12-27 01:00:00,666924.2
2024-12-27 02:00:00,632200.2
2024-12-27 03:00:00,612194.2
2024-12-27 04:00:00,607722.1
2024-12-27 05:00:00,622834.9
2024-12-27 06:00:00,648977.7
2024-12-27 07:00:00,686618.7
2024-12-27 08:00:00,736966.8
2024-12-27 09:00:00,786312.5
2024-12-27 10:00:00,836278.5
2024-12-27 11:00:00,870909.8
2024-12-27 12:00:00,883140.8
2024-12-27 13:00:00,882272.0
2024-12-27 14:00:00,885272.0
2024-12-27 15:00:00,894186.5
2024-12-27 16:00:00,930250.7
2024-12-27 17:00:00,986288.8
2024-12-27 18:00:00,988297.1
2024-12-27 19:00:00,972219.3
2024-12-27 20:00:00,952182.3
2024-12-27 21:00:00,918037.2
2024-12-27 22:00:00,862789.6
2024-12-27 23:00:00,797173.8
2024-12-28 00:00:00,723201.9
2024-12-28 01:00:00,671653.7
2024-12-28 02:00:00,636648.4
2024-12-28 03:00:00,611624.4
2024-12-28 04:00:00,599851.8
2024-12-28 05:00:00,606317.5
2024-12-28 06:00:00,624762.3
2024-12-28 07:00:00,656335.4
2024-12-28 08:00:00,713996.0
2024-12-28 09:00:00,780009.4
2024-12-28 10:00:00,837817.9
2024-12-28 11:00:00,868391.0
2024-12-28 12:00:00,873570.9
2024-12-28 13:00:00,863608.0
2024-12-28 14:00:00,861835.5
2024-12-28 15:00:00,863193.9
2024-12-28 16:00:00,884626.7
2024-12-28 17:00:00,942027.7
2024-12-28 18:00:00,945390.9
2024-12-28 19:00:00,915792.3
2024-12-28 20:00:00,888165.7
2024-12-28 21:00:00,853964.0
2024-12-28 22:00:00,803688.5
2024-12-28 23:00:00,742138.5
2024-12-29 00:00:00,681516.1
2024-12-29 01:00:00,630462.2
2024-12-29 02:00:00,594277.2
2024-12-29 03:00:00,571269.7
2024-12-29 04:00:00,562575.1
2024-12-29 05:00:00,567744.6
2024-12-29 06:00:00,585318.9
2024-12-29 07:00:00,614550.8
2024-12-29 08:00:00,667337.9
2024-12-29 09:00:00,727702.3
2024-12-29 10:00:00,791379.3
2024-12-29 11:00:00,844927.6
2024-12-29 12:00:00,888373.8
2024-12-29 13:00:00,902409.9
2024-12-29 14:00:00,906773.8
2024-12-29 15:00:00,910698.8
2024-12-29 16:00:00,935883.7
2024-12-29 17:00:00,976092.6
2024-12-29 18:00:00,962769.2
2024-12-29 19:00:00,927119.5
2024-12-29 20:00:00,889230.4
2024-12-29 21:00:00,848711.1
2024-12-29 22:00:00,783806.7
2024-12-29 23:00:00,712869.1
2024-12-30 00:00:00,646114.2
2024-12-30 01:00:00,596122.1
2024-12-30 02:00:00,564587.8
2024-12-30 03:00:00,547760.1
2024-12-30 04:00:00,549254.8
2024-12-30 05:00:00,570368.6
2024-12-30 06:00:00,602155.7
2024-12-30 07:00:00,643317.2
2024-12-30 08:00:00,702108.1
2024-12-30 09:00:00,760194.2
2024-12-30 10:00:00,810344.3
2024-12-30 11:00:00,841691.3
2024-12-30 12:00:00,861065.7
2024-12-30 13:00:00,858361.0
2024-12-30 14:00:00,854452.8
2024-12-30 15:00:00,860351.2
2024-12-30 16:00:00,896021.1
2024-12-30 17:00:00,957562.8
2024-12-30 18:00:00,964773.4
2024-12-30 19:00:00,951980.4
2024-12-30 20:00:00,931254.5
2024-12-30 21:00:00,892517.6
2024-12-30 22:00:00,831931.0
2024-12-30 23:00:00,760281.2
2024-12-31 00:00:00,692386.6
2024-12-31 01:00:00,637099.6
2024-12-31 02:00:00,600929.7
2024-12-31 03:00:00,580337.1
2024-12-31 04:00:00,577414.9
2024-12-31 05:00:00,592473.1
2024-12-31 06:00:00,622701.3
2024-12-31 07:00:00,664448.6
2024-12-31 08:00:00,716681.4
2024-12-31 09:00:00,760777.5
2024-12-31 10:00:00,803261.5
2024-12-31 11:00:00,845973.5
2024-12-31 12:00:00,873145.3
2024-12-31 13:00:00,870703.9
2024-12-31 14:00:00,874375.1
2024-12-31 15:00:00,891336.6
2024-12-31 16:00:00,940828.0
2024-12-31 17:00:00,990977.5
2024-12-31 18:00:00,982097.6
2024-12-31 19:00:00,944687.9
2024-12-31 20:00:00,896996.8
2024-12-31 21:00:00,850828.9
2024-12-31 22:00:00,797801.7
2024-12-31 23:00:00,748680.6
2025-01-01 00:00:00,700657.5
2025-01-01 01:00:00,665833.5
2025-01-01 02:00:00,634830.4
2025-01-01 03:00:00,609885.3
2025-01-01 04:00:00,593494.3
2025-01-01 05:00:00,595100.9
2025-01-01 06:00:00,605474.6
2025-01-01 07:00:00,619618.1
2025-01-01 08:00:00,652784.2
2025-01-01 09:00:00,700050.5
2025-01-01 10:00:00,754603.8
2025-01-01 11:00:00,808912.5
2025-01-01 12:00:00,841690.4
2025-01-01 13:00:00,852030.7
2025-01-01 14:00:00,847696.4
2025-01-01 15:00:00,852448.5
2025-01-01 16:00:00,883694.7
2025-01-01 17:00:00,956410.4
2025-01-01 18:00:00,963445.2
2025-01-01 19:00:00,941491.4
2025-01-01 20:00:00,916978.9
2025-01-01 21:00:00,880940.9
2025-01-01 22:00:00,822892.6
2025-01-01 23:00:00,756224.4
2025-01-02 00:00:00,691209.3
2025-01-02 01:00:00,641887.4
2025-01-02 02:00:00,611281.2
2025-01-02 03:00:00,598076.4
2025-01-02 04:00:00,596574.9
2025-01-02 05:00:00,613678.1
2025-01-02 06:00:00,644694.0
2025-01-02 07:00:00,690155.4
2025-01-02 08:00:00,739464.1
2025-01-02 09:00:00,783150.3
2025-01-02 10:00:00,822627.6
2025-01-02 11:00:00,865470.3
2025-01-02 12:00:00,891892.4
2025-01-02 13:00:00,877634.6
2025-01-02 14:00:00,867813.4
2025-01-02 15:00:00,877231.2
2025-01-02 16:00:00,927451.5
2025-01-02 17:00:00,1016871.6
2025-01-02 18:00:00,1039213.3
2025-01-02 19:00:00,1026009.2
2025-01-02 20:00:00,1002353.7
2025-01-02 21:00:00,962483.7
2025-01-02 22:00:00,894839.2
2025-01-02 23:00:00,819384.7
2025-01-03 00:00:00,747587.5
2025-01-03 01:00:00,698301.2
2025-01-03 02:00:00,665292.0
2025-01-03 03:00:00,644872.7
2025-01-03 04:00:00,642481.9
2025-01-03 05:00:00,660533.4
2025-01-03 06:00:00,688633.1
2025-01-03 07:00:00,731279.6
2025-01-03 08:00:00,783243.4
2025-01-03 09:00:00,822855.0
2025-01-03 10:00:00,853538.8
2025-01-03 11:00:00,885634.5
2025-01-03 12:00:00,915229.9
2025-01-03 13:00:00,906508.5
2025-01-03 14:00:00,898386.4
2025-01-03 15:00:00,906634.9
2025-01-03 16:00:00,956117.1
2025-01-03 17:00:00,1038466.2
2025-01-03 18:00:00,1053912.8
2025-01-03 19:00:00,1042227.6
2025-01-03 20:00:00,1022458.3
2025-01-03 21:00:00,979890.6
2025-01-03 22:00:00,921119.0
2025-01-03 23:00:00,854740.2
2025-01-04 00:00:00,787535.1
2025-01-04 01:00:00,736407.0
2025-01-04 02:00:00,700439.2
2025-01-04 03:00:00,680021.3
2025-01-04 04:00:00,674735.1
2025-01-04 05:00:00,682484.8
2025-01-04 06:00:00,701209.2
2025-01-04 07:00:00,737648.3
2025-01-04 08:00:00,800512.1
2025-01-04 09:00:00,864351.7
2025-01-04 10:00:00,919962.8
2025-01-04 11:00:00,976113.1
2025-01-04 12:00:00,1004535.5
2025-01-04 13:00:00,1009690.2
2025-01-04 14:00:00,1005866.5
2025-01-04 15:00:00,1006484.9
2025-01-04 16:00:00,1034875.5
2025-01-04 17:00:00,1106847.1
2025-01-04 18:00:00,1113925.3
2025-01-04 19:00:00,1082606.1
2025-01-04 20:00:00,1045925.5
2025-01-04 21:00:00,1005342.2
2025-01-04 22:00:00,947530.7
2025-01-04 23:00:00,878546.2
2025-01-05 00:00:00,808011.3
2025-01-05 01:00:00,750048.1
2025-01-05 02:00:00,711309.9
2025-01-05 03:00:00,688072.9
2025-01-05 04:00:00,679213.9
2025-01-05 05:00:00,685038.5
2025-01-05 06:00:00,702775.9
2025-01-05 07:00:00,737048.3
2025-01-05 08:00:00,789659.6
2025-01-05 09:00:00,855246.7
2025-01-05 10:00:00,924183.2
2025-01-05 11:00:00,979849.6
2025-01-05 12:00:00,1004995.7
2025-01-05 13:00:00,998032.9
2025-01-05 14:00:00,1002398.0
2025-01-05 15:00:00,1016075.5
2025-01-05 16:00:00,1059613.2
2025-01-05 17:00:00,1130757.5
2025-01-05 18:00:00,1133634.4
2025-01-05 19:00:00,1101305.7
2025-01-05 20:00:00,1060488.7
2025-01-05 21:00:00,1003970.4
2025-01-05 22:00:00,920319.7
2025-01-05 23:00:00,829388.9
2025-01-06 00:00:00,751678.4
2025-01-06 01:00:00,698802.6
2025-01-06 02:00:00,669270.3
2025-01-06 03:00:00,657235.4
2025-01-06 04:00:00,662303.8
2025-01-06 05:00:00,691508.1
2025-01-06 06:00:00,742727.3
2025-01-06 07:00:00,824077.9
2025-01-06 08:00:00,865339.1
2025-01-06 09:00:00,895525.8
2025-01-06 10:00:00,927675.2
2025-01-06 11:00:00,960709.7
2025-01-06 12:00:00,969039.4
2025-01-06 13:00:00,965742.3
2025-01-06 14:00:00,947917.3
2025-01-06 15:00:00,957734.3
2025-01-06 16:00:00,1018642.2
2025-01-06 17:00:00,1116742.6
2025-01-06 18:00:00,1145131.0
2025-01-06 19:00:00,1130999.8
2025-01-06 20:00:00,1102932.6
2025-01-06 21:00:00,1047641.7
2025-01-06 22:00:00,964384.2
2025-01-06 23:00:00,876591.3
2025-01-07 00:00:00,802502.1
2025-01-07 01:00:00,749681.1
2025-01-07 02:00:00,716413.6
2025-01-07 03:00:00,703441.3
2025-01-07 04:00:00,705099.6
2025-01-07 05:00:00,731569.6
2025-01-07 06:00:00,783296.9
2025-01-07 07:00:00,861705.9
2025-01-07 08:00:00,886169.2
2025-01-07 09:00:00,894539.4
2025-01-07 10:00:00,915670.6
2025-01-07 11:00:00,935555.6
2025-01-07 12:00:00,946579.8
2025-01-07 13:00:00,940761.9
2025-01-07 14:00:00,945853.8
2025-01-07 15:00:00,966445.2
2025-01-07 16:00:00,1024561.2
2025-01-07 17:00:00,1106985.6
2025-01-07 18:00:00,1131291.6
2025-01-07 19:00:00,1122731.3
2025-01-07 20:00:00,1095931.7
2025-01-07 21:00:00,1041445.2
2025-01-07 22:00:00,960913.4
2025-01-07 23:00:00,873232.2
2025-01-08 00:00:00,798699.1
2025-01-08 01:00:00,749927.5
2025-01-08 02:00:00,721907.0
2025-01-08 03:00:00,709401.2
2025-01-08 04:00:00,714962.6
2025-01-08 05:00:00,746119.6
2025-01-08 06:00:00,803016.8
2025-01-08 07:00:00,881777.1
2025-01-08 08:00:00,909685.6
2025-01-08 09:00:00,922183.4
2025-01-08 10:00:00,939594.1
2025-01-08 11:00:00,959435.9
2025-01-08 12:00:00,967336.3
2025-01-08 13:00:00,956795.1
2025-01-08 14:00:00,952843.8
2025-01-08 15:00:00,973961.1
2025-01-08 16:00:00,1037024.7
2025-01-08 17:00:00,1127620.0
2025-01-08 18:00:00,1152305.9
2025-01-08 19:00:00,1145423.7
2025-01-08 20:00:00,1118550.5
2025-01-08 21:00:00,1067630.2
2025-01-08 22:00:00,982422.0
2025-01-08 23:00:00,892165.8
2025-01-09 00:00:00,821063.7
2025-01-09 01:00:00,770135.7
2025-01-09 02:00:00,743811.0
2025-01-09 03:00:00,732462.7
2025-01-09 04:00:00,737650.9
2025-01-09 05:00:00,761389.5
2025-01-09 06:00:00,816204.9
2025-01-09 07:00:00,893825.3
2025-01-09 08:00:00,921280.0
2025-01-09 09:00:00,929861.5
2025-01-09 10:00:00,957000.6
2025-01-09 11:00:00,975900.9
2025-01-09 12:00:00,976219.5
2025-01-09 13:00:00,957218.0
2025-01-09 14:00:00,942899.4
2025-01-09 15:00:00,955698.0
2025-01-09 16:00:00,1013832.8
2025-01-09 17:00:00,1106018.3
2025-01-09 18:00:00,1136412.2
2025-01-09 19:00:00,1130319.2
2025-01-09 20:00:00,1109585.5
2025-01-09 21:00:00,1062558.7
2025-01-09 22:00:00,982226.9
2025-01-09 23:00:00,896569.2
2025-01-10 00:00:00,821585.6
2025-01-10 01:00:00,768801.4
2025-01-10 02:00:00,736328.6
2025-01-10 03:00:00,722337.1
2025-01-10 04:00:00,721523.7
2025-01-10 05:00:00,746066.8
2025-01-10 06:00:00,793094.4
2025-01-10 07:00:00,869411.4
2025-01-10 08:00:00,908249.8
2025-01-10 09:00:00,932452.2
2025-01-10 10:00:00,955831.2
2025-01-10 11:00:00,966836.0
2025-01-10 12:00:00,977026.3
2025-01-10 13:00:00,966524.0
2025-01-10 14:00:00,967356.6
2025-01-10 15:00:00,983492.1
2025-01-10 16:00:00,1026066.3
2025-01-10 17:00:00,1077818.8
2025-01-10 18:00:00,1085734.2
2025-01-10 19:00:00,1075895.9
2025-01-10 20:00:00,1054908.6
2025-01-10 21:00:00,1016558.3
2025-01-10 22:00:00,953150.1
2025-01-10 23:00:00,878887.9
2025-01-11 00:00:00,808422.3
2025-01-11 01:00:00,748612.3
2025-01-11 02:00:00,712034.7
2025-01-11 03:00:00,689365.0
2025-01-11 04:00:00,679814.6
2025-01-11 05:00:00,687560.1
2025-01-11 06:00:00,712061.6
2025-01-11 07:00:00,755464.9
2025-01-11 08:00:00,824397.0
2025-01-11 09:00:00,882822.5
2025-01-11 10:00:00,932832.2
2025-01-11 11:00:00,966585.9
2025-01-11 12:00:00,977573.6
2025-01-11 13:00:00,969604.0
2025-01-11 14:00:00,974469.9
2025-01-11 15:00:00,978676.9
2025-01-11 16:00:00,1002829.3
2025-01-11 17:00:00,1067695.0
2025-01-11 18:00:00,1076254.2
2025-01-11 19:00:00,1045864.3
2025-01-11 20:00:00,1009569.4
2025-01-11 21:00:00,966422.6
2025-01-11 22:00:00,901424.2
2025-01-11 23:00:00,829486.0
2025-01-12 00:00:00,761552.3
2025-01-12 01:00:00,708869.0
2025-01-12 02:00:00,672907.0
2025-01-12 03:00:00,649590.8
2025-01-12 04:00:00,638561.8
2025-01-12 05:00:00,644756.3
2025-01-12 06:00:00,663976.7
2025-01-12 07:00:00,702810.9
2025-01-12 08:00:00,764924.7
2025-01-12 09:00:00,830596.6
2025-01-12 10:00:00,880653.4
2025-01-12 11:00:00,914683.5
2025-01-12 12:00:00,940674.9
2025-01-12 13:00:00,954062.8
2025-01-12 14:00:00,951453.2
2025-01-12 15:00:00,966317.5
2025-01-12 16:00:00,1010247.1
2025-01-12 17:00:00,1092047.9
2025-01-12 18:00:00,1110860.3
2025-01-12 19:00:00,1079565.4
2025-01-12 20:00:00,1039838.1
2025-01-12 21:00:00,985163.5
2025-01-12 22:00:00,906192.2
2025-01-12 23:00:00,810034.3
2025-01-13 00:00:00,728713.8
2025-01-13 01:00:00,673322.5
2025-01-13 02:00:00,637719.2
2025-01-13 03:00:00,620250.5
2025-01-13 04:00:00,619885.2
2025-01-13 05:00:00,649100.2
2025-01-13 06:00:00,701639.1
2025-01-13 07:00:00,781865.2
2025-01-13 08:00:00,819965.4
2025-01-13 09:00:00,843804.3
2025-01-13 10:00:00,869882.5
2025-01-13 11:00:00,906660.8
2025-01-13 12:00:00,933449.3
2025-01-13 13:00:00,927627.3
2025-01-13 14:00:00,921615.2
2025-01-13 15:00:00,938962.1
2025-01-13 16:00:00,994328.6
2025-01-13 17:00:00,1066222.9
2025-01-13 18:00:00,1083013.8
2025-01-13 19:00:00,1071286.3
2025-01-13 20:00:00,1048931.1
2025-01-13 21:00:00,999162.5
2025-01-13 22:00:00,918698.5
2025-01-13 23:00:00,840423.3
2025-01-14 00:00:00,774516.1
2025-01-14 01:00:00,727078.9
2025-01-14 02:00:00,699410.1
2025-01-14 03:00:00,686203.4
2025-01-14 04:00:00,692233.0
2025-01-14 05:00:00,720848.3
2025-01-14 06:00:00,776150.2
2025-01-14 07:00:00,855698.5
2025-01-14 08:00:00,883229.3
2025-01-14 09:00:00,901793.5
2025-01-14 10:00:00,916805.6
2025-01-14 11:00:00,927604.2
2025-01-14 12:00:00,934198.4
2025-01-14 13:00:00,919658.0
2025-01-14 14:00:00,912181.1
2025-01-14 15:00:00,926969.3
2025-01-14 16:00:00,985119.6
2025-01-14 17:00:00,1084524.0
2025-01-14 18:00:00,1122135.4
2025-01-14 19:00:00,1117922.0
2025-01-14 20:00:00,1094327.0
2025-01-14 21:00:00,1041894.8
2025-01-14 22:00:00,961177.0
2025-01-14 23:00:00,874444.4
2025-01-15 00:00:00,797866.6
2025-01-15 01:00:00,746765.7
2025-01-15 02:00:00,719450.8
2025-01-15 03:00:00,706727.3
2025-01-15 04:00:00,709927.2
2025-01-15 05:00:00,737577.2
2025-01-15 06:00:00,788686.2
2025-01-15 07:00:00,866032.7
2025-01-15 08:00:00,887908.5
2025-01-15 09:00:00,903403.3
2025-01-15 10:00:00,931021.9
2025-01-15 11:00:00,954933.5
2025-01-15 12:00:00,960244.0
2025-01-15 13:00:00,947595.7
2025-01-15 14:00:00,950796.2
2025-01-15 15:00:00,973216.3
2025-01-15 16:00:00,1021070.9
2025-01-15 17:00:00,1092397.9
2025-01-15 18:00:00,1117238.9
2025-01-15 19:00:00,1109418.9
2025-01-15 20:00:00,1086106.8
2025-01-15 21:00:00,1039330.6
2025-01-15 22:00:00,958506.3
2025-01-15 23:00:00,869809.2
2025-01-16 00:00:00,795233.0
2025-01-16 01:00:00,744472.1
2025-01-16 02:00:00,713432.4
2025-01-16 03:00:00,698319.0
2025-01-16 04:00:00,697787.5
2025-01-16 05:00:00,720667.3
2025-01-16 06:00:00,771630.6
2025-01-16 07:00:00,851621.4
2025-01-16 08:00:00,880664.0
2025-01-16 09:00:00,899628.0
2025-01-16 10:00:00,924022.9
2025-01-16 11:00:00,938734.0
2025-01-16 12:00:00,942112.0
2025-01-16 13:00:00,944717.4
2025-01-16 14:00:00,938719.6
2025-01-16 15:00:00,949445.1
2025-01-16 16:00:00,998230.8
2025-01-16 17:00:00,1070051.8
2025-01-16 18:00:00,1093566.6
2025-01-16 19:00:00,1086007.3
2025-01-16 20:00:00,1062850.4
2025-01-16 21:00:00,1014354.0
2025-01-16 22:00:00,933087.9
2025-01-16 23:00:00,849661.2
2025-01-17 00:00:00,774259.9
2025-01-17 01:00:00,717250.9
2025-01-17 02:00:00,682359.4
2025-01-17 03:00:00,665024.6
2025-01-17 04:00:00,663004.0
2025-01-17 05:00:00,684708.6
2025-01-17 06:00:00,726651.7
2025-01-17 07:00:00,791696.8
2025-01-17 08:00:00,836976.5
2025-01-17 09:00:00,872184.2
2025-01-17 10:00:00,904183.9
2025-01-17 11:00:00,914384.1
2025-01-17 12:00:00,909967.6
2025-01-17 13:00:00,892366.6
2025-01-17 14:00:00,880744.0
2025-01-17 15:00:00,903774.0
2025-01-17 16:00:00,935479.0
2025-01-17 17:00:00,1005436.7
2025-01-17 18:00:00,1023706.4
2025-01-17 19:00:00,1008091.7
2025-01-17 20:00:00,982539.0
2025-01-17 21:00:00,943939.8
2025-01-17 22:00:00,878413.9
2025-01-17 23:00:00,807594.2
2025-01-18 00:00:00,739969.8
2025-01-18 01:00:00,685858.9
2025-01-18 02:00:00,647527.9
2025-01-18 03:00:00,622296.7
2025-01-18 04:00:00,614491.7
2025-01-18 05:00:00,623533.3
2025-01-18 06:00:00,646064.6
2025-01-18 07:00:00,692026.3
2025-01-18 08:00:00,760807.0
2025-01-18 09:00:00,841014.9
2025-01-18 10:00:00,903174.2
2025-01-18 11:00:00,946252.3
2025-01-18 12:00:00,969373.6
2025-01-18 13:00:00,977534.8
2025-01-18 14:00:00,978460.5
2025-01-18 15:00:00,983335.1
2025-01-18 16:00:00,998131.6
2025-01-18 17:00:00,1056442.5
2025-01-18 18:00:00,1074998.6
2025-01-18 19:00:00,1048300.7
2025-01-18 20:00:00,1013017.0
2025-01-18 21:00:00,973808.7
2025-01-18 22:00:00,916053.1
2025-01-18 23:00:00,851394.1
2025-01-19 00:00:00,790593.4
2025-01-19 01:00:00,737022.9
2025-01-19 02:00:00,701901.1
2025-01-19 03:00:00,679669.8
2025-01-19 04:00:00,670583.0
2025-01-19 05:00:00,678971.7
2025-01-19 06:00:00,701851.5
2025-01-19 07:00:00,745127.8
2025-01-19 08:00:00,811556.0
2025-01-19 09:00:00,889767.2
2025-01-19 10:00:00,952740.5
2025-01-19 11:00:00,1002904.8
2025-01-19 12:00:00,1025513.2
2025-01-19 13:00:00,1024868.2
2025-01-19 14:00:00,1024472.6
2025-01-19 15:00:00,1028521.5
2025-01-19 16:00:00,1063428.2
2025-01-19 17:00:00,1144480.8
2025-01-19 18:00:00,1165962.4
2025-01-19 19:00:00,1139721.0
2025-01-19 20:00:00,1106012.9
2025-01-19 21:00:00,1049665.3
2025-01-19 22:00:00,971625.4
2025-01-19 23:00:00,883402.0
2025-01-20 00:00:00,808720.3
2025-01-20 01:00:00,756396.6
2025-01-20 02:00:00,728297.7
2025-01-20 03:00:00,715151.4
2025-01-20 04:00:00,717447.4
2025-01-20 05:00:00,746271.6
2025-01-20 06:00:00,800853.6
2025-01-20 07:00:00,881604.5
2025-01-20 08:00:00,917633.9
2025-01-20 09:00:00,946204.0
2025-01-20 10:00:00,978391.0
2025-01-20 11:00:00,998755.0
2025-01-20 12:00:00,1012829.7
2025-01-20 13:00:00,1007834.9
2025-01-20 14:00:00,992720.4
2025-01-20 15:00:00,1004422.3
2025-01-20 16:00:00,1062218.4
2025-01-20 17:00:00,1164450.2
2025-01-20 18:00:00,1206217.5
2025-01-20 19:00:00,1200156.9
2025-01-20 20:00:00,1166847.8
2025-01-20 21:00:00,1117987.0
2025-01-20 22:00:00,1036668.9
2025-01-20 23:00:00,950452.6
2025-01-21 00:00:00,873997.9
2025-01-21 01:00:00,824945.1
2025-01-21 02:00:00,794850.3
2025-01-21 03:00:00,779763.7
2025-01-21 04:00:00,783591.7
2025-01-21 05:00:00,809968.2
2025-01-21 06:00:00,861856.3
2025-01-21 07:00:00,944303.9
2025-01-21 08:00:00,972525.9
2025-01-21 09:00:00,974748.8
2025-01-21 10:00:00,1000525.8
2025-01-21 11:00:00,1016598.4
2025-01-21 12:00:00,1024546.8
2025-01-21 13:00:00,1008457.9
2025-01-21 14:00:00,1028562.0
2025-01-21 15:00:00,1040757.7
2025-01-21 16:00:00,1084565.3
2025-01-21 17:00:00,1173804.9
2025-01-21 18:00:00,1215745.8
2025-01-21 19:00:00,1210496.5
2025-01-21 20:00:00,1186155.7
2025-01-21 21:00:00,1137992.8
2025-01-21 22:00:00,1055735.4
2025-01-21 23:00:00,972123.4
2025-01-22 00:00:00,896992.9
2025-01-22 01:00:00,848227.0
2025-01-22 02:00:00,819630.1
2025-01-22 03:00:00,805107.7
2025-01-22 04:00:00,807303.9
2025-01-22 05:00:00,831919.0
2025-01-22 06:00:00,883674.5
2025-01-22 07:00:00,965079.8
2025-01-22 08:00:00,990218.5
2025-01-22 09:00:00,1002096.2
2025-01-22 10:00:00,1040051.2
2025-01-22 11:00:00,1074940.4
2025-01-22 12:00:00,1087121.0
2025-01-22 13:00:00,1080026.5
2025-01-22 14:00:00,1073696.7
2025-01-22 15:00:00,1081722.9
2025-01-22 16:00:00,1120836.4
2025-01-22 17:00:00,1202343.0
2025-01-22 18:00:00,1227688.0
2025-01-22 19:00:00,1212500.2
2025-01-22 20:00:00,1186892.2
2025-01-22 21:00:00,1133140.0
2025-01-22 22:00:00,1044573.2
2025-01-22 23:00:00,951891.8
2025-01-23 00:00:00,871577.0
2025-01-23 01:00:00,820700.2
2025-01-23 02:00:00,787833.0
2025-01-23 03:00:00,770751.4
2025-01-23 04:00:00,769967.1
2025-01-23 05:00:00,792016.7
2025-01-23 06:00:00,835925.4
2025-01-23 07:00:00,909182.3
2025-01-23 08:00:00,928120.2
2025-01-23 09:00:00,955369.9
2025-01-23 10:00:00,982037.6
2025-01-23 11:00:00,1001796.1
2025-01-23 12:00:00,1004006.9
2025-01-23 13:00:00,991507.1
2025-01-23 14:00:00,981661.2
2025-01-23 15:00:00,990261.6
2025-01-23 16:00:00,1029280.3
2025-01-23 17:00:00,1099350.3
2025-01-23 18:00:00,1131479.1
2025-01-23 19:00:00,1123388.1
2025-01-23 20:00:00,1097847.6
2025-01-23 21:00:00,1052660.7
2025-01-23 22:00:00,972853.3
2025-01-23 23:00:00,887773.5
2025-01-24 00:00:00,818528.4
2025-01-24 01:00:00,765960.4
2025-01-24 02:00:00,738688.1
2025-01-24 03:00:00,723864.0
2025-01-24 04:00:00,735591.5
2025-01-24 05:00:00,752144.3
2025-01-24 06:00:00,797479.7
2025-01-24 07:00:00,872917.2
2025-01-24 08:00:00,908165.8
2025-01-24 09:00:00,940723.5
2025-01-24 10:00:00,966221.9
2025-01-24 11:00:00,977047.1
2025-01-24 12:00:00,982770.1
2025-01-24 13:00:00,980032.6
2025-01-24 14:00:00,982410.0
2025-01-24 15:00:00,992940.4
2025-01-24 16:00:00,1028848.9
2025-01-24 17:00:00,1089720.5
2025-01-24 18:00:00,1112886.4
2025-01-24 19:00:00,1105012.1
2025-01-24 20:00:00,1085586.9
2025-01-24 21:00:00,1043720.2
2025-01-24 22:00:00,978989.3
2025-01-24 23:00:00,905003.2
2025-01-25 00:00:00,837908.5
2025-01-25 01:00:00,784717.0
2025-01-25 02:00:00,748247.0
2025-01-25 03:00:00,728167.9
2025-01-25 04:00:00,721162.2
2025-01-25 05:00:00,731408.6
2025-01-25 06:00:00,754465.6
2025-01-25 07:00:00,802207.7
2025-01-25 08:00:00,876532.0
2025-01-25 09:00:00,950124.1
2025-01-25 10:00:00,1012805.7
2025-01-25 11:00:00,1056750.1
2025-01-25 12:00:00,1070537.7
2025-01-25 13:00:00,1058300.1
2025-01-25 14:00:00,1053334.4
2025-01-25 15:00:00,1051557.1
2025-01-25 16:00:00,1065142.2
2025-01-25 17:00:00,1111666.8
2025-01-25 18:00:00,1120149.2
2025-01-25 19:00:00,1094760.2
2025-01-25 20:00:00,1056832.7
2025-01-25 21:00:00,1012978.1
2025-01-25 22:00:00,949668.1
2025-01-25 23:00:00,881325.1
2025-01-26 00:00:00,811481.4
2025-01-26 01:00:00,755606.5
2025-01-26 02:00:00,717014.5
2025-01-26 03:00:00,690482.1
2025-01-26 04:00:00,679007.1
2025-01-26 05:00:00,684891.4
2025-01-26 06:00:00,705752.6
2025-01-26 07:00:00,747698.8
2025-01-26 08:00:00,806880.7
2025-01-26 09:00:00,857211.2
2025-01-26 10:00:00,908786.2
2025-01-26 11:00:00,953466.3
2025-01-26 12:00:00,988854.4
2025-01-26 13:00:00,999472.5
2025-01-26 14:00:00,996639.8
2025-01-26 15:00:00,1000363.3
2025-01-26 16:00:00,1027284.0
2025-01-26 17:00:00,1111455.5
2025-01-26 18:00:00,1143646.2
2025-01-26 19:00:00,1114538.6
2025-01-26 20:00:00,1079890.4
2025-01-26 21:00:00,1027711.3
2025-01-26 22:00:00,945297.7
2025-01-26 23:00:00,852521.9
2025-01-27 00:00:00,775957.2
2025-01-27 01:00:00,724077.4
2025-01-27 02:00:00,693695.4
2025-01-27 03:00:00,678127.9
2025-01-27 04:00:00,683326.6
2025-01-27 05:00:00,712567.1
2025-01-27 06:00:00,763510.4
2025-01-27 07:00:00,837303.9
2025-01-27 08:00:00,858239.0
2025-01-27 09:00:00,868706.4
2025-01-27 10:00:00,890787.3
2025-01-27 11:00:00,909952.3
2025-01-27 12:00:00,918372.6
2025-01-27 13:00:00,902744.5
2025-01-27 14:00:00,890123.0
2025-01-27 15:00:00,906343.6
2025-01-27 16:00:00,969465.3
2025-01-27 17:00:00,1059162.6
2025-01-27 18:00:00,1092784.4
2025-01-27 19:00:00,1080796.0
2025-01-27 20:00:00,1055116.7
2025-01-27 21:00:00,1000753.2
2025-01-27 22:00:00,920503.6
2025-01-27 23:00:00,831629.3
2025-01-28 00:00:00,756598.3
2025-01-28 01:00:00,708032.3
2025-01-28 02:00:00,680505.4
2025-01-28 03:00:00,672608.7
2025-01-28 04:00:00,681183.8
2025-01-28 05:00:00,713477.8
2025-01-28 06:00:00,771123.7
2025-01-28 07:00:00,851032.6
2025-01-28 08:00:00,872521.3
2025-01-28 09:00:00,883451.0
2025-01-28 10:00:00,905937.9
2025-01-28 11:00:00,929959.6
2025-01-28 12:00:00,939921.8
2025-01-28 13:00:00,939401.8
2025-01-28 14:00:00,942953.4
2025-01-28 15:00:00,959276.9
2025-01-28 16:00:00,1002763.1
2025-01-28 17:00:00,1081081.4
2025-01-28 18:00:00,1109645.9
2025-01-28 19:00:00,1094635.5
2025-01-28 20:00:00,1063270.6
2025-01-28 21:00:00,1011335.8
2025-01-28 22:00:00,930325.6
2025-01-28 23:00:00,839383.1
2025-01-29 00:00:00,762377.3
2025-01-29 01:00:00,704685.0
2025-01-29 02:00:00,671428.1
2025-01-29 03:00:00,655259.2
2025-01-29 04:00:00,662771.8
2025-01-29 05:00:00,683610.8
2025-01-29 06:00:00,734204.7
2025-01-29 07:00:00,802048.7
2025-01-29 08:00:00,832520.5
2025-01-29 09:00:00,851865.1
2025-01-29 10:00:00,868610.3
2025-01-29 11:00:00,883133.7
2025-01-29 12:00:00,900454.8
2025-01-29 13:00:00,897916.9
2025-01-29 14:00:00,892402.0
2025-01-29 15:00:00,917714.5
2025-01-29 16:00:00,968704.7
2025-01-29 17:00:00,1052986.6
2025-01-29 18:00:00,1099751.1
2025-01-29 19:00:00,1097213.2
2025-01-29 20:00:00,1075910.7
2025-01-29 21:00:00,1028649.5
2025-01-29 22:00:00,950224.8
2025-01-29 23:00:00,865763.1
2025-01-30 00:00:00,795666.8
2025-01-30 01:00:00,747188.8
2025-01-30 02:00:00,717019.2
2025-01-30 03:00:00,701504.3
2025-01-30 04:00:00,703895.1
2025-01-30 05:00:00,729042.8
2025-01-30 06:00:00,777515.5
2025-01-30 07:00:00,848951.8
2025-01-30 08:00:00,874471.5
2025-01-30 09:00:00,895928.4
2025-01-30 10:00:00,917220.0
2025-01-30 11:00:00,941540.5
2025-01-30 12:00:00,949872.6
2025-01-30 13:00:00,933892.1
2025-01-30 14:00:00,930959.9
2025-01-30 15:00:00,939513.4
2025-01-30 16:00:00,969344.7000000001
2025-01-30 17:00:00,1029682.8
2025-01-30 18:00:00,1064614.3
2025-01-30 19:00:00,1058324.6
2025-01-30 20:00:00,1034777.9
2025-01-30 21:00:00,988202.9
2025-01-30 22:00:00,913358.4
2025-01-30 23:00:00,830796.5
2025-01-31 00:00:00,756204.0
2025-01-31 01:00:00,702692.0
2025-01-31 02:00:00,670597.4
2025-01-31 03:00:00,654844.2
2025-01-31 04:00:00,654221.1
2025-01-31 05:00:00,678365.7
2025-01-31 06:00:00,724358.4
2025-01-31 07:00:00,796600.3
2025-01-31 08:00:00,831352.8
2025-01-31 09:00:00,851984.1
2025-01-31 10:00:00,883743.4
2025-01-31 11:00:00,908161.0
2025-01-31 12:00:00,919002.6
2025-01-31 13:00:00,911228.3
2025-01-31 14:00:00,906634.5
2025-01-31 15:00:00,914667.4
2025-01-31 16:00:00,946005.6
2025-01-31 17:00:00,992495.9
2025-01-31 18:00:00,1014528.4
2025-01-31 19:00:00,1006040.6
2025-01-31 20:00:00,987813.0
2025-01-31 21:00:00,956636.4
2025-01-31 22:00:00,898622.3
2025-01-31 23:00:00,843135.2
2025-02-01 00:00:00,793619.1
2025-02-01 01:00:00,757114.8
2025-02-01 02:00:00,730788.3
2025-02-01 03:00:00,715533.1
2025-02-01 04:00:00,710752.2
2025-02-01 05:00:00,721695.5
2025-02-01 06:00:00,748699.9
2025-02-01 07:00:00,802231.1
2025-02-01 08:00:00,873064.1
2025-02-01 09:00:00,934535.7
2025-02-01 10:00:00,984283.3
2025-02-01 11:00:00,1019786.1
2025-02-01 12:00:00,1033229.3
2025-02-01 13:00:00,1020580.0
2025-02-01 14:00:00,1006576.8
2025-02-01 15:00:00,1003104.3
2025-02-01 16:00:00,1026780.5
2025-02-01 17:00:00,1092064.2
2025-02-01 18:00:00,1132832.0
2025-02-01 19:00:00,1112686.0
2025-02-01 20:00:00,1081966.7
2025-02-01 21:00:00,1041621.1
2025-02-01 22:00:00,988350.3
2025-02-01 23:00:00,917966.8
2025-02-02 00:00:00,852861.3
2025-02-02 01:00:00,799362.5
2025-02-02 02:00:00,761099.0
2025-02-02 03:00:00,734747.1
2025-02-02 04:00:00,722632.4
2025-02-02 05:00:00,728093.6
2025-02-02 06:00:00,746531.7
2025-02-02 07:00:00,786031.0
2025-02-02 08:00:00,850013.6
2025-02-02 09:00:00,916509.2
2025-02-02 10:00:00,977678.0
2025-02-02 11:00:00,1020093.9
2025-02-02 12:00:00,1042792.0
2025-02-02 13:00:00,1045954.2
2025-02-02 14:00:00,1048547.7
2025-02-02 15:00:00,1055172.1
2025-02-02 16:00:00,1084276.4
2025-02-02 17:00:00,1144268.5
2025-02-02 18:00:00,1164688.8
2025-02-02 19:00:00,1134554.9
2025-02-02 20:00:00,1092806.1
2025-02-02 21:00:00,1035898.0
2025-02-02 22:00:00,946298.1
2025-02-02 23:00:00,854282.0
2025-02-03 00:00:00,775886.6
2025-02-03 01:00:00,720150.2
2025-02-03 02:00:00,685722.7
2025-02-03 03:00:00,667825.9
2025-02-03 04:00:00,667914.9
2025-02-03 05:00:00,691852.6
2025-02-03 06:00:00,741275.4
2025-02-03 07:00:00,815907.3
2025-02-03 08:00:00,841430.3
2025-02-03 09:00:00,863096.7
2025-02-03 10:00:00,889456.2
2025-02-03 11:00:00,916473.4
2025-02-03 12:00:00,930287.3
2025-02-03 13:00:00,922742.4
2025-02-03 14:00:00,917090.7
2025-02-03 15:00:00,929570.6
2025-02-03 16:00:00,974024.2
2025-02-03 17:00:00,1036759.9
2025-02-03 18:00:00,1061072.8
2025-02-03 19:00:00,1050980.7
2025-02-03 20:00:00,1021969.6
2025-02-03 21:00:00,968428.3
2025-02-03 22:00:00,885396.9
2025-02-03 23:00:00,801160.0
2025-02-04 00:00:00,728779.5
2025-02-04 01:00:00,682801.6
2025-02-04 02:00:00,658294.7
2025-02-04 03:00:00,648886.3
2025-02-04 04:00:00,654443.5
2025-02-04 05:00:00,683995.0
2025-02-04 06:00:00,737240.4
2025-02-04 07:00:00,813544.4
2025-02-04 08:00:00,832957.9
2025-02-04 09:00:00,852744.9
2025-02-04 10:00:00,862160.1
2025-02-04 11:00:00,882710.4
2025-02-04 12:00:00,889823.8
2025-02-04 13:00:00,886024.2
2025-02-04 14:00:00,885260.4
2025-02-04 15:00:00,903835.2
2025-02-04 16:00:00,948062.9
2025-02-04 17:00:00,1031364.1
2025-02-04 18:00:00,1094505.1
2025-02-04 19:00:00,1094709.3
2025-02-04 20:00:00,1074918.5
2025-02-04 21:00:00,1029867.5
2025-02-04 22:00:00,951410.2
2025-02-04 23:00:00,867536.9
2025-02-05 00:00:00,796559.8
2025-02-05 01:00:00,745932.3
2025-02-05 02:00:00,715777.0
2025-02-05 03:00:00,699124.0
2025-02-05 04:00:00,700480.1
2025-02-05 05:00:00,728757.1
2025-02-05 06:00:00,783639.6
2025-02-05 07:00:00,858265.1
2025-02-05 08:00:00,875657.3
2025-02-05 09:00:00,889377.7
2025-02-05 10:00:00,906011.0
2025-02-05 11:00:00,919255.4
2025-02-05 12:00:00,922026.7
2025-02-05 13:00:00,914203.0
2025-02-05 14:00:00,905300.3
2025-02-05 15:00:00,923165.9
2025-02-05 16:00:00,971906.1
2025-02-05 17:00:00,1045876.4
2025-02-05 18:00:00,1094870.1
2025-02-05 19:00:00,1093226.1
2025-02-05 20:00:00,1069724.7
2025-02-05 21:00:00,1022742.7
2025-02-05 22:00:00,943580.5
2025-02-05 23:00:00,858586.1
2025-02-06 00:00:00,788502.5
2025-02-06 01:00:00,736656.8
2025-02-06 02:00:00,704795.6
2025-02-06 03:00:00,688062.6
2025-02-06 04:00:00,691820.9
2025-02-06 05:00:00,719781.1
2025-02-06 06:00:00,772293.5
2025-02-06 07:00:00,843194.1
2025-02-06 08:00:00,867778.3
2025-02-06 09:00:00,888854.8
2025-02-06 10:00:00,917918.3
2025-02-06 11:00:00,941255.7
2025-02-06 12:00:00,942489.9
2025-02-06 13:00:00,931600.8
2025-02-06 14:00:00,926024.7
2025-02-06 15:00:00,941206.1
2025-02-06 16:00:00,976117.5
2025-02-06 17:00:00,1036768.0
2025-02-06 18:00:00,1064478.2
2025-02-06 19:00:00,1054381.7
2025-02-06 20:00:00,1030707.5
2025-02-06 21:00:00,987989.4
2025-02-06 22:00:00,915628.2
2025-02-06 23:00:00,834333.8
2025-02-07 00:00:00,769585.3
2025-02-07 01:00:00,721167.8
2025-02-07 02:00:00,693039.8
2025-02-07 03:00:00,681376.8
2025-02-07 04:00:00,689716.7
2025-02-07 05:00:00,717671.9
2025-02-07 06:00:00,769220.1
2025-02-07 07:00:00,847173.9
2025-02-07 08:00:00,873099.0
2025-02-07 09:00:00,885626.7
2025-02-07 10:00:00,907292.3
2025-02-07 11:00:00,933104.4
2025-02-07 12:00:00,940319.1
2025-02-07 13:00:00,923771.5
2025-02-07 14:00:00,919470.0
2025-02-07 15:00:00,923096.9
2025-02-07 16:00:00,956456.6
2025-02-07 17:00:00,1018956.0
2025-02-07 18:00:00,1068433.5
2025-02-07 19:00:00,1064614.7
2025-02-07 20:00:00,1047367.2
2025-02-07 21:00:00,1007864.9
2025-02-07 22:00:00,947918.8
2025-02-07 23:00:00,876800.1
2025-02-08 00:00:00,808727.1
2025-02-08 01:00:00,754507.2
2025-02-08 02:00:00,716491.7
2025-02-08 03:00:00,694605.2
2025-02-08 04:00:00,685511.5
2025-02-08 05:00:00,695871.2
2025-02-08 06:00:00,722237.9
2025-02-08 07:00:00,772406.6
2025-02-08 08:00:00,839945.2
2025-02-08 09:00:00,896339.6
2025-02-08 10:00:00,945063.5
2025-02-08 11:00:00,991539.9
2025-02-08 12:00:00,1009645.5
2025-02-08 13:00:00,1008174.6
2025-02-08 14:00:00,998024.9
2025-02-08 15:00:00,994787.3
2025-02-08 16:00:00,1021191.5
2025-02-08 17:00:00,1073067.6
2025-02-08 18:00:00,1100559.5
2025-02-08 19:00:00,1078014.9
2025-02-08 20:00:00,1039543.1
2025-02-08 21:00:00,992843.2
2025-02-08 22:00:00,933434.9
2025-02-08 23:00:00,868200.8
2025-02-09 00:00:00,797579.4
2025-02-09 01:00:00,757644.9
2025-02-09 02:00:00,717377.3
2025-02-09 03:00:00,687778.3
2025-02-09 04:00:00,672615.3
2025-02-09 05:00:00,680347.7
2025-02-09 06:00:00,703116.5
2025-02-09 07:00:00,742453.5
2025-02-09 08:00:00,805532.7
2025-02-09 09:00:00,871517.8
2025-02-09 10:00:00,925358.0
2025-02-09 11:00:00,970286.7
2025-02-09 12:00:00,990969.6
2025-02-09 13:00:00,1002816.1
2025-02-09 14:00:00,997896.6
2025-02-09 15:00:00,999601.3
2025-02-09 16:00:00,1028255.2
2025-02-09 17:00:00,1099807.9
2025-02-09 18:00:00,1141245.9
2025-02-09 19:00:00,1103853.5
2025-02-09 20:00:00,1062819.7
2025-02-09 21:00:00,1013323.4
2025-02-09 22:00:00,938365.0
2025-02-09 23:00:00,855573.4
2025-02-10 00:00:00,777196.9
2025-02-10 01:00:00,722778.6
2025-02-10 02:00:00,690641.0
2025-02-10 03:00:00,676431.6
2025-02-10 04:00:00,677531.4
2025-02-10 05:00:00,704183.0
2025-02-10 06:00:00,754651.3
2025-02-10 07:00:00,830578.2
2025-02-10 08:00:00,854358.1
2025-02-10 09:00:00,877198.2
2025-02-10 10:00:00,897435.8
2025-02-10 11:00:00,913226.7
2025-02-10 12:00:00,916984.6
2025-02-10 13:00:00,913501.0
2025-02-10 14:00:00,900359.5
2025-02-10 15:00:00,920285.4
2025-02-10 16:00:00,978362.5
2025-02-10 17:00:00,1053814.7
2025-02-10 18:00:00,1100447.3
2025-02-10 19:00:00,1094068.7
2025-02-10 20:00:00,1062235.7
2025-02-10 21:00:00,1014510.4
2025-02-10 22:00:00,933685.7
2025-02-10 23:00:00,848237.2
2025-02-11 00:00:00,779235.5
2025-02-11 01:00:00,733293.4
2025-02-11 02:00:00,706700.5
2025-02-11 03:00:00,695783.4
2025-02-11 04:00:00,700376.1
2025-02-11 05:00:00,726776.9
2025-02-11 06:00:00,780277.8
2025-02-11 07:00:00,856476.7
2025-02-11 08:00:00,869539.9
2025-02-11 09:00:00,882571.3
2025-02-11 10:00:00,901551.4
2025-02-11 11:00:00,905972.7
2025-02-11 12:00:00,895380.6
2025-02-11 13:00:00,882766.5
2025-02-11 14:00:00,881049.0
2025-02-11 15:00:00,903377.2
2025-02-11 16:00:00,948485.9
2025-02-11 17:00:00,1015022.8
2025-02-11 18:00:00,1078766.8
2025-02-11 19:00:00,1082575.8
2025-02-11 20:00:00,1063997.8
2025-02-11 21:00:00,1018079.5
2025-02-11 22:00:00,942403.2
2025-02-11 23:00:00,860741.1
2025-02-12 00:00:00,786423.1
2025-02-12 01:00:00,738079.6
2025-02-12 02:00:00,709387.8
2025-02-12 03:00:00,695730.7
2025-02-12 04:00:00,698259.4
2025-02-12 05:00:00,729475.9
2025-02-12 06:00:00,785305.1
2025-02-12 07:00:00,863980.7
2025-02-12 08:00:00,884248.6
2025-02-12 09:00:00,892984.0
2025-02-12 10:00:00,911484.6
2025-02-12 11:00:00,933370.8
2025-02-12 12:00:00,953350.6
2025-02-12 13:00:00,951514.1
2025-02-12 14:00:00,955121.3
2025-02-12 15:00:00,970955.8
2025-02-12 16:00:00,1018896.0
2025-02-12 17:00:00,1097324.5
2025-02-12 18:00:00,1145900.2
2025-02-12 19:00:00,1139309.0
2025-02-12 20:00:00,1109366.7
2025-02-12 21:00:00,1052121.6
2025-02-12 22:00:00,962941.9
2025-02-12 23:00:00,872838.8
2025-02-13 00:00:00,802105.1
2025-02-13 01:00:00,751873.4
2025-02-13 02:00:00,718115.2
2025-02-13 03:00:00,702557.4
2025-02-13 04:00:00,699618.0
2025-02-13 05:00:00,721502.8
2025-02-13 06:00:00,754947.2
2025-02-13 07:00:00,809836.0
2025-02-13 08:00:00,867544.7
2025-02-13 09:00:00,916367.6
2025-02-13 10:00:00,954457.3
2025-02-13 11:00:00,980947.1
2025-02-13 12:00:00,987487.6
2025-02-13 13:00:00,956882.8
2025-02-13 14:00:00,941557.8
2025-02-13 15:00:00,958231.6
2025-02-13 16:00:00,989765.2
2025-02-13 17:00:00,1039964.6
2025-02-13 18:00:00,1092944.6
2025-02-13 19:00:00,1085108.0
2025-02-13 20:00:00,1061038.6
2025-02-13 21:00:00,1012922.5
2025-02-13 22:00:00,937878.7
2025-02-13 23:00:00,856319.7
2025-02-14 00:00:00,791472.6
2025-02-14 01:00:00,742699.5
2025-02-14 02:00:00,710327.1
2025-02-14 03:00:00,696310.1
2025-02-14 04:00:00,698313.7
2025-02-14 05:00:00,722442.8
2025-02-14 06:00:00,764188.7
2025-02-14 07:00:00,819413.2
2025-02-14 08:00:00,867581.1
2025-02-14 09:00:00,900783.7
2025-02-14 10:00:00,917932.2
2025-02-14 11:00:00,933627.0
2025-02-14 12:00:00,947400.4
2025-02-14 13:00:00,939876.8
2025-02-14 14:00:00,939203.0
2025-02-14 15:00:00,946158.8
2025-02-14 16:00:00,966277.4
2025-02-14 17:00:00,1008808.3
2025-02-14 18:00:00,1052823.9
2025-02-14 19:00:00,1046204.3
2025-02-14 20:00:00,1021143.9
2025-02-14 21:00:00,986007.0
2025-02-14 22:00:00,927832.9
2025-02-14 23:00:00,865137.1
2025-02-15 00:00:00,802326.1
2025-02-15 01:00:00,751492.1
2025-02-15 02:00:00,715768.1
2025-02-15 03:00:00,693408.1
2025-02-15 04:00:00,685393.7
2025-02-15 05:00:00,694609.5
2025-02-15 06:00:00,717429.7
2025-02-15 07:00:00,763135.8
2025-02-15 08:00:00,827022.2
2025-02-15 09:00:00,892272.9
2025-02-15 10:00:00,946493.3
2025-02-15 11:00:00,990325.7
2025-02-15 12:00:00,1021589.1
2025-02-15 13:00:00,1023282.5
2025-02-15 14:00:00,1019992.5
2025-02-15 15:00:00,1019216.0
2025-02-15 16:00:00,1030957.5
2025-02-15 17:00:00,1074461.9
2025-02-15 18:00:00,1101203.3
2025-02-15 19:00:00,1072555.3
2025-02-15 20:00:00,1030029.5
2025-02-15 21:00:00,986680.8
2025-02-15 22:00:00,924927.3
2025-02-15 23:00:00,860449.7
2025-02-16 00:00:00,797588.7
2025-02-16 01:00:00,746810.3
2025-02-16 02:00:00,711612.2
2025-02-16 03:00:00,692395.3
2025-02-16 04:00:00,686833.8
2025-02-16 05:00:00,692521.1
2025-02-16 06:00:00,711289.4
2025-02-16 07:00:00,748756.8
2025-02-16 08:00:00,808705.0
2025-02-16 09:00:00,880216.4
2025-02-16 10:00:00,951140.2
2025-02-16 11:00:00,1010603.2
2025-02-16 12:00:00,1047828.9
2025-02-16 13:00:00,1048485.9
2025-02-16 14:00:00,1036270.7
2025-02-16 15:00:00,1033248.6
2025-02-16 16:00:00,1050347.7
2025-02-16 17:00:00,1094817.8
2025-02-16 18:00:00,1132690.8
2025-02-16 19:00:00,1103764.7
2025-02-16 20:00:00,1061031.9
2025-02-16 21:00:00,1011176.3
2025-02-16 22:00:00,943743.2
2025-02-16 23:00:00,873786.3
2025-02-17 00:00:00,810480.6
2025-02-17 01:00:00,760064.0
2025-02-17 02:00:00,730682.1
2025-02-17 03:00:00,716117.9
2025-02-17 04:00:00,711850.6
2025-02-17 05:00:00,721532.3
2025-02-17 06:00:00,741406.2
2025-02-17 07:00:00,775390.9
2025-02-17 08:00:00,823152.3
2025-02-17 09:00:00,866690.9
2025-02-17 10:00:00,923544.0
2025-02-17 11:00:00,975356.6
2025-02-17 12:00:00,997264.5
2025-02-17 13:00:00,994121.3
2025-02-17 14:00:00,991212.5
2025-02-17 15:00:00,996022.4
2025-02-17 16:00:00,1026227.8
2025-02-17 17:00:00,1095233.2
2025-02-17 18:00:00,1158536.4
2025-02-17 19:00:00,1149284.4
2025-02-17 20:00:00,1121006.7
2025-02-17 21:00:00,1072739.5
2025-02-17 22:00:00,991703.7
2025-02-17 23:00:00,905930.1
2025-02-18 00:00:00,834819.9
2025-02-18 01:00:00,785157.6
2025-02-18 02:00:00,756989.6
2025-02-18 03:00:00,744733.1
2025-02-18 04:00:00,750204.9
2025-02-18 05:00:00,776892.7
2025-02-18 06:00:00,828303.0
2025-02-18 07:00:00,900642.9
2025-02-18 08:00:00,912459.7000000001
2025-02-18 09:00:00,921858.5
2025-02-18 10:00:00,947230.5
2025-02-18 11:00:00,978316.4
2025-02-18 12:00:00,993424.3
2025-02-18 13:00:00,981627.4
2025-02-18 14:00:00,971079.4
2025-02-18 15:00:00,980981.4
2025-02-18 16:00:00,1032228.7
2025-02-18 17:00:00,1094515.9
2025-02-18 18:00:00,1152285.7
2025-02-18 19:00:00,1155255.6
2025-02-18 20:00:00,1130667.5
2025-02-18 21:00:00,1081735.2
2025-02-18 22:00:00,998077.4
2025-02-18 23:00:00,911443.2
2025-02-19 00:00:00,837677.6
2025-02-19 01:00:00,784729.1
2025-02-19 02:00:00,749835.4
2025-02-19 03:00:00,738758.9
2025-02-19 04:00:00,738666.0
2025-02-19 05:00:00,763353.1
2025-02-19 06:00:00,814750.7
2025-02-19 07:00:00,885567.3
2025-02-19 08:00:00,900968.3
2025-02-19 09:00:00,907356.2
2025-02-19 10:00:00,927705.2
2025-02-19 11:00:00,953172.7
2025-02-19 12:00:00,961037.2
2025-02-19 13:00:00,954701.6
2025-02-19 14:00:00,955064.3
2025-02-19 15:00:00,968434.2
2025-02-19 16:00:00,1006644.5
2025-02-19 17:00:00,1064505.4
2025-02-19 18:00:00,1123247.7
2025-02-19 19:00:00,1126979.1
2025-02-19 20:00:00,1108354.0
2025-02-19 21:00:00,1062778.3
2025-02-19 22:00:00,980610.9
2025-02-19 23:00:00,894595.0
2025-02-20 00:00:00,826123.3
2025-02-20 01:00:00,773078.1
2025-02-20 02:00:00,743979.0
2025-02-20 03:00:00,730182.0
2025-02-20 04:00:00,731346.4
2025-02-20 05:00:00,757808.5
2025-02-20 06:00:00,811520.9
2025-02-20 07:00:00,887511.5
2025-02-20 08:00:00,907617.1
2025-02-20 09:00:00,925489.5
2025-02-20 10:00:00,954229.0
2025-02-20 11:00:00,972846.1
2025-02-20 12:00:00,974877.5
2025-02-20 13:00:00,954978.4
2025-02-20 14:00:00,945217.8
2025-02-20 15:00:00,964914.4
2025-02-20 16:00:00,1005807.5
2025-02-20 17:00:00,1069992.1
2025-02-20 18:00:00,1130570.1
2025-02-20 19:00:00,1139397.2
2025-02-20 20:00:00,1113217.2
2025-02-20 21:00:00,1068747.6
2025-02-20 22:00:00,994056.5
2025-02-20 23:00:00,915547.8
2025-02-21 00:00:00,830856.1
2025-02-21 01:00:00,775923.7
2025-02-21 02:00:00,745636.0
2025-02-21 03:00:00,732006.5
2025-02-21 04:00:00,733582.4
2025-02-21 05:00:00,757857.4
2025-02-21 06:00:00,804869.4
2025-02-21 07:00:00,878091.0
2025-02-21 08:00:00,895633.3
2025-02-21 09:00:00,908576.6
2025-02-21 10:00:00,930708.7
2025-02-21 11:00:00,948256.8
2025-02-21 12:00:00,952636.8
2025-02-21 13:00:00,944345.7
2025-02-21 14:00:00,938866.2
2025-02-21 15:00:00,934725.3
2025-02-21 16:00:00,966030.9
2025-02-21 17:00:00,1014848.9
2025-02-21 18:00:00,1071836.9
2025-02-21 19:00:00,1076520.9
2025-02-21 20:00:00,1057604.3
2025-02-21 21:00:00,1021320.1
2025-02-21 22:00:00,955845.1
2025-02-21 23:00:00,886629.0
2025-02-22 00:00:00,829892.2
2025-02-22 01:00:00,778033.7
2025-02-22 02:00:00,737187.4
2025-02-22 03:00:00,716404.8
2025-02-22 04:00:00,709916.9
2025-02-22 05:00:00,718807.6
2025-02-22 06:00:00,743147.8
2025-02-22 07:00:00,793103.1
2025-02-22 08:00:00,854972.5
2025-02-22 09:00:00,904872.2
2025-02-22 10:00:00,942509.9
2025-02-22 11:00:00,974176.3
2025-02-22 12:00:00,981616.7
2025-02-22 13:00:00,967846.1
2025-02-22 14:00:00,966735.2
2025-02-22 15:00:00,980157.0
2025-02-22 16:00:00,1004345.9
2025-02-22 17:00:00,1051510.2
2025-02-22 18:00:00,1085860.7
2025-02-22 19:00:00,1068574.1
2025-02-22 20:00:00,1035579.9
2025-02-22 21:00:00,992559.1
2025-02-22 22:00:00,929588.0
2025-02-22 23:00:00,859754.7
2025-02-23 00:00:00,794406.2
2025-02-23 01:00:00,746679.6
2025-02-23 02:00:00,725729.0
2025-02-23 03:00:00,701388.8
2025-02-23 04:00:00,671872.0
2025-02-23 05:00:00,676863.4
2025-02-23 06:00:00,698340.4
2025-02-23 07:00:00,737845.2
2025-02-23 08:00:00,799988.2
2025-02-23 09:00:00,857156.4
2025-02-23 10:00:00,903339.8
2025-02-23 11:00:00,942798.8
2025-02-23 12:00:00,963196.6
2025-02-23 13:00:00,959123.0
2025-02-23 14:00:00,956662.2
2025-02-23 15:00:00,961464.7
2025-02-23 16:00:00,984098.4
2025-02-23 17:00:00,1030001.0
2025-02-23 18:00:00,1087109.5
2025-02-23 19:00:00,1076466.8
2025-02-23 20:00:00,1043241.4
2025-02-23 21:00:00,990986.2
2025-02-23 22:00:00,906783.5
2025-02-23 23:00:00,815953.4
2025-02-24 00:00:00,737828.5
2025-02-24 01:00:00,683200.6
2025-02-24 02:00:00,652176.2
2025-02-24 03:00:00,635428.2
2025-02-24 04:00:00,636585.5
2025-02-24 05:00:00,663999.1
2025-02-24 06:00:00,715611.5
2025-02-24 07:00:00,784980.8
2025-02-24 08:00:00,807384.2
2025-02-24 09:00:00,828144.8
2025-02-24 10:00:00,848752.5
2025-02-24 11:00:00,868485.8
2025-02-24 12:00:00,866148.9
2025-02-24 13:00:00,850687.9
2025-02-24 14:00:00,844670.9
2025-02-24 15:00:00,839940.1
2025-02-24 16:00:00,867002.1
2025-02-24 17:00:00,922779.1
2025-02-24 18:00:00,994426.4
2025-02-24 19:00:00,999060.7
2025-02-24 20:00:00,972620.0
2025-02-24 21:00:00,922445.0
2025-02-24 22:00:00,843342.3
2025-02-24 23:00:00,759767.7
2025-02-25 00:00:00,688463.5
2025-02-25 01:00:00,636582.4
2025-02-25 02:00:00,607236.5
2025-02-25 03:00:00,592046.9
2025-02-25 04:00:00,594885.6
2025-02-25 05:00:00,622160.9
2025-02-25 06:00:00,677164.2
2025-02-25 07:00:00,750954.5
2025-02-25 08:00:00,762762.1
2025-02-25 09:00:00,780503.5
2025-02-25 10:00:00,793523.2
2025-02-25 11:00:00,805735.5
2025-02-25 12:00:00,809778.5
2025-02-25 13:00:00,815622.7
2025-02-25 14:00:00,798899.1
2025-02-25 15:00:00,800414.7
2025-02-25 16:00:00,861081.7
2025-02-25 17:00:00,914180.0
2025-02-25 18:00:00,956108.1
2025-02-25 19:00:00,963412.0
2025-02-25 20:00:00,939678.0
2025-02-25 21:00:00,895654.0
2025-02-25 22:00:00,819919.3
2025-02-25 23:00:00,741237.0
2025-02-26 00:00:00,676956.6
2025-02-26 01:00:00,629677.9
2025-02-26 02:00:00,604320.2
2025-02-26 03:00:00,591609.4
2025-02-26 04:00:00,597929.6
2025-02-26 05:00:00,627021.5
2025-02-26 06:00:00,679302.9
2025-02-26 07:00:00,748112.6
2025-02-26 08:00:00,751489.8
2025-02-26 09:00:00,752304.9
2025-02-26 10:00:00,769131.7
2025-02-26 11:00:00,788922.8
2025-02-26 12:00:00,805719.6
2025-02-26 13:00:00,796181.7
2025-02-26 14:00:00,788030.3
2025-02-26 15:00:00,792171.2
2025-02-26 16:00:00,824795.8
2025-02-26 17:00:00,887284.7
2025-02-26 18:00:00,953133.3
2025-02-26 19:00:00,962848.5
2025-02-26 20:00:00,945510.7
2025-02-26 21:00:00,903761.4
2025-02-26 22:00:00,827224.8
2025-02-26 23:00:00,749597.7
2025-02-27 00:00:00,680394.2
2025-02-27 01:00:00,629218.3
2025-02-27 02:00:00,601437.8
2025-02-27 03:00:00,589094.1
2025-02-27 04:00:00,593931.2
2025-02-27 05:00:00,626204.5
2025-02-27 06:00:00,680255.1
2025-02-27 07:00:00,757664.7
2025-02-27 08:00:00,779338.6
2025-02-27 09:00:00,792787.4
2025-02-27 10:00:00,811084.5
2025-02-27 11:00:00,831648.3
2025-02-27 12:00:00,842581.9
2025-02-27 13:00:00,831499.7
2025-02-27 14:00:00,816061.6
2025-02-27 15:00:00,834116.8
2025-02-27 16:00:00,873318.8
2025-02-27 17:00:00,920274.1
2025-02-27 18:00:00,965715.0
2025-02-27 19:00:00,970523.3
2025-02-27 20:00:00,953941.6
2025-02-27 21:00:00,914469.9
2025-02-27 22:00:00,843673.9
2025-02-27 23:00:00,769962.4
2025-02-28 00:00:00,710763.2
2025-02-28 01:00:00,662966.5
2025-02-28 02:00:00,634006.0
2025-02-28 03:00:00,620456.5
2025-02-28 04:00:00,625672.8
2025-02-28 05:00:00,654624.7
2025-02-28 06:00:00,705024.9
2025-02-28 07:00:00,772514.2
2025-02-28 08:00:00,787907.1
2025-02-28 09:00:00,822727.6
2025-02-28 10:00:00,855896.9
2025-02-28 11:00:00,883102.4
2025-02-28 12:00:00,887719.0
2025-02-28 13:00:00,883090.8
2025-02-28 14:00:00,880524.1
2025-02-28 15:00:00,894575.3
2025-02-28 16:00:00,924068.0
2025-02-28 17:00:00,969291.0
2025-02-28 18:00:00,992548.2
2025-02-28 19:00:00,984782.3
2025-02-28 20:00:00,960379.2
2025-02-28 21:00:00,918167.6
2025-02-28 22:00:00,856091.3
2025-02-28 23:00:00,787137.9
2025-03-01 00:00:00,721473.7
2025-03-01 01:00:00,666839.8
2025-03-01 02:00:00,633594.7
2025-03-01 03:00:00,622900.5
2025-03-01 04:00:00,635868.3
2025-03-01 05:00:00,657242.1
2025-03-01 06:00:00,690176.8
2025-03-01 07:00:00,744878.4
2025-03-01 08:00:00,807211.6
2025-03-01 09:00:00,866420.6
2025-03-01 10:00:00,923346.2
2025-03-01 11:00:00,974735.3
2025-03-01 12:00:00,1000744.5
2025-03-01 13:00:00,997178.3
2025-03-01 14:00:00,986705.0
2025-03-01 15:00:00,989184.5
2025-03-01 16:00:00,1006420.7
2025-03-01 17:00:00,1059901.6
2025-03-01 18:00:00,1101467.6
2025-03-01 19:00:00,1093284.1
2025-03-01 20:00:00,1062069.3
2025-03-01 21:00:00,1024551.1
2025-03-01 22:00:00,967113.5
2025-03-01 23:00:00,900329.7
2025-03-02 00:00:00,852536.4
2025-03-02 01:00:00,793911.0
2025-03-02 02:00:00,764055.4
2025-03-02 03:00:00,748069.8
2025-03-02 04:00:00,749625.1
2025-03-02 05:00:00,756811.1
2025-03-02 06:00:00,772828.5
2025-03-02 07:00:00,814157.7
2025-03-02 08:00:00,868353.4
2025-03-02 09:00:00,924305.4
2025-03-02 10:00:00,972696.0
2025-03-02 11:00:00,1012143.8
2025-03-02 12:00:00,1026133.2
2025-03-02 13:00:00,1016732.2
2025-03-02 14:00:00,1017545.2
2025-03-02 15:00:00,1030338.2
2025-03-02 16:00:00,1061968.1
2025-03-02 17:00:00,1117561.3
2025-03-02 18:00:00,1154583.5
2025-03-02 19:00:00,1138629.9
2025-03-02 20:00:00,1100084.9
2025-03-02 21:00:00,1046242.0
2025-03-02 22:00:00,962995.1
2025-03-02 23:00:00,871837.3
2025-03-03 00:00:00,793922.0
2025-03-03 01:00:00,737440.7
2025-03-03 02:00:00,706107.9
2025-03-03 03:00:00,690287.5
2025-03-03 04:00:00,696729.8
2025-03-03 05:00:00,720155.0
2025-03-03 06:00:00,764965.9
2025-03-03 07:00:00,832994.2
2025-03-03 08:00:00,848829.6
2025-03-03 09:00:00,857864.1
2025-03-03 10:00:00,873033.8
2025-03-03 11:00:00,883057.4
2025-03-03 12:00:00,885440.8
2025-03-03 13:00:00,866217.5
2025-03-03 14:00:00,855569.7
2025-03-03 15:00:00,869141.1
2025-03-03 16:00:00,901677.3
2025-03-03 17:00:00,959738.4
2025-03-03 18:00:00,1023710.0
2025-03-03 19:00:00,1031945.4
2025-03-03 20:00:00,1003758.3
2025-03-03 21:00:00,953297.2
2025-03-03 22:00:00,872991.4
2025-03-03 23:00:00,789207.0
2025-03-04 00:00:00,721864.4
2025-03-04 01:00:00,671250.9
2025-03-04 02:00:00,669273.1
2025-03-04 03:00:00,636649.9
2025-03-04 04:00:00,638817.6
2025-03-04 05:00:00,661580.1
2025-03-04 06:00:00,705381.0
2025-03-04 07:00:00,771169.3
2025-03-04 08:00:00,784404.8
2025-03-04 09:00:00,797897.2
2025-03-04 10:00:00,828016.9
2025-03-04 11:00:00,852206.8
2025-03-04 12:00:00,862533.0
2025-03-04 13:00:00,861054.1
2025-03-04 14:00:00,842098.7
2025-03-04 15:00:00,844151.3
2025-03-04 16:00:00,892475.1
2025-03-04 17:00:00,952758.8
2025-03-04 18:00:00,982037.3
2025-03-04 19:00:00,980871.7
2025-03-04 20:00:00,954218.3
2025-03-04 21:00:00,905974.2
2025-03-04 22:00:00,833815.9
2025-03-04 23:00:00,751840.0
2025-03-05 00:00:00,681769.6
2025-03-05 01:00:00,629143.3
2025-03-05 02:00:00,597746.0
2025-03-05 03:00:00,582604.4
2025-03-05 04:00:00,594029.8
2025-03-05 05:00:00,621450.9
2025-03-05 06:00:00,669441.4
2025-03-05 07:00:00,742899.8
2025-03-05 08:00:00,768693.8
2025-03-05 09:00:00,796791.1
2025-03-05 10:00:00,824665.4
2025-03-05 11:00:00,840909.8
2025-03-05 12:00:00,848226.3
2025-03-05 13:00:00,843992.7
2025-03-05 14:00:00,834524.3
2025-03-05 15:00:00,836087.9
2025-03-05 16:00:00,875794.8
2025-03-05 17:00:00,925326.4
2025-03-05 18:00:00,953418.5
2025-03-05 19:00:00,956283.3
2025-03-05 20:00:00,930964.1
2025-03-05 21:00:00,888327.0
2025-03-05 22:00:00,817984.0
2025-03-05 23:00:00,743704.2
2025-03-06 00:00:00,678607.9
2025-03-06 01:00:00,629893.4
2025-03-06 02:00:00,602223.9
2025-03-06 03:00:00,589193.1
2025-03-06 04:00:00,597333.9
2025-03-06 05:00:00,624346.1
2025-03-06 06:00:00,677405.5
2025-03-06 07:00:00,752601.8
2025-03-06 08:00:00,781950.6
2025-03-06 09:00:00,810818.6
2025-03-06 10:00:00,840801.9
2025-03-06 11:00:00,871712.3
2025-03-06 12:00:00,891679.8
2025-03-06 13:00:00,887129.6
2025-03-06 14:00:00,879006.0
2025-03-06 15:00:00,895131.0
2025-03-06 16:00:00,938822.5
2025-03-06 17:00:00,995873.0
2025-03-06 18:00:00,1035404.3
2025-03-06 19:00:00,1039675.0
2025-03-06 20:00:00,1014722.8
2025-03-06 21:00:00,967898.5
2025-03-06 22:00:00,895471.7
2025-03-06 23:00:00,814796.7
2025-03-07 00:00:00,746567.5
2025-03-07 01:00:00,694231.4
2025-03-07 02:00:00,661400.3
2025-03-07 03:00:00,647925.5
2025-03-07 04:00:00,658160.2
2025-03-07 05:00:00,678879.2
2025-03-07 06:00:00,723383.7
2025-03-07 07:00:00,781055.9
2025-03-07 08:00:00,800133.1
2025-03-07 09:00:00,827186.4
2025-03-07 10:00:00,861852.5
2025-03-07 11:00:00,869043.5
2025-03-07 12:00:00,868520.9
2025-03-07 13:00:00,853075.7
2025-03-07 14:00:00,837815.7
2025-03-07 15:00:00,836815.3
2025-03-07 16:00:00,864094.0
2025-03-07 17:00:00,913060.1
2025-03-07 18:00:00,967059.2
2025-03-07 19:00:00,977303.9
2025-03-07 20:00:00,959339.1
2025-03-07 21:00:00,924311.7
2025-03-07 22:00:00,864093.0
2025-03-07 23:00:00,799105.5
2025-03-08 00:00:00,734673.8
2025-03-08 01:00:00,688896.7
2025-03-08 02:00:00,666511.6
2025-03-08 03:00:00,649763.9
2025-03-08 04:00:00,654169.3
2025-03-08 05:00:00,666064.7
2025-03-08 06:00:00,688097.3
2025-03-08 07:00:00,733036.4
2025-03-08 08:00:00,786032.9
2025-03-08 09:00:00,841901.9
2025-03-08 10:00:00,885449.1
2025-03-08 11:00:00,917257.4
2025-03-08 12:00:00,924974.2
2025-03-08 13:00:00,909502.5
2025-03-08 14:00:00,893525.4
2025-03-08 15:00:00,889688.9
2025-03-08 16:00:00,910214.4
2025-03-08 17:00:00,953381.0
2025-03-08 18:00:00,1000194.7
2025-03-08 19:00:00,1000962.8
2025-03-08 20:00:00,969544.3
2025-03-08 21:00:00,932509.2
2025-03-08 22:00:00,875817.9
2025-03-08 23:00:00,807165.4
2025-03-09 00:00:00,744086.2
2025-03-09 01:00:00,693441.6
2025-03-09 02:00:00,658342.9
2025-03-09 03:00:00,639843.5
2025-03-09 04:00:00,643715.4
2025-03-09 05:00:00,652049.6
2025-03-09 06:00:00,674865.9
2025-03-09 07:00:00,717531.4
2025-03-09 08:00:00,761466.4
2025-03-09 09:00:00,804760.6
2025-03-09 10:00:00,848826.6
2025-03-09 11:00:00,873237.8
2025-03-09 12:00:00,871689.8
2025-03-09 13:00:00,857264.3
2025-03-09 14:00:00,854752.1
2025-03-09 15:00:00,872677.6
2025-03-09 16:00:00,896123.0
2025-03-09 17:00:00,933887.4
2025-03-09 18:00:00,962414.6
2025-03-09 19:00:00,955511.5
2025-03-09 20:00:00,912938.6
2025-03-09 21:00:00,847719.5
2025-03-09 22:00:00,761825.5
2025-03-09 23:00:00,684553.3
2025-03-10 00:00:00,625013.0
2025-03-10 01:00:00,587639.7
2025-03-10 02:00:00,568260.7
2025-03-10 03:00:00,568000.4
2025-03-10 04:00:00,594641.3
2025-03-10 05:00:00,630702.3
2025-03-10 06:00:00,676841.9
2025-03-10 07:00:00,719024.7
2025-03-10 08:00:00,735210.9
2025-03-10 09:00:00,751098.7
2025-03-10 10:00:00,767538.4
2025-03-10 11:00:00,777732.7
2025-03-10 12:00:00,763294.6
2025-03-10 13:00:00,747371.4
2025-03-10 14:00:00,739465.3
2025-03-10 15:00:00,754022.5
2025-03-10 16:00:00,791765.5
2025-03-10 17:00:00,837420.5
2025-03-10 18:00:00,880121.3
2025-03-10 19:00:00,881998.2
2025-03-10 20:00:00,846759.6
2025-03-10 21:00:00,787081.2
2025-03-10 22:00:00,709167.5
2025-03-10 23:00:00,644754.5
2025-03-11 00:00:00,595357.7
2025-03-11 01:00:00,562621.7
2025-03-11 02:00:00,548307.2
2025-03-11 03:00:00,548968.7
2025-03-11 04:00:00,575029.4
2025-03-11 05:00:00,609362.4
2025-03-11 06:00:00,656429.0
2025-03-11 07:00:00,691949.7
2025-03-11 08:00:00,707978.1
2025-03-11 09:00:00,724624.4
2025-03-11 10:00:00,738776.1
2025-03-11 11:00:00,745669.9
2025-03-11 12:00:00,735736.0
2025-03-11 13:00:00,724893.8
2025-03-11 14:00:00,724686.7
2025-03-11 15:00:00,744640.7
2025-03-11 16:00:00,785434.7
2025-03-11 17:00:00,828349.4
2025-03-11 18:00:00,874530.2
2025-03-11 19:00:00,885388.2
2025-03-11 20:00:00,858225.6
2025-03-11 21:00:00,802143.8
2025-03-11 22:00:00,731213.4
2025-03-11 23:00:00,666818.7
2025-03-12 00:00:00,618803.3
2025-03-12 01:00:00,591028.5
2025-03-12 02:00:00,579051.1
2025-03-12 03:00:00,583560.2
2025-03-12 04:00:00,613472.4
2025-03-12 05:00:00,652414.1
2025-03-12 06:00:00,706465.7
2025-03-12 07:00:00,750523.9
2025-03-12 08:00:00,782345.9
2025-03-12 09:00:00,803719.5
2025-03-12 10:00:00,824657.0
2025-03-12 11:00:00,839649.6
2025-03-12 12:00:00,835782.9
2025-03-12 13:00:00,829609.8
2025-03-12 14:00:00,827660.3
2025-03-12 15:00:00,838273.7
2025-03-12 16:00:00,889432.9
2025-03-12 17:00:00,930040.1
2025-03-12 18:00:00,959064.2
2025-03-12 19:00:00,957142.7
2025-03-12 20:00:00,920812.3
2025-03-12 21:00:00,853296.1
2025-03-12 22:00:00,776444.3
2025-03-12 23:00:00,707543.0
2025-03-13 00:00:00,658915.9
2025-03-13 01:00:00,628069.0
2025-03-13 02:00:00,612508.1
2025-03-13 03:00:00,613998.3
2025-03-13 04:00:00,640795.0
2025-03-13 05:00:00,675015.4
2025-03-13 06:00:00,725197.0
2025-03-13 07:00:00,766371.5
2025-03-13 08:00:00,785494.9
2025-03-13 09:00:00,801419.0
2025-03-13 10:00:00,810554.1
2025-03-13 11:00:00,810982.4
2025-03-13 12:00:00,794117.1
2025-03-13 13:00:00,775046.1
2025-03-13 14:00:00,766547.6
2025-03-13 15:00:00,782342.6
2025-03-13 16:00:00,819487.8
2025-03-13 17:00:00,857844.4
2025-03-13 18:00:00,896210.9
2025-03-13 19:00:00,901060.2
2025-03-13 20:00:00,868670.6
2025-03-13 21:00:00,809824.6
2025-03-13 22:00:00,736928.1
2025-03-13 23:00:00,676259.0
2025-03-14 00:00:00,629114.4
2025-03-14 01:00:00,614286.6
2025-03-14 02:00:00,603265.4
2025-03-14 03:00:00,586292.3
2025-03-14 04:00:00,612552.7
2025-03-14 05:00:00,645743.8
2025-03-14 06:00:00,693799.1
2025-03-14 07:00:00,734115.9
2025-03-14 08:00:00,756486.2
2025-03-14 09:00:00,774390.9
2025-03-14 10:00:00,791240.7
2025-03-14 11:00:00,795804.3
2025-03-14 12:00:00,776339.7
2025-03-14 13:00:00,756251.9
2025-03-14 14:00:00,748906.2
2025-03-14 15:00:00,762149.2
2025-03-14 16:00:00,789670.5
2025-03-14 17:00:00,822413.4
2025-03-14 18:00:00,851917.9
2025-03-14 19:00:00,851446.2
2025-03-14 20:00:00,820291.6
2025-03-14 21:00:00,767380.0
2025-03-14 22:00:00,700726.6
2025-03-14 23:00:00,641000.7
2025-03-15 00:00:00,591191.1
2025-03-15 01:00:00,555148.3
2025-03-15 02:00:00,533802.9
2025-03-15 03:00:00,527397.6
2025-03-15 04:00:00,541136.7
2025-03-15 05:00:00,560327.4
2025-03-15 06:00:00,598073.4
2025-03-15 07:00:00,658944.7
2025-03-15 08:00:00,728989.8
2025-03-15 09:00:00,793693.9
2025-03-15 10:00:00,848925.1
2025-03-15 11:00:00,868435.0
2025-03-15 12:00:00,854895.6
2025-03-15 13:00:00,821265.7
2025-03-15 14:00:00,793958.1
2025-03-15 15:00:00,790964.6
2025-03-15 16:00:00,802208.5
2025-03-15 17:00:00,816132.8
2025-03-15 18:00:00,837533.1
2025-03-15 19:00:00,829727.1
2025-03-15 20:00:00,796269.1
2025-03-15 21:00:00,743110.7
2025-03-15 22:00:00,682888.2
2025-03-15 23:00:00,623634.7
2025-03-16 00:00:00,567259.7
2025-03-16 01:00:00,528807.9
2025-03-16 02:00:00,505188.6
2025-03-16 03:00:00,495762.8
2025-03-16 04:00:00,506107.6
2025-03-16 05:00:00,521392.4
2025-03-16 06:00:00,553955.6
2025-03-16 07:00:00,610627.2
2025-03-16 08:00:00,675883.0
2025-03-16 09:00:00,737359.5
2025-03-16 10:00:00,774153.0
2025-03-16 11:00:00,808598.1
2025-03-16 12:00:00,814469.5
2025-03-16 13:00:00,808990.7
2025-03-16 14:00:00,809078.6
2025-03-16 15:00:00,822342.4
2025-03-16 16:00:00,843216.8
2025-03-16 17:00:00,854128.8
2025-03-16 18:00:00,882878.8
2025-03-16 19:00:00,880956.5
2025-03-16 20:00:00,843079.5
2025-03-16 21:00:00,774174.7
2025-03-16 22:00:00,694754.6
2025-03-16 23:00:00,627536.2
2025-03-17 00:00:00,578701.0
2025-03-17 01:00:00,550243.1
2025-03-17 02:00:00,538359.0
2025-03-17 03:00:00,543884.0
2025-03-17 04:00:00,576146.9
2025-03-17 05:00:00,626869.0
2025-03-17 06:00:00,702074.3
2025-03-17 07:00:00,743831.5
2025-03-17 08:00:00,756669.7
2025-03-17 09:00:00,772698.1
2025-03-17 10:00:00,788549.7
2025-03-17 11:00:00,797656.2
2025-03-17 12:00:00,782821.5
2025-03-17 13:00:00,765553.5
2025-03-17 14:00:00,760100.8
2025-03-17 15:00:00,780868.8
2025-03-17 16:00:00,815441.7
2025-03-17 17:00:00,848447.3
2025-03-17 18:00:00,886568.0
2025-03-17 19:00:00,897709.4
2025-03-17 20:00:00,863551.2
2025-03-17 21:00:00,797877.2
2025-03-17 22:00:00,718138.1
2025-03-17 23:00:00,650462.0
2025-03-18 00:00:00,601329.4
2025-03-18 01:00:00,569927.8
2025-03-18 02:00:00,555469.6
2025-03-18 03:00:00,561289.6
2025-03-18 04:00:00,592621.5
2025-03-18 05:00:00,639711.5
2025-03-18 06:00:00,705561.6
2025-03-18 07:00:00,720326.0
2025-03-18 08:00:00,724002.6
2025-03-18 09:00:00,737802.7
2025-03-18 10:00:00,750889.2
2025-03-18 11:00:00,751270.4
2025-03-18 12:00:00,732494.5
2025-03-18 13:00:00,714958.6
2025-03-18 14:00:00,712497.9
2025-03-18 15:00:00,734419.6
2025-03-18 16:00:00,767622.2
2025-03-18 17:00:00,800036.1
2025-03-18 18:00:00,837336.3
2025-03-18 19:00:00,849862.9
2025-03-18 20:00:00,816872.3
2025-03-18 21:00:00,752224.4
2025-03-18 22:00:00,675595.8
2025-03-18 23:00:00,607991.3
2025-03-19 00:00:00,561417.4
2025-03-19 01:00:00,533339.5
2025-03-19 02:00:00,520476.3
2025-03-19 03:00:00,524787.9
2025-03-19 04:00:00,554710.3
2025-03-19 05:00:00,598172.8
2025-03-19 06:00:00,662816.3
2025-03-19 07:00:00,683214.5
2025-03-19 08:00:00,693821.2
2025-03-19 09:00:00,699040.1
2025-03-19 10:00:00,709188.0
2025-03-19 11:00:00,710275.4
2025-03-19 12:00:00,696349.7
2025-03-19 13:00:00,685529.6
2025-03-19 14:00:00,685188.2
2025-03-19 15:00:00,705386.5
2025-03-19 16:00:00,733835.8
2025-03-19 17:00:00,760671.6
2025-03-19 18:00:00,795325.6
2025-03-19 19:00:00,811610.4
2025-03-19 20:00:00,778023.8
2025-03-19 21:00:00,715324.8
2025-03-19 22:00:00,638895.2
2025-03-19 23:00:00,574747.0
2025-03-20 00:00:00,524740.8
2025-03-20 01:00:00,492848.2
2025-03-20 02:00:00,478081.3
2025-03-20 03:00:00,478872.7
2025-03-20 04:00:00,504611.4
2025-03-20 05:00:00,546293.0
2025-03-20 06:00:00,611569.5
2025-03-20 07:00:00,648132.0
2025-03-20 08:00:00,675003.3
2025-03-20 09:00:00,704080.7
2025-03-20 10:00:00,726114.2
2025-03-20 11:00:00,747621.8
2025-03-20 12:00:00,743054.3
2025-03-20 13:00:00,735497.1
2025-03-20 14:00:00,733169.0
2025-03-20 15:00:00,770602.3
2025-03-20 16:00:00,802224.9
2025-03-20 17:00:00,838440.4
2025-03-20 18:00:00,879383.5
2025-03-20 19:00:00,884657.8
2025-03-20 20:00:00,859129.7
2025-03-20 21:00:00,797301.3
2025-03-20 22:00:00,720137.4
2025-03-20 23:00:00,655169.3
2025-03-21 00:00:00,608281.1
2025-03-21 01:00:00,579516.9
2025-03-21 02:00:00,564327.3
2025-03-21 03:00:00,567459.7
2025-03-21 04:00:00,594989.9
2025-03-21 05:00:00,636587.3
2025-03-21 06:00:00,705637.7
2025-03-21 07:00:00,733576.5
2025-03-21 08:00:00,747639.1
2025-03-21 09:00:00,764909.6
2025-03-21 10:00:00,783998.0
2025-03-21 11:00:00,790451.3
2025-03-21 12:00:00,775258.7
2025-03-21 13:00:00,755891.0
2025-03-21 14:00:00,752787.3
2025-03-21 15:00:00,767590.7
2025-03-21 16:00:00,790168.4
2025-03-21 17:00:00,814902.0
2025-03-21 18:00:00,852006.0
2025-03-21 19:00:00,864018.6
2025-03-21 20:00:00,836864.3
2025-03-21 21:00:00,784992.6
2025-03-21 22:00:00,721340.1
2025-03-21 23:00:00,663021.4
2025-03-22 00:00:00,616291.8
2025-03-22 01:00:00,586903.3
2025-03-22 02:00:00,549252.4
2025-03-22 03:00:00,542127.6
2025-03-22 04:00:00,554529.6
2025-03-22 05:00:00,572231.3
2025-03-22 06:00:00,614601.4
2025-03-22 07:00:00,678532.8
2025-03-22 08:00:00,748931.5
2025-03-22 09:00:00,830782.5
2025-03-22 10:00:00,871035.8
2025-03-22 11:00:00,879511.6
2025-03-22 12:00:00,877484.1
2025-03-22 13:00:00,869897.4
2025-03-22 14:00:00,858717.5
2025-03-22 15:00:00,863017.3
2025-03-22 16:00:00,887167.5
2025-03-22 17:00:00,911766.8
2025-03-22 18:00:00,933517.9
2025-03-22 19:00:00,939277.2
2025-03-22 20:00:00,908104.4
2025-03-22 21:00:00,857712.5
2025-03-22 22:00:00,791881.8
2025-03-22 23:00:00,732024.1
2025-03-23 00:00:00,681401.8
2025-03-23 01:00:00,643898.6
2025-03-23 02:00:00,621467.5
2025-03-23 03:00:00,615940.1
2025-03-23 04:00:00,627868.9
2025-03-23 05:00:00,644781.7
2025-03-23 06:00:00,684365.3
2025-03-23 07:00:00,736127.2
2025-03-23 08:00:00,787492.7
2025-03-23 09:00:00,833000.4
2025-03-23 10:00:00,871428.4
2025-03-23 11:00:00,891679.5
2025-03-23 12:00:00,886057.2
2025-03-23 13:00:00,873175.5
2025-03-23 14:00:00,874575.8
2025-03-23 15:00:00,894874.0
2025-03-23 16:00:00,944473.2
2025-03-23 17:00:00,971358.3
2025-03-23 18:00:00,997974.0
2025-03-23 19:00:00,993254.4
2025-03-23 20:00:00,948330.3
2025-03-23 21:00:00,871715.5
2025-03-23 22:00:00,782379.2
2025-03-23 23:00:00,712497.8
2025-03-24 00:00:00,659069.6
2025-03-24 01:00:00,623110.8
2025-03-24 02:00:00,603095.2
2025-03-24 03:00:00,601757.4
2025-03-24 04:00:00,625164.1
2025-03-24 05:00:00,663998.6
2025-03-24 06:00:00,728515.4
2025-03-24 07:00:00,751761.8
2025-03-24 08:00:00,771829.6
2025-03-24 09:00:00,802405.4
2025-03-24 10:00:00,828020.0
2025-03-24 11:00:00,836900.5
2025-03-24 12:00:00,836915.1
2025-03-24 13:00:00,840772.4
2025-03-24 14:00:00,851832.3
2025-03-24 15:00:00,864974.7
2025-03-24 16:00:00,898396.4
2025-03-24 17:00:00,920371.6
2025-03-24 18:00:00,944405.9
2025-03-24 19:00:00,943004.2
2025-03-24 20:00:00,899936.9
2025-03-24 21:00:00,829247.1
2025-03-24 22:00:00,744242.7
2025-03-24 23:00:00,676560.0
2025-03-25 00:00:00,627107.4
2025-03-25 01:00:00,595602.6
2025-03-25 02:00:00,580821.4
2025-03-25 03:00:00,585290.2
2025-03-25 04:00:00,614137.7
2025-03-25 05:00:00,663492.8
2025-03-25 06:00:00,733562.7
2025-03-25 07:00:00,757372.4
2025-03-25 08:00:00,773235.9
2025-03-25 09:00:00,796231.0
2025-03-25 10:00:00,811676.9
2025-03-25 11:00:00,818451.5
2025-03-25 12:00:00,812484.6
2025-03-25 13:00:00,801955.6
2025-03-25 14:00:00,808725.3
2025-03-25 15:00:00,836666.9
2025-03-25 16:00:00,883475.1
2025-03-25 17:00:00,917798.7
2025-03-25 18:00:00,938235.3
2025-03-25 19:00:00,940002.7
2025-03-25 20:00:00,899437.7
2025-03-25 21:00:00,825933.0
2025-03-25 22:00:00,743705.8
2025-03-25 23:00:00,679401.9
2025-03-26 00:00:00,630503.4
2025-03-26 01:00:00,599979.4
2025-03-26 02:00:00,588720.0
2025-03-26 03:00:00,595632.1
2025-03-26 04:00:00,626350.3
2025-03-26 05:00:00,672705.7
2025-03-26 06:00:00,746737.1
2025-03-26 07:00:00,768128.4
2025-03-26 08:00:00,778192.6
2025-03-26 09:00:00,792308.7
2025-03-26 10:00:00,809375.2
2025-03-26 11:00:00,819000.9
2025-03-26 12:00:00,810466.2
2025-03-26 13:00:00,793734.6
2025-03-26 14:00:00,789072.8
2025-03-26 15:00:00,812820.8
2025-03-26 16:00:00,846169.2
2025-03-26 17:00:00,875308.7
2025-03-26 18:00:00,916438.0
2025-03-26 19:00:00,936211.9
2025-03-26 20:00:00,905349.3
2025-03-26 21:00:00,839444.8
2025-03-26 22:00:00,757045.9
2025-03-26 23:00:00,693481.4
2025-03-27 00:00:00,645679.9
2025-03-27 01:00:00,615809.5
2025-03-27 02:00:00,603162.9
2025-03-27 03:00:00,609210.8
2025-03-27 04:00:00,638894.0
2025-03-27 05:00:00,685667.2
2025-03-27 06:00:00,754268.7
2025-03-27 07:00:00,762237.7
2025-03-27 08:00:00,762765.2
2025-03-27 09:00:00,774270.2
2025-03-27 10:00:00,785031.6
2025-03-27 11:00:00,786216.9
2025-03-27 12:00:00,767571.7
2025-03-27 13:00:00,751222.5
2025-03-27 14:00:00,747991.0
2025-03-27 15:00:00,775671.7
2025-03-27 16:00:00,813025.5
2025-03-27 17:00:00,833391.7
2025-03-27 18:00:00,872398.6
2025-03-27 19:00:00,882870.0
2025-03-27 20:00:00,847526.9
2025-03-27 21:00:00,784924.3
2025-03-27 22:00:00,710849.8
2025-03-27 23:00:00,652415.2
2025-03-28 00:00:00,607433.1
2025-03-28 01:00:00,573797.3
2025-03-28 02:00:00,559123.2
2025-03-28 03:00:00,562414.1
2025-03-28 04:00:00,588740.4
2025-03-28 05:00:00,630681.3
2025-03-28 06:00:00,699657.1
2025-03-28 07:00:00,737718.9
2025-03-28 08:00:00,770787.6
2025-03-28 09:00:00,801775.1
2025-03-28 10:00:00,829492.9
2025-03-28 11:00:00,838484.0
2025-03-28 12:00:00,826898.7
2025-03-28 13:00:00,821240.6
2025-03-28 14:00:00,836006.0
2025-03-28 15:00:00,863388.0
2025-03-28 16:00:00,904569.3
2025-03-28 17:00:00,928432.8
2025-03-28 18:00:00,937174.1
2025-03-28 19:00:00,928932.2
2025-03-28 20:00:00,894257.0
2025-03-28 21:00:00,837539.1
2025-03-28 22:00:00,766155.7
2025-03-28 23:00:00,708861.5
2025-03-29 00:00:00,652439.4
2025-03-29 01:00:00,613494.4
2025-03-29 02:00:00,592241.4
2025-03-29 03:00:00,584744.6
2025-03-29 04:00:00,596288.0
2025-03-29 05:00:00,615613.0
2025-03-29 06:00:00,662771.9
2025-03-29 07:00:00,734989.4
2025-03-29 08:00:00,807662.6
2025-03-29 09:00:00,867676.5
2025-03-29 10:00:00,919745.6
2025-03-29 11:00:00,947631.1
2025-03-29 12:00:00,941808.7
2025-03-29 13:00:00,940664.7
2025-03-29 14:00:00,945220.8
2025-03-29 15:00:00,961540.1
2025-03-29 16:00:00,986337.3
2025-03-29 17:00:00,997457.3
2025-03-29 18:00:00,993192.0
2025-03-29 19:00:00,968912.1
2025-03-29 20:00:00,931496.6
2025-03-29 21:00:00,869363.0
2025-03-29 22:00:00,798188.9
2025-03-29 23:00:00,735681.3
2025-03-30 00:00:00,675042.7
2025-03-30 01:00:00,636009.9
2025-03-30 02:00:00,611157.4
2025-03-30 03:00:00,598942.8
2025-03-30 04:00:00,603773.9
2025-03-30 05:00:00,624354.9
2025-03-30 06:00:00,666040.5
2025-03-30 07:00:00,731575.8
2025-03-30 08:00:00,801660.6
2025-03-30 09:00:00,864073.2
2025-03-30 10:00:00,921402.4
2025-03-30 11:00:00,946470.8
2025-03-30 12:00:00,941409.8
2025-03-30 13:00:00,931773.6
2025-03-30 14:00:00,928926.8
2025-03-30 15:00:00,941309.2
2025-03-30 16:00:00,974160.8
2025-03-30 17:00:00,987739.6
2025-03-30 18:00:00,980705.3
2025-03-30 19:00:00,965615.7
2025-03-30 20:00:00,916620.0
2025-03-30 21:00:00,840827.4
2025-03-30 22:00:00,748664.5
2025-03-30 23:00:00,666938.1
2025-03-31 00:00:00,608191.1
2025-03-31 01:00:00,569823.4
2025-03-31 02:00:00,548651.6
2025-03-31 03:00:00,543777.5
2025-03-31 04:00:00,566527.6
2025-03-31 05:00:00,611478.5
2025-03-31 06:00:00,680391.3
2025-03-31 07:00:00,709855.3
2025-03-31 08:00:00,739404.8
2025-03-31 09:00:00,761587.3
2025-03-31 10:00:00,782457.3
2025-03-31 11:00:00,789966.7
2025-03-31 12:00:00,774814.5
2025-03-31 13:00:00,758654.1
2025-03-31 14:00:00,767531.8
2025-03-31 15:00:00,817123.7
2025-03-31 16:00:00,874961.7
2025-03-31 17:00:00,904277.8
2025-03-31 18:00:00,921826.2
2025-03-31 19:00:00,928291.9
2025-03-31 20:00:00,891594.2
2025-03-31 21:00:00,820340.1
2025-03-31 22:00:00,734776.0
2025-03-31 23:00:00,663051.4
2025-04-01 00:00:00,610290.2
2025-04-01 01:00:00,581028.0
2025-04-01 02:00:00,567831.7
2025-04-01 03:00:00,573731.0
2025-04-01 04:00:00,604150.1
2025-04-01 05:00:00,661207.7
2025-04-01 06:00:00,729997.0
2025-04-01 07:00:00,736424.6
2025-04-01 08:00:00,744103.5
2025-04-01 09:00:00,765863.9
2025-04-01 10:00:00,785601.0
2025-04-01 11:00:00,793347.8
2025-04-01 12:00:00,779495.8
2025-04-01 13:00:00,764170.8
2025-04-01 14:00:00,761688.9
2025-04-01 15:00:00,784028.1
2025-04-01 16:00:00,819676.3
2025-04-01 17:00:00,850704.0
2025-04-01 18:00:00,889332.6
2025-04-01 19:00:00,919217.3
2025-04-01 20:00:00,890359.8
2025-04-01 21:00:00,823635.7
2025-04-01 22:00:00,737768.0
2025-04-01 23:00:00,668156.1
2025-04-02 00:00:00,619498.4
2025-04-02 01:00:00,592118.0
2025-04-02 02:00:00,580725.1
2025-04-02 03:00:00,586216.4
2025-04-02 04:00:00,616972.0
2025-04-02 05:00:00,671454.0
2025-04-02 06:00:00,750270.5
2025-04-02 07:00:00,782205.5
2025-04-02 08:00:00,799307.8
2025-04-02 09:00:00,825254.2
2025-04-02 10:00:00,864516.9
2025-04-02 11:00:00,889519.0
2025-04-02 12:00:00,897244.8
2025-04-02 13:00:00,898748.6
2025-04-02 14:00:00,908978.0
2025-04-02 15:00:00,946960.3
2025-04-02 16:00:00,993173.9
2025-04-02 17:00:00,1017369.3
2025-04-02 18:00:00,1018116.0
2025-04-02 19:00:00,1002856.4
2025-04-02 20:00:00,953958.0
2025-04-02 21:00:00,864408.8
2025-04-02 22:00:00,771407.9
2025-04-02 23:00:00,691069.1
2025-04-03 00:00:00,632544.6
2025-04-03 01:00:00,602644.6
2025-04-03 02:00:00,582896.9
2025-04-03 03:00:00,578376.7
2025-04-03 04:00:00,597789.1
2025-04-03 05:00:00,642592.7
2025-04-03 06:00:00,708176.2
2025-04-03 07:00:00,723174.1
2025-04-03 08:00:00,730414.8
2025-04-03 09:00:00,732450.9
2025-04-03 10:00:00,734494.6
2025-04-03 11:00:00,734128.0
2025-04-03 12:00:00,716921.9
2025-04-03 13:00:00,701067.5
2025-04-03 14:00:00,697859.6
2025-04-03 15:00:00,716897.2
2025-04-03 16:00:00,751661.0
2025-04-03 17:00:00,781642.1
2025-04-03 18:00:00,808851.4
2025-04-03 19:00:00,832418.8
2025-04-03 20:00:00,804663.4
2025-04-03 21:00:00,745234.3
2025-04-03 22:00:00,669992.2
2025-04-03 23:00:00,601427.4
2025-04-04 00:00:00,550497.0
2025-04-04 01:00:00,519765.7
2025-04-04 02:00:00,507722.0
2025-04-04 03:00:00,513629.4
2025-04-04 04:00:00,541999.3
2025-04-04 05:00:00,595531.8
2025-04-04 06:00:00,669262.6
2025-04-04 07:00:00,691746.8
2025-04-04 08:00:00,710976.3
2025-04-04 09:00:00,732085.3
2025-04-04 10:00:00,749040.5
2025-04-04 11:00:00,754739.3
2025-04-04 12:00:00,739078.8
2025-04-04 13:00:00,723039.7
2025-04-04 14:00:00,720259.4
2025-04-04 15:00:00,744871.5
2025-04-04 16:00:00,780419.2
2025-04-04 17:00:00,799207.0
2025-04-04 18:00:00,821838.3
2025-04-04 19:00:00,842541.7
2025-04-04 20:00:00,818561.8
2025-04-04 21:00:00,765583.7
2025-04-04 22:00:00,698758.0
2025-04-04 23:00:00,635835.3
2025-04-05 00:00:00,583870.4
2025-04-05 01:00:00,547548.7
2025-04-05 02:00:00,528520.7
2025-04-05 03:00:00,524507.4
2025-04-05 04:00:00,535335.9
2025-04-05 05:00:00,563771.7
2025-04-05 06:00:00,617952.1
2025-04-05 07:00:00,692538.3
2025-04-05 08:00:00,763226.8
2025-04-05 09:00:00,824658.2
2025-04-05 10:00:00,867497.7
2025-04-05 11:00:00,881689.8
2025-04-05 12:00:00,875336.2
2025-04-05 13:00:00,864188.9
2025-04-05 14:00:00,851132.6
2025-04-05 15:00:00,854058.5
2025-04-05 16:00:00,867904.6
2025-04-05 17:00:00,870377.5
2025-04-05 18:00:00,869256.6
2025-04-05 19:00:00,866760.1
2025-04-05 20:00:00,835013.9
2025-04-05 21:00:00,783361.6
2025-04-05 22:00:00,714991.7
2025-04-05 23:00:00,650456.1
2025-04-06 00:00:00,597604.3
2025-04-06 01:00:00,563355.8
2025-04-06 02:00:00,545473.4
2025-04-06 03:00:00,538130.1
2025-04-06 04:00:00,548159.0
2025-04-06 05:00:00,572512.5
2025-04-06 06:00:00,619007.6
2025-04-06 07:00:00,681413.2
2025-04-06 08:00:00,737735.6
2025-04-06 09:00:00,785145.2
2025-04-06 10:00:00,826606.8
2025-04-06 11:00:00,844437.9
2025-04-06 12:00:00,836459.3
2025-04-06 13:00:00,822711.0
2025-04-06 14:00:00,814802.0
2025-04-06 15:00:00,826414.6
2025-04-06 16:00:00,864173.4
2025-04-06 17:00:00,889748.9
2025-04-06 18:00:00,910342.8
2025-04-06 19:00:00,927057.4
2025-04-06 20:00:00,892366.3
2025-04-06 21:00:00,819067.1
2025-04-06 22:00:00,728674.0
2025-04-06 23:00:00,648603.0
2025-04-07 00:00:00,593752.1
2025-04-07 01:00:00,561979.0
2025-04-07 02:00:00,548676.2
2025-04-07 03:00:00,552252.9
2025-04-07 04:00:00,581849.9
2025-04-07 05:00:00,636173.2
2025-04-07 06:00:00,703361.4
2025-04-07 07:00:00,713310.4
2025-04-07 08:00:00,722441.2
2025-04-07 09:00:00,740811.0
2025-04-07 10:00:00,758110.4
2025-04-07 11:00:00,765779.9
2025-04-07 12:00:00,753369.0
2025-04-07 13:00:00,749866.2
2025-04-07 14:00:00,755866.2
2025-04-07 15:00:00,796876.8
2025-04-07 16:00:00,843080.3
2025-04-07 17:00:00,886381.7
2025-04-07 18:00:00,899537.3
2025-04-07 19:00:00,923332.7
2025-04-07 20:00:00,896427.7
2025-04-07 21:00:00,828873.9
2025-04-07 22:00:00,747509.2
2025-04-07 23:00:00,678252.6
2025-04-08 00:00:00,638119.5
2025-04-08 01:00:00,614246.6
2025-04-08 02:00:00,603548.3
2025-04-08 03:00:00,611845.7
2025-04-08 04:00:00,641328.0
2025-04-08 05:00:00,699302.0
2025-04-08 06:00:00,777251.5
2025-04-08 07:00:00,805341.0
2025-04-08 08:00:00,825315.1
2025-04-08 09:00:00,846803.5
2025-04-08 10:00:00,858473.0
2025-04-08 11:00:00,863517.7
2025-04-08 12:00:00,846460.6
2025-04-08 13:00:00,831750.7
2025-04-08 14:00:00,828522.1
2025-04-08 15:00:00,852290.6
2025-04-08 16:00:00,888568.9
2025-04-08 17:00:00,915949.0
2025-04-08 18:00:00,945573.5
2025-04-08 19:00:00,974026.6
2025-04-08 20:00:00,942351.2
2025-04-08 21:00:00,868108.2
2025-04-08 22:00:00,779405.9
2025-04-08 23:00:00,707203.7
2025-04-09 00:00:00,658538.3
2025-04-09 01:00:00,629359.3
2025-04-09 02:00:00,617069.2
2025-04-09 03:00:00,620868.5
2025-04-09 04:00:00,649201.7
2025-04-09 05:00:00,703410.7
2025-04-09 06:00:00,767130.7
2025-04-09 07:00:00,771403.8
2025-04-09 08:00:00,778352.0
2025-04-09 09:00:00,811784.5
2025-04-09 10:00:00,828197.8
2025-04-09 11:00:00,826707.8
2025-04-09 12:00:00,805171.9
2025-04-09 13:00:00,792093.4
2025-04-09 14:00:00,799624.7
2025-04-09 15:00:00,835194.6
2025-04-09 16:00:00,865701.5
2025-04-09 17:00:00,891124.1
2025-04-09 18:00:00,908099.1
2025-04-09 19:00:00,925678.2
2025-04-09 20:00:00,893232.2
2025-04-09 21:00:00,824670.1
2025-04-09 22:00:00,739006.7
2025-04-09 23:00:00,669151.9
2025-04-10 00:00:00,620401.4
2025-04-10 01:00:00,593256.1
2025-04-10 02:00:00,582368.8
2025-04-10 03:00:00,599234.5
2025-04-10 04:00:00,611754.4
2025-04-10 05:00:00,658624.0
2025-04-10 06:00:00,731469.8
2025-04-10 07:00:00,753564.6
2025-04-10 08:00:00,761772.1
2025-04-10 09:00:00,780565.4
2025-04-10 10:00:00,799980.1
2025-04-10 11:00:00,811580.9
2025-04-10 12:00:00,803669.4
2025-04-10 13:00:00,795396.1
2025-04-10 14:00:00,813446.8
2025-04-10 15:00:00,857564.8
2025-04-10 16:00:00,901839.6
2025-04-10 17:00:00,931380.9
2025-04-10 18:00:00,943432.2
2025-04-10 19:00:00,944275.5
2025-04-10 20:00:00,904767.4
2025-04-10 21:00:00,833420.1
2025-04-10 22:00:00,746321.2
2025-04-10 23:00:00,677103.1
2025-04-11 00:00:00,622376.3
2025-04-11 01:00:00,591404.4
2025-04-11 02:00:00,576454.0
2025-04-11 03:00:00,577004.7
2025-04-11 04:00:00,602939.5
2025-04-11 05:00:00,652429.9
2025-04-11 06:00:00,726258.7
2025-04-11 07:00:00,762653.6
2025-04-11 08:00:00,788783.0
2025-04-11 09:00:00,818051.5
2025-04-11 10:00:00,839331.9
2025-04-11 11:00:00,849771.5
2025-04-11 12:00:00,835996.1
2025-04-11 13:00:00,829307.7
2025-04-11 14:00:00,832958.6
2025-04-11 15:00:00,856123.0
2025-04-11 16:00:00,882008.5
2025-04-11 17:00:00,900118.6
2025-04-11 18:00:00,905247.3
2025-04-11 19:00:00,906157.0
2025-04-11 20:00:00,869911.9
2025-04-11 21:00:00,813551.5
2025-04-11 22:00:00,741922.0
2025-04-11 23:00:00,673941.8
2025-04-12 00:00:00,619493.6
2025-04-12 01:00:00,583019.4
2025-04-12 02:00:00,561049.3
2025-04-12 03:00:00,553980.5
2025-04-12 04:00:00,563640.7
2025-04-12 05:00:00,590571.1
2025-04-12 06:00:00,642183.9
2025-04-12 07:00:00,714831.9
2025-04-12 08:00:00,776583.8
2025-04-12 09:00:00,815715.8
2025-04-12 10:00:00,841483.0
2025-04-12 11:00:00,855392.2
2025-04-12 12:00:00,847890.4
2025-04-12 13:00:00,834587.0
2025-04-12 14:00:00,821823.1
2025-04-12 15:00:00,822447.9
2025-04-12 16:00:00,835338.3
2025-04-12 17:00:00,836429.6
2025-04-12 18:00:00,839410.6
2025-04-12 19:00:00,856456.1
2025-04-12 20:00:00,837518.6
2025-04-12 21:00:00,789563.0
2025-04-12 22:00:00,724647.7
2025-04-12 23:00:00,657755.8
2025-04-13 00:00:00,603583.8
2025-04-13 01:00:00,567802.1
2025-04-13 02:00:00,546304.5
2025-04-13 03:00:00,538582.8
2025-04-13 04:00:00,549353.3
2025-04-13 05:00:00,573892.6
2025-04-13 06:00:00,615508.8
2025-04-13 07:00:00,662695.5
2025-04-13 08:00:00,709997.8
2025-04-13 09:00:00,751380.9
2025-04-13 10:00:00,783242.3
2025-04-13 11:00:00,799509.5
2025-04-13 12:00:00,791371.3
2025-04-13 13:00:00,777811.4
2025-04-13 14:00:00,769013.6
2025-04-13 15:00:00,779321.0
2025-04-13 16:00:00,808225.6
2025-04-13 17:00:00,822380.6
2025-04-13 18:00:00,833109.0
2025-04-13 19:00:00,860485.4
2025-04-13 20:00:00,835543.0
2025-04-13 21:00:00,764956.4
2025-04-13 22:00:00,674117.6
2025-04-13 23:00:00,597054.2
2025-04-14 00:00:00,555941.6
2025-04-14 01:00:00,523121.3
2025-04-14 02:00:00,502171.7
2025-04-14 03:00:00,496746.2
2025-04-14 04:00:00,519973.6
2025-04-14 05:00:00,572062.6
2025-04-14 06:00:00,642648.8
2025-04-14 07:00:00,671483.6
2025-04-14 08:00:00,688617.5
2025-04-14 09:00:00,703102.7
2025-04-14 10:00:00,716500.9
2025-04-14 11:00:00,723888.2
2025-04-14 12:00:00,711399.7
2025-04-14 13:00:00,704890.5
2025-04-14 14:00:00,701176.7
2025-04-14 15:00:00,726004.8
2025-04-14 16:00:00,760717.1
2025-04-14 17:00:00,780062.2
2025-04-14 18:00:00,791623.6
2025-04-14 19:00:00,817630.2
2025-04-14 20:00:00,791351.2
2025-04-14 21:00:00,720354.0
2025-04-14 22:00:00,633552.6
2025-04-14 23:00:00,564144.2
2025-04-15 00:00:00,513728.0
2025-04-15 01:00:00,486709.8
2025-04-15 02:00:00,473016.9
2025-04-15 03:00:00,473041.8
2025-04-15 04:00:00,497388.6
2025-04-15 05:00:00,551680.2
2025-04-15 06:00:00,623246.4
2025-04-15 07:00:00,647905.1
2025-04-15 08:00:00,672692.0
2025-04-15 09:00:00,698552.7
2025-04-15 10:00:00,718445.2
2025-04-15 11:00:00,722513.1
2025-04-15 12:00:00,711853.6
2025-04-15 13:00:00,706836.8
2025-04-15 14:00:00,720731.9
2025-04-15 15:00:00,764419.4
2025-04-15 16:00:00,821359.7
2025-04-15 17:00:00,854003.8
2025-04-15 18:00:00,878900.1
2025-04-15 19:00:00,886464.1
2025-04-15 20:00:00,852137.8
2025-04-15 21:00:00,781635.2
2025-04-15 22:00:00,699031.3
2025-04-15 23:00:00,626643.3
2025-04-16 00:00:00,576614.9
2025-04-16 01:00:00,547856.6
2025-04-16 02:00:00,535481.4
2025-04-16 03:00:00,537897.5
2025-04-16 04:00:00,566746.0
2025-04-16 05:00:00,623048.8
2025-04-16 06:00:00,692746.1
2025-04-16 07:00:00,707116.2
2025-04-16 08:00:00,726913.8
2025-04-16 09:00:00,761160.6
2025-04-16 10:00:00,782958.4
2025-04-16 11:00:00,794924.5
2025-04-16 12:00:00,788148.4
2025-04-16 13:00:00,773621.2
2025-04-16 14:00:00,773405.8
2025-04-16 15:00:00,793567.4
2025-04-16 16:00:00,828013.9
2025-04-16 17:00:00,854849.0
2025-04-16 18:00:00,865304.1
2025-04-16 19:00:00,892645.8
2025-04-16 20:00:00,870494.5
2025-04-16 21:00:00,800383.3
2025-04-16 22:00:00,718787.8
2025-04-16 23:00:00,645344.2
2025-04-17 00:00:00,595142.0
2025-04-17 01:00:00,565661.5
2025-04-17 02:00:00,552235.8
2025-04-17 03:00:00,556955.2
2025-04-17 04:00:00,585735.7
2025-04-17 05:00:00,640456.5
2025-04-17 06:00:00,698503.2
2025-04-17 07:00:00,706527.1
2025-04-17 08:00:00,713804.7
2025-04-17 09:00:00,727380.9
2025-04-17 10:00:00,740485.6
2025-04-17 11:00:00,743208.2
2025-04-17 12:00:00,729214.2
2025-04-17 13:00:00,714964.3
2025-04-17 14:00:00,708191.3
2025-04-17 15:00:00,721739.4
2025-04-17 16:00:00,740946.4
2025-04-17 17:00:00,753947.0
2025-04-17 18:00:00,776262.9
2025-04-17 19:00:00,809594.2
2025-04-17 20:00:00,803549.0
2025-04-17 21:00:00,754410.1
2025-04-17 22:00:00,687629.6
2025-04-17 23:00:00,622889.7
2025-04-18 00:00:00,565978.5
2025-04-18 01:00:00,532195.8
2025-04-18 02:00:00,512734.2
2025-04-18 03:00:00,503513.3
2025-04-18 04:00:00,512459.7
2025-04-18 05:00:00,536532.5
2025-04-18 06:00:00,573366.4
2025-04-18 07:00:00,633870.6
2025-04-18 08:00:00,691477.7
2025-04-18 09:00:00,747559.0
2025-04-18 10:00:00,794293.2
2025-04-18 11:00:00,817472.6
2025-04-18 12:00:00,811520.6
2025-04-18 13:00:00,785073.2
2025-04-18 14:00:00,776381.8
2025-04-18 15:00:00,766779.1
2025-04-18 16:00:00,760381.8
2025-04-18 17:00:00,759695.3
2025-04-18 18:00:00,773478.4
2025-04-18 19:00:00,780784.4
2025-04-18 20:00:00,755977.5
2025-04-18 21:00:00,706602.4
2025-04-18 22:00:00,647211.3
2025-04-18 23:00:00,582518.0
2025-04-19 00:00:00,529122.0
2025-04-19 01:00:00,492606.3
2025-04-19 02:00:00,470804.6
2025-04-19 03:00:00,460791.3
2025-04-19 04:00:00,465957.6
2025-04-19 05:00:00,487228.9
2025-04-19 06:00:00,529728.8
2025-04-19 07:00:00,591620.3
2025-04-19 08:00:00,654281.1
2025-04-19 09:00:00,708993.9
2025-04-19 10:00:00,747459.2
2025-04-19 11:00:00,761685.0
2025-04-19 12:00:00,756374.0
2025-04-19 13:00:00,740304.0
2025-04-19 14:00:00,734632.0
2025-04-19 15:00:00,742595.6
2025-04-19 16:00:00,753684.1
2025-04-19 17:00:00,749952.9
2025-04-19 18:00:00,757343.8
2025-04-19 19:00:00,777167.1
2025-04-19 20:00:00,765611.2
2025-04-19 21:00:00,721801.5
2025-04-19 22:00:00,661307.7
2025-04-19 23:00:00,602048.0
2025-04-20 00:00:00,552990.4
2025-04-20 01:00:00,536379.2
2025-04-20 02:00:00,514411.5
2025-04-20 03:00:00,495873.7
2025-04-20 04:00:00,500262.7
2025-04-20 05:00:00,526483.3
2025-04-20 06:00:00,572513.6
2025-04-20 07:00:00,632261.6
2025-04-20 08:00:00,685236.9
2025-04-20 09:00:00,730758.0
2025-04-20 10:00:00,766836.2
2025-04-20 11:00:00,778643.3
2025-04-20 12:00:00,767458.5
2025-04-20 13:00:00,750237.5
2025-04-20 14:00:00,737156.1
2025-04-20 15:00:00,738589.3
2025-04-20 16:00:00,751305.8
2025-04-20 17:00:00,756354.0
2025-04-20 18:00:00,766275.4
2025-04-20 19:00:00,799101.3
2025-04-20 20:00:00,790429.3
2025-04-20 21:00:00,739298.0
2025-04-20 22:00:00,664287.1
2025-04-20 23:00:00,595334.6
2025-04-21 00:00:00,543570.8
2025-04-21 01:00:00,511374.1
2025-04-21 02:00:00,494825.6
2025-04-21 03:00:00,497074.2
2025-04-21 04:00:00,519033.9
2025-04-21 05:00:00,555218.2
2025-04-21 06:00:00,599521.0
2025-04-21 07:00:00,656994.8
2025-04-21 08:00:00,713339.3
2025-04-21 09:00:00,757400.2
2025-04-21 10:00:00,780116.3
2025-04-21 11:00:00,804154.7
2025-04-21 12:00:00,789283.8
2025-04-21 13:00:00,794461.6
2025-04-21 14:00:00,783210.8
2025-04-21 15:00:00,806571.5
2025-04-21 16:00:00,817726.5
2025-04-21 17:00:00,814321.1
2025-04-21 18:00:00,824474.1
2025-04-21 19:00:00,849596.9
2025-04-21 20:00:00,826980.7
2025-04-21 21:00:00,752888.3
2025-04-21 22:00:00,665270.9
2025-04-21 23:00:00,588815.6
2025-04-22 00:00:00,535924.8
2025-04-22 01:00:00,503152.0
2025-04-22 02:00:00,488467.2
2025-04-22 03:00:00,489605.8
2025-04-22 04:00:00,513763.7
2025-04-22 05:00:00,568064.5
2025-04-22 06:00:00,637301.8
2025-04-22 07:00:00,663580.8
2025-04-22 08:00:00,675953.7
2025-04-22 09:00:00,689765.5
2025-04-22 10:00:00,705754.3
2025-04-22 11:00:00,712367.7
2025-04-22 12:00:00,699526.6
2025-04-22 13:00:00,686164.9
2025-04-22 14:00:00,683304.9
2025-04-22 15:00:00,705547.9
2025-04-22 16:00:00,736324.4
2025-04-22 17:00:00,755429.2
2025-04-22 18:00:00,771080.4
2025-04-22 19:00:00,799600.1
2025-04-22 20:00:00,783028.1
2025-04-22 21:00:00,721719.7
2025-04-22 22:00:00,640499.5
2025-04-22 23:00:00,570494.9
2025-04-23 00:00:00,520517.3
2025-04-23 01:00:00,491318.3
2025-04-23 02:00:00,476043.8
2025-04-23 03:00:00,477600.5
2025-04-23 04:00:00,503374.8
2025-04-23 05:00:00,554836.4
2025-04-23 06:00:00,617398.9
2025-04-23 07:00:00,635731.3
2025-04-23 08:00:00,646798.3
2025-04-23 09:00:00,665308.9
2025-04-23 10:00:00,682329.3
2025-04-23 11:00:00,690550.5
2025-04-23 12:00:00,679775.5
2025-04-23 13:00:00,668529.7
2025-04-23 14:00:00,670410.5
2025-04-23 15:00:00,695785.6
2025-04-23 16:00:00,727777.4
2025-04-23 17:00:00,752467.4
2025-04-23 18:00:00,775634.7
2025-04-23 19:00:00,799617.7
2025-04-23 20:00:00,778192.7
2025-04-23 21:00:00,710277.5
2025-04-23 22:00:00,628787.8
2025-04-23 23:00:00,556399.3
2025-04-24 00:00:00,503027.3
2025-04-24 01:00:00,471924.3
2025-04-24 02:00:00,457609.8
2025-04-24 03:00:00,459526.1
2025-04-24 04:00:00,483753.3
2025-04-24 05:00:00,533611.4
2025-04-24 06:00:00,597937.9
2025-04-24 07:00:00,619277.9
2025-04-24 08:00:00,640878.6
2025-04-24 09:00:00,666915.2
2025-04-24 10:00:00,677784.4
2025-04-24 11:00:00,684277.5
2025-04-24 12:00:00,676688.6
2025-04-24 13:00:00,667411.7
2025-04-24 14:00:00,670512.1
2025-04-24 15:00:00,694649.2
2025-04-24 16:00:00,726560.6
2025-04-24 17:00:00,738198.4
2025-04-24 18:00:00,753484.8
2025-04-24 19:00:00,781284.0
2025-04-24 20:00:00,767590.3
2025-04-24 21:00:00,703579.8
2025-04-24 22:00:00,621395.4
2025-04-24 23:00:00,549751.1
2025-04-25 00:00:00,493304.6
2025-04-25 01:00:00,459111.9
2025-04-25 02:00:00,441038.4
2025-04-25 03:00:00,438531.8
2025-04-25 04:00:00,457247.4
2025-04-25 05:00:00,500687.5
2025-04-25 06:00:00,566735.7
2025-04-25 07:00:00,603859.1
2025-04-25 08:00:00,633833.7
2025-04-25 09:00:00,663482.2
2025-04-25 10:00:00,689354.2
2025-04-25 11:00:00,703176.0
2025-04-25 12:00:00,694475.8
2025-04-25 13:00:00,684487.0
2025-04-25 14:00:00,683860.8
2025-04-25 15:00:00,702713.0
2025-04-25 16:00:00,729318.4
2025-04-25 17:00:00,749041.6
2025-04-25 18:00:00,764194.4
2025-04-25 19:00:00,781856.1
2025-04-25 20:00:00,758622.8
2025-04-25 21:00:00,704994.5
2025-04-25 22:00:00,636638.7
2025-04-25 23:00:00,572195.5
2025-04-26 00:00:00,517597.0
2025-04-26 01:00:00,479366.4
2025-04-26 02:00:00,456223.5
2025-04-26 03:00:00,447034.4
2025-04-26 04:00:00,453988.6
2025-04-26 05:00:00,478278.9
2025-04-26 06:00:00,528111.7
2025-04-26 07:00:00,607327.9
2025-04-26 08:00:00,675364.8
2025-04-26 09:00:00,731743.9
2025-04-26 10:00:00,772603.4
2025-04-26 11:00:00,784278.0
2025-04-26 12:00:00,775088.2
2025-04-26 13:00:00,762433.9
2025-04-26 14:00:00,758407.5
2025-04-26 15:00:00,767396.2
2025-04-26 16:00:00,791111.4
2025-04-26 17:00:00,804584.6
2025-04-26 18:00:00,811720.9
2025-04-26 19:00:00,820499.2
2025-04-26 20:00:00,799020.1
2025-04-26 21:00:00,744473.6
2025-04-26 22:00:00,678454.1
2025-04-26 23:00:00,608200.0
2025-04-27 00:00:00,551111.3
2025-04-27 01:00:00,512525.6
2025-04-27 02:00:00,489209.6
2025-04-27 03:00:00,482147.3
2025-04-27 04:00:00,490151.7
2025-04-27 05:00:00,512633.0
2025-04-27 06:00:00,552592.5
2025-04-27 07:00:00,611534.3
2025-04-27 08:00:00,667247.4
2025-04-27 09:00:00,712334.7
2025-04-27 10:00:00,745571.6
2025-04-27 11:00:00,759183.4
2025-04-27 12:00:00,749121.5
2025-04-27 13:00:00,734744.0
2025-04-27 14:00:00,726139.3
2025-04-27 15:00:00,737247.8
2025-04-27 16:00:00,767758.6
2025-04-27 17:00:00,785388.1
2025-04-27 18:00:00,786793.5
2025-04-27 19:00:00,813393.6
2025-04-27 20:00:00,801403.2
2025-04-27 21:00:00,732618.4
2025-04-27 22:00:00,641157.4
2025-04-27 23:00:00,560896.1
2025-04-28 00:00:00,504927.2
2025-04-28 01:00:00,472645.5
2025-04-28 02:00:00,457344.6
2025-04-28 03:00:00,458730.5
2025-04-28 04:00:00,484722.0
2025-04-28 05:00:00,535469.9
2025-04-28 06:00:00,599181.8
2025-04-28 07:00:00,619195.1
2025-04-28 08:00:00,632388.0
2025-04-28 09:00:00,654579.5
2025-04-28 10:00:00,676143.3
2025-04-28 11:00:00,685943.5
2025-04-28 12:00:00,678124.1
2025-04-28 13:00:00,669904.6
2025-04-28 14:00:00,672417.3
2025-04-28 15:00:00,699234.6
2025-04-28 16:00:00,730156.4
2025-04-28 17:00:00,750002.0
2025-04-28 18:00:00,757445.3
2025-04-28 19:00:00,780721.7
2025-04-28 20:00:00,769458.8
2025-04-28 21:00:00,704589.4
2025-04-28 22:00:00,623049.5
2025-04-28 23:00:00,551215.7
2025-04-29 00:00:00,495025.7
2025-04-29 01:00:00,461396.3
2025-04-29 02:00:00,444928.0
2025-04-29 03:00:00,443907.1
2025-04-29 04:00:00,466114.0
2025-04-29 05:00:00,513276.9
2025-04-29 06:00:00,576001.9
2025-04-29 07:00:00,601122.4
2025-04-29 08:00:00,616109.9
2025-04-29 09:00:00,642781.4
2025-04-29 10:00:00,671754.4
2025-04-29 11:00:00,690190.1
2025-04-29 12:00:00,692191.1
2025-04-29 13:00:00,689438.0
2025-04-29 14:00:00,700818.4
2025-04-29 15:00:00,736452.2
2025-04-29 16:00:00,774675.4
2025-04-29 17:00:00,794146.8
2025-04-29 18:00:00,772174.6
2025-04-29 19:00:00,766385.1
2025-04-29 20:00:00,749182.2
2025-04-29 21:00:00,685744.9
2025-04-29 22:00:00,604111.5
2025-04-29 23:00:00,536412.9
2025-04-30 00:00:00,481418.5
2025-04-30 01:00:00,460060.3
2025-04-30 02:00:00,450591.7
2025-04-30 03:00:00,472835.3
2025-04-30 04:00:00,490784.8
2025-04-30 05:00:00,537118.0
2025-04-30 06:00:00,609792.8
2025-04-30 07:00:00,639825.7
2025-04-30 08:00:00,655914.0
2025-04-30 09:00:00,674553.8
2025-04-30 10:00:00,691884.9
2025-04-30 11:00:00,699603.9
2025-04-30 12:00:00,689748.1
2025-04-30 13:00:00,677941.3
2025-04-30 14:00:00,678870.4
2025-04-30 15:00:00,702002.1
2025-04-30 16:00:00,733935.5
2025-04-30 17:00:00,752414.3
2025-04-30 18:00:00,769240.2
2025-04-30 19:00:00,797895.5
2025-04-30 20:00:00,785724.1
2025-04-30 21:00:00,718525.7
2025-04-30 22:00:00,637194.5
2025-04-30 23:00:00,564927.4
2025-05-01 00:00:00,511986.3
2025-05-01 01:00:00,481066.6
2025-05-01 02:00:00,465689.9
2025-05-01 03:00:00,467745.0
2025-05-01 04:00:00,493183.2
2025-05-01 05:00:00,543748.7
2025-05-01 06:00:00,608063.9
2025-05-01 07:00:00,635700.6
2025-05-01 08:00:00,658036.7
2025-05-01 09:00:00,692069.5
2025-05-01 10:00:00,722301.7
2025-05-01 11:00:00,732698.6
2025-05-01 12:00:00,729965.1
2025-05-01 13:00:00,726759.2
2025-05-01 14:00:00,735247.7
2025-05-01 15:00:00,770671.5
2025-05-01 16:00:00,806099.0
2025-05-01 17:00:00,835342.7
2025-05-01 18:00:00,832491.5
2025-05-01 19:00:00,831254.0
2025-05-01 20:00:00,802784.8
2025-05-01 21:00:00,737685.6
2025-05-01 22:00:00,654402.6
2025-05-01 23:00:00,582454.6
2025-05-02 00:00:00,527111.9
2025-05-02 01:00:00,493727.0
2025-05-02 02:00:00,475011.6
2025-05-02 03:00:00,473433.7
2025-05-02 04:00:00,494700.0
2025-05-02 05:00:00,541020.0
2025-05-02 06:00:00,600823.9
2025-05-02 07:00:00,626481.0
2025-05-02 08:00:00,654726.5
2025-05-02 09:00:00,678317.4
2025-05-02 10:00:00,695299.5
2025-05-02 11:00:00,703280.7
2025-05-02 12:00:00,693994.6
2025-05-02 13:00:00,682817.2
2025-05-02 14:00:00,682634.2
2025-05-02 15:00:00,701747.0
2025-05-02 16:00:00,724407.4
2025-05-02 17:00:00,731965.0
2025-05-02 18:00:00,735185.4
2025-05-02 19:00:00,757618.4
2025-05-02 20:00:00,757597.4
2025-05-02 21:00:00,707926.1
2025-05-02 22:00:00,639386.7
2025-05-02 23:00:00,571783.1
2025-05-03 00:00:00,514503.7
2025-05-03 01:00:00,478261.1
2025-05-03 02:00:00,457089.7
2025-05-03 03:00:00,449068.3
2025-05-03 04:00:00,457780.4
2025-05-03 05:00:00,483897.3
2025-05-03 06:00:00,537955.3
2025-05-03 07:00:00,611366.0
2025-05-03 08:00:00,675307.1
2025-05-03 09:00:00,726052.4
2025-05-03 10:00:00,766223.7
2025-05-03 11:00:00,784390.6
2025-05-03 12:00:00,772382.6
2025-05-03 13:00:00,754442.4
2025-05-03 14:00:00,744364.3
2025-05-03 15:00:00,751231.0
2025-05-03 16:00:00,767291.1
2025-05-03 17:00:00,770924.3
2025-05-03 18:00:00,771876.6
2025-05-03 19:00:00,782792.5
2025-05-03 20:00:00,772625.4
2025-05-03 21:00:00,725576.2
2025-05-03 22:00:00,658511.0
2025-05-03 23:00:00,592164.5
2025-05-04 00:00:00,537615.4
2025-05-04 01:00:00,500823.7
2025-05-04 02:00:00,477140.1
2025-05-04 03:00:00,468405.1
2025-05-04 04:00:00,473687.7
2025-05-04 05:00:00,494330.5
2025-05-04 06:00:00,537499.7
2025-05-04 07:00:00,598423.0
2025-05-04 08:00:00,657955.7
2025-05-04 09:00:00,706307.1
2025-05-04 10:00:00,740843.2
2025-05-04 11:00:00,758097.7
2025-05-04 12:00:00,755204.3
2025-05-04 13:00:00,747391.9
2025-05-04 14:00:00,744399.2
2025-05-04 15:00:00,763339.2
2025-05-04 16:00:00,801724.8
2025-05-04 17:00:00,823923.5
2025-05-04 18:00:00,822176.5
2025-05-04 19:00:00,827125.1
2025-05-04 20:00:00,801950.6
2025-05-04 21:00:00,728946.1
2025-05-04 22:00:00,637840.5
2025-05-04 23:00:00,558300.1
2025-05-05 00:00:00,499826.9
2025-05-05 01:00:00,465930.2
2025-05-05 02:00:00,447631.1
2025-05-05 03:00:00,445845.6
2025-05-05 04:00:00,466723.4
2025-05-05 05:00:00,516057.4
2025-05-05 06:00:00,583246.8
2025-05-05 07:00:00,610636.0
2025-05-05 08:00:00,630991.2
2025-05-05 09:00:00,659232.8
2025-05-05 10:00:00,680783.6
2025-05-05 11:00:00,697177.9
2025-05-05 12:00:00,693347.9
2025-05-05 13:00:00,691301.1
2025-05-05 14:00:00,694747.5
2025-05-05 15:00:00,718904.0
2025-05-05 16:00:00,760229.7
2025-05-05 17:00:00,777707.0
2025-05-05 18:00:00,787421.4
2025-05-05 19:00:00,797779.0
2025-05-05 20:00:00,770726.3
2025-05-05 21:00:00,702054.4
2025-05-05 22:00:00,618708.4
2025-05-05 23:00:00,541682.1
2025-05-06 00:00:00,488537.9
2025-05-06 01:00:00,457546.7
2025-05-06 02:00:00,443375.8
2025-05-06 03:00:00,441786.2
2025-05-06 04:00:00,465090.1
2025-05-06 05:00:00,515106.5
2025-05-06 06:00:00,585737.1
2025-05-06 07:00:00,611275.8
2025-05-06 08:00:00,626098.0
2025-05-06 09:00:00,647557.8
2025-05-06 10:00:00,665171.9
2025-05-06 11:00:00,675019.0
2025-05-06 12:00:00,671732.6
2025-05-06 13:00:00,664326.4
2025-05-06 14:00:00,670797.1
2025-05-06 15:00:00,696638.8
2025-05-06 16:00:00,732927.6
2025-05-06 17:00:00,749410.4
2025-05-06 18:00:00,755304.5
2025-05-06 19:00:00,774694.1
2025-05-06 20:00:00,767164.2
2025-05-06 21:00:00,700882.5
2025-05-06 22:00:00,615760.0
2025-05-06 23:00:00,539978.9
2025-05-07 00:00:00,484861.5
2025-05-07 01:00:00,451312.6
2025-05-07 02:00:00,433067.5
2025-05-07 03:00:00,430364.8
2025-05-07 04:00:00,450790.0
2025-05-07 05:00:00,498131.1
2025-05-07 06:00:00,564605.2
2025-05-07 07:00:00,590321.0
2025-05-07 08:00:00,613966.1
2025-05-07 09:00:00,646880.5
2025-05-07 10:00:00,673844.4
2025-05-07 11:00:00,689679.2
2025-05-07 12:00:00,689976.4
2025-05-07 13:00:00,689058.1
2025-05-07 14:00:00,700434.0
2025-05-07 15:00:00,731523.4
2025-05-07 16:00:00,765820.9
2025-05-07 17:00:00,774142.7
2025-05-07 18:00:00,774917.2
2025-05-07 19:00:00,787356.5
2025-05-07 20:00:00,775240.2
2025-05-07 21:00:00,710091.1
2025-05-07 22:00:00,622629.5
2025-05-07 23:00:00,545061.9
2025-05-08 00:00:00,486182.0
2025-05-08 01:00:00,453081.6
2025-05-08 02:00:00,438612.4
2025-05-08 03:00:00,458657.8
2025-05-08 04:00:00,461810.7
2025-05-08 05:00:00,510575.8
2025-05-08 06:00:00,577509.9
2025-05-08 07:00:00,609317.0
2025-05-08 08:00:00,633639.2
2025-05-08 09:00:00,662779.3
2025-05-08 10:00:00,682290.3
2025-05-08 11:00:00,692110.8
2025-05-08 12:00:00,683014.7
2025-05-08 13:00:00,674167.8
2025-05-08 14:00:00,673167.0
2025-05-08 15:00:00,696548.8
2025-05-08 16:00:00,727284.2
2025-05-08 17:00:00,742290.9
2025-05-08 18:00:00,752411.1
2025-05-08 19:00:00,776705.9
2025-05-08 20:00:00,780228.5
2025-05-08 21:00:00,722139.5
2025-05-08 22:00:00,639597.1
2025-05-08 23:00:00,567874.9
2025-05-09 00:00:00,512711.1
2025-05-09 01:00:00,481600.5
2025-05-09 02:00:00,466729.0
2025-05-09 03:00:00,467341.9
2025-05-09 04:00:00,493251.1
2025-05-09 05:00:00,538026.4
2025-05-09 06:00:00,598867.3
2025-05-09 07:00:00,625121.8
2025-05-09 08:00:00,645074.6
2025-05-09 09:00:00,671519.6
2025-05-09 10:00:00,690251.8
2025-05-09 11:00:00,698734.4
2025-05-09 12:00:00,688907.9
2025-05-09 13:00:00,677548.7
2025-05-09 14:00:00,676188.6
2025-05-09 15:00:00,695366.0
2025-05-09 16:00:00,718694.4
2025-05-09 17:00:00,729929.4
2025-05-09 18:00:00,735104.5
2025-05-09 19:00:00,751722.1
2025-05-09 20:00:00,756081.9
2025-05-09 21:00:00,708108.9
2025-05-09 22:00:00,642412.7
2025-05-09 23:00:00,573880.7
2025-05-10 00:00:00,517483.1
2025-05-10 01:00:00,480574.0
2025-05-10 02:00:00,460305.2
2025-05-10 03:00:00,453558.5
2025-05-10 04:00:00,462532.9
2025-05-10 05:00:00,488310.8
2025-05-10 06:00:00,542163.7
2025-05-10 07:00:00,600577.0
2025-05-10 08:00:00,659879.7
2025-05-10 09:00:00,702422.5
2025-05-10 10:00:00,731255.2
2025-05-10 11:00:00,742564.4
2025-05-10 12:00:00,734965.0
2025-05-10 13:00:00,723536.2
2025-05-10 14:00:00,716970.3
2025-05-10 15:00:00,722902.1
2025-05-10 16:00:00,739209.3
2025-05-10 17:00:00,747412.9
2025-05-10 18:00:00,742427.5
2025-05-10 19:00:00,749389.1
2025-05-10 20:00:00,749232.2
2025-05-10 21:00:00,705465.4
2025-05-10 22:00:00,638935.9
2025-05-10 23:00:00,568719.8
2025-05-11 00:00:00,509097.3
2025-05-11 01:00:00,470170.8
2025-05-11 02:00:00,447258.3
2025-05-11 03:00:00,437208.9
2025-05-11 04:00:00,442507.9
2025-05-11 05:00:00,464831.2
2025-05-11 06:00:00,513058.4
2025-05-11 07:00:00,579536.3
2025-05-11 08:00:00,639031.1
2025-05-11 09:00:00,686772.6
2025-05-11 10:00:00,717648.4
2025-05-11 11:00:00,728512.6
2025-05-11 12:00:00,718677.0
2025-05-11 13:00:00,707518.7
2025-05-11 14:00:00,704564.1
2025-05-11 15:00:00,716643.8
2025-05-11 16:00:00,742024.2
2025-05-11 17:00:00,759077.0
2025-05-11 18:00:00,768259.1
2025-05-11 19:00:00,786213.2
2025-05-11 20:00:00,791402.2
2025-05-11 21:00:00,729861.0
2025-05-11 22:00:00,638902.7
2025-05-11 23:00:00,555017.3
2025-05-12 00:00:00,497608.6
2025-05-12 01:00:00,464775.2
2025-05-12 02:00:00,447806.8
2025-05-12 03:00:00,448142.9
2025-05-12 04:00:00,471093.5
2025-05-12 05:00:00,517860.2
2025-05-12 06:00:00,579641.5
2025-05-12 07:00:00,604723.9
2025-05-12 08:00:00,623184.3
2025-05-12 09:00:00,651733.2
2025-05-12 10:00:00,675137.5
2025-05-12 11:00:00,692355.6
2025-05-12 12:00:00,685538.3
2025-05-12 13:00:00,680852.0
2025-05-12 14:00:00,687434.2
2025-05-12 15:00:00,718097.6
2025-05-12 16:00:00,763282.0
2025-05-12 17:00:00,782865.1
2025-05-12 18:00:00,785158.8
2025-05-12 19:00:00,795009.3
2025-05-12 20:00:00,790174.1
2025-05-12 21:00:00,720807.3
2025-05-12 22:00:00,627428.0
2025-05-12 23:00:00,546736.8
2025-05-13 00:00:00,488199.3
2025-05-13 01:00:00,457994.0
2025-05-13 02:00:00,447305.3
2025-05-13 03:00:00,445036.5
2025-05-13 04:00:00,447130.1
2025-05-13 05:00:00,488976.9
2025-05-13 06:00:00,557769.2
2025-05-13 07:00:00,586848.7
2025-05-13 08:00:00,611673.8
2025-05-13 09:00:00,648101.5
2025-05-13 10:00:00,677369.3
2025-05-13 11:00:00,696485.4
2025-05-13 12:00:00,696703.6
2025-05-13 13:00:00,699330.0
2025-05-13 14:00:00,707128.3
2025-05-13 15:00:00,735472.9
2025-05-13 16:00:00,772491.6
2025-05-13 17:00:00,798013.5
2025-05-13 18:00:00,809385.8
2025-05-13 19:00:00,806433.5
2025-05-13 20:00:00,787487.3
2025-05-13 21:00:00,719003.8
2025-05-13 22:00:00,630246.7
2025-05-13 23:00:00,552993.5
2025-05-14 00:00:00,493591.9
2025-05-14 01:00:00,459202.9
2025-05-14 02:00:00,439357.6
2025-05-14 03:00:00,434180.6
2025-05-14 04:00:00,452306.5
2025-05-14 05:00:00,495295.3
2025-05-14 06:00:00,568029.8
2025-05-14 07:00:00,600095.8
2025-05-14 08:00:00,623320.2
2025-05-14 09:00:00,655528.5
2025-05-14 10:00:00,677592.7
2025-05-14 11:00:00,693490.2
2025-05-14 12:00:00,691696.3
2025-05-14 13:00:00,691748.6
2025-05-14 14:00:00,699902.0
2025-05-14 15:00:00,726051.4
2025-05-14 16:00:00,766720.5
2025-05-14 17:00:00,784082.5
2025-05-14 18:00:00,792110.1
2025-05-14 19:00:00,799728.8
2025-05-14 20:00:00,784912.1
2025-05-14 21:00:00,720150.7
2025-05-14 22:00:00,632377.3
2025-05-14 23:00:00,554671.5
2025-05-15 00:00:00,494474.5
2025-05-15 01:00:00,459508.7
2025-05-15 02:00:00,439099.4
2025-05-15 03:00:00,433983.5
2025-05-15 04:00:00,452759.0
2025-05-15 05:00:00,496033.9
2025-05-15 06:00:00,566371.2
2025-05-15 07:00:00,597562.5
2025-05-15 08:00:00,625381.4
2025-05-15 09:00:00,665806.7
2025-05-15 10:00:00,703171.4
2025-05-15 11:00:00,719471.4
2025-05-15 12:00:00,722612.1
2025-05-15 13:00:00,727176.4
2025-05-15 14:00:00,746308.1
2025-05-15 15:00:00,783581.2
2025-05-15 16:00:00,816832.2
2025-05-15 17:00:00,828985.2
2025-05-15 18:00:00,827528.5
2025-05-15 19:00:00,828811.9
2025-05-15 20:00:00,828385.9
2025-05-15 21:00:00,764092.7
2025-05-15 22:00:00,674538.2
2025-05-15 23:00:00,588618.2
2025-05-16 00:00:00,525736.8
2025-05-16 01:00:00,483115.5
2025-05-16 02:00:00,457348.6
2025-05-16 03:00:00,449705.9
2025-05-16 04:00:00,463898.6
2025-05-16 05:00:00,498940.5
2025-05-16 06:00:00,564832.5
2025-05-16 07:00:00,611545.1
2025-05-16 08:00:00,654730.5
2025-05-16 09:00:00,711020.0
2025-05-16 10:00:00,756420.6
2025-05-16 11:00:00,787345.2
2025-05-16 12:00:00,800428.4
2025-05-16 13:00:00,815024.2
2025-05-16 14:00:00,838922.8
2025-05-16 15:00:00,875812.0
2025-05-16 16:00:00,908708.3
2025-05-16 17:00:00,919326.7
2025-05-16 18:00:00,910438.5
2025-05-16 19:00:00,898375.7
2025-05-16 20:00:00,885271.7
2025-05-16 21:00:00,824243.3
2025-05-16 22:00:00,742959.3
2025-05-16 23:00:00,658124.7
2025-05-17 00:00:00,583962.9
2025-05-17 01:00:00,531070.3
2025-05-17 02:00:00,495364.5
2025-05-17 03:00:00,474147.1
2025-05-17 04:00:00,466641.8
2025-05-17 05:00:00,479187.1
2025-05-17 06:00:00,527308.2
2025-05-17 07:00:00,599968.2
2025-05-17 08:00:00,670982.9
2025-05-17 09:00:00,730542.4
2025-05-17 10:00:00,784915.1
2025-05-17 11:00:00,810205.5
2025-05-17 12:00:00,804081.2
2025-05-17 13:00:00,791209.8
2025-05-17 14:00:00,768495.6
2025-05-17 15:00:00,758553.6
2025-05-17 16:00:00,767752.9
2025-05-17 17:00:00,768286.5
2025-05-17 18:00:00,754102.7
2025-05-17 19:00:00,752558.5
2025-05-17 20:00:00,739910.3
2025-05-17 21:00:00,693681.9
2025-05-17 22:00:00,628126.0
2025-05-17 23:00:00,561072.7
2025-05-18 00:00:00,503453.4
2025-05-18 01:00:00,463689.8
2025-05-18 02:00:00,437527.6
2025-05-18 03:00:00,425471.9
2025-05-18 04:00:00,425922.0
2025-05-18 05:00:00,440262.4
2025-05-18 06:00:00,483545.6
2025-05-18 07:00:00,546373.8
2025-05-18 08:00:00,605275.9
2025-05-18 09:00:00,655866.2
2025-05-18 10:00:00,697289.3
2025-05-18 11:00:00,718275.5
2025-05-18 12:00:00,715533.9
2025-05-18 13:00:00,705336.6
2025-05-18 14:00:00,701341.8
2025-05-18 15:00:00,706159.3
2025-05-18 16:00:00,723124.2
2025-05-18 17:00:00,733603.8
2025-05-18 18:00:00,732330.4
2025-05-18 19:00:00,728715.7
2025-05-18 20:00:00,720157.2
2025-05-18 21:00:00,674800.2
2025-05-18 22:00:00,611353.7
2025-05-18 23:00:00,548051.5
2025-05-19 00:00:00,495092.8
2025-05-19 01:00:00,458589.2
2025-05-19 02:00:00,435836.1
2025-05-19 03:00:00,426243.9
2025-05-19 04:00:00,429747.7
2025-05-19 05:00:00,443824.1
2025-05-19 06:00:00,478434.9
2025-05-19 07:00:00,536244.7
2025-05-19 08:00:00,603555.0
2025-05-19 09:00:00,658731.9
2025-05-19 10:00:00,699704.3
2025-05-19 11:00:00,720779.9
2025-05-19 12:00:00,713866.5
2025-05-19 13:00:00,703127.9
2025-05-19 14:00:00,699211.7
2025-05-19 15:00:00,715980.6
2025-05-19 16:00:00,752220.8
2025-05-19 17:00:00,768957.7
2025-05-19 18:00:00,770367.2
2025-05-19 19:00:00,776926.2
2025-05-19 20:00:00,774758.6
2025-05-19 21:00:00,710097.0
2025-05-19 22:00:00,625878.3
2025-05-19 23:00:00,546989.6
2025-05-20 00:00:00,492144.8
2025-05-20 01:00:00,460663.1
2025-05-20 02:00:00,444859.0
2025-05-20 03:00:00,445773.6
2025-05-20 04:00:00,467987.8
2025-05-20 05:00:00,517896.9
2025-05-20 06:00:00,582879.3
2025-05-20 07:00:00,605202.3
2025-05-20 08:00:00,622714.5
2025-05-20 09:00:00,647064.4
2025-05-20 10:00:00,666230.6
2025-05-20 11:00:00,678557.4
2025-05-20 12:00:00,672272.8
2025-05-20 13:00:00,663974.3
2025-05-20 14:00:00,667634.9
2025-05-20 15:00:00,692292.2
2025-05-20 16:00:00,730456.2
2025-05-20 17:00:00,747893.7
2025-05-20 18:00:00,754768.8
2025-05-20 19:00:00,771720.3
2025-05-20 20:00:00,768908.2
2025-05-20 21:00:00,704346.4
2025-05-20 22:00:00,619814.8
2025-05-20 23:00:00,544750.2
2025-05-21 00:00:00,491357.1
2025-05-21 01:00:00,461328.4
2025-05-21 02:00:00,445353.4
2025-05-21 03:00:00,445397.9
2025-05-21 04:00:00,467520.7
2025-05-21 05:00:00,515254.7
2025-05-21 06:00:00,583426.1
2025-05-21 07:00:00,616306.1
2025-05-21 08:00:00,643255.0
2025-05-21 09:00:00,672995.9
2025-05-21 10:00:00,694282.6
2025-05-21 11:00:00,716121.3
2025-05-21 12:00:00,717543.0
2025-05-21 13:00:00,717453.3
2025-05-21 14:00:00,733821.8
2025-05-21 15:00:00,772715.7
2025-05-21 16:00:00,819639.8
2025-05-21 17:00:00,832711.0
2025-05-21 18:00:00,839657.1
2025-05-21 19:00:00,836248.5
2025-05-21 20:00:00,808678.9
2025-05-21 21:00:00,733714.0
2025-05-21 22:00:00,646773.6
2025-05-21 23:00:00,576813.7
2025-05-22 00:00:00,523589.1
2025-05-22 01:00:00,493250.8
2025-05-22 02:00:00,478506.4
2025-05-22 03:00:00,477806.5
2025-05-22 04:00:00,500936.7
2025-05-22 05:00:00,550605.2
2025-05-22 06:00:00,624268.4
2025-05-22 07:00:00,661994.0
2025-05-22 08:00:00,689741.8
2025-05-22 09:00:00,725038.0
2025-05-22 10:00:00,750629.3
2025-05-22 11:00:00,763943.7
2025-05-22 12:00:00,754501.9
2025-05-22 13:00:00,745201.4
2025-05-22 14:00:00,753810.1
2025-05-22 15:00:00,782569.2
2025-05-22 16:00:00,817033.0
2025-05-22 17:00:00,835722.8
2025-05-22 18:00:00,840705.1
2025-05-22 19:00:00,840006.1
2025-05-22 20:00:00,818557.5
2025-05-22 21:00:00,750753.1
2025-05-22 22:00:00,664832.1
2025-05-22 23:00:00,590315.3
2025-05-23 00:00:00,534844.7
2025-05-23 01:00:00,500785.6
2025-05-23 02:00:00,484009.7
2025-05-23 03:00:00,490679.8
2025-05-23 04:00:00,505416.2
2025-05-23 05:00:00,547231.2
2025-05-23 06:00:00,615059.2
2025-05-23 07:00:00,650100.1
2025-05-23 08:00:00,679550.6
2025-05-23 09:00:00,708589.7
2025-05-23 10:00:00,729864.2
2025-05-23 11:00:00,738920.3
2025-05-23 12:00:00,727326.7
2025-05-23 13:00:00,719246.7
2025-05-23 14:00:00,720541.5
2025-05-23 15:00:00,740003.5
2025-05-23 16:00:00,768381.6
2025-05-23 17:00:00,785509.3
2025-05-23 18:00:00,789846.4
2025-05-23 19:00:00,798305.2
2025-05-23 20:00:00,788681.9
2025-05-23 21:00:00,738720.5
2025-05-23 22:00:00,666158.9
2025-05-23 23:00:00,600070.3
2025-05-24 00:00:00,544107.1
2025-05-24 01:00:00,507910.8
2025-05-24 02:00:00,485445.1
2025-05-24 03:00:00,475647.6
2025-05-24 04:00:00,482281.8
2025-05-24 05:00:00,505688.0
2025-05-24 06:00:00,553043.7
2025-05-24 07:00:00,616171.4
2025-05-24 08:00:00,674829.7
2025-05-24 09:00:00,720349.9
2025-05-24 10:00:00,755033.4
2025-05-24 11:00:00,766550.0
2025-05-24 12:00:00,762208.6
2025-05-24 13:00:00,748020.4
2025-05-24 14:00:00,737161.3
2025-05-24 15:00:00,739819.5
2025-05-24 16:00:00,766847.9
2025-05-24 17:00:00,776076.0
2025-05-24 18:00:00,770904.0
2025-05-24 19:00:00,767827.6
2025-05-24 20:00:00,764211.7
2025-05-24 21:00:00,725208.0
2025-05-24 22:00:00,660200.5
2025-05-24 23:00:00,593244.3
2025-05-25 00:00:00,536807.6
2025-05-25 01:00:00,498791.4
2025-05-25 02:00:00,476786.9
2025-05-25 03:00:00,467207.8
2025-05-25 04:00:00,471675.2
2025-05-25 05:00:00,489651.5
2025-05-25 06:00:00,529706.6
2025-05-25 07:00:00,586191.1
2025-05-25 08:00:00,642444.6
2025-05-25 09:00:00,689590.0
2025-05-25 10:00:00,728713.4
2025-05-25 11:00:00,755903.2
2025-05-25 12:00:00,770383.8
2025-05-25 13:00:00,773277.5
2025-05-25 14:00:00,774060.7
2025-05-25 15:00:00,794256.7
2025-05-25 16:00:00,814692.0
2025-05-25 17:00:00,812079.6
2025-05-25 18:00:00,802416.2
2025-05-25 19:00:00,803045.9
2025-05-25 20:00:00,804849.6
2025-05-25 21:00:00,743680.9
2025-05-25 22:00:00,653138.4
2025-05-25 23:00:00,570129.0
2025-05-26 00:00:00,505836.1
2025-05-26 01:00:00,470692.0
2025-05-26 02:00:00,453005.2
2025-05-26 03:00:00,453334.3
2025-05-26 04:00:00,477054.4
2025-05-26 05:00:00,522123.6
2025-05-26 06:00:00,581268.3
2025-05-26 07:00:00,605304.9
2025-05-26 08:00:00,625045.7
2025-05-26 09:00:00,653464.1
2025-05-26 10:00:00,674615.2
2025-05-26 11:00:00,687368.9
2025-05-26 12:00:00,680252.5
2025-05-26 13:00:00,675094.9
2025-05-26 14:00:00,678741.6
2025-05-26 15:00:00,705572.4
2025-05-26 16:00:00,744133.7
2025-05-26 17:00:00,761203.7
2025-05-26 18:00:00,762932.8
2025-05-26 19:00:00,766027.8
2025-05-26 20:00:00,770282.7
2025-05-26 21:00:00,711399.0
2025-05-26 22:00:00,627507.0
2025-05-26 23:00:00,552963.3
2025-05-27 00:00:00,502714.1
2025-05-27 01:00:00,462566.0
2025-05-27 02:00:00,438640.2
2025-05-27 03:00:00,436877.9
2025-05-27 04:00:00,457094.9
2025-05-27 05:00:00,503333.8
2025-05-27 06:00:00,567844.6
2025-05-27 07:00:00,594548.0
2025-05-27 08:00:00,618044.6
2025-05-27 09:00:00,651004.1
2025-05-27 10:00:00,678969.3
2025-05-27 11:00:00,692472.1
2025-05-27 12:00:00,690529.0
2025-05-27 13:00:00,688815.1
2025-05-27 14:00:00,695393.3
2025-05-27 15:00:00,723616.3
2025-05-27 16:00:00,762084.3
2025-05-27 17:00:00,776370.8
2025-05-27 18:00:00,780632.9
2025-05-27 19:00:00,784406.7
2025-05-27 20:00:00,784615.0
2025-05-27 21:00:00,725286.4
2025-05-27 22:00:00,635574.9
2025-05-27 23:00:00,554862.3
2025-05-28 00:00:00,493972.1
2025-05-28 01:00:00,456148.3
2025-05-28 02:00:00,436927.8
2025-05-28 03:00:00,433220.0
2025-05-28 04:00:00,451364.3
2025-05-28 05:00:00,496867.0
2025-05-28 06:00:00,563120.7
2025-05-28 07:00:00,596668.3
2025-05-28 08:00:00,621263.4
2025-05-28 09:00:00,652070.0
2025-05-28 10:00:00,675715.3
2025-05-28 11:00:00,686047.2
2025-05-28 12:00:00,681516.3
2025-05-28 13:00:00,676202.9
2025-05-28 14:00:00,682986.9
2025-05-28 15:00:00,714346.7
2025-05-28 16:00:00,753514.0
2025-05-28 17:00:00,774982.0
2025-05-28 18:00:00,784379.9
2025-05-28 19:00:00,790476.9
2025-05-28 20:00:00,771292.2
2025-05-28 21:00:00,706880.3
2025-05-28 22:00:00,622736.0
2025-05-28 23:00:00,549158.7
2025-05-29 00:00:00,494439.0
2025-05-29 01:00:00,460861.0
2025-05-29 02:00:00,442582.7
2025-05-29 03:00:00,440302.8
2025-05-29 04:00:00,459679.7
2025-05-29 05:00:00,503979.3
2025-05-29 06:00:00,574580.2
2025-05-29 07:00:00,603289.3
2025-05-29 08:00:00,627995.4
2025-05-29 09:00:00,659356.7
2025-05-29 10:00:00,685816.9
2025-05-29 11:00:00,698216.0
2025-05-29 12:00:00,691473.5
2025-05-29 13:00:00,684801.0
2025-05-29 14:00:00,692155.6
2025-05-29 15:00:00,720461.0
2025-05-29 16:00:00,752021.0
2025-05-29 17:00:00,771528.1
2025-05-29 18:00:00,776899.8
2025-05-29 19:00:00,780876.4
2025-05-29 20:00:00,768414.5
2025-05-29 21:00:00,712844.9
2025-05-29 22:00:00,632304.3
2025-05-29 23:00:00,557881.9
2025-05-30 00:00:00,499125.1
2025-05-30 01:00:00,463191.3
2025-05-30 02:00:00,443978.9
2025-05-30 03:00:00,439405.0
2025-05-30 04:00:00,457635.0
2025-05-30 05:00:00,498702.5
2025-05-30 06:00:00,567330.4
2025-05-30 07:00:00,607037.7
2025-05-30 08:00:00,642332.4
2025-05-30 09:00:00,681732.3
2025-05-30 10:00:00,710671.2
2025-05-30 11:00:00,732854.5
2025-05-30 12:00:00,734963.6
2025-05-30 13:00:00,738047.5
2025-05-30 14:00:00,751405.7
2025-05-30 15:00:00,781407.3
2025-05-30 16:00:00,801508.2
2025-05-30 17:00:00,799072.8
2025-05-30 18:00:00,793795.1
2025-05-30 19:00:00,800641.9
2025-05-30 20:00:00,796780.0
2025-05-30 21:00:00,747594.9
2025-05-30 22:00:00,672401.9
2025-05-30 23:00:00,597182.9
2025-05-31 00:00:00,530623.4
2025-05-31 01:00:00,484673.4
2025-05-31 02:00:00,456138.7
2025-05-31 03:00:00,442313.9
2025-05-31 04:00:00,442102.4
2025-05-31 05:00:00,460883.0
2025-05-31 06:00:00,512558.6
2025-05-31 07:00:00,586021.4
2025-05-31 08:00:00,655095.0
2025-05-31 09:00:00,708676.3
2025-05-31 10:00:00,747158.0
2025-05-31 11:00:00,763763.8
2025-05-31 12:00:00,757886.7
2025-05-31 13:00:00,745913.3
2025-05-31 14:00:00,738056.1
2025-05-31 15:00:00,742992.3
2025-05-31 16:00:00,756988.1
2025-05-31 17:00:00,760366.5
2025-05-31 18:00:00,749986.9
2025-05-31 19:00:00,747256.1
2025-05-31 20:00:00,750047.6
2025-05-31 21:00:00,712479.0
2025-05-31 22:00:00,646986.8
2025-05-31 23:00:00,581624.6
2025-06-01 00:00:00,522904.2
2025-06-01 01:00:00,482764.89999999997
2025-06-01 02:00:00,459053.4
2025-06-01 03:00:00,447266.0
2025-06-01 04:00:00,450150.6
2025-06-01 05:00:00,470266.4
2025-06-01 06:00:00,512806.5
2025-06-01 07:00:00,577105.2
2025-06-01 08:00:00,639358.6
2025-06-01 09:00:00,690084.1
2025-06-01 10:00:00,730316.7
2025-06-01 11:00:00,749607.7
2025-06-01 12:00:00,749453.3
2025-06-01 13:00:00,740293.8
2025-06-01 14:00:00,738043.9
2025-06-01 15:00:00,750266.6
2025-06-01 16:00:00,779964.5
2025-06-01 17:00:00,793263.0
2025-06-01 18:00:00,798953.2
2025-06-01 19:00:00,803017.9
2025-06-01 20:00:00,789613.0
2025-06-01 21:00:00,729614.2
2025-06-01 22:00:00,639354.8
2025-06-01 23:00:00,562057.7
2025-06-02 00:00:00,495463.0
2025-06-02 01:00:00,462938.8
2025-06-02 02:00:00,447059.4
2025-06-02 03:00:00,446064.8
2025-06-02 04:00:00,470502.2
2025-06-02 05:00:00,515491.4
2025-06-02 06:00:00,578308.6
2025-06-02 07:00:00,603341.4
2025-06-02 08:00:00,623261.6
2025-06-02 09:00:00,655743.3
2025-06-02 10:00:00,679155.3
2025-06-02 11:00:00,694581.9
2025-06-02 12:00:00,692693.5
2025-06-02 13:00:00,687497.3
2025-06-02 14:00:00,697021.5
2025-06-02 15:00:00,730163.5
2025-06-02 16:00:00,772627.4
2025-06-02 17:00:00,788197.8
2025-06-02 18:00:00,793125.9
2025-06-02 19:00:00,797461.4
2025-06-02 20:00:00,784093.7
2025-06-02 21:00:00,724515.0
2025-06-02 22:00:00,634470.4
2025-06-02 23:00:00,555299.4
2025-06-03 00:00:00,495423.4
2025-06-03 01:00:00,458813.8
2025-06-03 02:00:00,438983.7
2025-06-03 03:00:00,433564.9
2025-06-03 04:00:00,450738.7
2025-06-03 05:00:00,494316.3
2025-06-03 06:00:00,561984.8
2025-06-03 07:00:00,594907.5
2025-06-03 08:00:00,620098.9
2025-06-03 09:00:00,657436.8
2025-06-03 10:00:00,693308.3
2025-06-03 11:00:00,719183.6
2025-06-03 12:00:00,726922.3
2025-06-03 13:00:00,737069.7
2025-06-03 14:00:00,758165.5
2025-06-03 15:00:00,799334.0
2025-06-03 16:00:00,845205.4
2025-06-03 17:00:00,861498.8
2025-06-03 18:00:00,860537.6
2025-06-03 19:00:00,856342.9
2025-06-03 20:00:00,849762.7
2025-06-03 21:00:00,784793.0
2025-06-03 22:00:00,688787.4
2025-06-03 23:00:00,600487.1
2025-06-04 00:00:00,528645.4
2025-06-04 01:00:00,484886.0
2025-06-04 02:00:00,461121.2
2025-06-04 03:00:00,451861.7
2025-06-04 04:00:00,468535.0
2025-06-04 05:00:00,506650.8
2025-06-04 06:00:00,581542.7
2025-06-04 07:00:00,630213.0
2025-06-04 08:00:00,682140.8
2025-06-04 09:00:00,746956.6
2025-06-04 10:00:00,802037.4
2025-06-04 11:00:00,844080.1
2025-06-04 12:00:00,869228.0
2025-06-04 13:00:00,900719.7
2025-06-04 14:00:00,941802.1
2025-06-04 15:00:00,997251.4
2025-06-04 16:00:00,1050883.4
2025-06-04 17:00:00,1051966.6
2025-06-04 18:00:00,1027740.1
2025-06-04 19:00:00,1022926.7
2025-06-04 20:00:00,1013585.7
2025-06-04 21:00:00,951132.1
2025-06-04 22:00:00,847049.4
2025-06-04 23:00:00,739762.9
2025-06-05 00:00:00,655176.8
2025-06-05 01:00:00,597569.0
2025-06-05 02:00:00,557390.0
2025-06-05 03:00:00,529764.3
2025-06-05 04:00:00,530447.3
2025-06-05 05:00:00,560908.8
2025-06-05 06:00:00,625830.9
2025-06-05 07:00:00,660961.9
2025-06-05 08:00:00,686363.0
2025-06-05 09:00:00,727223.9
2025-06-05 10:00:00,769412.4
2025-06-05 11:00:00,802643.3
2025-06-05 12:00:00,816653.7
2025-06-05 13:00:00,793466.9
2025-06-05 14:00:00,798771.9
2025-06-05 15:00:00,824278.7
2025-06-05 16:00:00,871467.0
2025-06-05 17:00:00,900635.2
2025-06-05 18:00:00,897151.4
2025-06-05 19:00:00,901095.2
2025-06-05 20:00:00,894067.1
2025-06-05 21:00:00,836089.8
2025-06-05 22:00:00,745785.5
2025-06-05 23:00:00,650438.0
2025-06-06 00:00:00,577947.5
2025-06-06 01:00:00,529697.6
2025-06-06 02:00:00,499445.1
2025-06-06 03:00:00,494569.6
2025-06-06 04:00:00,495007.7
2025-06-06 05:00:00,522566.9
2025-06-06 06:00:00,584110.9
2025-06-06 07:00:00,651116.5
2025-06-06 08:00:00,715734.1
2025-06-06 09:00:00,783210.2
2025-06-06 10:00:00,837404.8
2025-06-06 11:00:00,871948.7
2025-06-06 12:00:00,879939.3
2025-06-06 13:00:00,896206.0
2025-06-06 14:00:00,916931.6
2025-06-06 15:00:00,940465.1
2025-06-06 16:00:00,965303.1
2025-06-06 17:00:00,961224.5
2025-06-06 18:00:00,940596.1
2025-06-06 19:00:00,927987.5
2025-06-06 20:00:00,923532.1
2025-06-06 21:00:00,871431.0
2025-06-06 22:00:00,787512.2
2025-06-06 23:00:00,694090.4
2025-06-07 00:00:00,606051.1
2025-06-07 01:00:00,549221.2
2025-06-07 02:00:00,511850.8
2025-06-07 03:00:00,489862.3
2025-06-07 04:00:00,483417.9
2025-06-07 05:00:00,496306.6
2025-06-07 06:00:00,550281.1
2025-06-07 07:00:00,637663.8
2025-06-07 08:00:00,742072.7
2025-06-07 09:00:00,835013.7
2025-06-07 10:00:00,909141.3
2025-06-07 11:00:00,951010.7
2025-06-07 12:00:00,968875.8
2025-06-07 13:00:00,984040.6
2025-06-07 14:00:00,997525.8
2025-06-07 15:00:00,1018732.3
2025-06-07 16:00:00,1035666.9
2025-06-07 17:00:00,1029215.1
2025-06-07 18:00:00,986797.6
2025-06-07 19:00:00,940464.4
2025-06-07 20:00:00,912647.3
2025-06-07 21:00:00,859848.4
2025-06-07 22:00:00,774847.8
2025-06-07 23:00:00,685686.7
2025-06-08 00:00:00,604565.2
2025-06-08 01:00:00,543859.6
2025-06-08 02:00:00,506362.1
2025-06-08 03:00:00,479462.1
2025-06-08 04:00:00,469341.6
2025-06-08 05:00:00,479461.8
2025-06-08 06:00:00,522325.2
2025-06-08 07:00:00,593971.3
2025-06-08 08:00:00,681001.7
2025-06-08 09:00:00,745603.8
2025-06-08 10:00:00,786387.7
2025-06-08 11:00:00,807949.4
2025-06-08 12:00:00,809212.4
2025-06-08 13:00:00,823546.8
2025-06-08 14:00:00,848122.5
2025-06-08 15:00:00,883832.1
2025-06-08 16:00:00,920900.1
2025-06-08 17:00:00,931326.7
2025-06-08 18:00:00,921836.2
2025-06-08 19:00:00,908378.3
2025-06-08 20:00:00,879925.6
2025-06-08 21:00:00,814618.1
2025-06-08 22:00:00,716538.0
2025-06-08 23:00:00,621433.7
2025-06-09 00:00:00,548068.8
2025-06-09 01:00:00,497873.9
2025-06-09 02:00:00,473466.6
2025-06-09 03:00:00,463497.8
2025-06-09 04:00:00,477582.7
2025-06-09 05:00:00,517285.7
2025-06-09 06:00:00,586247.1
2025-06-09 07:00:00,628587.1
2025-06-09 08:00:00,659611.6
2025-06-09 09:00:00,698729.6
2025-06-09 10:00:00,728726.4
2025-06-09 11:00:00,753020.2
2025-06-09 12:00:00,750936.3
2025-06-09 13:00:00,753635.3
2025-06-09 14:00:00,778404.8
2025-06-09 15:00:00,823391.4
2025-06-09 16:00:00,882174.2
2025-06-09 17:00:00,898263.2
2025-06-09 18:00:00,889268.2
2025-06-09 19:00:00,873695.1
2025-06-09 20:00:00,858367.7
2025-06-09 21:00:00,794436.7
2025-06-09 22:00:00,697231.7
2025-06-09 23:00:00,601493.9
2025-06-10 00:00:00,532628.6
2025-06-10 01:00:00,488575.1
2025-06-10 02:00:00,462391.6
2025-06-10 03:00:00,453831.5
2025-06-10 04:00:00,466881.1
2025-06-10 05:00:00,506500.7
2025-06-10 06:00:00,579591.3
2025-06-10 07:00:00,624122.4
2025-06-10 08:00:00,660042.1
2025-06-10 09:00:00,701771.8
2025-06-10 10:00:00,727245.8
2025-06-10 11:00:00,738321.8
2025-06-10 12:00:00,737162.9
2025-06-10 13:00:00,735836.0
2025-06-10 14:00:00,751251.2
2025-06-10 15:00:00,785764.8
2025-06-10 16:00:00,823444.4
2025-06-10 17:00:00,840766.9
2025-06-10 18:00:00,835613.8
2025-06-10 19:00:00,830543.0
2025-06-10 20:00:00,824674.9
2025-06-10 21:00:00,771553.8
2025-06-10 22:00:00,681467.9
2025-06-10 23:00:00,593740.4
2025-06-11 00:00:00,528291.9
2025-06-11 01:00:00,487608.1
2025-06-11 02:00:00,462228.5
2025-06-11 03:00:00,452422.8
2025-06-11 04:00:00,468213.4
2025-06-11 05:00:00,512994.2
2025-06-11 06:00:00,578033.3
2025-06-11 07:00:00,616572.2
2025-06-11 08:00:00,653904.3
2025-06-11 09:00:00,705960.0
2025-06-11 10:00:00,750135.1
2025-06-11 11:00:00,787667.8
2025-06-11 12:00:00,812645.0
2025-06-11 13:00:00,841166.7
2025-06-11 14:00:00,879744.6
2025-06-11 15:00:00,939438.2
2025-06-11 16:00:00,998303.8
2025-06-11 17:00:00,1028206.5
2025-06-11 18:00:00,1017716.2
2025-06-11 19:00:00,1001506.6
2025-06-11 20:00:00,992648.9
2025-06-11 21:00:00,940431.2
2025-06-11 22:00:00,836175.9
2025-06-11 23:00:00,722378.0
2025-06-12 00:00:00,632567.3
2025-06-12 01:00:00,566833.3
2025-06-12 02:00:00,520753.5
2025-06-12 03:00:00,498507.9
2025-06-12 04:00:00,503290.9
2025-06-12 05:00:00,538029.8
2025-06-12 06:00:00,597073.0
2025-06-12 07:00:00,630288.0
2025-06-12 08:00:00,657749.6
2025-06-12 09:00:00,709148.2
2025-06-12 10:00:00,760600.8
2025-06-12 11:00:00,798004.7
2025-06-12 12:00:00,816303.5
2025-06-12 13:00:00,834184.6
2025-06-12 14:00:00,864337.7
2025-06-12 15:00:00,921743.1
2025-06-12 16:00:00,968787.4
2025-06-12 17:00:00,978763.4
2025-06-12 18:00:00,959915.8
2025-06-12 19:00:00,927617.3
2025-06-12 20:00:00,905158.6
2025-06-12 21:00:00,837227.8
2025-06-12 22:00:00,737616.6
2025-06-12 23:00:00,641094.5
2025-06-13 00:00:00,557840.5
2025-06-13 01:00:00,508259.9
2025-06-13 02:00:00,477905.7
2025-06-13 03:00:00,465175.0
2025-06-13 04:00:00,473162.8
2025-06-13 05:00:00,507448.3
2025-06-13 06:00:00,567859.1
2025-06-13 07:00:00,610043.5
2025-06-13 08:00:00,646929.8
2025-06-13 09:00:00,691411.9
2025-06-13 10:00:00,726437.8
2025-06-13 11:00:00,746776.2
2025-06-13 12:00:00,747998.4
2025-06-13 13:00:00,748485.2
2025-06-13 14:00:00,759051.8
2025-06-13 15:00:00,782431.3
2025-06-13 16:00:00,801307.8
2025-06-13 17:00:00,795212.5
2025-06-13 18:00:00,785572.5
2025-06-13 19:00:00,780047.4
2025-06-13 20:00:00,782894.3
2025-06-13 21:00:00,742856.9
2025-06-13 22:00:00,673071.4
2025-06-13 23:00:00,596310.6
2025-06-14 00:00:00,533985.3
2025-06-14 01:00:00,489700.6
2025-06-14 02:00:00,461723.9
2025-06-14 03:00:00,446299.1
2025-06-14 04:00:00,444629.3
2025-06-14 05:00:00,462336.2
2025-06-14 06:00:00,516101.3
2025-06-14 07:00:00,597104.9
2025-06-14 08:00:00,674955.9
2025-06-14 09:00:00,740564.3
2025-06-14 10:00:00,789362.5
2025-06-14 11:00:00,816359.4
2025-06-14 12:00:00,822585.4
2025-06-14 13:00:00,822341.3
2025-06-14 14:00:00,827333.4
2025-06-14 15:00:00,839399.7
2025-06-14 16:00:00,861572.4
2025-06-14 17:00:00,865008.4
2025-06-14 18:00:00,846575.5
2025-06-14 19:00:00,818134.9
2025-06-14 20:00:00,809834.2
2025-06-14 21:00:00,772249.1
2025-06-14 22:00:00,701585.0
2025-06-14 23:00:00,622414.6
2025-06-15 00:00:00,550376.2
2025-06-15 01:00:00,499767.6
2025-06-15 02:00:00,467662.6
2025-06-15 03:00:00,448938.2
2025-06-15 04:00:00,443828.6
2025-06-15 05:00:00,455820.3
2025-06-15 06:00:00,499853.9
2025-06-15 07:00:00,571623.4
2025-06-15 08:00:00,659988.2
2025-06-15 09:00:00,742455.9
2025-06-15 10:00:00,805193.4
2025-06-15 11:00:00,846642.3
2025-06-15 12:00:00,860221.2
2025-06-15 13:00:00,866281.0
2025-06-15 14:00:00,874731.8
2025-06-15 15:00:00,893844.9
2025-06-15 16:00:00,926675.0
2025-06-15 17:00:00,939887.3
2025-06-15 18:00:00,930587.2
2025-06-15 19:00:00,911729.0
2025-06-15 20:00:00,904991.7
2025-06-15 21:00:00,852249.8
2025-06-15 22:00:00,746952.3
2025-06-15 23:00:00,639289.0
2025-06-16 00:00:00,558271.7
2025-06-16 01:00:00,507040.5
2025-06-16 02:00:00,476130.9
2025-06-16 03:00:00,463234.4
2025-06-16 04:00:00,473366.1
2025-06-16 05:00:00,512497.3
2025-06-16 06:00:00,583444.8
2025-06-16 07:00:00,634221.9
2025-06-16 08:00:00,689272.8
2025-06-16 09:00:00,756608.2
2025-06-16 10:00:00,808582.0
2025-06-16 11:00:00,854504.8
2025-06-16 12:00:00,869269.7
2025-06-16 13:00:00,886918.9
2025-06-16 14:00:00,923693.5
2025-06-16 15:00:00,984449.2
2025-06-16 16:00:00,1043645.7
2025-06-16 17:00:00,1058538.1
2025-06-16 18:00:00,1037424.0
2025-06-16 19:00:00,1000027.3
2025-06-16 20:00:00,977407.1
2025-06-16 21:00:00,909940.3
2025-06-16 22:00:00,798146.2
2025-06-16 23:00:00,694561.1
2025-06-17 00:00:00,608612.8
2025-06-17 01:00:00,552592.8
2025-06-17 02:00:00,517521.0
2025-06-17 03:00:00,501080.5
2025-06-17 04:00:00,513575.0
2025-06-17 05:00:00,553540.1
2025-06-17 06:00:00,622849.2
2025-06-17 07:00:00,668126.3
2025-06-17 08:00:00,715867.9
2025-06-17 09:00:00,774159.4
2025-06-17 10:00:00,826486.9
2025-06-17 11:00:00,888689.4
2025-06-17 12:00:00,930913.1
2025-06-17 13:00:00,962623.5
2025-06-17 14:00:00,1003855.6
2025-06-17 15:00:00,1058028.1
2025-06-17 16:00:00,1108254.9
2025-06-17 17:00:00,1120234.7
2025-06-17 18:00:00,1100214.2
2025-06-17 19:00:00,1060815.1
2025-06-17 20:00:00,1047417.7
2025-06-17 21:00:00,990034.9
2025-06-17 22:00:00,885737.6
2025-06-17 23:00:00,776375.1
2025-06-18 00:00:00,689991.9
2025-06-18 01:00:00,630590.9
2025-06-18 02:00:00,593366.2
2025-06-18 03:00:00,575301.1
2025-06-18 04:00:00,588211.7
2025-06-18 05:00:00,633372.7
2025-06-18 06:00:00,723897.7
2025-06-18 07:00:00,815268.8
2025-06-18 08:00:00,901609.6
2025-06-18 09:00:00,988925.8
2025-06-18 10:00:00,1064631.4
2025-06-18 11:00:00,1099811.0
2025-06-18 12:00:00,1077567.1
2025-06-18 13:00:00,1087631.2
2025-06-18 14:00:00,1072941.6
2025-06-18 15:00:00,1068121.6
2025-06-18 16:00:00,1127493.4
2025-06-18 17:00:00,1145177.8
2025-06-18 18:00:00,1138710.4
2025-06-18 19:00:00,1121881.7
2025-06-18 20:00:00,1103725.7
2025-06-18 21:00:00,1036839.4
2025-06-18 22:00:00,921523.7
2025-06-18 23:00:00,807268.5
2025-06-19 00:00:00,713740.8
2025-06-19 01:00:00,649153.3
2025-06-19 02:00:00,607660.6
2025-06-19 03:00:00,586516.7
2025-06-19 04:00:00,594074.9
2025-06-19 05:00:00,631801.7
2025-06-19 06:00:00,689961.3
2025-06-19 07:00:00,730613.2
2025-06-19 08:00:00,759200.9
2025-06-19 09:00:00,803921.2
2025-06-19 10:00:00,844826.5
2025-06-19 11:00:00,885735.3
2025-06-19 12:00:00,907775.5
2025-06-19 13:00:00,930902.7
2025-06-19 14:00:00,933394.7
2025-06-19 15:00:00,925052.5
2025-06-19 16:00:00,915516.0
2025-06-19 17:00:00,909704.5
2025-06-19 18:00:00,894905.3
2025-06-19 19:00:00,881600.0
2025-06-19 20:00:00,872448.1
2025-06-19 21:00:00,816948.7
2025-06-19 22:00:00,728045.2
2025-06-19 23:00:00,641113.7
2025-06-20 00:00:00,569111.7
2025-06-20 01:00:00,520274.0
2025-06-20 02:00:00,489819.1
2025-06-20 03:00:00,477357.4
2025-06-20 04:00:00,488495.6
2025-06-20 05:00:00,526522.6
2025-06-20 06:00:00,587964.3
2025-06-20 07:00:00,653428.7
2025-06-20 08:00:00,716931.2
2025-06-20 09:00:00,777290.6
2025-06-20 10:00:00,831043.4
2025-06-20 11:00:00,879080.4
2025-06-20 12:00:00,904024.1
2025-06-20 13:00:00,939756.5
2025-06-20 14:00:00,972916.3
2025-06-20 15:00:00,1024708.5
2025-06-20 16:00:00,1067166.0
2025-06-20 17:00:00,1079947.8
2025-06-20 18:00:00,1056992.1
2025-06-20 19:00:00,1025514.1
2025-06-20 20:00:00,1009646.2
2025-06-20 21:00:00,966381.8
2025-06-20 22:00:00,879963.6
2025-06-20 23:00:00,777612.2
2025-06-21 00:00:00,686856.6
2025-06-21 01:00:00,623069.5
2025-06-21 02:00:00,579185.1
2025-06-21 03:00:00,551959.0
2025-06-21 04:00:00,540556.5
2025-06-21 05:00:00,553416.2
2025-06-21 06:00:00,612014.3
2025-06-21 07:00:00,721768.3
2025-06-21 08:00:00,852378.3
2025-06-21 09:00:00,944034.5
2025-06-21 10:00:00,1020662.0
2025-06-21 11:00:00,1073814.2
2025-06-21 12:00:00,1092048.4
2025-06-21 13:00:00,1056046.3
2025-06-21 14:00:00,1008426.3
2025-06-21 15:00:00,1002244.8
2025-06-21 16:00:00,1044002.7
2025-06-21 17:00:00,1046576.8
2025-06-21 18:00:00,1034849.5
2025-06-21 19:00:00,1033207.1
2025-06-21 20:00:00,1040610.0
2025-06-21 21:00:00,1014710.6
2025-06-21 22:00:00,941846.2
2025-06-21 23:00:00,859296.6
2025-06-22 00:00:00,792216.9
2025-06-22 01:00:00,733059.2
2025-06-22 02:00:00,688203.1
2025-06-22 03:00:00,661869.1
2025-06-22 04:00:00,657086.4
2025-06-22 05:00:00,680827.2
2025-06-22 06:00:00,771355.6
2025-06-22 07:00:00,933191.4
2025-06-22 08:00:00,1087298.3
2025-06-22 09:00:00,1254913.2
2025-06-22 10:00:00,1425598.4
2025-06-22 11:00:00,1517019.7
2025-06-22 12:00:00,1562508.6
2025-06-22 13:00:00,1598689.2
2025-06-22 14:00:00,1626041.8
2025-06-22 15:00:00,1662747.9
2025-06-22 16:00:00,1710502.9
2025-06-22 17:00:00,1720668.4
2025-06-22 18:00:00,1707042.2
2025-06-22 19:00:00,1673924.9
2025-06-22 20:00:00,1657162.6
2025-06-22 21:00:00,1591285.1
2025-06-22 22:00:00,1448608.7
2025-06-22 23:00:00,1297658.2
2025-06-23 00:00:00,1186551.2
2025-06-23 01:00:00,1089192.3
2025-06-23 02:00:00,1016165.0
2025-06-23 03:00:00,960667.1
2025-06-23 04:00:00,936265.4
2025-06-23 05:00:00,955175.4
2025-06-23 06:00:00,1045014.6
2025-06-23 07:00:00,1152317.9
2025-06-23 08:00:00,1262644.3
2025-06-23 09:00:00,1388344.6
2025-06-23 10:00:00,1486724.4
2025-06-23 11:00:00,1575904.9
2025-06-23 12:00:00,1632014.1
2025-06-23 13:00:00,1669862.7
2025-06-23 14:00:00,1718782.5
2025-06-23 15:00:00,1785309.5
2025-06-23 16:00:00,1798790.7
2025-06-23 17:00:00,1815381.1
2025-06-23 18:00:00,1806443.5
2025-06-23 19:00:00,1784655.9
2025-06-23 20:00:00,1743687.5
2025-06-23 21:00:00,1651463.4
2025-06-23 22:00:00,1510915.1
2025-06-23 23:00:00,1380588.3
2025-06-24 00:00:00,1251213.2
2025-06-24 01:00:00,1165831.4
2025-06-24 02:00:00,1105785.4
2025-06-24 03:00:00,1059065.8
2025-06-24 04:00:00,1037355.3
2025-06-24 05:00:00,1058926.1
2025-06-24 06:00:00,1144472.2
2025-06-24 07:00:00,1265942.2
2025-06-24 08:00:00,1383312.1
2025-06-24 09:00:00,1495292.3
2025-06-24 10:00:00,1576609.7
2025-06-24 11:00:00,1647454.8
2025-06-24 12:00:00,1688334.1
2025-06-24 13:00:00,1723067.1
2025-06-24 14:00:00,1753240.6
2025-06-24 15:00:00,1798319.8
2025-06-24 16:00:00,1797643.3
2025-06-24 17:00:00,1811291.7
2025-06-24 18:00:00,1785155.5
2025-06-24 19:00:00,1748355.1
2025-06-24 20:00:00,1699039.6
2025-06-24 21:00:00,1595625.1
2025-06-24 22:00:00,1470309.7
2025-06-24 23:00:00,1335387.3
2025-06-25 00:00:00,1213431.6
2025-06-25 01:00:00,1129444.6
2025-06-25 02:00:00,1060457.5
2025-06-25 03:00:00,1008571.4
2025-06-25 04:00:00,989286.9
2025-06-25 05:00:00,993299.1
2025-06-25 06:00:00,1021716.2
2025-06-25 07:00:00,1058935.7
2025-06-25 08:00:00,1133432.2
2025-06-25 09:00:00,1210789.2
2025-06-25 10:00:00,1297041.5
2025-06-25 11:00:00,1360677.4
2025-06-25 12:00:00,1392664.5
2025-06-25 13:00:00,1432327.5
2025-06-25 14:00:00,1481528.6
2025-06-25 15:00:00,1535590.2
2025-06-25 16:00:00,1590108.7
2025-06-25 17:00:00,1605606.4
2025-06-25 18:00:00,1589025.2
2025-06-25 19:00:00,1536380.2
2025-06-25 20:00:00,1496341.5
2025-06-25 21:00:00,1410190.3
2025-06-25 22:00:00,1274318.0
2025-06-25 23:00:00,1128790.2
2025-06-26 00:00:00,988275.6
2025-06-26 01:00:00,901127.1
2025-06-26 02:00:00,838764.6
2025-06-26 03:00:00,781191.7
2025-06-26 04:00:00,745914.8
2025-06-26 05:00:00,746157.5
2025-06-26 06:00:00,775010.6
2025-06-26 07:00:00,807812.6
2025-06-26 08:00:00,834578.8
2025-06-26 09:00:00,878067.5
2025-06-26 10:00:00,882495.2
2025-06-26 11:00:00,878948.4
2025-06-26 12:00:00,859339.3
2025-06-26 13:00:00,841657.3
2025-06-26 14:00:00,836206.9
2025-06-26 15:00:00,853868.9
2025-06-26 16:00:00,881773.6
2025-06-26 17:00:00,893273.6
2025-06-26 18:00:00,892434.1
2025-06-26 19:00:00,885218.6
2025-06-26 20:00:00,877018.8
2025-06-26 21:00:00,829448.1
2025-06-26 22:00:00,747542.2
2025-06-26 23:00:00,657571.9
2025-06-27 00:00:00,587095.7
2025-06-27 01:00:00,537395.2
2025-06-27 02:00:00,508783.9
2025-06-27 03:00:00,497224.0
2025-06-27 04:00:00,509502.2
2025-06-27 05:00:00,543053.0
2025-06-27 06:00:00,596904.9
2025-06-27 07:00:00,650892.2
2025-06-27 08:00:00,700790.8
2025-06-27 09:00:00,754554.0
2025-06-27 10:00:00,789942.3
2025-06-27 11:00:00,826732.3
2025-06-27 12:00:00,843339.3
2025-06-27 13:00:00,864086.1
2025-06-27 14:00:00,895503.6
2025-06-27 15:00:00,947587.1
2025-06-27 16:00:00,1010121.9
2025-06-27 17:00:00,1035305.9
2025-06-27 18:00:00,1016151.5
2025-06-27 19:00:00,983534.9
2025-06-27 20:00:00,978194.5
2025-06-27 21:00:00,947717.5
2025-06-27 22:00:00,876228.1
2025-06-27 23:00:00,784230.0
2025-06-28 00:00:00,709436.0
2025-06-28 01:00:00,647725.7
2025-06-28 02:00:00,610183.7
2025-06-28 03:00:00,587670.8
2025-06-28 04:00:00,579273.0
2025-06-28 05:00:00,597932.6
2025-06-28 06:00:00,681482.4
2025-06-28 07:00:00,818616.9
2025-06-28 08:00:00,947717.2
2025-06-28 09:00:00,1052186.8
2025-06-28 10:00:00,1139401.8
2025-06-28 11:00:00,1186979.4
2025-06-28 12:00:00,1195739.8
2025-06-28 13:00:00,1197828.0
2025-06-28 14:00:00,1184718.0
2025-06-28 15:00:00,1164366.0
2025-06-28 16:00:00,1157139.0
2025-06-28 17:00:00,1141117.5
2025-06-28 18:00:00,1088458.0
2025-06-28 19:00:00,1021225.5
2025-06-28 20:00:00,986277.1
2025-06-28 21:00:00,934645.6
2025-06-28 22:00:00,852876.8
2025-06-28 23:00:00,756008.1
2025-06-29 00:00:00,663177.7
2025-06-29 01:00:00,600108.2
2025-06-29 02:00:00,555570.4
2025-06-29 03:00:00,526343.8
2025-06-29 04:00:00,512553.4
2025-06-29 05:00:00,523766.2
2025-06-29 06:00:00,576251.9
2025-06-29 07:00:00,670078.5
2025-06-29 08:00:00,767851.1
2025-06-29 09:00:00,860713.7
2025-06-29 10:00:00,934135.0
2025-06-29 11:00:00,987455.4
2025-06-29 12:00:00,1022604.3
2025-06-29 13:00:00,1055264.4
2025-06-29 14:00:00,1091870.2
2025-06-29 15:00:00,1135567.3
2025-06-29 16:00:00,1176018.0
2025-06-29 17:00:00,1182565.2
2025-06-29 18:00:00,1162270.5
2025-06-29 19:00:00,1117326.0
2025-06-29 20:00:00,1092134.8
2025-06-29 21:00:00,1039067.6
2025-06-29 22:00:00,932642.1
2025-06-29 23:00:00,822627.0
2025-06-30 00:00:00,727202.1
2025-06-30 01:00:00,653877.5
2025-06-30 02:00:00,606727.4
2025-06-30 03:00:00,578397.4
2025-06-30 04:00:00,573734.8
2025-06-30 05:00:00,598831.3
2025-06-30 06:00:00,661796.5
2025-06-30 07:00:00,764826.3
2025-06-30 08:00:00,879397.5
2025-06-30 09:00:00,986728.0
2025-06-30 10:00:00,1061345.1
2025-06-30 11:00:00,1110039.5
2025-06-30 12:00:00,1100076.7
2025-06-30 13:00:00,1047944.8
2025-06-30 14:00:00,1038885.1
2025-06-30 15:00:00,1014341.2
2025-06-30 16:00:00,1033317.1
2025-06-30 17:00:00,1039519.0
2025-06-30 18:00:00,1049062.6
2025-06-30 19:00:00,1029950.4
2025-06-30 20:00:00,1025006.4
2025-06-30 21:00:00,976951.0
2025-06-30 22:00:00,889781.6
2025-06-30 23:00:00,799035.3
2025-07-01 00:00:00,719392.3
2025-07-01 01:00:00,662179.2
2025-07-01 02:00:00,621299.3
2025-07-01 03:00:00,594828.6
2025-07-01 04:00:00,591428.6
2025-07-01 05:00:00,606479.6
2025-07-01 06:00:00,654459.9
2025-07-01 07:00:00,778403.8
2025-07-01 08:00:00,900846.4
2025-07-01 09:00:00,1008012.8
2025-07-01 10:00:00,1068135.5
2025-07-01 11:00:00,1161472.9
2025-07-01 12:00:00,1228022.5
2025-07-01 13:00:00,1258799.4
2025-07-01 14:00:00,1297131.7
2025-07-01 15:00:00,1338792.5
2025-07-01 16:00:00,1376522.0
2025-07-01 17:00:00,1371533.0
2025-07-01 18:00:00,1333410.9
2025-07-01 19:00:00,1256759.0
2025-07-01 20:00:00,1196244.4
2025-07-01 21:00:00,1121092.7
2025-07-01 22:00:00,1016194.3
2025-07-01 23:00:00,897839.2
2025-07-02 00:00:00,792514.7
2025-07-02 01:00:00,719197.8
2025-07-02 02:00:00,666157.9
2025-07-02 03:00:00,631618.9
2025-07-02 04:00:00,628390.7
2025-07-02 05:00:00,654604.1
2025-07-02 06:00:00,720406.7
2025-07-02 07:00:00,817196.0
2025-07-02 08:00:00,926702.9
2025-07-02 09:00:00,1038048.9
2025-07-02 10:00:00,1117367.0
2025-07-02 11:00:00,1186308.1
2025-07-02 12:00:00,1216703.7
2025-07-02 13:00:00,1242979.7
2025-07-02 14:00:00,1276149.0
2025-07-02 15:00:00,1313648.3
2025-07-02 16:00:00,1338016.6
2025-07-02 17:00:00,1363754.0
2025-07-02 18:00:00,1354499.8
2025-07-02 19:00:00,1313860.7
2025-07-02 20:00:00,1268912.6
2025-07-02 21:00:00,1187852.4
2025-07-02 22:00:00,1065207.1
2025-07-02 23:00:00,942992.5
2025-07-03 00:00:00,837068.3
2025-07-03 01:00:00,760765.3
2025-07-03 02:00:00,707260.8
2025-07-03 03:00:00,673261.3
2025-07-03 04:00:00,671567.9
2025-07-03 05:00:00,699384.5
2025-07-03 06:00:00,742869.5
2025-07-03 07:00:00,798137.8
2025-07-03 08:00:00,859269.7
2025-07-03 09:00:00,964652.0
2025-07-03 10:00:00,1047829.7
2025-07-03 11:00:00,1103572.9
2025-07-03 12:00:00,1118653.2
2025-07-03 13:00:00,1126426.0
2025-07-03 14:00:00,1142745.9
2025-07-03 15:00:00,1172204.7
2025-07-03 16:00:00,1211292.3
2025-07-03 17:00:00,1203205.2
2025-07-03 18:00:00,1157344.2
2025-07-03 19:00:00,1084989.2
2025-07-03 20:00:00,1039508.6
2025-07-03 21:00:00,967162.4
2025-07-03 22:00:00,861892.5
2025-07-03 23:00:00,749255.7
2025-07-04 00:00:00,656375.1
2025-07-04 01:00:00,592962.3
2025-07-04 02:00:00,552396.8
2025-07-04 03:00:00,530680.1
2025-07-04 04:00:00,532704.3
2025-07-04 05:00:00,561272.6
2025-07-04 06:00:00,621229.5
2025-07-04 07:00:00,709323.1
2025-07-04 08:00:00,794527.0
2025-07-04 09:00:00,877620.5
2025-07-04 10:00:00,931700.2
2025-07-04 11:00:00,978131.1
2025-07-04 12:00:00,1008647.6
2025-07-04 13:00:00,1035828.8
2025-07-04 14:00:00,1067882.3
2025-07-04 15:00:00,1105341.4
2025-07-04 16:00:00,1151584.4
2025-07-04 17:00:00,1155700.9
2025-07-04 18:00:00,1120163.9
2025-07-04 19:00:00,1071010.0
2025-07-04 20:00:00,1040582.2
2025-07-04 21:00:00,989499.4
2025-07-04 22:00:00,896991.7
2025-07-04 23:00:00,799074.6
2025-07-05 00:00:00,706425.2
2025-07-05 01:00:00,642187.7
2025-07-05 02:00:00,596813.0
2025-07-05 03:00:00,569091.2
2025-07-05 04:00:00,560478.9
2025-07-05 05:00:00,571473.0
2025-07-05 06:00:00,638547.1
2025-07-05 07:00:00,748698.4
2025-07-05 08:00:00,886864.8
2025-07-05 09:00:00,1022509.1
2025-07-05 10:00:00,1134646.1
2025-07-05 11:00:00,1218489.1
2025-07-05 12:00:00,1272508.0
2025-07-05 13:00:00,1321632.0
2025-07-05 14:00:00,1363585.4
2025-07-05 15:00:00,1392503.5
2025-07-05 16:00:00,1415646.2
2025-07-05 17:00:00,1409012.7
2025-07-05 18:00:00,1358730.1
2025-07-05 19:00:00,1340904.3
2025-07-05 20:00:00,1328457.1
2025-07-05 21:00:00,1269819.3
2025-07-05 22:00:00,1166356.2
2025-07-05 23:00:00,1053199.7
2025-07-06 00:00:00,951664.0
2025-07-06 01:00:00,868816.2
2025-07-06 02:00:00,810557.9
2025-07-06 03:00:00,767771.8
2025-07-06 04:00:00,742683.3
2025-07-06 05:00:00,741137.3
2025-07-06 06:00:00,818554.7
2025-07-06 07:00:00,956731.1
2025-07-06 08:00:00,1124583.7
2025-07-06 09:00:00,1284084.4
2025-07-06 10:00:00,1413280.3
2025-07-06 11:00:00,1503859.9
2025-07-06 12:00:00,1558691.0
2025-07-06 13:00:00,1597412.9
2025-07-06 14:00:00,1628165.7
2025-07-06 15:00:00,1654401.4
2025-07-06 16:00:00,1670582.3
2025-07-06 17:00:00,1678473.6
2025-07-06 18:00:00,1655502.5
2025-07-06 19:00:00,1606134.6
2025-07-06 20:00:00,1566977.9
2025-07-06 21:00:00,1487813.2
2025-07-06 22:00:00,1346842.6
2025-07-06 23:00:00,1205673.0
2025-07-07 00:00:00,1089782.8
2025-07-07 01:00:00,1008300.3
2025-07-07 02:00:00,952388.6
2025-07-07 03:00:00,916660.7
2025-07-07 04:00:00,909995.5
2025-07-07 05:00:00,936115.9
2025-07-07 06:00:00,1007836.2
2025-07-07 07:00:00,1117266.1
2025-07-07 08:00:00,1212994.3
2025-07-07 09:00:00,1304358.7
2025-07-07 10:00:00,1373368.3
2025-07-07 11:00:00,1427507.4
2025-07-07 12:00:00,1454680.4
2025-07-07 13:00:00,1473798.0
2025-07-07 14:00:00,1483042.3
2025-07-07 15:00:00,1493247.1
2025-07-07 16:00:00,1495037.2
2025-07-07 17:00:00,1490902.9
2025-07-07 18:00:00,1447238.4
2025-07-07 19:00:00,1369211.0
2025-07-07 20:00:00,1321606.4
2025-07-07 21:00:00,1233443.9
2025-07-07 22:00:00,1100959.9
2025-07-07 23:00:00,977124.1
2025-07-08 00:00:00,861424.6
2025-07-08 01:00:00,786088.9
2025-07-08 02:00:00,737132.8
2025-07-08 03:00:00,708027.6
2025-07-08 04:00:00,707619.2
2025-07-08 05:00:00,728772.2
2025-07-08 06:00:00,781104.9
2025-07-08 07:00:00,841768.9
2025-07-08 08:00:00,888273.4
2025-07-08 09:00:00,941892.6
2025-07-08 10:00:00,974858.9
2025-07-08 11:00:00,1010938.0
2025-07-08 12:00:00,1065367.4
2025-07-08 13:00:00,1099218.8
2025-07-08 14:00:00,1158294.4
2025-07-08 15:00:00,1211863.5
2025-07-08 16:00:00,1275038.0
2025-07-08 17:00:00,1287335.1
2025-07-08 18:00:00,1261935.3
2025-07-08 19:00:00,1204921.8
2025-07-08 20:00:00,1180304.3
2025-07-08 21:00:00,1118635.6
2025-07-08 22:00:00,1007491.0
2025-07-08 23:00:00,892147.1
2025-07-09 00:00:00,793122.0
2025-07-09 01:00:00,720160.1
2025-07-09 02:00:00,668127.1
2025-07-09 03:00:00,632775.7
2025-07-09 04:00:00,630730.4
2025-07-09 05:00:00,655230.4
2025-07-09 06:00:00,706939.9
2025-07-09 07:00:00,817518.8
2025-07-09 08:00:00,925123.0
2025-07-09 09:00:00,1002919.4
2025-07-09 10:00:00,1011951.5
2025-07-09 11:00:00,1046148.0
2025-07-09 12:00:00,1060573.2
2025-07-09 13:00:00,1086386.6
2025-07-09 14:00:00,1162661.8
2025-07-09 15:00:00,1234737.7
2025-07-09 16:00:00,1283452.5
2025-07-09 17:00:00,1277123.6
2025-07-09 18:00:00,1225296.1
2025-07-09 19:00:00,1166390.8
2025-07-09 20:00:00,1131277.5
2025-07-09 21:00:00,1062538.0
2025-07-09 22:00:00,952033.2
2025-07-09 23:00:00,842115.4
2025-07-10 00:00:00,747859.5
2025-07-10 01:00:00,680690.1
2025-07-10 02:00:00,634868.0
2025-07-10 03:00:00,610235.1
2025-07-10 04:00:00,612384.5
2025-07-10 05:00:00,642841.7
2025-07-10 06:00:00,705327.5
2025-07-10 07:00:00,785447.9
2025-07-10 08:00:00,897465.1
2025-07-10 09:00:00,1019720.0
2025-07-10 10:00:00,1087498.7
2025-07-10 11:00:00,1151409.2
2025-07-10 12:00:00,1202172.4
2025-07-10 13:00:00,1211627.5
2025-07-10 14:00:00,1235879.1
2025-07-10 15:00:00,1298382.4
2025-07-10 16:00:00,1366948.5
2025-07-10 17:00:00,1380568.3
2025-07-10 18:00:00,1360998.7
2025-07-10 19:00:00,1321566.0
2025-07-10 20:00:00,1292851.4
2025-07-10 21:00:00,1222838.6
2025-07-10 22:00:00,1099753.2
2025-07-10 23:00:00,968345.5
2025-07-11 00:00:00,860026.4
2025-07-11 01:00:00,782840.4
2025-07-11 02:00:00,726168.4
2025-07-11 03:00:00,690753.6
2025-07-11 04:00:00,686521.0
2025-07-11 05:00:00,707956.3
2025-07-11 06:00:00,757735.1
2025-07-11 07:00:00,852332.2
2025-07-11 08:00:00,983864.7
2025-07-11 09:00:00,1112565.3
2025-07-11 10:00:00,1200057.1
2025-07-11 11:00:00,1280300.8
2025-07-11 12:00:00,1337729.5
2025-07-11 13:00:00,1381815.1
2025-07-11 14:00:00,1427926.4
2025-07-11 15:00:00,1464650.2
2025-07-11 16:00:00,1509621.1
2025-07-11 17:00:00,1491659.3
2025-07-11 18:00:00,1453246.8
2025-07-11 19:00:00,1404659.8
2025-07-11 20:00:00,1375935.7
2025-07-11 21:00:00,1315233.1
2025-07-11 22:00:00,1212842.1
2025-07-11 23:00:00,1099492.6
2025-07-12 00:00:00,1000572.3
2025-07-12 01:00:00,924593.2
2025-07-12 02:00:00,865500.8
2025-07-12 03:00:00,817876.2
2025-07-12 04:00:00,790642.7
2025-07-12 05:00:00,787093.1
2025-07-12 06:00:00,838132.0
2025-07-12 07:00:00,986438.2
2025-07-12 08:00:00,1152121.7
2025-07-12 09:00:00,1297805.3
2025-07-12 10:00:00,1408556.5
2025-07-12 11:00:00,1486549.0
2025-07-12 12:00:00,1536947.9
2025-07-12 13:00:00,1570598.1
2025-07-12 14:00:00,1595560.3
2025-07-12 15:00:00,1619389.7
2025-07-12 16:00:00,1636500.6
2025-07-12 17:00:00,1620022.4
2025-07-12 18:00:00,1567413.0
2025-07-12 19:00:00,1499791.7
2025-07-12 20:00:00,1471853.7
2025-07-12 21:00:00,1415494.2
2025-07-12 22:00:00,1324046.5
2025-07-12 23:00:00,1220630.1
2025-07-13 00:00:00,1117765.2
2025-07-13 01:00:00,1036636.7
2025-07-13 02:00:00,969829.8
2025-07-13 03:00:00,921819.4
2025-07-13 04:00:00,889720.1
2025-07-13 05:00:00,879994.2
2025-07-13 06:00:00,934155.9
2025-07-13 07:00:00,1024666.4
2025-07-13 08:00:00,1105107.2
2025-07-13 09:00:00,1131041.7
2025-07-13 10:00:00,1194565.0
2025-07-13 11:00:00,1332515.3
2025-07-13 12:00:00,1431734.8
2025-07-13 13:00:00,1488400.7
2025-07-13 14:00:00,1530297.5
2025-07-13 15:00:00,1553004.2
2025-07-13 16:00:00,1583399.8
2025-07-13 17:00:00,1595287.7
2025-07-13 18:00:00,1562690.3
2025-07-13 19:00:00,1505989.8
2025-07-13 20:00:00,1458264.7
2025-07-13 21:00:00,1355124.0
2025-07-13 22:00:00,1209976.9
2025-07-13 23:00:00,1069868.7
2025-07-14 00:00:00,953819.3
2025-07-14 01:00:00,873680.4
2025-07-14 02:00:00,815222.7
2025-07-14 03:00:00,779224.8
2025-07-14 04:00:00,774025.4
2025-07-14 05:00:00,787669.3
2025-07-14 06:00:00,818980.0
2025-07-14 07:00:00,887703.6
2025-07-14 08:00:00,971334.0
2025-07-14 09:00:00,1075361.0
2025-07-14 10:00:00,1186640.4
2025-07-14 11:00:00,1282665.0
2025-07-14 12:00:00,1340544.2
2025-07-14 13:00:00,1375578.1
2025-07-14 14:00:00,1414751.2
2025-07-14 15:00:00,1461328.5
2025-07-14 16:00:00,1509361.9
2025-07-14 17:00:00,1519043.5
2025-07-14 18:00:00,1487039.8
2025-07-14 19:00:00,1430446.7
2025-07-14 20:00:00,1385751.6
2025-07-14 21:00:00,1305019.7
2025-07-14 22:00:00,1171584.5
2025-07-14 23:00:00,1034707.5
2025-07-15 00:00:00,916671.7
2025-07-15 01:00:00,825914.2
2025-07-15 02:00:00,765392.1
2025-07-15 03:00:00,727824.7
2025-07-15 04:00:00,714274.3
2025-07-15 05:00:00,730970.7
2025-07-15 06:00:00,811493.0
2025-07-15 07:00:00,925911.7
2025-07-15 08:00:00,1041496.4
2025-07-15 09:00:00,1162150.6
2025-07-15 10:00:00,1250926.2
2025-07-15 11:00:00,1326442.6
2025-07-15 12:00:00,1372284.9
2025-07-15 13:00:00,1423200.5
2025-07-15 14:00:00,1483053.6
2025-07-15 15:00:00,1558938.0
2025-07-15 16:00:00,1564272.4
2025-07-15 17:00:00,1587010.1
2025-07-15 18:00:00,1564544.4
2025-07-15 19:00:00,1536635.4
2025-07-15 20:00:00,1496783.9
2025-07-15 21:00:00,1409769.1
2025-07-15 22:00:00,1264888.6
2025-07-15 23:00:00,1123814.3
2025-07-16 00:00:00,998590.0
2025-07-16 01:00:00,906062.0
2025-07-16 02:00:00,835917.5
2025-07-16 03:00:00,792933.0
2025-07-16 04:00:00,775771.2
2025-07-16 05:00:00,790770.6
2025-07-16 06:00:00,876934.6
2025-07-16 07:00:00,990739.5
2025-07-16 08:00:00,1106352.2
2025-07-16 09:00:00,1232041.1
2025-07-16 10:00:00,1326548.9
2025-07-16 11:00:00,1411812.3
2025-07-16 12:00:00,1460629.1
2025-07-16 13:00:00,1507813.4
2025-07-16 14:00:00,1557122.8
2025-07-16 15:00:00,1616396.2
2025-07-16 16:00:00,1595785.9
2025-07-16 17:00:00,1591563.7
2025-07-16 18:00:00,1561511.2
2025-07-16 19:00:00,1556669.4
2025-07-16 20:00:00,1536601.3
2025-07-16 21:00:00,1450067.5
2025-07-16 22:00:00,1314740.1
2025-07-16 23:00:00,1179906.8
2025-07-17 00:00:00,1071301.3
2025-07-17 01:00:00,986271.3
2025-07-17 02:00:00,931049.1
2025-07-17 03:00:00,898896.7
2025-07-17 04:00:00,896040.1
2025-07-17 05:00:00,920489.5
2025-07-17 06:00:00,981235.6
2025-07-17 07:00:00,1075821.9
2025-07-17 08:00:00,1169860.3
2025-07-17 09:00:00,1234692.8
2025-07-17 10:00:00,1294561.5
2025-07-17 11:00:00,1312583.4
2025-07-17 12:00:00,1349922.4
2025-07-17 13:00:00,1378866.0
2025-07-17 14:00:00,1385940.5
2025-07-17 15:00:00,1379545.0
2025-07-17 16:00:00,1345257.3
2025-07-17 17:00:00,1271134.6
2025-07-17 18:00:00,1184346.8
2025-07-17 19:00:00,1106867.7
2025-07-17 20:00:00,1056779.8
2025-07-17 21:00:00,973743.1
2025-07-17 22:00:00,868758.8
2025-07-17 23:00:00,758219.3
2025-07-18 00:00:00,668786.8
2025-07-18 01:00:00,605064.8
2025-07-18 02:00:00,563462.5
2025-07-18 03:00:00,540044.9
2025-07-18 04:00:00,538102.5
2025-07-18 05:00:00,559678.7
2025-07-18 06:00:00,617115.1
2025-07-18 07:00:00,694833.9
2025-07-18 08:00:00,770038.2
2025-07-18 09:00:00,837647.8
2025-07-18 10:00:00,884543.4
2025-07-18 11:00:00,917145.4
2025-07-18 12:00:00,931649.0
2025-07-18 13:00:00,947153.0
2025-07-18 14:00:00,971894.8
2025-07-18 15:00:00,1007572.4
2025-07-18 16:00:00,1049997.0
2025-07-18 17:00:00,1054201.0
2025-07-18 18:00:00,1025494.4
2025-07-18 19:00:00,975435.7
2025-07-18 20:00:00,950114.0
2025-07-18 21:00:00,894122.7
2025-07-18 22:00:00,807281.7
2025-07-18 23:00:00,717958.4
2025-07-19 00:00:00,640081.8
2025-07-19 01:00:00,580079.9
2025-07-19 02:00:00,541307.9
2025-07-19 03:00:00,517212.4
2025-07-19 04:00:00,508693.6
2025-07-19 05:00:00,518496.1
2025-07-19 06:00:00,573441.3
2025-07-19 07:00:00,665405.9
2025-07-19 08:00:00,771074.5
2025-07-19 09:00:00,866188.3
2025-07-19 10:00:00,946328.4
2025-07-19 11:00:00,998940.3
2025-07-19 12:00:00,1026313.7
2025-07-19 13:00:00,1042854.8
2025-07-19 14:00:00,1086822.3
2025-07-19 15:00:00,1095006.7
2025-07-19 16:00:00,1089401.4
2025-07-19 17:00:00,1078299.0
2025-07-19 18:00:00,1045036.1
2025-07-19 19:00:00,1021205.8
2025-07-19 20:00:00,1021556.0
2025-07-19 21:00:00,985075.9
2025-07-19 22:00:00,914461.1
2025-07-19 23:00:00,829243.5
2025-07-20 00:00:00,749477.1
2025-07-20 01:00:00,685662.3
2025-07-20 02:00:00,640344.4
2025-07-20 03:00:00,604984.9
2025-07-20 04:00:00,591780.5
2025-07-20 05:00:00,593598.2
2025-07-20 06:00:00,641207.5
2025-07-20 07:00:00,763961.0
2025-07-20 08:00:00,846735.9
2025-07-20 09:00:00,934575.9
2025-07-20 10:00:00,1033179.6
2025-07-20 11:00:00,1128462.4
2025-07-20 12:00:00,1178183.2
2025-07-20 13:00:00,1217797.8
2025-07-20 14:00:00,1249248.8
2025-07-20 15:00:00,1283199.3
2025-07-20 16:00:00,1315441.2
2025-07-20 17:00:00,1312004.9
2025-07-20 18:00:00,1257586.5
2025-07-20 19:00:00,1178605.6
2025-07-20 20:00:00,1129109.0
2025-07-20 21:00:00,1055850.4
2025-07-20 22:00:00,938544.6
2025-07-20 23:00:00,819541.4
2025-07-21 00:00:00,715120.9
2025-07-21 01:00:00,647707.6
2025-07-21 02:00:00,602503.3
2025-07-21 03:00:00,576239.7
2025-07-21 04:00:00,569140.3
2025-07-21 05:00:00,585386.9
2025-07-21 06:00:00,641109.6
2025-07-21 07:00:00,713839.8
2025-07-21 08:00:00,779232.4
2025-07-21 09:00:00,846135.9
2025-07-21 10:00:00,892015.9
2025-07-21 11:00:00,930806.4
2025-07-21 12:00:00,948371.1
2025-07-21 13:00:00,963079.0
2025-07-21 14:00:00,990502.9
2025-07-21 15:00:00,1034843.8
2025-07-21 16:00:00,1088964.0
2025-07-21 17:00:00,1102956.3
2025-07-21 18:00:00,1073728.7
2025-07-21 19:00:00,1023330.5
2025-07-21 20:00:00,996484.4
2025-07-21 21:00:00,922925.3
2025-07-21 22:00:00,811465.6
2025-07-21 23:00:00,706815.0
2025-07-22 00:00:00,624779.5
2025-07-22 01:00:00,569905.4
2025-07-22 02:00:00,533916.9
2025-07-22 03:00:00,514470.2
2025-07-22 04:00:00,516618.1
2025-07-22 05:00:00,538553.9
2025-07-22 06:00:00,601782.8
2025-07-22 07:00:00,673941.0
2025-07-22 08:00:00,747209.0
2025-07-22 09:00:00,813005.7
2025-07-22 10:00:00,858417.1
2025-07-22 11:00:00,893375.3
2025-07-22 12:00:00,907478.0
2025-07-22 13:00:00,935300.4
2025-07-22 14:00:00,975807.9
2025-07-22 15:00:00,1021796.7
2025-07-22 16:00:00,1078797.7
2025-07-22 17:00:00,1093987.7
2025-07-22 18:00:00,1070846.4
2025-07-22 19:00:00,1019552.1
2025-07-22 20:00:00,995153.3
2025-07-22 21:00:00,931949.6
2025-07-22 22:00:00,828592.7
2025-07-22 23:00:00,727045.0
2025-07-23 00:00:00,643786.2
2025-07-23 01:00:00,589442.4
2025-07-23 02:00:00,551692.0
2025-07-23 03:00:00,531865.1
2025-07-23 04:00:00,534387.8
2025-07-23 05:00:00,559486.6
2025-07-23 06:00:00,627017.0
2025-07-23 07:00:00,714361.1
2025-07-23 08:00:00,802022.1
2025-07-23 09:00:00,885260.5
2025-07-23 10:00:00,951106.5
2025-07-23 11:00:00,1008218.0
2025-07-23 12:00:00,1047941.1
2025-07-23 13:00:00,1083504.3
2025-07-23 14:00:00,1137302.8
2025-07-23 15:00:00,1194484.4
2025-07-23 16:00:00,1252896.5
2025-07-23 17:00:00,1263733.6
2025-07-23 18:00:00,1235075.3
2025-07-23 19:00:00,1182833.0
2025-07-23 20:00:00,1152070.6
2025-07-23 21:00:00,1080826.6
2025-07-23 22:00:00,972847.3
2025-07-23 23:00:00,856106.5
2025-07-24 00:00:00,762665.1
2025-07-24 01:00:00,694317.7
2025-07-24 02:00:00,644572.1
2025-07-24 03:00:00,620165.0
2025-07-24 04:00:00,621472.5
2025-07-24 05:00:00,649683.6
2025-07-24 06:00:00,726870.1
2025-07-24 07:00:00,835880.6
2025-07-24 08:00:00,948657.5
2025-07-24 09:00:00,1085070.1
2025-07-24 10:00:00,1205618.0
2025-07-24 11:00:00,1316344.0
2025-07-24 12:00:00,1397632.2
2025-07-24 13:00:00,1458475.3
2025-07-24 14:00:00,1521293.3
2025-07-24 15:00:00,1579558.0
2025-07-24 16:00:00,1648283.5
2025-07-24 17:00:00,1663193.8
2025-07-24 18:00:00,1629528.6
2025-07-24 19:00:00,1568917.1
2025-07-24 20:00:00,1458931.9
2025-07-24 21:00:00,1355818.4
2025-07-24 22:00:00,1228110.8
2025-07-24 23:00:00,1103486.2
2025-07-25 00:00:00,1000721.7
2025-07-25 01:00:00,919723.6
2025-07-25 02:00:00,865874.7
2025-07-25 03:00:00,831444.0
2025-07-25 04:00:00,820709.8
2025-07-25 05:00:00,829557.8
2025-07-25 06:00:00,871894.4
2025-07-25 07:00:00,946253.3
2025-07-25 08:00:00,1008502.0
2025-07-25 09:00:00,1106554.5
2025-07-25 10:00:00,1197818.7
2025-07-25 11:00:00,1275769.3
2025-07-25 12:00:00,1326142.8
2025-07-25 13:00:00,1369262.3
2025-07-25 14:00:00,1407917.2
2025-07-25 15:00:00,1452556.5
2025-07-25 16:00:00,1496958.9
2025-07-25 17:00:00,1492236.0
2025-07-25 18:00:00,1443346.9
2025-07-25 19:00:00,1371165.2
2025-07-25 20:00:00,1333100.0
2025-07-25 21:00:00,1249365.5
2025-07-25 22:00:00,1131090.4
2025-07-25 23:00:00,1008510.0
2025-07-26 00:00:00,883346.3
2025-07-26 01:00:00,799089.2
2025-07-26 02:00:00,735535.1
2025-07-26 03:00:00,693920.7
2025-07-26 04:00:00,672104.7
2025-07-26 05:00:00,670731.4
2025-07-26 06:00:00,723268.9
2025-07-26 07:00:00,865277.1
2025-07-26 08:00:00,1013455.9
2025-07-26 09:00:00,1159051.4
2025-07-26 10:00:00,1257804.8
2025-07-26 11:00:00,1334423.8
2025-07-26 12:00:00,1394370.2
2025-07-26 13:00:00,1438720.6
2025-07-26 14:00:00,1433780.8
2025-07-26 15:00:00,1405160.1
2025-07-26 16:00:00,1371397.1
2025-07-26 17:00:00,1326084.0
2025-07-26 18:00:00,1271164.7
2025-07-26 19:00:00,1237043.7
2025-07-26 20:00:00,1210511.5
2025-07-26 21:00:00,1155727.0
2025-07-26 22:00:00,1077266.6
2025-07-26 23:00:00,984125.9
2025-07-27 00:00:00,912238.9
2025-07-27 01:00:00,845611.3
2025-07-27 02:00:00,796291.5
2025-07-27 03:00:00,763695.7
2025-07-27 04:00:00,748460.4
2025-07-27 05:00:00,751187.6
2025-07-27 06:00:00,797624.0
2025-07-27 07:00:00,926692.1
2025-07-27 08:00:00,1101846.6
2025-07-27 09:00:00,1238647.6
2025-07-27 10:00:00,1357744.2
2025-07-27 11:00:00,1448022.7
2025-07-27 12:00:00,1515503.1
2025-07-27 13:00:00,1562101.6
2025-07-27 14:00:00,1609798.4
2025-07-27 15:00:00,1652372.6
2025-07-27 16:00:00,1686029.2
2025-07-27 17:00:00,1687579.1
2025-07-27 18:00:00,1638562.9
2025-07-27 19:00:00,1551528.3
2025-07-27 20:00:00,1499057.7
2025-07-27 21:00:00,1399491.6
2025-07-27 22:00:00,1265560.6
2025-07-27 23:00:00,1127579.7
2025-07-28 00:00:00,1012590.9
2025-07-28 01:00:00,923967.0
2025-07-28 02:00:00,856158.7
2025-07-28 03:00:00,809874.7
2025-07-28 04:00:00,792258.5
2025-07-28 05:00:00,799320.2
2025-07-28 06:00:00,870034.6
2025-07-28 07:00:00,994422.3
2025-07-28 08:00:00,1128182.5
2025-07-28 09:00:00,1249326.0
2025-07-28 10:00:00,1343388.6
2025-07-28 11:00:00,1426946.2
2025-07-28 12:00:00,1483324.6
2025-07-28 13:00:00,1526224.3
2025-07-28 14:00:00,1576036.8
2025-07-28 15:00:00,1640199.3
2025-07-28 16:00:00,1648050.8
2025-07-28 17:00:00,1649816.9
2025-07-28 18:00:00,1630243.1
2025-07-28 19:00:00,1612697.0
2025-07-28 20:00:00,1586097.2
2025-07-28 21:00:00,1503726.6
2025-07-28 22:00:00,1369887.3
2025-07-28 23:00:00,1235214.9
2025-07-29 00:00:00,1121855.9
2025-07-29 01:00:00,1030393.8
2025-07-29 02:00:00,958961.4
2025-07-29 03:00:00,904461.8
2025-07-29 04:00:00,875876.8
2025-07-29 05:00:00,872972.9
2025-07-29 06:00:00,932185.4
2025-07-29 07:00:00,1042367.2
2025-07-29 08:00:00,1160923.1
2025-07-29 09:00:00,1282284.8
2025-07-29 10:00:00,1368776.6
2025-07-29 11:00:00,1445244.0
2025-07-29 12:00:00,1487105.1
2025-07-29 13:00:00,1522558.6
2025-07-29 14:00:00,1565977.8
2025-07-29 15:00:00,1604298.3
2025-07-29 16:00:00,1622826.3
2025-07-29 17:00:00,1644589.5
2025-07-29 18:00:00,1611779.7
2025-07-29 19:00:00,1565007.1
2025-07-29 20:00:00,1516375.7
2025-07-29 21:00:00,1414190.6
2025-07-29 22:00:00,1272717.7
2025-07-29 23:00:00,1136536.6
2025-07-30 00:00:00,1009069.0
2025-07-30 01:00:00,916313.9
2025-07-30 02:00:00,849883.4
2025-07-30 03:00:00,806639.2
2025-07-30 04:00:00,789029.7
2025-07-30 05:00:00,800565.5
2025-07-30 06:00:00,852500.0
2025-07-30 07:00:00,925896.8
2025-07-30 08:00:00,1030002.2
2025-07-30 09:00:00,1111047.4
2025-07-30 10:00:00,1217969.4
2025-07-30 11:00:00,1318550.6
2025-07-30 12:00:00,1359577.7
2025-07-30 13:00:00,1374168.1
2025-07-30 14:00:00,1377696.9
2025-07-30 15:00:00,1404874.0
2025-07-30 16:00:00,1467091.7
2025-07-30 17:00:00,1474569.2
2025-07-30 18:00:00,1399814.6
2025-07-30 19:00:00,1332494.8
2025-07-30 20:00:00,1276438.9
2025-07-30 21:00:00,1180750.8
2025-07-30 22:00:00,1057390.8
2025-07-30 23:00:00,929750.2
2025-07-31 00:00:00,818231.5
2025-07-31 01:00:00,733080.2
2025-07-31 02:00:00,673855.1
2025-07-31 03:00:00,643924.2
2025-07-31 04:00:00,640725.6
2025-07-31 05:00:00,656380.0
2025-07-31 06:00:00,697102.8
2025-07-31 07:00:00,762507.4
2025-07-31 08:00:00,793353.2
2025-07-31 09:00:00,822688.3
2025-07-31 10:00:00,846468.1
2025-07-31 11:00:00,877328.5
2025-07-31 12:00:00,892051.2
2025-07-31 13:00:00,896118.9
2025-07-31 14:00:00,942527.2
2025-07-31 15:00:00,1006549.8
2025-07-31 16:00:00,1052871.9
2025-07-31 17:00:00,1049373.7
2025-07-31 18:00:00,1015403.3
2025-07-31 19:00:00,981268.7
2025-07-31 20:00:00,967862.4
2025-07-31 21:00:00,908885.7
2025-07-31 22:00:00,818573.2
2025-07-31 23:00:00,724614.3
2025-08-01 00:00:00,646135.1
2025-08-01 01:00:00,588360.3
2025-08-01 02:00:00,547581.0
2025-08-01 03:00:00,525807.3
2025-08-01 04:00:00,524634.5
2025-08-01 05:00:00,542734.7
2025-08-01 06:00:00,592909.1
2025-08-01 07:00:00,672089.3
2025-08-01 08:00:00,750630.1
2025-08-01 09:00:00,821710.7
2025-08-01 10:00:00,866791.2
2025-08-01 11:00:00,899287.2
2025-08-01 12:00:00,924137.0
2025-08-01 13:00:00,940119.2
2025-08-01 14:00:00,966940.0
2025-08-01 15:00:00,1004388.4
2025-08-01 16:00:00,1046666.2
2025-08-01 17:00:00,1048777.0
2025-08-01 18:00:00,1019317.4
2025-08-01 19:00:00,971878.6
2025-08-01 20:00:00,946414.7
2025-08-01 21:00:00,883188.4
2025-08-01 22:00:00,797248.4
2025-08-01 23:00:00,708436.1
2025-08-02 00:00:00,630079.8
2025-08-02 01:00:00,571746.1
2025-08-02 02:00:00,533112.3
2025-08-02 03:00:00,508392.4
2025-08-02 04:00:00,498022.4
2025-08-02 05:00:00,505920.4
2025-08-02 06:00:00,549725.2
2025-08-02 07:00:00,634307.5
2025-08-02 08:00:00,733677.8
2025-08-02 09:00:00,830740.4
2025-08-02 10:00:00,911388.0
2025-08-02 11:00:00,967767.0
2025-08-02 12:00:00,1000439.5
2025-08-02 13:00:00,1029949.6
2025-08-02 14:00:00,1053607.8
2025-08-02 15:00:00,1073244.1
2025-08-02 16:00:00,1092139.7
2025-08-02 17:00:00,1084322.6
2025-08-02 18:00:00,1046588.4
2025-08-02 19:00:00,1005277.8
2025-08-02 20:00:00,990668.4
2025-08-02 21:00:00,938077.8
2025-08-02 22:00:00,857312.2
2025-08-02 23:00:00,767772.0
2025-08-03 00:00:00,686946.7
2025-08-03 01:00:00,616568.6
2025-08-03 02:00:00,572729.7
2025-08-03 03:00:00,541090.3
2025-08-03 04:00:00,526031.7
2025-08-03 05:00:00,526183.4
2025-08-03 06:00:00,560286.2
2025-08-03 07:00:00,637539.2
2025-08-03 08:00:00,735100.7
2025-08-03 09:00:00,842977.2
2025-08-03 10:00:00,946225.1
2025-08-03 11:00:00,1034301.8
2025-08-03 12:00:00,1095353.6
2025-08-03 13:00:00,1144031.8
2025-08-03 14:00:00,1167917.8
2025-08-03 15:00:00,1181568.4
2025-08-03 16:00:00,1197597.0
2025-08-03 17:00:00,1186921.5
2025-08-03 18:00:00,1150454.6
2025-08-03 19:00:00,1110263.6
2025-08-03 20:00:00,1088384.9
2025-08-03 21:00:00,1020588.7
2025-08-03 22:00:00,926305.6
2025-08-03 23:00:00,821119.9
2025-08-04 00:00:00,731413.7
2025-08-04 01:00:00,663346.5
2025-08-04 02:00:00,614176.1
2025-08-04 03:00:00,580377.5
2025-08-04 04:00:00,564083.0
2025-08-04 05:00:00,560669.7
2025-08-04 06:00:00,590419.8
2025-08-04 07:00:00,679087.2
2025-08-04 08:00:00,800485.0
2025-08-04 09:00:00,937022.5
2025-08-04 10:00:00,1048549.5
2025-08-04 11:00:00,1134650.7
2025-08-04 12:00:00,1194490.7
2025-08-04 13:00:00,1236983.8
2025-08-04 14:00:00,1273096.2
2025-08-04 15:00:00,1300818.0
2025-08-04 16:00:00,1329360.5
2025-08-04 17:00:00,1309802.9
2025-08-04 18:00:00,1265335.7
2025-08-04 19:00:00,1224621.7
2025-08-04 20:00:00,1187343.1
2025-08-04 21:00:00,1104677.9
2025-08-04 22:00:00,989878.5
2025-08-04 23:00:00,868600.8
2025-08-05 00:00:00,773132.0
2025-08-05 01:00:00,704131.3
2025-08-05 02:00:00,660166.1
2025-08-05 03:00:00,637437.0
2025-08-05 04:00:00,638831.9
2025-08-05 05:00:00,656934.9
2025-08-05 06:00:00,706372.8
2025-08-05 07:00:00,794504.9
2025-08-05 08:00:00,888888.4
2025-08-05 09:00:00,992101.8
2025-08-05 10:00:00,1072365.8
2025-08-05 11:00:00,1146632.0
2025-08-05 12:00:00,1193683.0
2025-08-05 13:00:00,1232428.4
2025-08-05 14:00:00,1273788.1
2025-08-05 15:00:00,1318155.2
2025-08-05 16:00:00,1365122.5
2025-08-05 17:00:00,1358131.5
2025-08-05 18:00:00,1307197.1
2025-08-05 19:00:00,1252144.6
2025-08-05 20:00:00,1223831.1
2025-08-05 21:00:00,1130633.8
2025-08-05 22:00:00,1022745.4
2025-08-05 23:00:00,907418.5
2025-08-06 00:00:00,809489.3
2025-08-06 01:00:00,735398.1
2025-08-06 02:00:00,683004.1
2025-08-06 03:00:00,652219.2
2025-08-06 04:00:00,646838.5
2025-08-06 05:00:00,661673.6
2025-08-06 06:00:00,702868.0
2025-08-06 07:00:00,764837.8
2025-08-06 08:00:00,839740.0
2025-08-06 09:00:00,949546.5
2025-08-06 10:00:00,1027433.3
2025-08-06 11:00:00,1081865.1
2025-08-06 12:00:00,1136503.5
2025-08-06 13:00:00,1195917.3
2025-08-06 14:00:00,1245720.0
2025-08-06 15:00:00,1278110.6
2025-08-06 16:00:00,1331816.4
2025-08-06 17:00:00,1328332.8
2025-08-06 18:00:00,1285290.9
2025-08-06 19:00:00,1245982.2
2025-08-06 20:00:00,1231368.9
2025-08-06 21:00:00,1149047.5
2025-08-06 22:00:00,1034824.3
2025-08-06 23:00:00,913736.6
2025-08-07 00:00:00,816172.0
2025-08-07 01:00:00,746366.9
2025-08-07 02:00:00,699801.2
2025-08-07 03:00:00,669838.1
2025-08-07 04:00:00,665279.6
2025-08-07 05:00:00,681049.8
2025-08-07 06:00:00,740057.4
2025-08-07 07:00:00,836334.7
2025-08-07 08:00:00,939401.4
2025-08-07 09:00:00,1039121.4
2025-08-07 10:00:00,1112145.1
2025-08-07 11:00:00,1183157.2
2025-08-07 12:00:00,1223448.5
2025-08-07 13:00:00,1261966.1
2025-08-07 14:00:00,1297421.4
2025-08-07 15:00:00,1322227.7
2025-08-07 16:00:00,1353564.9
2025-08-07 17:00:00,1337915.0
2025-08-07 18:00:00,1294129.1
2025-08-07 19:00:00,1247958.3
2025-08-07 20:00:00,1217550.7
2025-08-07 21:00:00,1133090.8
2025-08-07 22:00:00,1025334.5
2025-08-07 23:00:00,912474.3
2025-08-08 00:00:00,817014.4
2025-08-08 01:00:00,741297.8
2025-08-08 02:00:00,692589.7
2025-08-08 03:00:00,664995.9
2025-08-08 04:00:00,660175.9
2025-08-08 05:00:00,675720.7
2025-08-08 06:00:00,739011.4
2025-08-08 07:00:00,854328.7
2025-08-08 08:00:00,979502.9
2025-08-08 09:00:00,1076860.9
2025-08-08 10:00:00,1143826.9
2025-08-08 11:00:00,1242095.7
2025-08-08 12:00:00,1302816.6
2025-08-08 13:00:00,1339485.0
2025-08-08 14:00:00,1344607.2
2025-08-08 15:00:00,1355845.6
2025-08-08 16:00:00,1351475.5
2025-08-08 17:00:00,1329787.7
2025-08-08 18:00:00,1294084.8
2025-08-08 19:00:00,1266507.9
2025-08-08 20:00:00,1248281.2
2025-08-08 21:00:00,1180683.1
2025-08-08 22:00:00,1083109.7
2025-08-08 23:00:00,969733.8
2025-08-09 00:00:00,870366.2
2025-08-09 01:00:00,790741.3
2025-08-09 02:00:00,736013.4
2025-08-09 03:00:00,697629.6
2025-08-09 04:00:00,680301.0
2025-08-09 05:00:00,681536.3
2025-08-09 06:00:00,746935.7
2025-08-09 07:00:00,875151.5
2025-08-09 08:00:00,1030104.0
2025-08-09 09:00:00,1184541.3
2025-08-09 10:00:00,1313505.2
2025-08-09 11:00:00,1408252.7
2025-08-09 12:00:00,1469376.5
2025-08-09 13:00:00,1508204.5
2025-08-09 14:00:00,1541332.2
2025-08-09 15:00:00,1563647.3
2025-08-09 16:00:00,1575116.0
2025-08-09 17:00:00,1558163.1
2025-08-09 18:00:00,1498778.2
2025-08-09 19:00:00,1445640.6
2025-08-09 20:00:00,1413037.1
2025-08-09 21:00:00,1338633.9
2025-08-09 22:00:00,1228818.2
2025-08-09 23:00:00,1111404.4
2025-08-10 00:00:00,1008095.9
2025-08-10 01:00:00,920055.1
2025-08-10 02:00:00,856535.6
2025-08-10 03:00:00,803152.6
2025-08-10 04:00:00,770987.1
2025-08-10 05:00:00,759175.7
2025-08-10 06:00:00,813940.9
2025-08-10 07:00:00,944689.8
2025-08-10 08:00:00,1098556.0
2025-08-10 09:00:00,1253199.5
2025-08-10 10:00:00,1380908.1
2025-08-10 11:00:00,1469996.9
2025-08-10 12:00:00,1536466.4
2025-08-10 13:00:00,1580493.7
2025-08-10 14:00:00,1612802.7
2025-08-10 15:00:00,1638935.7
2025-08-10 16:00:00,1657630.4
2025-08-10 17:00:00,1648664.6
2025-08-10 18:00:00,1603664.7
2025-08-10 19:00:00,1560458.9
2025-08-10 20:00:00,1523502.8
2025-08-10 21:00:00,1425111.6
2025-08-10 22:00:00,1284011.1
2025-08-10 23:00:00,1148404.4
2025-08-11 00:00:00,1030188.7
2025-08-11 01:00:00,940345.0
2025-08-11 02:00:00,880028.4
2025-08-11 03:00:00,832110.2
2025-08-11 04:00:00,810234.7
2025-08-11 05:00:00,814545.0
2025-08-11 06:00:00,878173.8
2025-08-11 07:00:00,1004057.0
2025-08-11 08:00:00,1137915.5
2025-08-11 09:00:00,1266996.8
2025-08-11 10:00:00,1369556.1
2025-08-11 11:00:00,1455867.5
2025-08-11 12:00:00,1516019.3
2025-08-11 13:00:00,1562458.6
2025-08-11 14:00:00,1619307.2
2025-08-11 15:00:00,1614276.5
2025-08-11 16:00:00,1657619.0
2025-08-11 17:00:00,1660750.9
2025-08-11 18:00:00,1648602.1
2025-08-11 19:00:00,1600500.1
2025-08-11 20:00:00,1557559.1
2025-08-11 21:00:00,1451577.2
2025-08-11 22:00:00,1317507.2
2025-08-11 23:00:00,1184867.1
2025-08-12 00:00:00,1071340.2
2025-08-12 01:00:00,990627.8
2025-08-12 02:00:00,934298.2
2025-08-12 03:00:00,896595.5
2025-08-12 04:00:00,887050.4
2025-08-12 05:00:00,896954.0
2025-08-12 06:00:00,957084.8
2025-08-12 07:00:00,1070272.8
2025-08-12 08:00:00,1201486.4
2025-08-12 09:00:00,1330768.8
2025-08-12 10:00:00,1431053.9
2025-08-12 11:00:00,1512181.5
2025-08-12 12:00:00,1534442.1
2025-08-12 13:00:00,1565434.3
2025-08-12 14:00:00,1554527.0
2025-08-12 15:00:00,1447057.6
2025-08-12 16:00:00,1421825.9
2025-08-12 17:00:00,1457841.8
2025-08-12 18:00:00,1482278.5
2025-08-12 19:00:00,1453285.5
2025-08-12 20:00:00,1425239.7
2025-08-12 21:00:00,1332276.9
2025-08-12 22:00:00,1211712.6
2025-08-12 23:00:00,1093565.2
2025-08-13 00:00:00,992431.8
2025-08-13 01:00:00,918069.5
2025-08-13 02:00:00,852391.3
2025-08-13 03:00:00,800903.2
2025-08-13 04:00:00,791207.4
2025-08-13 05:00:00,803458.9
2025-08-13 06:00:00,849309.7
2025-08-13 07:00:00,917721.6
2025-08-13 08:00:00,984665.7
2025-08-13 09:00:00,1055163.1
2025-08-13 10:00:00,1156324.7
2025-08-13 11:00:00,1231093.9
2025-08-13 12:00:00,1296446.6
2025-08-13 13:00:00,1352292.7
2025-08-13 14:00:00,1408081.5
2025-08-13 15:00:00,1457002.7
2025-08-13 16:00:00,1488102.6
2025-08-13 17:00:00,1462512.6
2025-08-13 18:00:00,1418853.6
2025-08-13 19:00:00,1375603.9
2025-08-13 20:00:00,1315526.4
2025-08-13 21:00:00,1201370.5
2025-08-13 22:00:00,1062761.2
2025-08-13 23:00:00,934755.7
2025-08-14 00:00:00,829637.4
2025-08-14 01:00:00,752389.3
2025-08-14 02:00:00,703170.6
2025-08-14 03:00:00,674595.5
2025-08-14 04:00:00,671456.3
2025-08-14 05:00:00,686439.3
2025-08-14 06:00:00,743538.4
2025-08-14 07:00:00,838025.3
2025-08-14 08:00:00,933828.2
2025-08-14 09:00:00,1038988.2
2025-08-14 10:00:00,1124966.7
2025-08-14 11:00:00,1197681.0
2025-08-14 12:00:00,1230969.7
2025-08-14 13:00:00,1254324.8
2025-08-14 14:00:00,1288401.0
2025-08-14 15:00:00,1318591.4
2025-08-14 16:00:00,1372275.9
2025-08-14 17:00:00,1370984.3
2025-08-14 18:00:00,1323626.9
2025-08-14 19:00:00,1277543.4
2025-08-14 20:00:00,1249061.8
2025-08-14 21:00:00,1156913.3
2025-08-14 22:00:00,1041819.8
2025-08-14 23:00:00,919187.8
2025-08-15 00:00:00,820740.5
2025-08-15 01:00:00,744369.3
2025-08-15 02:00:00,694364.5
2025-08-15 03:00:00,662595.5
2025-08-15 04:00:00,655491.8
2025-08-15 05:00:00,669480.2
2025-08-15 06:00:00,725874.7
2025-08-15 07:00:00,835379.9
2025-08-15 08:00:00,956925.3
2025-08-15 09:00:00,1074566.6
2025-08-15 10:00:00,1158882.2
2025-08-15 11:00:00,1229420.7
2025-08-15 12:00:00,1274555.9
2025-08-15 13:00:00,1314479.0
2025-08-15 14:00:00,1359609.5
2025-08-15 15:00:00,1396577.4
2025-08-15 16:00:00,1425113.3
2025-08-15 17:00:00,1405299.8
2025-08-15 18:00:00,1342962.5
2025-08-15 19:00:00,1290528.3
2025-08-15 20:00:00,1261169.6
2025-08-15 21:00:00,1180681.7
2025-08-15 22:00:00,1072684.9
2025-08-15 23:00:00,962976.9
2025-08-16 00:00:00,861891.6
2025-08-16 01:00:00,779135.6
2025-08-16 02:00:00,722083.0
2025-08-16 03:00:00,683266.7
2025-08-16 04:00:00,662212.8
2025-08-16 05:00:00,659988.3
2025-08-16 06:00:00,712332.9
2025-08-16 07:00:00,841057.3
2025-08-16 08:00:00,997589.0
2025-08-16 09:00:00,1149025.8
2025-08-16 10:00:00,1276518.9
2025-08-16 11:00:00,1371693.0
2025-08-16 12:00:00,1425467.9
2025-08-16 13:00:00,1461693.2
2025-08-16 14:00:00,1482961.3
2025-08-16 15:00:00,1482802.6
2025-08-16 16:00:00,1482469.7
2025-08-16 17:00:00,1446154.4
2025-08-16 18:00:00,1401835.4
2025-08-16 19:00:00,1367457.2
2025-08-16 20:00:00,1336453.3
2025-08-16 21:00:00,1263427.9
2025-08-16 22:00:00,1164657.6
2025-08-16 23:00:00,1056570.4
2025-08-17 00:00:00,956173.6
2025-08-17 01:00:00,878289.0
2025-08-17 02:00:00,830803.0
2025-08-17 03:00:00,773549.5
2025-08-17 04:00:00,742963.9
2025-08-17 05:00:00,730308.0
2025-08-17 06:00:00,752777.1
2025-08-17 07:00:00,834899.8
2025-08-17 08:00:00,927179.4
2025-08-17 09:00:00,1025839.2
2025-08-17 10:00:00,1118795.8
2025-08-17 11:00:00,1207539.0
2025-08-17 12:00:00,1245732.0
2025-08-17 13:00:00,1217456.2
2025-08-17 14:00:00,1194218.5
2025-08-17 15:00:00,1166279.1
2025-08-17 16:00:00,1190450.3
2025-08-17 17:00:00,1207442.9
2025-08-17 18:00:00,1163849.5
2025-08-17 19:00:00,1115358.3
2025-08-17 20:00:00,1073784.0
2025-08-17 21:00:00,982618.9
2025-08-17 22:00:00,870447.4
2025-08-17 23:00:00,761031.5
2025-08-18 00:00:00,662980.6
2025-08-18 01:00:00,605153.4
2025-08-18 02:00:00,551509.0
2025-08-18 03:00:00,528095.9
2025-08-18 04:00:00,522456.2
2025-08-18 05:00:00,536151.7
2025-08-18 06:00:00,577924.6
2025-08-18 07:00:00,642365.7
2025-08-18 08:00:00,700353.4
2025-08-18 09:00:00,763695.1
2025-08-18 10:00:00,807799.7
2025-08-18 11:00:00,842401.7
2025-08-18 12:00:00,857315.2
2025-08-18 13:00:00,871608.3
2025-08-18 14:00:00,894951.1
2025-08-18 15:00:00,922405.2
2025-08-18 16:00:00,960515.8
2025-08-18 17:00:00,962077.0
2025-08-18 18:00:00,932180.2
2025-08-18 19:00:00,917961.5
2025-08-18 20:00:00,898412.8
2025-08-18 21:00:00,824409.5
2025-08-18 22:00:00,733725.3
2025-08-18 23:00:00,651809.1
2025-08-19 00:00:00,586489.5
2025-08-19 01:00:00,541224.2
2025-08-19 02:00:00,513669.4
2025-08-19 03:00:00,500467.9
2025-08-19 04:00:00,506343.9
2025-08-19 05:00:00,532371.3
2025-08-19 06:00:00,580455.8
2025-08-19 07:00:00,631116.5
2025-08-19 08:00:00,675415.9
2025-08-19 09:00:00,721428.5
2025-08-19 10:00:00,760919.7
2025-08-19 11:00:00,791702.2
2025-08-19 12:00:00,809061.1
2025-08-19 13:00:00,803715.5
2025-08-19 14:00:00,804732.0
2025-08-19 15:00:00,826450.5
2025-08-19 16:00:00,873983.7
2025-08-19 17:00:00,897344.6
2025-08-19 18:00:00,909149.2
2025-08-19 19:00:00,914792.5
2025-08-19 20:00:00,893047.8
2025-08-19 21:00:00,826211.1
2025-08-19 22:00:00,736066.1
2025-08-19 23:00:00,657061.5
2025-08-20 00:00:00,591254.7
2025-08-20 01:00:00,548073.6
2025-08-20 02:00:00,519847.7
2025-08-20 03:00:00,507943.1
2025-08-20 04:00:00,517588.4
2025-08-20 05:00:00,543934.5
2025-08-20 06:00:00,591022.7
2025-08-20 07:00:00,646310.1
2025-08-20 08:00:00,692080.6
2025-08-20 09:00:00,733941.0
2025-08-20 10:00:00,768336.2
2025-08-20 11:00:00,803409.1
2025-08-20 12:00:00,808126.3
2025-08-20 13:00:00,803638.0
2025-08-20 14:00:00,796298.7
2025-08-20 15:00:00,807917.9
2025-08-20 16:00:00,843485.6
2025-08-20 17:00:00,855662.2
2025-08-20 18:00:00,863906.1
2025-08-20 19:00:00,877115.1
2025-08-20 20:00:00,856933.0
2025-08-20 21:00:00,796404.2
2025-08-20 22:00:00,715646.8
2025-08-20 23:00:00,633631.6
2025-08-21 00:00:00,566235.3
2025-08-21 01:00:00,520325.2
2025-08-21 02:00:00,491346.8
2025-08-21 03:00:00,479271.4
2025-08-21 04:00:00,487945.9
2025-08-21 05:00:00,512787.5
2025-08-21 06:00:00,564812.1
2025-08-21 07:00:00,632093.4
2025-08-21 08:00:00,699555.6
2025-08-21 09:00:00,762299.3
2025-08-21 10:00:00,808713.5
2025-08-21 11:00:00,844000.6
2025-08-21 12:00:00,866066.2
2025-08-21 13:00:00,884742.3
2025-08-21 14:00:00,913311.9
2025-08-21 15:00:00,950162.6
2025-08-21 16:00:00,997357.7
2025-08-21 17:00:00,1005289.2
2025-08-21 18:00:00,982083.9
2025-08-21 19:00:00,962166.6
2025-08-21 20:00:00,939837.7
2025-08-21 21:00:00,868159.1
2025-08-21 22:00:00,777755.9
2025-08-21 23:00:00,688658.4
2025-08-22 00:00:00,611501.4
2025-08-22 01:00:00,558765.3
2025-08-22 02:00:00,525249.8
2025-08-22 03:00:00,508385.1
2025-08-22 04:00:00,511944.5
2025-08-22 05:00:00,528971.1
2025-08-22 06:00:00,583308.3
2025-08-22 07:00:00,669296.1
2025-08-22 08:00:00,763585.1
2025-08-22 09:00:00,859514.9
2025-08-22 10:00:00,930584.0
2025-08-22 11:00:00,990626.2
2025-08-22 12:00:00,1024686.4
2025-08-22 13:00:00,1057079.5
2025-08-22 14:00:00,1082187.7
2025-08-22 15:00:00,1111014.8
2025-08-22 16:00:00,1143481.1
2025-08-22 17:00:00,1135816.2
2025-08-22 18:00:00,1095644.0
2025-08-22 19:00:00,1067981.9
2025-08-22 20:00:00,1042118.5
2025-08-22 21:00:00,978043.8
2025-08-22 22:00:00,892532.4
2025-08-22 23:00:00,796286.4
2025-08-23 00:00:00,706432.4
2025-08-23 01:00:00,642779.9
2025-08-23 02:00:00,597627.8
2025-08-23 03:00:00,566937.2
2025-08-23 04:00:00,554557.4
2025-08-23 05:00:00,559033.4
2025-08-23 06:00:00,604146.4
2025-08-23 07:00:00,703013.3
2025-08-23 08:00:00,804981.0
2025-08-23 09:00:00,912746.3
2025-08-23 10:00:00,1004477.0
2025-08-23 11:00:00,1049850.8
2025-08-23 12:00:00,1062716.6
2025-08-23 13:00:00,1040028.2
2025-08-23 14:00:00,1030844.2
2025-08-23 15:00:00,1072357.3
2025-08-23 16:00:00,1079216.7
2025-08-23 17:00:00,1076569.5
2025-08-23 18:00:00,1041170.8
2025-08-23 19:00:00,1029183.3
2025-08-23 20:00:00,1008326.4
2025-08-23 21:00:00,957687.8
2025-08-23 22:00:00,886037.6
2025-08-23 23:00:00,800790.2
2025-08-24 00:00:00,714125.6
2025-08-24 01:00:00,651950.3
2025-08-24 02:00:00,603442.5
2025-08-24 03:00:00,571528.4
2025-08-24 04:00:00,552722.8
2025-08-24 05:00:00,550516.2
2025-08-24 06:00:00,587325.4
2025-08-24 07:00:00,668629.4
2025-08-24 08:00:00,777119.1
2025-08-24 09:00:00,887031.0
2025-08-24 10:00:00,971712.9
2025-08-24 11:00:00,1039778.0
2025-08-24 12:00:00,1061030.1
2025-08-24 13:00:00,1070901.0
2025-08-24 14:00:00,1048452.6
2025-08-24 15:00:00,1070007.5
2025-08-24 16:00:00,1090342.2
2025-08-24 17:00:00,1098795.8
2025-08-24 18:00:00,1056211.3
2025-08-24 19:00:00,1021151.2
2025-08-24 20:00:00,987006.3
2025-08-24 21:00:00,899925.5
2025-08-24 22:00:00,792292.7
2025-08-24 23:00:00,699214.5
2025-08-25 00:00:00,618379.7
2025-08-25 01:00:00,563742.7
2025-08-25 02:00:00,526654.5
2025-08-25 03:00:00,507090.5
2025-08-25 04:00:00,508114.9
2025-08-25 05:00:00,526552.0
2025-08-25 06:00:00,572100.8
2025-08-25 07:00:00,638663.7
2025-08-25 08:00:00,703800.4
2025-08-25 09:00:00,766431.8
2025-08-25 10:00:00,805052.3
2025-08-25 11:00:00,837967.7
2025-08-25 12:00:00,821310.6
2025-08-25 13:00:00,806520.5
2025-08-25 14:00:00,820579.1
2025-08-25 15:00:00,834183.8
2025-08-25 16:00:00,870538.2
2025-08-25 17:00:00,879297.0
2025-08-25 18:00:00,852652.3
2025-08-25 19:00:00,847482.3
2025-08-25 20:00:00,817028.6
2025-08-25 21:00:00,748425.0
2025-08-25 22:00:00,665578.5
2025-08-25 23:00:00,588046.0
2025-08-26 00:00:00,526770.2
2025-08-26 01:00:00,488863.1
2025-08-26 02:00:00,464459.4
2025-08-26 03:00:00,455208.0
2025-08-26 04:00:00,464627.7
2025-08-26 05:00:00,490036.1
2025-08-26 06:00:00,536376.8
2025-08-26 07:00:00,595087.9
2025-08-26 08:00:00,648806.0
2025-08-26 09:00:00,699405.6
2025-08-26 10:00:00,728009.2
2025-08-26 11:00:00,746020.5
2025-08-26 12:00:00,746916.8
2025-08-26 13:00:00,739273.7
2025-08-26 14:00:00,733784.1
2025-08-26 15:00:00,754479.3
2025-08-26 16:00:00,785239.6
2025-08-26 17:00:00,794091.7
2025-08-26 18:00:00,797736.4
2025-08-26 19:00:00,801911.6
2025-08-26 20:00:00,773698.9
2025-08-26 21:00:00,706705.4
2025-08-26 22:00:00,630907.5
2025-08-26 23:00:00,560014.8
2025-08-27 00:00:00,502054.2
2025-08-27 01:00:00,466439.1
2025-08-27 02:00:00,444830.4
2025-08-27 03:00:00,437515.8
2025-08-27 04:00:00,448915.6
2025-08-27 05:00:00,477221.0
2025-08-27 06:00:00,524018.8
2025-08-27 07:00:00,579736.6
2025-08-27 08:00:00,631082.9
2025-08-27 09:00:00,680462.0
2025-08-27 10:00:00,715825.9
2025-08-27 11:00:00,740693.4
2025-08-27 12:00:00,746479.1
2025-08-27 13:00:00,758311.2
2025-08-27 14:00:00,776071.9
2025-08-27 15:00:00,799531.4
2025-08-27 16:00:00,835662.9
2025-08-27 17:00:00,844453.5
2025-08-27 18:00:00,833036.1
2025-08-27 19:00:00,833095.2
2025-08-27 20:00:00,803858.2
2025-08-27 21:00:00,739135.3
2025-08-27 22:00:00,659290.5
2025-08-27 23:00:00,585327.5
2025-08-28 00:00:00,523865.2
2025-08-28 01:00:00,483933.9
2025-08-28 02:00:00,458622.8
2025-08-28 03:00:00,451030.0
2025-08-28 04:00:00,459896.9
2025-08-28 05:00:00,485285.7
2025-08-28 06:00:00,532343.6
2025-08-28 07:00:00,585572.1
2025-08-28 08:00:00,637269.5
2025-08-28 09:00:00,679424.7
2025-08-28 10:00:00,713144.4
2025-08-28 11:00:00,734396.3
2025-08-28 12:00:00,733039.4
2025-08-28 13:00:00,727655.8
2025-08-28 14:00:00,726968.7
2025-08-28 15:00:00,744282.0
2025-08-28 16:00:00,780099.5
2025-08-28 17:00:00,793540.9
2025-08-28 18:00:00,789640.3
2025-08-28 19:00:00,793200.7
2025-08-28 20:00:00,768337.9
2025-08-28 21:00:00,704090.5
2025-08-28 22:00:00,629506.9
2025-08-28 23:00:00,556215.6
2025-08-29 00:00:00,497494.2
2025-08-29 01:00:00,461060.0
2025-08-29 02:00:00,438904.5
2025-08-29 03:00:00,430316.8
2025-08-29 04:00:00,439963.1
2025-08-29 05:00:00,464382.9
2025-08-29 06:00:00,510801.2
2025-08-29 07:00:00,571240.4
2025-08-29 08:00:00,625870.8
2025-08-29 09:00:00,667674.4
2025-08-29 10:00:00,694188.3
2025-08-29 11:00:00,707950.9
2025-08-29 12:00:00,702166.2
2025-08-29 13:00:00,697437.6
2025-08-29 14:00:00,702352.0
2025-08-29 15:00:00,716920.6
2025-08-29 16:00:00,739539.9
2025-08-29 17:00:00,743350.7
2025-08-29 18:00:00,739396.5
2025-08-29 19:00:00,749457.2
2025-08-29 20:00:00,730536.4
2025-08-29 21:00:00,675802.2
2025-08-29 22:00:00,616681.8
2025-08-29 23:00:00,555534.8
2025-08-30 00:00:00,500105.0
2025-08-30 01:00:00,464859.7
2025-08-30 02:00:00,439411.7
2025-08-30 03:00:00,428126.2
2025-08-30 04:00:00,429419.1
2025-08-30 05:00:00,444284.8
2025-08-30 06:00:00,485656.7
2025-08-30 07:00:00,552478.9
2025-08-30 08:00:00,621848.1
2025-08-30 09:00:00,682607.7
2025-08-30 10:00:00,721614.5
2025-08-30 11:00:00,742247.3
2025-08-30 12:00:00,743169.2
2025-08-30 13:00:00,741888.8
2025-08-30 14:00:00,744278.9
2025-08-30 15:00:00,751432.8
2025-08-30 16:00:00,767057.4
2025-08-30 17:00:00,768114.7
2025-08-30 18:00:00,753305.5
2025-08-30 19:00:00,751403.1
2025-08-30 20:00:00,730205.8
2025-08-30 21:00:00,683841.7
2025-08-30 22:00:00,624482.4
2025-08-30 23:00:00,563914.6
2025-08-31 00:00:00,508498.1
2025-08-31 01:00:00,469696.2
2025-08-31 02:00:00,443074.7
2025-08-31 03:00:00,429086.0
2025-08-31 04:00:00,426518.0
2025-08-31 05:00:00,436153.0
2025-08-31 06:00:00,472183.5
2025-08-31 07:00:00,536592.1
2025-08-31 08:00:00,607811.4
2025-08-31 09:00:00,675146.2
2025-08-31 10:00:00,726608.9
2025-08-31 11:00:00,759470.8
2025-08-31 12:00:00,771129.0
2025-08-31 13:00:00,779382.3
2025-08-31 14:00:00,790605.6
2025-08-31 15:00:00,805073.7
2025-08-31 16:00:00,823995.4
2025-08-31 17:00:00,824197.4
2025-08-31 18:00:00,803381.3
2025-08-31 19:00:00,800419.3
2025-08-31 20:00:00,772477.1
2025-08-31 21:00:00,719078.5
2025-08-31 22:00:00,654107.9
2025-08-31 23:00:00,586048.7
