timestamp,energy,temperature_2m (°C),relative_humidity_2m (%),dew_point_2m (°C),apparent_temperature (°C),wind_speed_10m (km/h),cloud_cover (%),precipitation (mm),shortwave_radiation (W/m²),day_of_week,is_holiday
2025-06-01 00:00:00,13277.72932,22.9,70,17.0,24.2,8.1,0,0.0,0.0,6,0
2025-06-01 01:00:00,12367.734718,22.4,71,16.9,23.8,7.0,0,0.0,0.0,6,0
2025-06-01 02:00:00,11678.103652,21.8,74,16.9,23.3,6.1,0,0.0,0.0,6,0
2025-06-01 03:00:00,11231.538259,21.3,76,16.9,22.8,6.1,0,0.0,0.0,6,0
2025-06-01 04:00:00,11023.126274,21.1,76,16.8,22.4,7.2,0,0.0,0.0,6,0
2025-06-01 05:00:00,10880.740578,20.8,78,16.9,22.3,6.5,0,0.0,0.0,6,0
2025-06-01 06:00:00,10824.881979,20.5,79,16.9,22.0,6.3,0,0.0,0.0,6,0
2025-06-01 07:00:00,11149.930706,20.8,79,17.0,22.3,7.0,1,0.0,15.0,6,0
2025-06-01 08:00:00,11999.86586,22.4,75,17.8,23.8,9.1,70,0.0,129.0,6,0
2025-06-01 09:00:00,12843.211971,23.2,75,18.6,25.1,8.8,56,0.1,219.0,6,0
2025-06-01 10:00:00,13606.018429,22.2,89,20.4,23.3,20.5,100,8.0,443.0,6,0
2025-06-01 11:00:00,14550.705217,21.1,93,19.9,22.6,15.9,29,1.2,54.0,6,0
2025-06-01 12:00:00,15534.499613,24.8,77,20.5,27.6,15.1,16,0.0,716.0,6,0
2025-06-01 13:00:00,16574.475167,26.4,73,21.1,31.1,12.4,15,0.0,915.0,6,0
2025-06-01 14:00:00,17804.873536,28.3,65,21.1,32.6,13.0,67,0.0,869.0,6,0
2025-06-01 15:00:00,18939.395154,28.4,68,21.9,32.5,12.2,59,0.0,743.0,6,0
2025-06-01 16:00:00,19855.344528,28.5,68,22.0,31.8,11.6,39,0.1,549.0,6,0
2025-06-01 17:00:00,20203.696896,28.4,69,22.1,31.6,11.5,59,0.6,502.0,6,0
2025-06-01 18:00:00,19857.688002,28.4,69,22.1,32.0,9.3,36,0.0,383.0,6,0
2025-06-01 19:00:00,19033.302772,27.6,74,22.5,31.9,5.9,62,0.1,228.0,6,0
2025-06-01 20:00:00,17979.368039,24.5,89,22.5,28.5,7.8,96,0.0,83.0,6,0
2025-06-01 21:00:00,17465.780008,23.5,91,22.0,27.6,5.9,80,4.1,4.0,6,0
2025-06-01 22:00:00,16338.893743,23.3,96,22.6,27.2,9.5,13,0.0,0.0,6,0
2025-06-01 23:00:00,14941.536908,23.0,97,22.5,26.7,9.7,10,0.0,0.0,6,0
2025-06-02 00:00:00,13864.915593,22.5,94,21.5,25.6,10.4,0,0.0,0.0,0,0
2025-06-02 01:00:00,13010.861884,21.9,92,20.5,24.3,11.8,0,0.0,0.0,0,0
2025-06-02 02:00:00,12388.737493,21.5,86,19.1,23.2,12.1,0,0.0,0.0,0,0
2025-06-02 03:00:00,12095.089249,21.2,84,18.5,22.5,12.5,2,0.0,0.0,0,0
2025-06-02 04:00:00,12168.25246,21.0,84,18.3,22.4,11.9,0,0.0,0.0,0,0
2025-06-02 05:00:00,12583.403951,20.9,87,18.6,22.5,11.1,7,0.0,0.0,0,0
2025-06-02 06:00:00,13115.395879,20.8,89,18.9,22.5,10.7,7,0.0,0.0,0,0
2025-06-02 07:00:00,13739.569837,21.0,89,19.0,22.9,10.2,10,0.0,15.0,0,0
2025-06-02 08:00:00,14613.466725,23.6,92,22.3,27.1,10.8,42,0.0,101.0,0,0
2025-06-02 09:00:00,15770.879,24.5,89,22.5,27.9,12.1,33,0.0,152.0,0,0
2025-06-02 10:00:00,17149.503913,26.6,79,22.7,30.7,9.0,65,0.1,384.0,0,0
2025-06-02 11:00:00,18556.829509,28.5,72,22.9,32.6,10.6,21,0.0,598.0,0,0
2025-06-02 12:00:00,19910.618215,30.0,69,23.8,35.4,11.9,7,0.0,769.0,0,0
2025-06-02 13:00:00,21045.07986,30.9,66,23.8,36.4,14.7,13,0.0,864.0,0,0
2025-06-02 14:00:00,21912.641962,31.7,62,23.5,37.0,16.1,31,0.0,912.0,0,0
2025-06-02 15:00:00,22447.957878,32.5,56,22.7,36.6,16.8,42,0.0,789.0,0,0
2025-06-02 16:00:00,22720.686453,33.2,52,22.0,36.5,18.0,70,0.0,756.0,0,0
2025-06-02 17:00:00,22764.864109,31.9,54,21.4,34.0,16.7,91,0.0,459.0,0,0
2025-06-02 18:00:00,22409.932041,32.3,50,20.7,33.9,17.7,38,0.0,411.0,0,0
2025-06-02 19:00:00,21511.179491,31.6,55,21.5,34.0,15.4,77,0.0,286.0,0,0
2025-06-02 20:00:00,20765.736064,29.8,66,22.6,32.8,15.0,95,0.0,111.0,0,0
2025-06-02 21:00:00,20080.589129,28.4,70,22.4,31.8,11.5,99,0.0,9.0,0,0
2025-06-02 22:00:00,18816.569624,28.0,70,22.0,31.0,13.0,24,0.0,0.0,0,0
2025-06-02 23:00:00,17375.762763,27.8,68,21.3,30.0,15.6,33,0.0,0.0,0,0
2025-06-03 00:00:00,16114.986322,27.1,69,21.0,29.2,15.9,7,0.0,0.0,1,0
2025-06-03 01:00:00,15197.820358,26.4,76,21.7,29.0,14.6,0,0.0,0.0,1,0
2025-06-03 02:00:00,14426.469468,25.9,79,22.0,28.6,15.1,0,0.0,0.0,1,0
2025-06-03 03:00:00,13902.93113,25.5,81,21.9,28.1,15.0,17,0.0,0.0,1,0
2025-06-03 04:00:00,13730.638744,25.0,81,21.5,27.6,13.6,99,0.0,0.0,1,0
2025-06-03 05:00:00,13963.294857,24.5,82,21.2,27.2,12.9,100,0.0,0.0,1,0
2025-06-03 06:00:00,14330.49317,24.1,82,21.0,26.5,13.6,100,0.0,0.0,1,0
2025-06-03 07:00:00,14816.017401,24.0,82,20.7,26.3,13.0,100,0.0,11.0,1,0
2025-06-03 08:00:00,15448.539578,25.1,83,22.1,28.4,11.5,100,0.0,128.0,1,0
2025-06-03 09:00:00,16167.616909,26.5,76,21.9,28.5,19.0,100,0.0,240.0,1,0
2025-06-03 10:00:00,16787.660578,27.2,71,21.4,29.1,18.2,99,0.0,244.0,1,0
2025-06-03 11:00:00,17552.272135,28.9,62,20.9,30.0,22.2,41,0.0,429.0,1,0
2025-06-03 12:00:00,18801.358898,30.0,59,21.3,31.8,23.6,24,0.0,702.0,1,0
2025-06-03 13:00:00,19915.190837,30.8,56,21.1,33.1,25.6,70,0.2,901.0,1,0
2025-06-03 14:00:00,20825.260338,31.0,54,20.8,32.7,24.5,38,0.0,764.0,1,0
2025-06-03 15:00:00,21391.050291,32.5,49,20.5,35.3,20.0,44,0.0,856.0,1,0
2025-06-03 16:00:00,21807.589618,32.3,51,21.0,34.3,21.8,41,0.0,715.0,1,0
2025-06-03 17:00:00,21923.844976,32.5,47,19.9,33.7,19.7,44,0.0,609.0,1,0
2025-06-03 18:00:00,21282.222607,31.7,52,20.5,32.9,20.0,46,0.2,446.0,1,0
2025-06-03 19:00:00,20529.311901,30.3,59,21.5,32.1,19.3,52,0.2,255.0,1,0
2025-06-03 20:00:00,20024.598848,25.6,84,22.6,29.4,10.4,74,6.4,65.0,1,0
2025-06-03 21:00:00,19477.404543,24.7,90,23.0,27.9,15.6,75,0.4,6.0,1,0
2025-06-03 22:00:00,17925.456973,24.5,88,22.4,27.2,16.1,99,0.1,0.0,1,0
2025-06-03 23:00:00,15908.253661,24.8,87,22.5,27.7,15.9,95,0.1,0.0,1,0
2025-06-04 00:00:00,14489.983844,24.7,88,22.5,28.4,10.2,100,0.4,0.0,2,0
2025-06-04 01:00:00,13591.676939,23.6,95,22.7,28.7,1.3,96,20.7,0.0,2,0
2025-06-04 02:00:00,12930.816077,23.4,96,22.8,28.2,3.8,74,1.8,0.0,2,0
2025-06-04 03:00:00,12554.020305,22.4,91,20.8,24.6,14.3,54,2.0,0.0,2,0
2025-06-04 04:00:00,12549.650319,22.0,92,20.6,24.7,10.6,98,0.0,0.0,2,0
2025-06-04 05:00:00,12895.548439,22.2,93,21.0,25.2,9.8,100,0.0,0.0,2,0
2025-06-04 06:00:00,13319.283075,20.1,88,18.1,20.9,15.2,100,0.0,0.0,2,0
2025-06-04 07:00:00,13477.552156,19.7,86,17.4,20.5,12.5,100,0.0,4.0,2,0
2025-06-04 08:00:00,13693.812948,19.5,89,17.6,20.8,9.4,100,0.0,34.0,2,0
2025-06-04 09:00:00,14012.685262,20.0,86,17.6,21.2,10.9,100,0.0,140.0,2,0
2025-06-04 10:00:00,14446.09894,21.6,81,18.3,23.3,9.7,99,0.0,376.0,2,0
2025-06-04 11:00:00,14915.337791,22.4,78,18.5,23.9,11.0,100,0.0,387.0,2,0
2025-06-04 12:00:00,15357.851973,22.9,77,18.6,24.5,10.8,100,0.0,449.0,2,0
2025-06-04 13:00:00,15976.312306,23.0,77,18.6,24.6,11.3,100,0.0,423.0,2,0
2025-06-04 14:00:00,16643.857073,24.1,73,19.0,26.4,10.5,100,0.0,610.0,2,0
2025-06-04 15:00:00,17301.703654,25.0,71,19.3,27.2,9.5,100,0.0,558.0,2,0
2025-06-04 16:00:00,17874.856254,25.2,70,19.4,27.4,9.3,100,0.0,471.0,2,0
2025-06-04 17:00:00,18265.449302,25.0,71,19.4,27.1,9.7,100,0.0,357.0,2,0
2025-06-04 18:00:00,18190.90376,25.0,71,19.2,27.3,8.0,100,0.0,306.0,2,0
2025-06-04 19:00:00,17697.00121,24.7,71,19.1,27.3,5.6,27,0.0,192.0,2,0
2025-06-04 20:00:00,17279.989682,24.2,76,19.8,27.2,5.2,4,0.0,120.0,2,0
2025-06-04 21:00:00,16842.793493,23.0,82,19.7,25.7,6.5,6,0.0,10.0,2,0
2025-06-04 22:00:00,15750.859878,22.4,84,19.6,25.2,6.2,2,0.0,0.0,2,0
2025-06-04 23:00:00,14346.216012,22.0,86,19.6,24.7,6.7,1,0.0,0.0,2,0
2025-06-05 00:00:00,13186.247714,21.6,88,19.5,24.3,7.1,0,0.0,0.0,3,0
2025-06-05 01:00:00,12424.944076,21.3,90,19.5,24.1,5.4,10,0.0,0.0,3,0
2025-06-05 02:00:00,11927.811675,21.0,92,19.5,23.9,5.0,100,0.0,0.0,3,0
2025-06-05 03:00:00,11679.017487,21.2,91,19.7,24.4,4.1,100,0.0,0.0,3,0
2025-06-05 04:00:00,11756.731468,21.4,91,19.8,24.5,4.2,100,0.0,0.0,3,0
2025-06-05 05:00:00,12240.726045,21.4,90,19.7,24.4,4.7,100,0.0,0.0,3,0
2025-06-05 06:00:00,12893.852578,21.3,91,19.8,24.5,3.7,100,0.0,0.0,3,0
2025-06-05 07:00:00,13370.885278,21.4,90,19.8,24.6,3.6,100,0.0,7.0,3,0
2025-06-05 08:00:00,13881.746169,22.1,91,20.6,25.6,5.0,100,0.2,47.0,3,0
2025-06-05 09:00:00,14386.467474,22.5,90,20.8,26.2,3.9,100,1.6,64.0,3,0
2025-06-05 10:00:00,14793.12831,21.4,97,21.0,23.8,13.6,100,10.9,100.0,3,0
2025-06-05 11:00:00,14993.494271,22.0,93,20.8,25.0,8.8,100,0.5,88.0,3,0
2025-06-05 12:00:00,15406.173533,23.0,88,20.9,25.9,9.0,100,0.5,265.0,3,0
2025-06-05 13:00:00,16498.315591,25.0,84,22.1,29.4,7.6,69,0.1,636.0,3,0
2025-06-05 14:00:00,18034.133613,27.3,78,23.1,34.1,8.2,29,0.0,950.0,3,0
2025-06-05 15:00:00,19670.907656,29.5,65,22.4,34.7,12.3,30,0.0,884.0,3,0
2025-06-05 16:00:00,20818.323182,30.1,65,22.8,35.2,11.7,41,0.0,796.0,3,0
2025-06-05 17:00:00,21391.58018,30.1,65,22.7,34.3,10.9,68,0.0,631.0,3,0
2025-06-05 18:00:00,21384.710066,29.8,66,22.8,33.6,10.3,100,0.0,407.0,3,0
2025-06-05 19:00:00,20599.732033,29.2,72,23.6,34.2,5.9,100,0.0,204.0,3,0
2025-06-05 20:00:00,19709.679214,28.2,84,25.1,34.0,6.9,100,0.0,92.0,3,0
2025-06-05 21:00:00,19233.888704,26.8,89,24.8,32.1,8.7,97,0.0,5.0,3,0
2025-06-05 22:00:00,18238.259683,26.2,88,24.0,30.8,10.3,100,0.0,0.0,3,0
2025-06-05 23:00:00,17105.137043,25.8,86,23.3,29.9,10.9,100,0.0,0.0,3,0
2025-06-06 00:00:00,16026.06614,25.5,86,23.0,29.7,8.2,94,0.0,0.0,4,0
2025-06-06 01:00:00,15069.241317,25.5,87,23.0,29.4,10.5,3,0.0,0.0,4,0
2025-06-06 02:00:00,14413.531238,25.5,86,23.0,29.6,9.8,28,0.0,0.0,4,0
2025-06-06 03:00:00,14198.777692,25.5,84,22.5,29.3,10.1,1,0.0,0.0,4,0
2025-06-06 04:00:00,14149.168898,25.3,83,22.3,28.7,11.7,0,0.0,0.0,4,0
2025-06-06 05:00:00,14386.725126,25.0,85,22.4,28.4,12.3,0,0.0,0.0,4,0
2025-06-06 06:00:00,14510.94888,24.9,85,22.2,28.0,12.7,0,0.0,0.0,4,0
2025-06-06 07:00:00,14914.137974,24.9,83,21.8,27.7,13.0,0,0.0,16.0,4,0
2025-06-06 08:00:00,15948.102917,26.1,81,22.6,30.3,7.0,75,0.0,134.0,4,0
2025-06-06 09:00:00,16915.524714,27.0,77,22.7,31.2,7.8,95,0.0,281.0,4,0
2025-06-06 10:00:00,17852.011618,28.1,73,23.0,32.5,7.8,76,0.0,495.0,4,0
2025-06-06 11:00:00,19053.987527,29.1,69,22.9,33.1,14.8,24,0.0,676.0,4,0
2025-06-06 12:00:00,20280.470212,30.5,65,23.1,36.0,11.4,10,0.0,843.0,4,0
2025-06-06 13:00:00,21137.773151,31.5,60,22.9,37.6,10.1,21,0.0,921.0,4,0
2025-06-06 14:00:00,21911.365625,32.0,57,22.5,37.5,12.1,21,0.0,918.0,4,0
2025-06-06 15:00:00,21885.224202,32.3,56,22.5,37.2,13.9,17,0.0,871.0,4,0
2025-06-06 16:00:00,22105.882535,32.4,57,22.8,36.8,14.4,24,0.0,774.0,4,0
2025-06-06 17:00:00,22206.106101,32.3,57,22.6,36.1,14.2,42,0.0,649.0,4,0
2025-06-06 18:00:00,22395.095792,32.0,57,22.5,35.3,13.1,43,0.0,460.0,4,0
2025-06-06 19:00:00,22043.062947,31.3,60,22.5,34.8,11.4,66,0.0,279.0,4,0
2025-06-06 20:00:00,21193.421388,29.9,70,23.7,35.0,5.1,99,0.0,46.0,4,0
2025-06-06 21:00:00,20427.270154,28.6,74,23.6,33.5,6.6,100,0.0,9.0,4,0
2025-06-06 22:00:00,19068.976787,28.2,75,23.2,32.8,7.4,100,0.0,0.0,4,0
2025-06-06 23:00:00,17732.519739,27.6,76,23.0,31.8,8.7,100,0.0,0.0,4,0
2025-06-07 00:00:00,16537.931324,27.0,80,23.2,31.2,9.4,52,0.0,0.0,5,0
2025-06-07 01:00:00,15622.926649,27.0,78,22.8,30.5,12.1,18,0.0,0.0,5,0
2025-06-07 02:00:00,14949.192351,26.6,76,22.1,29.9,12.3,39,0.0,0.0,5,0
2025-06-07 03:00:00,14514.354217,26.2,78,22.1,29.1,14.8,1,0.0,0.0,5,0
2025-06-07 04:00:00,14251.601868,26.0,80,22.1,28.5,16.7,0,0.0,0.0,5,0
2025-06-07 05:00:00,14195.680918,25.5,82,22.2,28.2,16.3,0,0.0,0.0,5,0
2025-06-07 06:00:00,14096.781811,25.1,84,22.2,27.8,16.2,0,0.0,0.0,5,0
2025-06-07 07:00:00,14302.81827,25.0,85,22.2,27.6,16.6,0,0.0,16.0,5,0
2025-06-07 08:00:00,15337.614471,26.3,83,23.2,30.2,11.5,8,0.0,143.0,5,0
2025-06-07 09:00:00,16569.484267,27.6,75,22.9,31.1,13.5,45,0.0,338.0,5,0
2025-06-07 10:00:00,17702.952475,29.0,70,22.9,33.2,8.3,43,0.0,471.0,5,0
2025-06-07 11:00:00,18605.495434,30.0,66,23.0,34.3,8.4,98,0.0,573.0,5,0
2025-06-07 12:00:00,19560.570382,28.9,71,23.1,33.9,8.4,95,0.2,661.0,5,0
2025-06-07 13:00:00,20353.035644,28.6,72,23.0,34.5,5.8,49,0.9,738.0,5,0
2025-06-07 14:00:00,21180.632154,30.1,66,23.1,36.8,3.1,31,0.1,776.0,5,0
2025-06-07 15:00:00,21774.807507,31.6,59,22.7,37.9,6.6,15,0.0,862.0,5,0
2025-06-07 16:00:00,22046.093603,33.0,53,22.0,37.6,10.3,12,0.0,778.0,5,0
2025-06-07 17:00:00,21969.794891,33.6,48,21.2,36.9,11.3,16,0.0,640.0,5,0
2025-06-07 18:00:00,22056.390327,33.9,46,20.6,36.4,11.5,16,0.0,486.0,5,0
2025-06-07 19:00:00,21511.103649,33.7,47,20.8,36.6,9.3,64,0.0,287.0,5,0
2025-06-07 20:00:00,20586.234081,29.4,76,24.6,34.9,6.3,35,0.0,116.0,5,0
2025-06-07 21:00:00,19897.151678,28.2,81,24.8,34.4,2.9,46,0.0,9.0,5,0
2025-06-07 22:00:00,18865.216407,27.7,85,25.0,34.0,3.1,6,0.1,0.0,5,0
2025-06-07 23:00:00,17667.638068,27.9,80,24.1,33.1,6.8,9,0.0,0.0,5,0
2025-06-08 00:00:00,16616.437057,27.9,78,23.7,32.9,6.2,14,0.0,0.0,6,0
2025-06-08 01:00:00,15731.949799,27.5,77,23.0,32.2,5.7,20,0.0,0.0,6,0
2025-06-08 02:00:00,14903.47585,26.8,78,22.7,31.4,4.8,9,0.0,0.0,6,0
2025-06-08 03:00:00,14321.798702,26.0,83,22.9,31.0,3.4,28,0.0,0.0,6,0
2025-06-08 04:00:00,13936.872913,26.0,80,22.3,30.1,6.5,2,0.0,0.0,6,0
2025-06-08 05:00:00,13656.526854,25.5,82,22.1,29.6,6.2,25,0.0,0.0,6,0
2025-06-08 06:00:00,13370.898426,24.8,87,22.4,29.0,6.8,44,0.0,0.0,6,0
2025-06-08 07:00:00,13562.151029,24.8,87,22.5,28.8,8.6,31,0.4,14.0,6,0
2025-06-08 08:00:00,14458.691772,24.7,84,21.9,27.1,16.5,98,1.5,127.0,6,0
2025-06-08 09:00:00,15575.875017,25.5,80,21.8,29.8,2.9,59,0.1,171.0,6,0
2025-06-08 10:00:00,16474.51572,27.3,75,22.4,31.5,6.4,2,0.4,444.0,6,0
2025-06-08 11:00:00,17803.15886,29.2,70,23.1,34.3,9.1,50,0.0,701.0,6,0
2025-06-08 12:00:00,19268.983777,30.9,64,23.3,36.7,7.4,39,0.0,764.0,6,0
2025-06-08 13:00:00,20807.953234,32.0,60,23.3,38.4,7.5,21,0.0,845.0,6,0
2025-06-08 14:00:00,22001.900318,32.5,57,23.0,38.5,8.6,39,0.0,847.0,6,0
2025-06-08 15:00:00,22513.716022,33.1,55,22.9,38.5,9.2,56,0.0,784.0,6,0
2025-06-08 16:00:00,22839.908737,33.2,54,22.5,37.7,8.8,75,0.0,662.0,6,0
2025-06-08 17:00:00,22815.322058,33.5,52,22.4,36.8,12.4,43,0.0,503.0,6,0
2025-06-08 18:00:00,22425.446152,33.0,55,22.8,36.2,14.8,60,0.2,431.0,6,0
2025-06-08 19:00:00,22337.85164,32.4,58,23.0,36.1,12.3,96,0.0,280.0,6,0
2025-06-08 20:00:00,21657.884067,27.4,82,24.0,31.7,12.1,100,0.0,86.0,6,0
2025-06-08 21:00:00,20949.194499,26.2,86,23.6,30.1,13.2,100,0.0,8.0,6,0
2025-06-08 22:00:00,18957.977442,26.0,83,22.8,29.5,12.5,100,0.0,0.0,6,0
2025-06-08 23:00:00,16077.430954,22.9,96,22.2,25.4,17.3,100,24.0,0.0,6,0
2025-06-09 00:00:00,14547.789703,22.8,95,22.0,25.1,17.7,100,18.1,0.0,0,0
2025-06-09 01:00:00,13427.638169,22.6,90,20.9,24.5,16.9,100,11.0,0.0,0,0
2025-06-09 02:00:00,12700.993959,22.2,90,20.5,23.4,20.1,100,1.2,0.0,0,0
2025-06-09 03:00:00,12235.429479,22.1,91,20.6,25.5,5.4,100,1.6,0.0,0,0
2025-06-09 04:00:00,12147.091065,22.3,93,21.1,26.1,4.3,100,0.1,0.0,0,0
2025-06-09 05:00:00,12474.313124,22.0,95,21.1,24.8,10.9,100,0.1,0.0,0,0
2025-06-09 06:00:00,12924.04467,22.6,94,21.6,25.4,13.0,93,0.2,0.0,0,0
2025-06-09 07:00:00,13299.748942,22.8,93,21.6,26.0,10.1,100,0.0,9.0,0,0
2025-06-09 08:00:00,13917.421442,21.5,91,20.0,24.4,6.4,13,0.0,65.0,0,0
2025-06-09 09:00:00,14733.769945,23.0,82,19.8,25.6,7.7,47,0.0,326.0,0,0
2025-06-09 10:00:00,15910.88211,24.9,74,19.9,27.1,10.6,33,0.0,473.0,0,0
2025-06-09 11:00:00,16997.499524,26.3,70,20.5,29.9,7.7,7,0.0,658.0,0,0
2025-06-09 12:00:00,18009.746769,27.7,65,20.5,32.2,9.9,94,0.0,853.0,0,0
2025-06-09 13:00:00,19257.227286,28.5,63,20.8,32.9,7.8,99,0.0,775.0,0,0
2025-06-09 14:00:00,20276.393851,28.6,62,20.6,32.1,5.6,68,0.0,582.0,0,0
2025-06-09 15:00:00,20722.842602,29.5,59,20.5,34.2,4.5,79,0.0,752.0,0,0
2025-06-09 16:00:00,20974.450895,29.6,58,20.4,33.5,4.1,1,0.0,622.0,0,0
2025-06-09 17:00:00,21279.941223,30.0,57,20.5,34.3,3.5,18,0.0,665.0,0,0
2025-06-09 18:00:00,21565.536777,30.0,56,20.2,33.4,3.7,21,0.0,494.0,0,0
2025-06-09 19:00:00,20851.797593,29.6,57,20.2,33.2,3.2,37,0.0,310.0,0,0
2025-06-09 20:00:00,19824.382452,28.4,71,22.5,33.3,1.6,32,0.0,127.0,0,0
2025-06-09 21:00:00,18818.625868,27.4,72,21.9,31.6,3.9,68,0.0,10.0,0,0
2025-06-09 22:00:00,17624.314446,26.1,74,21.1,29.8,5.7,72,0.0,0.0,0,0
2025-06-09 23:00:00,16166.565771,25.1,81,21.6,29.3,4.0,71,0.0,0.0,0,0
2025-06-10 00:00:00,14802.472721,24.9,81,21.4,29.1,2.4,52,0.0,0.0,1,0
2025-06-10 01:00:00,13793.065271,24.5,82,21.2,28.8,1.4,90,0.0,0.0,1,0
2025-06-10 02:00:00,12964.215637,24.0,84,21.2,28.2,2.2,67,0.0,0.0,1,0
2025-06-10 03:00:00,12546.170266,23.5,87,21.1,27.6,1.6,0,0.0,0.0,1,0
2025-06-10 04:00:00,12627.601398,23.0,89,21.0,27.2,1.5,1,0.0,0.0,1,0
2025-06-10 05:00:00,12969.428311,22.8,89,20.9,27.0,0.4,37,0.0,0.0,1,0
2025-06-10 06:00:00,13450.714257,22.2,91,20.8,26.0,3.4,1,0.0,0.0,1,0
2025-06-10 07:00:00,14158.141424,22.6,92,21.3,26.9,1.4,2,0.0,17.0,1,0
2025-06-10 08:00:00,14901.465668,24.1,89,22.2,28.7,3.1,100,0.0,127.0,1,0
2025-06-10 09:00:00,15553.4957,25.0,85,22.4,29.8,2.5,100,0.0,165.0,1,0
2025-06-10 10:00:00,15948.3764,25.3,85,22.6,29.8,5.2,100,0.0,185.0,1,0
2025-06-10 11:00:00,16023.632802,26.6,79,22.8,31.1,6.1,100,0.0,344.0,1,0
2025-06-10 12:00:00,15875.690605,27.1,76,22.5,31.4,6.7,100,0.0,385.0,1,0
2025-06-10 13:00:00,15860.314385,27.2,76,22.5,31.1,8.6,100,0.2,394.0,1,0
2025-06-10 14:00:00,16029.585175,27.0,76,22.3,31.1,6.2,100,0.4,341.0,1,0
2025-06-10 15:00:00,16484.507446,28.5,68,22.0,34.2,2.5,99,0.0,711.0,1,0
2025-06-10 16:00:00,16987.25871,28.4,68,21.9,32.5,4.9,100,0.0,443.0,1,0
2025-06-10 17:00:00,17198.15695,28.3,67,21.5,32.1,6.1,100,0.0,350.0,1,0
2025-06-10 18:00:00,17246.657509,27.8,68,21.4,31.4,6.6,59,0.0,198.0,1,0
2025-06-10 19:00:00,16950.869843,27.4,72,21.9,31.3,6.8,100,0.0,202.0,1,0
2025-06-10 20:00:00,16729.20958,24.3,83,21.2,28.1,4.6,99,0.0,86.0,1,0
2025-06-10 21:00:00,16342.90619,23.7,86,21.3,27.6,4.7,100,0.0,10.0,1,0
2025-06-10 22:00:00,15328.940014,23.5,87,21.1,27.1,5.2,100,0.0,0.0,1,0
2025-06-10 23:00:00,14106.689656,23.2,87,21.0,27.0,4.3,100,0.0,0.0,1,0
2025-06-11 00:00:00,13053.9955,22.8,90,21.0,26.6,3.6,100,0.0,0.0,2,0
2025-06-11 01:00:00,12368.697382,22.6,90,21.0,26.6,2.5,100,0.0,0.0,2,0
2025-06-11 02:00:00,11882.186391,22.2,91,20.8,26.2,2.3,100,0.0,0.0,2,0
2025-06-11 03:00:00,11638.517449,21.9,92,20.5,25.4,4.1,100,0.0,0.0,2,0
2025-06-11 04:00:00,11679.174934,21.9,91,20.4,25.5,2.7,100,0.0,0.0,2,0
2025-06-11 05:00:00,12074.133303,21.9,92,20.5,25.1,5.8,100,0.0,0.0,2,0
2025-06-11 06:00:00,12704.421177,21.7,94,20.6,25.4,3.6,100,0.0,0.0,2,0
2025-06-11 07:00:00,13129.519366,21.5,96,20.8,24.9,6.0,100,0.0,14.0,2,0
2025-06-11 08:00:00,13501.366912,21.6,96,21.0,25.1,6.8,100,5.1,36.0,2,0
2025-06-11 09:00:00,13943.789812,21.5,98,21.1,25.0,7.2,100,1.0,31.0,2,0
2025-06-11 10:00:00,14439.572692,21.8,97,21.2,25.1,8.0,100,1.4,124.0,2,0
2025-06-11 11:00:00,14828.680348,21.8,96,21.1,25.1,7.5,100,2.6,63.0,2,0
2025-06-11 12:00:00,15168.732084,22.6,89,20.6,26.2,4.3,100,0.7,193.0,2,0
2025-06-11 13:00:00,15576.631564,22.8,93,21.5,26.0,10.1,100,1.5,228.0,2,0
2025-06-11 14:00:00,15865.453179,21.9,95,21.1,25.0,9.3,100,2.5,135.0,2,0
2025-06-11 15:00:00,15922.420998,24.0,81,20.5,26.0,14.1,100,0.2,427.0,2,0
2025-06-11 16:00:00,15991.357932,25.0,77,20.7,27.2,13.9,100,0.0,337.0,2,0
2025-06-11 17:00:00,15884.912338,23.9,85,21.1,26.5,12.4,100,0.1,188.0,2,0
2025-06-11 18:00:00,15792.274177,22.8,90,21.0,25.9,8.1,100,0.7,122.0,2,0
2025-06-11 19:00:00,15621.744445,22.2,95,21.5,25.4,10.3,88,0.9,80.0,2,0
2025-06-11 20:00:00,15698.515293,22.3,92,21.0,25.2,9.8,76,0.3,53.0,2,0
2025-06-11 21:00:00,15466.747124,21.8,94,20.7,24.8,8.0,98,0.0,10.0,2,0
2025-06-11 22:00:00,14777.111347,21.2,96,20.6,25.1,2.5,100,0.8,0.0,2,0
2025-06-11 23:00:00,13662.507177,21.1,98,20.8,24.1,8.6,100,0.4,0.0,2,0
2025-06-12 00:00:00,12685.629862,21.5,97,21.0,25.0,5.6,100,0.2,0.0,3,0
2025-06-12 01:00:00,12054.89692,21.4,98,21.1,24.8,7.0,100,0.1,0.0,3,0
2025-06-12 02:00:00,11613.152334,21.6,98,21.2,24.9,8.1,100,1.3,0.0,3,0
2025-06-12 03:00:00,11328.313619,21.5,99,21.3,24.9,7.7,100,1.5,0.0,3,0
2025-06-12 04:00:00,11351.669084,21.7,98,21.5,25.1,8.1,100,0.1,0.0,3,0
2025-06-12 05:00:00,11788.859434,21.8,98,21.4,25.5,6.0,100,0.1,0.0,3,0
2025-06-12 06:00:00,12380.610469,21.7,96,21.0,24.7,9.5,100,0.0,0.0,3,0
2025-06-12 07:00:00,12813.697938,21.0,95,20.2,23.5,10.4,100,0.0,10.0,3,0
2025-06-12 08:00:00,13237.678938,20.5,98,20.2,23.3,8.0,100,1.4,26.0,3,0
2025-06-12 09:00:00,13639.443405,20.9,97,20.4,23.9,6.5,100,0.7,50.0,3,0
2025-06-12 10:00:00,14089.442938,21.5,95,20.6,25.3,2.3,100,0.5,100.0,3,0
2025-06-12 11:00:00,14721.321732,21.7,92,20.4,25.0,5.6,100,0.6,164.0,3,0
2025-06-12 12:00:00,15261.03749,23.8,81,20.4,27.1,5.0,100,0.0,433.0,3,0
2025-06-12 13:00:00,15866.632185,25.6,75,20.8,30.9,2.3,100,0.1,762.0,3,0
2025-06-12 14:00:00,16606.614974,26.5,68,20.2,31.6,0.7,100,0.2,724.0,3,0
2025-06-12 15:00:00,17282.035457,27.5,64,20.0,32.8,0.6,61,0.1,773.0,3,0
2025-06-12 16:00:00,17927.245615,28.0,62,20.0,32.9,2.0,93,0.0,754.0,3,0
2025-06-12 17:00:00,18369.729018,28.0,61,19.8,31.7,3.8,21,0.1,617.0,3,0
2025-06-12 18:00:00,18484.105692,27.9,63,20.0,31.2,3.9,9,0.0,478.0,3,0
2025-06-12 19:00:00,18160.613807,27.5,65,20.3,30.9,4.3,8,0.0,311.0,3,0
2025-06-12 20:00:00,17458.76564,26.1,74,21.0,30.0,3.7,15,0.0,127.0,3,0
2025-06-12 21:00:00,16956.647121,25.0,78,20.9,28.5,5.3,0,0.0,12.0,3,0
2025-06-12 22:00:00,15881.916921,24.0,83,20.9,27.2,7.3,3,0.0,0.0,3,0
2025-06-12 23:00:00,14659.612701,23.4,86,21.0,26.8,6.7,1,0.0,0.0,3,0
2025-06-13 00:00:00,13608.344574,23.0,89,21.0,26.3,6.9,0,0.0,0.0,4,0
2025-06-13 01:00:00,12787.194763,22.6,90,20.9,25.9,7.0,0,0.0,0.0,4,0
2025-06-13 02:00:00,12283.71385,22.2,92,20.8,25.6,6.3,0,0.0,0.0,4,0
2025-06-13 03:00:00,11924.223238,22.0,93,21.0,25.2,8.4,0,0.0,0.0,4,0
2025-06-13 04:00:00,11896.676435,21.9,96,21.1,25.0,9.0,54,0.0,0.0,4,0
2025-06-13 05:00:00,12238.605379,21.6,98,21.2,24.6,10.3,100,0.0,0.0,4,0
2025-06-13 06:00:00,12682.624825,21.5,98,21.1,24.2,12.1,100,0.0,0.0,4,0
2025-06-13 07:00:00,13146.346473,21.6,97,21.1,24.8,8.3,100,0.0,9.0,4,0
2025-06-13 08:00:00,13903.693711,21.4,97,20.9,24.3,10.1,100,0.1,59.0,4,0
2025-06-13 09:00:00,14890.674658,22.6,90,21.0,25.4,11.0,100,0.0,162.0,4,0
2025-06-13 10:00:00,16019.933483,24.8,81,21.2,28.1,8.0,100,0.0,415.0,4,0
2025-06-13 11:00:00,17218.541535,27.0,73,21.6,30.8,8.0,72,0.0,585.0,4,0
2025-06-13 12:00:00,18465.641998,27.9,73,22.6,33.2,8.8,33,0.0,778.0,4,0
2025-06-13 13:00:00,19717.747721,29.1,69,22.9,34.7,10.8,16,0.0,853.0,4,0
2025-06-13 14:00:00,20839.682286,30.2,63,22.4,35.7,13.1,1,0.0,951.0,4,0
2025-06-13 15:00:00,21819.617856,31.0,60,22.2,36.2,12.6,0,0.0,929.0,4,0
2025-06-13 16:00:00,22396.443059,31.3,60,22.6,36.5,11.9,19,0.0,843.0,4,0
2025-06-13 17:00:00,22453.199962,31.2,59,22.4,35.3,12.3,33,0.0,679.0,4,0
2025-06-13 18:00:00,22363.441593,31.0,57,21.4,33.8,12.0,97,0.0,483.0,4,0
2025-06-13 19:00:00,21729.731512,30.1,61,21.9,33.7,8.5,98,0.0,303.0,4,0
2025-06-13 20:00:00,20688.567812,25.4,92,24.0,30.8,4.9,98,0.1,32.0,4,0
2025-06-13 21:00:00,19918.763823,24.9,92,23.5,29.0,10.9,100,0.0,6.0,4,0
2025-06-13 22:00:00,18461.827687,24.5,88,22.5,28.4,9.0,100,0.0,0.0,4,0
2025-06-13 23:00:00,16963.688289,24.2,90,22.4,27.9,10.1,100,0.0,0.0,4,0
2025-06-14 00:00:00,15566.825953,24.2,89,22.2,28.1,8.2,99,0.0,0.0,5,0
2025-06-14 01:00:00,14367.500185,24.0,88,22.0,27.9,6.5,100,0.0,0.0,5,0
2025-06-14 02:00:00,13430.908501,23.8,89,21.9,27.6,7.0,100,0.0,0.0,5,0
2025-06-14 03:00:00,12977.90037,23.6,89,21.7,26.6,12.2,100,0.0,0.0,5,0
2025-06-14 04:00:00,12734.084737,23.6,88,21.5,26.6,11.5,99,0.0,0.0,5,0
2025-06-14 05:00:00,12694.225162,23.5,89,21.5,26.7,10.1,100,0.0,0.0,5,0
2025-06-14 06:00:00,12585.377796,23.2,92,21.8,26.7,8.6,100,0.0,0.0,5,0
2025-06-14 07:00:00,13066.791813,23.4,92,22.0,27.2,7.4,99,0.0,14.0,5,0
2025-06-14 08:00:00,14261.173929,24.9,87,22.6,28.6,10.7,44,0.0,140.0,5,0
2025-06-14 09:00:00,15739.927305,26.5,82,23.1,30.1,13.4,58,0.0,322.0,5,0
2025-06-14 10:00:00,17294.349551,28.1,77,23.6,32.5,9.9,11,0.0,506.0,5,0
2025-06-14 11:00:00,18774.196819,29.4,73,24.0,34.6,12.1,96,0.0,697.0,5,0
2025-06-14 12:00:00,20211.641054,30.6,69,24.2,36.8,10.3,63,0.0,810.0,5,0
2025-06-14 13:00:00,21289.166958,31.2,67,24.3,37.4,12.7,60,0.1,876.0,5,0
2025-06-14 14:00:00,22029.227021,29.1,71,23.3,34.9,11.6,100,5.0,869.0,5,0
2025-06-14 15:00:00,22616.740874,26.4,80,22.8,30.3,9.8,100,4.4,423.0,5,0
2025-06-14 16:00:00,22984.477173,26.0,81,22.5,29.4,11.9,100,0.1,219.0,5,0
2025-06-14 17:00:00,23049.218161,26.5,81,22.9,30.6,9.1,100,0.1,244.0,5,0
2025-06-14 18:00:00,22685.358144,27.9,78,23.7,32.5,8.8,100,0.0,304.0,5,0
2025-06-14 19:00:00,21949.911242,29.0,74,24.0,34.8,2.6,98,0.0,239.0,5,0
2025-06-14 20:00:00,20833.121555,28.6,76,24.0,33.8,6.1,85,0.0,98.0,5,0
2025-06-14 21:00:00,19960.621116,27.5,81,24.0,32.1,10.1,56,0.0,12.0,5,0
2025-06-14 22:00:00,18716.652183,26.8,84,24.0,31.3,10.5,34,0.0,0.0,5,0
2025-06-14 23:00:00,17375.056786,26.5,84,23.5,30.3,13.4,76,0.0,0.0,5,0
2025-06-15 00:00:00,16154.006128,26.0,86,23.4,30.0,12.2,9,0.0,0.0,6,0
2025-06-15 01:00:00,15189.772034,25.6,86,23.1,29.4,12.8,10,0.0,0.0,6,0
2025-06-15 02:00:00,14360.855581,25.2,86,22.7,28.6,13.5,0,0.0,0.0,6,0
2025-06-15 03:00:00,13794.239534,24.9,87,22.6,28.1,14.5,1,0.0,0.0,6,0
2025-06-15 04:00:00,13456.340156,24.6,89,22.7,27.8,14.5,48,0.0,0.0,6,0
2025-06-15 05:00:00,13311.674328,24.2,91,22.8,27.6,13.8,1,0.0,0.0,6,0
2025-06-15 06:00:00,13175.144358,24.0,92,22.7,27.6,11.5,3,0.0,0.0,6,0
2025-06-15 07:00:00,13540.384724,24.0,93,22.8,28.0,9.4,5,0.0,16.0,6,0
2025-06-15 08:00:00,14366.889807,25.5,91,24.0,30.7,6.6,100,0.1,57.0,6,0
2025-06-15 09:00:00,15240.467786,25.8,85,23.0,30.4,6.3,100,3.0,202.0,6,0
2025-06-15 10:00:00,15447.949186,24.0,93,22.8,28.5,5.5,100,6.0,80.0,6,0
2025-06-15 11:00:00,15271.710025,24.4,92,23.0,29.4,3.2,100,0.7,144.0,6,0
2025-06-15 12:00:00,15275.973705,25.1,89,23.1,29.2,10.5,100,1.4,299.0,6,0
2025-06-15 13:00:00,15321.653159,24.5,94,23.4,28.8,9.5,100,2.7,186.0,6,0
2025-06-15 14:00:00,15331.163914,26.5,84,23.6,31.4,6.8,100,1.1,416.0,6,0
2025-06-15 15:00:00,15844.474926,28.5,75,23.6,34.0,7.8,100,0.0,681.0,6,0
2025-06-15 16:00:00,16727.026279,29.3,70,23.2,34.7,8.3,100,0.0,706.0,6,0
2025-06-15 17:00:00,17276.810584,29.0,71,23.1,33.3,8.5,100,0.0,385.0,6,0
2025-06-15 18:00:00,17360.862388,28.8,71,23.1,33.5,5.6,13,0.0,277.0,6,0
2025-06-15 19:00:00,17285.885364,29.3,70,23.2,34.1,5.8,99,0.0,313.0,6,0
2025-06-15 20:00:00,16858.524067,27.6,65,20.5,31.1,4.4,84,0.0,119.0,6,0
2025-06-15 21:00:00,16509.332201,26.0,75,21.1,29.4,6.8,100,0.0,12.0,6,0
2025-06-15 22:00:00,15588.698328,24.9,82,21.7,28.9,5.2,100,0.0,0.0,6,0
2025-06-15 23:00:00,14378.647605,24.5,87,22.2,28.7,5.9,100,0.0,0.0,6,0
2025-06-16 00:00:00,13423.183415,24.3,90,22.5,28.8,5.2,100,0.0,0.0,0,0
2025-06-16 01:00:00,12591.873856,23.9,92,22.6,28.7,3.3,100,0.0,0.0,0,0
2025-06-16 02:00:00,11999.662027,23.5,94,22.4,28.1,3.1,100,0.0,0.0,0,0
2025-06-16 03:00:00,11737.519429,23.3,94,22.3,27.8,4.0,100,0.0,0.0,0,0
2025-06-16 04:00:00,11801.661055,22.8,96,22.1,27.2,3.7,82,0.0,0.0,0,0
2025-06-16 05:00:00,12195.112222,22.6,97,22.1,26.9,4.6,0,0.0,0.0,0,0
2025-06-16 06:00:00,12683.431472,22.0,98,21.8,26.4,3.3,2,0.0,0.0,0,0
2025-06-16 07:00:00,13245.658595,22.5,98,22.1,26.8,4.2,3,0.0,16.0,0,0
2025-06-16 08:00:00,14304.08769,23.0,93,21.8,27.4,3.1,38,0.0,145.0,0,0
2025-06-16 09:00:00,15449.88164,24.9,84,22.0,29.4,2.4,19,0.0,330.0,0,0
2025-06-16 10:00:00,16803.938049,26.5,76,22.0,31.0,2.7,4,0.0,519.0,0,0
2025-06-16 11:00:00,18217.262097,28.2,68,21.7,33.9,0.8,0,0.0,709.0,0,0
2025-06-16 12:00:00,19638.315075,29.6,63,21.7,36.2,0.7,0,0.0,841.0,0,0
2025-06-16 13:00:00,21125.544267,30.8,59,21.8,37.8,1.9,14,0.0,927.0,0,0
2025-06-16 14:00:00,22342.197531,32.5,52,21.4,39.1,3.2,37,0.0,937.0,0,0
2025-06-16 15:00:00,23387.966917,33.0,52,21.9,39.9,2.1,3,0.0,916.0,0,0
2025-06-16 16:00:00,23923.989257,33.6,51,22.0,40.4,0.4,0,0.0,842.0,0,0
2025-06-16 17:00:00,24284.991497,33.9,49,21.5,39.5,0.8,8,0.0,703.0,0,0
2025-06-16 18:00:00,24164.960131,33.7,48,21.3,38.0,1.7,3,0.0,522.0,0,0
2025-06-16 19:00:00,23562.476133,33.2,49,21.2,36.9,6.0,3,0.0,327.0,0,0
2025-06-16 20:00:00,22080.997451,27.0,76,22.3,31.5,4.1,43,0.3,108.0,0,0
2025-06-16 21:00:00,21636.704574,26.9,78,22.6,31.4,5.2,9,0.0,11.0,0,0
2025-06-16 22:00:00,20471.596656,26.5,80,22.7,30.7,7.6,12,0.0,0.0,0,0
2025-06-16 23:00:00,18824.829695,26.5,80,22.9,30.9,7.4,0,0.0,0.0,0,0
2025-06-17 00:00:00,17376.474644,26.9,81,23.4,31.4,8.7,0,0.0,0.0,1,0
2025-06-17 01:00:00,16260.019167,27.1,79,23.2,31.2,10.1,0,0.0,0.0,1,0
2025-06-17 02:00:00,15391.825403,26.6,81,23.0,30.8,9.8,0,0.0,0.0,1,0
2025-06-17 03:00:00,14772.078652,26.1,82,22.9,30.1,10.5,0,0.0,0.0,1,0
2025-06-17 04:00:00,14465.923331,25.8,83,22.7,29.5,11.1,0,0.0,0.0,1,0
2025-06-17 05:00:00,14634.640722,25.4,84,22.5,28.8,11.6,0,0.0,0.0,1,0
2025-06-17 06:00:00,14882.533448,25.1,84,22.2,28.3,12.5,0,0.0,0.0,1,0
2025-06-17 07:00:00,15421.147983,25.0,82,21.8,28.0,12.5,0,0.0,16.0,1,0
2025-06-17 08:00:00,16261.891363,25.9,77,21.5,28.9,11.5,0,0.0,150.0,1,0
2025-06-17 09:00:00,17388.665404,27.1,72,21.6,29.8,14.0,0,0.0,345.0,1,0
2025-06-17 10:00:00,18582.142514,28.8,65,21.5,31.3,14.7,0,0.0,545.0,1,0
2025-06-17 11:00:00,19789.511193,30.5,57,21.0,33.8,14.3,0,0.0,722.0,1,0
2025-06-17 12:00:00,20902.25364,32.3,51,20.8,35.9,15.8,0,0.0,860.0,1,0
2025-06-17 13:00:00,21912.445002,33.8,45,20.1,37.1,18.1,0,0.0,946.0,1,0
2025-06-17 14:00:00,22242.258744,34.7,41,19.6,37.6,19.8,0,0.0,976.0,1,0
2025-06-17 15:00:00,22266.80199,35.1,42,20.1,37.8,21.2,0,0.0,945.0,1,0
2025-06-17 16:00:00,22439.908067,35.2,43,20.7,37.5,22.8,0,0.0,854.0,1,0
2025-06-17 17:00:00,22647.584064,35.0,44,20.8,36.5,23.7,0,0.0,714.0,1,0
2025-06-17 18:00:00,22744.124279,34.2,48,21.5,35.4,23.3,4,0.0,535.0,1,0
2025-06-17 19:00:00,22637.053948,33.6,47,20.9,34.5,23.3,4,0.0,333.0,1,0
2025-06-17 20:00:00,22158.464099,32.5,51,21.0,33.5,22.8,17,0.0,134.0,1,0
2025-06-17 21:00:00,21319.320615,31.4,54,20.9,32.7,20.4,33,0.0,14.0,1,0
2025-06-17 22:00:00,19985.640656,30.6,56,21.0,31.8,21.6,1,0.0,0.0,1,0
2025-06-17 23:00:00,18461.896453,29.8,61,21.5,31.3,21.3,0,0.0,0.0,1,0
2025-06-18 00:00:00,17143.354654,28.8,66,21.7,30.4,21.4,0,0.0,0.0,2,0
2025-06-18 01:00:00,16103.320124,28.1,67,21.4,29.7,20.7,0,0.0,0.0,2,0
2025-06-18 02:00:00,15332.743465,27.4,69,21.3,29.0,20.4,0,0.0,0.0,2,0
2025-06-18 03:00:00,14856.572499,26.7,74,21.6,29.5,13.0,24,0.0,0.0,2,0
2025-06-18 04:00:00,14802.147387,26.2,76,21.7,29.6,9.0,36,0.0,0.0,2,0
2025-06-18 05:00:00,14982.289846,25.9,76,21.5,28.0,17.1,36,0.0,0.0,2,0
2025-06-18 06:00:00,15332.199658,25.5,76,20.9,27.6,15.3,96,0.0,0.0,2,0
2025-06-18 07:00:00,15696.404697,25.5,75,20.9,28.8,6.7,10,0.0,13.0,2,0
2025-06-18 08:00:00,16402.706765,26.6,77,22.2,30.4,9.0,100,0.1,133.0,2,0
2025-06-18 09:00:00,17116.340612,26.5,80,22.6,30.2,10.4,100,0.3,84.0,2,0
2025-06-18 10:00:00,18084.007257,27.4,78,23.2,31.6,9.7,31,0.6,230.0,2,0
2025-06-18 11:00:00,19079.201924,30.2,65,22.9,34.7,8.5,41,0.1,597.0,2,0
2025-06-18 12:00:00,20392.623889,32.0,56,22.1,36.2,12.5,33,0.1,732.0,2,0
2025-06-18 13:00:00,21505.754297,33.8,43,19.5,36.5,16.9,15,0.1,850.0,2,0
2025-06-18 14:00:00,22026.481479,34.8,39,19.0,37.4,17.3,18,0.0,890.0,2,0
2025-06-18 15:00:00,22114.925537,35.0,39,19.0,37.6,17.6,10,0.0,899.0,2,0
2025-06-18 16:00:00,22365.151888,35.7,37,18.8,37.8,15.9,27,0.0,782.0,2,0
2025-06-18 17:00:00,22604.627595,36.0,35,18.1,37.2,16.6,43,0.0,679.0,2,0
2025-06-18 18:00:00,22641.131922,35.7,35,17.9,36.0,17.3,39,0.0,498.0,2,0
2025-06-18 19:00:00,22334.874234,34.7,38,18.4,35.2,17.3,46,0.0,294.0,2,0
2025-06-18 20:00:00,21645.200583,32.3,51,20.9,35.1,10.6,100,0.0,118.0,2,0
2025-06-18 21:00:00,21031.273602,31.1,58,22.0,34.4,11.0,100,0.0,11.0,2,0
2025-06-18 22:00:00,19926.687025,30.5,61,22.1,33.3,14.5,100,0.0,0.0,2,0
2025-06-18 23:00:00,18314.850699,30.1,62,22.1,33.5,10.6,100,0.0,0.0,2,0
2025-06-19 00:00:00,16950.330266,21.7,96,21.0,23.4,17.9,100,3.2,0.0,3,1
2025-06-19 01:00:00,15906.15283,23.4,90,21.5,26.8,8.3,100,0.0,0.0,3,1
2025-06-19 02:00:00,15060.818266,24.0,87,21.6,27.3,9.2,100,0.0,0.0,3,1
2025-06-19 03:00:00,14448.505662,25.4,82,22.1,28.5,13.0,100,0.1,0.0,3,1
2025-06-19 04:00:00,14198.514798,26.0,78,21.9,29.6,8.8,100,0.0,0.0,3,1
2025-06-19 05:00:00,14384.498252,25.8,80,22.0,29.3,9.1,100,0.0,0.0,3,1
2025-06-19 06:00:00,14587.594514,25.4,82,22.1,29.0,9.3,100,0.0,0.0,3,1
2025-06-19 07:00:00,15117.747202,25.4,83,22.3,29.0,10.2,54,0.0,14.0,3,1
2025-06-19 08:00:00,16167.807983,26.5,83,23.4,31.2,7.5,6,0.0,141.0,3,1
2025-06-19 09:00:00,17432.350714,28.1,74,23.0,31.7,13.3,99,0.0,325.0,3,1
2025-06-19 10:00:00,18839.172111,29.0,69,22.9,32.9,10.8,19,0.0,345.0,3,1
2025-06-19 11:00:00,20187.847756,30.8,61,22.5,34.9,11.3,22,0.1,645.0,3,1
2025-06-19 12:00:00,21346.411133,32.0,56,22.2,36.9,10.5,23,0.1,784.0,3,1
2025-06-19 13:00:00,22128.611336,33.2,51,21.7,38.2,9.8,12,0.0,823.0,3,1
2025-06-19 14:00:00,22137.008498,34.5,46,21.1,39.7,8.5,26,0.0,906.0,3,1
2025-06-19 15:00:00,22693.163999,35.2,41,20.1,39.5,10.1,38,0.0,866.0,3,1
2025-06-19 16:00:00,23031.732159,34.3,42,19.5,37.1,12.1,43,0.0,722.0,3,1
2025-06-19 17:00:00,23151.198142,34.5,41,19.2,36.5,9.8,37,0.0,554.0,3,1
2025-06-19 18:00:00,23126.378221,34.3,41,19.4,36.3,11.2,38,0.0,480.0,3,1
2025-06-19 19:00:00,23060.42961,33.5,44,19.6,35.7,10.4,32,0.0,293.0,3,1
2025-06-19 20:00:00,22165.412899,32.2,51,20.9,35.4,8.3,20,0.0,130.0,3,1
2025-06-19 21:00:00,21330.863485,31.0,57,21.3,34.4,7.7,8,0.0,14.0,3,1
2025-06-19 22:00:00,20158.679572,30.2,60,21.6,33.1,12.4,5,0.0,0.0,3,1
2025-06-19 23:00:00,18756.12427,29.1,67,22.5,32.3,14.0,3,0.0,0.0,3,1
2025-06-20 00:00:00,17445.636525,28.2,71,22.5,31.6,12.5,1,0.0,0.0,4,0
2025-06-20 01:00:00,16438.851914,28.2,71,22.4,31.7,11.2,2,0.0,0.0,4,0
2025-06-20 02:00:00,15740.36869,28.0,71,22.4,31.3,13.0,0,0.0,0.0,4,0
2025-06-20 03:00:00,15253.875428,27.7,72,22.2,30.8,13.5,0,0.0,0.0,4,0
2025-06-20 04:00:00,15109.850526,27.2,74,22.2,30.4,12.7,0,0.0,0.0,4,0
2025-06-20 05:00:00,15314.876463,26.6,78,22.5,30.1,12.2,0,0.0,0.0,4,0
2025-06-20 06:00:00,15539.712434,26.2,82,22.9,30.1,10.9,0,0.0,0.0,4,0
2025-06-20 07:00:00,16014.842321,26.1,84,23.1,30.1,11.2,0,0.0,15.0,4,0
2025-06-20 08:00:00,17011.654211,27.1,81,23.7,31.1,13.6,12,0.0,143.0,4,0
2025-06-20 09:00:00,18245.511561,28.5,74,23.4,32.0,14.4,10,0.0,330.0,4,0
2025-06-20 10:00:00,19449.21885,30.0,64,22.5,33.1,14.8,9,0.0,521.0,4,0
2025-06-20 11:00:00,20666.890722,31.6,55,21.5,34.6,16.2,15,0.0,694.0,4,0
2025-06-20 12:00:00,21732.647238,32.8,49,20.8,35.5,18.3,21,0.1,790.0,4,0
2025-06-20 13:00:00,22460.172594,34.2,44,20.3,37.3,17.6,14,0.0,881.0,4,0
2025-06-20 14:00:00,22614.110534,35.0,42,20.2,38.3,17.5,10,0.0,905.0,4,0
2025-06-20 15:00:00,22880.62126,36.2,38,19.6,38.9,18.3,13,0.0,888.0,4,0
2025-06-20 16:00:00,23110.012407,36.7,33,18.0,38.1,18.1,8,0.0,771.0,4,0
2025-06-20 17:00:00,23140.300266,36.8,32,17.4,37.5,17.5,2,0.0,654.0,4,0
2025-06-20 18:00:00,23201.209935,36.5,33,17.5,36.7,17.5,3,0.0,521.0,4,0
2025-06-20 19:00:00,23049.315594,35.5,36,18.2,35.9,18.4,7,0.0,329.0,4,0
2025-06-20 20:00:00,21921.225678,32.8,49,20.8,34.7,16.1,15,0.0,122.0,4,0
2025-06-20 21:00:00,21412.005949,31.5,56,21.6,34.2,14.4,13,0.0,14.0,4,0
2025-06-20 22:00:00,20238.242145,30.8,59,21.9,33.4,14.9,8,0.0,0.0,4,0
2025-06-20 23:00:00,19039.419549,30.1,62,22.0,32.5,16.9,0,0.0,0.0,4,0
2025-06-21 00:00:00,17865.866723,29.4,66,22.5,32.0,18.0,0,0.0,0.0,5,0
2025-06-21 01:00:00,16844.22119,28.8,68,22.2,31.1,18.7,0,0.0,0.0,5,0
2025-06-21 02:00:00,16001.67972,28.1,70,22.1,30.5,18.4,0,0.0,0.0,5,0
2025-06-21 03:00:00,15323.366693,27.6,69,21.5,29.8,17.2,0,0.0,0.0,5,0
2025-06-21 04:00:00,14851.247797,27.0,72,21.4,29.2,16.2,0,0.0,0.0,5,0
2025-06-21 05:00:00,14665.39895,26.3,75,21.6,28.8,14.9,0,0.0,0.0,5,0
2025-06-21 06:00:00,14537.525169,25.9,78,21.6,28.5,14.3,0,0.0,0.0,5,0
2025-06-21 07:00:00,14858.463898,25.8,78,21.6,28.4,14.1,0,0.0,16.0,5,0
2025-06-21 08:00:00,15826.627382,26.4,81,22.8,28.7,20.6,35,0.0,143.0,5,0
2025-06-21 09:00:00,17040.098364,27.6,73,22.5,30.0,19.5,21,0.0,301.0,5,0
2025-06-21 10:00:00,18266.712491,29.2,64,21.8,30.9,21.5,27,0.0,498.0,5,0
2025-06-21 11:00:00,19304.622478,30.9,56,21.0,32.4,22.4,39,0.0,623.0,5,0
2025-06-21 12:00:00,20308.614184,32.2,50,20.5,33.7,23.4,52,0.0,737.0,5,0
2025-06-21 13:00:00,20901.137062,33.1,48,20.6,35.0,22.2,13,0.0,753.0,5,0
2025-06-21 14:00:00,21433.274063,34.2,46,20.8,36.8,22.2,24,0.0,903.0,5,0
2025-06-21 15:00:00,21996.200624,35.0,43,20.5,37.2,22.4,15,0.0,840.0,5,0
2025-06-21 16:00:00,22498.258417,35.5,41,20.1,37.4,22.0,13,0.0,799.0,5,0
2025-06-21 17:00:00,22625.5509,35.5,38,19.1,36.1,22.7,8,0.0,664.0,5,0
2025-06-21 18:00:00,22378.054982,35.0,40,19.2,35.1,23.1,12,0.0,500.0,5,0
2025-06-21 19:00:00,21760.275768,34.1,41,19.1,34.1,23.2,10,0.0,319.0,5,0
2025-06-21 20:00:00,20784.228098,32.2,47,19.6,33.4,17.4,6,0.0,129.0,5,0
2025-06-21 21:00:00,20141.48498,31.2,50,19.7,32.6,15.9,5,0.0,15.0,5,0
2025-06-21 22:00:00,19119.437157,30.4,54,20.0,31.5,18.3,3,0.0,0.0,5,0
2025-06-21 23:00:00,17870.82557,29.8,55,19.9,30.9,18.9,3,0.0,0.0,5,0
2025-06-22 00:00:00,16739.645306,29.1,58,20.1,30.3,18.8,1,0.0,0.0,6,0
2025-06-22 01:00:00,15825.303218,28.4,63,20.5,29.7,19.7,0,0.0,0.0,6,0
2025-06-22 02:00:00,15042.903439,27.8,67,21.0,29.3,19.6,0,0.0,0.0,6,0
2025-06-22 03:00:00,14475.201076,27.0,71,21.5,28.9,19.1,0,0.0,0.0,6,0
2025-06-22 04:00:00,14060.401163,26.5,75,21.6,28.6,17.9,0,0.0,0.0,6,0
2025-06-22 05:00:00,13831.281562,26.0,77,21.6,28.3,16.2,0,0.0,0.0,6,0
2025-06-22 06:00:00,13546.346838,25.6,78,21.6,28.3,14.2,0,0.0,0.0,6,0
2025-06-22 07:00:00,13888.158159,25.5,79,21.6,28.3,13.0,0,0.0,16.0,6,0
2025-06-22 08:00:00,14916.465052,26.0,81,22.4,29.1,14.3,20,0.0,145.0,6,0
2025-06-22 09:00:00,16252.102042,27.5,72,22.0,29.9,16.7,31,0.0,316.0,6,0
2025-06-22 10:00:00,17468.547995,29.1,62,21.2,31.0,18.2,26,0.0,506.0,6,0
2025-06-22 11:00:00,18677.672096,30.9,53,20.2,32.5,19.8,50,0.0,667.0,6,0
2025-06-22 12:00:00,19867.049671,32.1,47,19.4,33.9,17.8,10,0.0,721.0,6,0
2025-06-22 13:00:00,20950.745739,33.7,41,18.7,36.2,17.6,15,0.0,911.0,6,0
2025-06-22 14:00:00,21753.492631,34.5,38,18.0,36.7,17.9,17,0.0,906.0,6,0
2025-06-22 15:00:00,22366.108241,35.0,36,17.9,36.6,18.8,18,0.0,862.0,6,0
2025-06-22 16:00:00,22863.430586,35.1,35,17.4,36.1,19.6,13,0.0,801.0,6,0
2025-06-22 17:00:00,23117.584084,34.7,37,18.0,35.2,20.1,11,0.0,656.0,6,0
2025-06-22 18:00:00,23012.639463,34.3,39,18.2,34.3,20.5,15,0.0,490.0,6,0
2025-06-22 19:00:00,22382.727912,33.4,42,18.7,33.6,20.8,6,0.0,315.0,6,0
2025-06-22 20:00:00,21294.519144,32.2,46,19.2,32.7,20.1,15,0.0,130.0,6,0
2025-06-22 21:00:00,20415.391128,29.3,66,22.3,32.3,14.3,7,0.0,14.0,6,0
2025-06-22 22:00:00,19121.702186,29.0,66,21.9,31.6,15.3,2,0.0,0.0,6,0
2025-06-22 23:00:00,17628.325547,28.0,70,22.1,30.7,15.9,0,0.0,0.0,6,0
2025-06-23 00:00:00,16327.519291,27.4,75,22.6,30.3,16.0,0,0.0,0.0,0,0
2025-06-23 01:00:00,15311.812969,27.0,76,22.5,29.9,15.8,0,0.0,0.0,0,0
2025-06-23 02:00:00,14695.635221,26.6,77,22.1,29.5,14.5,0,0.0,0.0,0,0
2025-06-23 03:00:00,14261.915387,26.1,79,22.1,29.1,13.9,0,0.0,0.0,0,0
2025-06-23 04:00:00,14234.680152,25.8,82,22.4,28.9,13.6,2,0.0,0.0,0,0
2025-06-23 05:00:00,14495.507679,25.4,84,22.5,28.8,12.5,13,0.0,0.0,0,0
2025-06-23 06:00:00,14935.602154,25.1,87,22.8,28.9,11.2,8,0.0,0.0,0,0
2025-06-23 07:00:00,15569.014501,25.1,87,22.9,29.0,10.9,9,0.0,15.0,0,0
2025-06-23 08:00:00,16658.276769,26.1,82,22.8,29.7,12.5,100,0.0,143.0,0,0
2025-06-23 09:00:00,17826.82979,27.7,72,22.2,30.8,13.4,59,0.0,304.0,0,0
2025-06-23 10:00:00,19073.689765,29.6,62,21.5,32.3,13.7,35,0.0,501.0,0,0
2025-06-23 11:00:00,20361.604439,31.3,54,20.8,34.3,13.9,26,0.0,690.0,0,0
2025-06-23 12:00:00,21562.780095,32.8,48,20.2,36.3,13.3,14,0.0,828.0,0,0
2025-06-23 13:00:00,22583.378223,33.9,42,19.2,37.2,13.8,34,0.0,885.0,0,0
2025-06-23 14:00:00,23001.011652,34.8,38,18.5,37.7,13.6,68,0.0,886.0,0,0
2025-06-23 15:00:00,23184.760639,35.0,36,17.9,37.0,14.9,97,0.0,798.0,0,0
2025-06-23 16:00:00,23556.320505,35.4,35,17.8,37.3,14.6,20,0.0,779.0,0,0
2025-06-23 17:00:00,23770.849911,35.2,36,17.8,36.5,15.4,7,0.0,680.0,0,0
2025-06-23 18:00:00,23863.785245,34.7,38,18.2,35.4,15.1,7,0.0,502.0,0,0
2025-06-23 19:00:00,23374.999826,33.8,41,19.0,34.8,16.2,9,0.0,329.0,0,0
2025-06-23 20:00:00,22369.082721,32.2,48,19.7,33.5,16.5,50,0.0,139.0,0,0
2025-06-23 21:00:00,21574.277216,31.4,51,20.0,33.5,11.9,18,0.0,14.0,0,0
2025-06-23 22:00:00,20141.380578,30.6,55,20.5,33.1,11.7,10,0.0,0.0,0,0
2025-06-23 23:00:00,18608.079564,29.7,61,21.4,32.3,13.3,4,0.0,0.0,0,0
2025-06-24 00:00:00,17125.1105,28.8,66,21.7,31.4,14.7,4,0.0,0.0,1,0
2025-06-24 01:00:00,15945.373085,27.9,68,21.4,30.7,12.4,1,0.0,0.0,1,0
2025-06-24 02:00:00,15111.940968,27.0,70,21.1,29.8,11.5,0,0.0,0.0,1,0
2025-06-24 03:00:00,14563.403373,26.5,72,21.0,29.3,10.3,0,0.0,0.0,1,0
2025-06-24 04:00:00,14399.554327,26.0,74,21.1,29.1,9.5,0,0.0,0.0,1,0
2025-06-24 05:00:00,14616.945204,25.7,77,21.4,28.9,9.5,0,0.0,0.0,1,0
2025-06-24 06:00:00,14966.025657,25.5,79,21.6,29.0,7.9,0,0.0,0.0,1,0
2025-06-24 07:00:00,15587.406158,25.5,80,21.9,29.3,7.1,0,0.0,14.0,1,0
2025-06-24 08:00:00,16608.443995,26.0,79,22.0,30.2,5.7,0,0.0,140.0,1,0
2025-06-24 09:00:00,17913.658902,27.8,71,22.1,31.9,5.9,0,0.0,329.0,1,0
2025-06-24 10:00:00,19350.248516,29.6,63,21.8,33.3,7.7,0,0.0,526.0,1,0
2025-06-24 11:00:00,20596.681041,31.4,53,20.7,35.1,9.4,6,0.0,700.0,1,0
2025-06-24 12:00:00,21862.272708,32.7,47,20.0,36.6,9.9,4,0.0,815.0,1,0
2025-06-24 13:00:00,22812.242643,34.1,42,19.5,38.4,9.6,5,0.0,911.0,1,0
2025-06-24 14:00:00,23369.042192,35.0,39,19.1,38.9,11.4,5,0.0,948.0,1,0
2025-06-24 15:00:00,23509.777678,35.2,38,18.8,38.5,13.0,7,0.0,903.0,1,0
2025-06-24 16:00:00,24244.57671,35.1,39,18.9,37.6,13.9,15,0.0,770.0,1,0
2025-06-24 17:00:00,24588.357041,34.5,42,19.5,37.2,9.7,12,0.0,630.0,1,0
2025-06-24 18:00:00,24253.997476,32.7,46,19.5,34.2,14.0,44,0.4,369.0,1,0
2025-06-24 19:00:00,23506.718769,32.9,46,19.6,34.9,11.4,14,0.0,288.0,1,0
2025-06-24 20:00:00,22389.376099,31.6,48,19.1,33.3,12.2,13,0.0,133.0,1,0
2025-06-24 21:00:00,21599.267001,30.8,52,19.8,32.3,14.8,19,0.0,15.0,1,0
2025-06-24 22:00:00,20051.081518,29.0,62,21.0,31.3,14.7,15,0.0,0.0,1,0
2025-06-24 23:00:00,18321.315406,27.9,66,21.0,30.5,12.3,11,0.0,0.0,1,0
2025-06-25 00:00:00,16806.246237,27.0,72,21.5,30.1,10.7,6,0.0,0.0,2,0
2025-06-25 01:00:00,15589.206943,26.5,75,21.9,30.2,7.8,1,0.0,0.0,2,0
2025-06-25 02:00:00,14771.072706,26.2,76,21.7,29.8,7.7,1,0.0,0.0,2,0
2025-06-25 03:00:00,14262.924976,25.9,77,21.5,29.2,9.0,0,0.0,0.0,2,0
2025-06-25 04:00:00,14122.965529,25.4,78,21.4,28.7,8.6,0,0.0,0.0,2,0
2025-06-25 05:00:00,14425.733446,25.0,80,21.2,28.3,7.7,0,0.0,0.0,2,0
2025-06-25 06:00:00,14768.661687,24.5,82,21.2,28.0,7.1,0,0.0,0.0,2,0
2025-06-25 07:00:00,15207.02724,24.5,82,21.2,28.0,6.8,1,0.0,14.0,2,0
2025-06-25 08:00:00,16030.940855,24.6,82,21.3,28.1,7.6,4,0.0,134.0,2,0
2025-06-25 09:00:00,17218.77827,26.5,75,21.7,29.9,10.0,67,0.0,321.0,2,0
2025-06-25 10:00:00,18659.811348,28.4,66,21.4,31.7,8.3,14,0.0,473.0,2,0
2025-06-25 11:00:00,19896.775304,30.0,59,21.0,33.8,8.2,15,0.0,655.0,2,0
2025-06-25 12:00:00,21036.812831,31.5,52,20.3,35.7,8.5,15,0.0,791.0,2,0
2025-06-25 13:00:00,22055.363475,32.5,47,19.9,36.4,10.7,35,0.0,848.0,2,0
2025-06-25 14:00:00,22618.428719,32.8,47,20.1,36.7,10.2,27,0.0,807.0,2,0
2025-06-25 15:00:00,22581.659388,33.5,46,20.2,37.5,11.2,31,0.0,842.0,2,0
2025-06-25 16:00:00,22281.656426,33.7,45,20.0,37.0,12.3,43,0.0,769.0,2,0
2025-06-25 17:00:00,22046.980201,33.4,46,20.1,35.9,12.2,32,0.0,611.0,2,0
2025-06-25 18:00:00,21625.076373,31.8,51,20.5,34.2,11.9,51,0.6,455.0,2,0
2025-06-25 19:00:00,20853.300923,31.0,54,20.5,33.0,13.7,47,0.0,242.0,2,0
2025-06-25 20:00:00,20148.382151,29.0,63,21.3,31.7,12.5,82,0.0,91.0,2,0
2025-06-25 21:00:00,19644.151628,27.6,69,21.5,30.5,12.2,91,0.0,14.0,2,0
2025-06-25 22:00:00,18505.8107,26.5,74,21.4,29.3,12.4,26,0.0,0.0,2,0
2025-06-25 23:00:00,17106.397657,25.9,79,21.9,29.2,10.7,10,0.0,0.0,2,0
2025-06-26 00:00:00,15797.540571,25.6,83,22.5,29.6,8.4,37,0.0,0.0,3,0
2025-06-26 01:00:00,14781.808169,25.4,85,22.7,29.4,9.2,100,0.0,0.0,3,0
2025-06-26 02:00:00,14107.275517,25.4,85,22.6,29.3,9.5,87,0.0,0.0,3,0
2025-06-26 03:00:00,13733.504738,25.1,86,22.6,29.0,9.7,63,0.0,0.0,3,0
2025-06-26 04:00:00,13642.128046,24.9,87,22.5,28.7,9.5,16,0.0,0.0,3,0
2025-06-26 05:00:00,14089.936326,24.6,87,22.4,28.4,9.8,2,0.0,0.0,3,0
2025-06-26 06:00:00,14442.398336,24.5,88,22.3,28.1,9.6,5,0.0,0.0,3,0
2025-06-26 07:00:00,14967.092678,24.5,87,22.2,28.0,10.0,24,0.0,13.0,3,0
2025-06-26 08:00:00,15756.338665,25.1,83,22.1,28.3,13.0,67,0.0,113.0,3,0
2025-06-26 09:00:00,16707.125964,26.8,74,21.7,29.7,13.0,71,0.0,275.0,3,0
2025-06-26 10:00:00,17845.454161,28.3,66,21.3,31.0,12.8,81,0.0,426.0,3,0
2025-06-26 11:00:00,18915.134779,29.6,61,21.3,32.9,10.9,94,0.0,609.0,3,0
2025-06-26 12:00:00,20057.90853,30.4,59,21.4,34.0,10.7,72,0.0,656.0,3,0
2025-06-26 13:00:00,21241.999668,31.9,54,21.4,36.4,11.4,29,0.0,844.0,3,0
2025-06-26 14:00:00,22339.851103,32.9,50,21.2,37.6,11.7,18,0.0,897.0,3,0
2025-06-26 15:00:00,23175.669011,33.7,47,20.8,38.1,11.2,16,0.0,871.0,3,0
2025-06-26 16:00:00,23725.483783,34.2,44,20.1,38.0,11.3,17,0.0,804.0,3,0
2025-06-26 17:00:00,23932.25595,34.1,43,19.8,36.6,12.3,12,0.0,653.0,3,0
2025-06-26 18:00:00,23545.928367,32.0,49,20.1,34.2,12.4,48,0.1,464.0,3,0
2025-06-26 19:00:00,22740.340089,32.2,50,20.4,34.5,11.6,37,0.0,266.0,3,0
2025-06-26 20:00:00,21671.678465,30.5,56,20.7,32.8,13.6,22,0.0,133.0,3,0
2025-06-26 21:00:00,20814.658683,29.6,59,20.8,32.0,12.5,19,0.0,14.0,3,0
2025-06-26 22:00:00,19443.706494,28.8,62,20.7,31.2,11.8,98,0.0,0.0,3,0
2025-06-26 23:00:00,17867.257848,27.8,67,21.0,30.4,12.1,100,0.0,0.0,3,0
2025-06-27 00:00:00,16517.367232,27.1,72,21.5,30.2,10.7,100,0.0,0.0,4,0
2025-06-27 01:00:00,15385.950577,26.6,75,21.9,30.0,10.6,95,0.0,0.0,4,0
2025-06-27 02:00:00,14645.563096,26.3,77,21.9,29.5,11.2,90,0.0,0.0,4,0
2025-06-27 03:00:00,14097.778767,25.9,79,22.0,29.2,10.8,72,0.0,0.0,4,0
2025-06-27 04:00:00,13914.355236,25.5,81,22.0,28.8,10.7,85,0.0,0.0,4,0
2025-06-27 05:00:00,14157.517565,25.1,83,22.1,28.7,9.9,100,0.0,0.0,4,0
2025-06-27 06:00:00,14485.751086,25.0,84,22.1,28.6,9.0,100,0.0,0.0,4,0
2025-06-27 07:00:00,14976.30458,25.0,84,22.1,28.7,8.7,100,0.0,11.0,4,0
2025-06-27 08:00:00,15975.008437,25.5,83,22.3,29.3,8.5,99,0.0,132.0,4,0
2025-06-27 09:00:00,17227.562373,27.0,76,22.3,30.7,9.1,11,0.0,316.0,4,0
2025-06-27 10:00:00,18644.019141,28.8,68,22.1,32.5,8.8,11,0.0,514.0,4,0
2025-06-27 11:00:00,19965.100716,30.2,62,22.1,34.8,7.9,4,0.0,672.0,4,0
2025-06-27 12:00:00,21260.744902,32.0,54,21.6,36.9,9.6,5,0.0,826.0,4,0
2025-06-27 13:00:00,22327.436654,33.5,47,20.8,38.1,11.5,19,0.0,898.0,4,0
2025-06-27 14:00:00,23008.940516,34.7,42,20.0,38.9,11.8,21,0.0,932.0,4,0
2025-06-27 15:00:00,23478.489133,35.0,40,19.4,38.5,12.3,48,0.0,847.0,4,0
2025-06-27 16:00:00,23798.641349,35.4,38,19.0,38.2,12.7,100,0.0,779.0,4,0
2025-06-27 17:00:00,23830.058366,35.7,37,18.5,37.4,14.4,97,0.0,681.0,4,0
2025-06-27 18:00:00,23419.154737,35.0,36,17.8,35.7,14.1,100,0.0,472.0,4,0
2025-06-27 19:00:00,22346.796367,34.2,38,17.9,35.0,13.9,97,0.0,303.0,4,0
2025-06-27 20:00:00,21085.790857,32.3,46,19.1,34.3,10.0,100,0.0,105.0,4,0
2025-06-27 21:00:00,20506.966902,31.0,51,19.8,33.3,10.3,100,0.0,13.0,4,0
2025-06-27 22:00:00,19587.893407,30.1,56,20.2,32.4,11.8,100,0.0,0.0,4,0
2025-06-27 23:00:00,18401.810964,29.2,60,20.6,31.5,13.3,36,0.0,0.0,4,0
2025-06-28 00:00:00,17252.928103,28.6,62,20.5,31.1,11.9,100,0.0,0.0,5,0
2025-06-28 01:00:00,16306.477775,28.1,64,20.7,30.5,13.0,100,0.0,0.0,5,0
2025-06-28 02:00:00,15553.625959,27.5,69,21.4,30.3,12.4,100,0.0,0.0,5,0
2025-06-28 03:00:00,14955.802513,27.1,71,21.5,30.0,12.8,99,0.0,0.0,5,0
2025-06-28 04:00:00,14618.998544,26.7,76,22.1,29.9,12.2,100,0.0,0.0,5,0
2025-06-28 05:00:00,14514.253771,26.3,80,22.5,29.9,11.0,54,0.0,0.0,5,0
2025-06-28 06:00:00,14431.172685,26.0,82,22.6,29.8,10.0,42,0.0,0.0,5,0
2025-06-28 07:00:00,14849.671491,26.0,82,22.6,29.8,9.9,100,0.0,13.0,5,0
2025-06-28 08:00:00,15940.283179,26.5,80,22.7,30.2,10.4,64,0.0,132.0,5,0
2025-06-28 09:00:00,17271.663173,27.8,74,22.7,31.8,9.0,50,0.0,319.0,5,0
2025-06-28 10:00:00,18491.607184,29.5,66,22.5,33.4,8.7,22,0.0,517.0,5,0
2025-06-28 11:00:00,19817.99436,31.3,57,21.7,35.7,8.4,0,0.0,694.0,5,0
2025-06-28 12:00:00,20980.763181,33.0,48,20.6,37.7,7.9,3,0.0,834.0,5,0
2025-06-28 13:00:00,22065.336211,34.5,42,19.7,39.0,9.2,56,0.0,919.0,5,0
2025-06-28 14:00:00,22813.413199,35.6,38,19.2,39.8,10.5,14,0.0,954.0,5,0
2025-06-28 15:00:00,23401.611998,36.0,36,18.9,39.3,12.6,19,0.0,883.0,5,0
2025-06-28 16:00:00,23727.068224,35.8,38,19.1,38.3,14.8,18,0.0,787.0,5,0
2025-06-28 17:00:00,23902.689536,35.5,39,19.4,37.5,14.8,6,0.0,668.0,5,0
2025-06-28 18:00:00,23678.499405,34.8,39,19.0,35.9,15.5,11,0.0,497.0,5,0
2025-06-28 19:00:00,23010.181058,34.1,40,18.7,35.0,15.6,7,0.0,314.0,5,0
2025-06-28 20:00:00,21770.442196,32.5,48,20.1,34.4,14.1,9,0.0,134.0,5,0
2025-06-28 21:00:00,20844.096691,31.5,51,20.0,33.6,12.2,9,0.0,15.0,5,0
2025-06-28 22:00:00,19723.165384,30.7,54,20.2,33.0,11.4,8,0.0,0.0,5,0
2025-06-28 23:00:00,18470.355261,29.7,59,20.9,32.1,12.7,8,0.0,0.0,5,0
2025-06-29 00:00:00,17105.974518,29.1,60,20.7,31.5,12.8,7,0.0,0.0,6,0
2025-06-29 01:00:00,16160.466775,28.7,62,20.6,30.9,13.5,3,0.0,0.0,6,0
2025-06-29 02:00:00,15496.371251,28.2,64,20.9,30.5,14.0,2,0.0,0.0,6,0
2025-06-29 03:00:00,14893.963265,27.8,67,21.0,30.2,13.7,1,0.0,0.0,6,0
2025-06-29 04:00:00,14466.890149,27.3,70,21.2,30.0,12.6,0,0.0,0.0,6,0
2025-06-29 05:00:00,14205.521707,26.9,71,21.2,29.6,11.8,0,0.0,0.0,6,0
2025-06-29 06:00:00,13917.97315,26.5,72,21.0,29.4,9.7,0,0.0,0.0,6,0
2025-06-29 07:00:00,14281.784757,26.2,72,20.9,29.3,8.6,6,0.0,13.0,6,0
2025-06-29 08:00:00,15485.02404,26.7,71,21.0,29.8,8.8,33,0.0,134.0,6,0
2025-06-29 09:00:00,16870.209666,28.0,66,21.0,31.2,8.7,6,0.0,327.0,6,0
2025-06-29 10:00:00,18210.425498,29.8,59,21.0,32.7,9.3,9,0.0,526.0,6,0
2025-06-29 11:00:00,19532.300865,31.7,50,20.0,34.9,10.9,0,0.0,703.0,6,0
2025-06-29 12:00:00,20863.921557,33.4,41,18.5,36.4,12.2,1,0.0,843.0,6,0
2025-06-29 13:00:00,21923.677458,34.7,36,17.6,37.6,13.0,0,0.0,934.0,6,0
2025-06-29 14:00:00,22712.513288,35.5,34,17.2,38.4,13.3,0,0.0,967.0,6,0
2025-06-29 15:00:00,23367.439355,36.0,34,17.6,38.7,14.7,0,0.0,938.0,6,0
2025-06-29 16:00:00,23971.139204,35.9,34,17.6,37.9,16.1,13,0.0,852.0,6,0
2025-06-29 17:00:00,24245.657371,35.5,34,17.4,36.5,15.2,41,0.0,658.0,6,0
2025-06-29 18:00:00,24052.875984,35.2,34,16.8,35.2,15.7,45,0.0,430.0,6,0
2025-06-29 19:00:00,23321.678735,34.6,35,17.0,34.8,15.2,49,0.0,317.0,6,0
2025-06-29 20:00:00,22230.820767,33.0,44,19.1,34.9,11.0,15,0.0,132.0,6,0
2025-06-29 21:00:00,21373.356883,32.2,47,19.5,34.6,8.8,8,0.0,16.0,6,0
2025-06-29 22:00:00,20124.386849,31.5,49,19.6,33.6,10.9,3,0.0,0.0,6,0
2025-06-29 23:00:00,18628.074766,29.6,64,22.0,32.5,14.1,5,0.0,0.0,6,0
2025-06-30 00:00:00,17280.542544,28.9,70,22.8,32.6,11.8,3,0.0,0.0,0,0
2025-06-30 01:00:00,16279.027136,28.4,73,23.0,32.0,13.2,2,0.0,0.0,0,0
2025-06-30 02:00:00,15374.934938,27.9,75,23.0,31.6,12.3,1,0.0,0.0,0,0
2025-06-30 03:00:00,14850.281717,27.4,76,22.9,30.8,13.7,0,0.0,0.0,0,0
2025-06-30 04:00:00,14606.97256,26.7,80,22.9,30.3,12.9,2,0.0,0.0,0,0
2025-06-30 05:00:00,14811.581393,26.2,81,22.8,29.8,12.5,17,0.0,0.0,0,0
2025-06-30 06:00:00,14995.635932,26.0,82,22.6,29.4,12.5,95,0.0,0.0,0,0
2025-06-30 07:00:00,15501.950067,25.9,81,22.4,29.3,12.0,100,0.0,12.0,0,0
2025-06-30 08:00:00,16674.943274,26.4,77,22.0,29.6,11.3,2,0.0,132.0,0,0
2025-06-30 09:00:00,17876.844923,28.0,69,21.8,30.6,14.8,5,0.0,317.0,0,0
2025-06-30 10:00:00,19152.144676,29.8,60,21.2,32.5,12.1,14,0.0,487.0,0,0
2025-06-30 11:00:00,20563.984851,31.7,52,20.7,34.9,10.9,16,0.0,648.0,0,0
2025-06-30 12:00:00,21894.753481,33.2,46,20.2,37.1,10.3,9,0.0,796.0,0,0
2025-06-30 13:00:00,23122.21256,34.8,40,19.4,38.9,10.3,14,0.0,900.0,0,0
2025-06-30 14:00:00,23971.552454,36.1,37,19.0,40.0,10.4,20,0.0,912.0,0,0
2025-06-30 15:00:00,24431.277783,37.0,34,18.5,40.8,9.6,15,0.0,898.0,0,0
2025-06-30 16:00:00,24924.941959,37.3,32,18.0,40.4,9.2,54,0.0,811.0,0,0
2025-06-30 17:00:00,25274.509354,36.5,34,18.0,37.8,15.4,10,0.0,665.0,0,0
2025-06-30 18:00:00,24819.488496,33.9,43,19.5,34.9,17.9,64,0.1,486.0,0,0
2025-06-30 19:00:00,23867.635998,32.8,47,20.1,34.4,16.2,15,0.0,265.0,0,0
2025-06-30 20:00:00,22673.397316,32.8,46,19.6,34.6,12.9,25,0.1,118.0,0,0
2025-06-30 21:00:00,21558.558543,33.0,44,19.0,35.3,6.7,60,0.0,14.0,0,0
2025-06-30 22:00:00,19483.928724,24.2,90,22.5,27.2,15.2,100,16.4,0.0,0,0
2025-06-30 23:00:00,17518.388868,24.8,94,23.9,29.6,8.6,100,6.1,0.0,0,0
2025-07-01 00:00:00,16024.215181,24.5,90,22.8,28.9,6.5,72,0.8,0.0,1,0
2025-07-01 01:00:00,15019.75471,24.1,93,22.9,29.2,2.2,100,0.0,0.0,1,0
2025-07-01 02:00:00,14199.703613,24.2,92,22.9,29.3,2.0,78,0.0,0.0,1,0
2025-07-01 03:00:00,13744.034367,24.0,95,23.1,29.0,4.2,73,0.0,0.0,1,0
2025-07-01 04:00:00,13677.047551,23.9,97,23.4,29.0,4.6,100,0.0,0.0,1,0
2025-07-01 05:00:00,13938.061881,24.0,96,23.3,28.9,4.7,100,0.0,0.0,1,0
2025-07-01 06:00:00,14264.245447,24.1,93,22.9,28.6,6.1,100,0.0,0.0,1,0
2025-07-01 07:00:00,14669.204191,24.4,91,22.8,28.8,6.2,100,0.0,10.0,1,0
2025-07-01 08:00:00,15586.013841,23.7,90,22.0,27.7,6.3,100,0.0,81.0,1,0
2025-07-01 09:00:00,16583.735945,25.0,83,22.0,29.4,3.4,80,0.0,231.0,1,0
2025-07-01 10:00:00,17807.534278,26.7,76,22.1,31.2,3.6,30,0.0,460.0,1,0
2025-07-01 11:00:00,19173.172815,28.2,69,22.0,33.3,3.9,27,0.0,655.0,1,0
2025-07-01 12:00:00,20562.637366,29.7,63,21.9,35.6,4.5,6,0.0,822.0,1,0
2025-07-01 13:00:00,21794.801413,30.8,57,21.3,36.7,4.7,35,0.0,878.0,1,0
2025-07-01 14:00:00,22697.482345,31.6,54,21.2,37.8,4.5,56,0.0,914.0,1,0
2025-07-01 15:00:00,23230.0807,32.0,52,21.0,37.7,3.8,100,0.0,839.0,1,0
2025-07-01 16:00:00,23393.365394,32.2,49,20.2,36.1,5.4,100,0.0,674.0,1,0
2025-07-01 17:00:00,22855.28544,32.2,48,19.7,35.8,6.3,100,0.0,674.0,1,0
2025-07-01 18:00:00,22004.819085,31.6,49,19.5,34.1,8.1,99,0.0,482.0,1,0
2025-07-01 19:00:00,21060.935619,31.0,51,19.8,33.7,7.7,100,0.0,303.0,1,0
2025-07-01 20:00:00,20150.606528,28.6,70,22.5,32.9,6.6,82,0.0,77.0,1,0
2025-07-01 21:00:00,19555.42826,28.0,76,23.4,33.3,3.4,44,0.0,8.0,1,0
2025-07-01 22:00:00,18467.638934,27.5,80,23.9,33.2,2.7,100,0.0,0.0,1,0
2025-07-01 23:00:00,17397.958831,27.5,80,23.8,32.9,3.1,100,0.0,0.0,1,0
2025-07-02 00:00:00,16207.18007,27.1,83,24.0,32.9,2.6,95,0.0,0.0,2,0
2025-07-02 01:00:00,15311.689762,26.9,83,23.6,32.6,1.0,45,0.0,0.0,2,0
2025-07-02 02:00:00,14639.067223,26.5,84,23.5,32.1,0.5,100,0.0,0.0,2,0
2025-07-02 03:00:00,14231.104658,26.0,86,23.6,31.7,1.2,100,0.0,0.0,2,0
2025-07-02 04:00:00,14233.184516,25.8,91,24.1,31.7,1.3,100,0.0,0.0,2,0
2025-07-02 05:00:00,14517.944431,25.8,91,24.1,31.6,2.2,100,0.0,0.0,2,0
2025-07-02 06:00:00,14854.444504,25.6,88,23.5,30.8,3.9,95,0.0,0.0,2,0
2025-07-02 07:00:00,15262.887912,25.5,86,23.1,30.5,4.0,96,0.0,10.0,2,0
2025-07-02 08:00:00,16234.456857,26.7,83,23.5,32.1,2.8,91,0.0,113.0,2,0
2025-07-02 09:00:00,17560.16029,28.4,67,21.8,32.8,2.5,100,0.0,266.0,2,0
2025-07-02 10:00:00,18992.5757,30.1,59,21.1,34.2,3.1,100,0.0,483.0,2,0
2025-07-02 11:00:00,20656.585711,31.3,54,20.8,35.6,2.7,100,0.1,621.0,2,0
2025-07-02 12:00:00,21910.739395,31.1,53,20.4,34.6,3.6,96,0.0,438.0,2,0
2025-07-02 13:00:00,22506.54307,32.3,48,19.9,36.6,3.3,91,0.0,704.0,2,0
2025-07-02 14:00:00,22536.041647,33.3,44,19.2,37.6,4.2,99,0.0,767.0,2,0
2025-07-02 15:00:00,22194.220522,33.5,43,19.1,36.8,3.7,100,0.0,619.0,2,0
2025-07-02 16:00:00,21556.671137,33.2,43,18.9,35.8,4.6,97,0.0,362.0,2,0
2025-07-02 17:00:00,21150.997118,33.8,41,18.6,36.2,5.7,100,0.0,442.0,2,0
2025-07-02 18:00:00,20551.447273,34.0,39,18.2,36.0,7.3,100,0.0,400.0,2,0
2025-07-02 19:00:00,19899.391606,33.1,41,18.2,34.5,11.0,99,0.1,232.0,2,0
2025-07-02 20:00:00,19530.403735,29.6,66,22.5,33.8,7.5,100,0.0,63.0,2,0
2025-07-02 21:00:00,19288.198333,29.1,68,22.8,33.3,8.1,100,0.0,7.0,2,0
2025-07-02 22:00:00,18311.977685,28.5,72,23.1,32.9,8.4,100,0.0,0.0,2,0
2025-07-02 23:00:00,17088.685506,28.0,76,23.5,32.8,6.9,100,0.0,0.0,2,0
2025-07-03 00:00:00,16111.200126,27.7,79,23.8,32.9,5.5,100,0.0,0.0,3,0
2025-07-03 01:00:00,15209.66743,27.4,81,23.9,32.4,6.7,100,0.0,0.0,3,0
2025-07-03 02:00:00,14620.498533,27.1,82,23.9,32.3,6.2,100,0.0,0.0,3,0
2025-07-03 03:00:00,14317.089596,26.9,84,23.9,32.2,5.0,100,0.0,0.0,3,0
2025-07-03 04:00:00,14296.471284,26.6,85,24.0,32.3,3.3,100,0.0,0.0,3,0
2025-07-03 05:00:00,14700.711154,26.4,86,23.9,31.9,3.3,97,0.0,0.0,3,0
2025-07-03 06:00:00,15044.575831,26.1,87,23.8,31.6,3.1,97,0.0,0.0,3,0
2025-07-03 07:00:00,15487.511964,26.1,86,23.5,31.2,5.1,100,0.0,10.0,3,0
2025-07-03 08:00:00,16042.658514,24.5,96,24.0,30.0,4.2,88,1.2,54.0,3,0
2025-07-03 09:00:00,16573.655849,25.4,91,23.7,31.2,0.6,100,0.4,147.0,3,0
2025-07-03 10:00:00,17064.606245,27.0,72,21.5,30.7,5.8,99,0.0,284.0,3,0
2025-07-03 11:00:00,17411.675832,26.6,63,19.1,28.6,10.5,100,0.0,191.0,3,0
2025-07-03 12:00:00,17783.362694,27.5,56,18.0,29.0,9.0,100,0.0,346.0,3,0
2025-07-03 13:00:00,18251.308688,28.6,56,18.9,30.0,14.4,71,0.0,580.0,3,0
2025-07-03 14:00:00,18977.627079,29.0,58,19.9,31.7,13.7,39,0.0,702.0,3,0
2025-07-03 15:00:00,19263.784058,30.2,54,20.0,33.9,11.0,52,0.0,803.0,3,0
2025-07-03 16:00:00,19172.214055,30.9,51,19.5,33.4,15.2,34,0.0,756.0,3,0
2025-07-03 17:00:00,19121.149138,30.0,56,20.4,31.9,19.2,43,0.0,678.0,3,0
2025-07-03 18:00:00,18527.911694,28.8,63,21.0,31.5,11.4,81,0.0,409.0,3,0
2025-07-03 19:00:00,17687.62767,28.5,63,20.9,31.1,12.1,99,0.0,285.0,3,0
2025-07-03 20:00:00,17194.574479,24.5,85,22.0,27.8,11.5,100,4.8,69.0,3,0
2025-07-03 21:00:00,16891.166165,23.5,94,22.5,27.1,11.4,100,5.0,5.0,3,0
2025-07-03 22:00:00,16217.85062,23.9,92,22.5,27.5,11.0,100,1.0,0.0,3,0
2025-07-03 23:00:00,15425.047031,24.1,91,22.5,27.8,10.7,100,0.1,0.0,3,0
2025-07-04 00:00:00,14475.946946,24.1,91,22.5,27.9,9.5,100,0.0,0.0,4,1
2025-07-04 01:00:00,13840.037551,24.2,91,22.6,27.9,10.8,99,0.0,0.0,4,1
2025-07-04 02:00:00,13351.590753,24.1,91,22.5,27.9,9.9,53,0.0,0.0,4,1
2025-07-04 03:00:00,13074.56975,23.9,92,22.5,27.7,10.0,84,0.1,0.0,4,1
2025-07-04 04:00:00,12983.174638,23.9,91,22.2,27.5,9.8,100,0.0,0.0,4,1
2025-07-04 05:00:00,12995.224566,23.9,89,22.0,27.3,10.7,100,0.0,0.0,4,1
2025-07-04 06:00:00,13066.714425,23.5,89,21.6,26.7,10.6,100,0.2,0.0,4,1
2025-07-04 07:00:00,13180.819457,23.5,91,21.9,26.7,10.7,79,0.1,5.0,4,1
2025-07-04 08:00:00,13880.370758,23.6,96,23.0,28.0,7.9,100,2.0,29.0,4,1
2025-07-04 09:00:00,14881.304333,25.0,87,22.8,28.7,11.3,98,0.7,152.0,4,1
2025-07-04 10:00:00,15926.333061,25.4,85,22.6,28.6,14.1,99,0.2,197.0,4,1
2025-07-04 11:00:00,17117.147708,26.4,82,23.0,30.1,12.4,74,0.2,302.0,4,1
2025-07-04 12:00:00,18167.074862,27.6,77,23.1,31.0,15.1,78,0.3,535.0,4,1
2025-07-04 13:00:00,19003.078661,29.0,69,22.6,32.9,16.7,80,0.3,753.0,4,1
2025-07-04 14:00:00,19571.207619,30.4,56,20.7,33.5,18.0,32,0.1,857.0,4,1
2025-07-04 15:00:00,19655.98587,30.9,52,19.9,33.1,20.3,38,0.0,836.0,4,1
2025-07-04 16:00:00,19268.475135,30.1,58,21.0,32.5,19.9,86,0.0,733.0,4,1
2025-07-04 17:00:00,18027.189509,29.6,62,21.5,31.1,21.9,46,0.0,507.0,4,1
2025-07-04 18:00:00,16788.79109,28.6,67,22.0,30.3,21.7,100,0.2,421.0,4,1
2025-07-04 19:00:00,16056.328903,27.5,74,22.4,30.2,16.6,96,0.1,191.0,4,1
2025-07-04 20:00:00,15598.95688,25.2,83,22.2,29.0,8.7,89,0.0,49.0,4,1
2025-07-04 21:00:00,15228.85687,25.0,87,22.7,29.1,8.9,33,0.0,11.0,4,1
2025-07-04 22:00:00,14846.371333,24.9,88,22.8,28.9,9.4,37,0.0,0.0,4,1
2025-07-04 23:00:00,14398.401815,24.9,89,22.9,28.8,10.1,13,0.0,0.0,4,1
2025-07-05 00:00:00,13724.079722,24.8,89,22.9,28.6,11.1,25,0.0,0.0,5,0
2025-07-05 01:00:00,13074.979031,24.5,89,22.6,28.4,9.5,24,0.0,0.0,5,0
2025-07-05 02:00:00,12542.749142,24.1,91,22.5,28.0,9.3,23,0.0,0.0,5,0
2025-07-05 03:00:00,12314.755569,24.0,92,22.5,27.9,9.1,33,0.0,0.0,5,0
2025-07-05 04:00:00,12159.468682,23.9,93,22.6,27.9,9.0,17,0.0,0.0,5,0
2025-07-05 05:00:00,12274.107337,23.8,94,22.8,28.0,8.0,18,0.0,0.0,5,0
2025-07-05 06:00:00,12425.110266,23.7,96,23.0,28.1,7.6,100,0.0,0.0,5,0
2025-07-05 07:00:00,12663.82734,24.0,95,23.1,28.3,8.1,25,0.0,8.0,5,0
2025-07-05 08:00:00,13528.78647,25.0,90,23.3,29.2,9.8,100,0.1,73.0,5,0
2025-07-05 09:00:00,14559.620682,25.6,88,23.5,29.8,10.9,96,0.1,145.0,5,0
2025-07-05 10:00:00,15755.439501,27.0,80,23.2,31.0,11.6,86,0.0,305.0,5,0
2025-07-05 11:00:00,16684.022344,28.6,65,21.5,31.2,14.3,41,0.0,515.0,5,0
2025-07-05 12:00:00,17153.662743,29.9,59,21.0,32.6,16.2,24,0.0,685.0,5,0
2025-07-05 13:00:00,17302.666132,30.9,55,20.9,33.8,16.3,35,0.0,746.0,5,0
2025-07-05 14:00:00,17500.550087,31.5,53,20.6,34.6,16.7,34,0.2,818.0,5,0
2025-07-05 15:00:00,17782.031746,32.2,50,20.5,35.4,14.4,13,0.1,770.0,5,0
2025-07-05 16:00:00,17859.325109,32.8,47,20.1,35.8,15.7,19,0.1,806.0,5,0
2025-07-05 17:00:00,17651.315397,31.9,51,20.5,33.6,20.7,47,0.3,683.0,5,0
2025-07-05 18:00:00,17339.667806,30.2,61,21.8,32.8,15.2,47,0.1,398.0,5,0
2025-07-05 19:00:00,16846.608185,29.8,65,22.5,33.3,12.0,34,0.0,281.0,5,0
2025-07-05 20:00:00,16346.079856,25.9,79,22.0,29.0,12.5,75,0.0,83.0,5,0
2025-07-05 21:00:00,16130.521137,25.1,84,22.2,28.5,11.4,55,0.1,12.0,5,0
2025-07-05 22:00:00,15484.032615,24.6,86,22.1,28.3,9.5,50,0.0,0.0,5,0
2025-07-05 23:00:00,14587.02018,24.4,87,22.0,28.0,9.3,26,0.0,0.0,5,0
2025-07-06 00:00:00,13793.562053,24.0,88,21.8,27.7,7.6,36,0.0,0.0,6,0
2025-07-06 01:00:00,13053.497401,23.8,88,21.8,27.5,7.8,100,0.0,0.0,6,0
2025-07-06 02:00:00,12519.970012,24.0,88,21.9,27.7,7.3,100,0.2,0.0,6,0
2025-07-06 03:00:00,12246.005507,24.0,89,22.1,27.9,7.5,100,0.2,0.0,6,0
2025-07-06 04:00:00,12039.372109,24.0,89,22.1,27.9,7.8,100,0.5,0.0,6,0
2025-07-06 05:00:00,11982.023474,23.9,92,22.5,27.8,8.7,100,0.2,0.0,6,0
2025-07-06 06:00:00,11991.168888,23.9,92,22.6,27.8,9.2,87,0.0,0.0,6,0
2025-07-06 07:00:00,12286.444302,23.9,94,22.8,28.0,8.0,69,0.1,8.0,6,0
2025-07-06 08:00:00,13186.141922,23.6,93,22.5,26.9,13.1,97,1.2,63.0,6,0
2025-07-06 09:00:00,14152.448593,24.2,91,22.6,28.4,7.8,98,5.5,160.0,6,0
2025-07-06 10:00:00,15021.744715,24.6,87,22.4,28.0,11.9,99,2.7,221.0,6,0
2025-07-06 11:00:00,15522.066849,25.9,80,22.2,28.8,15.1,100,0.3,350.0,6,0
2025-07-06 12:00:00,15898.052836,26.7,79,22.8,29.8,15.8,96,0.4,521.0,6,0
2025-07-06 13:00:00,16252.102016,27.6,78,23.5,32.3,14.1,59,0.3,721.0,6,0
2025-07-06 14:00:00,16767.699489,28.8,76,24.0,34.4,13.1,25,0.2,820.0,6,0
2025-07-06 15:00:00,17195.351248,29.9,61,21.5,34.1,14.2,45,0.0,847.0,6,0
2025-07-06 16:00:00,17919.539646,30.4,58,21.1,33.7,14.0,32,0.0,720.0,6,0
2025-07-06 17:00:00,18643.151461,30.4,58,21.2,33.2,13.7,37,0.0,610.0,6,0
2025-07-06 18:00:00,18881.231791,30.3,59,21.4,33.1,11.9,86,0.0,487.0,6,0
2025-07-06 19:00:00,18608.68342,29.8,62,21.8,33.2,9.6,55,0.0,300.0,6,0
2025-07-06 20:00:00,18083.267815,28.5,67,21.8,32.3,7.0,13,0.0,139.0,6,0
2025-07-06 21:00:00,17529.904807,27.2,75,22.5,31.6,5.6,2,0.0,15.0,6,0
2025-07-06 22:00:00,16596.059499,26.5,80,22.9,30.9,7.2,0,0.0,0.0,6,0
2025-07-06 23:00:00,15415.335231,26.0,83,23.0,30.6,6.0,0,0.0,0.0,6,0
2025-07-07 00:00:00,14228.394962,25.6,85,23.0,30.5,4.4,9,0.0,0.0,0,0
2025-07-07 01:00:00,13337.565058,25.4,87,23.0,30.2,4.2,2,0.0,0.0,0,0
2025-07-07 02:00:00,12790.525756,25.0,88,23.0,30.2,2.0,12,0.0,0.0,0,0
2025-07-07 03:00:00,12502.680415,24.8,89,22.8,30.1,0.2,14,0.0,0.0,0,0
2025-07-07 04:00:00,12640.266612,24.4,91,22.9,29.5,1.7,17,0.0,0.0,0,0
2025-07-07 05:00:00,13048.751685,24.2,91,22.6,28.8,5.3,2,0.0,0.0,0,0
2025-07-07 06:00:00,13671.184055,24.0,91,22.5,28.3,6.9,0,0.0,0.0,0,0
2025-07-07 07:00:00,14270.008626,24.1,91,22.5,28.3,7.2,2,0.0,10.0,0,0
2025-07-07 08:00:00,15055.136764,23.0,94,22.0,26.3,11.1,85,1.4,75.0,0,0
2025-07-07 09:00:00,15731.775996,23.5,90,21.8,27.2,7.6,29,0.1,150.0,0,0
2025-07-07 10:00:00,16542.205115,26.3,79,22.5,30.6,5.7,26,0.0,480.0,0,0
2025-07-07 11:00:00,17558.482519,28.5,73,23.1,33.7,7.5,38,0.0,669.0,0,0
2025-07-07 12:00:00,18732.566138,29.7,67,22.8,35.1,7.1,54,0.0,732.0,0,0
2025-07-07 13:00:00,19917.829146,30.6,61,22.3,36.0,9.6,20,0.0,832.0,0,0
2025-07-07 14:00:00,20859.530229,31.4,59,22.3,36.6,12.4,16,0.1,909.0,0,0
2025-07-07 15:00:00,21465.826772,31.8,56,21.9,36.4,13.7,37,0.2,884.0,0,0
2025-07-07 16:00:00,22117.248947,31.9,56,21.9,36.1,11.5,45,0.3,742.0,0,0
2025-07-07 17:00:00,22432.036134,31.6,58,22.2,35.3,11.0,93,0.0,591.0,0,0
2025-07-07 18:00:00,22306.142207,30.5,62,22.4,34.5,7.8,64,0.0,449.0,0,0
2025-07-07 19:00:00,21555.489848,29.6,65,22.3,33.4,9.4,57,0.2,241.0,0,0
2025-07-07 20:00:00,20459.481351,30.5,54,20.3,33.2,9.2,9,0.0,135.0,0,0
2025-07-07 21:00:00,19839.101698,29.0,63,21.3,32.2,9.3,14,0.0,15.0,0,0
2025-07-07 22:00:00,18453.848287,28.0,71,22.1,31.5,10.0,24,0.0,0.0,0,0
2025-07-07 23:00:00,16992.166901,27.3,76,22.6,31.1,10.1,7,0.0,0.0,0,0
2025-07-08 00:00:00,15641.266723,26.9,79,22.8,30.8,9.6,4,0.0,0.0,1,0
2025-07-08 01:00:00,14682.115691,26.4,81,22.9,30.6,8.6,11,0.0,0.0,1,0
2025-07-08 02:00:00,13889.658966,26.0,82,22.8,30.1,8.3,4,0.0,0.0,1,0
2025-07-08 03:00:00,13496.594933,25.5,84,22.5,29.6,7.7,8,0.0,0.0,1,0
2025-07-08 04:00:00,13445.274996,25.1,84,22.1,28.8,9.0,11,0.0,0.0,1,0
2025-07-08 05:00:00,13873.343651,24.8,84,22.0,28.2,10.2,1,0.0,0.0,1,0
2025-07-08 06:00:00,14351.981227,24.5,87,22.0,28.1,9.0,8,0.0,0.0,1,0
2025-07-08 07:00:00,14804.912578,24.4,88,22.2,28.2,8.3,8,0.0,9.0,1,0
2025-07-08 08:00:00,15784.413132,22.0,95,21.2,24.4,14.2,98,10.0,75.0,1,0
2025-07-08 09:00:00,17008.448443,22.5,94,21.4,25.8,8.6,98,4.4,58.0,1,0
2025-07-08 10:00:00,18361.107332,22.8,95,21.9,26.6,7.0,100,2.4,166.0,1,0
2025-07-08 11:00:00,19830.357225,24.3,91,22.8,29.1,3.5,97,1.2,303.0,1,0
2025-07-08 12:00:00,21291.287172,26.9,81,23.3,31.7,5.9,96,0.9,521.0,1,0
2025-07-08 13:00:00,22410.783932,29.1,71,23.3,33.9,8.5,77,0.1,613.0,1,0
2025-07-08 14:00:00,23365.589687,30.2,69,23.8,36.4,8.3,74,0.1,795.0,1,0
2025-07-08 15:00:00,23951.691649,30.8,69,24.5,37.5,9.9,22,0.2,846.0,1,0
2025-07-08 16:00:00,24460.214865,31.2,66,24.0,37.3,10.1,40,0.2,799.0,1,0
2025-07-08 17:00:00,23784.617836,31.0,64,23.5,36.3,8.5,33,0.6,660.0,1,0
2025-07-08 18:00:00,22418.382366,28.9,75,24.0,34.3,4.0,100,1.7,445.0,1,0
2025-07-08 19:00:00,20962.910079,27.0,80,23.4,32.1,3.9,72,1.2,138.0,1,0
2025-07-08 20:00:00,19485.351189,28.1,69,22.0,31.3,12.4,14,0.0,121.0,1,0
2025-07-08 21:00:00,18431.694093,27.4,72,21.8,30.5,11.5,13,0.0,14.0,1,0
2025-07-08 22:00:00,17105.452743,26.5,73,21.4,29.7,9.9,8,0.0,0.0,1,0
2025-07-08 23:00:00,15619.798441,25.6,77,21.4,29.1,8.0,17,0.0,0.0,1,0
2025-07-09 00:00:00,14362.900692,25.2,79,21.4,28.7,7.3,9,0.0,0.0,2,0
2025-07-09 01:00:00,13513.686747,24.7,83,21.5,28.1,8.5,1,0.0,0.0,2,0
2025-07-09 02:00:00,12859.710544,24.4,86,22.0,28.2,7.5,0,0.0,0.0,2,0
2025-07-09 03:00:00,12535.200528,24.0,90,22.3,28.1,6.8,0,0.0,0.0,2,0
2025-07-09 04:00:00,12522.18573,23.9,92,22.5,28.0,7.2,0,0.0,0.0,2,0
2025-07-09 05:00:00,13085.168239,23.6,94,22.6,27.8,7.6,0,0.0,0.0,2,0
2025-07-09 06:00:00,13644.707283,23.6,94,22.6,27.9,6.9,0,0.0,0.0,2,0
2025-07-09 07:00:00,14225.908408,23.8,94,22.7,28.1,6.8,0,0.0,9.0,2,0
2025-07-09 08:00:00,15003.61522,22.1,93,21.0,25.2,9.6,100,8.4,47.0,2,0
2025-07-09 09:00:00,15978.397487,23.7,90,22.0,27.2,9.8,100,0.2,118.0,2,0
2025-07-09 10:00:00,17230.963468,25.6,83,22.4,29.5,8.4,63,0.0,327.0,2,0
2025-07-09 11:00:00,18666.701365,27.1,76,22.6,31.3,7.2,10,0.0,506.0,2,0
2025-07-09 12:00:00,20062.814292,28.9,69,22.6,34.7,5.6,61,0.0,771.0,2,0
2025-07-09 13:00:00,21339.142011,30.1,64,22.6,36.6,5.4,80,0.0,868.0,2,0
2025-07-09 14:00:00,22527.97555,31.2,60,22.6,38.3,4.3,17,0.0,931.0,2,0
2025-07-09 15:00:00,23448.335773,32.2,57,22.6,39.1,5.1,9,0.0,924.0,2,0
2025-07-09 16:00:00,23953.239038,32.3,57,22.6,38.6,5.4,5,0.0,832.0,2,0
2025-07-09 17:00:00,24062.641212,32.8,55,22.4,38.2,4.3,13,0.0,701.0,2,0
2025-07-09 18:00:00,23595.902949,31.6,57,22.2,35.0,11.4,45,0.0,523.0,2,0
2025-07-09 19:00:00,22246.857732,29.1,69,22.8,33.3,8.1,32,0.0,277.0,2,0
2025-07-09 20:00:00,20524.740327,26.6,72,21.0,29.6,9.3,31,0.2,86.0,2,0
2025-07-09 21:00:00,19427.217382,26.2,72,20.9,29.8,4.7,28,0.0,12.0,2,0
2025-07-09 22:00:00,18102.168126,26.3,73,21.1,29.7,6.7,20,0.0,0.0,2,0
2025-07-09 23:00:00,16646.805567,26.2,76,21.6,29.9,6.8,0,0.0,0.0,2,0
2025-07-10 00:00:00,15083.987065,26.0,79,22.1,30.1,6.0,0,0.0,0.0,3,0
2025-07-10 01:00:00,14154.334488,25.7,82,22.5,29.8,7.6,1,0.0,0.0,3,0
2025-07-10 02:00:00,13453.294505,25.4,84,22.5,29.4,7.4,1,0.0,0.0,3,0
2025-07-10 03:00:00,12993.232912,24.9,84,22.0,28.5,8.6,0,0.0,0.0,3,0
2025-07-10 04:00:00,12951.838712,24.3,85,21.5,27.6,9.2,2,0.0,0.0,3,0
2025-07-10 05:00:00,13318.173414,24.0,85,21.4,27.1,9.5,0,0.0,0.0,3,0
2025-07-10 06:00:00,13756.598749,23.7,86,21.3,26.9,9.0,0,0.0,0.0,3,0
2025-07-10 07:00:00,14274.021999,23.6,87,21.4,27.1,8.0,0,0.0,9.0,3,0
2025-07-10 08:00:00,15244.069872,25.0,79,21.0,28.3,7.5,51,0.0,101.0,3,0
2025-07-10 09:00:00,16494.962683,26.5,71,20.9,29.7,7.7,38,0.0,255.0,3,0
2025-07-10 10:00:00,17901.072331,28.3,65,21.0,31.4,8.7,25,0.0,440.0,3,0
2025-07-10 11:00:00,19342.934098,30.5,58,21.3,34.3,9.6,16,0.0,660.0,3,0
2025-07-10 12:00:00,20716.622393,32.8,49,20.7,37.0,10.7,9,0.0,819.0,3,0
2025-07-10 13:00:00,21914.51746,34.3,42,19.4,38.1,11.8,22,0.0,908.0,3,0
2025-07-10 14:00:00,22897.572921,35.1,39,19.1,38.5,11.9,20,0.0,854.0,3,0
2025-07-10 15:00:00,23232.78378,35.7,37,18.7,38.7,12.3,31,0.0,843.0,3,0
2025-07-10 16:00:00,23796.961669,36.0,36,18.6,38.8,12.6,19,0.0,806.0,3,0
2025-07-10 17:00:00,23756.397379,36.0,35,18.2,37.6,13.6,15,0.0,660.0,3,0
2025-07-10 18:00:00,23634.153888,35.8,35,17.7,36.4,14.8,18,0.0,521.0,3,0
2025-07-10 19:00:00,22978.618299,34.8,35,17.2,35.3,14.2,6,0.0,312.0,3,0
2025-07-10 20:00:00,21758.379122,33.7,38,17.2,34.3,13.3,27,0.0,135.0,3,0
2025-07-10 21:00:00,20961.869642,31.9,46,18.9,33.5,11.7,15,0.0,14.0,3,0
2025-07-10 22:00:00,19822.106765,30.9,51,19.6,32.6,13.2,11,0.0,0.0,3,0
2025-07-10 23:00:00,18414.293362,30.0,56,20.3,31.9,14.9,8,0.0,0.0,3,0
2025-07-11 00:00:00,17119.597427,29.5,60,20.8,31.2,16.8,2,0.0,0.0,4,0
2025-07-11 01:00:00,16090.367309,28.8,61,20.5,30.4,17.0,1,0.0,0.0,4,0
2025-07-11 02:00:00,15316.113632,28.2,63,20.5,29.9,16.1,0,0.0,0.0,4,0
2025-07-11 03:00:00,14755.626466,27.5,67,20.8,29.5,15.2,0,0.0,0.0,4,0
2025-07-11 04:00:00,14504.862313,26.9,68,20.5,28.8,14.4,0,0.0,0.0,4,0
2025-07-11 05:00:00,14504.065092,26.4,67,19.8,28.0,14.5,0,0.0,0.0,4,0
2025-07-11 06:00:00,14687.457135,25.8,67,19.2,27.3,13.2,0,0.0,0.0,4,0
2025-07-11 07:00:00,15005.943877,25.4,69,19.4,27.2,12.1,0,0.0,9.0,4,0
2025-07-11 08:00:00,15987.16675,25.8,72,20.5,28.2,11.8,0,0.0,125.0,4,0
2025-07-11 09:00:00,17257.157071,27.1,69,21.0,29.7,12.4,0,0.0,317.0,4,0
2025-07-11 10:00:00,18514.676425,29.0,64,21.4,31.6,13.2,0,0.0,516.0,4,0
2025-07-11 11:00:00,19717.096698,31.0,54,20.6,33.6,15.5,2,0.0,697.0,4,0
2025-07-11 12:00:00,20889.401023,32.3,49,20.1,35.2,17.7,6,0.0,837.0,4,0
2025-07-11 13:00:00,21846.657037,33.5,44,19.6,36.3,18.0,13,0.0,911.0,4,0
2025-07-11 14:00:00,22485.861305,34.6,38,18.4,36.8,19.3,3,0.0,932.0,4,0
2025-07-11 15:00:00,23037.067773,35.5,35,17.6,37.1,19.8,4,0.0,914.0,4,0
2025-07-11 16:00:00,23357.794916,35.9,33,17.1,36.9,20.2,3,0.0,834.0,4,0
2025-07-11 17:00:00,23252.881629,35.2,35,17.3,35.6,20.4,24,0.0,699.0,4,0
2025-07-11 18:00:00,22864.443132,34.1,40,18.4,34.3,19.8,28,0.0,428.0,4,0
2025-07-11 19:00:00,22018.097843,32.8,44,19.0,33.1,20.9,22,0.1,297.0,4,0
2025-07-11 20:00:00,20826.550934,31.1,50,19.5,33.1,11.1,78,0.0,127.0,4,0
2025-07-11 21:00:00,19432.350376,30.8,51,19.6,32.7,11.7,60,0.0,11.0,4,0
2025-07-11 22:00:00,18817.010128,30.4,51,19.1,31.9,12.9,16,0.0,0.0,4,0
2025-07-11 23:00:00,17594.255198,29.5,53,19.0,30.7,14.7,37,0.0,0.0,4,0
2025-07-12 00:00:00,16391.34638,28.4,61,20.2,30.0,15.5,94,0.0,0.0,5,0
2025-07-12 01:00:00,15503.647159,27.6,67,21.0,30.0,13.9,52,0.0,0.0,5,0
2025-07-12 02:00:00,14727.676198,27.1,72,21.7,29.9,13.7,51,0.0,0.0,5,0
2025-07-12 03:00:00,14241.158131,26.8,75,22.0,29.8,13.1,96,0.0,0.0,5,0
2025-07-12 04:00:00,13953.957508,26.5,77,22.1,29.6,12.8,61,0.0,0.0,5,0
2025-07-12 05:00:00,13884.547579,26.1,79,22.2,29.4,12.2,4,0.0,0.0,5,0
2025-07-12 06:00:00,13971.262502,25.8,80,22.1,29.1,11.9,1,0.0,0.0,5,0
2025-07-12 07:00:00,14155.62841,25.6,81,22.1,28.8,12.3,6,0.0,8.0,5,0
2025-07-12 08:00:00,14890.933865,26.0,79,22.0,28.9,13.2,100,0.2,61.0,5,0
2025-07-12 09:00:00,15909.449925,26.3,77,22.0,29.8,9.6,100,0.1,164.0,5,0
2025-07-12 10:00:00,17055.979763,27.2,76,22.5,30.8,10.8,100,0.0,268.0,5,0
2025-07-12 11:00:00,18272.545756,27.9,72,22.4,31.1,13.3,100,0.0,348.0,5,0
2025-07-12 12:00:00,19272.633108,30.2,62,22.2,34.1,11.8,58,0.1,644.0,5,0
2025-07-12 13:00:00,20017.611871,31.8,54,21.2,35.9,11.8,36,0.2,792.0,5,0
2025-07-12 14:00:00,20535.043548,33.0,48,20.5,37.4,9.5,46,0.0,837.0,5,0
2025-07-12 15:00:00,21093.958867,33.9,44,20.0,37.6,11.7,97,0.0,819.0,5,0
2025-07-12 16:00:00,21539.671042,29.1,64,21.5,33.2,7.3,95,2.2,632.0,5,0
2025-07-12 17:00:00,21458.523291,29.8,62,21.8,33.5,7.6,75,0.0,412.0,5,0
2025-07-12 18:00:00,20450.733941,30.8,59,21.9,34.0,11.1,86,0.0,479.0,5,0
2025-07-12 19:00:00,18959.806326,30.4,59,21.6,33.1,13.5,86,0.0,310.0,5,0
2025-07-12 20:00:00,17400.808833,24.5,88,22.4,28.1,10.9,100,5.4,33.0,5,0
2025-07-12 21:00:00,16943.086433,25.0,85,22.2,29.1,6.0,100,0.5,3.0,5,0
2025-07-12 22:00:00,16106.938339,24.9,89,22.9,29.5,5.2,100,0.2,0.0,5,0
2025-07-12 23:00:00,15135.477782,24.9,91,23.3,29.5,6.8,100,0.0,0.0,5,0
2025-07-13 00:00:00,14152.588896,24.9,91,23.3,29.1,10.1,100,0.0,0.0,6,0
2025-07-13 01:00:00,13330.398041,24.9,88,22.8,28.7,10.8,74,0.0,0.0,6,0
2025-07-13 02:00:00,12769.367713,24.8,89,22.8,28.5,10.7,94,0.0,0.0,6,0
2025-07-13 03:00:00,12432.160249,24.5,89,22.6,28.0,12.4,99,0.0,0.0,6,0
2025-07-13 04:00:00,12232.204427,22.9,92,21.4,25.8,11.2,100,3.3,0.0,6,0
2025-07-13 05:00:00,12152.311509,22.8,94,21.7,25.9,11.2,97,0.3,0.0,6,0
2025-07-13 06:00:00,12176.42228,23.0,94,21.9,26.3,10.2,100,0.0,0.0,6,0
2025-07-13 07:00:00,12375.985938,23.4,92,22.0,27.2,8.1,100,0.0,4.0,6,0
2025-07-13 08:00:00,12890.353911,22.9,94,21.9,25.6,14.0,100,1.1,14.0,6,0
2025-07-13 09:00:00,13516.017641,22.9,95,22.0,25.8,13.6,100,0.7,48.0,6,0
2025-07-13 10:00:00,14316.515341,23.3,94,22.3,27.7,4.5,100,0.7,76.0,6,0
2025-07-13 11:00:00,15397.726589,24.3,86,21.8,27.8,8.6,100,0.4,175.0,6,0
2025-07-13 12:00:00,16538.484014,25.8,78,21.6,29.3,7.9,100,0.2,337.0,6,0
2025-07-13 13:00:00,17585.669889,27.6,68,21.2,30.9,8.1,100,0.0,551.0,6,0
2025-07-13 14:00:00,18474.870645,27.4,70,21.5,30.8,8.5,96,0.0,244.0,6,0
2025-07-13 15:00:00,19301.914026,27.5,74,22.4,31.0,10.6,32,0.0,337.0,6,0
2025-07-13 16:00:00,20025.61972,29.0,67,22.2,33.3,10.6,48,0.0,696.0,6,0
2025-07-13 17:00:00,20228.849965,29.5,65,22.4,34.0,10.3,50,0.0,698.0,6,0
2025-07-13 18:00:00,19852.707818,29.7,63,22.0,33.1,10.3,100,0.0,528.0,6,0
2025-07-13 19:00:00,19052.172249,29.4,62,21.5,32.5,10.3,87,0.0,310.0,6,0
2025-07-13 20:00:00,18337.474346,27.1,78,23.0,31.3,9.2,78,0.0,128.0,6,0
2025-07-13 21:00:00,17869.738011,26.5,82,23.1,31.3,5.2,93,0.0,11.0,6,0
2025-07-13 22:00:00,16714.592611,26.0,85,23.2,30.4,8.4,91,0.0,0.0,6,0
2025-07-13 23:00:00,15434.087809,25.5,87,23.3,30.0,8.3,99,0.0,0.0,6,0
2025-07-14 00:00:00,14256.039805,25.2,89,23.4,29.8,8.2,100,0.0,0.0,0,0
2025-07-14 01:00:00,13370.575764,24.9,91,23.2,29.3,8.5,98,0.0,0.0,0,0
2025-07-14 02:00:00,12813.699733,24.6,91,23.0,29.1,7.0,100,0.0,0.0,0,0
2025-07-14 03:00:00,12488.768303,24.5,91,22.9,28.9,6.8,97,0.0,0.0,0,0
2025-07-14 04:00:00,12575.732215,24.2,91,22.6,28.2,8.7,100,0.0,0.0,0,0
2025-07-14 05:00:00,13098.924725,24.0,89,22.0,27.5,9.2,90,0.0,0.0,0,0
2025-07-14 06:00:00,13718.676593,23.5,86,21.0,26.5,10.3,46,0.0,0.0,0,0
2025-07-14 07:00:00,14024.956248,23.2,85,20.6,26.1,9.2,38,0.0,7.0,0,0
2025-07-14 08:00:00,14418.490974,22.5,96,21.9,26.3,7.3,100,3.2,15.0,0,0
2025-07-14 09:00:00,14844.163457,22.8,96,22.1,26.3,9.7,100,9.4,53.0,0,0
2025-07-14 10:00:00,15292.044929,22.6,95,21.9,25.9,10.7,100,1.9,35.0,0,0
2025-07-14 11:00:00,15875.391546,24.4,88,22.3,28.3,8.3,99,0.3,255.0,0,0
2025-07-14 12:00:00,16848.772048,26.0,80,22.4,29.7,9.7,88,0.3,446.0,0,0
2025-07-14 13:00:00,18044.085723,27.2,73,22.0,30.7,10.6,77,0.3,535.0,0,0
2025-07-14 14:00:00,19408.852781,29.3,63,21.6,33.7,10.8,98,0.3,777.0,0,0
2025-07-14 15:00:00,20755.409243,30.5,60,21.8,36.1,9.0,92,0.0,899.0,0,0
2025-07-14 16:00:00,21775.45962,31.1,56,21.4,36.0,7.3,95,0.0,772.0,0,0
2025-07-14 17:00:00,22242.417458,31.4,54,21.0,35.8,5.2,93,0.0,667.0,0,0
2025-07-14 18:00:00,22129.945341,31.7,52,20.7,35.5,2.8,97,0.0,513.0,0,0
2025-07-14 19:00:00,21335.070288,31.7,52,20.5,35.4,2.8,90,0.0,307.0,0,0
2025-07-14 20:00:00,20521.462097,29.4,71,23.6,33.9,9.0,79,0.0,121.0,0,0
2025-07-14 21:00:00,19694.390744,28.7,76,24.1,33.9,6.5,49,0.0,13.0,0,0
2025-07-14 22:00:00,18292.779568,28.2,79,24.1,33.3,7.3,7,0.0,0.0,0,0
2025-07-14 23:00:00,16855.218156,27.6,81,24.0,32.6,7.9,1,0.0,0.0,0,0
2025-07-15 00:00:00,15704.354081,27.4,80,23.6,31.6,11.2,39,0.0,0.0,1,0
2025-07-15 01:00:00,14891.3661,26.6,75,21.8,29.8,11.3,100,0.0,0.0,1,0
2025-07-15 02:00:00,14216.025423,26.1,76,21.5,29.1,10.8,100,0.0,0.0,1,0
2025-07-15 03:00:00,13763.521663,25.8,78,21.6,29.0,10.2,100,0.0,0.0,1,0
2025-07-15 04:00:00,13686.410961,25.5,80,21.8,29.1,8.8,99,0.0,0.0,1,0
2025-07-15 05:00:00,14105.407546,25.4,81,21.9,28.9,9.3,100,0.0,0.0,1,0
2025-07-15 06:00:00,14565.804905,25.1,83,22.0,28.7,8.9,100,0.0,0.0,1,0
2025-07-15 07:00:00,14980.045432,25.0,84,22.1,28.8,8.6,100,0.0,7.0,1,0
2025-07-15 08:00:00,15715.88091,25.8,82,22.5,30.3,5.2,92,0.2,84.0,1,0
2025-07-15 09:00:00,16852.477468,26.8,78,22.6,31.4,4.7,98,0.1,170.0,1,0
2025-07-15 10:00:00,18331.387724,28.5,73,23.2,32.7,9.9,91,0.0,398.0,1,0
2025-07-15 11:00:00,19766.988384,30.6,64,23.0,35.2,10.5,80,0.0,647.0,1,0
2025-07-15 12:00:00,21167.830022,32.3,57,22.6,37.2,11.1,80,0.0,769.0,1,0
2025-07-15 13:00:00,22412.987894,33.8,50,21.9,39.0,10.7,41,0.0,891.0,1,0
2025-07-15 14:00:00,22923.539332,34.7,45,21.0,39.3,12.0,74,0.0,894.0,1,0
2025-07-15 15:00:00,23629.082041,35.4,42,20.7,39.4,13.3,76,0.0,875.0,1,0
2025-07-15 16:00:00,24073.917071,35.3,42,20.4,38.2,14.2,24,0.0,714.0,1,0
2025-07-15 17:00:00,23821.659393,34.9,41,19.9,36.9,15.1,17,0.0,629.0,1,0
2025-07-15 18:00:00,23144.879163,34.5,43,20.0,35.9,16.4,48,0.0,496.0,1,0
2025-07-15 19:00:00,22031.761877,33.7,43,19.5,34.9,16.5,22,0.0,298.0,1,0
2025-07-15 20:00:00,20986.779435,29.5,67,22.9,34.3,4.3,97,1.2,78.0,1,0
2025-07-15 21:00:00,20043.521683,29.5,70,23.3,34.0,7.6,99,0.0,9.0,1,0
2025-07-15 22:00:00,18632.214565,28.9,72,23.3,33.5,6.9,100,0.0,0.0,1,0
2025-07-15 23:00:00,17207.30207,28.3,75,23.4,32.6,9.3,89,0.0,0.0,1,0
2025-07-16 00:00:00,15978.149658,27.9,74,22.8,31.9,9.4,5,0.0,0.0,2,0
2025-07-16 01:00:00,15047.268813,27.4,77,22.9,31.6,8.3,2,0.0,0.0,2,0
2025-07-16 02:00:00,14386.104213,27.0,80,23.1,31.3,8.7,2,0.0,0.0,2,0
2025-07-16 03:00:00,14156.678144,26.6,81,23.1,30.9,9.2,22,0.0,0.0,2,0
2025-07-16 04:00:00,14080.084543,26.4,81,22.8,30.3,9.7,1,0.0,0.0,2,0
2025-07-16 05:00:00,14410.477032,26.0,81,22.5,29.8,9.4,6,0.0,0.0,2,0
2025-07-16 06:00:00,14840.096548,25.5,82,22.2,29.1,10.1,6,0.0,0.0,2,0
2025-07-16 07:00:00,15199.042546,25.2,82,22.0,28.6,10.8,1,0.0,6.0,2,0
2025-07-16 08:00:00,15859.206428,25.8,85,23.0,29.3,12.8,61,0.0,75.0,2,0
2025-07-16 09:00:00,16981.120997,27.1,78,22.9,30.4,14.8,70,0.0,229.0,2,0
2025-07-16 10:00:00,18351.283049,29.0,70,23.0,32.4,14.8,100,0.0,401.0,2,0
2025-07-16 11:00:00,19662.945734,30.7,61,22.4,33.7,14.7,60,0.0,533.0,2,0
2025-07-16 12:00:00,20806.086431,31.8,58,22.5,35.5,12.9,26,0.0,634.0,2,0
2025-07-16 13:00:00,21929.949849,33.5,52,22.2,38.5,12.5,17,0.0,874.0,2,0
2025-07-16 14:00:00,22670.356607,34.4,48,22.0,39.2,13.2,15,0.0,884.0,2,0
2025-07-16 15:00:00,23095.190801,35.2,45,21.5,39.5,14.1,17,0.0,872.0,2,0
2025-07-16 16:00:00,23414.687988,35.3,44,21.4,39.1,14.8,14,0.0,797.0,2,0
2025-07-16 17:00:00,23537.325052,35.3,42,20.6,37.8,15.5,16,0.0,660.0,2,0
2025-07-16 18:00:00,23461.751281,35.0,42,20.1,36.6,15.4,42,0.0,483.0,2,0
2025-07-16 19:00:00,22751.207728,34.1,44,20.1,36.0,13.4,23,0.0,290.0,2,0
2025-07-16 20:00:00,21875.186576,32.5,53,21.5,35.2,12.9,41,0.0,116.0,2,0
2025-07-16 21:00:00,21188.184687,31.4,56,21.6,34.3,12.3,30,0.0,12.0,2,0
2025-07-16 22:00:00,19877.770736,30.7,58,21.5,33.8,10.5,14,0.0,0.0,2,0
2025-07-16 23:00:00,18398.762998,30.0,61,21.5,33.0,11.2,6,0.0,0.0,2,0
2025-07-17 00:00:00,16944.727578,29.5,61,21.2,32.3,12.1,3,0.0,0.0,3,0
2025-07-17 01:00:00,15843.444181,28.9,64,21.4,32.0,10.2,38,0.0,0.0,3,0
2025-07-17 02:00:00,14983.585956,28.1,67,21.5,31.5,8.8,90,0.0,0.0,3,0
2025-07-17 03:00:00,14454.523678,27.6,70,21.5,31.1,8.3,30,0.0,0.0,3,0
2025-07-17 04:00:00,14209.956903,27.0,72,21.5,30.4,8.7,18,0.0,0.0,3,0
2025-07-17 05:00:00,14334.442382,26.5,72,21.1,29.5,10.3,45,0.0,0.0,3,0
2025-07-17 06:00:00,14544.52228,26.0,74,20.9,28.9,9.1,17,0.0,0.0,3,0
2025-07-17 07:00:00,14933.133532,25.5,75,20.7,28.4,9.4,11,0.0,6.0,3,0
2025-07-17 08:00:00,15730.437708,25.3,81,21.8,29.1,6.6,91,0.0,116.0,3,0
2025-07-17 09:00:00,16848.052584,26.7,75,21.9,30.6,6.7,100,0.0,305.0,3,0
2025-07-17 10:00:00,18173.420467,28.3,69,22.1,32.2,7.7,96,0.0,504.0,3,0
2025-07-17 11:00:00,19557.059859,30.0,65,22.6,34.9,8.0,92,0.0,683.0,3,0
2025-07-17 12:00:00,20883.281512,31.9,58,22.8,37.8,7.4,99,0.0,825.0,3,0
2025-07-17 13:00:00,22120.729355,33.8,51,22.0,39.7,7.9,99,0.0,915.0,3,0
2025-07-17 14:00:00,23196.899437,35.0,43,20.5,39.9,8.5,95,0.0,894.0,3,0
2025-07-17 15:00:00,23728.040587,35.8,39,19.8,40.0,10.3,62,0.0,891.0,3,0
2025-07-17 16:00:00,24169.574959,36.0,37,19.0,38.9,11.0,18,0.0,766.0,3,0
2025-07-17 17:00:00,24152.528722,36.2,33,17.4,37.8,12.1,6,0.0,676.0,3,0
2025-07-17 18:00:00,23845.548603,36.1,28,14.7,35.7,13.3,47,0.0,522.0,3,0
2025-07-17 19:00:00,22913.438376,35.4,26,13.1,34.4,13.5,100,0.0,342.0,3,0
2025-07-17 20:00:00,21777.597718,32.8,40,17.5,34.0,9.8,44,0.0,145.0,3,0
2025-07-17 21:00:00,20778.952842,30.9,48,18.5,32.6,9.9,15,0.0,13.0,3,0
2025-07-17 22:00:00,19312.351878,29.9,53,19.1,31.8,9.9,36,0.0,0.0,3,0
2025-07-17 23:00:00,17755.233083,29.0,57,19.5,31.5,8.2,0,0.0,0.0,3,0
2025-07-18 00:00:00,16549.92334,28.2,61,20.0,31.2,6.6,4,0.0,0.0,4,0
2025-07-18 01:00:00,15510.318964,27.5,65,20.4,30.7,5.9,33,0.0,0.0,4,0
2025-07-18 02:00:00,14765.011207,26.9,68,20.5,30.0,7.4,39,0.0,0.0,4,0
2025-07-18 03:00:00,14185.434556,26.6,69,20.5,29.4,9.2,96,0.0,0.0,4,0
2025-07-18 04:00:00,13975.614593,26.1,72,20.8,29.2,8.2,99,0.0,0.0,4,0
2025-07-18 05:00:00,14111.539928,25.7,76,21.1,29.0,8.1,97,0.0,0.0,4,0
2025-07-18 06:00:00,14393.73803,25.4,80,21.5,29.0,7.2,88,0.0,0.0,4,0
2025-07-18 07:00:00,14836.360542,25.2,82,21.9,29.0,7.6,87,0.0,6.0,4,0
2025-07-18 08:00:00,15936.262049,25.2,85,22.5,29.5,6.5,25,0.0,116.0,4,0
2025-07-18 09:00:00,17364.419491,27.0,77,22.7,31.5,5.5,0,0.0,310.0,4,0
2025-07-18 10:00:00,18925.964134,29.0,70,22.9,33.8,4.5,1,0.0,511.0,4,0
2025-07-18 11:00:00,20560.721781,31.1,61,22.8,36.5,6.0,68,0.0,692.0,4,0
2025-07-18 12:00:00,22051.37947,33.0,52,21.9,38.7,6.7,57,0.0,835.0,4,0
2025-07-18 13:00:00,23283.809341,34.8,42,20.0,39.9,8.0,20,0.0,931.0,4,0
2025-07-18 14:00:00,24166.271243,35.8,37,18.6,39.6,9.1,23,0.0,884.0,4,0
2025-07-18 15:00:00,24584.139411,36.5,33,17.8,40.1,9.0,5,0.0,895.0,4,0
2025-07-18 16:00:00,24591.756347,37.2,30,17.0,39.8,10.1,3,0.0,830.0,4,0
2025-07-18 17:00:00,24616.168898,37.2,29,16.5,38.5,12.8,5,0.0,701.0,4,0
2025-07-18 18:00:00,24243.37594,36.8,28,15.4,36.6,13.5,38,0.0,530.0,4,0
2025-07-18 19:00:00,23270.055831,36.0,28,14.5,35.7,12.4,72,0.0,329.0,4,0
2025-07-18 20:00:00,22075.566829,33.5,37,16.6,33.9,12.4,0,0.0,142.0,4,0
2025-07-18 21:00:00,21047.630389,31.4,45,18.2,32.5,12.8,0,0.0,13.0,4,0
2025-07-18 22:00:00,19672.332254,30.0,53,19.4,32.0,10.9,0,0.0,0.0,4,0
2025-07-18 23:00:00,18243.723125,28.8,62,20.8,31.6,10.3,2,0.0,0.0,4,0
2025-07-19 00:00:00,16899.466872,27.9,69,21.7,31.1,10.3,41,0.0,0.0,5,0
2025-07-19 01:00:00,15893.697279,27.1,74,22.2,30.5,11.7,45,0.0,0.0,5,0
2025-07-19 02:00:00,15155.139176,26.8,77,22.5,30.4,11.1,11,0.0,0.0,5,0
2025-07-19 03:00:00,14648.986868,26.5,80,22.8,30.3,10.4,47,0.0,0.0,5,0
2025-07-19 04:00:00,14387.204894,26.4,82,23.0,30.3,10.5,100,0.0,0.0,5,0
2025-07-19 05:00:00,14332.419404,26.1,83,23.0,30.1,10.5,100,0.0,0.0,5,0
2025-07-19 06:00:00,14260.998767,25.9,84,23.0,29.9,9.9,99,0.0,0.0,5,0
2025-07-19 07:00:00,14427.044754,25.8,84,22.8,29.7,9.9,17,0.0,6.0,5,0
2025-07-19 08:00:00,15477.782866,26.4,82,23.0,30.6,8.4,23,0.0,102.0,5,0
2025-07-19 09:00:00,16971.290934,27.4,77,23.0,31.5,9.4,68,0.0,214.0,5,0
2025-07-19 10:00:00,18491.484007,29.0,70,23.0,32.8,11.6,77,0.0,421.0,5,0
2025-07-19 11:00:00,19919.068526,31.1,59,22.3,35.3,11.2,97,0.0,673.0,5,0
2025-07-19 12:00:00,21191.689177,33.0,50,21.2,37.3,11.7,94,0.0,816.0,5,0
2025-07-19 13:00:00,22140.610979,34.6,42,19.7,38.3,13.4,93,0.0,904.0,5,0
2025-07-19 14:00:00,23027.131625,35.8,36,18.4,38.8,13.8,56,0.0,923.0,5,0
2025-07-19 15:00:00,23661.063309,36.2,34,17.7,38.4,14.2,12,0.0,836.0,5,0
2025-07-19 16:00:00,23979.700362,36.5,34,17.9,38.3,15.8,8,0.0,802.0,5,0
2025-07-19 17:00:00,23923.585932,36.1,35,18.1,37.3,16.1,20,0.0,669.0,5,0
2025-07-19 18:00:00,23446.691319,35.2,36,17.9,35.6,17.1,16,0.0,471.0,5,0
2025-07-19 19:00:00,22605.75124,34.3,35,16.7,34.1,17.8,8,0.0,319.0,5,0
2025-07-19 20:00:00,21424.474458,32.0,52,20.9,33.9,16.9,6,0.0,128.0,5,0
2025-07-19 21:00:00,20686.68679,30.8,58,21.5,33.5,13.7,16,0.0,12.0,5,0
2025-07-19 22:00:00,19486.417586,30.1,59,21.2,32.7,13.1,85,0.0,0.0,5,0
2025-07-19 23:00:00,18233.747176,29.7,59,21.0,32.3,12.1,100,0.0,0.0,5,0
2025-07-20 00:00:00,17113.742939,29.5,59,20.6,31.7,13.3,100,0.0,0.0,6,0
2025-07-20 01:00:00,16269.968716,28.9,62,20.9,31.4,12.2,99,0.0,0.0,6,0
2025-07-20 02:00:00,15636.398738,28.4,65,21.2,30.9,13.3,85,0.0,0.0,6,0
2025-07-20 03:00:00,15147.676632,27.8,68,21.4,30.5,12.6,71,0.0,0.0,6,0
2025-07-20 04:00:00,14813.948608,27.5,70,21.5,30.1,13.4,19,0.0,0.0,6,0
2025-07-20 05:00:00,14600.952087,27.2,72,21.6,30.0,13.2,0,0.0,0.0,6,0
2025-07-20 06:00:00,14430.886621,26.9,72,21.5,29.7,12.9,3,0.0,0.0,6,0
2025-07-20 07:00:00,14608.180023,26.8,71,21.1,29.2,13.5,0,0.0,5.0,6,0
2025-07-20 08:00:00,15765.343063,27.2,73,21.9,30.3,11.8,0,0.0,108.0,6,0
2025-07-20 09:00:00,17235.627149,28.5,68,22.1,31.5,13.2,1,0.0,294.0,6,0
2025-07-20 10:00:00,18563.056788,30.0,64,22.5,33.1,14.7,4,0.0,489.0,6,0
2025-07-20 11:00:00,19968.534564,31.7,57,22.2,35.1,15.4,7,0.0,662.0,6,0
2025-07-20 12:00:00,21220.571,33.4,51,21.8,37.0,17.0,65,0.0,803.0,6,0
2025-07-20 13:00:00,22226.599419,34.3,48,21.9,38.1,19.4,25,0.0,904.0,6,0
2025-07-20 14:00:00,22970.244567,34.8,46,21.4,38.3,19.0,19,0.0,899.0,6,0
2025-07-20 15:00:00,23537.192329,35.3,44,21.1,38.6,17.6,17,0.0,830.0,6,0
2025-07-20 16:00:00,23876.090704,35.9,40,20.1,38.3,17.8,10,0.0,774.0,6,0
2025-07-20 17:00:00,24063.393541,35.7,39,19.8,37.3,18.4,7,0.0,668.0,6,0
2025-07-20 18:00:00,23921.23236,35.3,39,19.3,36.1,18.8,8,0.0,502.0,6,0
2025-07-20 19:00:00,23180.825391,34.8,38,18.4,35.0,19.8,7,0.0,319.0,6,0
2025-07-20 20:00:00,22115.517846,32.8,50,21.0,34.7,17.1,31,0.0,117.0,6,0
2025-07-20 21:00:00,21266.266069,31.9,53,21.0,33.8,16.6,28,0.0,10.0,6,0
2025-07-20 22:00:00,20051.11952,31.0,56,21.4,33.5,14.7,45,0.0,0.0,6,0
2025-07-20 23:00:00,18671.842661,30.4,59,21.4,32.6,15.8,26,0.0,0.0,6,0
2025-07-21 00:00:00,17368.581038,29.7,62,21.6,32.0,16.7,5,0.0,0.0,0,0
2025-07-21 01:00:00,16280.854199,29.0,65,21.8,31.4,17.1,6,0.0,0.0,0,0
2025-07-21 02:00:00,15527.383405,28.4,68,21.9,30.9,15.5,0,0.0,0.0,0,0
2025-07-21 03:00:00,15072.704307,27.8,71,22.1,30.7,14.4,0,0.0,0.0,0,0
2025-07-21 04:00:00,15025.344357,27.3,74,22.2,30.3,13.9,0,0.0,0.0,0,0
2025-07-21 05:00:00,15266.461353,26.9,76,22.2,29.7,14.6,0,0.0,0.0,0,0
2025-07-21 06:00:00,15686.917015,26.5,77,22.0,29.4,13.9,0,0.0,0.0,0,0
2025-07-21 07:00:00,16029.863356,26.2,78,22.0,29.2,13.4,0,0.0,5.0,0,0
2025-07-21 08:00:00,16888.730174,26.3,79,22.4,29.4,13.8,2,0.0,107.0,0,0
2025-07-21 09:00:00,18159.652532,27.9,71,22.2,30.0,20.4,6,0.0,293.0,0,0
2025-07-21 10:00:00,19468.874514,29.6,63,21.9,31.8,18.8,9,0.0,472.0,0,0
2025-07-21 11:00:00,20834.682674,31.5,57,21.8,34.2,17.8,3,0.0,665.0,0,0
2025-07-21 12:00:00,22070.777255,33.2,51,21.8,37.0,16.2,2,0.0,816.0,0,0
2025-07-21 13:00:00,23099.755021,34.8,46,21.5,39.1,15.5,0,0.0,913.0,0,0
2025-07-21 14:00:00,23971.435701,36.2,41,21.0,40.3,15.7,3,0.0,951.0,0,0
2025-07-21 15:00:00,24257.794291,36.8,38,20.0,40.3,16.0,7,0.0,912.0,0,0
2025-07-21 16:00:00,24640.398377,37.2,35,19.1,39.7,16.1,3,0.0,817.0,0,0
2025-07-21 17:00:00,24738.956271,37.2,34,18.5,38.6,17.1,0,0.0,691.0,0,0
2025-07-21 18:00:00,24756.761614,36.8,34,18.5,37.2,18.2,1,0.0,531.0,0,0
2025-07-21 19:00:00,23981.141579,35.8,36,18.5,36.2,18.2,1,0.0,333.0,0,0
2025-07-21 20:00:00,23064.726514,34.0,44,20.0,35.3,17.5,2,0.0,137.0,0,0
2025-07-21 21:00:00,22205.199,32.9,48,20.5,34.6,16.0,3,0.0,11.0,0,0
2025-07-21 22:00:00,20684.746234,32.0,52,20.9,33.8,16.6,0,0.0,0.0,0,0
2025-07-21 23:00:00,19125.970772,31.0,56,21.1,33.1,16.6,0,0.0,0.0,0,0
2025-07-22 00:00:00,17830.283415,30.5,58,21.4,33.0,13.7,68,0.0,0.0,1,0
2025-07-22 01:00:00,16785.245911,29.8,61,21.5,32.7,12.4,92,0.0,0.0,1,0
2025-07-22 02:00:00,15923.931193,29.4,62,21.5,32.2,12.5,100,0.0,0.0,1,0
2025-07-22 03:00:00,15388.663234,28.8,64,21.3,31.2,14.3,89,0.0,0.0,1,0
2025-07-22 04:00:00,15128.722423,28.2,66,21.1,30.7,13.6,3,0.0,0.0,1,0
2025-07-22 05:00:00,15299.507407,27.4,69,21.2,30.1,12.3,1,0.0,0.0,1,0
2025-07-22 06:00:00,15575.069199,26.6,73,21.4,29.5,11.4,0,0.0,0.0,1,0
2025-07-22 07:00:00,15866.190071,25.9,76,21.5,28.9,11.1,0,0.0,5.0,1,0
2025-07-22 08:00:00,16839.305251,25.9,76,21.4,29.0,9.9,9,0.0,109.0,1,0
2025-07-22 09:00:00,17974.971818,27.2,72,21.9,30.5,11.0,0,0.0,305.0,1,0
2025-07-22 10:00:00,19217.531076,29.2,65,22.0,32.4,11.4,6,0.0,510.0,1,0
2025-07-22 11:00:00,20549.560722,31.4,55,21.2,34.8,12.5,39,0.0,691.0,1,0
2025-07-22 12:00:00,21903.405245,33.5,43,19.4,36.4,14.6,71,0.0,838.0,1,0
2025-07-22 13:00:00,23149.26384,35.5,33,16.8,37.9,13.9,87,0.0,930.0,1,0
2025-07-22 14:00:00,23837.014349,36.3,33,17.2,39.0,14.4,98,0.0,972.0,1,0
2025-07-22 15:00:00,24181.942965,37.0,32,17.3,39.4,14.7,34,0.0,920.0,1,0
2025-07-22 16:00:00,24396.271298,37.5,26,14.6,38.1,16.2,65,0.0,839.0,1,0
2025-07-22 17:00:00,24400.843329,36.3,32,16.8,36.4,16.0,94,0.0,541.0,1,0
2025-07-22 18:00:00,24232.444455,35.8,35,17.7,36.2,15.6,97,0.0,405.0,1,0
2025-07-22 19:00:00,23772.33779,35.2,38,18.5,36.1,15.3,40,0.0,324.0,1,0
2025-07-22 20:00:00,22951.409548,33.2,48,20.8,35.2,15.7,89,0.0,122.0,1,0
2025-07-22 21:00:00,22068.963065,32.5,50,20.9,34.8,14.4,73,0.0,10.0,1,0
2025-07-22 22:00:00,20500.094443,31.9,54,21.4,34.6,12.7,55,0.0,0.0,1,0
2025-07-22 23:00:00,18920.388019,31.1,56,21.2,33.8,12.2,69,0.0,0.0,1,0
2025-07-23 00:00:00,17792.309784,30.6,56,20.8,33.2,11.6,95,0.0,0.0,2,0
2025-07-23 01:00:00,16741.818954,30.1,56,20.5,32.7,11.0,100,0.0,0.0,2,0
2025-07-23 02:00:00,16130.435232,29.8,57,20.5,32.2,11.4,100,0.0,0.0,2,0
2025-07-23 03:00:00,15527.094689,29.3,59,20.4,31.5,12.6,100,0.0,0.0,2,0
2025-07-23 04:00:00,15273.840381,28.7,61,20.5,31.0,12.3,100,0.0,0.0,2,0
2025-07-23 05:00:00,15431.193657,27.9,66,20.8,30.4,11.5,4,0.0,0.0,2,0
2025-07-23 06:00:00,15660.988269,27.2,70,21.3,30.0,12.1,0,0.0,0.0,2,0
2025-07-23 07:00:00,15999.593655,26.7,74,21.7,29.7,12.3,18,0.0,4.0,2,0
2025-07-23 08:00:00,16929.18574,26.5,77,22.2,30.2,9.0,1,0.0,103.0,2,0
2025-07-23 09:00:00,18225.623906,28.0,72,22.4,31.6,9.9,4,0.0,293.0,2,0
2025-07-23 10:00:00,19722.117316,29.8,64,22.2,33.3,10.6,3,0.0,488.0,2,0
2025-07-23 11:00:00,21106.946476,31.8,56,22.0,35.7,12.1,0,0.0,675.0,2,0
2025-07-23 12:00:00,22381.765399,33.7,48,21.3,37.8,13.2,1,0.0,821.0,2,0
2025-07-23 13:00:00,23393.0959,35.4,40,19.9,39.1,14.1,7,0.0,917.0,2,0
2025-07-23 14:00:00,23930.318521,36.8,34,18.1,39.7,14.6,0,0.0,958.0,2,0
2025-07-23 15:00:00,24360.290509,37.4,30,17.0,39.5,16.5,0,0.0,944.0,2,0
2025-07-23 16:00:00,24607.876598,37.5,29,16.4,38.8,17.2,0,0.0,859.0,2,0
2025-07-23 17:00:00,24814.330555,37.4,28,15.9,37.6,17.9,0,0.0,719.0,2,0
2025-07-23 18:00:00,24615.074123,36.9,29,16.1,36.4,18.0,0,0.0,537.0,2,0
2025-07-23 19:00:00,24307.798552,36.0,33,17.0,35.9,17.7,0,0.0,335.0,2,0
2025-07-23 20:00:00,23480.123789,34.2,43,19.8,35.5,16.4,3,0.0,131.0,2,0
2025-07-23 21:00:00,22572.889975,33.1,46,20.0,35.0,13.7,1,0.0,10.0,2,0
2025-07-23 22:00:00,21157.395724,32.4,48,20.0,34.6,11.4,0,0.0,0.0,2,0
2025-07-23 23:00:00,19653.435238,31.5,52,20.4,33.8,12.0,1,0.0,0.0,2,0
2025-07-24 00:00:00,18089.0817,30.8,53,20.0,32.8,12.4,1,0.0,0.0,3,0
2025-07-24 01:00:00,16944.083678,30.4,54,20.0,32.3,13.0,1,0.0,0.0,3,0
2025-07-24 02:00:00,16051.31423,29.6,58,20.5,31.9,12.1,0,0.0,0.0,3,0
2025-07-24 03:00:00,15531.868636,29.1,61,20.8,31.6,11.9,0,0.0,0.0,3,0
2025-07-24 04:00:00,15355.312455,28.9,62,21.0,31.5,11.4,0,0.0,0.0,3,0
2025-07-24 05:00:00,15542.671855,28.4,64,21.0,31.2,10.8,0,0.0,0.0,3,0
2025-07-24 06:00:00,15811.178641,27.9,67,21.2,31.0,9.7,0,0.0,0.0,3,0
2025-07-24 07:00:00,16167.884428,27.4,70,21.4,30.6,9.4,0,0.0,4.0,3,0
2025-07-24 08:00:00,17199.72345,27.3,74,22.1,31.1,8.1,0,0.0,105.0,3,0
2025-07-24 09:00:00,18475.964562,28.9,67,22.0,32.6,8.1,0,0.0,295.0,3,0
2025-07-24 10:00:00,19957.449416,30.9,56,21.2,34.1,8.7,0,0.0,498.0,3,0
2025-07-24 11:00:00,21319.101093,33.0,47,20.2,36.2,10.8,0,0.0,683.0,3,0
2025-07-24 12:00:00,22638.470462,35.2,38,18.5,38.2,11.5,0,0.0,831.0,3,0
2025-07-24 13:00:00,23771.584851,36.9,31,17.1,40.0,10.8,0,0.0,926.0,3,0
2025-07-24 14:00:00,24374.070599,38.0,28,16.4,41.1,10.6,0,0.0,964.0,3,0
2025-07-24 15:00:00,24559.971513,38.7,27,16.2,41.3,11.6,0,0.0,938.0,3,0
2025-07-24 16:00:00,24784.835161,38.6,27,16.5,40.6,12.5,1,0.0,836.0,3,0
2025-07-24 17:00:00,24862.297726,38.3,28,16.6,39.5,13.1,1,0.0,705.0,3,0
2025-07-24 18:00:00,24783.846599,37.7,28,16.2,37.9,13.0,2,0.0,524.0,3,0
2025-07-24 19:00:00,24547.343913,36.8,29,15.9,36.7,13.6,3,0.0,323.0,3,0
2025-07-24 20:00:00,23536.911269,34.7,38,18.0,35.5,13.9,2,0.0,134.0,3,0
2025-07-24 21:00:00,22495.470156,33.7,41,18.6,35.1,12.3,2,0.0,10.0,3,0
2025-07-24 22:00:00,20889.26109,32.8,44,18.9,34.6,10.1,2,0.0,0.0,3,0
2025-07-24 23:00:00,19181.677302,31.9,45,18.6,33.8,8.3,2,0.0,0.0,3,0
2025-07-25 00:00:00,17581.272895,31.1,47,18.4,32.9,8.5,2,0.0,0.0,4,0
2025-07-25 01:00:00,16249.374902,30.3,49,18.5,32.3,8.0,19,0.0,0.0,4,0
2025-07-25 02:00:00,15173.807688,29.6,52,18.7,31.8,6.9,90,0.0,0.0,4,0
2025-07-25 03:00:00,14432.80425,29.0,55,18.9,31.4,5.6,90,0.0,0.0,4,0
2025-07-25 04:00:00,14220.573821,28.3,57,19.0,30.7,6.2,100,0.0,0.0,4,0
2025-07-25 05:00:00,14332.920797,27.6,59,19.0,30.2,5.6,64,0.0,0.0,4,0
2025-07-25 06:00:00,14453.613305,27.0,62,19.0,29.8,4.0,10,0.0,0.0,4,0
2025-07-25 07:00:00,14935.079491,26.8,63,19.1,29.4,5.6,9,0.0,4.0,4,0
2025-07-25 08:00:00,16010.563562,26.9,64,19.6,29.8,5.2,92,0.0,102.0,4,0
2025-07-25 09:00:00,17476.508815,28.9,59,20.0,31.7,6.7,47,0.0,287.0,4,0
2025-07-25 10:00:00,19301.815134,31.1,53,20.4,34.1,7.6,5,0.0,444.0,4,0
2025-07-25 11:00:00,21020.890192,33.7,44,19.9,36.8,9.8,28,0.0,682.0,4,0
2025-07-25 12:00:00,22487.75839,35.7,35,18.0,38.7,10.2,60,0.0,826.0,4,0
2025-07-25 13:00:00,23818.192844,37.0,30,16.8,40.0,10.2,62,0.0,918.0,4,0
2025-07-25 14:00:00,24814.829079,37.8,28,16.0,40.7,10.6,10,0.0,952.0,4,0
2025-07-25 15:00:00,25343.778509,38.2,27,15.8,40.7,11.0,36,0.0,911.0,4,0
2025-07-25 16:00:00,25553.700892,38.3,26,15.4,40.2,10.7,42,0.0,825.0,4,0
2025-07-25 17:00:00,25627.668829,38.5,24,14.1,39.3,8.9,9,0.0,687.0,4,0
2025-07-25 18:00:00,25004.786532,38.1,23,13.1,37.8,8.8,33,0.0,520.0,4,0
2025-07-25 19:00:00,24026.73794,37.5,22,12.4,36.9,9.1,100,0.0,329.0,4,0
2025-07-25 20:00:00,22840.359597,34.6,38,18.4,35.7,13.4,71,0.0,123.0,4,0
2025-07-25 21:00:00,21897.543919,33.3,44,19.5,35.2,12.3,99,0.0,9.0,4,0
2025-07-25 22:00:00,20558.917231,32.7,48,20.3,35.1,11.1,52,0.0,0.0,4,0
2025-07-25 23:00:00,19245.169215,32.0,51,20.8,35.0,8.3,100,0.0,0.0,4,0
2025-07-26 00:00:00,17832.648733,31.5,55,21.2,34.8,7.9,100,0.0,0.0,5,0
2025-07-26 01:00:00,16756.128384,30.7,59,21.9,34.2,9.0,99,0.0,0.0,5,0
2025-07-26 02:00:00,15971.448687,29.7,66,22.8,33.9,8.1,100,0.0,0.0,5,0
2025-07-26 03:00:00,15333.188034,29.0,72,23.4,33.5,8.4,99,0.0,0.0,5,0
2025-07-26 04:00:00,14985.627524,28.5,75,23.6,33.1,7.9,100,0.0,0.0,5,0
2025-07-26 05:00:00,14929.964,28.1,76,23.5,32.7,8.3,100,0.0,0.0,5,0
2025-07-26 06:00:00,14817.651415,27.8,77,23.4,32.4,7.4,99,0.0,0.0,5,0
2025-07-26 07:00:00,14941.698224,27.5,78,23.2,31.9,7.8,100,0.0,3.0,5,0
2025-07-26 08:00:00,16020.424331,27.7,74,22.6,32.4,4.0,26,0.0,85.0,5,0
2025-07-26 09:00:00,17572.442567,29.3,67,22.5,33.6,6.3,6,0.0,278.0,5,0
2025-07-26 10:00:00,19196.188646,31.1,60,22.3,34.9,8.5,17,0.0,471.0,5,0
2025-07-26 11:00:00,20679.485149,32.2,56,22.2,36.4,9.7,77,0.1,633.0,5,0
2025-07-26 12:00:00,21882.004926,33.3,52,22.0,37.9,9.9,99,0.1,724.0,5,0
2025-07-26 13:00:00,22781.673441,33.9,49,21.7,38.1,11.0,98,0.1,741.0,5,0
2025-07-26 14:00:00,23597.709071,34.3,47,21.5,38.7,11.1,99,0.0,788.0,5,0
2025-07-26 15:00:00,24182.324209,35.0,46,21.8,39.4,11.8,99,0.0,795.0,5,0
2025-07-26 16:00:00,24592.152254,33.8,49,21.6,37.3,14.6,100,0.0,711.0,5,0
2025-07-26 17:00:00,24404.866029,29.9,68,23.2,34.6,6.2,100,3.7,248.0,5,0
2025-07-26 18:00:00,23674.762635,30.4,66,23.4,34.8,8.8,100,0.0,163.0,5,0
2025-07-26 19:00:00,22743.996256,30.4,65,23.0,34.5,9.2,100,0.0,179.0,5,0
2025-07-26 20:00:00,21809.377296,29.5,71,23.6,34.5,6.3,100,0.4,60.0,5,0
2025-07-26 21:00:00,21117.023801,29.7,70,23.6,34.6,7.0,100,0.0,7.0,5,0
2025-07-26 22:00:00,19987.280208,30.2,65,23.0,34.4,9.0,98,0.0,0.0,5,0
2025-07-26 23:00:00,18699.801593,30.1,61,21.8,32.7,15.1,95,0.0,0.0,5,0
2025-07-27 00:00:00,17507.592407,29.4,63,21.6,31.7,15.8,98,0.0,0.0,6,0
2025-07-27 01:00:00,16497.996185,28.6,66,21.6,31.0,15.6,10,0.0,0.0,6,0
2025-07-27 02:00:00,15709.422433,28.1,69,22.0,30.8,15.0,94,0.0,0.0,6,0
2025-07-27 03:00:00,15155.08741,27.6,71,21.9,30.3,15.4,95,0.0,0.0,6,0
2025-07-27 04:00:00,14735.227538,27.3,73,22.0,30.0,14.9,100,0.0,0.0,6,0
2025-07-27 05:00:00,14405.647797,27.0,75,22.0,30.0,13.2,100,0.0,0.0,6,0
2025-07-27 06:00:00,14269.523726,26.6,76,22.0,29.8,12.3,100,0.0,0.0,6,0
2025-07-27 07:00:00,14370.230567,26.5,76,21.9,29.5,12.3,100,0.0,3.0,6,0
2025-07-27 08:00:00,15155.027701,26.5,79,22.5,29.8,13.0,100,0.0,85.0,6,0
2025-07-27 09:00:00,16187.59251,28.0,70,22.0,30.4,17.1,100,0.0,249.0,6,0
2025-07-27 10:00:00,17387.249125,29.9,61,21.6,32.5,13.7,32,0.0,430.0,6,0
2025-07-27 11:00:00,18737.156818,31.4,56,21.5,34.6,11.5,87,0.0,607.0,6,0
2025-07-27 12:00:00,20152.661796,32.7,49,20.6,35.5,13.4,85,0.0,658.0,6,0
2025-07-27 13:00:00,21381.840505,34.5,41,19.4,37.7,13.1,59,0.0,844.0,6,0
2025-07-27 14:00:00,22505.210785,35.7,35,18.0,38.3,12.0,36,0.0,811.0,6,0
2025-07-27 15:00:00,23332.615773,36.3,34,17.8,38.5,13.6,30,0.0,800.0,6,0
2025-07-27 16:00:00,23983.695213,35.7,37,18.8,38.2,11.9,63,0.0,720.0,6,0
2025-07-27 17:00:00,24273.202631,35.8,37,18.9,37.4,11.5,47,0.0,491.0,6,0
2025-07-27 18:00:00,23996.139518,35.9,36,18.7,37.3,12.4,56,0.0,446.0,6,0
2025-07-27 19:00:00,23249.550426,35.2,37,18.2,36.3,12.9,58,0.0,264.0,6,0
2025-07-27 20:00:00,22161.067053,34.0,38,17.7,35.3,9.9,42,0.0,80.0,6,0
2025-07-27 21:00:00,21369.967507,32.5,44,18.8,34.2,10.4,68,0.0,8.0,6,0
2025-07-27 22:00:00,20051.944499,31.0,53,20.5,33.3,12.3,15,0.0,0.0,6,0
2025-07-27 23:00:00,18701.457364,30.2,58,21.0,32.9,11.6,1,0.0,0.0,6,0
2025-07-28 00:00:00,17410.356207,29.4,65,22.1,32.6,12.1,5,0.0,0.0,0,0
2025-07-28 01:00:00,16308.765888,28.7,69,22.4,32.2,11.3,13,0.0,0.0,0,0
2025-07-28 02:00:00,15559.968671,28.2,71,22.4,31.8,10.5,99,0.0,0.0,0,0
2025-07-28 03:00:00,15031.259672,27.8,73,22.5,31.5,10.3,100,0.0,0.0,0,0
2025-07-28 04:00:00,14943.610365,27.4,75,22.6,31.2,10.2,96,0.0,0.0,0,0
2025-07-28 05:00:00,15193.406474,27.0,77,22.6,30.7,10.2,5,0.0,0.0,0,0
2025-07-28 06:00:00,15603.508211,26.6,78,22.5,30.3,10.2,0,0.0,0.0,0,0
2025-07-28 07:00:00,15972.346869,26.4,78,22.4,30.1,9.9,0,0.0,3.0,0,0
2025-07-28 08:00:00,17095.724414,26.5,80,22.9,30.8,7.5,34,0.0,95.0,0,0
2025-07-28 09:00:00,18569.265263,28.1,73,22.8,32.3,8.1,0,0.0,280.0,0,0
2025-07-28 10:00:00,20058.355528,30.0,65,22.6,34.1,8.3,0,0.0,480.0,0,0
2025-07-28 11:00:00,21467.571616,32.0,55,21.8,36.1,8.7,0,0.0,663.0,0,0
2025-07-28 12:00:00,22914.022156,33.7,47,20.8,38.2,8.5,0,0.0,809.0,0,0
2025-07-28 13:00:00,24174.729671,35.0,42,20.0,39.8,8.1,1,0.0,905.0,0,0
2025-07-28 14:00:00,25198.720659,36.1,38,19.4,40.8,8.1,7,0.0,944.0,0,0
2025-07-28 15:00:00,25561.20531,36.9,34,18.6,40.9,8.5,9,0.0,887.0,0,0
2025-07-28 16:00:00,25496.671166,37.3,32,18.0,40.4,8.6,8,0.0,801.0,0,0
2025-07-28 17:00:00,25627.07085,37.3,32,17.6,39.5,8.3,7,0.0,661.0,0,0
2025-07-28 18:00:00,25596.708957,37.1,32,17.5,38.6,8.0,9,0.0,505.0,0,0
2025-07-28 19:00:00,24855.789898,36.4,33,17.5,37.6,10.0,7,0.0,313.0,0,0
2025-07-28 20:00:00,23591.487983,34.4,41,19.4,36.4,10.3,8,0.0,111.0,0,0
2025-07-28 21:00:00,22434.859198,33.5,44,19.5,35.5,11.0,0,0.0,7.0,0,0
2025-07-28 22:00:00,20782.928818,32.4,48,20.1,34.6,11.8,0,0.0,0.0,0,0
2025-07-28 23:00:00,19098.77619,31.6,51,20.1,34.5,7.4,0,0.0,0.0,0,0
2025-07-29 00:00:00,17688.806957,30.9,53,20.4,34.1,5.8,0,0.0,0.0,1,0
2025-07-29 01:00:00,16569.395601,30.0,57,20.5,33.0,7.2,0,0.0,0.0,1,0
2025-07-29 02:00:00,15695.588815,29.2,58,20.2,32.1,7.6,0,0.0,0.0,1,0
2025-07-29 03:00:00,15208.523897,28.6,58,19.5,31.3,6.6,0,0.0,0.0,1,0
2025-07-29 04:00:00,15016.765217,28.2,58,19.2,30.7,6.9,0,0.0,0.0,1,0
2025-07-29 05:00:00,15269.852776,27.9,60,19.5,30.5,6.6,0,0.0,0.0,1,0
2025-07-29 06:00:00,15622.546456,27.5,64,20.0,30.3,6.6,0,0.0,0.0,1,0
2025-07-29 07:00:00,16043.991896,27.1,66,20.3,30.0,7.4,0,0.0,3.0,1,0
2025-07-29 08:00:00,17114.500293,27.0,73,21.7,30.9,5.8,0,0.0,96.0,1,0
2025-07-29 09:00:00,18580.335901,28.8,65,21.6,32.8,4.7,0,0.0,286.0,1,0
2025-07-29 10:00:00,20314.751694,30.8,58,21.5,34.8,4.3,0,0.0,489.0,1,0
2025-07-29 11:00:00,22016.080828,33.0,49,21.0,37.5,4.4,0,0.0,673.0,1,0
2025-07-29 12:00:00,23566.971542,35.0,40,19.4,39.7,4.0,0,0.0,820.0,1,0
2025-07-29 13:00:00,24872.209378,36.2,35,18.5,41.2,3.3,0,0.0,916.0,1,0
2025-07-29 14:00:00,25824.54801,37.1,33,18.0,41.8,4.8,0,0.0,954.0,1,0
2025-07-29 15:00:00,26009.288197,37.8,30,17.5,41.7,7.6,2,0.0,929.0,1,0
2025-07-29 16:00:00,25939.570954,38.0,29,17.1,40.9,9.0,9,0.0,824.0,1,0
2025-07-29 17:00:00,25958.553814,37.9,28,16.5,39.6,9.2,8,0.0,680.0,1,0
2025-07-29 18:00:00,25605.309017,37.7,27,15.7,38.4,8.4,6,0.0,499.0,1,0
2025-07-29 19:00:00,24863.430699,37.4,26,14.9,37.8,8.2,6,0.0,293.0,1,0
2025-07-29 20:00:00,23672.547851,35.3,37,18.2,36.6,12.1,22,0.0,111.0,1,0
2025-07-29 21:00:00,22878.370688,34.2,40,18.7,36.2,8.9,7,0.0,7.0,1,0
2025-07-29 22:00:00,21441.29876,33.5,42,18.8,35.4,9.6,1,0.0,0.0,1,0
2025-07-29 23:00:00,19618.268028,32.7,43,18.6,34.5,9.4,1,0.0,0.0,1,0
2025-07-30 00:00:00,18057.506121,31.7,47,18.9,34.0,6.5,1,0.0,0.0,2,0
2025-07-30 01:00:00,16776.018642,30.6,52,19.5,33.7,3.8,0,0.0,0.0,2,0
2025-07-30 02:00:00,15955.753915,29.9,55,19.8,33.1,3.8,0,0.0,0.0,2,0
2025-07-30 03:00:00,15192.2858,29.5,56,19.6,32.4,4.7,0,0.0,0.0,2,0
2025-07-30 04:00:00,14917.634433,28.8,57,19.5,31.8,4.3,0,0.0,0.0,2,0
2025-07-30 05:00:00,15032.463235,28.1,60,19.6,31.3,3.7,0,0.0,0.0,2,0
2025-07-30 06:00:00,15180.502953,27.6,61,19.5,30.8,3.4,0,0.0,0.0,2,0
2025-07-30 07:00:00,15477.83325,27.4,60,19.0,30.1,3.9,0,0.0,2.0,2,0
2025-07-30 08:00:00,16495.470839,27.3,56,17.6,29.3,5.1,0,0.0,97.0,2,0
2025-07-30 09:00:00,17982.414705,29.7,45,16.6,31.6,2.7,0,0.0,289.0,2,0
2025-07-30 10:00:00,19766.054433,32.5,37,15.9,34.1,2.0,2,0.0,495.0,2,0
2025-07-30 11:00:00,21603.631369,35.3,30,14.9,37.3,3.1,17,0.0,681.0,2,0
2025-07-30 12:00:00,23282.07107,37.0,27,14.9,39.8,4.0,97,0.0,828.0,2,0
2025-07-30 13:00:00,24670.479543,38.0,26,14.9,41.0,6.2,88,0.0,920.0,2,0
2025-07-30 14:00:00,25638.973607,38.7,24,14.6,41.5,8.1,100,0.0,957.0,2,0
2025-07-30 15:00:00,25942.370098,39.1,23,14.4,41.3,9.9,19,0.0,929.0,2,0
2025-07-30 16:00:00,26001.949848,39.2,23,14.1,40.5,11.6,35,0.0,845.0,2,0
2025-07-30 17:00:00,26151.721394,38.8,23,13.9,39.1,12.3,100,0.0,703.0,2,0
2025-07-30 18:00:00,25683.936646,38.3,23,13.6,38.0,9.9,100,0.0,521.0,2,0
2025-07-30 19:00:00,24611.805916,37.6,24,13.3,37.3,9.3,99,0.0,321.0,2,0
2025-07-30 20:00:00,23197.581157,36.3,25,12.9,35.7,11.0,98,0.0,115.0,2,0
2025-07-30 21:00:00,22071.039447,35.5,25,12.2,34.9,8.4,94,0.0,7.0,2,0
2025-07-30 22:00:00,20829.370112,34.5,24,11.4,34.0,6.8,100,0.0,0.0,2,0
2025-07-30 23:00:00,19294.111104,33.8,26,11.6,33.5,5.4,95,0.0,0.0,2,0
2025-07-31 00:00:00,17746.824134,32.8,30,12.8,32.8,5.8,87,0.0,0.0,3,0
2025-07-31 01:00:00,16491.004753,31.9,35,14.3,32.2,7.5,95,0.0,0.0,3,0
2025-07-31 02:00:00,15491.15763,31.1,36,14.4,31.7,6.1,43,0.0,0.0,3,0
2025-07-31 03:00:00,14879.590354,30.1,39,14.6,31.0,4.3,23,0.0,0.0,3,0
2025-07-31 04:00:00,14647.073264,29.5,40,14.6,30.4,4.6,38,0.0,0.0,3,0
2025-07-31 05:00:00,14816.183895,29.0,42,14.9,29.9,5.2,1,0.0,0.0,3,0
2025-07-31 06:00:00,15097.957869,28.5,44,15.1,29.5,4.6,0,0.0,0.0,3,0
2025-07-31 07:00:00,15297.023864,28.2,45,15.2,29.3,4.6,0,0.0,2.0,3,0
2025-07-31 08:00:00,16424.661558,28.1,47,15.8,29.5,4.5,2,0.0,95.0,3,0
2025-07-31 09:00:00,17959.243841,30.1,41,15.6,31.3,5.1,63,0.0,286.0,3,0
2025-07-31 10:00:00,19876.835835,32.7,34,14.9,33.9,2.6,67,0.0,490.0,3,0
2025-07-31 11:00:00,21895.131316,35.2,28,14.0,36.9,3.2,18,0.0,677.0,3,0
2025-07-31 12:00:00,23704.7237,37.4,24,13.1,39.9,2.3,2,0.0,825.0,3,0
2025-07-31 13:00:00,25215.170689,39.0,21,12.5,41.9,2.2,0,0.0,922.0,3,0
2025-07-31 14:00:00,26160.874291,39.8,20,12.5,43.0,2.4,0,0.0,958.0,3,0
2025-07-31 15:00:00,26281.418876,40.3,19,12.2,42.9,4.3,3,0.0,934.0,3,0
2025-07-31 16:00:00,26499.521222,40.7,18,12.0,42.2,5.7,17,0.0,827.0,3,0
2025-07-31 17:00:00,26520.141583,40.7,18,11.8,41.4,4.7,14,0.0,686.0,3,0
2025-07-31 18:00:00,26279.311234,40.5,18,11.8,40.6,2.9,8,0.0,472.0,3,0
2025-07-31 19:00:00,25557.914617,39.7,19,11.9,39.4,5.8,28,0.0,291.0,3,0
2025-07-31 20:00:00,24498.585268,38.2,21,11.9,37.7,7.6,22,0.0,103.0,3,0
2025-07-31 21:00:00,22860.864731,36.8,24,13.1,36.1,11.4,40,0.0,5.0,3,0
2025-07-31 22:00:00,21201.607653,35.8,27,14.1,36.3,6.3,45,0.0,0.0,3,0
2025-07-31 23:00:00,19568.555149,34.5,32,15.6,34.6,12.0,24,0.0,0.0,3,0
2025-08-01 00:00:00,18204.917719,30.7,49,18.7,31.9,13.9,25,0.0,0.0,4,0
2025-08-01 01:00:00,16992.163373,30.0,52,19.0,32.0,10.1,4,0.0,0.0,4,0
2025-08-01 02:00:00,16030.65663,29.5,55,19.5,31.9,8.4,2,0.0,0.0,4,0
2025-08-01 03:00:00,15423.5066,29.1,57,19.9,31.6,8.7,30,0.0,0.0,4,0
2025-08-01 04:00:00,15197.704901,28.9,60,20.2,31.8,7.1,3,0.0,0.0,4,0
2025-08-01 05:00:00,15325.446319,28.6,62,20.5,32.0,5.1,4,0.0,0.0,4,0
2025-08-01 06:00:00,15689.460141,28.2,63,20.6,31.5,6.3,0,0.0,0.0,4,0
2025-08-01 07:00:00,15820.61389,28.1,64,20.8,31.5,5.7,0,0.0,2.0,4,0
2025-08-01 08:00:00,16525.722483,27.1,70,21.3,30.9,5.1,99,0.0,63.0,4,0
2025-08-01 09:00:00,17612.363558,28.5,65,21.4,32.4,4.5,28,0.0,243.0,4,0
2025-08-01 10:00:00,18915.835356,29.9,60,21.4,33.9,3.8,50,0.0,405.0,4,0
2025-08-01 11:00:00,20466.471761,31.5,56,21.5,35.2,6.7,67,0.0,569.0,4,0
2025-08-01 12:00:00,22085.771137,32.3,53,21.6,36.2,8.8,100,0.0,628.0,4,0
2025-08-01 13:00:00,23398.180695,32.8,50,21.1,36.0,9.5,55,0.0,589.0,4,0
2025-08-01 14:00:00,24122.957691,35.0,42,20.0,39.4,8.2,17,0.0,854.0,4,0
2025-08-01 15:00:00,24427.052376,36.1,36,18.8,40.2,5.9,37,0.0,814.0,4,0
2025-08-01 16:00:00,24526.820173,33.2,46,19.9,36.5,9.9,80,0.9,719.0,4,0
2025-08-01 17:00:00,24326.072014,34.5,38,18.1,37.0,3.1,61,0.0,453.0,4,0
2025-08-01 18:00:00,23778.228106,34.5,38,18.1,36.6,6.1,54,0.0,436.0,4,0
2025-08-01 19:00:00,22517.707634,32.9,45,19.4,35.0,9.6,71,0.4,256.0,4,0
2025-08-01 20:00:00,21393.308666,30.0,61,21.7,33.9,5.2,81,0.0,51.0,4,0
2025-08-01 21:00:00,20488.098626,29.8,62,21.7,33.5,7.3,99,0.0,4.0,4,0
2025-08-01 22:00:00,19164.408828,29.7,62,21.5,32.8,10.4,63,0.0,0.0,4,0
2025-08-01 23:00:00,17812.494973,29.0,65,21.7,32.2,10.4,50,0.1,0.0,4,0
2025-08-02 00:00:00,16632.491206,26.0,87,23.8,30.5,10.7,98,3.2,0.0,5,0
2025-08-02 01:00:00,15573.274253,25.5,92,24.0,29.8,11.8,96,0.5,0.0,5,0
2025-08-02 02:00:00,14736.580197,25.0,93,23.8,29.5,10.5,83,0.3,0.0,5,0
2025-08-02 03:00:00,14190.624192,24.6,92,23.1,29.1,7.5,90,0.0,0.0,5,0
2025-08-02 04:00:00,13917.862801,24.6,92,23.2,29.0,8.1,100,0.0,0.0,5,0
2025-08-02 05:00:00,13770.95138,24.5,92,23.2,29.1,7.3,80,0.0,0.0,5,0
2025-08-02 06:00:00,13748.010786,24.4,93,23.1,28.8,7.8,39,0.0,0.0,5,0
2025-08-02 07:00:00,13974.081384,24.2,93,23.0,28.7,6.5,93,0.1,2.0,5,0
2025-08-02 08:00:00,15038.546861,24.7,86,22.2,29.4,2.6,27,0.0,70.0,5,0
2025-08-02 09:00:00,16247.905406,26.1,78,22.0,30.7,2.5,5,0.0,249.0,5,0
2025-08-02 10:00:00,17493.39148,27.8,71,22.0,32.5,1.7,8,0.0,478.0,5,0
2025-08-02 11:00:00,18594.367366,29.1,65,22.0,34.3,1.5,30,0.1,625.0,5,0
2025-08-02 12:00:00,19759.345427,29.9,62,21.8,35.0,4.7,36,0.3,713.0,5,0
2025-08-02 13:00:00,20907.338876,31.1,57,21.5,36.7,6.2,25,0.1,851.0,5,0
2025-08-02 14:00:00,21881.111519,32.0,52,20.9,37.3,7.1,15,0.0,893.0,5,0
2025-08-02 15:00:00,22461.786852,32.4,49,20.4,36.8,7.5,8,0.0,791.0,5,0
2025-08-02 16:00:00,22917.854103,32.6,48,20.0,36.5,7.3,12,0.0,725.0,5,0
2025-08-02 17:00:00,22877.271052,33.0,47,20.0,36.0,8.3,12,0.0,626.0,5,0
2025-08-02 18:00:00,22497.241079,32.8,46,19.8,35.1,9.2,10,0.0,481.0,5,0
2025-08-02 19:00:00,21897.483908,32.7,44,19.0,35.1,6.6,5,0.0,293.0,5,0
2025-08-02 20:00:00,20998.630894,31.0,54,20.5,33.8,9.4,24,0.0,102.0,5,0
2025-08-02 21:00:00,20300.525616,30.0,59,21.0,33.3,7.6,18,0.0,5.0,5,0
2025-08-02 22:00:00,19056.011904,29.5,61,21.1,32.6,9.4,0,0.0,0.0,5,0
2025-08-02 23:00:00,17813.712911,28.7,65,21.5,31.7,11.5,0,0.0,0.0,5,0
2025-08-03 00:00:00,16760.949951,27.9,71,22.1,31.4,10.1,0,0.0,0.0,6,0
2025-08-03 01:00:00,15855.173583,27.2,75,22.4,31.1,9.0,0,0.0,0.0,6,0
2025-08-03 02:00:00,15046.973654,26.6,78,22.5,30.9,6.5,4,0.0,0.0,6,0
2025-08-03 03:00:00,14557.286174,26.2,80,22.5,30.5,6.5,4,0.0,0.0,6,0
2025-08-03 04:00:00,14211.09561,25.8,82,22.5,30.0,6.6,4,0.0,0.0,6,0
2025-08-03 05:00:00,14073.716661,25.4,85,22.5,29.7,6.3,0,0.0,0.0,6,0
2025-08-03 06:00:00,13900.756142,25.0,87,22.6,29.3,6.5,0,0.0,0.0,6,0
2025-08-03 07:00:00,13976.055135,24.8,89,22.8,29.1,7.0,0,0.0,2.0,6,0
2025-08-03 08:00:00,14887.834782,25.6,87,23.3,30.3,7.0,41,0.0,85.0,6,0
2025-08-03 09:00:00,16201.504438,27.5,78,23.4,32.4,5.6,51,0.0,259.0,6,0
2025-08-03 10:00:00,17684.011421,29.4,70,23.3,34.5,3.8,100,0.0,454.0,6,0
2025-08-03 11:00:00,19160.025774,30.8,64,23.2,36.4,1.8,78,0.1,592.0,6,0
2025-08-03 12:00:00,20423.847901,32.1,57,22.5,37.6,3.9,100,0.1,687.0,6,0
2025-08-03 13:00:00,20429.669641,32.0,54,21.5,36.0,5.2,96,0.0,463.0,6,0
2025-08-03 14:00:00,19160.327127,32.7,50,20.8,35.4,11.0,55,0.0,555.0,6,0
2025-08-03 15:00:00,19037.10197,33.7,47,20.9,38.1,7.7,61,0.0,762.0,6,0
2025-08-03 16:00:00,19963.199275,34.5,45,20.8,38.9,5.6,34,0.0,712.0,6,0
2025-08-03 17:00:00,21124.101748,34.5,43,20.3,38.0,6.2,56,0.0,603.0,6,0
2025-08-03 18:00:00,21463.37772,32.4,48,20.0,35.1,8.1,81,0.1,364.0,6,0
2025-08-03 19:00:00,20981.355769,29.5,64,21.9,33.2,7.9,61,0.5,198.0,6,0
2025-08-03 20:00:00,20099.840637,30.5,61,22.1,34.7,4.9,77,0.0,92.0,6,0
2025-08-03 21:00:00,19625.188961,29.4,66,22.4,33.2,8.8,22,0.0,4.0,6,0
2025-08-03 22:00:00,18519.202179,28.2,71,22.5,31.8,10.4,25,0.0,0.0,6,0
2025-08-03 23:00:00,17189.803711,27.6,74,22.7,31.8,7.9,29,0.0,0.0,6,0
2025-08-04 00:00:00,16048.520915,27.2,77,22.8,31.3,8.8,8,0.0,0.0,0,0
2025-08-04 01:00:00,15202.140881,26.9,78,22.6,30.6,10.5,16,0.0,0.0,0,0
2025-08-04 02:00:00,14574.176613,26.4,77,22.0,30.5,6.1,100,0.3,0.0,0,0
2025-08-04 03:00:00,14284.562947,24.0,88,21.9,28.6,2.1,100,7.1,0.0,0,0
2025-08-04 04:00:00,13996.02807,24.0,88,22.0,27.7,8.4,100,0.2,0.0,0,0
2025-08-04 05:00:00,13722.174001,23.8,89,21.8,27.7,6.0,40,0.1,0.0,0,0
2025-08-04 06:00:00,13977.218401,23.4,90,21.6,27.4,5.2,93,0.0,0.0,0,0
2025-08-04 07:00:00,14108.25848,22.1,97,21.6,24.9,12.8,100,6.8,1.0,0,0
2025-08-04 08:00:00,14478.254057,22.0,86,19.5,25.0,4.3,100,0.2,61.0,0,0
2025-08-04 09:00:00,14952.76248,22.7,84,20.0,26.1,2.8,78,0.1,150.0,0,0
2025-08-04 10:00:00,15835.487888,24.5,78,20.5,27.9,4.9,1,0.0,408.0,0,0
2025-08-04 11:00:00,16817.998543,26.6,70,20.7,31.1,2.3,0,0.0,632.0,0,0
2025-08-04 12:00:00,17969.991871,28.1,66,21.2,33.5,5.1,1,0.0,800.0,0,0
2025-08-04 13:00:00,19339.141304,29.1,66,22.0,35.4,6.2,1,0.0,901.0,0,0
2025-08-04 14:00:00,21070.976801,30.4,59,21.6,36.8,5.2,6,0.0,934.0,0,0
2025-08-04 15:00:00,22322.708082,31.2,55,21.0,37.1,4.4,5,0.0,891.0,0,0
2025-08-04 16:00:00,23040.28463,31.8,51,20.3,36.8,4.7,3,0.0,817.0,0,0
2025-08-04 17:00:00,23418.10222,31.7,50,20.0,35.4,6.2,4,0.0,667.0,0,0
2025-08-04 18:00:00,23254.028604,31.5,51,20.0,34.2,7.3,2,0.0,494.0,0,0
2025-08-04 19:00:00,22180.635827,30.6,55,20.5,33.9,5.8,1,0.0,302.0,0,0
2025-08-04 20:00:00,21011.667585,29.0,63,21.4,32.5,7.7,3,0.0,108.0,0,0
2025-08-04 21:00:00,20123.772242,27.6,69,21.5,31.1,8.5,0,0.0,4.0,0,0
2025-08-04 22:00:00,18688.99733,26.9,74,21.8,30.7,7.0,0,0.0,0.0,0,0
2025-08-04 23:00:00,17138.730694,26.4,76,21.8,30.2,6.5,5,0.0,0.0,0,0
2025-08-05 00:00:00,15748.338652,26.0,77,21.7,29.8,6.3,1,0.0,0.0,1,0
2025-08-05 01:00:00,14756.031839,25.5,79,21.6,29.2,6.8,0,0.0,0.0,1,0
2025-08-05 02:00:00,14063.715712,25.0,82,21.6,29.0,5.3,0,0.0,0.0,1,0
2025-08-05 03:00:00,13518.667925,24.5,84,21.6,28.5,4.3,0,0.0,0.0,1,0
2025-08-05 04:00:00,13420.37996,24.1,85,21.5,28.1,4.0,0,0.0,0.0,1,0
2025-08-05 05:00:00,13757.867614,23.9,86,21.3,27.9,3.2,0,0.0,0.0,1,0
2025-08-05 06:00:00,14237.464993,23.6,87,21.3,27.8,2.3,0,0.0,0.0,1,0
2025-08-05 07:00:00,14658.854731,23.5,87,21.3,27.9,1.0,0,0.0,1.0,1,0
2025-08-05 08:00:00,15522.367374,24.3,88,22.1,29.0,2.2,2,0.0,86.0,1,0
2025-08-05 09:00:00,16807.233253,25.8,83,22.6,30.7,2.5,0,0.0,275.0,1,0
2025-08-05 10:00:00,18315.436373,27.5,74,22.5,32.2,3.4,1,0.0,480.0,1,0
2025-08-05 11:00:00,19736.606295,29.0,65,21.6,33.7,4.4,0,0.0,665.0,1,0
2025-08-05 12:00:00,21103.241533,30.0,59,21.0,35.2,5.4,0,0.0,813.0,1,0
2025-08-05 13:00:00,22335.445236,30.9,55,20.7,36.5,5.6,0,0.0,909.0,1,0
2025-08-05 14:00:00,23587.829299,31.6,52,20.5,37.3,5.8,0,0.0,946.0,1,0
2025-08-05 15:00:00,24456.454942,32.2,48,20.0,37.4,6.5,0,0.0,919.0,1,0
2025-08-05 16:00:00,24641.766553,32.5,47,19.9,37.0,7.0,0,0.0,832.0,1,0
2025-08-05 17:00:00,24772.146453,32.7,47,19.9,36.2,7.4,0,0.0,690.0,1,0
2025-08-05 18:00:00,24267.676767,32.5,47,19.9,35.0,8.7,0,0.0,509.0,1,0
2025-08-05 19:00:00,23123.037456,31.7,50,20.1,34.5,7.8,0,0.0,305.0,1,0
2025-08-05 20:00:00,22066.686549,29.9,58,20.7,32.9,8.0,0,0.0,109.0,1,0
2025-08-05 21:00:00,21052.307619,28.1,69,21.9,32.2,5.1,0,0.0,4.0,1,0
2025-08-05 22:00:00,19519.877478,27.4,73,22.0,31.5,5.2,0,0.0,0.0,1,0
2025-08-05 23:00:00,17841.749278,26.6,75,21.9,30.8,5.1,0,0.0,0.0,1,0
2025-08-06 00:00:00,16332.321333,26.1,75,21.4,29.8,6.1,0,0.0,0.0,2,0
2025-08-06 01:00:00,15339.552766,25.6,73,20.5,28.6,7.7,0,0.0,0.0,2,0
2025-08-06 02:00:00,14688.128114,25.3,72,20.0,28.0,7.8,0,0.0,0.0,2,0
2025-08-06 03:00:00,14161.724869,24.9,75,20.1,27.8,7.2,0,0.0,0.0,2,0
2025-08-06 04:00:00,14009.288104,24.6,78,20.5,27.8,6.2,0,0.0,0.0,2,0
2025-08-06 05:00:00,14348.423513,24.3,80,20.7,27.7,5.8,0,0.0,0.0,2,0
2025-08-06 06:00:00,14967.705307,24.0,83,20.9,27.5,5.4,0,0.0,0.0,2,0
2025-08-06 07:00:00,15282.798246,23.8,84,21.0,27.4,5.0,0,0.0,1.0,2,0
2025-08-06 08:00:00,16254.990444,24.9,83,21.8,28.9,5.4,0,0.0,85.0,2,0
2025-08-06 09:00:00,17733.023442,26.5,78,22.4,31.1,4.0,0,0.0,273.0,2,0
2025-08-06 10:00:00,19383.08998,28.4,72,23.0,33.2,4.3,0,0.0,477.0,2,0
2025-08-06 11:00:00,20803.21497,30.1,63,22.2,34.8,7.0,0,0.0,664.0,2,0
2025-08-06 12:00:00,22104.069312,31.4,55,21.3,36.2,8.6,0,0.0,812.0,2,0
2025-08-06 13:00:00,23450.72315,32.3,51,21.0,37.8,7.6,0,0.0,909.0,2,0
2025-08-06 14:00:00,24515.553586,33.3,47,20.4,38.7,7.3,0,0.0,947.0,2,0
2025-08-06 15:00:00,25225.168398,33.8,45,20.2,38.8,8.2,0,0.0,921.0,2,0
2025-08-06 16:00:00,25337.338731,34.2,42,19.5,38.3,8.7,0,0.0,834.0,2,0
2025-08-06 17:00:00,25525.153358,34.3,41,19.1,37.1,10.2,0,0.0,693.0,2,0
2025-08-06 18:00:00,25412.144591,33.8,40,18.5,35.2,11.3,0,0.0,512.0,2,0
2025-08-06 19:00:00,24533.306021,32.9,41,17.9,34.4,9.0,0,0.0,306.0,2,0
2025-08-06 20:00:00,23099.309913,31.0,51,19.8,33.6,7.1,0,0.0,107.0,2,0
2025-08-06 21:00:00,21908.394733,29.6,58,20.5,32.3,9.9,0,0.0,4.0,2,0
2025-08-06 22:00:00,20439.070955,28.6,62,20.6,31.5,9.3,0,0.0,0.0,2,0
2025-08-06 23:00:00,18667.129465,27.8,64,20.4,30.6,8.4,0,0.0,0.0,2,0
2025-08-07 00:00:00,17322.907219,26.9,69,20.6,30.1,6.6,0,0.0,0.0,3,0
2025-08-07 01:00:00,16178.007939,26.4,71,20.7,29.7,6.4,0,0.0,0.0,3,0
2025-08-07 02:00:00,15404.813597,25.6,75,20.9,29.2,5.2,0,0.0,0.0,3,0
2025-08-07 03:00:00,14860.191373,25.0,78,21.0,28.8,4.6,0,0.0,0.0,3,0
2025-08-07 04:00:00,14759.781106,24.9,77,20.6,28.3,5.5,0,0.0,0.0,3,0
2025-08-07 05:00:00,15023.050658,24.6,78,20.6,28.1,5.3,0,0.0,0.0,3,0
2025-08-07 06:00:00,15504.403803,24.6,78,20.6,28.0,6.0,0,0.0,0.0,3,0
2025-08-07 07:00:00,15853.066599,24.6,80,21.0,28.1,6.5,0,0.0,1.0,3,0
2025-08-07 08:00:00,16795.161768,25.9,84,22.9,30.4,6.4,0,0.0,82.0,3,0
2025-08-07 09:00:00,18307.561393,27.5,77,23.1,32.2,6.6,0,0.0,267.0,3,0
2025-08-07 10:00:00,19998.892097,29.4,71,23.5,34.1,7.0,0,0.0,471.0,3,0
2025-08-07 11:00:00,21674.046082,31.2,64,23.5,36.5,8.0,0,0.0,657.0,3,0
2025-08-07 12:00:00,23243.917231,33.1,54,22.7,38.5,9.8,0,0.0,805.0,3,0
2025-08-07 13:00:00,24440.747785,34.5,47,21.7,39.9,9.7,0,0.0,903.0,3,0
2025-08-07 14:00:00,25172.5507,35.5,43,21.0,40.9,8.6,1,0.0,939.0,3,0
2025-08-07 15:00:00,25453.083208,36.2,40,20.5,41.1,8.9,2,0.0,908.0,3,0
2025-08-07 16:00:00,25669.923689,36.5,38,20.0,40.6,9.3,0,0.0,825.0,3,0
2025-08-07 17:00:00,25562.176769,36.8,38,20.0,40.1,9.0,0,0.0,684.0,3,0
2025-08-07 18:00:00,25486.835555,36.5,39,20.1,39.0,9.4,0,0.0,503.0,3,0
2025-08-07 19:00:00,24808.115982,35.6,40,20.0,38.0,10.0,0,0.0,298.0,3,0
2025-08-07 20:00:00,23421.709672,33.1,52,21.8,36.6,9.2,1,0.0,102.0,3,0
2025-08-07 21:00:00,22475.893503,31.5,58,22.1,35.3,8.4,0,0.0,3.0,3,0
2025-08-07 22:00:00,21009.371595,30.6,61,22.1,34.4,8.5,0,0.0,0.0,3,0
2025-08-07 23:00:00,19343.001702,29.9,60,21.2,33.1,8.7,0,0.0,0.0,3,0
2025-08-08 00:00:00,18015.847052,29.1,60,20.5,32.0,8.4,0,0.0,0.0,4,0
2025-08-08 01:00:00,16928.578497,28.1,64,20.6,31.3,7.1,0,0.0,0.0,4,0
2025-08-08 02:00:00,16156.857733,27.5,66,20.5,30.6,7.5,0,0.0,0.0,4,0
2025-08-08 03:00:00,15626.553067,27.2,67,20.6,30.3,7.4,0,0.0,0.0,4,0
2025-08-08 04:00:00,15406.373307,26.6,70,20.8,29.9,6.7,0,0.0,0.0,4,0
2025-08-08 05:00:00,15564.065658,26.3,72,20.8,29.5,7.0,0,0.0,0.0,4,0
2025-08-08 06:00:00,15960.460123,26.1,72,20.8,29.3,7.6,0,0.0,0.0,4,0
2025-08-08 07:00:00,16152.249083,26.0,73,20.9,29.1,8.2,0,0.0,1.0,4,0
2025-08-08 08:00:00,17064.101915,26.4,78,22.2,30.3,7.4,0,0.0,82.0,4,0
2025-08-08 09:00:00,18623.25178,27.9,71,22.2,31.7,8.7,4,0.0,268.0,4,0
2025-08-08 10:00:00,20304.93899,29.8,65,22.4,33.6,8.9,0,0.0,472.0,4,0
2025-08-08 11:00:00,21938.118741,31.9,58,22.5,36.1,10.3,0,0.0,658.0,4,0
2025-08-08 12:00:00,23421.091699,34.0,48,21.3,38.0,12.8,0,0.0,806.0,4,0
2025-08-08 13:00:00,24573.013649,35.4,41,20.2,39.4,12.8,0,0.0,902.0,4,0
2025-08-08 14:00:00,25147.916705,36.4,38,19.7,40.4,12.6,0,0.0,939.0,4,0
2025-08-08 15:00:00,25249.028865,37.0,36,19.5,40.7,13.0,0,0.0,912.0,4,0
2025-08-08 16:00:00,25435.529472,37.3,35,19.5,40.5,13.5,0,0.0,823.0,4,0
2025-08-08 17:00:00,25413.570602,37.2,36,19.6,39.3,15.4,0,0.0,682.0,4,0
2025-08-08 18:00:00,25128.590483,36.8,36,19.4,38.0,15.4,0,0.0,499.0,4,0
2025-08-08 19:00:00,24686.132508,36.0,37,18.9,37.1,14.8,0,0.0,295.0,4,0
2025-08-08 20:00:00,23635.015794,35.0,41,19.8,36.7,14.1,3,0.0,100.0,4,0
2025-08-08 21:00:00,22656.909685,33.3,48,20.9,35.8,12.6,1,0.0,3.0,4,0
2025-08-08 22:00:00,21255.849241,32.2,51,20.9,34.5,13.1,0,0.0,0.0,4,0
2025-08-08 23:00:00,19858.215222,31.2,52,20.2,33.2,13.9,0,0.0,0.0,4,0
2025-08-09 00:00:00,18500.655806,30.7,54,20.3,33.0,12.0,0,0.0,0.0,5,0
2025-08-09 01:00:00,17340.50963,30.0,56,20.4,32.4,11.7,2,0.0,0.0,5,0
2025-08-09 02:00:00,16449.31225,29.5,58,20.2,31.8,11.3,1,0.0,0.0,5,0
2025-08-09 03:00:00,15765.473138,29.1,59,20.2,31.5,10.4,0,0.0,0.0,5,0
2025-08-09 04:00:00,15364.425934,28.7,60,20.1,30.9,12.1,0,0.0,0.0,5,0
2025-08-09 05:00:00,15300.280718,28.2,63,20.5,30.5,12.4,0,0.0,0.0,5,0
2025-08-09 06:00:00,15236.643646,27.9,65,20.7,30.4,11.2,0,0.0,0.0,5,0
2025-08-09 07:00:00,15294.854023,27.4,68,20.9,30.2,10.3,0,0.0,1.0,5,0
2025-08-09 08:00:00,16363.86106,27.4,70,21.4,30.6,9.1,30,0.0,79.0,5,0
2025-08-09 09:00:00,17852.474501,28.8,64,21.4,32.1,8.6,96,0.0,262.0,5,0
2025-08-09 10:00:00,19477.346582,30.9,56,21.1,34.1,8.5,53,0.0,459.0,5,0
2025-08-09 11:00:00,20943.685109,33.0,48,20.5,36.1,11.2,4,0.0,651.0,5,0
2025-08-09 12:00:00,22477.667687,34.9,40,19.5,38.2,11.7,26,0.0,802.0,5,0
2025-08-09 13:00:00,23654.167837,36.2,36,18.8,39.6,12.4,17,0.0,897.0,5,0
2025-08-09 14:00:00,24765.473818,37.1,33,18.4,40.2,13.8,0,0.0,935.0,5,0
2025-08-09 15:00:00,25295.358295,37.7,33,18.4,40.5,14.5,0,0.0,909.0,5,0
2025-08-09 16:00:00,25651.724884,37.6,33,18.5,39.7,16.7,4,0.0,816.0,5,0
2025-08-09 17:00:00,25830.91744,37.2,34,18.5,38.5,16.3,5,0.0,661.0,5,0
2025-08-09 18:00:00,25444.543387,36.8,34,18.4,37.5,16.2,4,0.0,489.0,5,0
2025-08-09 19:00:00,24503.10212,36.0,35,18.0,36.6,15.7,4,0.0,286.0,5,0
2025-08-09 20:00:00,23439.46007,34.0,43,19.6,35.2,17.0,4,0.0,98.0,5,0
2025-08-09 21:00:00,22367.309062,33.2,44,19.2,34.7,13.7,1,0.0,2.0,5,0
2025-08-09 22:00:00,20997.387747,32.8,46,19.8,34.8,12.3,0,0.0,0.0,5,0
2025-08-09 23:00:00,19657.666222,32.2,48,19.7,34.3,10.8,0,0.0,0.0,5,0
2025-08-10 00:00:00,18206.866874,31.3,50,19.8,33.4,10.9,0,0.0,0.0,6,0
2025-08-10 01:00:00,17088.288291,30.4,53,19.9,32.2,13.5,0,0.0,0.0,6,0
2025-08-10 02:00:00,16254.744925,29.5,59,20.8,31.8,13.0,0,0.0,0.0,6,0
2025-08-10 03:00:00,15601.757671,28.9,62,20.8,31.2,13.3,0,0.0,0.0,6,0
2025-08-10 04:00:00,15074.442263,28.2,63,20.5,30.5,12.8,0,0.0,0.0,6,0
2025-08-10 05:00:00,14865.361941,27.6,65,20.4,30.1,10.5,0,0.0,0.0,6,0
2025-08-10 06:00:00,14531.404792,27.1,67,20.4,29.8,9.4,0,0.0,0.0,6,0
2025-08-10 07:00:00,14482.866067,26.7,69,20.5,29.6,8.5,0,0.0,1.0,6,0
2025-08-10 08:00:00,15506.662896,26.7,74,21.7,30.3,8.0,0,0.0,78.0,6,0
2025-08-10 09:00:00,17081.410156,28.2,67,21.6,31.9,7.2,0,0.0,264.0,6,0
2025-08-10 10:00:00,18579.91271,30.4,59,21.4,33.8,7.7,0,0.0,469.0,6,0
2025-08-10 11:00:00,20130.100205,32.5,49,20.4,35.7,9.9,0,0.0,656.0,6,0
2025-08-10 12:00:00,21541.414256,34.0,42,19.5,37.5,10.9,0,0.0,805.0,6,0
2025-08-10 13:00:00,22766.174414,35.3,37,18.5,38.9,11.2,2,0.0,901.0,6,0
2025-08-10 14:00:00,23709.030717,36.2,34,17.7,39.8,9.8,22,0.0,934.0,6,0
2025-08-10 15:00:00,24470.81855,36.7,31,16.8,40.1,5.8,25,0.0,853.0,6,0
2025-08-10 16:00:00,24858.980861,36.5,30,16.2,38.1,9.5,18,0.0,692.0,6,0
2025-08-10 17:00:00,25024.790043,36.8,29,16.0,37.4,12.3,32,0.0,610.0,6,0
2025-08-10 18:00:00,24692.875571,36.0,31,16.2,36.1,14.3,44,0.0,420.0,6,0
2025-08-10 19:00:00,23767.257342,35.2,33,16.5,35.5,13.9,10,0.0,231.0,6,0
2025-08-10 20:00:00,22736.215656,33.8,39,18.0,35.0,11.8,54,0.0,73.0,6,0
2025-08-10 21:00:00,21741.087553,33.2,40,17.9,34.5,10.9,1,0.0,2.0,6,0
2025-08-10 22:00:00,20267.10634,32.3,44,18.7,33.5,14.5,0,0.0,0.0,6,0
2025-08-10 23:00:00,18764.78212,31.1,51,19.6,33.2,10.9,0,0.0,0.0,6,0
2025-08-11 00:00:00,17398.327898,30.2,56,20.4,32.4,12.7,0,0.0,0.0,0,0
2025-08-11 01:00:00,16290.399322,29.5,56,19.9,31.7,10.5,2,0.0,0.0,0,0
2025-08-11 02:00:00,15421.880436,28.9,57,19.6,31.5,7.2,9,0.0,0.0,0,0
2025-08-11 03:00:00,14902.168564,28.4,59,19.5,30.9,6.9,2,0.0,0.0,0,0
2025-08-11 04:00:00,14817.485592,27.9,60,19.5,30.5,6.7,0,0.0,0.0,0,0
2025-08-11 05:00:00,15102.591356,27.3,63,19.6,29.9,7.3,0,0.0,0.0,0,0
2025-08-11 06:00:00,15575.554039,26.8,66,20.0,29.7,6.4,0,0.0,0.0,0,0
2025-08-11 07:00:00,15785.866226,26.5,69,20.4,29.6,6.4,4,0.0,0.0,0,0
2025-08-11 08:00:00,16871.265935,26.8,74,21.8,30.7,6.1,26,0.0,70.0,0,0
2025-08-11 09:00:00,18276.125356,28.2,70,22.1,32.1,7.7,10,0.0,236.0,0,0
2025-08-11 10:00:00,19853.725947,30.1,62,22.1,34.4,5.2,3,0.0,445.0,0,0
2025-08-11 11:00:00,21369.323615,32.0,52,20.9,36.1,4.8,21,0.1,636.0,0,0
2025-08-11 12:00:00,22798.596217,33.2,45,19.9,37.0,7.7,36,0.0,741.0,0,0
2025-08-11 13:00:00,24044.160814,33.8,43,19.6,37.3,10.3,42,0.0,781.0,0,0
2025-08-11 14:00:00,25195.195395,34.7,39,18.7,38.2,8.7,26,0.0,813.0,0,0
2025-08-11 15:00:00,25700.212234,35.5,36,18.2,38.9,8.5,26,0.0,814.0,0,0
2025-08-11 16:00:00,25839.316589,35.8,34,17.6,38.5,8.6,31,0.0,767.0,0,0
2025-08-11 17:00:00,25661.492424,35.7,33,16.8,37.3,8.1,62,0.0,626.0,0,0
2025-08-11 18:00:00,25570.213886,34.9,33,16.1,36.4,4.0,66,0.0,361.0,0,0
2025-08-11 19:00:00,24307.221585,34.9,32,15.8,35.9,6.6,58,0.0,218.0,0,0
2025-08-11 20:00:00,23154.145432,33.9,38,17.7,35.6,7.1,56,0.0,83.0,0,0
2025-08-11 21:00:00,22169.640951,33.3,39,17.4,35.1,6.1,67,0.0,2.0,0,0
2025-08-11 22:00:00,20511.198237,32.7,39,17.0,34.0,7.5,64,0.0,0.0,0,0
2025-08-11 23:00:00,19085.881117,32.3,40,17.0,33.7,7.7,100,0.0,0.0,0,0
2025-08-12 00:00:00,17518.366549,31.5,43,17.4,32.9,8.2,97,0.0,0.0,1,0
2025-08-12 01:00:00,16491.840809,27.5,63,19.7,28.1,21.1,100,0.1,0.0,1,0
2025-08-12 02:00:00,15735.079379,26.1,74,21.1,29.8,5.4,29,0.7,0.0,1,0
2025-08-12 03:00:00,15174.095914,26.3,73,21.1,30.0,4.8,88,0.1,0.0,1,0
2025-08-12 04:00:00,14964.912544,26.4,72,20.9,30.2,3.3,95,0.0,0.0,1,0
2025-08-12 05:00:00,15257.240745,26.2,74,21.1,30.4,2.1,0,0.0,0.0,1,0
2025-08-12 06:00:00,15811.624822,25.9,79,22.0,30.5,2.2,65,0.0,0.0,1,0
2025-08-12 07:00:00,15952.22822,25.8,83,22.8,31.0,1.2,11,0.0,0.0,1,0
2025-08-12 08:00:00,16601.749081,26.8,73,21.5,30.4,7.2,100,0.0,64.0,1,0
2025-08-12 09:00:00,17311.792487,27.0,73,21.6,30.2,10.2,100,1.4,217.0,1,0
2025-08-12 10:00:00,18046.691692,25.9,80,22.2,30.1,6.0,99,2.5,277.0,1,0
2025-08-12 11:00:00,18923.901493,27.0,76,22.5,31.0,7.4,100,0.0,352.0,1,0
2025-08-12 12:00:00,20150.713529,28.9,68,22.3,33.5,6.7,100,0.0,631.0,1,0
2025-08-12 13:00:00,21490.573152,30.1,63,22.5,35.2,8.3,100,0.0,735.0,1,0
2025-08-12 14:00:00,23033.032587,31.1,61,22.6,37.2,7.7,84,0.2,873.0,1,0
2025-08-12 15:00:00,23823.510367,31.6,60,22.9,38.3,4.5,62,0.2,845.0,1,0
2025-08-12 16:00:00,23688.802592,31.9,59,22.8,37.4,5.6,75,0.2,709.0,1,0
2025-08-12 17:00:00,22595.192651,31.5,58,22.2,36.0,4.3,99,0.1,513.0,1,0
2025-08-12 18:00:00,21093.599228,29.0,68,22.5,33.6,3.9,100,1.6,241.0,1,0
2025-08-12 19:00:00,20110.789419,29.0,69,22.7,34.0,2.7,100,0.0,127.0,1,0
2025-08-12 20:00:00,19632.927363,28.9,62,20.9,32.0,8.2,100,0.0,29.0,1,0
2025-08-12 21:00:00,19075.184493,27.4,78,23.1,32.2,4.7,100,0.0,1.0,1,0
2025-08-12 22:00:00,17724.593108,26.8,82,23.4,31.6,6.1,100,0.0,0.0,1,0
2025-08-12 23:00:00,16289.457003,26.5,83,23.4,31.8,3.4,0,0.0,0.0,1,0
2025-08-13 00:00:00,15178.693797,26.1,84,23.2,31.1,4.1,69,0.0,0.0,2,0
2025-08-13 01:00:00,14301.156174,26.0,87,23.6,31.7,1.2,100,0.0,0.0,2,0
2025-08-13 02:00:00,13870.445356,26.0,86,23.5,31.8,0.3,99,0.0,0.0,2,0
2025-08-13 03:00:00,13507.030831,25.8,87,23.5,31.5,0.7,15,0.0,0.0,2,0
2025-08-13 04:00:00,13596.11648,25.6,88,23.4,31.2,1.0,6,0.0,0.0,2,0
2025-08-13 05:00:00,14124.684874,25.2,90,23.5,30.8,1.5,4,0.0,0.0,2,0
2025-08-13 06:00:00,15136.735204,25.0,91,23.5,30.7,0.4,3,0.0,0.0,2,0
2025-08-13 07:00:00,15316.647515,24.9,92,23.5,30.5,0.7,1,0.0,0.0,2,0
2025-08-13 08:00:00,15844.506868,24.9,85,22.1,28.9,6.3,37,0.0,61.0,2,0
2025-08-13 09:00:00,16345.452292,25.0,86,22.5,29.2,6.5,6,0.0,188.0,2,0
2025-08-13 10:00:00,17040.526925,26.6,78,22.5,31.0,5.4,50,0.0,437.0,2,0
2025-08-13 11:00:00,17793.741264,27.8,71,22.0,32.2,3.0,5,0.0,439.0,2,0
2025-08-13 12:00:00,18975.189597,29.8,61,21.3,35.0,5.1,10,0.0,784.0,2,0
2025-08-13 13:00:00,20471.156106,31.0,56,21.2,37.1,2.9,11,0.0,844.0,2,0
2025-08-13 14:00:00,22006.61259,32.0,54,21.5,38.6,2.7,4,0.0,896.0,2,0
2025-08-13 15:00:00,23346.170721,32.8,52,21.5,39.0,3.8,7,0.0,891.0,2,0
2025-08-13 16:00:00,24024.486059,33.2,51,21.5,38.5,6.1,11,0.0,803.0,2,0
2025-08-13 17:00:00,24142.662542,32.8,51,21.5,36.9,7.6,19,0.0,632.0,2,0
2025-08-13 18:00:00,23933.669428,31.9,51,20.5,34.9,7.5,57,0.5,458.0,2,0
2025-08-13 19:00:00,22791.296732,31.1,56,21.3,34.7,6.1,29,0.1,251.0,2,0
2025-08-13 20:00:00,21822.955035,30.2,62,22.1,34.4,6.0,31,0.0,75.0,2,0
2025-08-13 21:00:00,20923.71299,29.0,68,22.6,33.3,6.9,8,0.0,1.0,2,0
2025-08-13 22:00:00,19297.494557,28.4,72,22.8,32.7,6.6,4,0.0,0.0,2,0
2025-08-13 23:00:00,17719.320586,27.7,74,22.5,32.0,6.6,5,0.0,0.0,2,0
2025-08-14 00:00:00,16493.569137,27.1,75,22.4,31.4,6.0,1,0.0,0.0,3,0
2025-08-14 01:00:00,15532.66071,26.6,78,22.5,31.1,5.1,1,0.0,0.0,3,0
2025-08-14 02:00:00,14839.766453,26.1,81,22.7,30.8,4.4,0,0.0,0.0,3,0
2025-08-14 03:00:00,14422.792294,25.9,84,23.0,30.8,3.7,0,0.0,0.0,3,0
2025-08-14 04:00:00,14493.726011,26.0,83,22.8,30.4,6.1,0,0.0,0.0,3,0
2025-08-14 05:00:00,14878.056063,25.6,83,22.5,29.9,6.2,1,0.0,0.0,3,0
2025-08-14 06:00:00,15585.374193,25.2,79,21.3,28.4,9.2,18,0.0,0.0,3,0
2025-08-14 07:00:00,15886.649656,24.9,81,21.4,28.8,4.1,6,0.0,0.0,3,0
2025-08-14 08:00:00,16724.145176,25.8,83,22.6,30.6,2.9,0,0.0,71.0,3,0
2025-08-14 09:00:00,18154.936403,27.4,78,23.2,32.5,3.3,0,0.0,253.0,3,0
2025-08-14 10:00:00,19751.971903,29.2,72,23.6,34.2,6.4,4,0.0,458.0,3,0
2025-08-14 11:00:00,21388.166355,31.1,64,23.6,36.4,8.1,7,0.0,641.0,3,0
2025-08-14 12:00:00,23038.718308,30.7,61,22.4,35.0,13.0,67,0.6,751.0,3,0
2025-08-14 13:00:00,24511.869779,31.9,58,22.6,36.7,10.7,16,0.1,738.0,3,0
2025-08-14 14:00:00,25397.555985,33.5,48,21.2,38.5,10.2,14,0.0,882.0,3,0
2025-08-14 15:00:00,25443.292969,34.5,44,20.5,38.9,9.9,12,0.0,853.0,3,0
2025-08-14 16:00:00,25699.175824,34.8,42,19.9,38.2,10.0,22,0.0,727.0,3,0
2025-08-14 17:00:00,25771.055837,34.8,41,19.7,37.4,9.6,19,0.0,600.0,3,0
2025-08-14 18:00:00,25573.917683,34.4,42,19.8,36.6,10.3,11,0.0,436.0,3,0
2025-08-14 19:00:00,24945.445316,33.5,46,20.5,36.3,8.6,13,0.0,260.0,3,0
2025-08-14 20:00:00,23915.198695,33.0,50,21.1,36.2,8.4,25,0.0,82.0,3,0
2025-08-14 21:00:00,23049.75744,31.5,57,21.9,34.7,11.2,23,0.0,1.0,3,0
2025-08-14 22:00:00,21601.504719,30.6,59,21.7,33.9,9.9,33,0.0,0.0,3,0
2025-08-14 23:00:00,19997.802349,30.4,60,21.6,33.4,11.3,15,0.0,0.0,3,0
2025-08-15 00:00:00,18627.549016,29.6,63,21.8,33.3,7.8,2,0.0,0.0,4,0
2025-08-15 01:00:00,17686.602712,29.2,64,21.6,32.5,9.9,3,0.0,0.0,4,0
2025-08-15 02:00:00,16947.986607,29.0,64,21.5,32.2,9.8,0,0.0,0.0,4,0
2025-08-15 03:00:00,16400.751862,28.5,65,21.4,31.8,8.9,0,0.0,0.0,4,0
2025-08-15 04:00:00,15962.498404,28.1,67,21.4,31.4,9.2,0,0.0,0.0,4,0
2025-08-15 05:00:00,15979.746911,27.6,69,21.5,31.1,8.1,0,0.0,0.0,4,0
2025-08-15 06:00:00,16372.435279,27.0,72,21.6,30.7,6.9,1,0.0,0.0,4,0
2025-08-15 07:00:00,16488.014824,26.5,75,21.9,30.4,6.5,2,0.0,0.0,4,0
2025-08-15 08:00:00,17327.501282,26.9,79,23.0,31.2,8.7,0,0.0,69.0,4,0
2025-08-15 09:00:00,18748.479719,28.1,74,23.0,32.1,10.4,0,0.0,252.0,4,0
2025-08-15 10:00:00,20251.782836,29.7,68,23.1,33.6,11.5,0,0.0,456.0,4,0
2025-08-15 11:00:00,21577.337828,31.4,61,23.1,35.6,12.6,0,0.0,642.0,4,0
2025-08-15 12:00:00,22794.449432,33.2,53,22.4,37.7,12.8,1,0.0,788.0,4,0
2025-08-15 13:00:00,24016.561114,34.6,45,21.0,39.0,12.6,4,0.0,885.0,4,0
2025-08-15 14:00:00,25051.000554,35.7,40,20.2,39.7,13.0,11,0.0,905.0,4,0
2025-08-15 15:00:00,25696.220445,36.4,36,19.0,39.4,13.0,25,0.0,836.0,4,0
2025-08-15 16:00:00,26190.676909,36.7,33,17.9,38.6,12.4,66,0.0,708.0,4,0
2025-08-15 17:00:00,26138.423113,36.7,32,17.4,37.6,13.9,82,0.0,608.0,4,0
2025-08-15 18:00:00,25539.202498,36.2,33,17.5,36.5,15.9,31,0.0,424.0,4,0
2025-08-15 19:00:00,24259.145366,34.2,42,19.4,35.3,17.3,22,0.0,247.0,4,0
2025-08-15 20:00:00,23059.272542,33.0,48,20.5,35.4,11.7,59,0.0,78.0,4,0
2025-08-15 21:00:00,22199.646765,31.3,58,22.0,34.6,11.2,99,0.0,1.0,4,0
2025-08-15 22:00:00,20786.925304,30.7,60,22.0,34.2,9.7,15,0.0,0.0,4,0
2025-08-15 23:00:00,19395.490335,30.2,62,22.1,33.8,9.6,86,0.0,0.0,4,0
2025-08-16 00:00:00,18203.273292,29.6,66,22.6,33.5,9.6,100,0.0,0.0,5,0
2025-08-16 01:00:00,17198.781904,29.5,65,22.4,33.2,10.1,100,0.0,0.0,5,0
2025-08-16 02:00:00,16431.503234,29.3,64,21.8,32.7,9.7,93,0.0,0.0,5,0
2025-08-16 03:00:00,15842.947978,28.8,66,21.9,32.1,10.3,1,0.0,0.0,5,0
2025-08-16 04:00:00,15476.353638,28.2,70,22.1,31.8,9.1,0,0.0,0.0,5,0
2025-08-16 05:00:00,15303.025336,27.8,72,22.1,31.5,8.5,0,0.0,0.0,5,0
2025-08-16 06:00:00,15173.182902,27.3,74,22.2,31.1,8.7,0,0.0,0.0,5,0
2025-08-16 07:00:00,15180.928658,26.9,76,22.4,30.9,7.6,0,0.0,0.0,5,0
2025-08-16 08:00:00,16221.434776,26.7,79,22.7,30.7,9.0,0,0.0,68.0,5,0
2025-08-16 09:00:00,17664.495403,27.9,72,22.4,31.5,10.4,0,0.0,250.0,5,0
2025-08-16 10:00:00,19144.480274,29.4,64,22.0,32.9,9.6,1,0.0,454.0,5,0
2025-08-16 11:00:00,20523.769968,31.1,58,21.9,35.0,9.6,0,0.0,636.0,5,0
2025-08-16 12:00:00,21807.619815,32.7,51,21.2,36.9,11.2,3,0.0,783.0,5,0
2025-08-16 13:00:00,22827.73247,34.2,45,20.5,38.2,12.4,17,0.0,871.0,5,0
2025-08-16 14:00:00,23804.352459,35.0,41,19.7,38.4,14.1,23,0.0,870.0,5,0
2025-08-16 15:00:00,24389.11456,35.5,39,19.6,38.1,16.4,14,0.0,806.0,5,0
2025-08-16 16:00:00,24706.50398,35.7,38,19.3,37.7,17.2,11,0.0,760.0,5,0
2025-08-16 17:00:00,24592.764406,35.5,38,19.1,36.8,16.3,16,0.0,611.0,5,0
2025-08-16 18:00:00,24034.189014,35.3,39,19.4,36.6,15.7,24,0.0,445.0,5,0
2025-08-16 19:00:00,23137.901118,34.8,40,19.0,35.9,15.5,21,0.0,232.0,5,0
2025-08-16 20:00:00,22280.869267,32.0,50,20.2,34.8,7.9,18,0.0,73.0,5,0
2025-08-16 21:00:00,21396.966093,30.8,55,20.7,33.8,8.5,9,0.0,1.0,5,0
2025-08-16 22:00:00,20185.530893,30.1,58,21.0,33.6,6.4,4,0.0,0.0,5,0
2025-08-16 23:00:00,19127.804417,29.8,60,21.1,33.1,7.7,19,0.0,0.0,5,0
2025-08-17 00:00:00,18016.852778,29.4,62,21.4,32.8,7.8,38,0.0,0.0,6,0
2025-08-17 01:00:00,16999.069174,29.1,65,22.0,32.4,11.1,50,0.0,0.0,6,0
2025-08-17 02:00:00,16317.296273,28.9,69,22.5,32.7,9.8,43,0.0,0.0,6,0
2025-08-17 03:00:00,15817.131001,28.7,70,22.8,32.5,10.3,66,0.0,0.0,6,0
2025-08-17 04:00:00,15491.976365,28.5,71,22.8,32.4,10.1,48,0.0,0.0,6,0
2025-08-17 05:00:00,15304.012689,28.2,73,22.9,32.3,8.7,4,0.0,0.0,6,0
2025-08-17 06:00:00,15111.429843,27.9,75,23.0,32.2,7.7,20,0.0,0.0,6,0
2025-08-17 07:00:00,15126.543224,27.5,76,22.9,31.9,7.4,0,0.0,0.0,6,0
2025-08-17 08:00:00,16017.518914,27.4,77,23.0,31.7,8.6,91,0.0,54.0,6,0
2025-08-17 09:00:00,17579.57969,28.5,73,23.1,32.7,9.3,60,0.0,217.0,6,0
2025-08-17 10:00:00,18887.991987,30.1,65,22.8,34.3,8.1,38,0.0,413.0,6,0
2025-08-17 11:00:00,20398.324553,31.6,58,22.4,35.6,7.7,50,0.0,535.0,6,0
2025-08-17 12:00:00,21696.256359,33.2,51,21.5,37.2,8.2,46,0.0,656.0,6,0
2025-08-17 13:00:00,22779.215739,34.5,44,20.5,39.1,7.3,48,0.0,799.0,6,0
2025-08-17 14:00:00,23564.752864,35.3,41,20.2,39.5,7.6,75,0.0,768.0,6,0
2025-08-17 15:00:00,23571.049007,36.0,39,20.0,39.8,7.8,74,0.0,737.0,6,0
2025-08-17 16:00:00,23578.721119,36.3,37,19.5,39.2,9.1,97,0.0,654.0,6,0
2025-08-17 17:00:00,23610.003031,36.0,38,19.3,38.1,9.4,100,0.0,455.0,6,0
2025-08-17 18:00:00,23328.846048,35.0,39,19.0,37.0,9.3,99,0.0,250.0,6,0
2025-08-17 19:00:00,22829.209375,34.0,40,18.6,35.7,10.1,100,0.2,146.0,6,0
2025-08-17 20:00:00,22316.298747,33.4,47,20.4,36.0,9.8,97,0.0,65.0,6,0
2025-08-17 21:00:00,21326.49862,32.8,48,20.2,35.3,10.5,90,0.0,0.0,6,0
2025-08-17 22:00:00,19892.342589,32.0,50,20.4,34.7,8.9,83,0.0,0.0,6,0
2025-08-17 23:00:00,18322.098333,31.2,53,20.5,34.5,6.2,22,0.0,0.0,6,0
2025-08-18 00:00:00,17094.762576,30.9,54,20.5,34.2,5.7,4,0.0,0.0,0,0
2025-08-18 01:00:00,16118.83188,30.5,56,20.7,33.8,6.1,1,0.0,0.0,0,0
2025-08-18 02:00:00,15464.951879,30.0,58,20.8,33.4,5.9,0,0.0,0.0,0,0
2025-08-18 03:00:00,15195.369502,29.5,60,21.0,32.7,7.9,77,0.0,0.0,0,0
2025-08-18 04:00:00,15165.522688,29.1,62,21.1,32.4,7.6,17,0.0,0.0,0,0
2025-08-18 05:00:00,15544.479688,28.7,63,21.0,32.0,7.5,15,0.0,0.0,0,0
2025-08-18 06:00:00,16304.327826,28.4,64,20.8,31.7,6.2,4,0.0,0.0,0,0
2025-08-18 07:00:00,16554.393699,28.0,64,20.5,31.5,4.7,0,0.0,0.0,0,0
2025-08-18 08:00:00,17389.658308,28.6,65,21.4,32.4,5.2,3,0.0,65.0,0,0
2025-08-18 09:00:00,18910.093728,30.6,58,21.3,34.2,6.1,0,0.0,244.0,0,0
2025-08-18 10:00:00,20738.535431,32.2,52,21.0,34.9,11.0,26,0.0,446.0,0,0
2025-08-18 11:00:00,22538.176561,32.8,48,20.5,35.9,7.6,42,0.0,499.0,0,0
2025-08-18 12:00:00,24098.391422,34.3,42,19.7,37.6,3.6,54,0.0,572.0,0,0
2025-08-18 13:00:00,25122.352242,35.8,37,18.9,39.5,3.1,49,0.0,688.0,0,0
2025-08-18 14:00:00,25730.743558,37.2,33,18.2,41.1,4.3,49,0.0,794.0,0,0
2025-08-18 15:00:00,26051.314933,37.8,32,18.1,40.7,7.1,55,0.0,712.0,0,0
2025-08-18 16:00:00,26445.258823,38.0,32,18.2,40.7,8.9,58,0.0,715.0,0,0
2025-08-18 17:00:00,26581.624761,38.0,30,17.4,39.7,8.9,79,0.0,609.0,0,0
2025-08-18 18:00:00,26398.236811,37.5,29,16.6,38.3,10.3,73,0.0,427.0,0,0
2025-08-18 19:00:00,25503.208662,36.3,32,17.0,37.4,9.4,60,0.0,196.0,0,0
2025-08-18 20:00:00,24716.758918,35.9,34,17.5,37.7,6.2,24,0.0,60.0,0,0
2025-08-18 21:00:00,23260.324907,35.3,36,18.1,37.5,5.1,10,0.0,0.0,0,0
2025-08-18 22:00:00,21497.264456,34.3,40,18.6,36.2,9.2,2,0.0,0.0,0,0
2025-08-18 23:00:00,19829.822412,33.4,42,18.7,35.4,8.0,1,0.0,0.0,0,0
2025-08-19 00:00:00,18308.98544,32.5,45,19.2,34.9,7.1,0,0.0,0.0,1,0
2025-08-19 01:00:00,17195.56958,31.2,52,20.1,33.9,8.0,0,0.0,0.0,1,0
2025-08-19 02:00:00,16447.662403,30.1,60,21.5,33.7,6.9,0,0.0,0.0,1,0
2025-08-19 03:00:00,15815.215151,29.6,64,22.0,33.8,4.9,0,0.0,0.0,1,0
2025-08-19 04:00:00,15620.008273,29.1,65,21.9,33.5,3.0,0,0.0,0.0,1,0
2025-08-19 05:00:00,15880.091067,28.9,64,21.3,32.9,3.5,0,0.0,0.0,1,0
2025-08-19 06:00:00,16500.220061,28.4,64,21.0,32.2,3.1,15,0.0,0.0,1,0
2025-08-19 07:00:00,16589.3533,27.8,66,20.9,31.7,2.9,69,0.0,0.0,1,0
2025-08-19 08:00:00,17372.583085,28.5,65,21.2,32.7,1.8,0,0.0,64.0,1,0
2025-08-19 09:00:00,19047.361208,30.5,58,21.1,34.8,0.5,2,0.0,247.0,1,0
2025-08-19 10:00:00,20954.365062,33.0,50,21.0,37.0,2.3,21,0.0,451.0,1,0
2025-08-19 11:00:00,22854.683126,35.4,40,19.6,39.1,3.4,0,0.0,639.0,1,0
2025-08-19 12:00:00,24511.659691,37.2,33,18.1,41.0,4.6,2,0.0,786.0,1,0
2025-08-19 13:00:00,25869.258664,38.5,29,17.2,42.3,5.8,24,0.0,876.0,1,0
2025-08-19 14:00:00,26865.576925,39.5,27,17.0,42.7,6.5,34,0.0,836.0,1,0
2025-08-19 15:00:00,27364.842255,39.8,26,16.7,42.5,7.7,23,0.0,788.0,1,0
2025-08-19 16:00:00,27531.756431,40.2,25,16.5,42.4,8.5,15,0.0,746.0,1,0
2025-08-19 17:00:00,27428.602307,40.0,25,16.1,41.2,9.3,27,0.0,617.0,1,0
2025-08-19 18:00:00,26788.324892,39.3,25,15.6,39.7,10.8,30,0.0,402.0,1,0
2025-08-19 19:00:00,25448.718269,38.3,26,15.4,38.4,12.4,41,0.0,227.0,1,0
2025-08-19 20:00:00,24505.149554,36.0,36,18.8,37.7,10.7,41,0.0,67.0,1,0
2025-08-19 21:00:00,23441.535372,34.7,40,19.1,37.5,4.3,63,0.2,0.0,1,0
2025-08-19 22:00:00,21696.874291,32.9,47,20.0,36.0,5.5,41,0.1,0.0,1,0
2025-08-19 23:00:00,19902.633965,32.2,50,20.5,35.9,3.0,44,0.0,0.0,1,0
2025-08-20 00:00:00,18223.984157,31.5,54,21.0,35.0,6.1,15,0.0,0.0,2,0
2025-08-20 01:00:00,17285.295515,30.8,60,22.0,35.5,1.9,9,0.0,0.0,2,0
2025-08-20 02:00:00,16465.873537,30.2,67,23.4,35.8,1.3,11,0.0,0.0,2,0
2025-08-20 03:00:00,15923.278304,29.7,69,23.4,35.1,2.2,2,0.0,0.0,2,0
2025-08-20 04:00:00,15618.073246,29.3,73,23.9,35.3,0.2,1,0.0,0.0,2,0
2025-08-20 05:00:00,15822.881116,28.8,70,22.7,33.8,1.8,0,0.0,0.0,2,0
2025-08-20 06:00:00,16533.359962,28.3,72,22.7,32.8,5.7,0,0.0,0.0,2,0
2025-08-20 07:00:00,16596.478909,27.9,73,22.6,32.3,5.2,2,0.0,0.0,2,0
2025-08-20 08:00:00,17155.778614,23.6,94,22.6,27.6,8.9,100,13.1,6.0,2,0
2025-08-20 09:00:00,17654.339038,23.9,96,23.2,28.6,6.2,100,3.0,0.0,2,0
2025-08-20 10:00:00,17890.597843,24.4,94,23.4,29.6,3.6,100,2.0,51.0,2,0
2025-08-20 11:00:00,18064.235941,25.5,86,23.0,29.6,10.3,100,0.3,186.0,2,0
2025-08-20 12:00:00,18526.641136,26.2,85,23.5,30.7,8.6,100,0.4,298.0,2,0
2025-08-20 13:00:00,19270.807864,27.0,79,23.1,31.3,8.5,98,0.0,321.0,2,0
2025-08-20 14:00:00,20265.667102,28.8,70,22.9,33.6,10.3,100,0.0,723.0,2,0
2025-08-20 15:00:00,21249.344612,28.4,68,22.0,31.8,10.1,100,0.0,271.0,2,0
2025-08-20 16:00:00,22311.202547,28.8,67,22.0,32.4,9.4,43,0.0,348.0,2,0
2025-08-20 17:00:00,22721.403224,29.1,67,22.4,33.2,7.1,100,0.0,366.0,2,0
2025-08-20 18:00:00,22724.203306,28.9,69,22.6,33.4,5.2,100,0.0,221.0,2,0
2025-08-20 19:00:00,21962.893658,28.7,71,22.9,33.7,2.5,100,0.0,110.0,2,0
2025-08-20 20:00:00,21113.037857,30.8,65,23.3,35.8,4.4,13,0.0,64.0,2,0
2025-08-20 21:00:00,19538.489963,29.6,70,23.6,34.7,5.6,14,0.0,0.0,2,0
2025-08-20 22:00:00,18271.809754,29.1,71,23.4,34.1,5.0,18,0.0,0.0,2,0
2025-08-20 23:00:00,17124.198943,28.6,74,23.5,33.8,3.9,20,0.0,0.0,2,0
2025-08-21 00:00:00,16198.273743,28.4,78,24.2,34.4,2.1,12,0.0,0.0,3,0
2025-08-21 01:00:00,15345.47001,27.8,77,23.5,33.0,3.2,0,0.0,0.0,3,0
2025-08-21 02:00:00,14711.288639,27.2,79,23.2,32.0,6.2,0,0.0,0.0,3,0
2025-08-21 03:00:00,14351.477367,26.9,81,23.4,31.5,7.3,0,0.0,0.0,3,0
2025-08-21 04:00:00,14299.904632,26.5,84,23.5,31.2,7.0,0,0.0,0.0,3,0
2025-08-21 05:00:00,14711.418158,26.0,85,23.4,30.7,6.8,0,0.0,0.0,3,0
2025-08-21 06:00:00,15415.380969,25.7,86,23.2,30.4,6.4,0,0.0,0.0,3,0
2025-08-21 07:00:00,15676.153757,25.6,86,23.1,30.1,7.1,0,0.0,0.0,3,0
2025-08-21 08:00:00,16555.312109,25.1,84,22.4,29.5,5.0,8,0.0,45.0,3,0
2025-08-21 09:00:00,17787.190147,27.5,76,22.9,31.9,6.8,11,0.0,226.0,3,0
2025-08-21 10:00:00,19276.836826,29.6,64,22.1,33.5,7.2,22,0.0,420.0,3,0
2025-08-21 11:00:00,20972.07907,31.3,58,22.0,35.5,6.6,1,0.0,581.0,3,0
2025-08-21 12:00:00,22594.086652,33.0,50,21.4,37.9,7.0,6,0.0,767.0,3,0
2025-08-21 13:00:00,23820.012578,34.0,44,20.2,38.3,8.9,23,0.0,827.0,3,0
2025-08-21 14:00:00,24818.283252,34.5,42,19.5,38.2,10.0,18,0.0,829.0,3,0
2025-08-21 15:00:00,25309.354085,34.9,39,19.0,38.1,11.4,14,0.0,810.0,3,0
2025-08-21 16:00:00,25640.269509,34.2,40,18.9,36.9,9.4,34,0.0,679.0,3,0
2025-08-21 17:00:00,25510.129171,32.5,45,19.0,34.2,12.6,74,0.3,566.0,3,0
2025-08-21 18:00:00,24556.144168,31.8,50,20.1,35.0,5.1,21,0.2,359.0,3,0
2025-08-21 19:00:00,22964.766642,31.9,51,20.4,34.7,7.8,29,0.0,228.0,3,0
2025-08-21 20:00:00,21943.085868,30.8,52,20.0,33.8,5.6,62,0.0,59.0,3,0
2025-08-21 21:00:00,20875.528697,29.7,55,19.8,32.2,8.5,21,0.1,0.0,3,0
2025-08-21 22:00:00,19432.612407,29.0,58,20.0,32.0,5.6,1,0.0,0.0,3,0
2025-08-21 23:00:00,17876.381137,28.3,62,20.4,31.5,5.7,12,0.0,0.0,3,0
2025-08-22 00:00:00,16492.748558,28.0,66,21.1,32.1,2.7,1,0.0,0.0,4,0
2025-08-22 01:00:00,15591.106558,27.6,68,21.1,32.0,1.0,12,0.0,0.0,4,0
2025-08-22 02:00:00,15002.733073,26.9,72,21.4,31.0,3.1,6,0.0,0.0,4,0
2025-08-22 03:00:00,14605.654742,26.1,77,21.8,30.3,4.2,7,0.0,0.0,4,0
2025-08-22 04:00:00,14589.499425,25.9,79,21.9,30.1,4.2,17,0.0,0.0,4,0
2025-08-22 05:00:00,14965.766761,25.5,81,21.9,29.6,5.0,3,0.0,0.0,4,0
2025-08-22 06:00:00,15748.596393,25.0,82,21.9,29.1,5.5,2,0.0,0.0,4,0
2025-08-22 07:00:00,15988.648814,24.9,83,21.8,28.8,5.9,0,0.0,0.0,4,0
2025-08-22 08:00:00,16644.863888,23.9,93,22.7,28.0,8.4,93,0.8,41.0,4,0
2025-08-22 09:00:00,17538.231612,24.7,87,22.3,29.0,5.5,83,0.7,132.0,4,0
2025-08-22 10:00:00,18474.025925,26.4,76,21.9,30.2,7.2,100,0.0,270.0,4,0
2025-08-22 11:00:00,19626.176088,27.4,72,21.9,31.3,6.8,100,0.0,218.0,4,0
2025-08-22 12:00:00,20646.786577,29.1,61,20.8,32.5,6.0,92,0.0,372.0,4,0
2025-08-22 13:00:00,21742.688397,31.0,52,20.1,34.6,5.2,70,0.0,613.0,4,0
2025-08-22 14:00:00,22766.989977,32.5,47,19.8,37.8,3.3,22,0.0,860.0,4,0
2025-08-22 15:00:00,23366.841561,33.1,41,18.1,37.0,4.6,19,0.1,806.0,4,0
2025-08-22 16:00:00,23946.748498,33.6,38,17.5,36.8,4.7,17,0.1,741.0,4,0
2025-08-22 17:00:00,23998.279565,33.8,36,16.9,35.5,6.0,59,0.1,587.0,4,0
2025-08-22 18:00:00,23302.055717,33.2,38,17.0,34.5,8.6,100,0.0,390.0,4,0
2025-08-22 19:00:00,22228.688891,32.2,41,17.3,33.5,8.4,52,0.0,195.0,4,0
2025-08-22 20:00:00,21196.000437,32.1,45,18.6,34.9,2.4,34,0.0,60.0,4,0
2025-08-22 21:00:00,20193.848433,30.8,47,18.4,33.3,3.6,38,0.0,0.0,4,0
2025-08-22 22:00:00,18754.827843,30.1,50,18.6,32.7,4.2,31,0.0,0.0,4,0
2025-08-22 23:00:00,17403.301901,29.1,56,19.5,32.2,3.9,18,0.0,0.0,4,0
2025-08-23 00:00:00,16111.481181,28.3,63,20.6,32.0,3.1,4,0.0,0.0,5,0
2025-08-23 01:00:00,14948.688432,27.6,66,20.6,31.3,3.7,4,0.0,0.0,5,0
2025-08-23 02:00:00,14188.004678,27.2,68,20.8,30.9,4.0,5,0.0,0.0,5,0
2025-08-23 03:00:00,13711.873313,26.7,71,20.9,30.4,4.2,10,0.0,0.0,5,0
2025-08-23 04:00:00,13443.48682,26.3,73,21.1,30.1,4.5,32,0.0,0.0,5,0
2025-08-23 05:00:00,13416.590668,25.8,76,21.3,29.6,5.1,4,0.0,0.0,5,0
2025-08-23 06:00:00,13504.930843,25.3,79,21.4,29.0,6.2,0,0.0,0.0,5,0
2025-08-23 07:00:00,13634.958955,24.9,81,21.4,28.4,6.7,0,0.0,0.0,5,0
2025-08-23 08:00:00,14885.614993,24.7,80,21.0,28.2,5.7,0,0.0,60.0,5,0
2025-08-23 09:00:00,16428.238277,26.6,72,21.1,30.4,4.9,0,0.0,244.0,5,0
2025-08-23 10:00:00,18087.269273,29.1,61,20.9,32.6,6.2,0,0.0,452.0,5,0
2025-08-23 11:00:00,19910.134047,31.4,51,20.1,35.0,6.4,0,0.0,644.0,5,0
2025-08-23 12:00:00,21166.584106,33.2,41,18.2,36.3,8.5,28,0.0,779.0,5,0
2025-08-23 13:00:00,22012.09924,34.2,33,15.6,35.8,10.8,16,0.0,787.0,5,0
2025-08-23 14:00:00,22811.382124,35.2,29,14.4,36.9,11.3,28,0.0,873.0,5,0
2025-08-23 15:00:00,23452.528826,35.2,29,14.6,35.4,14.8,22,0.0,708.0,5,0
2025-08-23 16:00:00,23914.575351,35.0,28,14.1,35.4,13.2,3,0.0,720.0,5,0
2025-08-23 17:00:00,23946.070534,35.3,26,12.8,35.1,11.4,0,0.0,639.0,5,0
2025-08-23 18:00:00,23430.513735,34.7,28,13.6,34.1,12.1,0,0.0,470.0,5,0
2025-08-23 19:00:00,22243.34869,33.8,28,12.7,32.9,11.6,0,0.0,258.0,5,0
2025-08-23 20:00:00,20870.744244,32.6,32,13.9,32.7,8.3,1,0.0,66.0,5,0
2025-08-23 21:00:00,19610.861114,31.2,38,15.4,32.0,7.1,1,0.0,0.0,5,0
2025-08-23 22:00:00,18279.331946,30.4,44,16.6,31.5,7.6,4,0.0,0.0,5,0
2025-08-23 23:00:00,16928.628816,29.9,46,16.9,31.3,6.8,2,0.0,0.0,5,0
2025-08-24 00:00:00,15729.305589,29.0,49,17.1,31.0,3.4,2,0.0,0.0,6,0
2025-08-24 01:00:00,14910.508412,28.6,50,17.2,30.9,1.8,4,0.0,0.0,6,0
2025-08-24 02:00:00,14172.288869,28.2,50,16.9,29.8,6.2,6,0.0,0.0,6,0
2025-08-24 03:00:00,13630.273841,27.8,53,17.4,29.2,8.4,5,0.0,0.0,6,0
2025-08-24 04:00:00,13241.533462,27.3,57,17.9,29.1,7.5,2,0.0,0.0,6,0
2025-08-24 05:00:00,13077.973963,26.6,61,18.5,28.8,7.0,0,0.0,0.0,6,0
2025-08-24 06:00:00,13005.591866,26.0,65,19.0,28.3,7.9,0,0.0,0.0,6,0
2025-08-24 07:00:00,12932.640508,25.5,69,19.5,28.1,7.4,0,0.0,0.0,6,0
2025-08-24 08:00:00,14091.897912,24.5,77,20.2,27.8,4.8,0,0.0,57.0,6,0
2025-08-24 09:00:00,15504.257074,26.1,70,20.2,29.3,5.2,0,0.0,238.0,6,0
2025-08-24 10:00:00,16983.380568,28.1,63,20.3,31.4,4.9,0,0.0,445.0,6,0
2025-08-24 11:00:00,18860.518659,30.2,55,20.2,34.1,4.0,14,0.0,635.0,6,0
2025-08-24 12:00:00,20600.550598,32.2,48,19.8,36.8,4.0,49,0.0,785.0,6,0
2025-08-24 13:00:00,22117.384014,33.8,39,18.0,38.4,3.1,38,0.0,867.0,6,0
2025-08-24 14:00:00,23232.77229,34.8,34,16.6,38.8,2.4,19,0.0,853.0,6,0
2025-08-24 15:00:00,24052.691931,35.5,31,15.8,38.7,2.1,82,0.0,779.0,6,0
2025-08-24 16:00:00,24610.754027,35.8,30,15.4,38.0,2.7,37,0.0,660.0,6,0
2025-08-24 17:00:00,24856.786664,36.0,28,14.9,37.2,3.7,24,0.0,556.0,6,0
2025-08-24 18:00:00,24368.947507,35.7,29,14.8,36.2,6.8,22,0.0,406.0,6,0
2025-08-24 19:00:00,23014.217469,34.7,31,14.9,34.7,10.4,18,0.0,221.0,6,0
2025-08-24 20:00:00,22168.543945,34.4,30,14.5,34.5,9.3,26,0.0,53.0,6,0
2025-08-24 21:00:00,20924.552986,33.1,35,15.8,33.5,10.6,8,0.0,0.0,6,0
2025-08-24 22:00:00,19454.805289,32.2,38,16.1,33.3,6.9,1,0.0,0.0,6,0
2025-08-24 23:00:00,17868.462122,31.5,40,16.4,32.7,7.0,8,0.0,0.0,6,0
2025-08-25 00:00:00,16491.004451,30.7,43,16.6,32.2,5.9,98,0.0,0.0,0,0
2025-08-25 01:00:00,15399.215067,29.9,45,16.6,31.0,7.8,55,0.0,0.0,0,0
2025-08-25 02:00:00,14609.281403,29.1,47,16.5,30.3,7.3,99,0.0,0.0,0,0
2025-08-25 03:00:00,14209.128333,28.5,49,16.7,29.9,6.7,95,0.0,0.0,0,0
2025-08-25 04:00:00,14040.268028,28.0,52,17.1,29.5,6.7,3,0.0,0.0,0,0
2025-08-25 05:00:00,14465.067107,27.5,55,17.5,29.1,7.4,3,0.0,0.0,0,0
2025-08-25 06:00:00,15251.185835,27.0,58,18.0,28.7,7.6,89,0.0,0.0,0,0
2025-08-25 07:00:00,15456.390112,26.6,59,18.0,28.4,7.4,61,0.0,0.0,0,0
2025-08-25 08:00:00,15903.90737,25.7,68,19.2,28.1,7.6,9,0.0,57.0,0,0
2025-08-25 09:00:00,17063.361697,27.5,62,19.5,30.4,5.0,96,0.0,245.0,0,0
2025-08-25 10:00:00,18591.840143,29.3,56,19.6,32.3,4.7,62,0.0,358.0,0,0
2025-08-25 11:00:00,20122.406391,31.0,50,19.4,33.7,6.4,15,0.0,485.0,0,0
2025-08-25 12:00:00,21642.073902,32.8,42,18.2,35.6,8.3,15,0.0,707.0,0,0
2025-08-25 13:00:00,23026.167108,34.4,35,16.6,37.4,7.4,24,0.0,840.0,0,0
2025-08-25 14:00:00,24398.683455,35.4,30,15.2,37.8,8.1,21,0.0,859.0,0,0
2025-08-25 15:00:00,25314.046383,35.8,29,14.7,37.2,11.2,3,0.0,829.0,0,0
2025-08-25 16:00:00,25790.748029,36.0,26,13.6,36.4,13.0,5,0.0,771.0,0,0
2025-08-25 17:00:00,25777.553798,35.8,25,12.4,35.0,12.3,15,0.0,609.0,0,0
2025-08-25 18:00:00,25082.744704,35.2,25,12.4,34.3,11.3,15,0.0,417.0,0,0
2025-08-25 19:00:00,23676.466118,34.7,27,12.8,34.0,10.4,7,0.0,218.0,0,0
2025-08-25 20:00:00,22494.555782,32.8,31,13.3,32.4,10.2,18,0.0,53.0,0,0
2025-08-25 21:00:00,21407.76936,32.0,34,14.3,31.9,10.5,94,0.0,0.0,0,0
2025-08-25 22:00:00,19798.663058,31.6,36,14.6,32.0,7.5,100,0.0,0.0,0,0
2025-08-25 23:00:00,18158.291685,31.1,38,15.1,32.1,5.1,62,0.0,0.0,0,0
2025-08-26 00:00:00,16932.227461,30.0,44,16.5,30.8,9.4,36,0.0,0.0,1,0
2025-08-26 01:00:00,15983.666018,28.5,55,18.6,30.7,6.9,76,0.0,0.0,1,0
2025-08-26 02:00:00,15194.510861,28.0,57,18.5,30.5,4.1,58,0.0,0.0,1,0
2025-08-26 03:00:00,14623.009506,27.4,61,19.1,30.3,3.3,100,0.0,0.0,1,0
2025-08-26 04:00:00,14390.819625,27.6,59,19.0,30.7,2.5,98,0.0,0.0,1,0
2025-08-26 05:00:00,14710.063014,26.5,66,19.6,29.7,3.2,57,0.0,0.0,1,0
2025-08-26 06:00:00,15326.121121,26.1,69,20.0,29.4,4.2,85,0.0,0.0,1,0
2025-08-26 07:00:00,15391.657789,25.6,73,20.4,28.6,7.3,20,0.0,0.0,1,0
2025-08-26 08:00:00,15547.713381,24.0,70,18.2,25.7,9.4,41,0.0,52.0,1,0
2025-08-26 09:00:00,16075.748807,25.1,64,17.9,26.7,8.5,63,0.0,196.0,1,0
2025-08-26 10:00:00,16862.658428,26.6,58,17.8,28.1,8.6,74,0.0,395.0,1,0
2025-08-26 11:00:00,17808.692529,28.1,53,17.6,29.6,8.9,28,0.0,568.0,1,0
2025-08-26 12:00:00,18855.992916,29.9,48,17.6,32.4,8.6,27,0.0,737.0,1,0
2025-08-26 13:00:00,19926.691152,31.2,44,17.7,34.2,8.4,41,0.0,787.0,1,0
2025-08-26 14:00:00,20954.989512,31.8,43,17.6,34.1,7.5,36,0.0,663.0,1,0
2025-08-26 15:00:00,21672.622005,33.0,39,17.4,36.0,6.8,84,0.0,765.0,1,0
2025-08-26 16:00:00,21879.058971,33.2,38,17.1,34.7,7.4,100,0.0,537.0,1,0
2025-08-26 17:00:00,21915.375288,32.3,39,16.8,33.4,9.2,100,0.0,207.0,1,0
2025-08-26 18:00:00,21486.142865,32.0,40,16.6,33.0,9.2,100,0.0,112.0,1,0
2025-08-26 19:00:00,20452.711092,31.9,40,16.6,32.5,11.3,100,0.0,74.0,1,0
2025-08-26 20:00:00,19757.3791,27.1,59,18.4,28.3,12.6,12,0.0,51.0,1,0
2025-08-26 21:00:00,18719.734966,26.1,63,18.5,27.5,12.4,8,0.0,0.0,1,0
2025-08-26 22:00:00,17241.248343,25.0,67,18.5,26.3,12.0,5,0.0,0.0,1,0
2025-08-26 23:00:00,15844.691065,24.0,71,18.3,25.5,10.5,5,0.0,0.0,1,0
2025-08-27 00:00:00,14680.575196,23.2,74,18.2,24.9,9.3,26,0.0,0.0,2,1
2025-08-27 01:00:00,13819.944185,22.6,76,18.2,24.3,9.3,80,0.0,0.0,2,1
2025-08-27 02:00:00,13219.5125,22.5,77,18.2,24.1,9.3,32,0.0,0.0,2,1
2025-08-27 03:00:00,12958.508225,22.2,78,18.2,24.1,8.1,20,0.0,0.0,2,1
2025-08-27 04:00:00,12919.542734,22.0,79,18.2,24.0,6.8,2,0.0,0.0,2,1
2025-08-27 05:00:00,13333.763392,21.8,81,18.3,23.9,6.4,12,0.0,0.0,2,1
2025-08-27 06:00:00,14346.184587,21.7,82,18.4,24.0,5.2,22,0.0,0.0,2,1
2025-08-27 07:00:00,14451.27295,21.8,82,18.5,24.1,5.5,13,0.0,0.0,2,1
2025-08-27 08:00:00,14864.734166,21.9,82,18.6,24.1,7.0,9,0.0,50.0,2,1
2025-08-27 09:00:00,15792.746997,23.4,75,18.7,25.6,7.4,0,0.0,214.0,2,1
2025-08-27 10:00:00,16863.376032,25.5,66,18.8,27.8,6.9,6,0.0,419.0,2,1
2025-08-27 11:00:00,18202.550823,28.0,58,19.0,30.8,6.2,15,0.0,605.0,2,1
2025-08-27 12:00:00,19724.170419,30.0,53,19.4,33.8,7.0,8,0.0,745.0,2,1
2025-08-27 13:00:00,21355.453708,31.5,49,19.5,35.3,8.1,7,0.0,767.0,2,1
2025-08-27 14:00:00,22808.88603,32.8,45,19.5,37.0,8.1,15,0.0,838.0,2,1
2025-08-27 15:00:00,23854.025782,33.7,42,19.2,37.6,7.7,18,0.0,817.0,2,1
2025-08-27 16:00:00,24461.623902,34.0,41,18.8,37.0,8.3,17,0.0,705.0,2,1
2025-08-27 17:00:00,24726.745517,34.0,40,18.6,35.8,10.2,31,0.0,548.0,2,1
2025-08-27 18:00:00,24240.595579,33.8,41,18.8,35.6,10.4,49,0.0,365.0,2,1
2025-08-27 19:00:00,23208.132423,32.4,46,19.2,34.5,9.5,44,0.2,188.0,2,1
2025-08-27 20:00:00,22518.308165,32.0,48,19.7,34.1,10.8,39,0.0,43.0,2,1
2025-08-27 21:00:00,21409.770573,30.8,53,20.0,32.8,11.9,19,0.0,0.0,2,1
2025-08-27 22:00:00,19942.322498,30.0,55,20.1,32.3,11.2,13,0.0,0.0,2,1
2025-08-27 23:00:00,18428.884973,29.6,57,20.2,32.0,11.4,9,0.0,0.0,2,1
2025-08-28 00:00:00,17193.870962,29.1,59,20.2,31.2,12.6,0,0.0,0.0,3,0
2025-08-28 01:00:00,16306.666172,28.6,61,20.5,31.0,11.8,3,0.0,0.0,3,0
2025-08-28 02:00:00,15631.505856,28.4,62,20.5,30.8,11.9,1,0.0,0.0,3,0
2025-08-28 03:00:00,15234.141057,28.0,64,20.5,30.5,11.7,5,0.0,0.0,3,0
2025-08-28 04:00:00,15217.278209,27.6,67,21.0,30.2,12.2,78,0.0,0.0,3,0
2025-08-28 05:00:00,15660.755059,27.3,70,21.5,30.2,12.0,1,0.0,0.0,3,0
2025-08-28 06:00:00,16359.487113,27.0,73,21.6,29.9,12.8,0,0.0,0.0,3,0
2025-08-28 07:00:00,16515.139273,26.6,74,21.7,29.6,12.5,0,0.0,0.0,3,0
2025-08-28 08:00:00,16993.123279,26.9,75,22.1,30.1,11.7,65,0.0,48.0,3,0
2025-08-28 09:00:00,18144.596418,27.7,72,22.2,30.8,13.0,53,0.0,174.0,3,0
2025-08-28 10:00:00,19487.322089,29.7,63,21.9,32.8,11.9,18,0.0,397.0,3,0
2025-08-28 11:00:00,20972.782393,31.8,54,21.4,35.0,10.7,0,0.0,583.0,3,0
2025-08-28 12:00:00,22438.192504,34.3,43,20.1,37.6,12.9,2,0.0,766.0,3,0
2025-08-28 13:00:00,23894.656631,36.0,38,19.3,39.3,12.9,10,0.0,840.0,3,0
2025-08-28 14:00:00,25373.47489,37.0,35,18.9,40.2,12.4,17,0.0,861.0,3,0
2025-08-28 15:00:00,25945.830716,37.9,33,18.9,40.9,12.7,35,0.0,827.0,3,0
2025-08-28 16:00:00,26025.234543,37.9,33,18.7,40.5,10.8,47,0.0,711.0,3,0
2025-08-28 17:00:00,24908.248986,38.0,32,18.5,39.8,9.8,100,0.0,547.0,3,0
2025-08-28 18:00:00,23211.163367,26.9,78,22.8,28.9,22.4,99,7.1,248.0,3,0
2025-08-28 19:00:00,21482.479148,26.4,84,23.5,31.1,7.3,51,0.5,76.0,3,0
2025-08-28 20:00:00,20494.132325,25.9,93,24.7,30.5,13.3,100,16.0,2.0,3,0
2025-08-28 21:00:00,19563.045583,25.8,89,23.9,30.2,11.6,87,2.0,0.0,3,0
2025-08-28 22:00:00,18280.98471,25.5,90,23.9,30.4,8.1,47,0.0,0.0,3,0
2025-08-28 23:00:00,16849.988748,25.5,91,23.9,30.2,8.5,88,0.0,0.0,3,0
2025-08-29 00:00:00,15653.966844,25.2,89,23.3,29.4,10.0,99,0.0,0.0,4,0
2025-08-29 01:00:00,14828.010524,24.6,89,22.8,28.3,11.6,66,0.0,0.0,4,0
2025-08-29 02:00:00,14229.400138,23.5,90,21.8,27.0,9.2,7,0.0,0.0,4,0
2025-08-29 03:00:00,13787.993639,22.9,92,21.5,26.3,8.0,23,0.0,0.0,4,0
2025-08-29 04:00:00,13858.384486,22.5,93,21.2,25.7,8.6,19,0.0,0.0,4,0
2025-08-29 05:00:00,14192.494558,22.2,93,21.0,25.5,7.7,17,0.0,0.0,4,0
2025-08-29 06:00:00,14845.024816,22.0,93,21.0,25.3,7.6,60,0.0,0.0,4,0
2025-08-29 07:00:00,15116.126183,22.0,93,21.0,25.3,7.4,91,0.0,0.0,4,0
2025-08-29 08:00:00,15367.543203,22.3,89,20.4,25.0,9.5,64,0.1,40.0,4,0
2025-08-29 09:00:00,15831.340123,23.2,83,20.2,25.5,11.7,100,0.0,138.0,4,0
2025-08-29 10:00:00,16122.985638,24.4,79,20.5,26.6,12.9,100,0.0,215.0,4,0
2025-08-29 11:00:00,16510.391678,25.6,75,20.9,28.5,10.0,100,0.0,320.0,4,0
2025-08-29 12:00:00,16975.960872,26.5,74,21.4,30.3,5.0,100,0.1,384.0,4,0
2025-08-29 13:00:00,17370.49033,27.9,69,21.6,32.3,1.9,100,0.0,484.0,4,0
2025-08-29 14:00:00,17833.075126,28.9,65,21.6,33.1,3.1,100,0.0,491.0,4,0
2025-08-29 15:00:00,18376.765823,29.5,63,21.8,33.6,4.6,100,0.0,491.0,4,0
2025-08-29 16:00:00,18839.490971,29.6,62,21.6,33.5,5.6,100,0.0,393.0,4,0
2025-08-29 17:00:00,18918.082291,29.9,61,21.6,33.5,7.1,100,0.0,375.0,4,0
2025-08-29 18:00:00,18565.230222,29.8,61,21.5,33.3,7.9,85,0.0,315.0,4,0
2025-08-29 19:00:00,18124.651412,29.3,63,21.6,32.7,9.4,8,0.0,145.0,4,0
2025-08-29 20:00:00,17844.937573,26.4,75,21.6,29.9,8.3,100,0.0,31.0,4,0
2025-08-29 21:00:00,17323.244397,25.8,79,21.9,29.2,9.5,34,0.0,0.0,4,0
2025-08-29 22:00:00,16408.554047,25.2,80,21.6,28.4,10.1,100,0.0,0.0,4,0
2025-08-29 23:00:00,15474.783373,24.3,82,21.0,27.1,11.0,100,0.0,0.0,4,0
2025-08-30 00:00:00,14550.973789,23.9,84,21.0,27.0,8.7,100,0.0,0.0,5,0
2025-08-30 01:00:00,13706.044657,23.9,84,21.0,27.2,7.5,100,0.0,0.0,5,0
2025-08-30 02:00:00,13191.992002,23.7,85,21.0,27.1,6.7,100,0.0,0.0,5,0
2025-08-30 03:00:00,12877.158381,23.5,86,21.1,27.1,5.8,100,0.6,0.0,5,0
2025-08-30 04:00:00,12676.640121,23.2,92,21.8,27.2,5.9,100,0.7,0.0,5,0
2025-08-30 05:00:00,12746.258692,23.2,92,21.9,27.3,5.1,100,0.1,0.0,5,0
2025-08-30 06:00:00,12889.095552,23.1,93,21.9,26.5,10.1,100,0.4,0.0,5,0
2025-08-30 07:00:00,13047.515745,23.0,92,21.6,27.0,4.8,52,0.2,0.0,5,0
2025-08-30 08:00:00,13624.176634,22.8,96,22.1,26.4,8.9,100,3.4,11.0,5,0
2025-08-30 09:00:00,14312.979353,22.7,98,22.3,26.8,6.9,100,12.6,48.0,5,0
2025-08-30 10:00:00,14808.645738,23.2,94,22.1,26.6,10.9,100,4.5,61.0,5,0
2025-08-30 11:00:00,15061.728898,23.8,92,22.4,28.7,1.9,100,0.7,97.0,5,0
2025-08-30 12:00:00,15160.12745,25.1,85,22.5,29.9,2.7,100,0.1,291.0,5,0
2025-08-30 13:00:00,15176.485081,26.2,80,22.5,31.1,1.9,100,0.1,302.0,5,0
2025-08-30 14:00:00,15501.525518,26.9,78,22.8,32.2,0.3,100,0.1,362.0,5,0
2025-08-30 15:00:00,15711.288593,27.1,77,22.6,32.1,2.2,100,0.2,268.0,5,0
2025-08-30 16:00:00,16065.732682,27.5,76,22.9,32.5,3.1,100,0.0,348.0,5,0
2025-08-30 17:00:00,16280.21344,28.1,74,23.0,33.2,2.3,100,0.0,421.0,5,0
2025-08-30 18:00:00,16270.397755,27.7,76,23.1,32.4,6.1,100,0.0,204.0,5,0
2025-08-30 19:00:00,16091.852527,27.2,79,23.2,31.8,6.9,81,0.0,123.0,5,0
2025-08-30 20:00:00,16066.954739,24.8,86,22.2,28.9,6.0,92,0.7,19.0,5,0
2025-08-30 21:00:00,15682.759246,24.5,89,22.6,28.8,7.3,100,0.1,0.0,5,0
2025-08-30 22:00:00,15021.42349,24.5,90,22.7,29.3,3.6,100,0.0,0.0,5,0
2025-08-30 23:00:00,14235.541578,24.4,91,22.9,29.2,4.0,100,0.0,0.0,5,0
2025-08-31 00:00:00,13473.787701,24.2,92,23.0,29.1,4.1,100,0.0,0.0,6,0
2025-08-31 01:00:00,12906.938507,24.1,93,22.9,28.8,4.8,100,0.0,0.0,6,0
2025-08-31 02:00:00,12455.991477,24.0,92,22.6,28.6,4.8,90,0.0,0.0,6,0
2025-08-31 03:00:00,12091.357506,23.5,94,22.6,28.3,3.8,43,0.0,0.0,6,0
2025-08-31 04:00:00,11938.290771,23.4,95,22.6,28.4,1.5,60,0.0,0.0,6,0
2025-08-31 05:00:00,11939.227736,23.2,95,22.4,28.1,1.9,41,0.0,0.0,6,0
2025-08-31 06:00:00,12120.961615,23.1,96,22.5,27.9,2.7,100,0.0,0.0,6,0
2025-08-31 07:00:00,12268.898084,23.3,95,22.4,28.0,2.9,100,0.0,0.0,6,0
2025-08-31 08:00:00,12929.379823,22.5,96,22.0,27.0,3.2,100,4.8,35.0,6,0
2025-08-31 09:00:00,13730.514937,22.4,98,22.1,26.4,6.9,100,14.4,58.0,6,0
2025-08-31 10:00:00,14543.283169,23.5,92,22.2,28.1,2.8,98,1.3,122.0,6,0
2025-08-31 11:00:00,15122.548708,25.2,82,22.0,29.4,5.2,88,0.1,372.0,6,0
2025-08-31 12:00:00,15979.146501,26.6,76,22.1,31.0,4.2,100,0.1,445.0,6,0
2025-08-31 13:00:00,16907.241701,27.5,72,22.1,32.2,2.3,56,0.1,553.0,6,0
2025-08-31 14:00:00,17906.635755,29.0,65,21.8,35.1,1.1,56,0.1,771.0,6,0
2025-08-31 15:00:00,18388.420321,29.2,63,21.5,34.2,4.1,99,0.2,697.0,6,0
2025-08-31 16:00:00,18479.229012,29.0,64,21.5,33.0,5.0,99,0.1,523.0,6,0
2025-08-31 17:00:00,18515.747796,28.9,66,21.9,32.7,7.2,100,0.1,408.0,6,0
2025-08-31 18:00:00,18210.054027,27.4,75,22.5,31.3,8.8,68,0.0,203.0,6,0
2025-08-31 19:00:00,17651.106221,26.8,79,22.8,31.1,6.7,40,0.0,162.0,6,0
2025-08-31 20:00:00,17216.657413,24.1,91,22.6,28.9,3.6,41,0.3,12.0,6,0
2025-08-31 21:00:00,16654.741671,23.0,98,22.5,27.1,7.4,100,3.2,0.0,6,0
2025-08-31 22:00:00,15750.739914,23.2,96,22.5,28.1,2.1,41,0.4,0.0,6,0
2025-08-31 23:00:00,14678.946801,23.0,98,22.6,28.1,1.9,18,0.2,0.0,6,0
