timestamp,energy,temperature_2m (°C),relative_humidity_2m (%),dew_point_2m (°C),apparent_temperature (°C),wind_speed_10m (km/h),cloud_cover (%),precipitation (mm),shortwave_radiation (W/m²),day_of_week,is_holiday
2026-01-01 00:00:00,11773.493994,10.9,53,1.6,7.7,8.9,90,0.0,0.0,3,1
2026-01-01 01:00:00,11792.093557,9.4,57,1.4,6.3,8.2,98,0.0,0.0,3,1
2026-01-01 02:00:00,11764.041621,8.6,61,1.5,5.6,7.4,80,0.0,0.0,3,1
2026-01-01 03:00:00,11800.767688,8.2,62,1.5,5.3,7.3,81,0.0,0.0,3,1
2026-01-01 04:00:00,11947.174576,7.7,65,1.5,4.8,6.6,47,0.0,0.0,3,1
2026-01-01 05:00:00,12326.600991,7.4,65,1.4,4.5,6.9,63,0.0,0.0,3,1
2026-01-01 06:00:00,12820.89741,7.3,66,1.3,4.3,7.5,39,0.0,0.0,3,1
2026-01-01 07:00:00,13151.660458,7.1,64,0.8,3.8,8.4,59,0.0,0.0,3,1
2026-01-01 08:00:00,13124.78462,6.4,68,0.9,3.2,8.4,97,0.0,0.0,3,1
2026-01-01 09:00:00,12878.910284,6.6,68,1.1,3.4,8.4,99,0.0,9.0,3,1
2026-01-01 10:00:00,12571.250105,8.7,62,1.8,5.5,9.2,100,0.0,132.0,3,1
2026-01-01 11:00:00,12227.518839,11.4,52,1.8,8.6,6.8,99,0.0,302.0,3,1
2026-01-01 12:00:00,11963.405851,13.9,43,1.4,11.0,6.7,100,0.0,421.0,3,1
2026-01-01 13:00:00,11785.754955,17.6,35,1.8,14.6,8.1,100,0.0,499.0,3,1
2026-01-01 14:00:00,11718.143044,19.3,31,1.8,16.2,8.9,100,0.0,519.0,3,1
2026-01-01 15:00:00,11816.673351,20.5,29,1.6,17.1,10.1,100,0.0,508.0,3,1
2026-01-01 16:00:00,11935.254883,21.0,27,1.0,17.4,11.0,100,0.0,366.0,3,1
2026-01-01 17:00:00,12477.056701,21.1,26,0.9,17.5,11.7,100,0.0,206.0,3,1
2026-01-01 18:00:00,12832.839413,19.9,29,1.4,16.4,11.3,100,0.0,57.0,3,1
2026-01-01 19:00:00,12679.444415,18.8,30,0.8,14.8,13.5,100,0.0,5.0,3,1
2026-01-01 20:00:00,12524.836227,18.6,30,0.9,14.6,14.4,100,0.0,0.0,3,1
2026-01-01 21:00:00,12263.780497,18.4,31,1.1,14.5,13.3,99,0.0,0.0,3,1
2026-01-01 22:00:00,11771.076337,17.9,33,1.4,14.2,12.1,100,0.0,0.0,3,1
2026-01-01 23:00:00,11208.810522,17.6,34,1.7,14.2,11.2,93,0.0,0.0,3,1
2026-01-02 00:00:00,10620.136394,17.3,36,2.0,13.7,12.4,51,0.0,0.0,4,0
2026-01-02 01:00:00,10277.448887,16.5,40,2.7,12.7,14.0,17,0.0,0.0,4,0
2026-01-02 02:00:00,10076.011354,16.3,40,2.8,12.6,14.3,12,0.0,0.0,4,0
2026-01-02 03:00:00,10050.307422,16.0,42,3.2,12.6,13.0,0,0.0,0.0,4,0
2026-01-02 04:00:00,10288.66344,15.8,45,3.9,12.5,12.7,0,0.0,0.0,4,0
2026-01-02 05:00:00,10748.625054,15.6,49,5.1,12.7,11.9,0,0.0,0.0,4,0
2026-01-02 06:00:00,11420.574288,15.4,55,6.4,13.0,10.6,0,0.0,0.0,4,0
2026-01-02 07:00:00,12021.977709,14.9,58,6.8,12.5,11.2,0,0.0,0.0,4,0
2026-01-02 08:00:00,12241.326331,13.9,61,6.6,11.7,9.5,0,0.0,0.0,4,0
2026-01-02 09:00:00,12198.371677,13.6,61,6.2,11.5,7.8,0,0.0,8.0,4,0
2026-01-02 10:00:00,12290.369528,15.6,52,5.9,13.4,7.8,0,0.0,129.0,4,0
2026-01-02 11:00:00,12295.851625,18.0,44,5.4,15.7,7.8,0,0.0,300.0,4,0
2026-01-02 12:00:00,12451.289529,19.8,38,5.2,17.0,11.0,0,0.0,444.0,4,0
2026-01-02 13:00:00,12519.053504,21.9,33,4.9,19.6,7.0,0,0.0,538.0,4,0
2026-01-02 14:00:00,12606.415758,23.5,30,5.1,21.3,8.0,0,0.0,574.0,4,0
2026-01-02 15:00:00,12848.626827,24.3,29,5.3,21.8,9.5,0,0.0,544.0,4,0
2026-01-02 16:00:00,13000.001469,24.4,28,4.9,21.8,9.6,0,0.0,453.0,4,0
2026-01-02 17:00:00,13050.641503,24.0,28,4.3,21.2,9.7,0,0.0,312.0,4,0
2026-01-02 18:00:00,13183.559478,22.7,29,3.8,20.3,6.6,0,0.0,142.0,4,0
2026-01-02 19:00:00,12832.345528,20.0,30,2.0,17.4,5.3,0,0.0,13.0,4,0
2026-01-02 20:00:00,12557.820599,19.0,32,2.1,16.4,5.7,0,0.0,0.0,4,0
2026-01-02 21:00:00,12217.689529,17.6,38,3.0,15.2,5.5,0,0.0,0.0,4,0
2026-01-02 22:00:00,11700.981113,16.6,44,4.2,14.4,5.4,0,0.0,0.0,4,0
2026-01-02 23:00:00,11197.057653,15.9,48,4.9,13.9,5.0,0,0.0,0.0,4,0
2026-01-03 00:00:00,10722.885752,15.1,52,5.4,13.3,5.2,0,0.0,0.0,5,0
2026-01-03 01:00:00,10355.404997,14.3,55,5.3,12.7,3.3,0,0.0,0.0,5,0
2026-01-03 02:00:00,10074.86396,13.4,60,5.8,11.5,5.4,0,0.0,0.0,5,0
2026-01-03 03:00:00,9987.851673,13.1,66,6.8,10.5,11.8,2,0.0,0.0,5,0
2026-01-03 04:00:00,10054.007758,12.2,72,7.2,9.8,11.8,1,0.0,0.0,5,0
2026-01-03 05:00:00,10283.174546,11.4,78,7.7,8.9,13.2,0,0.0,0.0,5,0
2026-01-03 06:00:00,10798.868288,10.7,83,8.0,8.3,12.9,0,0.0,0.0,5,0
2026-01-03 07:00:00,11372.625054,10.2,89,8.4,7.6,14.8,0,0.0,0.0,5,0
2026-01-03 08:00:00,11941.20681,9.6,86,7.3,6.8,14.3,0,0.0,0.0,5,0
2026-01-03 09:00:00,12130.398665,9.1,82,6.3,6.2,13.6,0,0.0,8.0,5,0
2026-01-03 10:00:00,12138.904827,9.9,73,5.2,6.5,14.6,0,0.0,126.0,5,0
2026-01-03 11:00:00,12067.205074,11.0,63,4.2,7.6,13.9,0,0.0,295.0,5,0
2026-01-03 12:00:00,11947.634394,12.6,55,3.7,9.1,13.4,0,0.0,439.0,5,0
2026-01-03 13:00:00,11778.170916,14.8,48,4.0,11.5,12.6,0,0.0,535.0,5,0
2026-01-03 14:00:00,11714.48312,16.1,43,3.5,12.9,12.4,0,0.0,572.0,5,0
2026-01-03 15:00:00,11829.934472,17.0,39,2.8,13.6,11.7,0,0.0,544.0,5,0
2026-01-03 16:00:00,11946.538269,17.2,37,2.5,13.8,11.7,0,0.0,457.0,5,0
2026-01-03 17:00:00,12379.995218,17.0,38,2.3,13.4,12.3,32,0.0,317.0,5,0
2026-01-03 18:00:00,12820.685937,15.9,40,2.5,12.5,11.3,0,0.0,146.0,5,0
2026-01-03 19:00:00,12711.434188,14.9,44,2.6,12.1,7.2,0,0.0,13.0,5,0
2026-01-03 20:00:00,12579.265606,14.1,46,2.7,11.2,8.4,0,0.0,0.0,5,0
2026-01-03 21:00:00,12460.92924,13.4,48,2.5,10.3,9.1,0,0.0,0.0,5,0
2026-01-03 22:00:00,12180.869911,12.5,51,2.8,9.5,9.2,0,0.0,0.0,5,0
2026-01-03 23:00:00,11770.155829,11.6,56,3.0,8.8,8.0,0,0.0,0.0,5,0
2026-01-04 00:00:00,11443.775293,10.6,59,3.0,8.1,6.3,0,0.0,0.0,6,0
2026-01-04 01:00:00,11238.227946,8.9,64,2.3,6.8,2.3,0,0.0,0.0,6,0
2026-01-04 02:00:00,11265.255285,8.4,64,2.0,6.3,1.8,9,0.0,0.0,6,0
2026-01-04 03:00:00,11347.653056,7.8,66,1.8,5.7,2.0,0,0.0,0.0,6,0
2026-01-04 04:00:00,11553.382099,7.4,67,1.7,5.3,1.4,55,0.0,0.0,6,0
2026-01-04 05:00:00,11923.61608,6.8,71,1.9,4.5,3.6,96,0.0,0.0,6,0
2026-01-04 06:00:00,12450.262293,6.7,70,1.7,4.0,5.9,100,0.0,0.0,6,0
2026-01-04 07:00:00,13053.73604,4.9,75,0.8,2.5,2.9,100,0.0,0.0,6,0
2026-01-04 08:00:00,13488.408972,4.8,76,1.0,2.8,0.4,100,0.0,0.0,6,0
2026-01-04 09:00:00,13669.755659,5.0,75,0.9,2.6,3.0,100,0.0,7.0,6,0
2026-01-04 10:00:00,13189.049814,6.3,68,0.9,3.8,3.6,100,0.0,103.0,6,0
2026-01-04 11:00:00,12822.025588,8.4,61,1.2,5.9,4.1,83,0.0,238.0,6,0
2026-01-04 12:00:00,12640.620543,11.1,52,1.7,8.5,5.5,99,0.0,421.0,6,0
2026-01-04 13:00:00,12496.285064,14.1,50,3.7,11.6,6.6,100,0.0,502.0,6,0
2026-01-04 14:00:00,12496.068827,15.7,45,3.9,13.2,7.0,100,0.0,531.0,6,0
2026-01-04 15:00:00,12426.766227,16.5,43,3.9,13.9,8.3,100,0.0,436.0,6,0
2026-01-04 16:00:00,12690.111507,16.7,43,3.9,13.8,9.9,100,0.0,239.0,6,0
2026-01-04 17:00:00,13246.048819,17.0,42,4.0,14.2,9.5,100,0.0,180.0,6,0
2026-01-04 18:00:00,13682.693185,16.8,44,4.4,14.2,8.1,100,0.0,90.0,6,0
2026-01-04 19:00:00,13661.174169,15.8,48,4.9,13.4,8.1,100,0.0,11.0,6,0
2026-01-04 20:00:00,13502.554921,15.4,52,5.6,12.8,10.3,100,0.0,0.0,6,0
2026-01-04 21:00:00,13205.698383,14.8,57,6.2,12.3,10.6,100,0.0,0.0,6,0
2026-01-04 22:00:00,12629.572392,14.4,60,6.7,11.9,11.1,84,0.0,0.0,6,0
2026-01-04 23:00:00,11962.806076,13.8,64,7.1,11.3,12.2,38,0.0,0.0,6,0
2026-01-05 00:00:00,11480.810509,13.5,68,7.7,11.1,12.3,62,0.0,0.0,0,0
2026-01-05 01:00:00,11216.896675,12.1,73,7.4,9.8,11.4,87,0.0,0.0,0,0
2026-01-05 02:00:00,11040.81511,11.9,74,7.4,9.5,11.7,95,0.0,0.0,0,0
2026-01-05 03:00:00,11103.792596,11.8,75,7.4,9.2,12.8,52,0.0,0.0,0,0
2026-01-05 04:00:00,11498.924551,11.6,75,7.3,9.1,12.4,16,0.0,0.0,0,0
2026-01-05 05:00:00,12227.481077,11.4,76,7.3,8.9,12.1,18,0.0,0.0,0,0
2026-01-05 06:00:00,13280.23821,11.2,77,7.3,8.9,11.4,1,0.0,0.0,0,0
2026-01-05 07:00:00,13932.853392,11.1,81,8.1,8.8,12.5,1,0.0,0.0,0,0
2026-01-05 08:00:00,14156.189262,11.0,85,8.6,8.7,13.4,0,0.0,0.0,0,0
2026-01-05 09:00:00,14336.727711,11.2,87,9.1,9.0,13.8,0,0.0,8.0,0,0
2026-01-05 10:00:00,14338.583707,12.9,82,9.9,11.4,10.4,12,0.0,125.0,0,0
2026-01-05 11:00:00,14089.827217,15.0,77,11.1,13.3,13.7,66,0.0,299.0,0,0
2026-01-05 12:00:00,13775.718371,18.0,68,12.1,15.4,21.8,80,0.0,414.0,0,0
2026-01-05 13:00:00,13482.357974,17.9,75,13.3,16.0,20.1,95,0.0,459.0,0,0
2026-01-05 14:00:00,13333.915304,19.7,67,13.3,18.2,17.3,4,0.0,365.0,0,0
2026-01-05 15:00:00,13292.055977,21.1,63,13.8,19.8,17.0,19,0.0,547.0,0,0
2026-01-05 16:00:00,13380.094468,21.6,61,13.9,20.3,17.5,52,0.0,457.0,0,0
2026-01-05 17:00:00,13754.511219,21.5,62,13.8,20.3,16.7,46,0.0,313.0,0,0
2026-01-05 18:00:00,14191.507016,20.7,65,13.9,20.0,13.5,91,0.0,147.0,0,0
2026-01-05 19:00:00,14027.703942,18.9,72,13.7,18.3,12.4,99,0.0,15.0,0,0
2026-01-05 20:00:00,13691.917859,18.5,73,13.6,17.6,13.7,99,0.0,0.0,0,0
2026-01-05 21:00:00,13152.050062,18.3,75,13.8,17.4,14.4,100,0.0,0.0,0,0
2026-01-05 22:00:00,12372.354608,18.4,77,14.2,17.7,14.6,100,0.0,0.0,0,0
2026-01-05 23:00:00,11543.874438,18.4,78,14.5,17.8,14.1,100,0.0,0.0,0,0
2026-01-06 00:00:00,10964.159197,18.2,79,14.6,17.8,13.8,91,0.0,0.0,1,0
2026-01-06 01:00:00,10577.161421,17.7,83,14.7,17.1,14.6,49,0.0,0.0,1,0
2026-01-06 02:00:00,10309.201612,17.3,84,14.6,16.8,14.1,41,0.0,0.0,1,0
2026-01-06 03:00:00,10200.50848,17.0,85,14.4,16.4,13.8,99,0.0,0.0,1,0
2026-01-06 04:00:00,10417.114407,17.0,83,14.1,16.6,12.1,45,0.0,0.0,1,0
2026-01-06 05:00:00,11057.976494,16.5,81,13.2,15.9,10.6,30,0.0,0.0,1,0
2026-01-06 06:00:00,12134.939764,15.8,74,11.1,14.6,10.1,9,0.0,0.0,1,0
2026-01-06 07:00:00,12649.872251,15.9,67,9.9,14.5,9.9,96,0.0,0.0,1,0
2026-01-06 08:00:00,12753.66387,15.1,58,6.8,12.9,9.8,98,0.0,0.0,1,0
2026-01-06 09:00:00,12748.756474,14.6,50,4.3,11.7,10.7,97,0.0,8.0,1,0
2026-01-06 10:00:00,12706.841955,16.0,41,2.8,12.8,10.9,98,0.0,113.0,1,0
2026-01-06 11:00:00,12804.713178,17.3,34,1.5,13.8,11.3,80,0.0,263.0,1,0
2026-01-06 12:00:00,12835.380876,18.8,29,0.5,15.1,11.0,96,0.0,438.0,1,0
2026-01-06 13:00:00,12960.040225,21.1,25,0.1,17.5,10.2,35,0.0,548.0,1,0
2026-01-06 14:00:00,13146.903709,22.8,22,-0.1,19.5,10.0,31,0.0,604.0,1,0
2026-01-06 15:00:00,13274.362201,23.8,21,0.2,20.5,9.2,8,0.0,575.0,1,0
2026-01-06 16:00:00,13516.884916,24.1,21,0.7,20.8,8.9,0,0.0,483.0,1,0
2026-01-06 17:00:00,13750.420199,23.9,22,1.0,20.6,9.1,0,0.0,338.0,1,0
2026-01-06 18:00:00,13925.559146,22.0,29,3.3,19.7,5.4,0,0.0,160.0,1,0
2026-01-06 19:00:00,13783.966476,19.4,37,4.3,17.2,5.2,0,0.0,17.0,1,0
2026-01-06 20:00:00,13413.039388,18.2,37,3.4,15.7,6.6,5,0.0,0.0,1,0
2026-01-06 21:00:00,12916.882654,17.2,36,2.0,14.4,7.0,0,0.0,0.0,1,0
2026-01-06 22:00:00,12120.891437,15.8,40,2.3,13.1,6.5,0,0.0,0.0,1,0
2026-01-06 23:00:00,11383.441526,14.6,46,3.2,12.3,5.0,1,0.0,0.0,1,0
2026-01-07 00:00:00,10868.840637,13.6,49,3.0,11.5,3.9,3,0.0,0.0,2,0
2026-01-07 01:00:00,10627.996929,11.9,52,2.4,9.6,3.9,63,0.0,0.0,2,0
2026-01-07 02:00:00,10596.831706,10.4,57,2.2,8.1,4.3,100,0.0,0.0,2,0
2026-01-07 03:00:00,10673.590009,10.1,59,2.5,7.9,3.3,100,0.0,0.0,2,0
2026-01-07 04:00:00,11049.211664,10.1,61,2.8,8.4,0.5,99,0.0,0.0,2,0
2026-01-07 05:00:00,11988.737683,9.4,63,2.6,7.6,0.6,100,0.0,0.0,2,0
2026-01-07 06:00:00,13384.287675,9.2,64,2.8,7.4,0.6,99,0.0,0.0,2,0
2026-01-07 07:00:00,14082.337938,7.8,74,3.5,6.2,0.5,99,0.0,0.0,2,0
2026-01-07 08:00:00,13946.880147,7.0,75,2.8,5.0,2.1,100,0.0,0.0,2,0
2026-01-07 09:00:00,13467.086323,7.4,75,3.2,5.4,3.2,59,0.0,8.0,2,0
2026-01-07 10:00:00,13020.887716,9.8,63,3.0,7.3,6.0,90,0.0,128.0,2,0
2026-01-07 11:00:00,12902.991672,12.9,54,3.8,10.9,3.3,94,0.0,300.0,2,0
2026-01-07 12:00:00,12959.970018,16.0,45,4.2,14.0,4.3,99,0.0,450.0,2,0
2026-01-07 13:00:00,12966.375569,21.0,33,4.2,18.6,7.3,100,0.0,543.0,2,0
2026-01-07 14:00:00,12968.614206,23.5,28,3.9,21.0,8.2,100,0.0,562.0,2,0
2026-01-07 15:00:00,13065.447882,25.0,25,3.4,22.0,9.7,100,0.0,487.0,2,0
2026-01-07 16:00:00,13273.512702,25.5,23,3.0,22.3,10.3,100,0.0,319.0,2,0
2026-01-07 17:00:00,13675.149942,25.7,25,4.1,22.6,11.9,100,0.0,300.0,2,0
2026-01-07 18:00:00,14120.567222,24.0,31,5.8,21.7,8.9,97,0.0,129.0,2,0
2026-01-07 19:00:00,14043.768205,22.9,36,7.2,20.5,11.4,100,0.0,16.0,2,0
2026-01-07 20:00:00,13823.506061,22.2,51,11.6,20.4,16.2,100,0.0,0.0,2,0
2026-01-07 21:00:00,13460.03948,21.4,72,16.0,21.1,16.6,100,0.0,0.0,2,0
2026-01-07 22:00:00,12674.610388,21.0,78,17.0,21.2,16.0,100,0.0,0.0,2,0
2026-01-07 23:00:00,11821.297471,21.0,78,17.0,21.1,16.6,100,0.0,0.0,2,0
2026-01-08 00:00:00,11172.774195,20.9,77,16.7,20.8,16.8,100,0.0,0.0,3,0
2026-01-08 01:00:00,10759.811306,20.4,80,16.8,20.4,16.0,100,0.0,0.0,3,0
2026-01-08 02:00:00,10473.593533,20.2,79,16.5,20.1,16.2,100,0.0,0.0,3,0
2026-01-08 03:00:00,10328.307126,19.8,84,17.0,19.7,17.5,100,0.0,0.0,3,0
2026-01-08 04:00:00,10461.442364,19.8,87,17.5,19.8,18.4,100,0.0,0.0,3,0
2026-01-08 05:00:00,11098.803937,19.7,86,17.2,19.5,18.9,100,0.0,0.0,3,0
2026-01-08 06:00:00,12187.342324,19.8,84,17.0,19.3,20.5,100,0.0,0.0,3,0
2026-01-08 07:00:00,12918.981111,20.2,80,16.6,19.0,24.0,88,0.0,0.0,3,0
2026-01-08 08:00:00,13115.558282,20.6,78,16.7,19.3,25.1,53,0.0,0.0,3,0
2026-01-08 09:00:00,13286.490203,20.7,79,17.0,20.2,20.2,100,0.2,5.0,3,0
2026-01-08 10:00:00,13479.624786,20.5,81,17.0,20.2,19.4,98,0.3,29.0,3,0
2026-01-08 11:00:00,13637.503941,21.8,74,16.9,22.0,14.9,100,0.0,116.0,3,0
2026-01-08 12:00:00,13731.981155,22.7,68,16.6,22.0,20.8,26,0.1,214.0,3,0
2026-01-08 13:00:00,13829.651922,24.4,54,14.4,22.8,20.7,24,0.0,476.0,3,0
2026-01-08 14:00:00,13800.124509,25.8,32,7.9,21.8,23.5,84,0.0,542.0,3,0
2026-01-08 15:00:00,13669.591546,25.4,30,6.7,21.4,21.7,100,0.0,537.0,3,0
2026-01-08 16:00:00,13637.592374,25.0,30,6.0,21.0,20.4,100,0.0,425.0,3,0
2026-01-08 17:00:00,13832.155203,24.5,29,5.3,21.0,16.7,100,0.0,253.0,3,0
2026-01-08 18:00:00,14195.661656,23.5,32,5.8,20.6,13.0,100,0.0,119.0,3,0
2026-01-08 19:00:00,13909.597447,22.1,33,5.2,19.3,11.6,100,0.0,15.0,3,0
2026-01-08 20:00:00,13527.246162,20.9,37,5.5,18.5,8.9,100,0.0,0.0,3,0
2026-01-08 21:00:00,12964.503867,20.0,39,5.4,17.3,10.3,58,0.0,0.0,3,0
2026-01-08 22:00:00,12150.347249,19.4,38,4.8,16.4,11.7,6,0.0,0.0,3,0
2026-01-08 23:00:00,11303.245086,18.7,39,4.6,15.8,10.7,0,0.0,0.0,3,0
2026-01-09 00:00:00,10567.042915,17.8,42,4.6,15.0,9.7,62,0.0,0.0,4,0
2026-01-09 01:00:00,10129.046211,15.6,50,5.3,13.6,6.4,98,0.0,0.0,4,0
2026-01-09 02:00:00,9968.393186,15.2,50,4.9,12.7,8.9,100,0.0,0.0,4,0
2026-01-09 03:00:00,9992.220789,14.2,53,4.7,11.4,10.7,0,0.0,0.0,4,0
2026-01-09 04:00:00,10214.407585,12.6,61,5.2,10.6,5.2,11,0.0,0.0,4,0
2026-01-09 05:00:00,11015.949506,11.6,67,5.8,9.6,6.9,94,0.0,0.0,4,0
2026-01-09 06:00:00,12210.324024,10.8,75,6.5,8.8,7.7,95,0.0,0.0,4,0
2026-01-09 07:00:00,12962.700024,10.4,72,5.7,8.5,6.1,100,0.0,0.0,4,0
2026-01-09 08:00:00,13215.43216,9.6,77,5.8,7.8,4.5,100,0.0,0.0,4,0
2026-01-09 09:00:00,13271.282221,9.6,77,5.8,8.1,3.3,100,0.0,6.0,4,0
2026-01-09 10:00:00,13073.152033,10.8,71,5.7,9.0,4.7,100,0.0,98.0,4,0
2026-01-09 11:00:00,12895.65189,12.5,63,5.6,11.0,3.1,100,0.0,238.0,4,0
2026-01-09 12:00:00,12847.034107,14.6,55,5.8,13.0,4.4,100,0.0,385.0,4,0
2026-01-09 13:00:00,12929.240804,16.4,51,6.3,14.4,7.2,22,0.0,505.0,4,0
2026-01-09 14:00:00,12932.354475,18.0,47,6.4,16.5,5.8,95,0.0,591.0,4,0
2026-01-09 15:00:00,12854.81846,19.0,45,6.6,17.9,1.3,100,0.0,491.0,4,0
2026-01-09 16:00:00,12890.004444,19.5,43,6.7,18.4,1.1,95,0.0,346.0,4,0
2026-01-09 17:00:00,13120.975103,19.1,45,6.8,18.0,2.7,100,0.0,185.0,4,0
2026-01-09 18:00:00,13514.86006,18.6,62,11.3,19.0,0.5,65,0.0,90.0,4,0
2026-01-09 19:00:00,13315.128398,16.8,67,10.6,17.0,0.4,88,0.0,16.0,4,0
2026-01-09 20:00:00,13167.470008,16.4,66,9.9,15.9,3.0,99,0.0,0.0,4,0
2026-01-09 21:00:00,12918.572589,16.1,69,10.6,16.1,1.3,41,0.0,0.0,4,0
2026-01-09 22:00:00,12410.27499,15.4,71,10.1,15.4,0.7,0,0.0,0.0,4,0
2026-01-09 23:00:00,11892.649788,13.9,76,9.6,13.2,4.4,1,0.0,0.0,4,0
2026-01-10 00:00:00,11488.142191,13.6,71,8.4,11.0,14.6,0,0.0,0.0,5,0
2026-01-10 01:00:00,11267.975575,12.4,68,6.7,8.6,19.9,0,0.0,0.0,5,0
2026-01-10 02:00:00,11230.608132,10.6,71,5.7,6.5,20.9,0,0.0,0.0,5,0
2026-01-10 03:00:00,11431.732882,9.1,67,3.3,4.5,21.2,0,0.0,0.0,5,0
2026-01-10 04:00:00,11863.646104,7.3,66,1.5,2.2,22.1,1,0.0,0.0,5,0
2026-01-10 05:00:00,12421.889589,5.9,70,0.8,0.8,21.4,8,0.0,0.0,5,0
2026-01-10 06:00:00,13181.445926,5.4,70,0.4,0.5,19.5,0,0.0,0.0,5,0
2026-01-10 07:00:00,14142.263025,4.8,71,0.0,-0.5,22.2,2,0.0,0.0,5,0
2026-01-10 08:00:00,14949.230387,4.8,70,-0.2,-0.3,19.8,42,0.0,0.0,5,0
2026-01-10 09:00:00,15363.545222,4.6,70,-0.5,-0.6,20.5,45,0.0,7.0,5,0
2026-01-10 10:00:00,15225.839239,5.2,64,-1.1,-0.3,22.0,10,0.0,118.0,5,0
2026-01-10 11:00:00,14678.530903,6.5,56,-1.6,0.8,22.9,2,0.0,276.0,5,0
2026-01-10 12:00:00,14213.242843,8.1,48,-2.2,2.5,21.0,0,0.0,438.0,5,0
2026-01-10 13:00:00,13671.072492,9.6,42,-2.5,4.3,20.0,0,0.0,564.0,5,0
2026-01-10 14:00:00,13246.959962,11.1,36,-3.2,5.9,20.2,0,0.0,605.0,5,0
2026-01-10 15:00:00,13087.219607,11.8,29,-5.7,6.3,19.4,0,0.0,581.0,5,0
2026-01-10 16:00:00,13364.896044,11.9,25,-7.4,6.1,19.4,0,0.0,496.0,5,0
2026-01-10 17:00:00,14078.610173,11.6,22,-9.2,5.7,18.6,0,0.0,353.0,5,0
2026-01-10 18:00:00,14860.131522,10.9,19,-11.6,4.9,17.9,0,0.0,175.0,5,0
2026-01-10 19:00:00,14955.310635,9.6,23,-10.4,4.5,12.5,0,0.0,22.0,5,0
2026-01-10 20:00:00,15154.753199,8.9,23,-11.1,4.0,11.1,0,0.0,0.0,5,0
2026-01-10 21:00:00,15185.146636,8.0,26,-10.4,3.4,9.4,0,0.0,0.0,5,0
2026-01-10 22:00:00,14952.197513,7.2,30,-9.5,2.7,8.6,0,0.0,0.0,5,0
2026-01-10 23:00:00,14695.277505,6.6,32,-9.1,2.2,8.4,2,0.0,0.0,5,0
2026-01-11 00:00:00,14329.895104,6.2,34,-8.6,1.7,8.6,2,0.0,0.0,6,0
2026-01-11 01:00:00,14075.509633,4.2,39,-8.6,-0.2,8.5,7,0.0,0.0,6,0
2026-01-11 02:00:00,13982.995867,3.6,42,-8.2,-0.8,9.0,9,0.0,0.0,6,0
2026-01-11 03:00:00,14003.576103,3.5,43,-7.8,-0.9,9.1,32,0.0,0.0,6,0
2026-01-11 04:00:00,14238.444241,3.5,44,-7.7,-0.8,9.0,51,0.0,0.0,6,0
2026-01-11 05:00:00,14614.735007,3.5,43,-7.8,-0.8,8.7,13,0.0,0.0,6,0
2026-01-11 06:00:00,15123.985857,3.5,43,-8.0,-0.8,8.5,100,0.0,0.0,6,0
2026-01-11 07:00:00,15700.586741,3.2,44,-7.9,-1.1,9.0,48,0.0,0.0,6,0
2026-01-11 08:00:00,15828.610661,3.1,46,-7.5,-1.2,8.4,34,0.0,0.0,6,0
2026-01-11 09:00:00,15308.136318,3.8,45,-7.1,-1.0,12.2,8,0.0,9.0,6,0
2026-01-11 10:00:00,14539.043026,5.3,43,-6.4,0.7,11.2,0,0.0,134.0,6,0
2026-01-11 11:00:00,13793.538286,7.2,40,-5.7,2.4,13.1,2,0.0,313.0,6,0
2026-01-11 12:00:00,13189.476658,8.9,40,-4.1,4.4,12.9,0,0.0,464.0,6,0
2026-01-11 13:00:00,12707.441659,11.9,34,-3.4,7.9,10.6,13,0.0,564.0,6,0
2026-01-11 14:00:00,12464.324144,13.6,31,-3.2,10.1,8.8,62,0.0,603.0,6,0
2026-01-11 15:00:00,12429.374272,14.6,30,-2.8,11.0,8.3,14,0.0,576.0,6,0
2026-01-11 16:00:00,12598.34356,14.9,30,-2.6,11.2,8.0,27,0.0,487.0,6,0
2026-01-11 17:00:00,13250.913838,14.6,31,-2.3,11.0,8.2,13,0.0,345.0,6,0
2026-01-11 18:00:00,14078.5769,13.8,33,-2.0,10.3,7.2,21,0.0,169.0,6,0
2026-01-11 19:00:00,14331.039793,11.4,41,-1.3,8.3,5.4,25,0.0,22.0,6,0
2026-01-11 20:00:00,14406.001523,11.6,40,-1.6,8.2,6.5,52,0.0,0.0,6,0
2026-01-11 21:00:00,14215.543373,10.6,44,-1.3,7.5,5.5,99,0.0,0.0,6,0
2026-01-11 22:00:00,13751.805535,9.6,47,-1.2,6.6,5.0,100,0.0,0.0,6,0
2026-01-11 23:00:00,13194.787422,9.2,46,-1.9,6.1,5.2,100,0.0,0.0,6,0
2026-01-12 00:00:00,12946.065335,8.4,45,-2.8,5.2,4.8,94,0.0,0.0,0,0
2026-01-12 01:00:00,12911.627693,6.8,49,-3.3,3.6,4.0,84,0.0,0.0,0,0
2026-01-12 02:00:00,13024.976988,5.8,52,-3.3,2.5,4.9,78,0.0,0.0,0,0
2026-01-12 03:00:00,13303.754118,5.4,56,-2.7,2.2,4.8,93,0.0,0.0,0,0
2026-01-12 04:00:00,13943.451486,4.8,61,-2.0,1.8,4.5,84,0.0,0.0,0,0
2026-01-12 05:00:00,15220.175708,4.4,66,-1.4,1.6,3.6,100,0.0,0.0,0,0
2026-01-12 06:00:00,16931.462168,4.2,70,-0.9,1.5,2.8,99,0.0,0.0,0,0
2026-01-12 07:00:00,17776.831911,2.8,73,-1.5,-0.1,3.6,53,0.0,0.0,0,0
2026-01-12 08:00:00,17397.580452,1.8,78,-1.6,-1.3,4.8,51,0.0,0.0,0,0
2026-01-12 09:00:00,16622.421304,2.2,75,-1.8,-0.9,4.4,99,0.0,9.0,0,0
2026-01-12 10:00:00,15872.163784,4.3,64,-1.9,1.2,4.9,100,0.0,121.0,0,0
2026-01-12 11:00:00,15029.551139,6.9,52,-2.2,4.0,3.6,100,0.0,259.0,0,0
2026-01-12 12:00:00,14310.56584,9.8,44,-1.9,6.7,4.4,77,0.0,413.0,0,0
2026-01-12 13:00:00,13744.223313,13.2,37,-1.1,10.2,5.4,53,0.0,541.0,0,0
2026-01-12 14:00:00,13366.20623,15.6,31,-1.4,12.6,6.6,9,0.0,605.0,0,0
2026-01-12 15:00:00,13115.172718,17.0,27,-2.0,13.8,6.6,2,0.0,585.0,0,0
2026-01-12 16:00:00,13187.944844,17.6,24,-3.0,14.1,6.7,53,0.0,496.0,0,0
2026-01-12 17:00:00,13838.643189,17.5,23,-3.8,14.0,6.0,95,0.0,352.0,0,0
2026-01-12 18:00:00,14651.915149,16.6,24,-3.8,13.5,3.3,77,0.0,160.0,0,0
2026-01-12 19:00:00,14804.845624,14.3,29,-3.5,11.1,4.1,0,0.0,22.0,0,0
2026-01-12 20:00:00,14718.895279,13.8,30,-3.7,10.3,5.7,95,0.0,0.0,0,0
2026-01-12 21:00:00,14395.60599,12.8,32,-3.3,9.3,6.1,100,0.0,0.0,0,0
2026-01-12 22:00:00,13739.667272,12.1,37,-2.0,8.3,9.4,100,0.0,0.0,0,0
2026-01-12 23:00:00,13063.605301,11.1,42,-1.3,7.4,10.1,15,0.0,0.0,0,0
2026-01-13 00:00:00,12679.567525,10.6,42,-1.9,6.6,11.2,98,0.0,0.0,1,0
2026-01-13 01:00:00,12485.441164,8.9,49,-1.3,5.0,10.5,100,0.0,0.0,1,0
2026-01-13 02:00:00,12462.240851,7.8,53,-1.3,4.3,8.2,90,0.0,0.0,1,0
2026-01-13 03:00:00,12586.344135,7.1,55,-1.4,3.7,7.1,16,0.0,0.0,1,0
2026-01-13 04:00:00,13107.249287,6.6,56,-1.6,3.0,8.2,68,0.0,0.0,1,0
2026-01-13 05:00:00,14010.14453,6.3,55,-2.2,2.6,8.4,88,0.0,0.0,1,0
2026-01-13 06:00:00,15384.118068,6.2,53,-2.7,2.5,8.4,99,0.0,0.0,1,0
2026-01-13 07:00:00,15977.140434,6.6,55,-1.8,2.9,9.0,100,0.0,0.0,1,0
2026-01-13 08:00:00,15709.371078,6.6,56,-1.5,3.0,8.2,100,0.0,0.0,1,0
2026-01-13 09:00:00,15215.318714,6.4,58,-1.2,3.1,7.2,100,0.0,7.0,1,0
2026-01-13 10:00:00,14595.984485,7.9,55,-0.6,4.5,8.5,100,0.0,104.0,1,0
2026-01-13 11:00:00,14060.410238,9.8,48,-0.6,6.5,7.7,77,0.0,198.0,1,0
2026-01-13 12:00:00,13560.157981,13.1,37,-1.5,9.2,10.4,99,0.0,437.0,1,0
2026-01-13 13:00:00,13167.203198,15.8,31,-1.5,11.8,11.3,83,0.0,495.0,1,0
2026-01-13 14:00:00,12883.067778,17.5,23,-3.8,12.9,12.7,52,0.0,525.0,1,0
2026-01-13 15:00:00,12902.846633,18.5,21,-4.4,13.8,14.3,13,0.0,569.0,1,0
2026-01-13 16:00:00,13141.820589,18.4,24,-2.5,13.7,15.4,20,0.0,469.0,1,0
2026-01-13 17:00:00,13772.365131,17.7,32,1.0,13.7,13.9,14,0.0,345.0,1,0
2026-01-13 18:00:00,14404.924558,16.6,38,2.1,12.9,13.0,23,0.0,147.0,1,0
2026-01-13 19:00:00,14453.284032,13.9,44,1.9,10.0,14.3,49,0.0,18.0,1,0
2026-01-13 20:00:00,14314.942311,12.6,54,3.4,9.2,12.2,20,0.0,0.0,1,0
2026-01-13 21:00:00,13892.837512,12.1,60,4.5,8.9,12.4,19,0.0,0.0,1,0
2026-01-13 22:00:00,13187.998388,11.8,63,4.9,9.1,10.3,9,0.0,0.0,1,0
2026-01-13 23:00:00,12513.146768,11.4,63,4.6,8.2,13.0,0,0.0,0.0,1,0
2026-01-14 00:00:00,12094.838461,11.0,62,4.1,8.1,10.1,27,0.0,0.0,2,0
2026-01-14 01:00:00,11964.423727,9.6,67,3.7,6.4,11.2,84,0.0,0.0,2,0
2026-01-14 02:00:00,12010.582191,9.0,69,3.7,6.1,9.9,47,0.0,0.0,2,0
2026-01-14 03:00:00,12159.474495,8.5,72,3.7,5.7,8.8,98,0.0,0.0,2,0
2026-01-14 04:00:00,12514.449144,8.2,73,3.6,5.4,8.9,100,0.0,0.0,2,0
2026-01-14 05:00:00,13395.072891,8.4,72,3.6,5.4,10.3,98,0.0,0.0,2,0
2026-01-14 06:00:00,14539.966626,9.6,64,3.2,6.0,14.4,95,0.0,0.0,2,0
2026-01-14 07:00:00,15014.561831,11.8,54,2.8,7.4,19.1,100,0.0,0.0,2,0
2026-01-14 08:00:00,14799.571091,12.2,53,3.0,7.9,18.7,80,0.0,0.0,2,0
2026-01-14 09:00:00,14375.346727,12.2,53,2.8,7.4,22.0,30,0.0,6.0,2,0
2026-01-14 10:00:00,13965.8331,12.6,50,2.6,8.3,18.6,12,0.0,127.0,2,0
2026-01-14 11:00:00,13610.609767,13.7,46,2.2,8.3,25.1,0,0.0,309.0,2,0
2026-01-14 12:00:00,13315.761069,14.4,42,1.8,8.7,26.2,0,0.0,462.0,2,0
2026-01-14 13:00:00,13072.453166,15.4,36,0.6,10.0,23.9,0,0.0,564.0,2,0
2026-01-14 14:00:00,12973.907384,15.9,34,0.1,10.4,24.7,4,0.0,605.0,2,0
2026-01-14 15:00:00,13028.489272,16.2,32,-0.6,10.3,26.4,20,0.0,576.0,2,0
2026-01-14 16:00:00,13389.4275,15.5,33,-0.9,9.4,26.3,80,0.0,457.0,2,0
2026-01-14 17:00:00,14241.537901,14.1,35,-1.0,8.2,25.4,82,0.0,277.0,2,0
2026-01-14 18:00:00,14990.106389,12.8,39,-0.9,7.0,23.7,100,0.0,94.0,2,0
2026-01-14 19:00:00,15080.776305,11.1,43,-1.1,5.9,19.9,44,0.0,20.0,2,0
2026-01-14 20:00:00,15075.605741,10.6,43,-1.5,5.9,16.3,27,0.0,0.0,2,0
2026-01-14 21:00:00,14835.279738,10.8,43,-1.4,6.0,16.3,8,0.0,0.0,2,0
2026-01-14 22:00:00,14172.710911,9.9,50,0.0,4.9,20.1,3,0.0,0.0,2,0
2026-01-14 23:00:00,13593.079769,9.1,53,0.1,4.5,17.1,8,0.0,0.0,2,0
2026-01-15 00:00:00,13265.198777,8.6,49,-1.5,3.8,16.3,3,0.0,0.0,3,0
2026-01-15 01:00:00,13237.884605,6.2,58,-1.6,1.8,13.6,0,0.0,0.0,3,0
2026-01-15 02:00:00,13375.671313,5.4,61,-1.5,1.4,11.1,0,0.0,0.0,3,0
2026-01-15 03:00:00,13673.941956,4.7,63,-1.8,1.0,9.0,0,0.0,0.0,3,0
2026-01-15 04:00:00,14475.097941,4.0,64,-2.2,0.5,7.6,0,0.0,0.0,3,0
2026-01-15 05:00:00,15769.527344,3.2,66,-2.5,-0.4,8.1,0,0.0,0.0,3,0
2026-01-15 06:00:00,17501.882541,2.7,67,-3.0,-1.1,8.1,0,0.0,0.0,3,0
2026-01-15 07:00:00,18242.861732,1.5,67,-4.1,-2.2,6.6,0,0.0,0.0,3,0
2026-01-15 08:00:00,17681.699249,0.6,68,-4.7,-2.9,4.8,0,0.0,0.0,3,0
2026-01-15 09:00:00,16615.764067,0.6,66,-5.1,-3.2,7.0,0,0.0,9.0,3,0
2026-01-15 10:00:00,15719.936539,2.2,59,-4.9,-1.0,3.5,0,0.0,137.0,3,0
2026-01-15 11:00:00,14864.264446,4.7,50,-4.9,1.4,3.6,0,0.0,314.0,3,0
2026-01-15 12:00:00,14120.317524,7.1,43,-4.8,3.5,5.7,1,0.0,464.0,3,0
2026-01-15 13:00:00,13585.059287,9.9,38,-3.8,6.5,5.6,0,0.0,565.0,3,0
2026-01-15 14:00:00,13243.744498,11.7,35,-3.3,8.4,7.0,0,0.0,607.0,3,0
2026-01-15 15:00:00,13124.242589,13.0,33,-3.0,9.3,9.6,0,0.0,585.0,3,0
2026-01-15 16:00:00,13287.95509,14.1,31,-2.8,9.9,11.5,0,0.0,500.0,3,0
2026-01-15 17:00:00,13832.672303,14.8,30,-2.5,10.2,14.0,0,0.0,360.0,3,0
2026-01-15 18:00:00,14677.384172,14.2,33,-1.8,9.8,14.5,0,0.0,184.0,3,0
2026-01-15 19:00:00,14930.12164,12.9,40,-0.5,8.8,13.1,0,0.0,28.0,3,0
2026-01-15 20:00:00,14935.564707,12.1,42,-0.3,7.9,13.9,0,0.0,0.0,3,0
2026-01-15 21:00:00,14624.765508,11.8,42,-0.6,7.4,14.4,0,0.0,0.0,3,0
2026-01-15 22:00:00,13985.536513,11.4,43,-0.9,7.0,14.8,0,0.0,0.0,3,0
2026-01-15 23:00:00,13317.637336,11.3,43,-0.8,6.7,15.9,0,0.0,0.0,3,0
2026-01-16 00:00:00,12817.020416,11.4,43,-0.6,6.9,15.7,0,0.0,0.0,4,0
2026-01-16 01:00:00,12542.379066,10.3,47,-0.5,5.9,15.3,0,0.0,0.0,4,0
2026-01-16 02:00:00,12384.916201,10.1,49,-0.1,5.9,14.3,0,0.0,0.0,4,0
2026-01-16 03:00:00,12480.140784,10.2,49,0.1,6.2,13.3,0,0.0,0.0,4,0
2026-01-16 04:00:00,12924.94499,10.4,48,-0.2,6.4,13.0,0,0.0,0.0,4,0
2026-01-16 05:00:00,13815.642246,10.4,47,-0.3,6.4,12.5,0,0.0,0.0,4,0
2026-01-16 06:00:00,15147.071374,10.1,47,-0.6,6.1,12.6,0,0.0,0.0,4,0
2026-01-16 07:00:00,15804.574775,10.4,47,-0.4,6.4,12.4,0,0.0,0.0,4,0
2026-01-16 08:00:00,15568.770221,8.9,55,0.2,5.6,8.0,0,0.0,0.0,4,0
2026-01-16 09:00:00,15084.584751,8.6,58,0.8,5.5,7.0,0,0.0,9.0,4,0
2026-01-16 10:00:00,14651.619048,10.4,53,1.4,6.4,14.8,0,0.0,136.0,4,0
2026-01-16 11:00:00,14133.376415,10.1,51,0.4,4.6,23.7,0,0.0,314.0,4,0
2026-01-16 12:00:00,13647.030488,11.4,45,-0.1,6.4,19.9,0,0.0,466.0,4,0
2026-01-16 13:00:00,13334.468223,13.0,40,-0.3,8.0,19.9,9,0.0,569.0,4,0
2026-01-16 14:00:00,13033.095606,13.8,37,-0.6,9.2,18.2,20,0.0,611.0,4,0
2026-01-16 15:00:00,12955.182269,14.2,32,-2.3,9.4,17.1,89,0.0,589.0,4,0
2026-01-16 16:00:00,13094.297464,14.4,27,-4.6,9.2,16.8,72,0.0,501.0,4,0
2026-01-16 17:00:00,13719.309405,14.0,23,-6.8,8.8,15.5,12,0.0,362.0,4,0
2026-01-16 18:00:00,14444.008266,13.1,24,-7.2,8.3,12.0,0,0.0,190.0,4,0
2026-01-16 19:00:00,14621.714234,11.9,25,-7.4,7.4,10.3,0,0.0,30.0,4,0
2026-01-16 20:00:00,14760.578151,10.9,28,-6.9,6.4,10.1,0,0.0,0.0,4,0
2026-01-16 21:00:00,14689.138286,9.9,29,-7.2,5.6,9.2,0,0.0,0.0,4,0
2026-01-16 22:00:00,14393.4587,9.4,25,-9.7,4.6,11.2,0,0.0,0.0,4,0
2026-01-16 23:00:00,14126.889583,8.4,25,-10.5,3.9,8.0,0,0.0,0.0,4,0
2026-01-17 00:00:00,13868.362552,7.8,24,-11.6,2.8,10.8,0,0.0,0.0,5,0
2026-01-17 01:00:00,13733.783289,6.5,23,-13.0,1.3,11.6,0,0.0,0.0,5,0
2026-01-17 02:00:00,13762.522701,5.4,25,-13.1,0.3,11.5,0,0.0,0.0,5,0
2026-01-17 03:00:00,13950.373662,4.7,27,-12.8,-0.4,11.1,0,0.0,0.0,5,0
2026-01-17 04:00:00,14340.547086,4.1,28,-12.8,-1.1,11.5,0,0.0,0.0,5,0
2026-01-17 05:00:00,14921.752629,3.7,29,-12.9,-1.5,12.0,25,0.0,0.0,5,0
2026-01-17 06:00:00,15664.562849,3.8,27,-13.5,-1.8,14.3,96,0.0,0.0,5,0
2026-01-17 07:00:00,16407.770911,4.0,28,-12.9,-1.5,13.8,98,0.0,0.0,5,0
2026-01-17 08:00:00,16849.382046,3.8,32,-11.4,-1.3,12.5,98,0.0,0.0,5,0
2026-01-17 09:00:00,17003.894365,3.6,38,-9.5,-1.3,11.7,100,0.0,7.0,5,0
2026-01-17 10:00:00,17123.015694,3.8,43,-7.7,-1.2,13.9,100,0.0,90.0,5,0
2026-01-17 11:00:00,16929.334577,4.3,47,-6.0,-0.6,14.0,100,0.0,188.0,5,0
2026-01-17 12:00:00,16577.423432,4.7,46,-6.1,-0.5,15.6,100,0.0,282.0,5,0
2026-01-17 13:00:00,16035.822609,4.8,37,-8.7,-0.3,14.1,100,0.0,367.0,5,0
2026-01-17 14:00:00,15700.25148,5.8,27,-11.9,0.5,13.4,99,0.0,382.0,5,0
2026-01-17 15:00:00,15911.286612,6.5,21,-14.1,1.1,12.8,100,0.0,470.0,5,0
2026-01-17 16:00:00,16168.936782,7.0,19,-15.0,1.3,14.3,100,0.0,439.0,5,0
2026-01-17 17:00:00,16601.656307,6.7,21,-14.3,0.8,16.4,100,0.0,303.0,5,0
2026-01-17 18:00:00,17369.461145,6.1,23,-13.4,0.5,13.9,100,0.0,156.0,5,0
2026-01-17 19:00:00,17668.827659,5.7,22,-14.2,0.8,8.9,88,0.0,22.0,5,0
2026-01-17 20:00:00,17945.614146,4.7,25,-13.4,0.0,8.1,5,0.0,0.0,5,0
2026-01-17 21:00:00,17939.274715,4.3,28,-12.6,-0.6,9.7,1,0.0,0.0,5,0
2026-01-17 22:00:00,17731.73532,3.7,26,-14.1,-1.5,10.9,0,0.0,0.0,5,0
2026-01-17 23:00:00,17581.539628,2.7,23,-16.2,-2.2,8.2,0,0.0,0.0,5,0
2026-01-18 00:00:00,17389.453605,1.3,37,-11.9,-2.8,4.5,0,0.0,0.0,6,0
2026-01-18 01:00:00,17345.647333,-0.6,37,-13.5,-5.2,7.8,0,0.0,0.0,6,0
2026-01-18 02:00:00,17572.508472,-1.5,40,-13.4,-6.1,7.9,0,0.0,0.0,6,0
2026-01-18 03:00:00,17796.04025,-2.2,39,-14.5,-7.1,8.7,0,0.0,0.0,6,0
2026-01-18 04:00:00,18154.126174,-2.8,39,-14.9,-7.5,7.3,0,0.0,0.0,6,0
2026-01-18 05:00:00,18705.439144,-3.3,40,-15.1,-7.9,6.3,0,0.0,0.0,6,0
2026-01-18 06:00:00,19383.308386,-3.7,40,-15.2,-8.0,5.4,0,0.0,0.0,6,0
2026-01-18 07:00:00,20071.513226,-4.5,48,-13.9,-8.5,3.1,0,0.0,0.0,6,0
2026-01-18 08:00:00,19941.273131,-4.9,46,-14.9,-9.1,3.9,0,0.0,0.0,6,0
2026-01-18 09:00:00,18951.387286,-4.9,43,-15.6,-9.2,4.8,0,0.0,10.0,6,0
2026-01-18 10:00:00,17687.570204,-2.8,39,-14.9,-7.2,5.7,0,0.0,142.0,6,0
2026-01-18 11:00:00,16436.58423,0.3,34,-13.9,-4.2,7.3,0,0.0,328.0,6,0
2026-01-18 12:00:00,15285.668803,3.4,30,-12.7,-1.2,8.2,0,0.0,487.0,6,0
2026-01-18 13:00:00,14363.417093,7.7,27,-10.1,3.3,9.1,0,0.0,591.0,6,0
2026-01-18 14:00:00,13650.799537,10.6,25,-8.4,6.5,10.1,0,0.0,631.0,6,0
2026-01-18 15:00:00,13206.872165,12.9,23,-7.7,8.6,10.9,0,0.0,606.0,6,0
2026-01-18 16:00:00,13075.582557,14.6,21,-7.3,10.2,9.9,0,0.0,520.0,6,0
2026-01-18 17:00:00,13564.969867,15.4,20,-7.2,11.4,7.3,0,0.0,376.0,6,0
2026-01-18 18:00:00,14371.797913,14.1,37,-0.4,11.7,1.9,0,0.0,196.0,6,0
2026-01-18 19:00:00,14621.593482,13.2,30,-3.8,10.4,1.3,0,0.0,33.0,6,0
2026-01-18 20:00:00,14735.688509,12.1,35,-3.0,9.1,2.9,0,0.0,0.0,6,0
2026-01-18 21:00:00,14793.691894,10.8,38,-3.2,7.6,3.8,0,0.0,0.0,6,0
2026-01-18 22:00:00,14538.063087,9.6,39,-3.6,6.4,4.2,0,0.0,0.0,6,0
2026-01-18 23:00:00,14154.395034,8.4,39,-4.7,4.7,6.0,0,0.0,0.0,6,0
2026-01-19 00:00:00,14000.934446,7.7,40,-5.1,3.9,6.6,0,0.0,0.0,0,1
2026-01-19 01:00:00,13987.058302,6.4,37,-7.2,2.3,8.0,0,0.0,0.0,0,1
2026-01-19 02:00:00,14098.212066,5.7,41,-6.6,1.5,8.1,0,0.0,0.0,0,1
2026-01-19 03:00:00,14397.707386,4.5,46,-6.0,0.8,5.7,59,0.0,0.0,0,1
2026-01-19 04:00:00,15059.480333,3.5,53,-5.2,0.0,5.1,91,0.0,0.0,0,1
2026-01-19 05:00:00,16061.824373,3.2,53,-5.4,-0.4,5.2,100,0.0,0.0,0,1
2026-01-19 06:00:00,17232.366078,2.8,57,-4.8,-0.3,2.7,98,0.0,0.0,0,1
2026-01-19 07:00:00,18057.795058,1.8,62,-4.8,-1.6,3.8,27,0.0,0.0,0,1
2026-01-19 08:00:00,17869.595333,1.2,64,-4.9,-2.3,4.9,85,0.0,0.0,0,1
2026-01-19 09:00:00,17207.36138,2.1,65,-3.7,-1.3,5.6,30,0.0,10.0,0,1
2026-01-19 10:00:00,16549.139243,4.4,55,-3.7,0.7,7.7,6,0.0,137.0,0,1
2026-01-19 11:00:00,15842.331777,6.2,42,-5.8,1.7,11.5,15,0.0,326.0,0,1
2026-01-19 12:00:00,15231.304112,7.5,41,-4.9,2.9,12.5,20,0.0,482.0,0,1
2026-01-19 13:00:00,14710.137567,9.9,39,-3.5,5.2,15.6,43,0.0,586.0,0,1
2026-01-19 14:00:00,14382.195259,10.9,37,-3.4,6.3,16.6,5,0.0,623.0,0,1
2026-01-19 15:00:00,14359.193258,11.2,34,-4.0,6.4,17.0,12,0.0,605.0,0,1
2026-01-19 16:00:00,14610.515542,11.0,32,-5.1,5.6,17.8,32,0.0,517.0,0,1
2026-01-19 17:00:00,15753.025852,10.1,30,-6.9,4.4,18.2,10,0.0,369.0,0,1
2026-01-19 18:00:00,16907.97786,8.8,27,-9.1,3.1,16.7,34,0.0,197.0,0,1
2026-01-19 19:00:00,17192.966018,6.9,24,-12.5,1.4,14.3,52,0.0,33.0,0,1
2026-01-19 20:00:00,17273.199985,5.9,26,-12.0,0.8,12.2,45,0.0,0.0,0,1
2026-01-19 21:00:00,16941.308776,5.1,30,-11.1,-0.1,12.6,80,0.0,0.0,0,1
2026-01-19 22:00:00,16465.897797,4.0,33,-10.7,-1.2,12.8,83,0.0,0.0,0,1
2026-01-19 23:00:00,16029.083304,3.6,37,-9.7,-1.3,11.6,100,0.0,0.0,0,1
2026-01-20 00:00:00,15783.175984,2.8,41,-9.1,-2.2,12.1,2,0.0,0.0,1,0
2026-01-20 01:00:00,15818.776345,1.3,47,-8.8,-3.5,11.1,8,0.0,0.0,1,0
2026-01-20 02:00:00,16010.85324,0.7,50,-8.4,-3.7,9.1,0,0.0,0.0,1,0
2026-01-20 03:00:00,16333.213355,0.2,54,-8.0,-4.2,8.5,0,0.0,0.0,1,0
2026-01-20 04:00:00,17010.909537,-0.2,58,-7.6,-4.2,6.7,34,0.0,0.0,1,0
2026-01-20 05:00:00,18133.417565,-0.6,61,-7.2,-4.5,6.4,90,0.0,0.0,1,0
2026-01-20 06:00:00,19610.06017,-0.9,63,-7.1,-4.9,7.1,99,0.0,0.0,1,0
2026-01-20 07:00:00,20330.820188,-1.0,58,-8.2,-5.0,6.0,100,0.0,0.0,1,0
2026-01-20 08:00:00,19786.037821,-1.1,61,-7.7,-4.7,4.0,95,0.0,0.0,1,0
2026-01-20 09:00:00,18962.873397,-1.0,62,-7.5,-4.6,3.8,68,0.0,9.0,1,0
2026-01-20 10:00:00,17738.586028,0.2,53,-8.3,-3.3,2.9,0,0.0,133.0,1,0
2026-01-20 11:00:00,16696.908538,2.2,44,-8.9,-1.4,2.4,0,0.0,322.0,1,0
2026-01-20 12:00:00,15885.236417,4.2,38,-8.7,1.0,0.7,0,0.0,479.0,1,0
2026-01-20 13:00:00,15192.546869,6.3,38,-7.0,3.3,2.0,0,0.0,583.0,1,0
2026-01-20 14:00:00,14783.613165,8.8,33,-6.7,5.8,3.5,0,0.0,624.0,1,0
2026-01-20 15:00:00,14661.544369,10.2,31,-6.2,7.0,4.5,4,0.0,599.0,1,0
2026-01-20 16:00:00,15000.170428,11.1,31,-5.6,7.5,5.4,9,0.0,511.0,1,0
2026-01-20 17:00:00,15651.986116,11.4,31,-4.9,7.7,6.5,41,0.0,345.0,1,0
2026-01-20 18:00:00,16308.613612,11.6,32,-4.4,7.8,7.3,59,0.0,153.0,1,0
2026-01-20 19:00:00,16194.691811,11.1,39,-2.3,7.9,5.0,98,0.0,27.0,1,0
2026-01-20 20:00:00,15953.759249,11.7,39,-1.8,8.0,9.3,100,0.0,0.0,1,0
2026-01-20 21:00:00,15384.456727,11.9,46,0.8,8.3,11.4,100,0.0,0.0,1,0
2026-01-20 22:00:00,14439.279577,11.9,48,1.3,8.5,10.8,100,0.0,0.0,1,0
2026-01-20 23:00:00,13552.173581,12.2,48,1.5,8.5,12.5,100,0.0,0.0,1,0
2026-01-21 00:00:00,12912.361476,12.4,53,3.0,8.8,13.6,100,0.0,0.0,2,0
2026-01-21 01:00:00,12536.838132,12.1,56,3.7,8.6,13.6,100,0.0,0.0,2,0
2026-01-21 02:00:00,12344.431197,11.8,63,5.0,8.8,12.0,100,0.1,0.0,2,0
2026-01-21 03:00:00,12251.823843,11.6,69,6.2,9.0,11.6,100,0.1,0.0,2,0
2026-01-21 04:00:00,12450.830662,11.8,75,7.4,9.5,11.2,100,0.0,0.0,2,0
2026-01-21 05:00:00,13195.586573,11.8,82,8.9,10.3,8.6,100,0.3,0.0,2,0
2026-01-21 06:00:00,14313.277849,11.6,87,9.6,10.6,6.8,100,0.1,0.0,2,0
2026-01-21 07:00:00,14775.478982,11.0,93,9.9,9.3,11.3,100,0.0,0.0,2,0
2026-01-21 08:00:00,14717.141138,11.2,92,9.9,9.8,9.2,62,0.0,0.0,2,0
2026-01-21 09:00:00,14689.466218,10.6,94,9.8,9.7,6.3,19,0.0,7.0,2,0
2026-01-21 10:00:00,14548.258462,12.2,90,10.7,12.0,3.3,91,0.1,119.0,2,0
2026-01-21 11:00:00,14156.355216,13.8,83,11.1,13.7,2.6,100,0.1,207.0,2,0
2026-01-21 12:00:00,13636.201236,14.4,78,10.6,14.0,3.9,63,0.0,164.0,2,0
2026-01-21 13:00:00,13115.50135,15.1,73,10.2,14.3,6.0,21,0.0,389.0,2,0
2026-01-21 14:00:00,12860.516127,16.6,63,9.5,15.3,7.9,76,0.0,537.0,2,0
2026-01-21 15:00:00,12791.31173,17.0,58,8.8,15.8,6.5,100,0.0,475.0,2,0
2026-01-21 16:00:00,12944.079608,17.6,54,8.2,16.4,4.8,4,0.0,467.0,2,0
2026-01-21 17:00:00,13433.19252,17.6,52,7.8,16.0,7.6,9,0.0,365.0,2,0
2026-01-21 18:00:00,14120.062137,16.8,54,7.4,14.8,9.0,0,0.0,189.0,2,0
2026-01-21 19:00:00,14248.579274,15.4,57,7.0,13.6,6.4,6,0.0,36.0,2,0
2026-01-21 20:00:00,14179.735712,14.9,57,6.3,12.7,8.7,1,0.0,0.0,2,0
2026-01-21 21:00:00,13919.908611,13.9,57,5.5,10.8,13.1,15,0.0,0.0,2,0
2026-01-21 22:00:00,13251.806006,12.9,53,3.4,9.6,11.7,30,0.0,0.0,2,0
2026-01-21 23:00:00,12601.419337,12.4,51,2.5,9.1,11.2,82,0.0,0.0,2,0
2026-01-22 00:00:00,12112.23887,11.6,52,2.0,8.3,10.6,95,0.0,0.0,3,0
2026-01-22 01:00:00,12005.245034,9.8,58,2.0,6.6,9.6,100,0.0,0.0,3,0
2026-01-22 02:00:00,12035.708241,8.7,61,1.6,5.5,9.2,100,0.0,0.0,3,0
2026-01-22 03:00:00,12209.116807,7.8,61,0.9,4.6,8.1,97,0.0,0.0,3,0
2026-01-22 04:00:00,12741.017654,7.0,62,0.2,3.8,7.5,36,0.0,0.0,3,0
2026-01-22 05:00:00,13825.158973,6.4,64,0.1,3.3,6.6,37,0.0,0.0,3,0
2026-01-22 06:00:00,15278.097345,5.8,70,0.6,3.0,4.7,57,0.0,0.0,3,0
2026-01-22 07:00:00,15972.876824,5.2,78,1.8,2.8,4.4,38,0.0,0.0,3,0
2026-01-22 08:00:00,15846.645963,4.9,84,2.3,2.5,4.7,96,0.0,0.0,3,0
2026-01-22 09:00:00,15533.199528,5.2,84,2.8,2.7,5.9,98,0.0,10.0,3,0
2026-01-22 10:00:00,15256.089774,6.7,78,3.2,4.4,4.7,96,0.0,115.0,3,0
2026-01-22 11:00:00,14913.868422,8.5,74,4.1,6.4,4.7,92,0.0,274.0,3,0
2026-01-22 12:00:00,14573.48167,10.5,69,4.9,8.5,5.6,99,0.0,425.0,3,0
2026-01-22 13:00:00,14198.629156,10.8,72,6.0,9.0,5.3,100,0.0,521.0,3,0
2026-01-22 14:00:00,13931.645243,12.1,67,6.3,10.6,4.4,100,0.0,458.0,3,0
2026-01-22 15:00:00,13791.452286,12.9,65,6.5,11.0,6.3,100,0.0,436.0,3,0
2026-01-22 16:00:00,14018.618101,13.1,65,6.8,11.2,7.5,100,0.0,368.0,3,0
2026-01-22 17:00:00,14647.644599,13.1,67,7.1,11.2,7.2,100,0.0,253.0,3,0
2026-01-22 18:00:00,15402.169007,12.4,71,7.2,10.6,7.4,100,0.0,153.0,3,0
2026-01-22 19:00:00,15401.1305,10.8,81,7.8,9.3,6.0,100,0.0,29.0,3,0
2026-01-22 20:00:00,15294.021289,10.1,86,7.8,8.8,4.9,100,0.0,0.0,3,0
2026-01-22 21:00:00,14838.239184,10.0,86,7.8,8.6,5.7,100,0.0,0.0,3,0
2026-01-22 22:00:00,14066.918345,9.9,86,7.8,8.5,5.8,100,0.0,0.0,3,0
2026-01-22 23:00:00,13238.121311,9.8,88,7.8,8.4,5.3,100,0.0,0.0,3,0
2026-01-23 00:00:00,12522.213533,10.1,88,8.2,9.0,4.4,100,0.0,0.0,4,0
2026-01-23 01:00:00,12090.233787,10.6,88,8.8,9.5,5.6,100,0.0,0.0,4,0
2026-01-23 02:00:00,11864.213717,10.7,89,8.9,9.6,5.6,100,0.0,0.0,4,0
2026-01-23 03:00:00,11827.525304,10.9,89,9.1,9.7,5.9,100,0.0,0.0,4,0
2026-01-23 04:00:00,12128.659749,11.0,89,9.2,9.8,6.8,100,0.0,0.0,4,0
2026-01-23 05:00:00,12834.880829,11.1,90,9.4,9.6,8.9,100,0.0,0.0,4,0
2026-01-23 06:00:00,13946.265608,11.1,89,9.4,9.7,8.8,100,0.1,0.0,4,0
2026-01-23 07:00:00,14631.981051,10.5,91,9.1,8.8,9.8,100,0.2,0.0,4,0
2026-01-23 08:00:00,15070.686778,10.1,94,9.2,8.4,10.6,100,0.4,0.0,4,0
2026-01-23 09:00:00,15425.847726,9.9,91,8.4,7.8,11.6,100,0.5,3.0,4,0
2026-01-23 10:00:00,15713.93985,9.9,89,8.2,7.6,12.6,100,0.1,28.0,4,0
2026-01-23 11:00:00,15997.053815,10.0,86,7.8,7.6,12.7,100,0.1,76.0,4,0
2026-01-23 12:00:00,16201.105789,9.9,85,7.6,7.2,14.7,100,0.4,114.0,4,0
2026-01-23 13:00:00,16420.355424,8.9,90,7.3,6.2,13.2,100,0.6,99.0,4,0
2026-01-23 14:00:00,16620.542981,8.6,93,7.6,5.8,14.8,100,0.7,107.0,4,0
2026-01-23 15:00:00,16931.607917,8.5,85,6.2,5.0,17.2,100,0.2,101.0,4,0
2026-01-23 16:00:00,17551.879676,7.8,92,6.7,4.8,15.4,100,2.6,57.0,4,0
2026-01-23 17:00:00,18411.716179,7.2,92,6.0,3.4,18.8,100,2.0,25.0,4,0
2026-01-23 18:00:00,19015.382525,6.7,92,5.4,3.1,16.4,100,0.6,19.0,4,0
2026-01-23 19:00:00,19082.013853,4.5,95,3.8,1.3,11.6,100,0.8,4.0,4,0
2026-01-23 20:00:00,19095.852365,4.4,93,3.5,0.8,14.5,100,1.5,0.0,4,0
2026-01-23 21:00:00,18855.843913,4.2,88,2.4,0.4,14.9,100,0.4,0.0,4,0
2026-01-23 22:00:00,18512.670533,3.5,81,0.6,-0.9,15.9,100,0.2,0.0,4,0
2026-01-23 23:00:00,18249.144005,2.9,79,-0.3,-1.7,16.6,100,0.4,0.0,4,0
2026-01-24 00:00:00,17986.377179,2.3,80,-0.8,-2.2,15.6,100,0.3,0.0,5,0
2026-01-24 01:00:00,17848.73927,1.4,87,-0.6,-2.8,13.3,100,0.4,0.0,5,0
2026-01-24 02:00:00,17813.872146,1.0,87,-0.9,-3.0,12.4,100,0.2,0.0,5,0
2026-01-24 03:00:00,17894.862131,0.9,88,-0.9,-3.5,14.5,100,0.6,0.0,5,0
2026-01-24 04:00:00,18170.055174,0.7,93,-0.3,-3.5,14.2,100,1.1,0.0,5,0
2026-01-24 05:00:00,18964.35488,0.6,94,-0.3,-3.9,15.9,100,0.7,0.0,5,0
2026-01-24 06:00:00,19933.707778,0.2,94,-0.7,-4.4,16.3,100,1.4,0.0,5,0
2026-01-24 07:00:00,20970.085383,-3.2,92,-4.3,-8.9,20.3,100,2.6,0.0,5,0
2026-01-24 08:00:00,21743.757133,-3.2,91,-4.3,-8.3,16.8,100,0.8,0.0,5,0
2026-01-24 09:00:00,22041.815091,-3.7,88,-5.4,-9.0,16.7,100,0.3,2.0,5,0
2026-01-24 10:00:00,22463.407647,-3.6,87,-5.4,-9.1,18.2,100,0.4,18.0,5,0
2026-01-24 11:00:00,22790.468183,-3.1,85,-5.3,-8.3,16.2,100,0.0,64.0,5,0
2026-01-24 12:00:00,23121.615608,-3.0,85,-5.1,-7.9,14.8,100,0.1,65.0,5,0
2026-01-24 13:00:00,23171.309642,-4.8,86,-6.8,-10.5,18.4,100,0.1,85.0,5,0
2026-01-24 14:00:00,23170.396893,-4.4,84,-6.7,-10.0,17.9,100,0.3,107.0,5,0
2026-01-24 15:00:00,23324.215797,-4.3,83,-6.8,-9.7,16.3,100,0.2,69.0,5,0
2026-01-24 16:00:00,23625.345232,-4.1,83,-6.5,-9.3,15.7,100,0.4,48.0,5,0
2026-01-24 17:00:00,24183.805864,-3.5,82,-6.1,-8.4,14.1,100,0.1,80.0,5,0
2026-01-24 18:00:00,24607.630217,-3.5,82,-6.1,-8.5,13.8,100,0.1,22.0,5,0
2026-01-24 19:00:00,24570.261331,-5.8,87,-7.6,-11.4,17.8,100,0.1,6.0,5,0
2026-01-24 20:00:00,24636.633723,-6.1,88,-7.8,-11.5,16.2,100,0.5,0.0,5,0
2026-01-24 21:00:00,24353.478907,-6.2,89,-7.8,-11.5,15.3,100,0.7,0.0,5,0
2026-01-24 22:00:00,23943.816184,-6.8,88,-8.4,-12.4,16.8,100,1.2,0.0,5,0
2026-01-24 23:00:00,23552.841087,-7.2,85,-9.4,-13.2,18.6,100,0.5,0.0,5,0
2026-01-25 00:00:00,23417.804063,-6.9,87,-8.6,-12.3,15.2,100,0.4,0.0,6,0
2026-01-25 01:00:00,23359.796628,-8.3,88,-9.9,-13.8,15.2,100,2.0,0.0,6,0
2026-01-25 02:00:00,23411.792621,-8.0,86,-9.9,-14.5,22.2,100,1.5,0.0,6,0
2026-01-25 03:00:00,23666.040273,-8.0,86,-9.9,-13.8,17.6,100,1.3,0.0,6,0
2026-01-25 04:00:00,24105.479279,-8.7,85,-10.8,-14.1,14.2,100,0.6,0.0,6,0
2026-01-25 05:00:00,24511.378832,-10.1,84,-12.4,-17.0,23.8,91,0.2,0.0,6,0
2026-01-25 06:00:00,24877.052846,-10.6,81,-13.4,-17.0,19.8,100,0.1,0.0,6,0
2026-01-25 07:00:00,25156.261352,-10.4,81,-13.0,-16.8,20.4,100,0.1,0.0,6,0
2026-01-25 08:00:00,25225.786603,-10.5,79,-13.5,-16.6,18.1,100,0.0,0.0,6,0
2026-01-25 09:00:00,25318.162381,-10.6,77,-13.9,-16.9,18.7,47,0.0,4.0,6,0
2026-01-25 10:00:00,25223.167888,-10.6,76,-14.1,-17.0,19.5,65,0.0,107.0,6,0
2026-01-25 11:00:00,24833.620159,-10.6,72,-14.6,-17.3,21.4,57,0.0,249.0,6,0
2026-01-25 12:00:00,24303.41133,-9.9,70,-14.4,-16.5,21.1,100,0.0,405.0,6,0
2026-01-25 13:00:00,24008.787714,-8.5,72,-12.6,-14.9,20.0,98,0.0,388.0,6,0
2026-01-25 14:00:00,23793.17082,-8.1,69,-12.8,-14.1,18.1,100,0.0,408.0,6,0
2026-01-25 15:00:00,23766.789172,-7.4,69,-12.2,-13.4,17.5,100,0.0,402.0,6,0
2026-01-25 16:00:00,24020.677899,-7.3,70,-11.9,-13.4,17.9,100,0.0,244.0,6,0
2026-01-25 17:00:00,24521.340459,-7.2,71,-11.6,-13.3,18.4,100,0.0,128.0,6,0
2026-01-25 18:00:00,24994.744562,-7.2,73,-11.2,-13.2,18.3,100,0.0,99.0,6,0
2026-01-25 19:00:00,24631.668392,-6.7,78,-9.9,-12.4,17.5,100,0.0,21.0,6,0
2026-01-25 20:00:00,24270.01714,-6.8,79,-9.9,-12.7,18.2,100,0.2,0.0,6,0
2026-01-25 21:00:00,23890.783502,-6.8,80,-9.6,-12.5,16.9,100,0.2,0.0,6,0
2026-01-25 22:00:00,23249.4398,-6.9,80,-9.7,-12.0,13.1,94,0.1,0.0,6,0
2026-01-25 23:00:00,22864.961163,-7.1,81,-9.8,-12.2,12.8,44,0.0,0.0,6,0
2026-01-26 00:00:00,22815.403471,-7.5,82,-10.1,-12.5,11.8,34,0.0,0.0,0,0
2026-01-26 01:00:00,22951.951855,-7.9,80,-10.8,-13.0,12.2,22,0.0,0.0,0,0
2026-01-26 02:00:00,23053.191297,-8.3,78,-11.4,-13.4,12.2,8,0.0,0.0,0,0
2026-01-26 03:00:00,23207.911,-8.9,79,-11.9,-14.1,12.6,5,0.0,0.0,0,0
2026-01-26 04:00:00,23447.782488,-9.1,79,-12.1,-14.3,12.0,1,0.0,0.0,0,0
2026-01-26 05:00:00,23971.918099,-9.2,80,-11.9,-14.0,9.4,0,0.0,0.0,0,0
2026-01-26 06:00:00,24375.042957,-9.4,81,-12.1,-14.2,9.0,0,0.0,0.0,0,0
2026-01-26 07:00:00,24595.60775,-9.2,82,-11.7,-14.1,10.2,48,0.0,0.0,0,0
2026-01-26 08:00:00,25003.100901,-9.4,80,-12.1,-14.2,9.6,100,0.0,0.0,0,0
2026-01-26 09:00:00,24517.90183,-8.2,78,-11.4,-12.8,8.6,100,0.0,7.0,0,0
2026-01-26 10:00:00,23401.869154,-7.6,76,-11.1,-12.1,8.6,59,0.0,98.0,0,0
2026-01-26 11:00:00,22237.487819,-6.8,72,-10.9,-11.3,8.2,0,0.0,312.0,0,0
2026-01-26 12:00:00,21109.132531,-5.7,67,-10.8,-10.2,8.2,0,0.0,527.0,0,0
2026-01-26 13:00:00,19943.901229,-3.6,61,-9.9,-7.0,5.1,0,0.0,641.0,0,0
2026-01-26 14:00:00,19149.610102,-2.8,57,-10.1,-5.5,2.5,0,0.0,691.0,0,0
2026-01-26 15:00:00,18526.347525,-2.0,54,-10.0,-5.2,4.7,0,0.0,670.0,0,0
2026-01-26 16:00:00,18616.05648,-1.5,54,-9.8,-5.3,5.0,0,0.0,580.0,0,0
2026-01-26 17:00:00,19448.577096,-1.6,56,-9.3,-5.4,4.0,0,0.0,430.0,0,0
2026-01-26 18:00:00,20611.387997,-3.0,58,-10.1,-6.6,2.5,0,0.0,238.0,0,0
2026-01-26 19:00:00,21011.11968,-3.4,61,-9.8,-7.1,2.9,0,0.0,51.0,0,0
2026-01-26 20:00:00,21129.754724,-4.7,64,-10.4,-8.5,3.3,0,0.0,0.0,0,0
2026-01-26 21:00:00,21096.881198,-4.9,65,-10.5,-8.8,3.9,0,0.0,0.0,0,0
2026-01-26 22:00:00,20797.223283,-5.4,66,-10.8,-9.5,5.4,0,0.0,0.0,0,0
2026-01-26 23:00:00,20588.233524,-5.6,67,-10.9,-9.9,6.6,0,0.0,0.0,0,0
2026-01-27 00:00:00,20518.382362,-4.8,65,-10.4,-9.3,7.7,0,0.0,0.0,1,0
2026-01-27 01:00:00,20594.851864,-4.4,69,-9.3,-9.4,12.0,0,0.0,0.0,1,0
2026-01-27 02:00:00,20614.533587,-4.8,73,-8.9,-9.7,12.2,0,0.0,0.0,1,0
2026-01-27 03:00:00,20628.703922,-4.8,75,-8.6,-9.8,12.2,0,0.0,0.0,1,0
2026-01-27 04:00:00,21005.187159,-4.8,74,-8.8,-9.7,11.9,0,0.0,0.0,1,0
2026-01-27 05:00:00,21561.421811,-5.3,74,-9.3,-9.7,8.2,48,0.0,0.0,1,0
2026-01-27 06:00:00,22255.962454,-5.7,75,-9.5,-10.1,8.3,41,0.0,0.0,1,0
2026-01-27 07:00:00,22990.524734,-5.4,79,-8.4,-9.8,8.3,100,0.0,0.0,1,0
2026-01-27 08:00:00,23054.685162,-6.1,81,-8.8,-10.2,6.9,100,0.0,0.0,1,0
2026-01-27 09:00:00,22043.918825,-5.8,82,-8.4,-10.1,8.0,99,0.0,14.0,1,0
2026-01-27 10:00:00,21164.246421,-4.2,78,-7.4,-8.1,6.6,100,0.0,157.0,1,0
2026-01-27 11:00:00,20266.735052,-1.9,72,-6.2,-6.0,8.2,100,0.0,363.0,1,0
2026-01-27 12:00:00,19559.618763,0.1,68,-5.1,-4.0,8.6,100,0.0,462.0,1,0
2026-01-27 13:00:00,18861.422731,2.8,66,-2.8,-1.1,9.6,100,0.0,484.0,1,0
2026-01-27 14:00:00,18374.800944,3.0,66,-2.8,-0.7,7.5,100,0.0,468.0,1,0
2026-01-27 15:00:00,18145.88337,3.2,66,-2.5,-0.1,5.6,100,0.0,393.0,1,0
2026-01-27 16:00:00,17958.119879,3.5,68,-2.0,0.2,5.7,93,0.0,315.0,1,0
2026-01-27 17:00:00,18479.267403,3.5,69,-1.6,0.2,6.7,93,0.0,295.0,1,0
2026-01-27 18:00:00,19301.276755,2.8,74,-1.4,-0.5,7.1,100,0.0,199.0,1,0
2026-01-27 19:00:00,19419.472801,1.9,80,-1.2,-1.5,7.8,100,0.0,30.0,1,0
2026-01-27 20:00:00,19453.550461,1.1,82,-1.5,-2.2,6.6,100,0.0,0.0,1,0
2026-01-27 21:00:00,19317.161617,0.4,84,-2.0,-2.9,6.4,98,0.0,0.0,1,0
2026-01-27 22:00:00,18904.263152,-1.5,86,-3.5,-4.8,5.1,6,0.0,0.0,1,0
2026-01-27 23:00:00,18621.154175,-2.3,86,-4.3,-5.6,3.9,51,0.0,0.0,1,0
2026-01-28 00:00:00,18381.97609,-2.4,87,-4.2,-5.7,3.8,62,0.0,0.0,2,0
2026-01-28 01:00:00,18415.022948,-2.1,92,-3.2,-5.4,5.0,63,0.0,0.0,2,0
2026-01-28 02:00:00,18585.047149,-2.8,92,-3.8,-6.2,5.2,70,0.0,0.0,2,0
2026-01-28 03:00:00,18966.908339,-2.7,92,-3.8,-5.6,2.0,3,0.0,0.0,2,0
2026-01-28 04:00:00,19544.926102,-3.4,95,-4.2,-6.2,1.0,0,0.0,0.0,2,0
2026-01-28 05:00:00,20233.563979,-4.0,97,-4.3,-7.1,2.9,0,0.0,0.0,2,0
2026-01-28 06:00:00,21064.183306,-4.2,98,-4.6,-7.7,4.6,2,0.0,0.0,2,0
2026-01-28 07:00:00,21680.994812,-3.3,96,-3.9,-6.7,4.5,19,0.0,0.0,2,0
2026-01-28 08:00:00,21480.455218,-3.5,97,-3.9,-6.8,4.6,100,0.0,0.0,2,0
2026-01-28 09:00:00,20533.205103,-3.1,99,-3.2,-6.4,5.2,100,0.0,12.0,2,0
2026-01-28 10:00:00,19238.645043,-2.1,95,-2.8,-5.5,6.0,100,0.0,110.0,2,0
2026-01-28 11:00:00,18086.779851,-0.3,90,-1.9,-3.7,6.5,59,0.0,260.0,2,0
2026-01-28 12:00:00,17082.324188,1.4,81,-1.5,-1.6,4.2,0,0.0,442.0,2,0
2026-01-28 13:00:00,16396.112418,4.2,70,-0.7,2.0,2.7,0,0.0,608.0,2,0
2026-01-28 14:00:00,15655.835838,6.1,65,0.0,4.3,2.9,0,0.0,670.0,2,0
2026-01-28 15:00:00,15304.784107,6.8,64,0.4,5.3,1.3,2,0.0,657.0,2,0
2026-01-28 16:00:00,15275.845627,7.2,63,0.6,5.0,2.1,10,0.0,570.0,2,0
2026-01-28 17:00:00,15943.715806,7.3,64,1.0,4.7,4.4,42,0.0,424.0,2,0
2026-01-28 18:00:00,17281.910743,6.2,76,2.3,4.1,2.5,25,0.0,237.0,2,0
2026-01-28 19:00:00,17911.911916,4.2,71,-0.6,1.4,4.7,92,0.0,54.0,2,0
2026-01-28 20:00:00,18280.740422,3.0,77,-0.6,-0.2,6.9,59,0.0,0.0,2,0
2026-01-28 21:00:00,18375.832299,2.7,76,-1.1,-0.7,7.4,75,0.0,0.0,2,0
2026-01-28 22:00:00,18030.295623,2.5,77,-1.1,-1.0,8.5,27,0.0,0.0,2,0
2026-01-28 23:00:00,17575.22072,2.2,79,-1.2,-1.4,8.5,16,0.0,0.0,2,0
2026-01-29 00:00:00,17195.234307,1.8,81,-1.2,-1.8,8.3,23,0.0,0.0,3,0
2026-01-29 01:00:00,17029.062152,1.0,82,-1.6,-2.5,7.8,77,0.0,0.0,3,0
2026-01-29 02:00:00,16924.10117,1.4,83,-1.2,-2.1,7.6,98,0.0,0.0,3,0
2026-01-29 03:00:00,16928.528519,1.5,83,-1.0,-2.0,8.1,97,0.0,0.0,3,0
2026-01-29 04:00:00,17360.204267,1.5,84,-0.8,-2.0,8.7,100,0.0,0.0,3,0
2026-01-29 05:00:00,18204.769528,1.7,85,-0.5,-2.0,10.4,29,0.0,0.0,3,0
2026-01-29 06:00:00,19258.707053,1.7,86,-0.4,-2.4,13.1,49,0.0,0.0,3,0
2026-01-29 07:00:00,19721.256107,2.5,81,-0.4,-1.7,14.0,84,0.0,0.0,3,0
2026-01-29 08:00:00,19266.455415,2.5,81,-0.3,-1.8,14.7,44,0.0,0.0,3,0
2026-01-29 09:00:00,18159.028339,2.8,80,-0.2,-1.7,16.2,77,0.0,15.0,3,0
2026-01-29 10:00:00,17041.747329,4.4,76,0.5,0.2,14.7,66,0.0,155.0,3,0
2026-01-29 11:00:00,15977.72951,6.6,71,1.6,3.4,9.2,20,0.0,346.0,3,0
2026-01-29 12:00:00,15075.190268,8.6,64,2.2,5.0,13.0,51,0.0,514.0,3,0
2026-01-29 13:00:00,14382.552408,10.6,57,2.5,7.7,11.9,13,0.0,628.0,3,0
2026-01-29 14:00:00,13933.017744,12.0,50,2.0,8.6,15.6,5,0.0,674.0,3,0
2026-01-29 15:00:00,13784.083728,10.6,51,0.8,6.4,18.7,9,0.0,652.0,3,0
2026-01-29 16:00:00,14126.021469,8.9,54,0.1,4.0,19.0,1,0.0,566.0,3,0
2026-01-29 17:00:00,14998.634469,7.9,57,0.1,3.2,18.4,5,0.0,422.0,3,0
2026-01-29 18:00:00,16478.449906,6.4,63,-0.2,1.5,19.0,10,0.0,237.0,3,0
2026-01-29 19:00:00,17185.305479,7.5,57,-0.4,2.8,17.1,31,0.0,54.0,3,0
2026-01-29 20:00:00,17669.514738,5.1,64,-1.2,0.2,17.7,38,0.0,0.0,3,0
2026-01-29 21:00:00,17786.959283,3.5,69,-1.8,-1.5,17.7,42,0.0,0.0,3,0
2026-01-29 22:00:00,17511.439345,2.3,73,-2.0,-2.7,17.6,47,0.0,0.0,3,0
2026-01-29 23:00:00,17156.681616,1.5,77,-2.2,-3.1,15.1,6,0.0,0.0,3,0
2026-01-30 00:00:00,17156.045311,0.9,79,-2.5,-3.8,15.2,70,0.0,0.0,4,0
2026-01-30 01:00:00,17251.25074,1.0,75,-2.9,-3.4,12.9,98,0.0,0.0,4,0
2026-01-30 02:00:00,17449.95917,0.4,75,-3.5,-4.1,12.9,98,0.0,0.0,4,0
2026-01-30 03:00:00,17791.337619,-0.1,75,-4.0,-4.2,10.4,98,0.0,0.0,4,0
2026-01-30 04:00:00,18475.909311,-0.6,76,-4.3,-4.8,10.2,98,0.0,0.0,4,0
2026-01-30 05:00:00,19573.700538,-1.0,76,-4.7,-5.3,10.6,100,0.0,0.0,4,0
2026-01-30 06:00:00,21072.426639,-1.3,76,-5.0,-5.7,11.2,100,0.0,0.0,4,0
2026-01-30 07:00:00,21767.746098,-1.8,77,-5.2,-6.3,11.9,100,0.0,0.0,4,0
2026-01-30 08:00:00,21532.091883,-2.1,77,-5.7,-6.7,11.8,100,0.0,0.0,4,0
2026-01-30 09:00:00,20665.986988,-2.0,76,-5.8,-6.6,11.5,98,0.0,14.0,4,0
2026-01-30 10:00:00,19340.203027,-0.8,73,-5.1,-5.2,11.0,82,0.0,149.0,4,0
2026-01-30 11:00:00,18205.386778,1.0,66,-4.7,-3.3,10.5,0,0.0,352.0,4,0
2026-01-30 12:00:00,17224.692403,2.8,61,-4.0,-1.1,9.2,0,0.0,516.0,4,0
2026-01-30 13:00:00,16416.691571,5.1,53,-3.8,1.4,10.0,0,0.0,625.0,4,0
2026-01-30 14:00:00,15750.196645,6.5,50,-3.1,3.3,9.1,0,0.0,673.0,4,0
2026-01-30 15:00:00,15321.654029,7.4,49,-2.5,4.3,8.5,0,0.0,651.0,4,0
2026-01-30 16:00:00,15416.908852,8.0,48,-2.2,4.5,7.5,0,0.0,564.0,4,0
2026-01-30 17:00:00,16173.240419,8.0,48,-2.3,4.5,7.5,0,0.0,420.0,4,0
2026-01-30 18:00:00,17335.334038,7.5,52,-1.8,4.2,6.4,0,0.0,236.0,4,0
2026-01-30 19:00:00,17816.954404,5.3,64,-0.9,2.5,4.0,2,0.0,56.0,4,0
2026-01-30 20:00:00,18217.389192,4.2,69,-1.0,1.1,5.0,5,0.0,0.0,4,0
2026-01-30 21:00:00,18381.525047,3.4,71,-1.4,0.2,5.9,0,0.0,0.0,4,0
2026-01-30 22:00:00,18329.327137,3.2,69,-1.9,-0.3,7.3,47,0.0,0.0,4,0
2026-01-30 23:00:00,18327.948527,2.9,69,-2.2,-1.5,13.6,59,0.0,0.0,4,0
2026-01-31 00:00:00,18180.379237,1.5,69,-3.7,-3.6,16.6,70,0.0,0.0,5,0
2026-01-31 01:00:00,18278.585163,1.0,65,-4.9,-4.3,17.4,10,0.0,0.0,5,0
2026-01-31 02:00:00,18540.151428,0.3,65,-5.6,-5.2,18.4,5,0.0,0.0,5,0
2026-01-31 03:00:00,18930.915248,-0.6,67,-6.1,-6.1,17.5,2,0.0,0.0,5,0
2026-01-31 04:00:00,19490.5122,-1.2,68,-6.3,-6.7,17.7,20,0.0,0.0,5,0
2026-01-31 05:00:00,20462.889909,-2.7,65,-8.2,-8.7,20.4,10,0.0,0.0,5,0
2026-01-31 06:00:00,21649.656197,-4.6,61,-11.0,-10.9,20.1,73,0.0,0.0,5,0
2026-01-31 07:00:00,22747.026693,-4.4,64,-10.2,-10.2,17.2,84,0.0,0.0,5,0
2026-01-31 08:00:00,23132.73003,-5.8,64,-11.5,-11.5,15.9,5,0.0,0.0,5,0
2026-01-31 09:00:00,22993.309438,-6.9,64,-12.6,-12.7,15.5,0,0.0,17.0,5,0
2026-01-31 10:00:00,22338.459287,-6.6,61,-12.8,-12.1,14.7,6,0.0,169.0,5,0
2026-01-31 11:00:00,21506.083351,-5.5,60,-12.1,-10.8,12.8,2,0.0,361.0,5,0
2026-01-31 12:00:00,20598.368975,-4.4,59,-11.2,-9.3,10.5,0,0.0,527.0,5,0
2026-01-31 13:00:00,19642.282941,-3.6,53,-11.8,-7.8,9.3,3,0.0,638.0,5,0
2026-01-31 14:00:00,18903.050988,-2.5,51,-11.2,-6.2,7.9,1,0.0,685.0,5,0
2026-01-31 15:00:00,18593.931755,-1.6,49,-10.9,-5.3,7.4,9,0.0,662.0,5,0
2026-01-31 16:00:00,18732.156141,-1.0,48,-10.6,-5.3,7.6,1,0.0,574.0,5,0
2026-01-31 17:00:00,19669.933901,-0.9,50,-10.2,-5.3,7.5,0,0.0,429.0,5,0
2026-01-31 18:00:00,20788.918263,-1.4,51,-10.1,-5.7,7.1,3,0.0,243.0,5,0
2026-01-31 19:00:00,21191.085293,-1.8,60,-8.6,-5.1,1.0,13,0.0,59.0,5,0
2026-01-31 20:00:00,21372.20623,-2.1,61,-8.6,-5.5,1.7,18,0.0,0.0,5,0
2026-01-31 21:00:00,21357.785989,-2.2,60,-8.9,-5.6,1.0,99,0.0,0.0,5,0
2026-01-31 22:00:00,21071.084609,-1.5,50,-10.6,-4.8,0.2,100,0.0,0.0,5,0
2026-01-31 23:00:00,20707.732091,-1.5,52,-10.1,-4.8,0.6,97,0.0,0.0,5,0
2026-02-01 00:00:00,20428.898692,-1.5,55,-9.3,-5.0,2.4,21,0.0,0.0,6,0
2026-02-01 01:00:00,20301.643682,-2.8,66,-8.2,-6.0,0.4,100,0.0,0.0,6,0
2026-02-01 02:00:00,20294.512251,-2.5,59,-9.3,-5.9,1.5,31,0.0,0.0,6,0
2026-02-01 03:00:00,20399.263959,-3.0,68,-8.2,-6.2,0.6,6,0.0,0.0,6,0
2026-02-01 04:00:00,20668.82637,-3.5,71,-8.0,-6.9,2.4,16,0.0,0.0,6,0
2026-02-01 05:00:00,21154.823696,-3.7,73,-7.8,-7.1,2.7,0,0.0,0.0,6,0
2026-02-01 06:00:00,21768.993683,-3.5,67,-8.7,-7.3,4.2,0,0.0,0.0,6,0
2026-02-01 07:00:00,22373.43654,-3.8,65,-9.4,-7.5,3.2,0,0.0,0.0,6,0
2026-02-01 08:00:00,22152.539463,-4.2,61,-10.5,-8.3,5.6,0,0.0,0.0,6,0
2026-02-01 09:00:00,21055.362113,-3.7,58,-10.9,-8.1,7.7,0,0.0,17.0,6,0
2026-02-01 10:00:00,19816.550311,-1.9,49,-11.2,-6.1,5.9,0,0.0,167.0,6,0
2026-02-01 11:00:00,18564.280593,0.4,37,-12.6,-4.2,7.7,0,0.0,359.0,6,0
2026-02-01 12:00:00,17425.852612,2.7,29,-13.5,-2.2,9.8,0,0.0,522.0,6,0
2026-02-01 13:00:00,16398.904547,4.8,34,-9.6,0.7,9.8,0,0.0,634.0,6,0
2026-02-01 14:00:00,15592.336074,6.1,41,-6.1,2.5,9.8,0,0.0,683.0,6,0
2026-02-01 15:00:00,15059.4839,7.4,43,-4.2,4.0,9.5,0,0.0,664.0,6,0
2026-02-01 16:00:00,15023.251742,8.5,44,-3.2,4.9,8.1,0,0.0,577.0,6,0
2026-02-01 17:00:00,15586.505072,8.9,44,-2.7,5.3,8.1,0,0.0,433.0,6,0
2026-02-01 18:00:00,16878.326051,8.2,52,-1.1,5.2,5.4,0,0.0,248.0,6,0
2026-02-01 19:00:00,17505.977905,6.4,53,-2.5,2.8,7.8,0,0.0,62.0,6,0
2026-02-01 20:00:00,17796.789774,5.8,54,-2.8,2.0,8.6,0,0.0,0.0,6,0
2026-02-01 21:00:00,17728.465008,4.9,57,-2.8,1.0,9.4,0,0.0,0.0,6,0
2026-02-01 22:00:00,17204.814519,4.2,61,-2.8,0.2,9.9,0,0.0,0.0,6,0
2026-02-01 23:00:00,16623.812324,3.8,63,-2.5,-0.2,10.3,0,0.0,0.0,6,0
2026-02-02 00:00:00,16387.845915,3.7,66,-2.1,-0.3,10.2,0,0.0,0.0,0,0
2026-02-02 01:00:00,16181.852099,3.2,68,-2.2,-0.7,9.9,0,0.0,0.0,0,0
2026-02-02 02:00:00,16361.321863,3.1,71,-1.6,-0.7,9.8,0,0.0,0.0,0,0
2026-02-02 03:00:00,16522.410849,3.0,74,-1.2,-0.8,9.8,0,0.0,0.0,0,0
2026-02-02 04:00:00,17073.95412,2.8,76,-1.0,-0.9,9.2,0,0.0,0.0,0,0
2026-02-02 05:00:00,18161.034278,2.5,78,-0.9,-1.0,8.9,0,0.0,0.0,0,0
2026-02-02 06:00:00,19681.852312,2.5,79,-0.8,-0.9,8.6,0,0.0,0.0,0,0
2026-02-02 07:00:00,20149.751339,2.7,80,-0.5,-0.7,7.8,0,0.0,0.0,0,0
2026-02-02 08:00:00,19247.23655,2.0,83,-0.6,-1.3,6.9,0,0.0,0.0,0,0
2026-02-02 09:00:00,17942.15382,2.5,83,-0.1,-0.9,8.5,70,0.0,19.0,0,0
2026-02-02 10:00:00,16836.739966,4.8,78,1.2,1.3,10.5,100,0.0,171.0,0,0
2026-02-02 11:00:00,15824.658745,7.2,70,2.2,4.2,8.9,97,0.0,359.0,0,0
2026-02-02 12:00:00,14956.476219,10.1,62,3.0,7.1,9.3,98,0.0,524.0,0,0
2026-02-02 13:00:00,14396.590047,14.8,55,5.9,12.8,10.0,6,0.0,632.0,0,0
2026-02-02 14:00:00,13967.09023,16.9,52,7.0,15.3,11.0,100,0.0,682.0,0,0
2026-02-02 15:00:00,13752.070272,18.2,49,7.3,16.2,13.0,100,0.0,646.0,0,0
2026-02-02 16:00:00,13868.649794,18.8,47,7.2,15.9,14.8,100,0.0,544.0,0,0
2026-02-02 17:00:00,14441.417046,18.5,47,7.2,15.7,14.4,100,0.0,392.0,0,0
2026-02-02 18:00:00,15279.706941,17.2,56,8.4,14.6,14.6,100,0.0,200.0,0,0
2026-02-02 19:00:00,15398.285685,16.1,58,7.8,13.4,14.3,100,0.0,48.0,0,0
2026-02-02 20:00:00,15167.235682,15.2,67,9.1,12.9,14.1,100,0.0,0.0,0,0
2026-02-02 21:00:00,14743.457881,14.4,71,9.2,12.4,12.4,100,0.0,0.0,0,0
2026-02-02 22:00:00,13956.820492,13.9,71,8.8,11.6,13.9,98,0.0,0.0,0,0
2026-02-02 23:00:00,13143.971112,14.1,73,9.3,11.7,15.3,94,0.0,0.0,0,0
2026-02-03 00:00:00,12610.867079,13.6,78,9.8,11.6,13.2,63,0.0,0.0,1,0
2026-02-03 01:00:00,12157.446219,13.2,80,9.9,11.6,11.4,70,0.0,0.0,1,0
2026-02-03 02:00:00,11915.937439,13.3,85,10.9,11.8,12.0,100,0.0,0.0,1,0
2026-02-03 03:00:00,11850.306104,13.9,88,12.0,12.6,12.9,100,0.0,0.0,1,0
2026-02-03 04:00:00,12068.631607,14.2,91,12.8,13.2,12.7,100,0.0,0.0,1,0
2026-02-03 05:00:00,12939.079695,14.4,92,13.2,13.7,12.0,100,0.0,0.0,1,0
2026-02-03 06:00:00,14172.116125,14.4,93,13.3,14.0,10.2,100,0.0,0.0,1,0
2026-02-03 07:00:00,14557.799813,14.0,94,13.1,14.1,5.8,100,0.0,0.0,1,0
2026-02-03 08:00:00,14529.52957,14.0,94,13.1,14.1,6.0,100,0.1,0.0,1,0
2026-02-03 09:00:00,14432.20697,13.8,96,13.1,13.9,5.3,100,0.0,11.0,1,0
2026-02-03 10:00:00,14187.4513,14.6,93,13.5,14.7,6.8,99,0.0,133.0,1,0
2026-02-03 11:00:00,14021.050636,15.6,89,13.7,15.3,9.7,77,0.0,294.0,1,0
2026-02-03 12:00:00,13689.986996,16.0,79,12.5,14.7,14.7,100,0.1,461.0,1,0
2026-02-03 13:00:00,13379.347415,15.1,76,10.9,13.4,13.5,52,0.0,407.0,1,0
2026-02-03 14:00:00,13054.34466,16.4,65,9.9,14.8,12.6,1,0.0,606.0,1,0
2026-02-03 15:00:00,12805.143344,17.1,57,8.6,15.4,13.7,0,0.0,659.0,1,0
2026-02-03 16:00:00,13021.156317,17.2,51,7.1,14.4,14.4,0,0.0,563.0,1,0
2026-02-03 17:00:00,13473.794014,16.7,47,5.2,13.2,16.0,0,0.0,427.0,1,0
2026-02-03 18:00:00,14175.321882,15.8,50,5.3,12.6,13.6,0,0.0,249.0,1,0
2026-02-03 19:00:00,14453.912736,14.2,52,4.3,11.2,11.2,0,0.0,66.0,1,0
2026-02-03 20:00:00,14421.953274,12.6,56,4.0,9.6,10.8,1,0.0,0.0,1,0
2026-02-03 21:00:00,14231.25772,11.4,60,3.9,8.5,9.9,0,0.0,0.0,1,0
2026-02-03 22:00:00,13634.620479,10.5,62,3.5,7.3,11.4,0,0.0,0.0,1,0
2026-02-03 23:00:00,13027.814612,9.8,63,3.2,6.7,10.3,0,0.0,0.0,1,0
2026-02-04 00:00:00,12820.701201,8.9,67,3.1,5.9,9.4,91,0.0,0.0,2,0
2026-02-04 01:00:00,12741.381861,8.4,68,2.9,5.5,8.9,61,0.0,0.0,2,0
2026-02-04 02:00:00,12820.967067,7.8,71,2.8,4.8,8.9,0,0.0,0.0,2,0
2026-02-04 03:00:00,13059.482059,6.9,75,2.8,4.1,8.1,2,0.0,0.0,2,0
2026-02-04 04:00:00,13730.902783,6.2,78,2.7,3.5,6.8,8,0.0,0.0,2,0
2026-02-04 05:00:00,14954.52335,5.7,80,2.5,3.0,6.7,84,0.0,0.0,2,0
2026-02-04 06:00:00,16557.978299,5.4,81,2.4,2.5,7.8,74,0.0,0.0,2,0
2026-02-04 07:00:00,17259.439527,4.8,80,1.6,1.8,8.0,84,0.0,0.0,2,0
2026-02-04 08:00:00,16788.505465,4.3,82,1.5,1.5,6.8,100,0.0,0.0,2,0
2026-02-04 09:00:00,16049.696122,4.3,82,1.5,1.2,8.2,100,0.0,17.0,2,0
2026-02-04 10:00:00,15657.006093,5.7,77,1.9,2.8,7.2,100,0.0,150.0,2,0
2026-02-04 11:00:00,15179.468737,7.2,71,2.2,4.3,7.7,77,0.0,293.0,2,0
2026-02-04 12:00:00,14746.910878,9.1,64,2.7,6.3,8.3,59,0.0,493.0,2,0
2026-02-04 13:00:00,14196.869447,9.9,60,2.5,6.8,10.0,94,0.0,504.0,2,0
2026-02-04 14:00:00,13783.73875,10.6,57,2.5,7.1,12.4,9,0.0,441.0,2,0
2026-02-04 15:00:00,13608.491974,11.9,57,3.5,8.6,13.4,35,0.0,599.0,2,0
2026-02-04 16:00:00,13845.885446,12.8,50,2.5,8.2,20.2,53,0.0,534.0,2,0
2026-02-04 17:00:00,14596.554014,12.1,54,3.2,7.9,17.9,31,0.0,366.0,2,0
2026-02-04 18:00:00,15535.200956,11.9,52,2.4,8.2,13.5,15,0.0,191.0,2,0
2026-02-04 19:00:00,15844.762585,10.8,60,3.3,7.9,8.8,2,0.0,62.0,2,0
2026-02-04 20:00:00,15875.044541,9.4,67,3.6,6.9,6.9,1,0.0,0.0,2,0
2026-02-04 21:00:00,15678.329901,8.7,69,3.3,5.9,8.4,1,0.0,0.0,2,0
2026-02-04 22:00:00,15066.393368,7.8,72,3.0,5.1,8.0,0,0.0,0.0,2,0
2026-02-04 23:00:00,14528.806704,6.3,80,3.0,4.1,4.4,0,0.0,0.0,2,0
2026-02-05 00:00:00,14473.322744,5.7,81,2.8,3.7,2.3,0,0.0,0.0,3,0
2026-02-05 01:00:00,14412.815589,3.8,85,1.6,1.5,3.5,0,0.0,0.0,3,0
2026-02-05 02:00:00,14602.768494,3.5,87,1.5,1.2,3.4,0,0.0,0.0,3,0
2026-02-05 03:00:00,14964.596374,3.0,88,1.2,0.5,3.6,0,0.0,0.0,3,0
2026-02-05 04:00:00,15519.746497,2.8,89,1.0,0.1,5.1,0,0.0,0.0,3,0
2026-02-05 05:00:00,16676.647947,2.5,90,0.9,-0.3,5.5,0,0.0,0.0,3,0
2026-02-05 06:00:00,18221.954343,2.3,90,0.8,-0.6,6.2,0,0.0,0.0,3,0
2026-02-05 07:00:00,18758.73629,2.3,89,0.8,-0.8,8.1,0,0.0,0.0,3,0
2026-02-05 08:00:00,17828.038641,2.5,87,0.5,-0.7,7.8,0,0.0,0.0,3,0
2026-02-05 09:00:00,16649.231449,3.4,83,0.8,0.2,8.5,0,0.0,21.0,3,0
2026-02-05 10:00:00,15533.025243,5.9,76,2.0,2.8,9.1,0,0.0,179.0,3,0
2026-02-05 11:00:00,14627.1528,8.6,66,2.5,5.8,7.3,1,0.0,375.0,3,0
2026-02-05 12:00:00,13998.717604,11.4,58,3.5,8.8,7.0,1,0.0,541.0,3,0
2026-02-05 13:00:00,13491.080542,15.2,50,4.8,13.3,8.2,1,0.0,652.0,3,0
2026-02-05 14:00:00,13094.382256,16.9,42,3.8,14.7,10.9,0,0.0,696.0,3,0
2026-02-05 15:00:00,12892.389293,18.3,32,1.2,15.1,13.5,0,0.0,674.0,3,0
2026-02-05 16:00:00,12956.089871,19.1,30,0.9,15.3,14.1,0,0.0,587.0,3,0
2026-02-05 17:00:00,13304.420054,19.5,30,1.5,15.8,12.7,0,0.0,443.0,3,0
2026-02-05 18:00:00,13949.822848,18.5,38,4.0,16.0,7.5,0,0.0,258.0,3,0
2026-02-05 19:00:00,14225.6465,16.1,46,4.4,13.7,7.3,13,0.0,70.0,3,0
2026-02-05 20:00:00,14237.118146,14.9,49,4.2,12.4,8.2,0,0.0,0.0,3,0
2026-02-05 21:00:00,13928.275394,13.8,52,4.0,11.2,7.8,0,0.0,0.0,3,0
2026-02-05 22:00:00,13357.632145,12.6,56,4.0,10.0,7.5,0,0.0,0.0,3,0
2026-02-05 23:00:00,12765.099435,11.6,58,3.7,9.1,7.1,0,0.0,0.0,3,0
2026-02-06 00:00:00,12342.668379,10.9,59,3.2,8.3,7.3,0,0.0,0.0,4,0
2026-02-06 01:00:00,12107.383619,9.4,61,2.2,6.6,6.9,0,0.0,0.0,4,0
2026-02-06 02:00:00,12037.712096,9.4,59,1.6,6.3,8.4,0,0.0,0.0,4,0
2026-02-06 03:00:00,12248.398627,9.1,59,1.4,6.0,8.1,0,0.0,0.0,4,0
2026-02-06 04:00:00,12665.382425,8.9,59,1.2,5.7,8.5,0,0.0,0.0,4,0
2026-02-06 05:00:00,13703.262007,8.8,58,1.0,5.5,9.5,0,0.0,0.0,4,0
2026-02-06 06:00:00,15011.598115,8.6,59,0.9,5.3,9.1,0,0.0,0.0,4,0
2026-02-06 07:00:00,15568.58373,7.7,62,0.9,4.6,7.7,0,0.0,0.0,4,0
2026-02-06 08:00:00,15171.649017,7.2,63,0.6,4.0,7.4,0,0.0,0.0,4,0
2026-02-06 09:00:00,14409.632905,8.1,60,0.9,4.8,8.4,0,0.0,23.0,4,0
2026-02-06 10:00:00,13739.746957,11.0,56,2.5,8.0,9.0,0,0.0,181.0,4,0
2026-02-06 11:00:00,13239.534367,14.3,49,3.7,12.0,5.5,0,0.0,374.0,4,0
2026-02-06 12:00:00,12935.955869,17.3,46,5.7,15.6,4.5,0,0.0,536.0,4,0
2026-02-06 13:00:00,12863.040145,22.5,35,6.3,21.3,5.6,0,0.0,647.0,4,0
2026-02-06 14:00:00,12892.084925,24.5,33,7.4,23.8,6.5,0,0.0,696.0,4,0
2026-02-06 15:00:00,13027.026214,26.0,28,6.2,24.4,9.4,0,0.0,676.0,4,0
2026-02-06 16:00:00,13196.045512,26.6,23,4.0,23.9,10.4,0,0.0,589.0,4,0
2026-02-06 17:00:00,13457.259005,26.2,26,5.4,23.9,8.6,0,0.0,445.0,4,0
2026-02-06 18:00:00,13645.272932,24.1,38,9.0,23.0,6.0,0,0.0,261.0,4,0
2026-02-06 19:00:00,13420.818866,21.1,43,8.0,19.6,6.9,0,0.0,73.0,4,0
2026-02-06 20:00:00,13027.712166,19.5,45,7.3,17.7,7.7,0,0.0,0.0,4,0
2026-02-06 21:00:00,12724.389216,18.2,45,6.2,15.7,10.8,0,0.0,0.0,4,0
2026-02-06 22:00:00,12227.961724,16.7,49,6.1,14.2,10.1,0,0.0,0.0,4,0
2026-02-06 23:00:00,11598.484566,15.1,51,5.1,12.6,9.0,0,0.0,0.0,4,0
2026-02-07 00:00:00,11071.425385,14.0,53,4.4,11.5,8.3,0,0.0,0.0,5,0
2026-02-07 01:00:00,10708.864124,12.9,55,4.0,10.0,9.4,0,0.0,0.0,5,0
2026-02-07 02:00:00,10513.963765,11.6,58,3.5,8.7,9.5,0,0.0,0.0,5,0
2026-02-07 03:00:00,10550.036081,10.8,59,3.1,7.9,8.5,0,0.0,0.0,5,0
2026-02-07 04:00:00,10840.3348,9.9,62,2.8,7.1,7.6,0,0.0,0.0,5,0
2026-02-07 05:00:00,11363.289218,8.8,67,3.1,6.4,5.6,0,0.0,0.0,5,0
2026-02-07 06:00:00,12128.450115,8.3,69,2.8,5.8,5.6,0,0.0,0.0,5,0
2026-02-07 07:00:00,12902.261771,7.8,70,2.7,5.2,6.3,0,0.0,0.0,5,0
2026-02-07 08:00:00,13292.980612,6.9,73,2.4,4.3,6.0,12,0.0,0.0,5,0
2026-02-07 09:00:00,13321.670932,7.7,70,2.5,5.1,6.3,27,0.0,23.0,5,0
2026-02-07 10:00:00,13073.017919,9.8,63,3.2,7.3,6.3,3,0.0,182.0,5,0
2026-02-07 11:00:00,12750.166099,11.9,57,3.5,9.5,6.1,36,0.0,376.0,5,0
2026-02-07 12:00:00,12484.702123,14.0,52,4.2,11.7,6.5,1,0.0,537.0,5,0
2026-02-07 13:00:00,12409.896705,17.0,45,5.0,15.6,5.5,9,0.0,649.0,5,0
2026-02-07 14:00:00,12417.697071,18.6,42,5.5,17.6,5.5,13,0.0,696.0,5,0
2026-02-07 15:00:00,12568.844138,19.8,39,5.5,18.6,6.3,1,0.0,676.0,5,0
2026-02-07 16:00:00,12758.303655,20.9,36,5.2,18.9,6.8,8,0.0,590.0,5,0
2026-02-07 17:00:00,12943.401559,21.4,33,4.6,19.0,7.5,12,0.0,446.0,5,0
2026-02-07 18:00:00,13254.17612,20.7,39,6.4,19.0,5.2,100,0.0,262.0,5,0
2026-02-07 19:00:00,13225.009428,17.9,51,7.4,16.3,6.1,98,0.0,70.0,5,0
2026-02-07 20:00:00,13028.286464,17.2,46,5.6,15.0,7.9,99,0.0,0.0,5,0
2026-02-07 21:00:00,12711.237937,16.7,44,4.4,14.0,9.2,100,0.0,0.0,5,0
2026-02-07 22:00:00,12231.938746,15.9,46,4.3,13.4,8.3,100,0.0,0.0,5,0
2026-02-07 23:00:00,11701.92953,15.6,47,4.5,13.0,8.9,100,0.0,0.0,5,0
2026-02-08 00:00:00,11207.88102,15.1,50,4.8,12.4,9.5,100,0.0,0.0,6,0
2026-02-08 01:00:00,10860.524699,14.4,55,5.3,11.6,10.9,100,0.0,0.0,6,0
2026-02-08 02:00:00,10665.807362,13.4,59,5.7,11.1,8.8,75,0.0,0.0,6,0
2026-02-08 03:00:00,10472.793844,12.9,62,5.9,10.7,8.7,98,0.0,0.0,6,0
2026-02-08 04:00:00,10573.962183,13.5,63,6.5,11.1,10.3,65,0.0,0.0,6,0
2026-02-08 05:00:00,10829.581631,13.4,64,6.7,10.9,11.3,77,0.0,0.0,6,0
2026-02-08 06:00:00,11201.966196,13.2,62,6.2,10.8,10.0,99,0.0,0.0,6,0
2026-02-08 07:00:00,11695.887174,12.9,61,5.6,10.2,11.0,99,0.0,0.0,6,0
2026-02-08 08:00:00,12267.577931,12.6,60,5.1,9.9,10.1,100,0.0,0.0,6,0
2026-02-08 09:00:00,12702.128487,12.8,59,4.8,9.9,10.8,100,0.0,6.0,6,0
2026-02-08 10:00:00,12889.577227,13.1,59,5.2,10.8,7.3,99,0.0,32.0,6,0
2026-02-08 11:00:00,12914.349367,14.2,55,5.4,12.0,7.2,100,0.0,93.0,6,0
2026-02-08 12:00:00,12815.317036,14.3,57,6.0,12.2,7.5,100,0.1,100.0,6,0
2026-02-08 13:00:00,12761.158756,18.5,46,6.6,16.9,4.4,99,0.0,270.0,6,0
2026-02-08 14:00:00,12764.617771,20.2,43,7.2,18.3,8.1,82,0.0,382.0,6,0
2026-02-08 15:00:00,12856.825103,22.4,40,8.1,20.9,6.7,52,0.0,462.0,6,0
2026-02-08 16:00:00,13215.762789,24.6,34,7.8,22.8,8.2,63,0.0,548.0,6,0
2026-02-08 17:00:00,13345.469542,25.6,30,6.9,23.5,9.6,60,0.0,424.0,6,0
2026-02-08 18:00:00,13512.242934,24.3,35,8.0,22.2,11.0,100,0.0,255.0,6,0
2026-02-08 19:00:00,13340.019526,22.2,40,8.1,20.2,10.1,100,0.0,74.0,6,0
2026-02-08 20:00:00,13119.463927,20.7,44,8.0,18.8,9.7,99,0.0,0.0,6,0
2026-02-08 21:00:00,12853.330041,19.9,46,8.0,17.9,9.8,56,0.0,0.0,6,0
2026-02-08 22:00:00,12332.228066,19.0,51,8.6,17.3,9.5,91,0.0,0.0,6,0
2026-02-08 23:00:00,11467.302746,18.3,56,9.3,16.9,8.7,99,0.0,0.0,6,0
2026-02-09 00:00:00,10949.135395,17.6,60,9.8,16.4,8.0,100,0.0,0.0,0,0
2026-02-09 01:00:00,10529.816518,16.7,65,10.0,15.5,8.6,100,0.0,0.0,0,0
2026-02-09 02:00:00,10347.486258,15.1,72,10.1,14.2,6.7,100,0.0,0.0,0,0
2026-02-09 03:00:00,10380.917297,14.4,74,9.9,13.5,6.4,98,0.0,0.0,0,0
2026-02-09 04:00:00,10641.866068,14.2,73,9.6,13.1,7.4,98,0.0,0.0,0,0
2026-02-09 05:00:00,11471.615627,13.1,77,9.2,12.1,4.8,98,0.0,0.0,0,0
2026-02-09 06:00:00,12887.966706,13.1,76,8.9,12.5,1.4,88,0.0,0.0,0,0
2026-02-09 07:00:00,13591.622737,11.4,82,8.4,10.6,2.2,100,0.0,0.0,0,0
2026-02-09 08:00:00,13606.625521,10.5,84,7.8,9.8,1.3,100,0.0,0.0,0,0
2026-02-09 09:00:00,13579.303089,10.5,86,8.3,9.8,1.5,100,0.0,20.0,0,0
2026-02-09 10:00:00,13389.414404,12.9,77,9.0,12.1,3.4,100,0.0,154.0,0,0
2026-02-09 11:00:00,13307.481224,15.4,66,9.1,14.8,2.7,99,0.0,323.0,0,0
2026-02-09 12:00:00,13461.447816,17.9,57,9.2,17.2,2.9,100,0.0,466.0,0,0
2026-02-09 13:00:00,13652.615874,21.4,48,9.8,20.9,3.8,100,0.0,566.0,0,0
2026-02-09 14:00:00,13822.080233,23.0,42,9.6,22.4,4.6,100,0.0,585.0,0,0
2026-02-09 15:00:00,13980.527848,24.1,39,9.2,23.3,5.2,99,0.0,568.0,0,0
2026-02-09 16:00:00,14336.458712,25.1,36,9.1,24.2,5.2,100,0.0,508.0,0,0
2026-02-09 17:00:00,14594.017578,25.5,36,9.5,24.8,4.2,100,0.0,351.0,0,0
2026-02-09 18:00:00,14946.792266,25.0,48,13.1,25.9,0.4,100,0.0,204.0,0,0
2026-02-09 19:00:00,14772.099743,22.8,46,10.6,22.3,4.4,100,0.0,70.0,0,0
2026-02-09 20:00:00,14425.948147,21.8,43,8.4,20.2,7.7,100,0.0,0.0,0,0
2026-02-09 21:00:00,13929.5711,22.6,30,4.3,19.7,10.6,100,0.0,0.0,0,0
2026-02-09 22:00:00,13118.018033,22.2,35,5.9,19.1,14.2,100,0.0,0.0,0,0
2026-02-09 23:00:00,12221.39206,21.9,42,8.5,19.3,14.5,100,0.0,0.0,0,0
2026-02-10 00:00:00,11489.684041,21.9,45,9.5,19.3,17.2,100,0.0,0.0,1,0
2026-02-10 01:00:00,11022.701475,21.3,53,11.2,19.0,18.3,100,0.0,0.0,1,0
2026-02-10 02:00:00,10650.371563,20.5,55,11.2,18.1,18.5,100,0.0,0.0,1,0
2026-02-10 03:00:00,10572.614303,19.8,61,12.0,17.7,18.3,99,0.0,0.0,1,0
2026-02-10 04:00:00,10744.728395,19.1,66,12.8,17.5,17.2,99,0.0,0.0,1,0
2026-02-10 05:00:00,11455.104327,18.5,70,12.8,16.9,16.4,98,0.0,0.0,1,0
2026-02-10 06:00:00,12639.229412,17.8,72,12.7,16.5,14.5,100,0.0,0.0,1,0
2026-02-10 07:00:00,13126.256033,17.2,79,13.4,16.4,13.3,100,0.0,0.0,1,0
2026-02-10 08:00:00,13205.887062,16.8,82,13.8,16.0,13.6,100,0.0,0.0,1,0
2026-02-10 09:00:00,13360.1889,16.9,84,14.2,16.0,15.4,100,0.0,20.0,1,0
2026-02-10 10:00:00,13454.150252,18.0,81,14.7,17.7,12.8,100,0.0,121.0,1,0
2026-02-10 11:00:00,13462.278568,18.5,79,14.9,18.4,12.3,100,0.0,144.0,1,0
2026-02-10 12:00:00,13449.720703,19.4,75,14.9,19.1,13.5,100,0.0,178.0,1,0
2026-02-10 13:00:00,13426.358196,19.7,74,15.0,19.6,12.0,100,0.0,143.0,1,0
2026-02-10 14:00:00,13332.031025,21.2,67,14.8,21.4,9.3,100,0.0,250.0,1,0
2026-02-10 15:00:00,13372.639537,21.6,65,14.7,22.1,7.2,100,0.0,158.0,1,0
2026-02-10 16:00:00,13528.814669,22.8,58,14.2,22.8,9.7,100,0.0,285.0,1,0
2026-02-10 17:00:00,13900.946402,22.9,58,14.3,23.5,5.8,100,0.0,174.0,1,0
2026-02-10 18:00:00,14208.41987,22.5,62,14.8,23.3,4.7,100,0.0,109.0,1,0
2026-02-10 19:00:00,14097.137537,19.7,56,10.8,18.0,13.5,100,0.0,21.0,1,0
2026-02-10 20:00:00,13814.330246,14.8,45,3.0,11.1,14.3,100,0.1,0.0,1,0
2026-02-10 21:00:00,13328.762322,12.4,70,7.1,9.6,14.0,100,5.0,0.0,1,0
2026-02-10 22:00:00,12468.393208,11.6,82,8.6,9.5,12.2,100,2.8,0.0,1,0
2026-02-10 23:00:00,11668.1488,12.1,81,9.0,10.8,7.3,100,0.5,0.0,1,0
2026-02-11 00:00:00,11072.168079,12.1,77,8.2,10.1,10.7,100,0.0,0.0,2,0
2026-02-11 01:00:00,10770.495983,11.1,81,7.9,9.0,10.4,100,0.0,0.0,2,0
2026-02-11 02:00:00,10645.969065,10.6,83,7.7,8.3,11.3,58,0.0,0.0,2,0
2026-02-11 03:00:00,10618.638899,9.9,84,7.3,7.9,9.0,0,0.0,0.0,2,0
2026-02-11 04:00:00,11103.393093,9.4,84,6.8,7.3,8.8,14,0.0,0.0,2,0
2026-02-11 05:00:00,12044.362989,9.1,83,6.2,6.9,8.5,9,0.0,0.0,2,0
2026-02-11 06:00:00,13507.994355,8.7,79,5.3,6.1,10.3,5,0.0,0.0,2,0
2026-02-11 07:00:00,14172.260142,8.6,73,4.0,5.5,10.9,5,0.0,0.0,2,0
2026-02-11 08:00:00,14053.730241,8.0,69,2.7,4.9,10.0,35,0.0,0.0,2,0
2026-02-11 09:00:00,13683.220654,8.1,65,1.8,4.8,9.9,21,0.0,28.0,2,0
2026-02-11 10:00:00,13283.017355,9.1,58,1.4,5.9,9.4,100,0.0,189.0,2,0
2026-02-11 11:00:00,13062.524172,10.4,54,1.6,7.5,7.3,26,0.0,343.0,2,0
2026-02-11 12:00:00,12867.101961,12.4,49,2.0,9.4,8.6,14,0.0,551.0,2,0
2026-02-11 13:00:00,12704.809334,14.9,42,2.2,12.4,9.9,0,0.0,664.0,2,0
2026-02-11 14:00:00,12616.155794,16.4,39,2.5,14.3,9.6,0,0.0,715.0,2,0
2026-02-11 15:00:00,12715.721093,17.5,38,3.0,15.4,8.8,0,0.0,697.0,2,0
2026-02-11 16:00:00,12872.95539,18.0,37,3.2,15.6,8.5,0,0.0,611.0,2,0
2026-02-11 17:00:00,13212.42669,18.0,38,3.4,15.2,8.5,0,0.0,467.0,2,0
2026-02-11 18:00:00,13809.439231,17.3,41,3.8,14.8,7.3,0,0.0,281.0,2,0
2026-02-11 19:00:00,13960.023205,15.9,47,4.6,13.7,6.2,0,0.0,87.0,2,0
2026-02-11 20:00:00,13785.141973,14.4,57,5.9,12.8,3.4,0,0.0,0.0,2,0
2026-02-11 21:00:00,13420.101347,13.8,58,5.6,12.1,4.1,0,0.0,0.0,2,0
2026-02-11 22:00:00,12692.72784,12.9,60,5.4,11.3,3.1,0,0.0,0.0,2,0
2026-02-11 23:00:00,12040.718771,12.1,63,5.3,10.7,1.8,0,0.0,0.0,2,0
2026-02-12 00:00:00,11542.954232,11.4,66,5.2,10.1,1.0,1,0.0,0.0,3,0
2026-02-12 01:00:00,11288.465797,9.9,71,4.9,8.4,2.0,0,0.0,0.0,3,0
2026-02-12 02:00:00,11191.005896,9.0,71,4.1,7.3,1.8,1,0.0,0.0,3,0
2026-02-12 03:00:00,11234.572166,8.6,72,3.8,7.0,1.0,0,0.0,0.0,3,0
2026-02-12 04:00:00,11648.073939,8.1,74,3.8,6.6,0.6,0,0.0,0.0,3,0
2026-02-12 05:00:00,12590.27418,7.6,78,4.0,5.9,2.0,0,0.0,0.0,3,0
2026-02-12 06:00:00,13995.030143,7.2,81,4.2,5.4,2.8,38,0.0,0.0,3,0
2026-02-12 07:00:00,14642.090158,6.6,91,5.2,4.8,4.3,0,0.0,0.0,3,0
2026-02-12 08:00:00,14382.781927,5.8,95,5.1,3.9,4.9,0,0.0,0.0,3,0
2026-02-12 09:00:00,13927.240627,6.9,96,6.3,5.3,4.8,0,0.0,30.0,3,0
2026-02-12 10:00:00,13492.023587,9.1,89,7.3,7.8,4.4,0,0.0,195.0,3,0
2026-02-12 11:00:00,13129.276587,11.6,79,8.1,10.6,3.2,0,0.0,389.0,3,0
2026-02-12 12:00:00,12943.709369,14.6,67,8.6,13.7,3.4,0,0.0,553.0,3,0
2026-02-12 13:00:00,12932.710063,17.7,54,8.2,17.4,4.1,0,0.0,664.0,3,0
2026-02-12 14:00:00,12937.702932,19.9,44,7.2,19.3,5.9,0,0.0,709.0,3,0
2026-02-12 15:00:00,13069.380682,21.4,39,6.9,20.3,7.8,0,0.0,689.0,3,0
2026-02-12 16:00:00,13321.931531,22.4,39,7.6,20.9,8.5,30,0.0,604.0,3,0
2026-02-12 17:00:00,13455.187796,22.9,38,7.8,21.1,8.6,88,0.0,456.0,3,0
2026-02-12 18:00:00,13791.785528,22.8,40,8.4,21.3,7.1,99,0.0,265.0,3,0
2026-02-12 19:00:00,13837.114909,20.4,55,10.9,19.8,5.9,75,0.0,80.0,3,0
2026-02-12 20:00:00,13613.055139,19.0,55,9.7,18.0,6.9,87,0.0,1.0,3,0
2026-02-12 21:00:00,13171.367089,18.0,59,9.9,17.0,6.8,28,0.0,0.0,3,0
2026-02-12 22:00:00,12434.221086,17.6,59,9.6,16.5,7.4,13,0.0,0.0,3,0
2026-02-12 23:00:00,11705.147176,17.1,61,9.5,16.0,7.3,33,0.0,0.0,3,0
2026-02-13 00:00:00,11036.168617,16.5,63,9.4,15.3,7.2,31,0.0,0.0,4,0
2026-02-13 01:00:00,10646.266963,15.1,69,9.5,14.0,6.9,28,0.0,0.0,4,0
2026-02-13 02:00:00,10397.74109,14.7,71,9.6,13.6,6.5,60,0.0,0.0,4,0
2026-02-13 03:00:00,10385.08485,14.4,74,9.8,13.4,6.1,57,0.0,0.0,4,0
2026-02-13 04:00:00,10561.44535,13.9,77,9.9,13.0,6.1,16,0.0,0.0,4,0
2026-02-13 05:00:00,11232.832723,13.6,79,10.0,12.6,6.3,38,0.0,0.0,4,0
2026-02-13 06:00:00,12295.28348,13.2,81,9.9,12.4,5.5,70,0.0,0.0,4,0
2026-02-13 07:00:00,12812.707465,12.8,81,9.6,11.9,5.4,100,0.0,0.0,4,0
2026-02-13 08:00:00,12958.408713,12.6,83,9.7,11.7,5.4,63,0.0,0.0,4,0
2026-02-13 09:00:00,12983.369535,13.6,81,10.5,13.0,5.8,70,0.0,29.0,4,0
2026-02-13 10:00:00,13103.004356,16.3,74,11.8,16.0,5.9,89,0.0,183.0,4,0
2026-02-13 11:00:00,13122.68231,18.9,69,13.0,18.9,6.2,99,0.0,357.0,4,0
2026-02-13 12:00:00,13147.97947,20.4,65,13.6,20.5,7.6,100,0.0,378.0,4,0
2026-02-13 13:00:00,13413.374883,21.9,64,14.8,22.2,9.3,100,0.0,569.0,4,0
2026-02-13 14:00:00,13529.096182,23.4,60,15.1,23.5,10.4,100,0.0,439.0,4,0
2026-02-13 15:00:00,13516.261698,25.0,53,14.8,24.8,11.7,100,0.0,480.0,4,0
2026-02-13 16:00:00,13539.630419,25.9,49,14.4,25.2,14.1,100,0.0,427.0,4,0
2026-02-13 17:00:00,13649.891485,25.1,51,14.2,24.2,15.9,100,0.0,244.0,4,0
2026-02-13 18:00:00,13861.742119,24.4,55,14.7,24.0,13.3,100,0.0,129.0,4,0
2026-02-13 19:00:00,13735.321382,23.2,58,14.6,22.9,12.4,100,0.0,53.0,4,0
2026-02-13 20:00:00,13486.448814,22.3,62,14.7,22.0,12.6,100,0.0,1.0,4,0
2026-02-13 21:00:00,13136.732802,21.8,66,15.1,21.7,12.7,100,0.0,0.0,4,0
2026-02-13 22:00:00,12604.129766,21.1,69,15.2,20.8,14.6,100,0.0,0.0,4,0
2026-02-13 23:00:00,11956.872838,20.9,70,15.1,20.2,16.5,99,0.0,0.0,4,0
2026-02-14 00:00:00,11420.199918,19.9,76,15.4,19.0,18.4,80,0.2,0.0,5,0
2026-02-14 01:00:00,11106.715859,19.7,76,15.2,19.5,13.8,100,0.1,0.0,5,0
2026-02-14 02:00:00,10715.685359,19.5,78,15.6,19.5,13.7,92,0.0,0.0,5,0
2026-02-14 03:00:00,10526.83278,19.1,82,16.0,19.1,14.4,100,0.0,0.0,5,0
2026-02-14 04:00:00,10507.86005,18.9,85,16.2,18.8,15.0,100,0.0,0.0,5,0
2026-02-14 05:00:00,10678.121827,18.0,92,16.6,18.0,15.7,100,0.9,0.0,5,0
2026-02-14 06:00:00,11038.720398,17.5,93,16.4,17.7,13.7,100,0.0,0.0,5,0
2026-02-14 07:00:00,11492.504952,18.1,91,16.6,18.4,14.3,100,0.0,0.0,5,0
2026-02-14 08:00:00,12168.420067,17.7,90,16.1,17.2,17.7,100,0.0,0.0,5,0
2026-02-14 09:00:00,12954.365241,18.0,89,16.1,17.7,16.5,100,0.7,8.0,5,0
2026-02-14 10:00:00,13489.509127,18.6,87,16.4,19.1,12.2,100,0.3,52.0,5,0
2026-02-14 11:00:00,13696.208473,18.0,95,17.2,18.9,12.0,100,1.5,52.0,5,0
2026-02-14 12:00:00,13794.985712,18.6,92,17.3,19.1,14.6,100,4.4,83.0,5,0
2026-02-14 13:00:00,13481.777683,17.6,97,17.1,18.7,10.4,100,1.4,179.0,5,0
2026-02-14 14:00:00,13240.629995,18.1,96,17.4,19.9,5.9,100,2.3,161.0,5,0
2026-02-14 15:00:00,13220.287509,19.0,88,16.9,19.5,12.8,100,0.1,220.0,5,0
2026-02-14 16:00:00,13173.071698,18.9,85,16.3,19.6,9.7,100,0.0,171.0,5,0
2026-02-14 17:00:00,13333.618117,18.9,71,13.4,18.7,8.4,100,0.4,167.0,5,0
2026-02-14 18:00:00,13639.530392,17.8,77,13.8,17.7,8.5,100,0.0,61.0,5,0
2026-02-14 19:00:00,13508.45981,16.0,97,15.6,16.9,7.0,100,0.0,30.0,5,0
2026-02-14 20:00:00,13278.727875,15.3,98,15.0,16.2,5.2,100,0.0,0.0,5,0
2026-02-14 21:00:00,12871.792415,15.4,97,14.9,16.1,6.2,100,0.0,0.0,5,0
2026-02-14 22:00:00,12438.62462,14.6,97,14.1,15.3,4.7,100,0.0,0.0,5,0
2026-02-14 23:00:00,11913.126759,15.0,96,14.4,15.8,4.4,100,0.1,0.0,5,0
2026-02-15 00:00:00,11432.97694,14.6,97,14.1,15.5,2.9,64,0.0,0.0,6,0
2026-02-15 01:00:00,11062.785455,14.1,96,13.4,14.5,4.4,58,0.1,0.0,6,0
2026-02-15 02:00:00,10812.880572,14.1,95,13.3,13.4,12.7,34,0.0,0.0,6,0
2026-02-15 03:00:00,10663.771902,14.7,93,13.6,12.7,21.7,41,0.0,0.0,6,0
2026-02-15 04:00:00,10660.717241,14.2,91,12.8,12.3,19.0,26,0.0,0.0,6,0
2026-02-15 05:00:00,10872.434137,13.6,87,11.4,11.1,20.1,66,0.0,0.0,6,0
2026-02-15 06:00:00,11245.625265,13.6,85,11.1,11.4,17.9,100,0.0,0.0,6,0
2026-02-15 07:00:00,11682.083006,13.9,81,10.6,11.3,18.9,100,0.0,0.0,6,0
2026-02-15 08:00:00,12270.699799,14.2,76,10.0,11.5,18.6,100,0.0,0.0,6,0
2026-02-15 09:00:00,12705.648128,13.9,79,10.2,11.2,19.1,100,0.0,12.0,6,0
2026-02-15 10:00:00,12893.724461,14.1,75,9.8,11.0,20.9,100,0.0,90.0,6,0
2026-02-15 11:00:00,12760.810742,14.6,72,9.6,11.0,23.4,100,0.0,171.0,6,0
2026-02-15 12:00:00,12596.298184,15.4,68,9.6,12.1,22.4,91,0.0,310.0,6,0
2026-02-15 13:00:00,12476.170273,16.9,61,9.4,13.8,20.2,52,0.0,473.0,6,0
2026-02-15 14:00:00,12448.854106,17.8,59,9.6,16.3,14.7,0,0.0,682.0,6,0
2026-02-15 15:00:00,12612.571986,18.5,58,9.9,17.5,12.5,5,0.0,713.0,6,0
2026-02-15 16:00:00,12810.63094,18.8,57,10.1,17.6,11.5,0,0.0,624.0,6,0
2026-02-15 17:00:00,13051.098949,18.9,56,10.0,17.3,10.8,0,0.0,483.0,6,0
2026-02-15 18:00:00,13480.042817,18.5,58,10.1,17.2,8.8,0,0.0,293.0,6,0
2026-02-15 19:00:00,13660.868847,16.9,67,10.6,16.3,5.3,0,0.0,98.0,6,0
2026-02-15 20:00:00,13411.863247,15.5,70,9.9,14.7,5.7,0,0.0,1.0,6,0
2026-02-15 21:00:00,13095.944905,14.5,73,9.6,13.5,6.0,4,0.0,0.0,6,0
2026-02-15 22:00:00,12546.21906,13.4,76,9.4,12.5,5.4,6,0.0,0.0,6,0
2026-02-15 23:00:00,11937.463488,12.9,77,9.0,12.1,3.5,59,0.0,0.0,6,0
2026-02-16 00:00:00,11556.426749,12.1,81,8.9,11.0,5.6,53,0.0,0.0,0,1
2026-02-16 01:00:00,11307.386897,11.1,84,8.4,9.8,6.4,25,0.0,0.0,0,1
2026-02-16 02:00:00,11271.968754,10.4,87,8.2,9.1,5.5,32,0.0,0.0,0,1
2026-02-16 03:00:00,11392.314005,9.6,88,7.8,8.6,3.3,0,0.0,0.0,0,1
2026-02-16 04:00:00,11701.578946,9.4,89,7.6,8.5,1.6,0,0.0,0.0,0,1
2026-02-16 05:00:00,12629.902021,8.8,91,7.4,7.8,1.9,0,0.0,0.0,0,1
2026-02-16 06:00:00,13702.3856,8.2,93,7.2,7.0,3.1,0,0.0,0.0,0,1
2026-02-16 07:00:00,14392.798441,7.2,95,6.4,5.6,4.9,0,0.0,0.0,0,1
2026-02-16 08:00:00,14357.405473,7.3,95,6.5,5.5,6.2,0,0.0,0.0,0,1
2026-02-16 09:00:00,14250.470967,8.4,93,7.4,6.6,7.9,0,0.0,38.0,0,1
2026-02-16 10:00:00,13941.478493,10.7,88,8.9,9.3,7.7,0,0.0,216.0,0,1
2026-02-16 11:00:00,13785.978764,13.2,81,10.1,12.1,8.4,0,0.0,417.0,0,1
2026-02-16 12:00:00,13647.161085,15.4,75,10.9,14.5,9.2,0,0.0,585.0,0,1
2026-02-16 13:00:00,13568.296048,17.2,70,11.6,17.3,8.8,0,0.0,697.0,0,1
2026-02-16 14:00:00,13528.01333,18.5,65,11.8,19.0,8.4,0,0.0,746.0,0,1
2026-02-16 15:00:00,13721.147284,19.5,60,11.7,19.8,8.9,0,0.0,725.0,0,1
2026-02-16 16:00:00,14007.059765,20.4,58,11.9,19.9,10.2,0,0.0,638.0,0,1
2026-02-16 17:00:00,14317.779288,20.7,55,11.4,19.4,11.7,0,0.0,492.0,0,1
2026-02-16 18:00:00,14802.784824,20.3,57,11.6,19.3,10.2,0,0.0,302.0,0,1
2026-02-16 19:00:00,14912.425204,19.0,63,11.7,18.1,9.4,0,0.0,102.0,0,1
2026-02-16 20:00:00,14570.622339,17.5,67,11.2,15.9,13.8,3,0.0,1.0,0,1
2026-02-16 21:00:00,14001.05375,16.5,69,10.9,15.3,10.5,100,0.0,0.0,0,1
2026-02-16 22:00:00,13132.958964,15.8,71,10.6,14.5,10.2,99,0.0,0.0,0,1
2026-02-16 23:00:00,12223.84499,15.6,71,10.3,14.0,11.8,70,0.0,0.0,0,1
2026-02-17 00:00:00,11574.999219,15.4,72,10.3,13.6,13.3,5,0.0,0.0,1,0
2026-02-17 01:00:00,11195.867846,14.9,74,10.4,13.1,13.3,66,0.0,0.0,1,0
2026-02-17 02:00:00,10984.180876,14.6,77,10.6,12.9,12.9,80,0.0,0.0,1,0
2026-02-17 03:00:00,10978.429816,14.4,78,10.7,12.6,13.9,68,0.0,0.0,1,0
2026-02-17 04:00:00,11306.436227,14.2,80,10.8,12.3,14.9,82,0.0,0.0,1,0
2026-02-17 05:00:00,12094.878075,13.8,84,11.1,11.9,14.8,99,0.0,0.0,1,0
2026-02-17 06:00:00,13292.782251,13.7,86,11.4,12.0,14.4,83,0.0,0.0,1,0
2026-02-17 07:00:00,13801.309354,13.6,91,12.2,12.3,13.3,97,0.0,0.0,1,0
2026-02-17 08:00:00,13784.619355,13.5,92,12.2,12.1,14.1,98,0.0,0.0,1,0
2026-02-17 09:00:00,13728.889564,13.8,91,12.4,12.4,14.4,100,0.0,36.0,1,0
2026-02-17 10:00:00,13568.390407,15.1,88,13.1,12.9,21.4,100,0.0,188.0,1,0
2026-02-17 11:00:00,13440.091827,16.3,84,13.6,14.3,21.6,100,0.0,273.0,1,0
2026-02-17 12:00:00,13420.03784,18.6,73,13.6,16.4,22.9,100,0.0,387.0,1,0
2026-02-17 13:00:00,13600.191168,20.2,70,14.6,19.6,17.8,96,0.0,627.0,1,0
2026-02-17 14:00:00,13794.198332,21.9,64,14.8,21.4,19.8,44,0.0,720.0,1,0
2026-02-17 15:00:00,14109.656609,23.0,60,14.7,22.2,21.4,34,0.0,714.0,1,0
2026-02-17 16:00:00,14434.992708,23.7,58,15.0,22.6,21.5,34,0.0,623.0,1,0
2026-02-17 17:00:00,14723.180986,24.1,58,15.4,22.9,20.9,55,0.0,479.0,1,0
2026-02-17 18:00:00,15048.29222,23.5,61,15.6,22.8,18.3,85,0.0,294.0,1,0
2026-02-17 19:00:00,15163.08327,22.6,64,15.5,21.9,18.1,27,0.0,98.0,1,0
2026-02-17 20:00:00,14832.503873,21.8,68,15.5,21.0,17.8,48,0.0,2.0,1,0
2026-02-17 21:00:00,14296.20976,21.5,69,15.6,20.9,17.1,84,0.0,0.0,1,0
2026-02-17 22:00:00,13347.431405,21.1,71,15.6,20.4,17.8,100,0.0,0.0,1,0
2026-02-17 23:00:00,12407.238881,20.9,72,15.6,20.0,19.3,99,0.0,0.0,1,0
2026-02-18 00:00:00,11690.338652,20.4,74,15.6,19.6,18.6,98,0.0,0.0,2,0
2026-02-18 01:00:00,11199.507481,19.8,79,16.0,19.5,16.6,96,0.0,0.0,2,0
2026-02-18 02:00:00,10876.826678,19.5,81,16.0,19.6,13.2,97,0.0,0.0,2,0
2026-02-18 03:00:00,10706.094279,19.0,82,15.9,19.3,11.3,42,0.0,0.0,2,0
2026-02-18 04:00:00,10793.012486,18.0,84,15.3,18.5,9.1,65,0.0,0.0,2,0
2026-02-18 05:00:00,11455.526459,16.8,85,14.2,17.1,6.9,23,0.0,0.0,2,0
2026-02-18 06:00:00,12548.56423,16.0,76,11.7,15.3,8.5,22,0.0,0.0,2,0
2026-02-18 07:00:00,12931.216677,15.3,66,8.9,13.9,7.7,41,0.0,0.0,2,0
2026-02-18 08:00:00,13050.523127,14.3,64,7.6,12.6,7.1,70,0.0,0.0,2,0
2026-02-18 09:00:00,13064.1174,14.4,63,7.6,12.6,8.6,100,0.0,39.0,2,0
2026-02-18 10:00:00,13238.197193,16.1,61,8.6,14.8,6.3,100,0.0,144.0,2,0
2026-02-18 11:00:00,13379.197026,17.8,56,8.9,16.9,4.0,99,0.0,260.0,2,0
2026-02-18 12:00:00,13441.949488,19.6,50,8.8,18.6,4.5,100,0.0,414.0,2,0
2026-02-18 13:00:00,13689.862474,21.5,35,5.4,19.7,4.7,99,0.0,508.0,2,0
2026-02-18 14:00:00,13815.559079,22.5,27,2.8,20.7,4.4,82,0.0,629.0,2,0
2026-02-18 15:00:00,13925.83094,23.0,27,3.0,21.2,8.1,12,0.0,705.0,2,0
2026-02-18 16:00:00,14139.78389,23.1,29,4.2,20.8,10.3,34,0.0,646.0,2,0
2026-02-18 17:00:00,14312.468574,23.2,27,3.5,20.1,11.4,70,0.0,485.0,2,0
2026-02-18 18:00:00,14611.966013,22.5,32,5.2,19.9,9.6,44,0.0,292.0,2,0
2026-02-18 19:00:00,14644.244675,20.6,38,5.7,18.3,8.9,0,0.0,106.0,2,0
2026-02-18 20:00:00,14294.561305,18.5,44,6.1,16.3,8.7,0,0.0,2.0,2,0
2026-02-18 21:00:00,13762.131193,17.6,47,6.3,15.3,9.5,23,0.0,0.0,2,0
2026-02-18 22:00:00,12909.413107,17.3,52,7.2,14.9,11.3,61,0.0,0.0,2,0
2026-02-18 23:00:00,12069.291386,17.6,61,10.1,15.7,13.8,67,0.0,0.0,2,0
2026-02-19 00:00:00,11478.27122,18.0,72,12.9,16.5,17.1,25,0.0,0.0,3,0
2026-02-19 01:00:00,10969.461419,17.8,82,14.7,16.8,17.5,12,0.0,0.0,3,0
2026-02-19 02:00:00,10742.314522,17.6,88,15.6,17.1,16.6,0,0.0,0.0,3,0
2026-02-19 03:00:00,10668.553924,17.5,89,15.8,17.2,15.7,0,0.0,0.0,3,0
2026-02-19 04:00:00,10752.014505,17.4,91,15.8,16.9,16.7,0,0.0,0.0,3,0
2026-02-19 05:00:00,11410.830133,17.1,91,15.6,16.7,16.1,0,0.0,0.0,3,0
2026-02-19 06:00:00,12482.14056,16.7,91,15.2,16.3,14.6,4,0.0,0.0,3,0
2026-02-19 07:00:00,12915.660895,16.5,91,15.1,16.2,14.0,0,0.0,0.0,3,0
2026-02-19 08:00:00,13006.828546,15.6,89,13.8,15.2,11.2,2,0.0,0.0,3,0
2026-02-19 09:00:00,13241.545597,15.9,82,12.9,15.1,11.9,0,0.0,44.0,3,0
2026-02-19 10:00:00,13404.168121,17.8,73,12.8,17.2,9.4,33,0.0,229.0,3,0
2026-02-19 11:00:00,13481.159816,20.0,56,10.9,19.0,8.5,66,0.0,428.0,3,0
2026-02-19 12:00:00,13488.317269,21.6,36,5.9,19.0,12.0,99,0.0,570.0,3,0
2026-02-19 13:00:00,13713.80938,23.0,27,3.0,20.7,10.5,44,0.0,705.0,3,0
2026-02-19 14:00:00,13910.790466,23.5,26,3.1,21.7,9.6,82,0.0,757.0,3,0
2026-02-19 15:00:00,14009.828523,23.8,27,3.4,21.7,10.1,93,0.0,712.0,3,0
2026-02-19 16:00:00,14195.49872,23.6,27,3.7,20.8,10.3,80,0.0,576.0,3,0
2026-02-19 17:00:00,14204.068878,23.4,28,3.8,20.5,10.1,55,0.0,446.0,3,0
2026-02-19 18:00:00,14135.237911,22.6,33,5.3,20.4,6.9,37,0.0,311.0,3,0
2026-02-19 19:00:00,14123.419953,20.5,45,8.0,19.5,3.3,3,0.0,111.0,3,0
2026-02-19 20:00:00,13653.490861,18.9,45,6.8,17.7,2.2,0,0.0,2.0,3,0
2026-02-19 21:00:00,13057.83757,16.9,51,6.8,15.3,5.6,0,0.0,0.0,3,0
2026-02-19 22:00:00,12224.68553,15.1,55,6.1,13.2,6.5,0,0.0,0.0,3,0
2026-02-19 23:00:00,11407.51797,14.4,51,4.2,11.6,9.7,0,0.0,0.0,3,0
2026-02-20 00:00:00,10774.992739,12.8,45,1.0,8.8,13.7,0,0.0,0.0,4,0
2026-02-20 01:00:00,10458.11088,11.1,47,0.3,7.1,13.2,0,0.0,0.0,4,0
2026-02-20 02:00:00,10273.662022,10.1,51,0.2,6.2,12.1,0,0.0,0.0,4,0
2026-02-20 03:00:00,10382.420513,8.9,51,-0.7,4.8,13.2,0,0.0,0.0,4,0
2026-02-20 04:00:00,10774.250425,8.0,53,-0.9,3.7,14.1,0,0.0,0.0,4,0
2026-02-20 05:00:00,11712.059714,7.2,55,-1.2,3.2,12.0,0,0.0,0.0,4,0
2026-02-20 06:00:00,13150.816375,6.6,56,-1.5,2.5,11.6,0,0.0,0.0,4,0
2026-02-20 07:00:00,13959.52547,5.8,55,-2.4,1.9,10.4,4,0.0,0.0,4,0
2026-02-20 08:00:00,14248.556102,5.0,59,-2.5,1.0,10.7,66,0.0,0.0,4,0
2026-02-20 09:00:00,14338.354627,5.1,58,-2.5,0.8,12.0,85,0.0,45.0,4,0
2026-02-20 10:00:00,14278.393044,5.9,55,-2.5,1.9,10.8,88,0.0,207.0,4,0
2026-02-20 11:00:00,13960.960838,7.2,53,-1.8,3.2,11.0,100,0.0,358.0,4,0
2026-02-20 12:00:00,13437.508001,8.6,50,-1.1,4.7,11.3,98,0.0,463.0,4,0
2026-02-20 13:00:00,13138.523744,10.4,45,-1.1,6.9,8.5,95,0.0,481.0,4,0
2026-02-20 14:00:00,12853.106409,12.3,42,-0.2,9.7,6.2,62,0.0,622.0,4,0
2026-02-20 15:00:00,12714.105712,13.5,41,0.3,10.6,6.1,63,0.0,557.0,4,0
2026-02-20 16:00:00,12892.743944,14.6,40,1.3,11.9,5.6,88,0.0,498.0,4,0
2026-02-20 17:00:00,13239.482064,15.1,41,2.1,12.5,5.9,100,0.0,357.0,4,0
2026-02-20 18:00:00,13560.616229,14.7,44,2.7,12.5,3.6,100,0.4,147.0,4,0
2026-02-20 19:00:00,13508.744201,15.0,43,2.5,12.5,5.3,100,0.0,33.0,4,0
2026-02-20 20:00:00,13204.081102,14.1,50,3.8,11.8,5.4,96,0.0,1.0,4,0
2026-02-20 21:00:00,12872.731322,13.1,63,6.2,11.6,3.5,21,0.0,0.0,4,0
2026-02-20 22:00:00,12381.438364,12.0,63,5.2,10.1,5.1,18,0.0,0.0,4,0
2026-02-20 23:00:00,11747.796892,11.1,69,5.7,9.3,5.1,54,0.0,0.0,4,0
2026-02-21 00:00:00,11193.915765,10.9,69,5.4,9.0,5.6,52,0.0,0.0,5,0
2026-02-21 01:00:00,10868.52001,11.1,66,5.1,9.5,3.0,85,0.0,0.0,5,0
2026-02-21 02:00:00,10612.109323,11.4,69,5.9,9.9,3.1,92,0.0,0.0,5,0
2026-02-21 03:00:00,10511.934164,11.1,71,5.9,9.5,4.1,97,0.0,0.0,5,0
2026-02-21 04:00:00,10618.949259,11.4,65,5.2,8.8,9.4,17,0.0,0.0,5,0
2026-02-21 05:00:00,10975.899163,10.6,66,4.6,8.4,6.6,1,0.0,0.0,5,0
2026-02-21 06:00:00,11581.868184,9.9,68,4.3,7.5,7.0,0,0.0,0.0,5,0
2026-02-21 07:00:00,12242.580711,9.1,72,4.4,6.4,9.4,0,0.0,0.0,5,0
2026-02-21 08:00:00,12746.54045,8.8,72,4.0,5.7,11.0,0,0.0,0.0,5,0
2026-02-21 09:00:00,12930.993531,8.9,69,3.5,6.0,9.5,0,0.0,48.0,5,0
2026-02-21 10:00:00,12876.814829,10.3,61,3.0,6.9,12.6,0,0.0,235.0,5,0
2026-02-21 11:00:00,12759.32509,11.8,50,1.8,7.6,16.0,0,0.0,438.0,5,0
2026-02-21 12:00:00,12571.404607,12.9,42,0.2,8.4,18.7,0,0.0,607.0,5,0
2026-02-21 13:00:00,12305.611472,14.6,37,-0.2,10.2,20.7,0,0.0,723.0,5,0
2026-02-21 14:00:00,12170.889857,14.9,35,-0.5,10.7,21.3,0,0.0,773.0,5,0
2026-02-21 15:00:00,12201.277637,15.1,33,-0.9,10.7,21.6,0,0.0,754.0,5,0
2026-02-21 16:00:00,12301.205119,14.7,33,-1.4,9.7,22.0,0,0.0,665.0,5,0
2026-02-21 17:00:00,12684.364273,14.0,33,-1.9,8.4,21.9,0,0.0,517.0,5,0
2026-02-21 18:00:00,13312.344921,13.1,35,-2.2,7.7,20.0,0,0.0,326.0,5,0
2026-02-21 19:00:00,13655.377061,12.1,36,-2.4,7.2,16.6,0,0.0,119.0,5,0
2026-02-21 20:00:00,13671.932464,10.8,40,-2.2,6.2,14.5,0,0.0,3.0,5,0
2026-02-21 21:00:00,13601.752548,10.1,43,-2.0,5.8,12.8,0,0.0,0.0,5,0
2026-02-21 22:00:00,13435.598892,9.3,46,-1.6,5.2,11.7,0,0.0,0.0,5,0
2026-02-21 23:00:00,13102.347443,8.6,50,-1.2,4.7,11.0,0,0.0,0.0,5,0
2026-02-22 00:00:00,12837.590707,7.8,55,-0.6,4.3,9.2,0,0.0,0.0,6,0
2026-02-22 01:00:00,12706.563592,6.5,61,-0.5,2.9,9.6,0,0.0,0.0,6,0
2026-02-22 02:00:00,12640.107957,5.9,63,-0.5,2.3,10.0,0,0.0,0.0,6,0
2026-02-22 03:00:00,12711.538118,5.5,66,-0.4,1.8,10.7,0,0.0,0.0,6,0
2026-02-22 04:00:00,12997.59651,5.1,68,-0.3,1.4,9.9,0,0.0,0.0,6,0
2026-02-22 05:00:00,13506.09312,4.6,71,-0.3,1.2,8.6,0,0.0,0.0,6,0
2026-02-22 06:00:00,14166.264692,4.2,73,-0.3,0.8,8.3,0,0.0,0.0,6,0
2026-02-22 07:00:00,14734.35297,3.5,77,-0.2,0.0,9.0,0,0.0,0.0,6,0
2026-02-22 08:00:00,14838.22579,3.0,78,-0.4,-0.4,8.5,0,0.0,0.0,6,0
2026-02-22 09:00:00,14558.928316,3.9,74,-0.3,0.5,8.3,0,0.0,53.0,6,0
2026-02-22 10:00:00,14238.152916,5.7,63,-0.8,2.1,8.9,24,0.0,245.0,6,0
2026-02-22 11:00:00,13725.776396,7.3,55,-1.2,3.7,9.3,30,0.0,448.0,6,0
2026-02-22 12:00:00,13359.152161,8.9,48,-1.5,5.5,10.5,17,0.0,618.0,6,0
2026-02-22 13:00:00,13030.315709,10.6,41,-2.2,7.6,11.5,0,0.0,732.0,6,0
2026-02-22 14:00:00,12740.487683,11.6,37,-2.5,8.7,11.7,0,0.0,781.0,6,0
2026-02-22 15:00:00,12721.744522,12.4,34,-3.1,9.4,11.5,20,0.0,761.0,6,0
2026-02-22 16:00:00,12894.14328,12.9,32,-3.5,9.3,11.5,0,0.0,672.0,6,0
2026-02-22 17:00:00,13326.357587,13.0,31,-3.7,8.7,11.5,0,0.0,523.0,6,0
2026-02-22 18:00:00,14220.095102,12.5,30,-4.4,8.1,11.5,0,0.0,329.0,6,0
2026-02-22 19:00:00,14809.233259,11.6,33,-4.3,7.9,6.5,0,0.0,121.0,6,0
2026-02-22 20:00:00,14930.300794,9.5,50,-0.4,6.7,4.2,0,0.0,4.0,6,0
2026-02-22 21:00:00,14812.492321,8.6,52,-0.6,5.7,4.9,0,0.0,0.0,6,0
2026-02-22 22:00:00,14368.962528,7.9,52,-1.4,4.8,5.5,0,0.0,0.0,6,0
2026-02-22 23:00:00,13920.077675,7.0,57,-1.0,4.0,5.2,0,0.0,0.0,6,0
2026-02-23 00:00:00,13614.194212,6.3,60,-0.8,3.3,5.3,0,0.0,0.0,0,0
2026-02-23 01:00:00,13618.07861,4.8,66,-1.0,1.7,5.4,0,0.0,0.0,0,0
2026-02-23 02:00:00,13759.425553,4.3,65,-1.8,1.1,5.6,0,0.0,0.0,0,0
2026-02-23 03:00:00,14110.828358,3.5,68,-1.9,0.4,5.0,2,0.0,0.0,0,0
2026-02-23 04:00:00,14780.974831,3.0,69,-2.1,-0.2,5.0,0,0.0,0.0,0,0
2026-02-23 05:00:00,16004.304062,2.6,70,-2.2,-0.6,5.2,0,0.0,0.0,0,0
2026-02-23 06:00:00,17764.370296,2.2,71,-2.5,-1.1,5.2,3,0.0,0.0,0,0
2026-02-23 07:00:00,18306.463434,1.5,71,-3.2,-1.9,5.4,0,0.0,0.0,0,0
2026-02-23 08:00:00,17476.019399,0.8,69,-4.2,-2.6,4.6,0,0.0,0.0,0,0
2026-02-23 09:00:00,16692.487919,2.4,60,-4.7,-1.0,4.4,0,0.0,57.0,0,0
2026-02-23 10:00:00,15823.460731,4.3,49,-5.6,1.0,3.2,22,0.0,253.0,0,0
2026-02-23 11:00:00,14967.384959,6.4,42,-5.5,3.1,3.3,11,0.0,460.0,0,0
2026-02-23 12:00:00,14333.061007,8.5,35,-6.1,5.6,3.4,2,0.0,631.0,0,0
2026-02-23 13:00:00,13793.687324,10.5,30,-6.4,8.6,2.2,19,0.0,747.0,0,0
2026-02-23 14:00:00,13420.872482,12.3,27,-6.2,10.7,2.2,1,0.0,796.0,0,0
2026-02-23 15:00:00,13213.881748,13.3,26,-6.1,11.4,3.1,5,0.0,774.0,0,0
2026-02-23 16:00:00,13326.792715,13.9,25,-6.1,11.3,4.1,0,0.0,684.0,0,0
2026-02-23 17:00:00,13870.292903,14.1,24,-6.1,10.5,4.7,0,0.0,533.0,0,0
2026-02-23 18:00:00,14680.897098,13.8,24,-6.4,10.0,5.4,0,0.0,337.0,0,0
2026-02-23 19:00:00,15201.592459,12.4,42,-0.3,9.7,3.9,0,0.0,126.0,0,0
2026-02-23 20:00:00,15354.016858,10.8,39,-2.7,7.5,5.3,0,0.0,4.0,0,0
2026-02-23 21:00:00,14980.893662,10.4,34,-5.0,6.6,6.9,0,0.0,0.0,0,0
2026-02-23 22:00:00,14315.049104,9.6,35,-5.1,5.6,8.7,0,0.0,0.0,0,0
2026-02-23 23:00:00,13698.783046,8.9,38,-4.6,5.1,7.6,22,0.0,0.0,0,0
2026-02-24 00:00:00,13377.95932,8.8,38,-4.7,4.7,8.8,5,0.0,0.0,1,0
2026-02-24 01:00:00,13255.021553,7.4,45,-3.8,3.6,8.3,0,0.0,0.0,1,0
2026-02-24 02:00:00,13256.089104,6.4,49,-3.5,2.8,7.2,0,0.0,0.0,1,0
2026-02-24 03:00:00,13390.594377,6.2,49,-3.9,2.4,7.4,0,0.0,0.0,1,0
2026-02-24 04:00:00,14027.587302,6.1,47,-4.5,2.1,8.7,0,0.0,0.0,1,0
2026-02-24 05:00:00,15071.030211,5.9,46,-4.8,1.6,10.3,1,0.0,0.0,1,0
2026-02-24 06:00:00,16609.030111,5.9,47,-4.6,1.4,12.5,0,0.0,0.0,1,0
2026-02-24 07:00:00,16983.993367,6.4,46,-4.4,1.8,12.9,0,0.0,0.0,1,0
2026-02-24 08:00:00,16279.765935,5.7,49,-4.2,1.3,11.5,0,0.0,0.0,1,0
2026-02-24 09:00:00,15592.028745,6.7,48,-3.7,2.2,12.7,42,0.0,59.0,1,0
2026-02-24 10:00:00,14832.296057,9.0,44,-2.8,4.7,12.4,31,0.0,250.0,1,0
2026-02-24 11:00:00,14154.230483,12.0,37,-2.3,7.6,13.3,5,0.0,460.0,1,0
2026-02-24 12:00:00,13613.921729,15.1,29,-2.7,10.4,17.5,72,0.0,629.0,1,0
2026-02-24 13:00:00,13265.322805,18.3,22,-3.5,13.2,23.3,95,0.0,743.0,1,0
2026-02-24 14:00:00,13063.416833,20.1,22,-2.3,15.2,24.7,89,0.0,789.0,1,0
2026-02-24 15:00:00,13037.842418,21.6,22,-1.2,16.7,24.4,98,0.0,765.0,1,0
2026-02-24 16:00:00,13317.991121,22.4,22,-0.3,17.2,24.5,98,0.0,674.0,1,0
2026-02-24 17:00:00,13700.86232,22.6,26,2.2,17.2,25.5,99,0.0,519.0,1,0
2026-02-24 18:00:00,14241.62098,22.5,28,3.2,17.4,24.0,62,0.0,329.0,1,0
2026-02-24 19:00:00,14472.984485,21.0,33,4.1,16.6,20.7,94,0.0,124.0,1,0
2026-02-24 20:00:00,14197.107853,19.9,38,5.1,15.5,22.0,91,0.0,4.0,1,0
2026-02-24 21:00:00,13690.261415,19.3,41,5.8,15.2,21.1,60,0.0,0.0,1,0
2026-02-24 22:00:00,12895.949961,18.9,45,6.5,15.0,20.3,90,0.0,0.0,1,0
2026-02-24 23:00:00,12054.696209,18.5,47,7.1,14.9,19.3,93,0.0,0.0,1,0
2026-02-25 00:00:00,11463.400001,18.0,50,7.3,14.5,19.4,100,0.0,0.0,2,0
2026-02-25 01:00:00,11097.377485,17.2,55,7.9,13.7,20.7,86,0.0,0.0,2,0
2026-02-25 02:00:00,10898.675283,16.6,58,8.3,13.2,20.7,12,0.0,0.0,2,0
2026-02-25 03:00:00,10909.07432,16.0,61,8.6,12.7,20.2,21,0.0,0.0,2,0
2026-02-25 04:00:00,11261.071338,15.8,64,8.9,12.6,19.4,95,0.0,0.0,2,0
2026-02-25 05:00:00,12077.868427,15.4,66,9.0,12.5,17.6,96,0.0,0.0,2,0
2026-02-25 06:00:00,13237.306417,14.8,70,9.3,12.3,15.7,98,0.0,0.0,2,0
2026-02-25 07:00:00,13612.988317,14.1,78,10.2,11.6,17.6,100,0.0,0.0,2,0
2026-02-25 08:00:00,13520.307526,13.6,79,10.1,11.7,13.8,100,0.0,0.0,2,0
2026-02-25 09:00:00,13302.581164,14.4,75,10.1,12.5,13.6,100,0.0,52.0,2,0
2026-02-25 10:00:00,13170.559159,16.3,69,10.6,14.8,11.5,100,0.0,217.0,2,0
2026-02-25 11:00:00,13085.445982,18.5,60,10.6,16.7,14.1,99,0.0,411.0,2,0
2026-02-25 12:00:00,13128.103004,21.1,49,10.1,19.5,13.8,98,0.0,598.0,2,0
2026-02-25 13:00:00,13223.661453,22.2,47,10.5,21.7,11.3,100,0.0,723.0,2,0
2026-02-25 14:00:00,13484.270051,23.9,42,10.1,23.7,9.4,100,0.0,756.0,2,0
2026-02-25 15:00:00,13831.036407,25.0,40,10.4,25.0,8.7,100,0.0,734.0,2,0
2026-02-25 16:00:00,14216.321692,26.0,39,10.8,25.6,8.3,63,0.0,656.0,2,0
2026-02-25 17:00:00,14581.031996,26.5,37,10.9,26.3,3.6,95,0.0,512.0,2,0
2026-02-25 18:00:00,14718.747909,26.5,43,12.9,27.3,1.3,93,0.0,323.0,2,0
2026-02-25 19:00:00,14702.133279,24.0,52,13.5,24.5,3.6,55,0.0,120.0,2,0
2026-02-25 20:00:00,14317.606398,21.4,59,13.0,21.7,4.8,97,0.0,5.0,2,0
2026-02-25 21:00:00,13681.325965,20.4,62,12.9,20.7,3.6,99,0.0,0.0,2,0
2026-02-25 22:00:00,12764.480542,19.5,64,12.6,19.8,3.2,87,0.0,0.0,2,0
2026-02-25 23:00:00,11854.900732,19.0,63,11.9,19.4,1.5,99,0.0,0.0,2,0
2026-02-26 00:00:00,11176.424782,18.0,67,11.6,18.4,0.7,100,0.0,0.0,3,0
2026-02-26 01:00:00,10700.49316,16.1,70,10.6,15.9,3.1,100,0.0,0.0,3,0
2026-02-26 02:00:00,10405.730689,14.9,73,10.2,14.2,5.6,54,0.0,0.0,3,0
2026-02-26 03:00:00,10331.089133,14.4,76,10.1,13.6,5.3,30,0.0,0.0,3,0
2026-02-26 04:00:00,10579.641642,13.7,77,9.6,13.0,4.4,32,0.0,0.0,3,0
2026-02-26 05:00:00,11346.977053,12.6,78,8.9,11.7,4.7,52,0.0,0.0,3,0
2026-02-26 06:00:00,12541.236704,12.2,78,8.4,10.5,8.7,12,0.0,0.0,3,0
2026-02-26 07:00:00,13060.497774,10.9,92,9.6,10.2,3.8,64,0.0,0.0,3,0
2026-02-26 08:00:00,13221.576856,11.2,93,10.1,10.1,7.6,47,0.0,0.0,3,0
2026-02-26 09:00:00,13333.596727,12.8,94,11.9,12.1,8.5,64,0.0,57.0,3,0
2026-02-26 10:00:00,13366.528956,15.3,93,14.1,15.3,9.0,100,0.0,165.0,3,0
2026-02-26 11:00:00,13413.326408,16.5,91,15.1,17.2,6.7,100,0.0,197.0,3,0
2026-02-26 12:00:00,13469.992105,18.5,82,15.4,19.0,9.2,71,0.0,327.0,3,0
2026-02-26 13:00:00,13702.598403,21.8,69,15.9,22.8,10.4,14,0.0,653.0,3,0
2026-02-26 14:00:00,13983.595425,23.9,59,15.2,25.3,9.8,10,0.0,745.0,3,0
2026-02-26 15:00:00,14307.649434,25.4,52,14.9,26.6,10.4,0,0.0,739.0,3,0
2026-02-26 16:00:00,14596.826634,26.2,45,13.3,26.0,12.5,3,0.0,656.0,3,0
2026-02-26 17:00:00,14637.103938,26.0,40,11.4,24.6,13.3,0,0.0,513.0,3,0
2026-02-26 18:00:00,14545.627206,25.2,40,10.6,23.7,11.8,5,0.0,328.0,3,0
2026-02-26 19:00:00,14509.387261,23.6,41,9.5,22.3,8.3,2,0.0,127.0,3,0
2026-02-26 20:00:00,14153.408356,21.8,42,8.4,19.9,10.3,7,0.0,5.0,3,0
2026-02-26 21:00:00,13547.221774,20.7,39,6.2,18.5,8.9,0,0.0,0.0,3,0
2026-02-26 22:00:00,12620.48237,19.1,46,7.1,17.3,7.2,0,0.0,0.0,3,0
2026-02-26 23:00:00,11715.737426,18.0,46,6.1,15.9,7.4,0,0.0,0.0,3,0
2026-02-27 00:00:00,10958.680983,17.0,47,5.6,14.7,8.0,0,0.0,0.0,4,0
2026-02-27 01:00:00,10464.107055,15.1,57,6.6,13.2,6.7,0,0.0,0.0,4,0
2026-02-27 02:00:00,10142.317854,13.9,59,5.9,12.0,6.3,0,0.0,0.0,4,0
2026-02-27 03:00:00,10086.242529,13.5,58,5.4,11.7,4.8,0,0.0,0.0,4,0
2026-02-27 04:00:00,10359.407915,12.8,59,5.0,10.7,5.7,0,0.0,0.0,4,0
2026-02-27 05:00:00,11049.281295,12.4,58,4.5,10.6,3.5,0,0.0,0.0,4,0
2026-02-27 06:00:00,12241.134947,11.9,60,4.3,10.3,1.0,0,0.0,0.0,4,0
2026-02-27 07:00:00,12798.036436,10.9,62,4.0,9.2,1.8,0,0.0,0.0,4,0
2026-02-27 08:00:00,12883.620677,9.9,65,3.5,8.2,1.1,0,0.0,0.0,4,0
2026-02-27 09:00:00,12859.2711,11.3,63,4.5,9.9,0.8,0,0.0,66.0,4,0
2026-02-27 10:00:00,12991.73168,14.5,54,5.3,13.2,0.8,0,0.0,264.0,4,0
2026-02-27 11:00:00,13067.210076,17.4,45,5.2,15.7,3.6,0,0.0,470.0,4,0
2026-02-27 12:00:00,13204.348841,20.1,40,6.0,18.9,5.5,0,0.0,640.0,4,0
2026-02-27 13:00:00,13496.158658,24.0,27,3.9,22.8,6.8,0,0.0,754.0,4,0
2026-02-27 14:00:00,13862.811736,25.3,23,2.7,24.4,5.6,2,0.0,801.0,4,0
2026-02-27 15:00:00,14228.773191,26.0,21,2.2,25.2,3.5,0,0.0,771.0,4,0
2026-02-27 16:00:00,14514.071416,26.3,21,2.0,24.8,3.8,0,0.0,681.0,4,0
2026-02-27 17:00:00,14521.443311,26.2,21,1.9,23.5,5.9,0,0.0,532.0,4,0
2026-02-27 18:00:00,14221.815166,25.5,23,3.0,23.0,5.7,0,0.0,340.0,4,0
2026-02-27 19:00:00,13935.762724,23.0,35,6.5,21.2,6.1,0,0.0,133.0,4,0
2026-02-27 20:00:00,13440.562942,21.4,29,2.6,18.6,7.9,0,0.0,6.0,4,0
2026-02-27 21:00:00,13014.859525,19.9,34,3.7,17.3,7.4,0,0.0,0.0,4,0
2026-02-27 22:00:00,12379.477253,18.7,41,5.2,16.6,6.6,91,0.0,0.0,4,0
2026-02-27 23:00:00,11637.066643,18.0,42,4.9,15.9,6.4,91,0.0,0.0,4,0
2026-02-28 00:00:00,10941.55043,17.8,37,2.8,15.0,7.9,41,0.0,0.0,5,0
2026-02-28 01:00:00,10502.814515,17.0,38,2.6,14.0,8.5,98,0.0,0.0,5,0
2026-02-28 02:00:00,10220.661755,16.5,41,3.2,13.9,6.9,62,0.0,0.0,5,0
2026-02-28 03:00:00,10061.846052,16.1,43,3.6,13.5,7.8,42,0.0,0.0,5,0
2026-02-28 04:00:00,10050.19635,15.9,48,4.9,13.5,8.0,70,0.0,0.0,5,0
2026-02-28 05:00:00,10227.419221,15.4,53,5.7,13.2,7.5,46,0.0,0.0,5,0
2026-02-28 06:00:00,10591.099817,14.7,60,7.0,13.1,6.0,38,0.0,0.0,5,0
2026-02-28 07:00:00,11050.262208,15.6,58,7.4,13.7,8.7,36,0.0,0.0,5,0
2026-02-28 08:00:00,11704.346634,14.9,63,7.8,13.1,8.0,55,0.0,0.0,5,0
2026-02-28 09:00:00,12205.963812,15.9,59,8.0,13.9,10.7,20,0.0,54.0,5,0
2026-02-28 10:00:00,12611.846966,18.3,53,8.6,16.6,8.9,5,0.0,240.0,5,0
2026-02-28 11:00:00,12965.123083,20.5,46,8.6,18.6,10.9,6,0.0,416.0,5,0
2026-02-28 12:00:00,13322.392263,22.8,42,9.2,20.8,13.5,0,0.0,575.0,5,0
2026-02-28 13:00:00,13661.807927,25.6,38,10.4,24.3,16.1,0,0.0,732.0,5,0
2026-02-28 14:00:00,14085.458736,27.0,33,9.4,25.6,16.8,0,0.0,776.0,5,0
2026-02-28 15:00:00,14430.366966,28.0,29,8.5,26.2,16.6,0,0.0,754.0,5,0
2026-02-28 16:00:00,14651.70711,28.5,28,8.1,26.1,16.6,0,0.0,666.0,5,0
2026-02-28 17:00:00,14639.555045,28.5,26,6.9,25.2,16.6,0,0.0,520.0,5,0
2026-02-28 18:00:00,14402.160365,28.0,26,6.9,24.8,15.9,0,0.0,332.0,5,0
2026-02-28 19:00:00,14161.983096,26.1,30,7.1,23.6,12.1,0,0.0,130.0,5,0
2026-02-28 20:00:00,13729.409779,23.8,37,8.4,22.0,9.1,0,0.0,6.0,5,0
2026-02-28 21:00:00,13284.79975,22.6,42,8.9,21.1,8.4,1,0.0,0.0,5,0
2026-02-28 22:00:00,12686.62382,22.2,42,8.7,20.3,10.8,5,0.0,0.0,5,0
2026-02-28 23:00:00,11944.036594,21.9,43,8.8,19.8,12.4,13,0.0,0.0,5,0
2026-03-01 00:00:00,11322.770782,21.3,45,8.9,19.3,12.1,33,0.0,0.0,6,0
2026-03-01 01:00:00,10784.168787,20.2,50,9.4,18.3,12.7,95,0.0,0.0,6,0
2026-03-01 02:00:00,10396.522811,19.8,54,10.2,18.0,13.2,100,0.0,0.0,6,0
2026-03-01 03:00:00,10098.830823,19.3,59,11.2,17.9,12.3,100,0.0,0.0,6,0
2026-03-01 04:00:00,10044.241726,18.6,63,11.6,17.6,10.5,100,0.0,0.0,6,0
2026-03-01 05:00:00,10125.586378,18.0,65,11.4,16.9,10.3,99,0.0,0.0,6,0
2026-03-01 06:00:00,10333.689569,17.5,69,11.7,16.6,9.6,62,0.0,0.0,6,0
2026-03-01 07:00:00,10656.955584,16.4,84,13.6,16.1,9.5,38,0.0,0.0,6,0
2026-03-01 08:00:00,11388.516116,16.0,88,14.1,15.9,9.9,59,0.0,0.0,6,0
2026-03-01 09:00:00,12061.574614,16.6,88,14.7,16.1,14.6,100,0.0,57.0,6,0
2026-03-01 10:00:00,12509.168893,17.4,84,14.8,16.5,16.7,100,0.0,154.0,6,0
2026-03-01 11:00:00,12776.749354,18.8,77,14.7,17.7,18.3,100,0.0,249.0,6,0
2026-03-01 12:00:00,13038.61677,20.7,69,14.7,19.6,18.4,100,0.0,378.0,6,0
2026-03-01 13:00:00,13370.936341,21.0,69,15.1,19.8,19.6,100,0.0,509.0,6,0
2026-03-01 14:00:00,13741.464754,22.2,64,15.2,21.0,20.3,100,0.0,424.0,6,0
2026-03-01 15:00:00,14210.271216,23.6,58,14.9,22.1,21.7,88,0.0,387.0,6,0
2026-03-01 16:00:00,14658.255621,25.0,51,14.2,23.8,18.2,34,0.0,414.0,6,0
2026-03-01 17:00:00,14818.915925,27.2,41,12.9,25.1,21.2,70,0.0,437.0,6,0
2026-03-01 18:00:00,14928.887148,27.1,41,12.9,25.3,18.6,51,0.0,233.0,6,0
2026-03-01 19:00:00,14985.111831,25.2,48,13.4,24.3,13.7,74,0.0,104.0,6,0
2026-03-01 20:00:00,14642.128484,23.5,51,12.9,23.1,9.2,99,0.0,6.0,6,0
2026-03-01 21:00:00,13990.73594,22.9,52,12.6,22.0,11.6,94,0.0,0.0,6,0
2026-03-01 22:00:00,13007.230905,22.6,52,12.1,21.3,13.5,16,0.0,0.0,6,0
2026-03-01 23:00:00,11931.185145,22.1,50,11.2,20.7,12.4,12,0.0,0.0,6,0
2026-03-02 00:00:00,10948.336812,21.4,50,10.4,20.0,10.6,99,0.0,0.0,0,1
2026-03-02 01:00:00,10383.369148,20.0,50,9.2,18.2,11.6,100,0.0,0.0,0,1
2026-03-02 02:00:00,10111.12512,19.7,51,9.1,17.5,13.3,99,0.0,0.0,0,1
2026-03-02 03:00:00,9989.319345,19.0,56,9.9,17.1,13.1,98,0.0,0.0,0,1
2026-03-02 04:00:00,10224.379211,18.3,62,10.9,16.8,12.1,76,0.0,0.0,0,1
2026-03-02 05:00:00,10926.179127,17.6,69,11.9,16.6,11.4,1,0.0,0.0,0,1
2026-03-02 06:00:00,11916.523243,16.5,81,13.4,16.9,4.9,3,0.0,0.0,0,1
2026-03-02 07:00:00,12345.385145,16.1,87,14.1,16.7,5.2,63,0.0,0.0,0,1
2026-03-02 08:00:00,12738.451597,15.9,91,14.4,16.1,8.4,99,0.0,0.0,0,1
2026-03-02 09:00:00,13015.761075,17.0,89,15.1,17.7,7.3,100,0.0,50.0,0,1
2026-03-02 10:00:00,13319.930912,17.9,85,15.4,18.3,10.0,100,0.0,115.0,0,1
2026-03-02 11:00:00,13475.821917,19.1,79,15.4,19.8,8.1,100,0.0,201.0,0,1
2026-03-02 12:00:00,13838.062977,20.6,73,15.6,21.4,7.5,100,0.1,298.0,0,1
2026-03-02 13:00:00,14273.582564,22.2,65,15.4,23.0,7.1,100,0.0,307.0,0,1
2026-03-02 14:00:00,14677.629564,23.8,58,15.1,24.9,3.8,100,0.0,443.0,0,1
2026-03-02 15:00:00,15144.300869,24.0,58,15.3,25.2,4.7,100,0.0,569.0,0,1
2026-03-02 16:00:00,15585.156988,24.4,58,15.6,25.7,4.5,96,0.0,571.0,0,1
2026-03-02 17:00:00,15724.81617,25.4,54,15.2,26.7,2.9,2,0.0,430.0,0,1
2026-03-02 18:00:00,15545.165262,26.1,49,14.7,26.9,5.4,67,0.0,333.0,0,1
2026-03-02 19:00:00,15571.653391,25.4,51,14.5,25.0,13.0,10,0.0,132.0,0,1
2026-03-02 20:00:00,15171.968539,24.0,54,14.2,23.6,11.6,5,0.0,7.0,0,1
2026-03-02 21:00:00,14501.580283,22.8,60,14.5,22.9,9.2,1,0.0,0.0,0,1
2026-03-02 22:00:00,13460.587839,22.5,58,13.9,22.1,11.3,5,0.0,0.0,0,1
2026-03-02 23:00:00,12400.879199,21.9,60,13.6,21.1,13.3,66,0.0,0.0,0,1
2026-03-03 00:00:00,11590.495731,21.8,59,13.3,20.7,14.5,78,0.0,0.0,1,0
2026-03-03 01:00:00,11004.441471,20.9,62,13.4,19.5,16.5,98,0.0,0.0,1,0
2026-03-03 02:00:00,10637.189119,20.2,67,13.9,19.2,15.8,94,0.0,0.0,1,0
2026-03-03 03:00:00,10536.037729,19.7,72,14.5,18.8,16.0,15,0.0,0.0,1,0
2026-03-03 04:00:00,10700.609636,19.1,76,14.9,18.3,16.2,63,0.0,0.0,1,0
2026-03-03 05:00:00,11375.912837,18.4,83,15.4,17.8,16.6,5,0.0,0.0,1,0
2026-03-03 06:00:00,12468.093559,17.9,90,16.2,17.5,17.3,100,0.0,0.0,1,0
2026-03-03 07:00:00,12884.940078,18.7,88,16.8,18.7,16.6,100,0.0,0.0,1,0
2026-03-03 08:00:00,13208.904381,19.0,88,17.0,19.1,16.2,100,0.0,0.0,1,0
2026-03-03 09:00:00,13497.891768,19.6,84,16.9,19.5,17.5,100,0.0,27.0,1,0
2026-03-03 10:00:00,13778.751501,21.0,74,16.2,19.7,24.1,84,0.0,170.0,1,0
2026-03-03 11:00:00,14106.345266,22.8,64,15.6,20.9,26.1,55,0.0,369.0,1,0
2026-03-03 12:00:00,14530.989478,24.5,55,14.8,22.7,23.5,42,0.0,467.0,1,0
2026-03-03 13:00:00,15138.277833,25.4,51,14.6,24.1,22.6,66,0.0,659.0,1,0
2026-03-03 14:00:00,15692.299043,26.4,50,15.1,25.6,20.4,9,0.0,652.0,1,0
2026-03-03 15:00:00,16161.138499,27.6,47,15.2,27.5,20.2,2,0.0,764.0,1,0
2026-03-03 16:00:00,16560.210939,27.5,48,15.4,26.8,20.8,19,0.0,644.0,1,0
2026-03-03 17:00:00,16569.618284,28.4,45,15.3,27.4,18.5,13,0.0,527.0,1,0
2026-03-03 18:00:00,16237.063902,28.1,43,14.2,26.9,17.7,67,0.0,334.0,1,0
2026-03-03 19:00:00,16088.519948,27.6,46,14.9,27.5,12.1,98,0.0,134.0,1,0
2026-03-03 20:00:00,15704.932103,25.2,55,15.5,26.1,6.9,82,0.0,7.0,1,0
2026-03-03 21:00:00,15102.628756,24.6,55,15.1,25.0,9.5,100,0.0,0.0,1,0
2026-03-03 22:00:00,14117.129687,24.0,56,14.9,24.2,9.8,88,0.0,0.0,1,0
2026-03-03 23:00:00,13126.358338,23.3,58,14.7,23.2,11.7,100,0.0,0.0,1,0
2026-03-04 00:00:00,12364.175736,23.5,59,14.9,22.7,16.4,79,0.0,0.0,2,0
2026-03-04 01:00:00,11721.408371,22.8,66,16.1,22.3,17.4,96,0.0,0.0,2,0
2026-03-04 02:00:00,11285.408909,22.1,73,17.1,22.3,15.7,55,0.0,0.0,2,0
2026-03-04 03:00:00,11088.842858,21.6,80,18.0,22.4,14.2,23,0.0,0.0,2,0
2026-03-04 04:00:00,11239.04014,21.2,84,18.3,22.0,15.6,5,0.0,0.0,2,0
2026-03-04 05:00:00,11796.989791,20.9,86,18.5,21.8,15.1,100,0.0,0.0,2,0
2026-03-04 06:00:00,12871.078595,21.1,86,18.6,22.2,14.4,100,0.0,0.0,2,0
2026-03-04 07:00:00,13318.469504,21.0,84,18.2,21.4,17.6,100,0.0,0.0,2,0
2026-03-04 08:00:00,13548.912166,21.0,84,18.1,21.9,14.9,100,0.0,0.0,2,0
2026-03-04 09:00:00,13941.019377,21.6,81,18.1,22.5,14.3,100,0.0,37.0,2,0
2026-03-04 10:00:00,14343.077562,22.5,77,18.2,23.0,16.9,100,0.0,111.0,2,0
2026-03-04 11:00:00,14615.642595,23.7,71,18.1,23.6,21.2,100,0.1,256.0,2,0
2026-03-04 12:00:00,14841.342396,24.6,67,18.1,24.8,19.1,100,0.1,309.0,2,0
2026-03-04 13:00:00,15148.341384,26.0,56,16.6,25.4,20.4,100,0.1,498.0,2,0
2026-03-04 14:00:00,15441.515415,25.8,58,17.0,25.7,17.1,98,0.3,552.0,2,0
2026-03-04 15:00:00,15583.412186,26.3,56,16.7,26.3,16.0,95,0.2,437.0,2,0
2026-03-04 16:00:00,15670.971311,25.2,65,18.1,26.5,11.7,60,0.2,440.0,2,0
2026-03-04 17:00:00,15527.508908,25.5,64,18.1,27.0,10.1,86,0.1,372.0,2,0
2026-03-04 18:00:00,15497.506012,25.1,65,18.0,26.0,14.1,89,0.2,247.0,2,0
2026-03-04 19:00:00,15336.032455,20.4,91,18.9,22.1,10.3,100,0.1,84.0,2,0
2026-03-04 20:00:00,14981.558845,20.5,89,18.6,22.8,6.7,100,0.1,3.0,2,0
2026-03-04 21:00:00,14411.881982,19.9,89,18.0,21.0,12.9,100,1.5,0.0,2,0
2026-03-04 22:00:00,13406.969628,19.8,90,18.1,21.0,11.7,100,0.0,0.0,2,0
2026-03-04 23:00:00,12411.579708,19.9,88,17.9,20.6,14.7,98,0.0,0.0,2,0
2026-03-05 00:00:00,11592.428669,19.9,87,17.8,20.7,13.8,100,0.0,0.0,3,0
2026-03-05 01:00:00,11013.580465,18.5,95,17.6,18.7,16.9,100,0.0,0.0,3,0
2026-03-05 02:00:00,10608.8059,18.6,95,17.7,21.0,2.6,100,4.6,0.0,3,0
2026-03-05 03:00:00,10432.247018,18.9,93,17.8,20.5,7.9,100,0.3,0.0,3,0
2026-03-05 04:00:00,10552.215114,18.8,93,17.6,18.7,18.8,100,0.0,0.0,3,0
2026-03-05 05:00:00,11150.655884,18.6,92,17.3,19.1,14.8,100,0.0,0.0,3,0
2026-03-05 06:00:00,12223.007103,19.0,91,17.5,20.0,11.9,88,0.0,0.0,3,0
2026-03-05 07:00:00,12760.944101,18.5,89,16.6,19.0,12.6,100,0.8,0.0,3,0
2026-03-05 08:00:00,13250.21298,19.5,90,17.9,19.9,17.4,83,0.0,0.0,3,0
2026-03-05 09:00:00,13840.375158,20.2,87,18.1,21.2,13.5,84,0.0,44.0,3,0
2026-03-05 10:00:00,14341.493895,21.6,81,18.3,21.7,20.4,99,0.0,184.0,3,0
2026-03-05 11:00:00,14681.490711,23.0,74,18.1,22.8,21.8,100,0.1,351.0,3,0
2026-03-05 12:00:00,15005.489031,23.6,72,18.2,23.7,20.0,100,0.0,321.0,3,0
2026-03-05 13:00:00,15456.724529,24.1,69,18.1,23.8,22.8,57,0.1,422.0,3,0
2026-03-05 14:00:00,15791.350562,25.2,64,17.9,25.2,22.0,23,0.4,618.0,3,0
2026-03-05 15:00:00,16002.404949,26.0,59,17.5,26.3,21.8,18,0.1,700.0,3,0
2026-03-05 16:00:00,16236.201329,26.5,56,16.9,26.0,20.6,38,0.0,565.0,3,0
2026-03-05 17:00:00,16305.06171,26.6,52,15.9,25.4,22.4,66,0.0,443.0,3,0
2026-03-05 18:00:00,16310.452369,25.9,54,16.0,25.0,20.4,72,0.0,282.0,3,0
2026-03-05 19:00:00,16272.864016,23.4,69,17.5,23.8,15.4,86,0.0,116.0,3,0
2026-03-05 20:00:00,15957.788814,21.9,76,17.5,22.3,15.4,95,0.6,8.0,3,0
2026-03-05 21:00:00,15445.180623,23.4,65,16.4,22.9,18.0,100,0.0,0.0,3,0
2026-03-05 22:00:00,14427.797118,23.5,62,15.8,22.8,18.3,100,0.0,0.0,3,0
2026-03-05 23:00:00,13337.261777,23.0,64,15.9,22.2,18.9,100,0.0,0.0,3,0
2026-03-06 00:00:00,12366.892399,22.6,66,15.9,21.3,22.7,100,0.0,0.0,4,0
2026-03-06 01:00:00,11711.862179,22.1,71,16.6,21.2,21.7,41,0.0,0.0,4,0
2026-03-06 02:00:00,11309.532481,21.1,76,16.7,20.5,20.7,100,0.0,0.0,4,0
2026-03-06 03:00:00,11104.752442,20.4,80,16.8,20.0,19.2,59,0.0,0.0,4,0
2026-03-06 04:00:00,11179.805651,19.8,82,16.7,19.2,20.4,70,0.0,0.0,4,0
2026-03-06 05:00:00,11715.383752,19.5,85,17.0,19.0,19.8,82,0.0,0.0,4,0
2026-03-06 06:00:00,12708.941416,19.1,88,17.1,19.2,17.3,100,0.0,0.0,4,0
2026-03-06 07:00:00,13271.718436,20.0,87,17.8,20.5,16.1,100,0.0,0.0,4,0
2026-03-06 08:00:00,13687.422292,20.3,88,18.3,20.8,17.3,100,0.0,0.0,4,0
2026-03-06 09:00:00,14106.667244,20.9,88,18.7,21.3,19.2,100,0.0,18.0,4,0
2026-03-06 10:00:00,14621.407468,22.0,83,18.9,21.7,24.5,81,0.1,159.0,4,0
2026-03-06 11:00:00,15078.838088,23.5,75,18.9,22.5,29.0,73,0.1,333.0,4,0
2026-03-06 12:00:00,15416.213712,24.6,70,18.8,23.7,28.3,55,0.1,430.0,4,0
2026-03-06 13:00:00,15671.089214,25.5,64,18.1,25.0,26.1,61,0.2,629.0,4,0
2026-03-06 14:00:00,15732.162896,26.1,60,17.8,25.2,27.7,52,0.9,627.0,4,0
2026-03-06 15:00:00,15722.35411,27.3,54,17.1,26.3,27.4,52,0.8,642.0,4,0
2026-03-06 16:00:00,15879.686171,26.1,58,17.3,26.5,15.8,54,0.2,569.0,4,0
2026-03-06 17:00:00,15890.826168,22.5,78,18.5,24.7,6.1,99,8.4,304.0,4,0
2026-03-06 18:00:00,15771.533407,19.4,93,18.2,20.9,10.3,100,9.9,61.0,4,0
2026-03-06 19:00:00,15645.408116,20.0,84,17.2,19.5,21.2,100,0.3,20.0,4,0
2026-03-06 20:00:00,15294.477051,20.4,83,17.4,20.5,17.6,100,0.0,3.0,4,0
2026-03-06 21:00:00,14843.757085,20.0,86,17.6,20.0,19.4,64,0.0,0.0,4,0
2026-03-06 22:00:00,14204.688997,18.7,86,16.4,16.9,27.5,99,1.7,0.0,4,0
2026-03-06 23:00:00,13462.327227,18.4,87,16.1,17.4,21.6,93,0.1,0.0,4,0
2026-03-07 00:00:00,12600.594706,18.8,85,16.2,17.9,20.4,18,0.0,0.0,5,0
2026-03-07 01:00:00,12000.033329,19.0,94,18.0,19.6,16.4,99,0.0,0.0,5,0
2026-03-07 02:00:00,11739.978297,20.1,92,18.8,21.2,15.5,88,0.1,0.0,5,0
2026-03-07 03:00:00,11519.603815,19.5,90,17.9,20.8,10.6,45,0.0,0.0,5,0
2026-03-07 04:00:00,11483.343061,19.0,91,17.5,20.0,11.4,100,0.0,0.0,5,0
2026-03-07 05:00:00,11612.280359,19.8,92,18.4,21.1,12.2,100,0.1,0.0,5,0
2026-03-07 06:00:00,11803.864349,18.4,98,18.0,20.2,7.5,100,6.1,0.0,5,0
2026-03-07 07:00:00,11833.102251,19.0,93,17.9,19.6,15.7,100,0.0,0.0,5,0
2026-03-07 08:00:00,11951.307453,17.9,90,16.2,18.2,12.6,100,11.7,0.0,5,0
2026-03-07 09:00:00,12226.959467,14.9,90,13.3,11.3,31.7,100,1.5,15.0,5,0
2026-03-07 10:00:00,12520.305175,11.1,83,8.2,7.8,19.1,99,0.9,57.0,5,0
2026-03-07 11:00:00,12762.188079,12.2,73,7.5,8.9,18.5,100,0.1,310.0,5,0
2026-03-07 12:00:00,12777.993822,13.8,69,8.2,11.3,13.5,100,0.0,477.0,5,0
2026-03-07 13:00:00,12684.220366,11.8,76,7.7,9.7,10.1,100,0.0,413.0,5,0
2026-03-07 14:00:00,12440.712567,11.6,78,7.8,9.3,11.9,100,4.7,224.0,5,0
2026-03-07 15:00:00,12427.93039,11.5,80,8.1,9.2,12.6,98,5.3,215.0,5,0
2026-03-07 16:00:00,12449.189346,11.4,80,7.9,9.0,12.5,86,0.0,219.0,5,0
2026-03-07 17:00:00,12577.840808,12.0,76,7.8,9.6,12.6,85,0.0,371.0,5,0
2026-03-07 18:00:00,12882.74738,12.1,75,7.8,10.0,10.3,99,0.0,299.0,5,0
2026-03-07 19:00:00,12888.877789,9.2,88,7.3,6.9,10.8,100,0.0,93.0,5,0
2026-03-07 20:00:00,12721.020726,9.5,87,7.4,7.3,10.2,100,0.5,4.0,5,0
2026-03-07 21:00:00,12437.320027,9.9,88,7.9,7.9,10.2,100,0.1,0.0,5,0
2026-03-07 22:00:00,11959.154921,10.2,87,8.2,8.6,8.3,100,0.1,0.0,5,0
2026-03-07 23:00:00,11442.33342,10.4,88,8.5,8.6,9.7,100,0.0,0.0,5,0
2026-03-08 00:00:00,11037.878434,10.5,88,8.6,9.3,5.8,99,0.0,0.0,6,0
2026-03-08 01:00:00,10743.090095,9.8,88,7.9,8.5,5.4,100,0.0,0.0,6,0
2026-03-08 03:00:00,10586.488102,9.8,86,7.5,8.3,5.6,100,0.0,0.0,6,0
2026-03-08 04:00:00,10596.940888,9.4,89,7.7,7.8,7.1,47,0.0,0.0,6,0
2026-03-08 05:00:00,10765.411037,8.9,91,7.6,7.1,7.7,22,0.0,0.0,6,0
2026-03-08 06:00:00,11145.583458,8.6,92,7.3,7.2,4.5,5,0.0,0.0,6,0
2026-03-08 07:00:00,11638.737469,8.1,96,7.5,6.9,4.0,4,0.0,0.0,6,0
2026-03-08 08:00:00,11953.904582,7.4,96,6.8,6.2,3.2,2,0.0,1.0,6,0
2026-03-08 09:00:00,12088.727079,8.8,91,7.3,7.5,4.1,43,0.0,84.0,6,0
2026-03-08 10:00:00,12086.081393,10.2,84,7.6,8.9,4.2,65,0.0,238.0,6,0
2026-03-08 11:00:00,11908.814656,11.9,76,7.8,10.8,3.5,73,0.0,374.0,6,0
2026-03-08 12:00:00,11790.84812,13.6,70,8.2,12.8,2.4,97,0.0,489.0,6,0
2026-03-08 13:00:00,11745.966206,16.8,57,8.1,16.1,3.6,0,0.0,605.0,6,0
2026-03-08 14:00:00,11787.431331,18.5,54,9.0,19.7,2.6,0,0.0,819.0,6,0
2026-03-08 15:00:00,12017.019718,19.8,53,9.8,21.0,2.3,0,0.0,794.0,6,0
2026-03-08 16:00:00,12456.805902,20.4,55,10.9,20.8,5.4,0,0.0,701.0,6,0
2026-03-08 17:00:00,12908.092308,20.6,58,12.1,20.4,6.3,11,0.0,549.0,6,0
2026-03-08 18:00:00,13230.598946,20.6,61,12.8,20.6,6.1,30,0.0,356.0,6,0
2026-03-08 19:00:00,13466.902094,20.5,67,14.1,21.3,4.0,91,0.0,148.0,6,0
2026-03-08 20:00:00,13693.89503,19.2,71,13.8,19.6,6.0,100,0.0,10.0,6,0
2026-03-08 21:00:00,13402.388645,19.7,74,15.0,19.5,12.9,98,0.0,0.0,6,0
2026-03-08 22:00:00,12716.103625,19.0,77,14.9,18.5,14.3,99,0.0,0.0,6,0
2026-03-08 23:00:00,11832.216046,19.0,77,15.0,18.3,16.9,100,0.0,0.0,6,0
2026-03-09 00:00:00,11022.003122,18.0,83,15.1,18.6,7.6,99,0.0,0.0,0,0
2026-03-09 01:00:00,10499.966094,18.0,86,15.6,18.2,11.7,16,0.0,0.0,0,0
2026-03-09 02:00:00,10227.266339,17.8,88,15.8,18.1,10.8,30,0.0,0.0,0,0
2026-03-09 03:00:00,10112.039245,17.7,89,15.9,17.8,12.8,98,0.0,0.0,0,0
2026-03-09 04:00:00,10272.344153,17.7,90,16.0,17.7,14.5,69,0.0,0.0,0,0
2026-03-09 05:00:00,10895.654813,17.6,91,16.1,17.8,13.3,66,0.0,0.0,0,0
2026-03-09 06:00:00,11968.14287,17.4,92,16.1,17.8,11.8,16,0.0,0.0,0,0
2026-03-09 07:00:00,12626.146392,16.0,92,14.8,16.5,7.1,88,0.0,0.0,0,0
2026-03-09 08:00:00,12737.37779,17.0,95,16.1,17.9,8.1,100,1.8,1.0,0,0
2026-03-09 09:00:00,12960.577275,18.9,94,17.9,20.3,9.5,99,0.0,58.0,0,0
2026-03-09 10:00:00,13245.927038,20.2,91,18.7,21.9,11.0,100,0.6,135.0,0,0
2026-03-09 11:00:00,13634.647586,21.2,88,19.1,22.8,12.4,98,0.0,154.0,0,0
2026-03-09 12:00:00,13966.258873,24.0,71,18.5,24.7,18.6,100,0.0,599.0,0,0
2026-03-09 13:00:00,14270.139078,24.2,73,19.0,25.4,14.9,100,0.0,515.0,0,0
2026-03-09 14:00:00,14636.418979,25.8,66,19.0,27.0,14.7,100,0.0,487.0,0,0
2026-03-09 15:00:00,15121.683406,26.8,62,19.0,27.8,16.7,83,0.0,560.0,0,0
2026-03-09 16:00:00,15790.42977,27.5,59,18.9,28.4,15.8,23,0.0,530.0,0,0
2026-03-09 17:00:00,16290.385281,28.2,55,18.3,28.8,16.5,10,0.0,532.0,0,0
2026-03-09 18:00:00,16296.983229,27.1,62,19.2,28.2,16.4,7,0.0,347.0,0,0
2026-03-09 19:00:00,16260.264961,26.0,71,20.3,27.7,16.4,77,0.0,148.0,0,0
2026-03-09 20:00:00,16217.672907,24.5,73,19.4,25.6,16.5,94,0.0,11.0,0,0
2026-03-09 21:00:00,15715.338919,23.4,78,19.2,24.3,17.5,37,0.0,0.0,0,0
2026-03-09 22:00:00,14844.781355,23.0,80,19.2,24.1,16.2,100,0.0,0.0,0,0
2026-03-09 23:00:00,13690.332725,22.5,81,19.2,23.7,15.7,100,0.0,0.0,0,0
2026-03-10 00:00:00,12666.86596,22.1,82,18.9,23.3,15.0,100,0.0,0.0,1,0
2026-03-10 01:00:00,12004.821166,22.5,79,18.8,23.4,16.9,100,0.0,0.0,1,0
2026-03-10 02:00:00,11562.837776,22.1,85,19.5,23.7,14.3,100,0.0,0.0,1,0
2026-03-10 03:00:00,11366.176731,21.9,90,20.2,23.6,15.1,100,0.0,0.0,1,0
2026-03-10 04:00:00,11409.41645,22.0,91,20.4,23.5,17.1,100,0.0,0.0,1,0
2026-03-10 05:00:00,11958.181323,21.9,89,20.0,23.1,18.0,100,0.0,0.0,1,0
2026-03-10 06:00:00,12979.310949,21.2,91,19.6,22.3,17.5,100,0.0,0.0,1,0
2026-03-10 07:00:00,13585.269931,21.0,89,19.0,21.7,18.2,100,0.0,0.0,1,0
2026-03-10 08:00:00,13646.934744,21.0,90,19.3,21.9,18.1,100,0.0,1.0,1,0
2026-03-10 09:00:00,13924.898175,21.5,90,19.8,23.0,15.5,100,0.0,20.0,1,0
2026-03-10 10:00:00,14396.732351,22.1,89,20.2,23.9,14.8,100,0.1,91.0,1,0
2026-03-10 11:00:00,14689.617792,22.5,86,20.0,23.6,18.6,100,0.0,173.0,1,0
2026-03-10 12:00:00,14796.411624,24.4,77,20.2,24.9,24.0,98,0.0,304.0,1,0
2026-03-10 13:00:00,14972.476539,22.0,87,19.6,24.2,9.6,80,0.1,397.0,1,0
2026-03-10 14:00:00,15274.547408,25.8,74,20.8,27.4,19.0,100,0.0,566.0,1,0
2026-03-10 15:00:00,15478.36487,25.8,72,20.4,26.4,24.1,91,0.1,405.0,1,0
2026-03-10 16:00:00,15851.825748,27.0,65,19.9,27.8,20.7,95,0.0,472.0,1,0
2026-03-10 17:00:00,16047.527087,25.9,72,20.5,27.5,17.3,78,0.1,310.0,1,0
2026-03-10 18:00:00,16255.165699,25.5,74,20.6,27.1,17.9,100,0.2,240.0,1,0
2026-03-10 19:00:00,16290.993382,19.4,99,19.1,20.9,13.3,97,0.0,70.0,1,0
2026-03-10 20:00:00,16260.28801,19.8,94,18.7,21.5,10.1,100,0.0,9.0,1,0
2026-03-10 21:00:00,15548.934281,21.7,86,19.3,23.3,13.3,100,0.0,0.0,1,0
2026-03-10 22:00:00,13918.605026,19.7,95,18.8,21.5,9.9,91,6.4,0.0,1,0
2026-03-10 23:00:00,12611.221982,19.5,91,18.0,21.1,9.1,100,1.9,0.0,1,0
2026-03-11 00:00:00,11598.714423,18.4,97,17.9,20.4,5.2,100,10.2,0.0,2,0
2026-03-11 01:00:00,10957.359251,16.9,97,16.3,16.9,14.5,100,2.3,0.0,2,0
2026-03-11 02:00:00,10591.802736,17.3,96,16.6,17.7,12.8,100,5.6,0.0,2,0
2026-03-11 03:00:00,10468.479544,17.4,94,16.5,18.4,8.4,100,3.5,0.0,2,0
2026-03-11 04:00:00,10470.47138,17.3,91,15.9,17.7,10.9,100,0.4,0.0,2,0
2026-03-11 05:00:00,11034.556665,17.1,92,15.9,17.0,14.3,100,0.1,0.0,2,0
2026-03-11 06:00:00,12046.759106,17.0,90,15.3,16.9,12.7,100,0.0,0.0,2,0
2026-03-11 07:00:00,12663.438979,17.4,86,14.9,15.2,26.3,100,0.0,0.0,2,0
2026-03-11 08:00:00,12834.429829,18.4,76,14.0,18.3,9.4,99,0.0,0.0,2,0
2026-03-11 09:00:00,13021.36737,18.0,83,15.1,18.6,6.9,63,0.0,43.0,2,0
2026-03-11 10:00:00,13271.51852,19.1,79,15.5,19.6,9.8,100,0.0,281.0,2,0
2026-03-11 11:00:00,13417.727091,18.9,79,15.2,19.6,7.3,100,0.0,126.0,2,0
2026-03-11 12:00:00,13697.470879,19.9,76,15.6,21.1,4.1,2,0.0,251.0,2,0
2026-03-11 13:00:00,14082.370286,22.5,63,15.2,25.4,3.3,0,0.0,799.0,2,0
2026-03-11 14:00:00,14180.790211,23.1,61,15.1,24.5,11.9,61,0.2,813.0,2,0
2026-03-11 15:00:00,14087.295374,21.7,60,13.6,19.5,27.2,37,0.3,696.0,2,0
2026-03-11 16:00:00,14012.774651,21.3,56,12.3,18.4,26.6,10,0.0,615.0,2,0
2026-03-11 17:00:00,13966.063708,19.5,51,9.1,15.0,28.8,9,0.0,508.0,2,0
2026-03-11 18:00:00,13816.102604,19.0,49,8.1,14.6,27.1,2,0.0,345.0,2,0
2026-03-11 19:00:00,13724.685768,17.6,49,6.9,13.6,22.7,0,0.0,158.0,2,0
2026-03-11 20:00:00,13785.704094,15.7,55,6.6,11.6,22.2,0,0.0,13.0,2,0
2026-03-11 21:00:00,13287.950401,14.1,55,5.3,9.8,22.1,0,0.0,0.0,2,0
2026-03-11 22:00:00,12412.642666,12.9,55,4.0,7.8,24.8,0,0.0,0.0,2,0
2026-03-11 23:00:00,11457.868938,11.4,56,3.0,6.6,22.5,0,0.0,0.0,2,0
2026-03-12 00:00:00,10786.896615,10.6,57,2.3,6.0,19.4,0,0.0,0.0,3,0
2026-03-12 01:00:00,10385.081633,9.7,62,2.8,5.7,15.8,0,0.0,0.0,3,0
2026-03-12 02:00:00,10152.302039,8.9,64,2.3,5.2,13.0,0,0.0,0.0,3,0
2026-03-12 03:00:00,10162.241448,8.3,65,2.2,4.8,11.7,0,0.0,0.0,3,0
2026-03-12 04:00:00,10451.367712,7.8,67,2.0,4.2,12.4,0,0.0,0.0,3,0
2026-03-12 05:00:00,11339.839636,7.2,66,1.4,3.7,11.5,0,0.0,0.0,3,0
2026-03-12 06:00:00,12735.42488,6.7,66,0.9,3.2,10.3,0,0.0,0.0,3,0
2026-03-12 07:00:00,13713.013725,5.6,74,1.4,3.0,5.1,0,0.0,0.0,3,0
2026-03-12 08:00:00,13873.174378,5.1,77,1.5,2.6,3.9,0,0.0,3.0,3,0
2026-03-12 09:00:00,13707.728925,6.7,70,1.7,4.4,2.9,0,0.0,120.0,3,0
2026-03-12 10:00:00,13358.608137,8.1,59,0.6,5.5,3.6,0,0.0,341.0,3,0
2026-03-12 11:00:00,12933.383011,9.4,54,0.6,7.3,1.2,0,0.0,554.0,3,0
2026-03-12 12:00:00,12628.84543,10.9,49,0.6,9.7,2.1,0,0.0,721.0,3,0
2026-03-12 13:00:00,12418.181438,12.9,28,-5.3,11.5,2.9,0,0.0,832.0,3,0
2026-03-12 14:00:00,12206.668685,13.9,30,-3.5,12.9,3.8,0,0.0,883.0,3,0
2026-03-12 15:00:00,12189.125837,14.6,31,-2.3,13.5,4.0,0,0.0,853.0,3,0
2026-03-12 16:00:00,12311.494214,15.0,32,-1.6,13.3,4.7,0,0.0,755.0,3,0
2026-03-12 17:00:00,12559.137439,15.1,35,-0.1,12.3,6.7,0,0.0,598.0,3,0
2026-03-12 18:00:00,12886.156423,14.9,40,1.3,11.8,7.7,0,0.0,394.0,3,0
2026-03-12 19:00:00,13175.179436,15.1,44,2.8,12.3,7.7,0,0.0,172.0,3,0
2026-03-12 20:00:00,13505.635616,13.2,50,3.0,10.1,10.4,0,0.0,15.0,3,0
2026-03-12 21:00:00,13177.540657,12.5,51,2.8,9.2,11.4,0,0.0,0.0,3,0
2026-03-12 22:00:00,12509.8376,11.8,54,2.8,8.8,9.4,0,0.0,0.0,3,0
2026-03-12 23:00:00,11707.135266,11.2,55,2.5,7.9,10.8,0,0.0,0.0,3,0
2026-03-13 00:00:00,11115.27918,10.8,55,2.0,7.4,11.2,0,0.0,0.0,4,0
2026-03-13 01:00:00,10790.483178,9.9,59,2.1,6.4,11.7,0,0.0,0.0,4,0
2026-03-13 02:00:00,10641.912468,9.6,59,2.0,6.2,11.1,0,0.0,0.0,4,0
2026-03-13 03:00:00,10691.87133,9.4,60,2.2,6.1,11.1,0,0.0,0.0,4,0
2026-03-13 04:00:00,10901.843235,9.4,59,2.0,5.9,12.1,0,0.0,0.0,4,0
2026-03-13 05:00:00,11583.218669,9.5,58,1.8,5.8,12.4,0,0.0,0.0,4,0
2026-03-13 06:00:00,12716.7823,9.4,59,1.9,6.0,11.2,0,0.0,0.0,4,0
2026-03-13 07:00:00,13506.431991,9.8,57,1.6,6.0,13.0,0,0.0,0.0,4,0
2026-03-13 08:00:00,13561.388187,9.4,59,1.6,5.9,10.9,0,0.0,3.0,4,0
2026-03-13 09:00:00,13488.117939,10.9,58,2.9,7.8,10.3,0,0.0,119.0,4,0
2026-03-13 10:00:00,13194.829732,13.2,55,4.3,10.3,10.8,0,0.0,332.0,4,0
2026-03-13 11:00:00,12879.927782,15.4,51,5.4,12.5,12.1,0,0.0,539.0,4,0
2026-03-13 12:00:00,12626.742658,17.5,48,6.4,15.8,11.7,0,0.0,706.0,4,0
2026-03-13 13:00:00,12516.935159,20.6,40,6.5,19.6,11.1,0,0.0,815.0,4,0
2026-03-13 14:00:00,12522.492229,21.9,39,7.2,21.2,11.6,0,0.0,861.0,4,0
2026-03-13 15:00:00,12750.739068,22.8,39,8.1,21.8,13.4,0,0.0,833.0,4,0
2026-03-13 16:00:00,13032.890663,23.2,40,8.9,21.8,14.6,0,0.0,737.0,4,0
2026-03-13 17:00:00,13312.13937,23.2,42,9.6,21.2,14.4,0,0.0,582.0,4,0
2026-03-13 18:00:00,13407.895268,22.6,47,10.6,21.1,11.6,0,0.0,383.0,4,0
2026-03-13 19:00:00,13181.623483,21.5,49,10.4,20.1,10.7,0,0.0,169.0,4,0
2026-03-13 20:00:00,13162.850048,19.0,55,9.8,17.5,9.7,0,0.0,16.0,4,0
2026-03-13 21:00:00,12850.305382,17.8,57,9.1,16.1,10.1,0,0.0,0.0,4,0
2026-03-13 22:00:00,12304.85819,16.9,62,9.4,14.9,12.7,0,0.0,0.0,4,0
2026-03-13 23:00:00,11672.02073,16.5,64,9.7,14.5,13.4,0,0.0,0.0,4,0
2026-03-14 00:00:00,10954.607068,16.1,65,9.5,14.1,13.0,0,0.0,0.0,5,0
2026-03-14 01:00:00,10391.117734,16.0,66,9.6,13.8,14.5,0,0.0,0.0,5,0
2026-03-14 02:00:00,10044.572729,15.8,70,10.2,13.7,14.3,0,0.0,0.0,5,0
2026-03-14 03:00:00,9815.223059,15.4,73,10.6,13.5,14.4,0,0.0,0.0,5,0
2026-03-14 04:00:00,9811.140079,14.9,76,10.8,13.0,14.5,0,0.0,0.0,5,0
2026-03-14 05:00:00,10012.88936,14.4,78,10.6,12.3,15.2,0,0.0,0.0,5,0
2026-03-14 06:00:00,10348.130619,13.8,80,10.4,11.9,13.9,0,0.0,0.0,5,0
2026-03-14 07:00:00,10811.743737,13.3,85,10.9,11.5,14.0,0,0.0,0.0,5,0
2026-03-14 08:00:00,11282.986447,13.0,85,10.6,11.2,13.3,0,0.0,4.0,5,0
2026-03-14 09:00:00,11818.241142,14.1,83,11.2,12.8,11.2,0,0.0,119.0,5,0
2026-03-14 10:00:00,12052.491161,15.8,79,12.1,14.5,12.9,0,0.0,330.0,5,0
2026-03-14 11:00:00,12119.476107,17.9,74,13.2,17.0,12.6,1,0.0,534.0,5,0
2026-03-14 12:00:00,12222.273788,19.9,70,14.2,20.1,13.8,1,0.0,696.0,5,0
2026-03-14 13:00:00,12472.645194,22.2,63,14.9,22.9,15.1,13,0.0,802.0,5,0
2026-03-14 14:00:00,12846.948178,23.5,60,15.3,24.3,16.8,21,0.0,845.0,5,0
2026-03-14 15:00:00,13390.514691,24.6,57,15.6,25.3,17.8,61,0.0,817.0,5,0
2026-03-14 16:00:00,13872.817464,25.5,54,15.6,25.4,19.4,80,0.0,721.0,5,0
2026-03-14 17:00:00,14076.728342,25.5,54,15.5,24.4,20.7,89,0.0,555.0,5,0
2026-03-14 18:00:00,14085.401252,24.9,55,15.2,23.9,19.0,100,0.0,343.0,5,0
2026-03-14 19:00:00,14028.145677,24.0,52,13.7,22.7,17.6,85,0.0,135.0,5,0
2026-03-14 20:00:00,13989.092804,22.5,55,13.1,21.2,15.9,100,0.0,15.0,5,0
2026-03-14 21:00:00,13596.175764,21.5,61,13.6,20.2,16.5,95,0.0,0.0,5,0
2026-03-14 22:00:00,13037.993258,21.1,62,13.5,19.4,19.2,94,0.0,0.0,5,0
2026-03-14 23:00:00,12394.105168,20.9,63,13.6,19.0,20.7,95,0.0,0.0,5,0
2026-03-15 00:00:00,11659.189472,20.6,67,14.2,18.9,21.5,85,0.0,0.0,6,0
2026-03-15 01:00:00,11175.107295,20.4,73,15.3,19.0,22.0,31,0.0,0.0,6,0
2026-03-15 02:00:00,10776.463707,19.7,77,15.6,18.4,22.0,70,0.0,0.0,6,0
2026-03-15 03:00:00,10475.202822,19.1,83,16.1,17.9,22.9,76,0.0,0.0,6,0
2026-03-15 04:00:00,10408.996167,18.7,88,16.6,17.7,22.8,100,0.0,0.0,6,0
2026-03-15 05:00:00,10483.064085,18.9,88,17.0,18.1,22.5,100,0.0,0.0,6,0
2026-03-15 06:00:00,10759.40552,19.2,88,17.1,18.6,22.1,100,0.0,0.0,6,0
2026-03-15 07:00:00,11178.81444,19.5,86,17.1,18.9,21.5,93,0.0,0.0,6,0
2026-03-15 08:00:00,11551.55443,19.5,86,17.0,18.9,21.3,100,0.0,3.0,6,0
2026-03-15 09:00:00,12152.046361,20.1,83,17.1,19.4,21.9,78,0.0,75.0,6,0
2026-03-15 10:00:00,12760.636339,21.4,79,17.7,21.5,18.2,0,0.0,287.0,6,0
2026-03-15 11:00:00,13424.839636,23.6,71,18.0,23.8,19.0,0,0.0,534.0,6,0
2026-03-15 12:00:00,14059.061378,26.2,59,17.6,27.3,16.3,0,0.0,695.0,6,0
2026-03-15 13:00:00,14530.44427,28.8,40,13.6,28.7,17.5,0,0.0,806.0,6,0
2026-03-15 14:00:00,14045.094049,24.6,36,8.6,20.6,33.4,0,0.0,846.0,6,0
2026-03-15 15:00:00,13349.882604,21.1,31,3.3,15.7,34.3,66,0.0,831.0,6,0
2026-03-15 16:00:00,12953.286073,19.6,30,1.4,13.8,31.7,100,0.0,734.0,6,0
2026-03-15 17:00:00,12752.360836,17.7,31,0.2,10.8,33.4,89,0.0,559.0,6,0
2026-03-15 18:00:00,12623.619915,15.4,34,-0.2,8.7,31.3,88,0.0,383.0,6,0
2026-03-15 19:00:00,12613.886255,12.9,37,-1.4,6.4,28.8,96,0.0,161.0,6,0
2026-03-15 20:00:00,12863.370701,10.6,41,-2.2,4.4,25.7,100,0.0,16.0,6,0
2026-03-15 21:00:00,12583.609656,9.8,39,-3.7,3.3,26.2,98,0.0,0.0,6,0
2026-03-15 22:00:00,12127.360572,9.9,37,-4.1,3.9,22.8,84,0.0,0.0,6,0
2026-03-15 23:00:00,11535.045606,8.4,37,-5.4,1.8,25.3,62,0.0,0.0,6,0
2026-03-16 00:00:00,11249.845666,6.4,38,-6.8,-0.6,27.9,87,0.0,0.0,0,0
2026-03-16 01:00:00,11152.16237,5.8,41,-6.7,-0.7,24.2,85,0.0,0.0,0,0
2026-03-16 02:00:00,11266.518209,4.5,44,-6.8,-1.9,23.5,52,0.6,0.0,0,0
2026-03-16 03:00:00,11480.985134,3.6,45,-7.3,-2.7,22.5,0,0.0,0.0,0,0
2026-03-16 04:00:00,12042.087098,3.0,46,-7.5,-3.3,23.0,0,0.0,0.0,0,0
2026-03-16 05:00:00,13042.517358,2.5,46,-7.9,-3.8,22.5,0,0.0,0.0,0,0
2026-03-16 06:00:00,14480.951866,2.1,45,-8.8,-3.8,18.7,0,0.0,0.0,0,0
2026-03-16 07:00:00,15695.607894,1.5,48,-8.5,-4.2,17.0,0,0.0,0.0,0,0
2026-03-16 08:00:00,16104.900339,1.1,47,-8.9,-4.4,16.3,0,0.0,5.0,0,0
2026-03-16 09:00:00,16140.233797,1.8,42,-9.7,-4.1,18.4,5,0.0,138.0,0,0
2026-03-16 10:00:00,16007.158337,2.8,37,-10.4,-3.6,21.3,73,0.0,362.0,0,0
2026-03-16 11:00:00,15804.670464,3.7,33,-11.1,-2.7,21.9,100,0.0,573.0,0,0
2026-03-16 12:00:00,15523.388481,4.6,30,-11.7,-1.3,21.0,100,0.0,654.0,0,0
2026-03-16 13:00:00,15224.867184,5.8,25,-12.6,0.8,19.2,100,0.0,780.0,0,0
2026-03-16 14:00:00,15079.245518,6.6,24,-12.6,1.6,18.0,100,0.0,778.0,0,0
2026-03-16 15:00:00,14750.690766,6.8,23,-12.8,1.3,16.6,100,0.0,612.0,0,0
2026-03-16 16:00:00,14563.863009,7.3,23,-12.6,1.8,16.2,98,0.0,593.0,0,0
2026-03-16 17:00:00,14703.255729,7.8,22,-12.4,2.5,14.7,100,0.0,591.0,0,0
2026-03-16 18:00:00,15030.626361,7.7,23,-12.4,2.3,13.2,99,0.0,358.0,0,0
2026-03-16 19:00:00,15470.727787,7.1,26,-11.3,2.2,10.4,100,0.0,164.0,0,0
2026-03-16 20:00:00,15562.986752,5.6,44,-5.8,2.0,4.5,49,0.0,17.0,0,0
2026-03-16 21:00:00,15509.470521,5.2,49,-4.6,2.0,2.8,0,0.0,0.0,0,0
2026-03-16 22:00:00,15305.354842,5.1,47,-5.3,2.2,0.4,0,0.0,0.0,0,0
2026-03-16 23:00:00,14918.692826,4.6,49,-5.1,1.7,0.6,0,0.0,0.0,0,0
2026-03-17 00:00:00,14527.720793,4.1,52,-4.8,1.0,2.2,0,0.0,0.0,1,0
2026-03-17 01:00:00,14398.54423,2.2,61,-4.4,-1.1,4.4,31,0.0,0.0,1,0
2026-03-17 02:00:00,14386.35769,1.6,64,-4.5,-1.8,4.9,74,0.0,0.0,1,0
2026-03-17 03:00:00,14504.202347,1.2,65,-4.7,-2.3,5.2,99,0.0,0.0,1,0
2026-03-17 04:00:00,14746.633783,1.1,63,-5.2,-2.6,6.1,86,0.0,0.0,1,0
2026-03-17 05:00:00,15457.616303,1.2,61,-5.5,-2.5,6.1,92,0.0,0.0,1,0
2026-03-17 06:00:00,16515.101568,1.2,62,-5.3,-2.3,4.7,77,0.0,0.0,1,0
2026-03-17 07:00:00,17248.906828,2.1,61,-4.7,-1.3,4.5,98,0.0,0.0,1,0
2026-03-17 08:00:00,17048.121718,1.8,60,-5.3,-1.9,5.5,98,0.0,6.0,1,0
2026-03-17 09:00:00,16271.134701,3.8,55,-4.6,-0.0,7.1,100,0.0,131.0,1,0
2026-03-17 10:00:00,15606.224274,5.9,48,-4.2,2.1,7.6,100,0.0,348.0,1,0
2026-03-17 11:00:00,14884.421164,8.4,43,-3.5,4.3,9.5,87,0.0,547.0,1,0
2026-03-17 12:00:00,14132.629764,10.6,35,-4.3,7.0,12.8,26,0.0,719.0,1,0
2026-03-17 13:00:00,13598.544915,13.5,25,-6.1,10.0,14.8,23,0.0,833.0,1,0
2026-03-17 14:00:00,13174.142972,14.9,22,-6.4,11.4,16.1,60,0.0,877.0,1,0
2026-03-17 15:00:00,12873.210363,15.9,22,-5.6,11.9,18.0,99,0.0,847.0,1,0
2026-03-17 16:00:00,12770.963852,16.1,24,-4.3,11.4,19.6,17,0.0,733.0,1,0
2026-03-17 17:00:00,12811.479505,16.1,24,-4.2,10.6,20.2,8,0.0,586.0,1,0
2026-03-17 18:00:00,13000.483067,15.8,25,-4.3,10.3,19.4,0,0.0,397.0,1,0
2026-03-17 19:00:00,13397.694762,15.3,27,-3.7,10.6,14.3,0,0.0,180.0,1,0
2026-03-17 20:00:00,13760.689275,13.8,28,-4.4,8.8,15.1,51,0.0,19.0,1,0
2026-03-17 21:00:00,13549.384746,13.4,27,-5.3,8.1,16.5,0,0.0,0.0,1,0
2026-03-17 22:00:00,13008.055632,13.2,26,-5.8,8.0,16.0,15,0.0,0.0,1,0
2026-03-17 23:00:00,12376.034331,12.6,27,-5.9,7.6,14.2,50,0.0,0.0,1,0
2026-03-18 00:00:00,11831.140055,11.9,28,-5.8,7.2,13.0,12,0.0,0.0,2,0
2026-03-18 01:00:00,11602.774537,10.9,34,-4.3,6.2,13.9,64,0.0,0.0,2,0
2026-03-18 02:00:00,11494.96051,10.1,37,-4.1,5.5,13.2,95,0.0,0.0,2,0
2026-03-18 03:00:00,11583.695228,9.6,39,-3.8,5.0,13.3,99,0.0,0.0,2,0
2026-03-18 04:00:00,11883.019427,9.3,41,-3.2,4.6,14.7,93,0.0,0.0,2,0
2026-03-18 05:00:00,12611.438319,9.1,45,-2.2,4.4,14.9,80,0.0,0.0,2,0
2026-03-18 06:00:00,13576.65639,8.4,52,-0.8,4.9,8.9,88,0.0,0.0,2,0
2026-03-18 07:00:00,14184.723268,8.4,58,0.6,4.6,12.0,99,0.0,0.0,2,0
2026-03-18 08:00:00,14274.715983,8.4,60,1.0,4.5,13.5,100,0.0,4.0,2,0
2026-03-18 09:00:00,14118.814585,9.2,60,1.9,5.7,12.2,94,0.0,70.0,2,0
2026-03-18 10:00:00,13705.437,11.2,56,2.8,7.6,13.4,98,0.0,342.0,2,0
2026-03-18 11:00:00,13147.200562,13.4,52,3.7,9.9,14.2,97,0.0,547.0,2,0
2026-03-18 12:00:00,12682.943557,15.8,48,4.7,13.3,13.8,99,0.0,708.0,2,0
2026-03-18 13:00:00,12431.272659,18.5,42,5.4,17.0,12.5,77,0.0,819.0,2,0
2026-03-18 14:00:00,12301.360184,20.1,40,6.1,19.0,13.0,95,0.0,865.0,2,0
2026-03-18 15:00:00,12359.923018,21.4,38,6.6,20.1,13.3,91,0.0,833.0,2,0
2026-03-18 16:00:00,12535.824782,22.1,38,7.0,20.4,13.7,80,0.0,730.0,2,0
2026-03-18 17:00:00,12739.82458,22.5,38,7.3,19.9,14.1,96,0.0,583.0,2,0
2026-03-18 18:00:00,12959.979446,22.1,40,7.8,19.5,13.8,52,0.0,387.0,2,0
2026-03-18 19:00:00,13110.418459,21.0,43,7.8,18.8,11.2,0,0.0,176.0,2,0
2026-03-18 20:00:00,13354.670463,19.2,47,7.6,16.8,12.1,0,0.0,19.0,2,0
2026-03-18 21:00:00,13082.975451,18.4,46,6.7,15.6,13.3,0,0.0,0.0,2,0
2026-03-18 22:00:00,12277.154894,17.9,45,5.9,14.9,13.7,0,0.0,0.0,2,0
2026-03-18 23:00:00,11476.408829,17.5,45,5.3,14.3,14.3,31,0.0,0.0,2,0
2026-03-19 00:00:00,10864.03359,17.3,44,5.0,13.8,15.3,23,0.0,0.0,3,0
2026-03-19 01:00:00,10385.970908,16.4,50,5.9,13.4,13.4,0,0.0,0.0,3,0
2026-03-19 02:00:00,10108.021738,15.1,57,6.7,13.1,7.6,0,0.0,0.0,3,0
2026-03-19 03:00:00,10075.423464,14.3,61,6.9,12.4,7.3,5,0.0,0.0,3,0
2026-03-19 04:00:00,10174.160816,13.6,65,7.2,11.9,6.8,31,0.0,0.0,3,0
2026-03-19 05:00:00,10757.996702,13.1,67,7.2,11.3,7.9,63,0.0,0.0,3,0
2026-03-19 06:00:00,11622.706566,12.8,69,7.2,10.7,9.2,0,0.0,0.0,3,0
2026-03-19 07:00:00,12256.186219,12.2,72,7.4,10.1,10.0,0,0.0,0.0,3,0
2026-03-19 08:00:00,12536.447044,12.0,74,7.5,9.9,10.1,0,0.0,7.0,3,0
2026-03-19 09:00:00,12576.674789,13.9,70,8.4,12.1,9.0,13,0.0,138.0,3,0
2026-03-19 10:00:00,12517.144337,16.4,61,8.9,14.7,9.3,3,0.0,349.0,3,0
2026-03-19 11:00:00,12554.071652,19.0,53,9.2,17.4,10.3,0,0.0,553.0,3,0
2026-03-19 12:00:00,12731.996333,21.5,48,10.1,21.0,10.6,0,0.0,717.0,3,0
2026-03-19 13:00:00,13066.788747,24.8,42,10.9,25.0,11.0,0,0.0,825.0,3,0
2026-03-19 14:00:00,13572.958962,27.0,37,11.2,27.3,12.6,0,0.0,867.0,3,0
2026-03-19 15:00:00,14114.476529,28.4,34,11.2,28.2,14.3,0,0.0,839.0,3,0
2026-03-19 16:00:00,14800.542706,28.9,33,10.8,27.7,16.4,0,0.0,744.0,3,0
2026-03-19 17:00:00,15293.180095,29.0,31,10.4,26.7,17.3,0,0.0,590.0,3,0
2026-03-19 18:00:00,15554.972538,28.4,32,10.2,26.1,16.1,0,0.0,394.0,3,0
2026-03-19 19:00:00,15169.819289,27.0,35,10.4,25.2,13.0,0,0.0,181.0,3,0
2026-03-19 20:00:00,15027.39235,25.0,40,10.4,23.4,11.7,0,0.0,20.0,3,0
2026-03-19 21:00:00,14579.10929,23.9,43,10.4,22.2,12.1,0,0.0,0.0,3,0
2026-03-19 22:00:00,13605.901847,22.8,45,10.2,21.1,12.4,0,0.0,0.0,3,0
2026-03-19 23:00:00,12517.502823,22.0,46,9.9,20.3,11.5,0,0.0,0.0,3,0
2026-03-20 00:00:00,11679.137242,20.9,49,9.9,19.4,9.9,0,0.0,0.0,4,0
2026-03-20 01:00:00,10970.12092,19.8,55,10.6,18.2,12.1,0,0.0,0.0,4,0
2026-03-20 02:00:00,10458.772234,18.6,59,10.4,17.2,10.8,0,0.0,0.0,4,0
2026-03-20 03:00:00,10216.776213,17.9,62,10.4,16.5,9.8,0,0.0,0.0,4,0
2026-03-20 04:00:00,10226.708089,17.2,64,10.3,15.9,9.4,0,0.0,0.0,4,0
2026-03-20 05:00:00,10606.892095,16.6,66,10.2,15.4,9.0,0,0.0,0.0,4,0
2026-03-20 06:00:00,11286.974257,16.1,67,10.1,14.9,8.5,0,0.0,0.0,4,0
2026-03-20 07:00:00,11828.409945,15.6,69,9.9,14.5,7.5,0,0.0,0.0,4,0
2026-03-20 08:00:00,12104.10197,15.0,71,9.8,13.9,7.5,0,0.0,9.0,4,0
2026-03-20 09:00:00,12447.22424,17.0,65,10.4,15.7,10.1,0,0.0,143.0,4,0
2026-03-20 10:00:00,12802.221407,19.6,56,10.6,18.4,9.9,0,0.0,356.0,4,0
2026-03-20 11:00:00,13220.45578,22.5,47,10.6,21.3,10.4,0,0.0,560.0,4,0
2026-03-20 12:00:00,13800.822927,25.1,40,10.6,24.7,10.9,0,0.0,724.0,4,0
2026-03-20 13:00:00,14482.284352,27.8,35,10.8,27.9,11.2,0,0.0,832.0,4,0
2026-03-20 14:00:00,15269.39981,29.6,31,10.8,29.9,12.0,0,0.0,873.0,4,0
2026-03-20 15:00:00,16047.757812,30.8,29,10.9,30.9,12.4,0,0.0,845.0,4,0
2026-03-20 16:00:00,16828.099415,31.5,29,11.2,31.2,12.8,0,0.0,749.0,4,0
2026-03-20 17:00:00,17227.38408,31.6,30,12.1,30.5,13.2,0,0.0,594.0,4,0
2026-03-20 18:00:00,17267.290654,31.0,32,12.4,29.8,13.7,0,0.0,396.0,4,0
2026-03-20 19:00:00,16506.445359,29.2,36,12.4,28.1,12.6,0,0.0,182.0,4,0
2026-03-20 20:00:00,16058.305294,27.5,37,11.5,26.2,12.0,0,0.0,21.0,4,0
2026-03-20 21:00:00,15341.743379,26.4,38,10.8,24.7,13.2,0,0.0,0.0,4,0
2026-03-20 22:00:00,14509.166223,25.6,38,10.1,23.6,14.1,0,0.0,0.0,4,0
2026-03-20 23:00:00,13523.92042,25.0,38,9.8,22.8,15.1,0,0.0,0.0,4,0
2026-03-21 00:00:00,12469.197372,24.6,39,9.7,22.3,15.0,0,0.0,0.0,5,0
2026-03-21 01:00:00,11624.823568,22.9,50,11.8,21.4,14.1,0,0.0,0.0,5,0
2026-03-21 02:00:00,11058.624364,21.6,55,12.1,20.4,12.3,0,0.0,0.0,5,0
2026-03-21 03:00:00,10689.402333,20.5,59,12.2,19.7,10.8,0,0.0,0.0,5,0
2026-03-21 04:00:00,10457.961852,19.6,64,12.6,18.9,10.5,0,0.0,0.0,5,0
2026-03-21 05:00:00,10534.263168,18.7,69,12.8,18.1,10.4,0,0.0,0.0,5,0
2026-03-21 06:00:00,10705.514856,18.0,73,13.0,17.3,11.2,0,0.0,0.0,5,0
2026-03-21 07:00:00,10944.124936,16.8,79,13.1,16.2,10.7,0,0.0,0.0,5,0
2026-03-21 08:00:00,11440.317195,16.5,80,12.9,15.9,9.9,0,0.0,10.0,5,0
2026-03-21 09:00:00,12112.761183,18.1,72,13.1,17.8,9.2,0,0.0,148.0,5,0
2026-03-21 10:00:00,12742.01375,20.6,62,13.1,20.2,9.9,0,0.0,362.0,5,0
2026-03-21 11:00:00,13415.279794,23.6,51,12.8,23.0,10.7,0,0.0,566.0,5,0
2026-03-21 12:00:00,14125.920866,26.1,42,12.2,26.1,11.9,0,0.0,729.0,5,0
2026-03-21 13:00:00,14962.131887,28.5,37,12.6,29.3,11.3,0,0.0,837.0,5,0
2026-03-21 14:00:00,15988.262866,30.4,34,12.6,31.3,11.7,0,0.0,878.0,5,0
2026-03-21 15:00:00,16937.693022,31.6,31,12.6,32.2,12.8,0,0.0,849.0,5,0
2026-03-21 16:00:00,17644.026668,32.3,31,13.2,32.5,13.6,0,0.0,753.0,5,0
2026-03-21 17:00:00,18154.728123,32.6,32,13.8,31.9,14.6,0,0.0,597.0,5,0
2026-03-21 18:00:00,18121.02418,32.2,32,13.4,31.0,15.4,0,0.0,400.0,5,0
2026-03-21 19:00:00,17304.625388,30.6,34,12.9,29.6,13.4,0,0.0,186.0,5,0
2026-03-21 20:00:00,16766.342118,29.0,35,11.9,27.6,14.2,0,0.0,23.0,5,0
2026-03-21 21:00:00,16003.793557,28.1,34,10.8,26.0,16.3,0,0.0,0.0,5,0
2026-03-21 22:00:00,15068.621646,27.6,34,10.4,25.2,17.5,0,0.0,0.0,5,0
2026-03-21 23:00:00,14044.144987,27.1,34,10.1,24.6,17.8,0,0.0,0.0,5,0
2026-03-22 00:00:00,13038.484132,26.5,36,10.2,24.0,17.8,0,0.0,0.0,6,0
2026-03-22 01:00:00,12180.144624,24.5,46,12.2,22.6,17.9,0,0.0,0.0,6,0
2026-03-22 02:00:00,11557.518795,23.1,50,12.2,21.3,16.7,0,0.0,0.0,6,0
2026-03-22 03:00:00,11051.278532,22.2,54,12.4,20.5,16.6,0,0.0,0.0,6,0
2026-03-22 04:00:00,10770.496221,21.5,58,12.9,20.1,16.4,0,0.0,0.0,6,0
2026-03-22 05:00:00,10670.273454,21.0,61,13.1,19.8,15.4,0,0.0,0.0,6,0
2026-03-22 06:00:00,10777.125758,20.5,63,13.1,19.4,13.7,0,0.0,0.0,6,0
2026-03-22 07:00:00,10917.676129,19.6,63,12.2,17.9,16.6,0,0.0,0.0,6,0
2026-03-22 08:00:00,11434.639295,18.9,65,12.1,17.3,15.7,0,0.0,11.0,6,0
2026-03-22 09:00:00,12233.514435,20.2,61,12.4,19.2,12.2,0,0.0,154.0,6,0
2026-03-22 10:00:00,12935.240991,22.3,54,12.6,21.0,14.7,0,0.0,370.0,6,0
2026-03-22 11:00:00,13693.067389,24.6,47,12.7,23.1,17.1,0,0.0,575.0,6,0
2026-03-22 12:00:00,14546.655511,27.2,40,12.3,26.1,18.6,0,0.0,738.0,6,0
2026-03-22 13:00:00,15570.878523,30.2,31,11.4,29.5,18.1,0,0.0,846.0,6,0
2026-03-22 14:00:00,16585.48337,32.5,26,10.3,31.3,20.4,0,0.0,888.0,6,0
2026-03-22 15:00:00,17531.602311,33.5,23,9.7,31.9,20.6,0,0.0,859.0,6,0
2026-03-22 16:00:00,18302.797272,33.8,22,9.0,31.4,22.0,0,0.0,762.0,6,0
2026-03-22 17:00:00,18833.372348,33.8,20,7.4,30.2,21.7,9,0.0,606.0,6,0
2026-03-22 18:00:00,18742.573525,33.5,19,6.5,29.9,19.1,2,0.0,408.0,6,0
2026-03-22 19:00:00,18028.536262,31.9,21,6.8,28.7,16.6,24,0.0,191.0,6,0
2026-03-22 20:00:00,17507.628155,29.6,25,7.3,26.6,15.9,77,0.0,24.0,6,0
2026-03-22 21:00:00,16518.123672,28.2,27,7.7,26.1,10.3,0,0.0,0.0,6,0
2026-03-22 22:00:00,15178.651199,26.0,33,8.6,24.3,8.6,0,0.0,0.0,6,0
2026-03-22 23:00:00,13622.353729,23.2,45,10.6,21.0,16.6,20,0.0,0.0,6,0
2026-03-23 00:00:00,12361.030489,21.7,49,10.4,19.5,16.0,77,0.0,0.0,0,0
2026-03-23 01:00:00,11478.966054,20.2,53,10.3,18.3,14.1,96,0.0,0.0,0,0
2026-03-23 02:00:00,10901.168908,19.6,53,9.8,17.7,12.8,90,0.0,0.0,0,0
2026-03-23 03:00:00,10529.18063,19.0,53,9.2,16.6,14.7,41,0.0,0.0,0,0
2026-03-23 04:00:00,10532.599228,18.0,54,8.5,15.6,13.6,93,0.0,0.0,0,0
2026-03-23 05:00:00,10961.274997,17.2,54,7.9,14.7,13.5,73,0.0,0.0,0,0
2026-03-23 06:00:00,11896.733291,16.6,54,7.3,14.0,13.7,55,0.0,0.0,0,0
2026-03-23 07:00:00,12332.555849,15.1,60,7.3,12.7,12.1,17,0.0,0.0,0,0
2026-03-23 08:00:00,12524.152779,14.6,61,7.2,12.1,12.3,13,0.0,12.0,0,0
2026-03-23 09:00:00,12811.425376,15.6,57,7.1,12.9,13.2,13,0.0,152.0,0,0
2026-03-23 10:00:00,13061.894436,17.0,53,7.3,14.4,13.6,9,0.0,363.0,0,0
2026-03-23 11:00:00,13342.073219,18.9,49,7.9,16.5,12.6,41,0.0,561.0,0,0
2026-03-23 12:00:00,13676.901013,20.9,45,8.6,19.8,11.3,42,0.0,716.0,0,0
2026-03-23 13:00:00,14062.721053,22.0,45,9.6,22.3,8.0,57,0.0,825.0,0,0
2026-03-23 14:00:00,14654.938805,23.7,43,10.4,24.8,6.4,47,0.0,862.0,0,0
2026-03-23 15:00:00,15279.4477,24.9,42,11.1,26.1,5.8,0,0.0,834.0,0,0
2026-03-23 16:00:00,15953.76581,25.5,42,11.6,26.6,4.6,0,0.0,741.0,0,0
2026-03-23 17:00:00,16465.076222,25.8,42,11.9,26.2,2.9,0,0.0,587.0,0,0
2026-03-23 18:00:00,16355.509832,25.7,42,12.0,26.2,0.9,0,0.0,393.0,0,0
2026-03-23 19:00:00,15443.779961,25.2,42,11.4,25.2,3.0,0,0.0,184.0,0,0
2026-03-23 20:00:00,15180.101704,23.1,56,13.8,23.9,3.2,0,0.0,23.0,0,0
2026-03-23 21:00:00,14338.346214,22.0,56,13.0,22.3,4.5,0,0.0,0.0,0,0
2026-03-23 22:00:00,13121.662105,21.3,57,12.5,21.3,5.6,48,0.0,0.0,0,0
2026-03-23 23:00:00,12039.144599,20.1,63,13.0,20.4,4.6,92,0.0,0.0,0,0
2026-03-24 00:00:00,11424.214254,19.5,65,12.8,19.4,6.1,40,0.0,0.0,1,0
2026-03-24 01:00:00,10809.443201,17.9,73,12.9,18.2,4.0,41,0.0,0.0,1,0
2026-03-24 02:00:00,10397.090919,17.0,79,13.2,17.6,3.1,97,0.0,0.0,1,0
2026-03-24 03:00:00,10215.5933,16.5,83,13.7,17.1,4.2,76,0.0,0.0,1,0
2026-03-24 04:00:00,10311.364465,17.1,77,13.0,17.2,6.5,100,0.0,0.0,1,0
2026-03-24 05:00:00,10863.227305,17.3,69,11.5,16.5,8.6,100,0.0,0.0,1,0
2026-03-24 06:00:00,11813.912696,17.0,67,10.8,16.0,8.7,100,0.0,0.0,1,0
2026-03-24 07:00:00,12241.483897,16.2,66,9.9,14.6,11.1,100,0.0,0.0,1,0
2026-03-24 08:00:00,12392.554565,16.1,67,10.0,14.7,10.1,100,0.0,8.0,1,0
2026-03-24 09:00:00,12816.21918,17.1,66,10.7,16.4,6.3,99,0.0,92.0,1,0
2026-03-24 10:00:00,13173.853079,19.3,63,12.2,19.0,6.9,96,0.3,299.0,1,0
2026-03-24 11:00:00,13590.975605,21.8,58,13.1,21.4,9.0,0,0.0,477.0,1,0
2026-03-24 12:00:00,14028.284626,24.4,51,13.6,25.0,10.2,1,0.0,716.0,1,0
2026-03-24 13:00:00,14777.208982,25.1,49,13.8,26.5,9.6,0,0.0,820.0,1,0
2026-03-24 14:00:00,15486.962648,27.1,42,13.3,28.2,12.0,0,0.0,859.0,1,0
2026-03-24 15:00:00,16285.969928,28.3,38,12.8,29.0,12.3,0,0.0,832.0,1,0
2026-03-24 16:00:00,16972.355185,28.7,37,12.7,28.7,12.8,56,0.0,738.0,1,0
2026-03-24 17:00:00,17384.88035,28.6,37,12.6,27.7,13.4,52,0.0,587.0,1,0
2026-03-24 18:00:00,17198.313451,28.0,38,12.6,26.8,14.2,88,0.0,396.0,1,0
2026-03-24 19:00:00,16668.806792,27.1,39,11.9,25.8,13.1,9,0.0,182.0,1,0
2026-03-24 20:00:00,16431.612557,25.7,42,11.9,24.9,9.8,0,0.0,24.0,1,0
2026-03-24 21:00:00,15789.005114,24.7,45,12.1,23.9,9.6,43,0.0,0.0,1,0
2026-03-24 22:00:00,14751.60118,23.6,51,12.8,23.0,10.0,3,0.0,0.0,1,0
2026-03-24 23:00:00,13507.359277,23.0,54,13.2,22.6,9.3,3,0.0,0.0,1,0
2026-03-25 00:00:00,12480.268625,22.7,55,13.1,21.9,12.1,23,0.0,0.0,2,0
2026-03-25 01:00:00,11731.716752,21.5,62,13.8,20.9,12.3,57,0.0,0.0,2,0
2026-03-25 02:00:00,11256.073818,20.8,64,13.8,20.3,11.7,76,0.0,0.0,2,0
2026-03-25 03:00:00,10988.398425,20.3,66,13.8,19.8,11.5,75,0.0,0.0,2,0
2026-03-25 04:00:00,10982.598432,19.9,69,14.1,19.7,10.5,91,0.0,0.0,2,0
2026-03-25 05:00:00,11540.662938,19.6,73,14.6,19.6,10.7,87,0.0,0.0,2,0
2026-03-25 06:00:00,12577.129125,19.2,78,15.2,19.4,11.0,78,0.0,0.0,2,0
2026-03-25 07:00:00,13116.930126,18.5,86,16.2,19.1,11.2,92,0.0,0.0,2,0
2026-03-25 08:00:00,13251.615538,18.5,89,16.6,19.1,11.5,98,0.0,13.0,2,0
2026-03-25 09:00:00,13674.867849,19.8,84,17.0,19.7,17.5,100,0.0,150.0,2,0
2026-03-25 10:00:00,14147.890014,20.9,78,17.0,20.9,16.8,49,0.0,262.0,2,0
2026-03-25 11:00:00,14567.92565,23.1,66,16.5,23.1,15.8,32,0.0,464.0,2,0
2026-03-25 12:00:00,15126.605262,25.2,58,16.3,26.1,14.2,16,0.0,688.0,2,0
2026-03-25 13:00:00,15868.747828,26.5,52,15.8,27.6,15.6,21,0.0,807.0,2,0
2026-03-25 14:00:00,16681.227149,28.1,46,15.5,29.3,15.3,2,0.0,839.0,2,0
2026-03-25 15:00:00,17515.739007,29.3,43,15.2,30.3,15.5,5,0.0,831.0,2,0
2026-03-25 16:00:00,18215.989375,29.5,43,15.4,29.8,17.0,5,0.0,735.0,2,0
2026-03-25 17:00:00,18565.033988,29.4,43,15.3,28.8,17.2,0,0.0,587.0,2,0
2026-03-25 18:00:00,18380.881258,29.4,41,14.9,28.5,17.6,0,0.0,397.0,2,0
2026-03-25 19:00:00,17889.937619,27.5,49,15.7,26.8,17.7,2,0.0,188.0,2,0
2026-03-25 20:00:00,17548.360082,26.5,51,15.4,26.9,9.6,0,0.0,25.0,2,0
2026-03-25 21:00:00,16753.6982,25.9,52,15.2,25.9,11.6,0,0.0,0.0,2,0
2026-03-25 22:00:00,15444.851543,25.0,54,15.1,25.1,11.4,0,0.0,0.0,2,0
2026-03-25 23:00:00,14017.446758,24.1,57,15.2,24.3,11.0,0,0.0,0.0,2,0
2026-03-26 00:00:00,12920.884075,23.6,59,15.0,23.5,12.3,0,0.0,0.0,3,0
2026-03-26 01:00:00,12096.128275,22.4,65,15.4,22.2,13.6,0,0.0,0.0,3,0
2026-03-26 02:00:00,11648.082747,22.1,66,15.6,22.0,13.7,0,0.0,0.0,3,0
2026-03-26 03:00:00,11344.15736,21.6,70,15.9,21.6,14.4,0,0.0,0.0,3,0
2026-03-26 04:00:00,11332.687265,21.0,74,16.2,21.1,14.6,0,0.0,0.0,3,0
2026-03-26 05:00:00,11848.395272,20.5,78,16.5,20.6,14.4,0,0.0,0.0,3,0
2026-03-26 06:00:00,12852.269399,19.9,81,16.6,20.1,14.3,0,0.0,0.0,3,0
2026-03-26 07:00:00,13283.254114,19.0,86,16.6,19.4,13.9,0,0.0,0.0,3,0
2026-03-26 08:00:00,13467.558874,19.0,86,16.6,19.2,14.6,3,0.0,15.0,3,0
2026-03-26 09:00:00,13783.711267,20.4,80,16.7,19.8,20.0,38,0.0,162.0,3,0
2026-03-26 10:00:00,14217.497146,22.8,67,16.3,21.8,21.4,91,0.0,346.0,3,0
2026-03-26 11:00:00,14852.890815,24.2,62,16.6,24.0,17.5,5,0.0,557.0,3,0
2026-03-26 12:00:00,15523.43715,26.0,56,16.6,26.5,18.5,5,0.0,719.0,3,0
2026-03-26 13:00:00,16371.432772,27.6,49,16.1,28.4,18.8,0,0.0,832.0,3,0
2026-03-26 14:00:00,17157.443445,29.1,45,15.9,30.0,19.3,2,0.0,877.0,3,0
2026-03-26 15:00:00,17858.671084,29.9,43,15.9,30.4,19.6,2,0.0,833.0,3,0
2026-03-26 16:00:00,18559.818143,30.4,40,15.4,30.3,20.0,1,0.0,748.0,3,0
2026-03-26 17:00:00,18887.611742,30.2,39,14.8,28.9,21.1,0,0.0,599.0,3,0
2026-03-26 18:00:00,18717.486854,30.0,38,14.0,28.3,21.1,0,0.0,406.0,3,0
2026-03-26 19:00:00,17991.620744,29.0,39,13.6,27.6,17.5,0,0.0,194.0,3,0
2026-03-26 20:00:00,17603.588135,27.6,43,14.1,26.8,15.0,0,0.0,27.0,3,0
2026-03-26 21:00:00,16858.082123,26.6,46,14.0,25.7,15.4,0,0.0,0.0,3,0
2026-03-26 22:00:00,15578.043975,26.0,48,14.1,24.9,16.5,0,0.0,0.0,3,0
2026-03-26 23:00:00,14254.367656,25.1,51,14.1,24.2,16.0,0,0.0,0.0,3,0
2026-03-27 00:00:00,13230.790003,24.5,51,13.8,23.1,17.3,0,0.0,0.0,4,0
2026-03-27 01:00:00,12363.837487,23.2,57,14.2,22.0,17.3,0,0.0,0.0,4,0
2026-03-27 02:00:00,11763.046271,22.4,61,14.4,21.2,17.6,0,0.0,0.0,4,0
2026-03-27 03:00:00,11394.337029,21.3,66,14.8,20.3,17.5,0,0.0,0.0,4,0
2026-03-27 04:00:00,11216.479478,20.5,71,15.1,20.0,14.8,0,0.0,0.0,4,0
2026-03-27 05:00:00,11632.188219,19.9,74,15.1,19.9,11.8,0,0.0,0.0,4,0
2026-03-27 06:00:00,12477.002829,18.9,81,15.6,20.2,3.8,0,0.0,0.0,4,0
2026-03-27 07:00:00,13012.618775,18.5,81,15.2,18.9,9.3,0,0.0,0.0,4,0
2026-03-27 08:00:00,13215.774935,18.6,81,15.4,19.0,9.9,0,0.0,17.0,4,0
2026-03-27 09:00:00,13823.703261,20.1,76,15.8,20.6,10.3,0,0.0,164.0,4,0
2026-03-27 10:00:00,14373.729702,22.2,69,16.1,23.4,6.3,0,0.0,373.0,4,0
2026-03-27 11:00:00,14556.597469,24.3,60,15.9,25.4,7.3,100,0.0,570.0,4,0
2026-03-27 12:00:00,14501.531578,23.8,62,16.1,24.0,13.2,100,0.0,353.0,4,0
2026-03-27 13:00:00,14265.267474,20.8,72,15.6,19.7,20.7,100,0.0,272.0,4,0
2026-03-27 14:00:00,13892.670333,17.5,70,12.0,15.2,19.8,100,0.3,156.0,4,0
2026-03-27 15:00:00,13561.391381,17.3,63,10.2,14.2,21.9,100,0.0,245.0,4,0
2026-03-27 16:00:00,13366.854366,17.2,63,10.1,14.1,22.0,100,0.0,261.0,4,0
2026-03-27 17:00:00,13147.886748,16.2,66,9.9,13.0,22.6,100,0.0,160.0,4,0
2026-03-27 18:00:00,13024.828636,15.3,68,9.4,11.8,22.8,100,0.0,90.0,4,0
2026-03-27 19:00:00,13027.272559,14.1,69,8.4,10.6,21.0,100,0.0,33.0,4,0
2026-03-27 20:00:00,13043.464605,13.6,67,7.6,10.1,19.4,100,0.0,4.0,4,0
2026-03-27 21:00:00,12756.089078,13.0,68,7.2,9.6,18.2,100,0.2,0.0,4,0
2026-03-27 22:00:00,12160.065034,12.6,72,7.7,9.8,15.2,100,0.1,0.0,4,0
2026-03-27 23:00:00,11468.571393,12.6,72,7.7,9.3,18.2,100,0.0,0.0,4,0
2026-03-28 00:00:00,10934.314249,12.3,70,7.1,8.9,18.4,100,0.1,0.0,5,0
2026-03-28 01:00:00,10489.012455,13.4,54,4.3,9.3,18.2,100,0.1,0.0,5,0
2026-03-28 02:00:00,10096.976529,13.1,55,4.2,8.9,18.7,100,0.0,0.0,5,0
2026-03-28 03:00:00,9944.346917,12.6,58,4.6,8.9,16.1,100,0.0,0.0,5,0
2026-03-28 04:00:00,9919.890576,12.1,62,5.1,8.6,15.5,100,0.2,0.0,5,0
2026-03-28 05:00:00,10166.071791,11.7,65,5.3,8.4,14.5,100,0.3,0.0,5,0
2026-03-28 06:00:00,10633.780973,11.6,65,5.2,8.5,13.1,100,0.1,0.0,5,0
2026-03-28 07:00:00,11143.015708,11.1,74,6.6,8.5,11.8,100,0.0,0.0,5,0
2026-03-28 08:00:00,11735.337265,11.2,68,5.5,8.1,13.9,100,0.0,4.0,5,0
2026-03-28 09:00:00,12251.08409,11.5,65,5.1,8.5,12.5,100,0.0,46.0,5,0
2026-03-28 10:00:00,12581.208696,12.0,62,4.8,9.1,11.6,100,0.0,92.0,5,0
2026-03-28 11:00:00,12573.638001,12.8,57,4.4,9.9,10.3,100,0.0,145.0,5,0
2026-03-28 12:00:00,12495.579516,13.3,53,3.8,10.6,8.3,100,0.0,198.0,5,0
2026-03-28 13:00:00,12231.263011,13.0,52,3.4,10.5,6.5,100,0.0,312.0,5,0
2026-03-28 14:00:00,12073.191252,14.0,49,3.5,11.8,4.9,100,0.0,332.0,5,0
2026-03-28 15:00:00,12018.523108,14.1,50,3.8,11.9,4.7,100,0.0,251.0,5,0
2026-03-28 16:00:00,12000.313476,14.1,51,4.0,12.2,3.6,100,0.0,198.0,5,0
2026-03-28 17:00:00,11948.379079,15.0,49,4.3,13.2,3.1,95,0.0,303.0,5,0
2026-03-28 18:00:00,11949.818476,15.1,49,4.5,13.1,4.4,64,0.0,204.0,5,0
2026-03-28 19:00:00,12187.034053,14.2,49,3.7,11.9,5.9,60,0.0,115.0,5,0
2026-03-28 20:00:00,12453.083897,13.9,51,3.8,11.6,5.9,45,0.0,23.0,5,0
2026-03-28 21:00:00,12297.752475,13.7,53,4.3,11.4,6.5,48,0.0,0.0,5,0
2026-03-28 22:00:00,11856.201441,13.6,55,4.7,11.4,6.0,55,0.0,0.0,5,0
2026-03-28 23:00:00,11373.613116,13.4,58,5.3,11.5,4.9,5,0.0,0.0,5,0
2026-03-29 00:00:00,10997.189991,12.6,65,6.3,11.2,3.8,4,0.0,0.0,6,0
2026-03-29 01:00:00,10758.617876,11.8,62,4.7,9.6,5.9,5,0.0,0.0,6,0
2026-03-29 02:00:00,10538.582029,11.4,62,4.4,9.1,6.9,0,0.0,0.0,6,0
2026-03-29 03:00:00,10433.783419,11.1,64,4.6,8.9,6.3,0,0.0,0.0,6,0
2026-03-29 04:00:00,10437.578933,10.9,67,5.1,8.8,6.3,0,0.0,0.0,6,0
2026-03-29 05:00:00,10612.044471,10.9,71,5.8,8.9,6.5,6,0.0,0.0,6,0
2026-03-29 06:00:00,10979.476303,10.8,73,6.2,8.9,6.1,0,0.0,0.0,6,0
2026-03-29 07:00:00,11471.592397,11.4,67,5.6,9.1,8.3,0,0.0,0.0,6,0
2026-03-29 08:00:00,11866.097256,11.4,68,5.8,9.1,8.7,0,0.0,20.0,6,0
2026-03-29 09:00:00,12043.009062,13.4,64,6.8,11.4,8.3,0,0.0,176.0,6,0
2026-03-29 10:00:00,12119.392092,15.9,58,7.7,13.9,9.9,0,0.0,389.0,6,0
2026-03-29 11:00:00,12157.383245,18.5,54,9.1,16.8,11.6,0,0.0,588.0,6,0
2026-03-29 12:00:00,12314.779144,21.0,50,10.2,20.2,13.5,0,0.0,748.0,6,0
2026-03-29 13:00:00,12539.107157,24.4,44,11.4,23.9,16.6,0,0.0,851.0,6,0
2026-03-29 14:00:00,12952.811601,26.0,41,11.8,25.4,19.3,0,0.0,891.0,6,0
2026-03-29 15:00:00,13489.504271,26.8,38,11.2,25.8,20.2,0,0.0,862.0,6,0
2026-03-29 16:00:00,14086.196727,27.0,37,10.9,25.3,20.9,0,0.0,766.0,6,0
2026-03-29 17:00:00,14757.924706,27.0,37,10.9,24.6,20.7,0,0.0,613.0,6,0
2026-03-29 18:00:00,15068.749711,26.6,38,11.1,24.0,20.2,0,0.0,416.0,6,0
2026-03-29 19:00:00,14996.898074,26.0,39,11.1,23.8,16.6,0,0.0,201.0,6,0
2026-03-29 20:00:00,15264.50445,24.8,43,11.4,23.1,14.6,0,0.0,30.0,6,0
2026-03-29 21:00:00,14785.197607,23.9,47,11.9,22.4,14.2,0,0.0,0.0,6,0
2026-03-29 22:00:00,13821.828461,23.2,49,11.9,21.6,14.8,0,0.0,0.0,6,0
2026-03-29 23:00:00,12716.764218,22.6,50,11.8,21.2,13.9,0,0.0,0.0,6,0
2026-03-30 00:00:00,11821.307476,22.0,52,11.8,20.6,14.1,0,0.0,0.0,0,0
2026-03-30 01:00:00,11149.909466,21.1,59,12.8,19.8,15.1,0,0.0,0.0,0,0
2026-03-30 02:00:00,10778.404471,20.6,63,13.2,19.3,16.0,0,0.0,0.0,0,0
2026-03-30 03:00:00,10614.40078,19.9,67,13.6,18.7,16.4,0,0.0,0.0,0,0
2026-03-30 04:00:00,10748.87366,19.1,73,14.3,18.1,16.7,0,0.0,0.0,0,0
2026-03-30 05:00:00,11406.815572,18.5,79,14.9,17.9,15.8,0,0.0,0.0,0,0
2026-03-30 06:00:00,12433.839629,18.0,85,15.4,17.6,14.8,4,0.0,0.0,0,0
2026-03-30 07:00:00,13106.169862,17.9,87,15.8,17.8,13.9,100,0.0,0.0,0,0
2026-03-30 08:00:00,13385.406245,18.6,85,16.1,18.8,13.7,100,0.0,15.0,0,0
2026-03-30 09:00:00,13665.045574,19.6,81,16.3,18.5,22.6,100,0.0,92.0,0,0
2026-03-30 10:00:00,14084.404967,21.0,74,16.1,19.8,22.3,98,0.0,196.0,0,0
2026-03-30 11:00:00,14500.585248,22.9,65,15.9,21.6,22.1,72,0.0,413.0,0,0
2026-03-30 12:00:00,14961.375332,25.0,55,15.2,23.9,22.6,52,0.0,640.0,0,0
2026-03-30 13:00:00,15567.541299,26.5,49,14.9,26.1,21.2,10,0.0,766.0,0,0
2026-03-30 14:00:00,16139.737174,27.5,45,14.4,27.4,21.1,9,0.0,864.0,0,0
2026-03-30 15:00:00,16684.291778,28.4,41,13.9,28.0,20.9,4,0.0,849.0,0,0
2026-03-30 16:00:00,17286.089111,28.6,40,13.6,27.8,20.5,7,0.0,758.0,0,0
2026-03-30 17:00:00,17794.01967,28.9,38,13.1,27.2,20.5,9,0.0,612.0,0,0
2026-03-30 18:00:00,17748.219223,28.8,36,12.3,26.4,20.7,2,0.0,412.0,0,0
2026-03-30 19:00:00,17294.624202,27.6,42,13.6,26.1,18.2,5,0.0,201.0,0,0
2026-03-30 20:00:00,17185.06993,26.0,47,13.8,24.7,16.8,2,0.0,31.0,0,0
2026-03-30 21:00:00,16480.091661,24.9,49,13.6,23.7,16.3,97,0.0,0.0,0,0
2026-03-30 22:00:00,15268.50105,24.2,51,13.4,22.8,17.5,100,0.0,0.0,0,0
2026-03-30 23:00:00,13927.473072,24.0,51,13.1,22.5,16.7,100,0.0,0.0,0,0
2026-03-31 00:00:00,12902.112001,23.5,53,13.3,21.9,17.8,98,0.0,0.0,1,1
2026-03-31 01:00:00,12108.94572,22.4,58,13.6,20.9,18.5,100,0.0,0.0,1,1
2026-03-31 02:00:00,11547.942009,21.5,61,13.7,20.1,18.4,100,0.0,0.0,1,1
2026-03-31 03:00:00,11242.100896,20.7,64,13.6,19.1,18.9,100,0.0,0.0,1,1
2026-03-31 04:00:00,11337.387098,20.0,68,13.9,18.4,18.9,94,0.0,0.0,1,1
2026-03-31 05:00:00,11889.812895,19.2,74,14.4,18.0,18.5,0,0.0,0.0,1,1
2026-03-31 06:00:00,12875.568827,18.6,81,15.2,18.0,16.6,3,0.0,0.0,1,1
2026-03-31 07:00:00,13346.412236,18.8,85,16.2,18.5,16.6,74,0.0,0.0,1,1
2026-03-31 08:00:00,13568.518256,18.9,86,16.5,18.8,16.2,100,0.0,23.0,1,1
2026-03-31 09:00:00,13956.889385,20.2,80,16.6,19.2,23.0,99,0.0,179.0,1,1
2026-03-31 10:00:00,14427.15964,22.0,67,15.7,20.7,22.9,100,0.0,314.0,1,1
2026-03-31 11:00:00,14885.284754,24.0,58,15.4,23.0,19.6,100,0.0,527.0,1,1
2026-03-31 12:00:00,15377.72811,25.6,52,15.1,25.2,20.2,100,0.0,710.0,1,1
2026-03-31 13:00:00,15965.162934,26.5,48,14.8,26.7,19.1,100,0.0,822.0,1,1
2026-03-31 14:00:00,16591.007559,28.0,44,14.4,27.9,19.5,100,0.0,819.0,1,1
2026-03-31 15:00:00,17246.688928,29.1,39,13.6,28.8,20.2,97,0.0,842.0,1,1
2026-03-31 16:00:00,17900.334582,30.1,34,12.4,29.0,20.0,6,0.0,755.0,1,1
2026-03-31 17:00:00,18293.092412,29.8,33,11.8,27.4,22.3,0,0.0,610.0,1,1
2026-03-31 18:00:00,18215.427188,29.8,32,11.2,27.1,21.0,1,0.0,418.0,1,1
2026-03-31 19:00:00,17717.307323,28.8,38,12.9,27.0,18.6,20,0.0,204.0,1,1
2026-03-31 20:00:00,17536.730295,27.2,42,13.1,26.0,15.0,100,0.0,32.0,1,1
2026-03-31 21:00:00,16888.203257,26.0,46,13.4,25.5,11.4,100,0.0,0.0,1,1
2026-03-31 22:00:00,15777.460804,25.4,48,13.4,24.7,11.8,100,0.0,0.0,1,1
2026-03-31 23:00:00,14500.376445,25.0,49,13.5,24.1,13.3,98,0.0,0.0,1,1
