latitude,longitude,elevation,utc_offset_seconds,timezone,timezone_abbreviation
32.864674,-97.05017,186.0,-18000,America/Chicago,GMT-5

time,temperature_2m (°C),relative_humidity_2m (%),dew_point_2m (°C),apparent_temperature (°C),wind_speed_10m (km/h),cloud_cover (%),precipitation (mm),shortwave_radiation (W/m²)
2023-01-01T00:00,16.4,54,6.9,12.7,19.4,0,0.00,0.0
2023-01-01T01:00,15.6,56,6.8,12.2,17.7,39,0.00,0.0
2023-01-01T02:00,14.8,60,6.9,11.5,16.7,0,0.00,0.0
2023-01-01T03:00,14.3,61,6.9,11.0,17.6,6,0.00,0.0
2023-01-01T04:00,14.1,61,6.8,10.6,18.5,2,0.00,0.0
2023-01-01T05:00,13.9,62,6.8,10.7,16.8,2,0.00,0.0
2023-01-01T06:00,13.8,62,6.7,10.5,16.8,23,0.00,0.0
2023-01-01T07:00,14.6,62,7.4,11.4,16.8,99,0.00,0.0
2023-01-01T08:00,14.3,65,7.7,11.1,17.8,100,0.00,0.0
2023-01-01T09:00,14.8,65,8.3,11.4,20.0,99,0.00,6.0
2023-01-01T10:00,16.2,64,9.4,12.8,22.1,98,0.00,90.0
2023-01-01T11:00,18.4,62,10.9,15.8,20.0,100,0.00,274.0
2023-01-01T12:00,20.1,58,11.8,17.6,21.1,98,0.00,410.0
2023-01-01T13:00,21.5,55,12.1,19.1,20.7,93,0.00,481.0
2023-01-01T14:00,22.6,53,12.6,20.4,20.7,93,0.00,554.0
2023-01-01T15:00,23.1,53,12.9,21.0,20.5,100,0.00,521.0
2023-01-01T16:00,23.0,54,13.2,21.1,19.8,100,0.00,404.0
2023-01-01T17:00,22.5,57,13.5,20.9,18.8,99,0.00,283.0
2023-01-01T18:00,21.0,66,14.4,20.2,15.2,100,0.00,126.0
2023-01-01T19:00,19.1,70,13.6,18.1,15.5,100,0.00,10.0
2023-01-01T20:00,19.0,74,14.4,18.1,16.6,100,0.00,0.0
2023-01-01T21:00,18.7,81,15.4,17.9,17.8,100,0.00,0.0
2023-01-01T22:00,18.4,87,16.2,17.9,18.6,100,0.00,0.0
2023-01-01T23:00,18.0,91,16.5,17.8,17.4,100,0.00,0.0
2023-01-02T00:00,17.8,93,16.7,17.7,16.7,99,0.00,0.0
2023-01-02T01:00,17.5,93,16.4,17.5,15.2,97,0.00,0.0
2023-01-02T02:00,17.1,94,16.1,17.1,14.8,92,0.00,0.0
2023-01-02T03:00,17.0,95,16.3,17.0,15.2,100,0.00,0.0
2023-01-02T04:00,17.7,97,17.2,17.8,16.6,100,0.00,0.0
2023-01-02T05:00,18.5,96,17.8,18.7,17.5,100,0.00,0.0
2023-01-02T06:00,18.3,97,17.8,19.6,10.0,100,0.10,0.0
2023-01-02T07:00,19.5,91,18.0,18.6,26.3,100,0.00,0.0
2023-01-02T08:00,19.5,94,18.5,19.5,21.1,100,0.10,0.0
2023-01-02T09:00,19.9,93,18.8,19.8,22.6,100,0.10,2.0
2023-01-02T10:00,20.7,91,19.2,20.6,24.5,100,0.10,30.0
2023-01-02T11:00,21.4,86,19.0,20.3,30.6,84,0.00,43.0
2023-01-02T12:00,21.2,87,19.0,20.7,27.0,85,0.20,143.0
2023-01-02T13:00,22.6,81,19.1,22.4,25.3,87,0.00,319.0
2023-01-02T14:00,24.0,74,19.0,23.3,28.1,100,0.30,517.0
2023-01-02T15:00,22.0,84,19.1,22.4,20.2,53,3.80,172.0
2023-01-02T16:00,22.0,82,18.8,21.9,23.1,100,0.70,279.0
2023-01-02T17:00,20.0,95,19.2,20.8,18.4,100,0.90,104.0
2023-01-02T18:00,19.8,92,18.4,19.2,25.5,88,0.00,50.0
2023-01-02T19:00,19.5,94,18.4,20.3,15.5,100,0.00,7.0
2023-01-02T20:00,21.0,86,18.6,21.1,21.6,98,0.00,0.0
2023-01-02T21:00,20.7,74,15.9,20.1,17.8,35,0.00,0.0
2023-01-02T22:00,20.2,80,16.7,20.1,16.7,17,0.00,0.0
2023-01-02T23:00,19.6,83,16.6,19.1,19.9,58,0.20,0.0
2023-01-03T00:00,19.5,66,12.9,17.7,19.1,20,0.00,0.0
2023-01-03T01:00,18.0,47,6.6,14.4,18.4,31,0.00,0.0
2023-01-03T02:00,16.4,36,1.4,12.1,16.2,48,0.00,0.0
2023-01-03T03:00,15.6,34,-0.2,10.6,19.5,80,0.00,0.0
2023-01-03T04:00,14.4,34,-1.1,9.9,14.6,86,0.00,0.0
2023-01-03T05:00,13.5,37,-1.1,9.6,10.8,100,0.00,0.0
2023-01-03T06:00,13.8,36,-0.9,10.3,8.5,60,0.00,0.0
2023-01-03T07:00,13.3,39,-0.3,9.5,11.3,99,0.00,0.0
2023-01-03T08:00,11.9,43,-0.1,8.1,11.5,62,0.00,0.0
2023-01-03T09:00,11.8,45,0.3,7.9,12.5,48,0.00,8.0
2023-01-03T10:00,13.7,44,1.8,9.9,13.8,35,0.00,131.0
2023-01-03T11:00,15.9,39,2.0,12.2,12.8,23,0.00,299.0
2023-01-03T12:00,17.6,35,1.8,13.5,15.7,96,0.00,459.0
2023-01-03T13:00,18.2,30,0.3,13.1,20.9,50,0.00,488.0
2023-01-03T14:00,18.7,30,0.9,14.0,19.1,97,0.00,561.0
2023-01-03T15:00,19.0,27,-0.3,13.9,20.5,67,0.00,533.0
2023-01-03T16:00,19.0,25,-1.6,13.9,18.2,29,0.00,440.0
2023-01-03T17:00,18.4,26,-1.4,13.5,17.6,27,0.00,320.0
2023-01-03T18:00,16.5,35,0.8,13.3,7.9,29,0.00,146.0
2023-01-03T19:00,13.1,46,1.8,10.2,7.1,6,0.00,13.0
2023-01-03T20:00,13.1,46,1.9,10.2,7.7,95,0.00,0.0
2023-01-03T21:00,11.9,48,1.3,9.0,6.2,95,0.00,0.0
2023-01-03T22:00,11.4,49,0.9,8.0,9.3,91,0.00,0.0
2023-01-03T23:00,9.6,57,1.6,6.9,6.2,0,0.00,0.0
2023-01-04T00:00,8.6,63,2.0,5.9,6.5,0,0.00,0.0
2023-01-04T01:00,6.8,73,2.3,4.0,7.6,0,0.00,0.0
2023-01-04T02:00,6.6,75,2.5,3.8,7.6,0,0.00,0.0
2023-01-04T03:00,6.0,77,2.2,3.3,6.5,0,0.00,0.0
2023-01-04T04:00,5.2,80,2.0,2.4,6.7,0,0.00,0.0
2023-01-04T05:00,4.9,80,1.8,2.1,6.8,0,0.00,0.0
2023-01-04T06:00,4.1,84,1.5,1.2,6.9,0,0.00,0.0
2023-01-04T07:00,4.4,85,2.2,1.6,7.2,0,0.00,0.0
2023-01-04T08:00,3.2,89,1.5,-0.0,9.4,1,0.00,0.0
2023-01-04T09:00,4.2,84,1.8,1.1,8.3,0,0.00,9.0
2023-01-04T10:00,6.2,71,1.4,2.7,10.7,0,0.00,133.0
2023-01-04T11:00,7.7,63,1.1,4.3,9.6,0,0.00,309.0
2023-01-04T12:00,9.2,57,1.0,6.2,7.8,0,0.00,457.0
2023-01-04T13:00,10.5,53,1.3,8.1,3.3,0,0.00,554.0
2023-01-04T14:00,11.6,51,1.9,9.7,2.9,0,0.00,588.0
2023-01-04T15:00,12.6,49,2.2,10.2,4.8,0,0.00,559.0
2023-01-04T16:00,13.2,47,2.1,10.4,7.2,0,0.00,468.0
2023-01-04T17:00,13.2,46,1.8,10.2,7.9,29,0.00,325.0
2023-01-04T18:00,12.1,56,3.7,10.0,4.2,0,0.00,150.0
2023-01-04T19:00,9.6,62,2.8,6.9,7.4,0,0.00,14.0
2023-01-04T20:00,8.8,68,3.2,6.0,7.9,0,0.00,0.0
2023-01-04T21:00,7.7,73,3.1,5.0,7.6,0,0.00,0.0
2023-01-04T22:00,6.9,76,3.0,4.5,6.0,0,0.00,0.0
2023-01-04T23:00,6.8,76,2.9,3.8,9.5,0,0.00,0.0
2023-01-05T00:00,6.5,71,1.5,3.2,9.9,0,0.00,0.0
2023-01-05T01:00,4.9,76,1.0,1.8,7.6,0,0.00,0.0
2023-01-05T02:00,3.8,82,0.9,0.6,8.4,0,0.00,0.0
2023-01-05T03:00,3.8,80,0.7,0.9,6.4,0,0.00,0.0
2023-01-05T04:00,3.7,77,0.1,0.4,8.0,0,0.00,0.0
2023-01-05T05:00,3.5,75,-0.4,0.1,8.5,0,0.00,0.0
2023-01-05T06:00,3.3,76,-0.6,-0.1,7.9,0,0.00,0.0
2023-01-05T07:00,3.5,74,-0.8,-0.1,9.4,0,0.00,0.0
2023-01-05T08:00,2.7,78,-0.8,-0.8,8.4,0,0.00,0.0
2023-01-05T09:00,2.8,77,-0.9,-0.7,8.7,0,0.00,9.0
2023-01-05T10:00,5.3,67,-0.2,1.8,9.7,0,0.00,135.0
2023-01-05T11:00,7.8,57,-0.2,5.0,4.3,74,0.00,316.0
2023-01-05T12:00,9.9,50,-0.2,7.2,3.6,98,0.00,461.0
2023-01-05T13:00,11.6,43,-0.4,8.7,5.5,0,0.00,539.0
2023-01-05T14:00,13.1,40,-0.2,10.0,8.3,0,0.00,599.0
2023-01-05T15:00,14.1,39,0.2,10.8,8.6,0,0.00,569.0
2023-01-05T16:00,14.4,38,0.1,11.4,5.9,0,0.00,476.0
2023-01-05T17:00,14.1,38,-0.1,11.3,5.1,0,0.00,331.0
2023-01-05T18:00,12.2,53,2.9,9.8,5.1,0,0.00,154.0
2023-01-05T19:00,13.4,32,-3.2,10.2,4.0,44,0.00,15.0
2023-01-05T20:00,12.4,35,-2.8,9.2,5.4,1,0.00,0.0
2023-01-05T21:00,8.4,54,-0.6,4.7,10.2,0,0.00,0.0
2023-01-05T22:00,7.5,60,0.3,4.1,9.3,10,0.00,0.0
2023-01-05T23:00,6.8,63,0.2,3.2,10.2,28,0.00,0.0
2023-01-06T00:00,6.8,60,-0.4,3.3,8.5,100,0.00,0.0
2023-01-06T01:00,6.2,64,0.0,2.8,9.4,95,0.00,0.0
2023-01-06T02:00,6.3,65,0.3,3.0,8.7,97,0.00,0.0
2023-01-06T03:00,7.4,60,0.2,4.0,9.0,44,0.00,0.0
2023-01-06T04:00,6.0,67,0.3,2.6,8.9,26,0.00,0.0
2023-01-06T05:00,5.2,73,0.8,1.9,9.6,87,0.00,0.0
2023-01-06T06:00,5.8,73,1.4,2.4,9.7,21,0.00,0.0
2023-01-06T07:00,6.1,74,1.8,2.7,10.9,11,0.00,0.0
2023-01-06T08:00,6.1,76,2.2,2.5,12.4,1,0.00,0.0
2023-01-06T09:00,6.8,75,2.7,3.1,14.2,0,0.00,8.0
2023-01-06T10:00,9.6,69,4.1,5.8,16.7,8,0.00,128.0
2023-01-06T11:00,12.3,64,5.6,8.8,16.4,1,0.00,298.0
2023-01-06T12:00,14.9,61,7.6,11.4,19.7,3,0.00,439.0
2023-01-06T13:00,17.1,63,10.1,13.7,23.3,27,0.00,532.0
2023-01-06T14:00,18.5,67,12.3,15.3,26.3,22,0.00,537.0
2023-01-06T15:00,18.8,67,12.6,15.9,25.2,29,0.00,532.0
2023-01-06T16:00,19.5,65,12.9,16.8,25.0,33,0.00,448.0
2023-01-06T17:00,19.5,65,12.7,16.5,26.5,26,0.00,314.0
2023-01-06T18:00,18.8,69,12.9,16.6,21.3,29,0.00,141.0
2023-01-06T19:00,17.9,77,13.8,16.3,19.3,19,0.00,15.0
2023-01-06T20:00,18.5,75,13.9,16.5,22.1,89,0.00,0.0
2023-01-06T21:00,19.0,73,14.1,17.1,22.8,53,0.00,0.0
2023-01-06T22:00,18.9,74,14.1,17.2,21.1,96,0.00,0.0
2023-01-06T23:00,18.2,76,14.0,16.6,19.7,42,0.00,0.0
2023-01-07T00:00,17.7,77,13.7,15.7,21.6,31,0.00,0.0
2023-01-07T01:00,17.3,77,13.2,15.0,23.0,0,0.00,0.0
2023-01-07T02:00,16.8,80,13.4,14.7,21.7,25,0.00,0.0
2023-01-07T03:00,16.2,86,13.9,14.7,19.3,0,0.00,0.0
2023-01-07T04:00,15.8,90,14.1,14.4,18.1,1,0.00,0.0
2023-01-07T05:00,15.6,91,14.1,14.2,18.9,4,0.00,0.0
2023-01-07T06:00,14.8,92,13.4,13.8,14.0,47,0.00,0.0
2023-01-07T07:00,13.9,95,13.1,13.4,10.2,51,0.00,0.0
2023-01-07T08:00,12.0,91,10.6,10.6,10.8,37,0.00,0.0
2023-01-07T09:00,10.5,74,6.1,7.8,12.1,1,0.00,7.0
2023-01-07T10:00,11.1,64,4.4,7.5,15.1,37,0.00,123.0
2023-01-07T11:00,11.8,58,3.9,7.8,17.4,88,0.00,285.0
2023-01-07T12:00,12.8,54,3.6,8.9,16.4,100,0.00,366.0
2023-01-07T13:00,12.6,53,3.3,9.0,14.3,100,0.00,330.0
2023-01-07T14:00,12.6,53,3.2,9.3,11.6,77,0.00,256.0
2023-01-07T15:00,14.2,49,3.7,11.0,11.6,0,0.00,408.0
2023-01-07T16:00,15.7,45,4.0,12.5,12.0,0,0.00,426.0
2023-01-07T17:00,15.9,44,3.7,12.3,14.6,0,0.00,335.0
2023-01-07T18:00,14.6,48,3.8,11.3,13.0,9,0.00,156.0
2023-01-07T19:00,12.1,55,3.3,8.9,11.4,28,0.00,17.0
2023-01-07T20:00,12.1,56,3.5,9.1,9.7,82,0.10,0.0
2023-01-07T21:00,11.1,58,3.2,7.8,11.6,100,0.00,0.0
2023-01-07T22:00,10.1,59,2.5,6.1,15.6,85,0.00,0.0
2023-01-07T23:00,9.6,60,2.2,5.5,16.3,96,0.00,0.0
2023-01-08T00:00,9.0,62,2.0,5.4,12.1,99,0.00,0.0
2023-01-08T01:00,8.4,63,1.8,4.9,11.4,100,0.00,0.0
2023-01-08T02:00,7.9,64,1.5,4.3,11.8,100,0.00,0.0
2023-01-08T03:00,7.6,65,1.4,4.2,10.3,99,0.00,0.0
2023-01-08T04:00,7.6,64,1.1,4.2,9.5,100,0.00,0.0
2023-01-08T05:00,7.2,65,1.1,4.0,8.8,78,0.00,0.0
2023-01-08T06:00,5.6,73,1.1,2.7,6.9,100,0.00,0.0
2023-01-08T07:00,6.7,66,0.8,2.9,12.0,81,0.00,0.0
2023-01-08T08:00,5.6,71,0.9,2.0,10.9,90,0.00,0.0
2023-01-08T09:00,5.1,75,0.9,1.5,11.2,10,0.00,8.0
2023-01-08T10:00,6.8,69,1.5,3.2,11.5,0,0.00,132.0
2023-01-08T11:00,8.4,63,1.8,4.7,13.0,0,0.00,312.0
2023-01-08T12:00,10.1,59,2.4,6.6,11.5,0,0.00,463.0
2023-01-08T13:00,11.6,56,3.0,8.7,9.5,0,0.00,562.0
2023-01-08T14:00,13.0,52,3.2,10.6,7.9,0,0.00,599.0
2023-01-08T15:00,13.9,48,2.9,11.2,7.8,0,0.00,572.0
2023-01-08T16:00,14.2,46,2.7,11.4,7.6,0,0.00,482.0
2023-01-08T17:00,14.0,46,2.5,11.2,7.4,0,0.00,339.0
2023-01-08T18:00,12.7,55,3.8,10.6,4.4,0,0.00,163.0
2023-01-08T19:00,13.7,42,0.9,11.4,2.2,0,0.00,18.0
2023-01-08T20:00,13.1,44,1.0,10.5,4.6,0,0.00,0.0
2023-01-08T21:00,10.8,53,1.7,8.0,6.6,0,0.00,0.0
2023-01-08T22:00,9.6,59,2.0,6.6,7.6,0,0.00,0.0
2023-01-08T23:00,8.1,67,2.3,5.1,8.3,33,0.00,0.0
2023-01-09T00:00,6.5,77,2.8,3.5,9.5,60,0.00,0.0
2023-01-09T01:00,6.1,81,3.0,3.2,9.0,16,0.00,0.0
2023-01-09T02:00,6.1,79,2.7,3.0,9.8,100,0.00,0.0
2023-01-09T03:00,4.8,84,2.2,1.3,11.5,100,0.00,0.0
2023-01-09T04:00,4.5,84,2.0,1.0,11.8,100,0.00,0.0
2023-01-09T05:00,4.7,83,2.0,1.4,9.8,100,0.00,0.0
2023-01-09T06:00,5.1,82,2.2,2.0,8.7,100,0.00,0.0
2023-01-09T07:00,5.0,84,2.5,2.2,7.3,83,0.00,0.0
2023-01-09T08:00,4.2,88,2.4,1.3,8.0,4,0.00,0.0
2023-01-09T09:00,4.4,88,2.7,1.5,8.9,0,0.00,8.0
2023-01-09T10:00,7.7,77,3.8,4.6,11.5,79,0.00,132.0
2023-01-09T11:00,10.6,67,4.7,7.7,11.3,0,0.00,270.0
2023-01-09T12:00,13.4,59,5.7,10.4,13.9,32,0.00,454.0
2023-01-09T13:00,15.6,54,6.2,12.3,16.2,0,0.00,545.0
2023-01-09T14:00,17.2,49,6.6,13.9,18.1,0,0.00,585.0
2023-01-09T15:00,18.5,46,6.6,14.6,20.9,0,0.00,559.0
2023-01-09T16:00,19.1,44,6.5,15.0,22.3,0,0.00,471.0
2023-01-09T17:00,19.0,45,6.7,15.1,21.2,0,0.00,332.0
2023-01-09T18:00,17.5,51,7.2,14.5,15.5,0,0.00,160.0
2023-01-09T19:00,15.5,55,6.5,12.5,14.4,0,0.00,19.0
2023-01-09T20:00,15.1,58,6.9,11.8,17.8,0,0.00,0.0
2023-01-09T21:00,14.6,62,7.4,11.4,17.3,36,0.00,0.0
2023-01-09T22:00,14.1,67,8.0,10.9,18.0,19,0.00,0.0
2023-01-09T23:00,13.9,69,8.4,10.8,18.4,99,0.00,0.0
2023-01-10T00:00,13.8,73,8.9,11.0,17.7,85,0.00,0.0
2023-01-10T01:00,13.4,77,9.4,10.8,16.4,33,0.00,0.0
2023-01-10T02:00,12.4,82,9.5,10.2,14.4,0,0.00,0.0
2023-01-10T03:00,11.6,85,9.2,9.7,12.0,0,0.00,0.0
2023-01-10T04:00,11.1,86,8.9,9.1,11.8,0,0.00,0.0
2023-01-10T05:00,10.8,86,8.5,8.7,11.1,0,0.00,0.0
2023-01-10T06:00,10.5,84,7.9,8.4,10.6,0,0.00,0.0
2023-01-10T07:00,11.8,71,6.7,8.7,15.5,0,0.00,0.0
2023-01-10T08:00,11.1,73,6.4,7.9,16.1,0,0.00,0.0
2023-01-10T09:00,11.3,73,6.6,8.0,16.6,21,0.00,8.0
2023-01-10T10:00,13.8,65,7.3,10.4,18.8,2,0.00,132.0
2023-01-10T11:00,16.9,58,8.6,14.0,17.1,0,0.00,307.0
2023-01-10T12:00,19.4,53,9.4,16.3,19.7,4,0.00,453.0
2023-01-10T13:00,21.6,47,9.8,18.5,21.4,7,0.00,552.0
2023-01-10T14:00,23.5,42,9.9,20.4,22.5,13,0.00,590.0
2023-01-10T15:00,25.0,39,9.9,21.6,23.4,0,0.00,562.0
2023-01-10T16:00,26.5,31,8.1,22.6,23.2,9,0.00,474.0
2023-01-10T17:00,26.6,27,6.2,23.3,15.9,19,0.00,335.0
2023-01-10T18:00,23.8,30,5.3,20.7,13.1,66,0.00,165.0
2023-01-10T19:00,20.6,34,4.3,17.3,13.8,19,0.00,20.0
2023-01-10T20:00,20.3,32,3.2,16.6,14.8,47,0.00,0.0
2023-01-10T21:00,19.2,32,2.3,15.4,14.3,24,0.00,0.0
2023-01-10T22:00,18.6,31,1.2,14.3,16.3,52,0.00,0.0
2023-01-10T23:00,18.0,31,0.8,13.3,18.7,80,0.00,0.0
2023-01-11T00:00,17.2,33,0.8,12.8,16.1,48,0.00,0.0
2023-01-11T01:00,16.9,30,-0.8,12.2,16.6,74,0.00,0.0
2023-01-11T02:00,16.5,29,-1.6,11.8,15.8,90,0.00,0.0
2023-01-11T03:00,16.0,29,-2.0,11.4,15.3,72,0.00,0.0
2023-01-11T04:00,15.9,29,-2.0,11.3,15.2,96,0.00,0.0
2023-01-11T05:00,16.2,30,-1.4,11.4,16.7,100,0.00,0.0
2023-01-11T06:00,15.6,32,-1.1,11.1,15.3,100,0.00,0.0
2023-01-11T07:00,14.6,33,-1.7,10.3,13.0,100,0.00,0.0
2023-01-11T08:00,14.3,34,-1.2,9.9,14.1,100,0.00,0.0
2023-01-11T09:00,14.1,37,-0.5,9.8,14.5,100,0.00,8.0
2023-01-11T10:00,16.4,35,0.9,12.0,16.4,0,0.00,127.0
2023-01-11T11:00,19.5,34,3.1,15.5,15.9,0,0.00,315.0
2023-01-11T12:00,22.0,31,4.2,18.2,16.5,12,0.00,466.0
2023-01-11T13:00,24.1,36,7.9,21.2,16.3,66,0.00,564.0
2023-01-11T14:00,26.1,37,10.5,23.8,18.8,100,0.00,600.0
2023-01-11T15:00,27.1,40,12.2,24.7,21.5,100,0.00,508.0
2023-01-11T16:00,27.9,38,12.1,25.4,21.3,81,0.00,356.0
2023-01-11T17:00,28.1,34,10.6,25.4,20.0,35,0.00,320.0
2023-01-11T18:00,26.4,32,8.4,23.2,19.4,61,0.00,165.0
2023-01-11T19:00,23.1,61,15.3,22.0,20.2,47,0.00,20.0
2023-01-11T20:00,22.8,67,16.2,21.3,24.9,0,0.00,0.0
2023-01-11T21:00,23.2,28,3.5,18.0,25.5,0,0.00,0.0
2023-01-11T22:00,23.2,12,-7.4,15.9,29.9,0,0.00,0.0
2023-01-11T23:00,20.2,16,-6.6,13.8,23.9,75,0.00,0.0
2023-01-12T00:00,19.5,16,-6.8,13.2,22.4,100,0.00,0.0
2023-01-12T01:00,19.2,14,-8.6,12.2,26.6,58,0.00,0.0
2023-01-12T02:00,17.7,15,-9.2,10.4,27.9,0,0.00,0.0
2023-01-12T03:00,14.2,31,-2.8,7.3,30.7,0,0.00,0.0
2023-01-12T04:00,11.4,42,-1.0,4.6,30.8,0,0.00,0.0
2023-01-12T05:00,10.1,49,-0.1,3.5,30.4,0,0.00,0.0
2023-01-12T06:00,9.1,53,-0.1,2.5,30.1,0,0.00,0.0
2023-01-12T07:00,7.8,59,0.2,1.3,30.1,0,0.00,0.0
2023-01-12T08:00,7.2,59,-0.3,1.3,25.2,1,0.00,0.0
2023-01-12T09:00,7.2,59,-0.3,1.4,24.7,4,0.00,8.0
2023-01-12T10:00,8.4,56,0.2,2.6,25.8,1,0.00,129.0
2023-01-12T11:00,9.6,53,0.6,3.2,29.7,8,0.00,308.0
2023-01-12T12:00,10.7,50,0.6,4.4,29.4,6,0.00,456.0
2023-01-12T13:00,11.8,46,0.3,5.7,27.5,2,0.00,542.0
2023-01-12T14:00,12.6,43,0.2,6.7,27.2,2,0.00,595.0
2023-01-12T15:00,12.6,42,0.1,6.5,28.2,2,0.00,578.0
2023-01-12T16:00,12.8,41,-0.3,6.6,27.2,0,0.00,490.0
2023-01-12T17:00,12.5,40,-0.6,6.5,26.1,0,0.00,349.0
2023-01-12T18:00,11.4,41,-1.2,5.7,23.6,0,0.00,174.0
2023-01-12T19:00,10.6,43,-1.5,6.4,12.4,0,0.00,23.0
2023-01-12T20:00,9.4,45,-1.8,5.5,10.8,0,0.00,0.0
2023-01-12T21:00,8.1,49,-1.9,4.4,9.2,0,0.00,0.0
2023-01-12T22:00,7.0,54,-1.6,3.5,8.1,1,0.00,0.0
2023-01-12T23:00,6.5,53,-2.5,2.7,9.2,0,0.00,0.0
2023-01-13T00:00,6.4,49,-3.6,2.3,10.7,39,0.00,0.0
2023-01-13T01:00,6.2,50,-3.5,1.8,12.5,91,0.00,0.0
2023-01-13T02:00,6.0,51,-3.3,1.5,13.2,94,0.00,0.0
2023-01-13T03:00,5.9,52,-3.2,1.3,13.6,71,0.00,0.0
2023-01-13T04:00,5.4,55,-2.9,1.2,11.5,35,0.00,0.0
2023-01-13T05:00,4.2,62,-2.4,0.6,7.9,34,0.00,0.0
2023-01-13T06:00,3.8,66,-2.0,0.1,8.2,10,0.00,0.0
2023-01-13T07:00,2.2,73,-2.0,-1.3,7.4,48,0.00,0.0
2023-01-13T08:00,1.0,80,-2.0,-2.7,8.8,90,0.00,0.0
2023-01-13T09:00,2.5,77,-1.1,-1.1,8.7,32,0.00,9.0
2023-01-13T10:00,4.8,68,-0.6,1.6,6.6,0,0.00,137.0
2023-01-13T11:00,6.8,57,-1.2,3.2,8.2,0,0.00,320.0
2023-01-13T12:00,8.6,51,-0.9,5.0,8.9,0,0.00,474.0
2023-01-13T13:00,10.4,45,-1.0,7.0,8.2,0,0.00,576.0
2023-01-13T14:00,11.8,40,-1.4,8.6,8.5,0,0.00,615.0
2023-01-13T15:00,12.6,39,-1.0,9.4,8.3,0,0.00,588.0
2023-01-13T16:00,13.1,38,-0.9,9.9,7.0,0,0.00,498.0
2023-01-13T17:00,13.2,37,-1.0,10.2,5.4,9,0.00,354.0
2023-01-13T18:00,12.3,64,5.8,10.8,2.9,9,0.00,177.0
2023-01-13T19:00,9.6,49,-0.6,6.2,8.3,0,0.00,24.0
2023-01-13T20:00,9.3,48,-1.2,6.0,6.9,0,0.00,0.0
2023-01-13T21:00,8.1,51,-1.5,4.5,8.6,0,0.00,0.0
2023-01-13T22:00,7.2,55,-1.2,3.6,8.7,0,0.00,0.0
2023-01-13T23:00,6.7,60,-0.6,3.2,8.4,0,0.00,0.0
2023-01-14T00:00,5.8,68,0.3,2.5,7.7,0,0.00,0.0
2023-01-14T01:00,5.2,71,0.5,2.0,8.1,0,0.00,0.0
2023-01-14T02:00,4.9,70,-0.1,1.5,8.4,0,0.00,0.0
2023-01-14T03:00,4.4,70,-0.5,1.0,7.9,0,0.00,0.0
2023-01-14T04:00,4.1,72,-0.6,0.6,8.9,0,0.00,0.0
2023-01-14T05:00,3.7,73,-0.6,0.3,8.2,0,0.00,0.0
2023-01-14T06:00,3.5,73,-0.9,-0.2,9.3,0,0.00,0.0
2023-01-14T07:00,2.8,74,-1.4,-0.6,7.6,27,0.00,0.0
2023-01-14T08:00,1.9,80,-1.2,-1.6,8.1,96,0.00,0.0
2023-01-14T09:00,2.7,79,-0.6,-0.8,8.2,100,0.00,9.0
2023-01-14T10:00,5.5,69,0.3,2.2,8.7,21,0.00,136.0
2023-01-14T11:00,8.4,58,0.6,4.7,11.4,100,0.00,318.0
2023-01-14T12:00,11.0,46,-0.1,6.5,15.9,100,0.00,463.0
2023-01-14T13:00,12.9,38,-0.9,7.8,20.3,99,0.00,569.0
2023-01-14T14:00,14.3,35,-0.8,9.1,22.2,97,0.00,616.0
2023-01-14T15:00,15.2,33,-0.9,9.7,23.5,97,0.00,584.0
2023-01-14T16:00,15.6,32,-1.1,9.6,25.1,77,0.00,497.0
2023-01-14T17:00,15.4,32,-1.1,9.3,25.9,15,0.00,357.0
2023-01-14T18:00,14.2,35,-1.0,8.7,22.6,7,0.00,181.0
2023-01-14T19:00,13.1,36,-1.5,7.9,19.3,51,0.00,26.0
2023-01-14T20:00,12.6,39,-1.1,7.3,20.4,56,0.00,0.0
2023-01-14T21:00,12.1,42,-0.6,6.6,22.5,48,0.00,0.0
2023-01-14T22:00,11.7,43,-0.4,6.0,24.0,0,0.00,0.0
2023-01-14T23:00,11.4,44,-0.5,5.6,24.5,22,0.00,0.0
2023-01-15T00:00,11.1,44,-0.6,5.3,24.8,0,0.00,0.0
2023-01-15T01:00,11.0,49,0.7,5.3,25.6,0,0.00,0.0
2023-01-15T02:00,10.9,61,3.5,5.6,25.7,83,0.00,0.0
2023-01-15T03:00,10.8,68,5.0,6.2,22.7,59,0.00,0.0
2023-01-15T04:00,10.6,72,5.8,6.6,20.1,39,0.00,0.0
2023-01-15T05:00,10.3,76,6.3,6.3,21.2,0,0.00,0.0
2023-01-15T06:00,10.2,78,6.7,6.1,22.4,0,0.00,0.0
2023-01-15T07:00,10.4,79,6.9,6.1,23.9,0,0.00,0.0
2023-01-15T08:00,10.5,81,7.3,6.2,25.0,0,0.00,0.0
2023-01-15T09:00,11.2,81,8.1,7.2,24.4,5,0.00,9.0
2023-01-15T10:00,13.6,74,9.2,9.3,28.5,7,0.00,131.0
2023-01-15T11:00,15.6,70,10.1,11.7,26.6,36,0.00,306.0
2023-01-15T12:00,17.4,64,10.6,13.0,31.8,99,0.00,453.0
2023-01-15T13:00,19.1,59,10.8,14.7,32.2,100,0.00,505.0
2023-01-15T14:00,19.9,54,10.2,15.2,32.7,100,0.00,459.0
2023-01-15T15:00,20.0,48,8.9,15.0,32.8,92,0.00,313.0
2023-01-15T16:00,21.0,50,10.1,16.3,32.0,100,0.00,481.0
2023-01-15T17:00,21.2,48,9.7,16.6,31.7,100,0.00,293.0
2023-01-15T18:00,20.5,51,10.1,16.7,26.6,98,0.00,138.0
2023-01-15T19:00,18.9,61,11.1,15.5,25.3,79,0.00,20.0
2023-01-15T20:00,18.5,63,11.4,15.3,24.2,100,0.00,0.0
2023-01-15T21:00,18.7,63,11.6,15.4,25.8,100,0.00,0.0
2023-01-15T22:00,18.2,68,12.1,14.2,32.4,100,0.00,0.0
2023-01-15T23:00,18.0,69,12.2,13.9,32.8,100,0.00,0.0
2023-01-16T00:00,17.7,71,12.4,14.0,30.5,100,0.00,0.0
2023-01-16T01:00,17.5,71,12.2,13.9,29.4,100,0.00,0.0
2023-01-16T02:00,17.4,72,12.2,13.9,28.6,100,0.00,0.0
2023-01-16T03:00,17.2,75,12.8,14.5,24.7,100,0.00,0.0
2023-01-16T04:00,17.0,78,13.2,14.5,24.5,100,0.00,0.0
2023-01-16T05:00,16.8,81,13.4,14.5,23.7,100,0.00,0.0
2023-01-16T06:00,16.4,83,13.6,14.0,24.1,100,0.00,0.0
2023-01-16T07:00,15.9,85,13.4,14.0,20.9,100,0.00,0.0
2023-01-16T08:00,16.1,85,13.6,14.2,21.4,100,0.00,0.0
2023-01-16T09:00,16.0,87,13.8,13.8,23.2,100,0.00,5.0
2023-01-16T10:00,16.7,82,13.7,14.7,22.0,100,0.00,33.0
2023-01-16T11:00,17.3,79,13.6,16.1,16.4,100,0.00,77.0
2023-01-16T12:00,19.7,64,12.8,17.9,18.5,100,0.00,291.0
2023-01-16T13:00,20.1,57,11.4,18.0,18.1,100,0.00,222.0
2023-01-16T14:00,22.5,40,8.2,19.1,19.9,100,0.00,505.0
2023-01-16T15:00,23.1,30,4.8,18.8,21.0,100,0.00,468.0
2023-01-16T16:00,23.9,27,3.8,19.5,19.8,100,0.00,451.0
2023-01-16T17:00,23.7,28,3.9,20.0,15.8,100,0.00,325.0
2023-01-16T18:00,21.3,42,7.8,19.8,6.4,32,0.00,166.0
2023-01-16T19:00,18.5,43,5.6,15.8,10.9,75,0.00,27.0
2023-01-16T20:00,18.0,43,5.3,15.1,12.1,0,0.00,0.0
2023-01-16T21:00,17.3,42,4.1,14.2,11.9,91,0.00,0.0
2023-01-16T22:00,15.9,43,3.3,13.0,9.4,18,0.00,0.0
2023-01-16T23:00,14.1,47,3.0,11.4,7.9,85,0.00,0.0
2023-01-17T00:00,13.0,51,3.2,10.3,7.4,89,0.00,0.0
2023-01-17T01:00,12.6,53,3.2,9.8,7.9,98,0.00,0.0
2023-01-17T02:00,12.1,53,3.0,9.2,8.8,27,0.00,0.0
2023-01-17T03:00,12.5,50,2.3,9.2,11.0,3,0.00,0.0
2023-01-17T04:00,12.7,48,2.0,9.3,10.8,55,0.00,0.0
2023-01-17T05:00,12.9,46,1.7,9.3,12.1,85,0.00,0.0
2023-01-17T06:00,12.9,47,1.9,9.5,11.2,100,0.00,0.0
2023-01-17T07:00,12.4,52,2.9,9.4,8.7,100,0.00,0.0
2023-01-17T08:00,11.3,57,3.2,8.3,9.9,72,0.00,0.0
2023-01-17T09:00,11.8,59,4.1,9.0,9.2,78,0.00,9.0
2023-01-17T10:00,14.9,53,5.6,12.2,11.2,23,0.00,130.0
2023-01-17T11:00,17.5,48,6.3,15.5,7.9,100,0.00,309.0
2023-01-17T12:00,19.5,43,6.6,17.3,9.4,100,0.00,433.0
2023-01-17T13:00,21.3,38,6.4,19.0,9.8,100,0.00,545.0
2023-01-17T14:00,22.3,35,6.2,19.7,11.6,100,0.00,516.0
2023-01-17T15:00,22.7,35,6.2,20.2,10.8,100,0.00,400.0
2023-01-17T16:00,23.3,34,6.6,20.8,11.2,100,0.00,389.0
2023-01-17T17:00,23.5,34,6.6,20.7,13.0,92,0.00,323.0
2023-01-17T18:00,21.9,40,7.7,20.1,7.5,100,0.00,161.0
2023-01-17T19:00,19.0,49,8.1,17.2,9.0,100,0.00,24.0
2023-01-17T20:00,18.4,51,8.0,16.3,10.5,100,0.00,0.0
2023-01-17T21:00,18.0,46,6.2,15.0,13.7,8,0.00,0.0
2023-01-17T22:00,17.5,63,10.4,15.5,14.5,4,0.00,0.0
2023-01-17T23:00,17.0,78,13.1,15.8,15.2,23,0.00,0.0
2023-01-18T00:00,16.7,87,14.6,16.0,15.0,8,0.00,0.0
2023-01-18T01:00,17.0,91,15.6,16.5,16.3,67,0.00,0.0
2023-01-18T02:00,17.2,91,15.8,16.8,16.5,88,0.00,0.0
2023-01-18T03:00,17.1,92,15.8,16.6,17.4,98,0.00,0.0
2023-01-18T04:00,17.2,92,15.9,16.8,16.7,62,0.00,0.0
2023-01-18T05:00,17.5,92,16.2,17.2,16.9,100,0.00,0.0
2023-01-18T06:00,18.0,90,16.3,16.9,22.3,85,0.00,0.0
2023-01-18T07:00,18.0,92,16.8,18.0,16.3,56,0.00,0.0
2023-01-18T08:00,16.8,84,14.1,15.5,17.7,100,0.10,0.0
2023-01-18T09:00,15.8,70,10.2,13.1,18.3,98,0.00,3.0
2023-01-18T10:00,15.8,60,7.9,13.1,14.7,100,0.00,43.0
2023-01-18T11:00,15.9,57,7.3,13.2,13.4,100,0.50,64.0
2023-01-18T12:00,17.2,48,5.9,14.0,14.7,10,0.00,158.0
2023-01-18T13:00,20.4,29,1.6,15.0,24.5,6,0.00,573.0
2023-01-18T14:00,21.2,18,-4.2,15.1,26.4,0,0.00,629.0
2023-01-18T15:00,21.4,16,-5.8,14.9,26.4,0,0.00,615.0
2023-01-18T16:00,21.4,15,-6.7,14.7,25.3,27,0.00,528.0
2023-01-18T17:00,21.1,13,-8.6,14.4,24.6,0,0.00,381.0
2023-01-18T18:00,19.8,14,-8.4,13.6,20.4,0,0.00,202.0
2023-01-18T19:00,17.1,19,-7.0,12.2,13.3,0,0.00,34.0
2023-01-18T20:00,14.9,23,-6.2,10.5,10.5,0,0.00,0.0
2023-01-18T21:00,13.8,25,-6.2,9.1,12.2,0,0.00,0.0
2023-01-18T22:00,13.9,21,-7.8,8.7,15.1,0,0.00,0.0
2023-01-18T23:00,14.2,20,-8.5,8.5,18.3,0,0.00,0.0
2023-01-19T00:00,13.9,20,-8.8,7.9,19.3,0,0.00,0.0
2023-01-19T01:00,14.1,20,-8.6,7.6,23.4,0,0.00,0.0
2023-01-19T02:00,13.9,21,-8.4,7.4,23.4,0,0.00,0.0
2023-01-19T03:00,13.4,22,-7.7,7.1,22.0,0,0.00,0.0
2023-01-19T04:00,11.8,27,-6.8,6.0,18.8,0,0.00,0.0
2023-01-19T05:00,10.1,33,-5.3,4.6,18.2,0,0.00,0.0
2023-01-19T06:00,9.3,36,-5.1,4.0,17.0,35,0.00,0.0
2023-01-19T07:00,7.4,41,-5.1,1.8,19.9,7,0.00,0.0
2023-01-19T08:00,6.5,43,-5.1,1.1,18.1,31,0.00,0.0
2023-01-19T09:00,6.2,45,-4.7,1.2,15.8,39,0.00,10.0
2023-01-19T10:00,7.9,43,-4.0,3.1,14.5,22,0.00,144.0
2023-01-19T11:00,9.5,40,-3.6,4.5,16.6,81,0.00,330.0
2023-01-19T12:00,10.9,37,-3.0,6.1,15.6,60,0.00,488.0
2023-01-19T13:00,12.3,35,-2.5,7.9,15.0,80,0.00,592.0
2023-01-19T14:00,13.4,34,-2.1,9.3,13.9,87,0.00,632.0
2023-01-19T15:00,14.1,33,-1.9,10.2,13.0,53,0.00,608.0
2023-01-19T16:00,14.6,32,-1.8,10.5,11.8,45,0.00,521.0
2023-01-19T17:00,14.6,32,-1.9,10.8,10.2,27,0.00,380.0
2023-01-19T18:00,14.0,34,-1.7,10.7,6.6,26,0.00,200.0
2023-01-19T19:00,13.9,34,-1.9,11.0,3.1,8,0.00,34.0
2023-01-19T20:00,12.9,37,-1.5,10.0,4.1,100,0.00,0.0
2023-01-19T21:00,9.4,52,0.2,6.1,8.2,98,0.00,0.0
2023-01-19T22:00,7.7,62,0.9,4.2,10.1,99,0.00,0.0
2023-01-19T23:00,6.8,68,1.4,3.5,9.7,96,0.00,0.0
2023-01-20T00:00,6.2,72,1.6,3.0,9.6,97,0.00,0.0
2023-01-20T01:00,5.8,77,2.0,2.6,9.0,83,0.00,0.0
2023-01-20T02:00,4.8,84,2.3,1.7,9.4,57,0.00,0.0
2023-01-20T03:00,4.3,89,2.6,1.4,8.4,58,0.00,0.0
2023-01-20T04:00,4.1,90,2.5,1.3,7.2,65,0.00,0.0
2023-01-20T05:00,3.8,90,2.2,0.9,7.3,98,0.00,0.0
2023-01-20T06:00,3.4,89,1.7,0.3,8.3,75,0.00,0.0
2023-01-20T07:00,3.1,87,1.2,-0.2,9.4,52,0.00,0.0
2023-01-20T08:00,3.1,86,1.0,-0.4,10.3,82,0.00,0.0
2023-01-20T09:00,4.1,81,1.0,1.3,5.9,30,0.00,10.0
2023-01-20T10:00,6.9,69,1.6,3.7,9.8,97,0.00,143.0
2023-01-20T11:00,10.1,54,1.2,6.7,10.0,94,0.00,315.0
2023-01-20T12:00,12.2,46,0.9,8.5,12.1,94,0.00,336.0
2023-01-20T13:00,13.6,40,0.3,9.3,15.2,100,0.00,478.0
2023-01-20T14:00,13.9,39,-0.1,9.6,14.7,100,0.00,332.0
2023-01-20T15:00,13.8,38,-0.3,9.6,13.8,100,0.00,189.0
2023-01-20T16:00,13.9,37,-0.6,9.8,12.9,99,0.00,159.0
2023-01-20T17:00,13.8,37,-0.9,9.5,13.6,76,0.00,159.0
2023-01-20T18:00,13.1,38,-0.9,8.8,14.2,61,0.00,100.0
2023-01-20T19:00,13.9,33,-2.0,10.1,10.2,53,0.00,22.0
2023-01-20T20:00,12.4,40,-0.9,8.5,10.7,83,0.00,0.0
2023-01-20T21:00,11.2,46,0.0,7.6,10.8,31,0.00,0.0
2023-01-20T22:00,9.9,51,0.1,6.2,10.4,99,0.00,0.0
2023-01-20T23:00,10.2,47,-0.7,6.1,12.6,84,0.00,0.0
2023-01-21T00:00,10.4,40,-2.5,5.9,13.6,84,0.00,0.0
2023-01-21T01:00,9.4,48,-1.2,5.4,11.5,77,0.00,0.0
2023-01-21T02:00,9.3,57,1.2,5.6,12.2,99,0.00,0.0
2023-01-21T03:00,9.4,60,2.1,5.9,11.8,87,0.00,0.0
2023-01-21T04:00,8.9,63,2.2,5.1,14.2,70,0.00,0.0
2023-01-21T05:00,8.5,64,2.0,4.9,12.1,61,0.00,0.0
2023-01-21T06:00,8.2,66,2.2,4.7,12.0,68,0.00,0.0
2023-01-21T07:00,8.4,66,2.5,5.9,5.2,51,0.00,0.0
2023-01-21T08:00,8.1,70,2.8,5.7,5.2,100,0.20,0.0
2023-01-21T09:00,8.1,74,3.8,5.2,10.0,100,0.10,2.0
2023-01-21T10:00,8.4,76,4.3,5.7,9.2,100,0.10,25.0
2023-01-21T11:00,8.9,75,4.7,5.6,14.0,100,0.00,102.0
2023-01-21T12:00,8.8,81,5.7,5.8,12.7,100,0.30,64.0
2023-01-21T13:00,9.9,74,5.5,6.5,15.9,30,0.00,136.0
2023-01-21T14:00,12.1,65,5.7,8.9,14.8,14,0.00,428.0
2023-01-21T15:00,13.8,61,6.3,10.9,14.3,0,0.00,575.0
2023-01-21T16:00,15.1,58,6.8,12.6,11.4,100,0.00,516.0
2023-01-21T17:00,16.0,52,6.2,13.0,14.3,82,0.00,243.0
2023-01-21T18:00,12.8,70,7.5,8.4,25.3,2,0.00,184.0
2023-01-21T19:00,11.9,74,7.4,9.6,11.6,0,0.00,35.0
2023-01-21T20:00,10.4,82,7.4,8.0,11.8,0,0.00,0.0
2023-01-21T21:00,8.6,92,7.2,6.8,7.2,0,0.00,0.0
2023-01-21T22:00,7.8,94,6.9,6.0,7.2,0,0.00,0.0
2023-01-21T23:00,8.2,75,4.0,5.3,10.4,0,0.00,0.0
2023-01-22T00:00,9.6,39,-3.8,4.5,16.9,0,0.00,0.0
2023-01-22T01:00,8.8,42,-3.5,3.5,18.0,0,0.00,0.0
2023-01-22T02:00,7.8,49,-2.3,2.4,20.2,0,0.00,0.0
2023-01-22T03:00,6.8,57,-1.2,1.6,19.7,0,0.00,0.0
2023-01-22T04:00,6.0,61,-1.0,0.9,19.1,0,0.00,0.0
2023-01-22T05:00,5.2,64,-1.2,0.4,17.1,0,0.00,0.0
2023-01-22T06:00,4.3,66,-1.5,-0.1,14.7,0,0.00,0.0
2023-01-22T07:00,3.5,73,-0.9,-0.7,13.2,0,0.00,0.0
2023-01-22T08:00,3.5,72,-1.1,-1.0,14.5,98,0.00,0.0
2023-01-22T09:00,4.1,68,-1.2,-0.7,17.4,81,0.00,8.0
2023-01-22T10:00,5.3,63,-1.2,-0.1,21.2,30,0.00,109.0
2023-01-22T11:00,6.8,55,-1.7,1.3,20.9,97,0.00,304.0
2023-01-22T12:00,8.5,47,-2.2,2.8,22.5,80,0.00,460.0
2023-01-22T13:00,9.1,46,-1.9,3.4,22.6,2,0.00,534.0
2023-01-22T14:00,10.4,39,-2.8,4.9,23.7,0,0.00,644.0
2023-01-22T15:00,11.1,35,-3.6,5.5,23.0,0,0.00,622.0
2023-01-22T16:00,11.6,32,-4.8,5.5,22.7,0,0.00,535.0
2023-01-22T17:00,11.3,31,-5.2,5.5,20.5,0,0.00,393.0
2023-01-22T18:00,10.5,33,-5.3,5.1,17.9,0,0.00,212.0
2023-01-22T19:00,8.1,44,-3.3,4.6,6.8,0,0.00,40.0
2023-01-22T20:00,6.9,53,-2.0,3.4,7.3,0,0.00,0.0
2023-01-22T21:00,6.4,58,-1.1,2.8,9.1,0,0.00,0.0
2023-01-22T22:00,5.3,63,-1.2,1.8,8.2,0,0.00,0.0
2023-01-22T23:00,4.3,66,-1.4,0.7,9.0,0,0.00,0.0
2023-01-23T00:00,3.8,66,-2.0,0.3,7.3,0,0.00,0.0
2023-01-23T01:00,2.3,74,-1.9,-1.4,9.2,0,0.00,0.0
2023-01-23T02:00,2.2,76,-1.7,-1.4,8.0,0,0.00,0.0
2023-01-23T03:00,1.6,81,-1.3,-1.9,8.3,0,0.00,0.0
2023-01-23T04:00,1.5,86,-0.6,-1.9,7.9,0,0.00,0.0
2023-01-23T05:00,1.4,87,-0.5,-2.2,9.6,0,0.00,0.0
2023-01-23T06:00,1.1,85,-1.1,-2.7,10.2,0,0.00,0.0
2023-01-23T07:00,0.8,85,-1.5,-2.7,8.0,0,0.00,0.0
2023-01-23T08:00,1.5,80,-1.5,-1.2,2.5,0,0.00,0.0
2023-01-23T09:00,0.4,86,-1.5,-2.3,2.9,0,0.00,12.0
2023-01-23T10:00,3.2,73,-1.0,0.5,3.0,0,0.00,150.0
2023-01-23T11:00,5.2,63,-1.2,2.3,4.5,0,0.00,338.0
2023-01-23T12:00,7.2,54,-1.5,3.4,9.4,0,0.00,498.0
2023-01-23T13:00,8.7,49,-1.5,5.1,10.6,4,0.00,606.0
2023-01-23T14:00,9.8,46,-1.2,6.7,9.4,0,0.00,651.0
2023-01-23T15:00,10.6,42,-1.6,6.9,12.2,0,0.00,628.0
2023-01-23T16:00,10.8,41,-1.8,6.2,15.1,0,0.00,540.0
2023-01-23T17:00,10.6,42,-1.9,6.2,13.9,1,0.00,396.0
2023-01-23T18:00,9.9,44,-2.0,5.2,15.3,8,0.00,214.0
2023-01-23T19:00,8.4,46,-2.5,4.9,7.6,29,0.00,42.0
2023-01-23T20:00,9.9,43,-2.2,6.0,10.2,93,0.00,0.0
2023-01-23T21:00,9.6,44,-2.0,5.6,11.4,100,0.00,0.0
2023-01-23T22:00,9.4,46,-1.5,5.2,13.0,100,0.00,0.0
2023-01-23T23:00,8.9,50,-0.9,4.6,14.7,97,0.00,0.0
2023-01-24T00:00,8.4,53,-0.7,4.1,14.2,75,0.00,0.0
2023-01-24T01:00,8.2,55,-0.3,3.7,15.8,100,0.00,0.0
2023-01-24T02:00,8.2,56,0.0,3.8,15.5,100,0.00,0.0
2023-01-24T03:00,8.0,60,0.6,3.0,20.4,100,0.00,0.0
2023-01-24T04:00,8.1,59,0.6,3.4,18.5,100,0.00,0.0
2023-01-24T05:00,7.9,60,0.6,3.8,14.3,100,0.00,0.0
2023-01-24T06:00,7.3,67,1.7,3.3,14.8,100,0.30,0.0
2023-01-24T07:00,6.4,88,4.6,2.5,17.7,100,1.00,0.0
2023-01-24T08:00,6.4,90,4.9,2.2,20.5,100,0.40,0.0
2023-01-24T09:00,6.2,91,4.8,2.2,18.2,100,2.50,4.0
2023-01-24T10:00,6.6,91,5.2,2.4,20.4,100,4.60,16.0
2023-01-24T11:00,6.2,91,4.9,1.2,26.5,100,3.60,16.0
2023-01-24T12:00,5.9,92,4.8,2.1,17.3,100,2.60,45.0
2023-01-24T13:00,5.9,92,4.7,1.3,22.8,100,1.70,34.0
2023-01-24T14:00,5.2,93,4.1,0.3,23.8,100,1.00,64.0
2023-01-24T15:00,5.1,91,3.7,-0.2,25.7,100,0.40,75.0
2023-01-24T16:00,5.9,85,3.5,0.9,24.0,100,0.00,190.0
2023-01-24T17:00,5.6,85,3.2,1.0,20.9,100,0.00,70.0
2023-01-24T18:00,5.7,85,3.2,1.8,15.9,100,0.20,42.0
2023-01-24T19:00,5.2,90,3.6,2.2,9.9,100,0.90,5.0
2023-01-24T20:00,2.7,99,2.5,-1.9,19.5,100,4.30,0.0
2023-01-24T21:00,2.0,100,1.9,-3.1,22.5,100,1.90,0.0
2023-01-24T22:00,2.0,96,1.5,-3.2,23.1,100,0.80,0.0
2023-01-24T23:00,2.3,93,1.4,-3.0,23.4,100,0.10,0.0
2023-01-25T00:00,2.5,93,1.5,-2.5,21.1,100,0.00,0.0
2023-01-25T01:00,2.7,90,1.2,-2.5,22.4,100,0.00,0.0
2023-01-25T02:00,3.0,88,1.2,-1.9,20.7,100,0.00,0.0
2023-01-25T03:00,3.2,88,1.5,-1.4,18.7,98,0.00,0.0
2023-01-25T04:00,3.0,89,1.4,-1.7,19.3,30,0.00,0.0
2023-01-25T05:00,2.2,92,1.1,-2.5,19.4,100,0.00,0.0
2023-01-25T06:00,2.5,89,0.9,-2.3,20.0,100,0.00,0.0
2023-01-25T07:00,3.0,87,1.0,-1.9,20.0,100,0.00,0.0
2023-01-25T08:00,3.2,84,0.8,-1.4,17.3,95,0.00,0.0
2023-01-25T09:00,3.4,84,0.9,-0.4,12.6,100,0.00,7.0
2023-01-25T10:00,4.5,78,1.0,0.2,16.1,86,0.00,69.0
2023-01-25T11:00,5.6,72,0.9,1.1,16.7,100,0.00,185.0
2023-01-25T12:00,6.5,66,0.6,1.9,17.4,100,0.00,282.0
2023-01-25T13:00,6.8,64,0.5,2.2,17.8,100,0.00,336.0
2023-01-25T14:00,7.5,58,-0.2,2.5,19.3,100,0.00,350.0
2023-01-25T15:00,8.3,54,-0.4,3.0,21.3,100,0.00,362.0
2023-01-25T16:00,8.6,53,-0.5,3.2,21.9,97,0.00,292.0
2023-01-25T17:00,8.6,52,-0.7,3.3,21.5,100,0.00,206.0
2023-01-25T18:00,8.6,52,-0.8,3.7,18.0,17,0.00,118.0
2023-01-25T19:00,4.2,76,0.2,0.8,8.7,1,0.00,41.0
2023-01-25T20:00,3.8,78,0.3,0.7,6.8,0,0.00,0.0
2023-01-25T21:00,3.4,82,0.6,-0.1,9.7,0,0.00,0.0
2023-01-25T22:00,2.5,88,0.7,-0.5,7.3,0,0.00,0.0
2023-01-25T23:00,2.3,89,0.7,-0.9,8.4,0,0.00,0.0
2023-01-26T00:00,2.3,89,0.6,-1.3,10.6,0,0.00,0.0
2023-01-26T01:00,2.5,85,0.2,-1.2,11.3,0,0.00,0.0
2023-01-26T02:00,2.5,81,-0.4,-1.5,12.7,0,0.00,0.0
2023-01-26T03:00,2.3,78,-1.1,-1.9,12.9,0,0.00,0.0
2023-01-26T04:00,1.6,78,-1.8,-2.3,10.3,0,0.00,0.0
2023-01-26T05:00,0.9,79,-2.2,-3.0,9.9,2,0.00,0.0
2023-01-26T06:00,0.5,80,-2.5,-3.4,9.9,1,0.00,0.0
2023-01-26T07:00,-0.6,90,-2.0,-4.0,6.6,0,0.00,0.0
2023-01-26T08:00,-1.0,91,-2.3,-4.5,7.1,0,0.00,0.0
2023-01-26T09:00,-0.4,90,-1.9,-4.0,8.2,0,0.00,13.0
2023-01-26T10:00,2.4,79,-0.9,-1.0,7.5,0,0.00,153.0
2023-01-26T11:00,5.2,69,-0.1,1.8,8.7,11,0.00,343.0
2023-01-26T12:00,7.7,60,0.4,4.1,10.5,0,0.00,503.0
2023-01-26T13:00,9.4,51,-0.2,5.7,13.6,0,0.00,613.0
2023-01-26T14:00,10.6,44,-1.2,6.7,15.0,0,0.00,660.0
2023-01-26T15:00,11.4,38,-2.5,7.0,16.0,0,0.00,640.0
2023-01-26T16:00,11.6,36,-3.2,6.6,16.8,0,0.00,554.0
2023-01-26T17:00,11.4,34,-3.8,6.5,15.5,0,0.00,411.0
2023-01-26T18:00,10.6,38,-3.2,6.4,11.2,0,0.00,227.0
2023-01-26T19:00,7.0,54,-1.6,3.2,9.6,0,0.00,48.0
2023-01-26T20:00,5.9,60,-1.2,2.3,9.0,0,0.00,0.0
2023-01-26T21:00,5.2,63,-1.4,1.7,7.9,0,0.00,0.0
2023-01-26T22:00,4.2,66,-1.6,0.7,8.0,0,0.00,0.0
2023-01-26T23:00,3.5,69,-1.8,-0.3,9.2,0,0.00,0.0
2023-01-27T00:00,3.0,70,-2.0,-0.9,9.6,0,0.00,0.0
2023-01-27T01:00,2.8,69,-2.5,-1.3,10.5,0,0.00,0.0
2023-01-27T02:00,2.4,69,-2.8,-1.6,10.5,36,0.00,0.0
2023-01-27T03:00,1.9,71,-2.8,-2.1,10.1,5,0.00,0.0
2023-01-27T04:00,1.5,72,-3.0,-2.6,10.5,25,0.00,0.0
2023-01-27T05:00,1.7,69,-3.5,-2.6,12.0,3,0.00,0.0
2023-01-27T06:00,2.0,64,-4.2,-2.5,12.5,0,0.00,0.0
2023-01-27T07:00,1.6,68,-3.8,-2.7,11.5,0,0.00,0.0
2023-01-27T08:00,2.0,65,-4.0,-2.6,12.8,0,0.00,0.0
2023-01-27T09:00,3.2,59,-4.1,-1.8,15.3,0,0.00,14.0
2023-01-27T10:00,6.1,55,-2.3,1.1,17.3,0,0.00,160.0
2023-01-27T11:00,9.1,47,-1.7,4.4,16.3,0,0.00,351.0
2023-01-27T12:00,11.6,43,-0.6,6.4,20.2,0,0.00,512.0
2023-01-27T13:00,13.6,39,0.1,8.5,23.0,0,0.00,619.0
2023-01-27T14:00,15.1,34,-0.6,9.6,25.5,0,0.00,662.0
2023-01-27T15:00,15.7,33,-0.6,10.4,23.8,0,0.00,639.0
2023-01-27T16:00,15.9,32,-0.9,10.3,23.0,0,0.00,552.0
2023-01-27T17:00,15.6,32,-1.0,10.0,22.7,0,0.00,409.0
2023-01-27T18:00,14.2,38,0.0,9.2,19.5,0,0.00,227.0
2023-01-27T19:00,11.6,44,-0.3,6.9,17.5,0,0.00,50.0
2023-01-27T20:00,10.6,46,-0.6,5.3,20.5,0,0.00,0.0
2023-01-27T21:00,9.7,46,-1.3,4.0,23.2,0,0.00,0.0
2023-01-27T22:00,8.9,49,-1.4,3.1,23.2,0,0.00,0.0
2023-01-27T23:00,7.9,50,-1.8,2.4,21.6,1,0.00,0.0
2023-01-28T00:00,7.4,53,-1.5,2.1,20.3,91,0.00,0.0
2023-01-28T01:00,7.2,57,-0.8,1.8,21.3,92,0.00,0.0
2023-01-28T02:00,7.6,61,0.4,2.2,22.5,92,0.00,0.0
2023-01-28T03:00,7.8,65,1.5,2.7,21.6,94,0.00,0.0
2023-01-28T04:00,7.8,69,2.5,3.2,20.4,100,0.00,0.0
2023-01-28T05:00,8.7,68,3.0,4.1,20.4,97,0.00,0.0
2023-01-28T06:00,8.9,69,3.5,4.7,18.8,100,0.00,0.0
2023-01-28T07:00,9.9,76,5.8,5.6,22.7,100,0.00,0.0
2023-01-28T08:00,10.4,80,7.1,6.4,22.0,85,0.00,0.0
2023-01-28T09:00,10.4,85,8.1,6.8,21.3,100,0.00,9.0
2023-01-28T10:00,11.9,83,9.0,7.9,25.2,100,0.00,60.0
2023-01-28T11:00,13.1,81,9.9,9.8,22.7,100,0.00,124.0
2023-01-28T12:00,14.1,79,10.5,10.5,25.7,100,0.00,180.0
2023-01-28T13:00,15.1,76,10.8,11.5,25.9,100,0.00,231.0
2023-01-28T14:00,16.1,72,11.0,12.6,26.3,100,0.00,266.0
2023-01-28T15:00,18.3,62,11.0,14.4,28.8,100,0.00,332.0
2023-01-28T16:00,18.0,69,12.4,15.3,23.7,100,0.00,250.0
2023-01-28T17:00,19.2,69,13.4,16.7,25.0,100,0.00,341.0
2023-01-28T18:00,19.3,69,13.4,16.4,27.0,100,0.00,192.0
2023-01-28T19:00,17.2,78,13.4,15.0,22.6,100,0.00,41.0
2023-01-28T20:00,16.1,87,14.0,14.2,22.3,100,0.00,0.0
2023-01-28T21:00,15.9,88,13.9,13.7,23.1,100,0.00,0.0
2023-01-28T22:00,15.6,90,14.0,13.6,23.2,100,0.00,0.0
2023-01-28T23:00,15.4,89,13.6,13.6,21.0,100,0.00,0.0
2023-01-29T00:00,14.9,89,13.1,13.3,17.1,96,0.00,0.0
2023-01-29T01:00,14.2,90,12.5,12.6,16.4,88,0.00,0.0
2023-01-29T02:00,13.5,90,11.9,11.7,16.4,90,0.00,0.0
2023-01-29T03:00,13.0,91,11.6,11.2,15.7,95,0.00,0.0
2023-01-29T04:00,12.9,91,11.5,11.3,14.1,100,0.00,0.0
2023-01-29T05:00,12.8,92,11.5,11.2,14.0,100,0.00,0.0
2023-01-29T06:00,12.3,93,11.2,11.1,10.6,99,0.00,0.0
2023-01-29T07:00,11.9,93,10.9,10.4,12.5,99,0.00,0.0
2023-01-29T08:00,11.1,94,10.1,9.3,11.9,99,0.00,0.0
2023-01-29T09:00,10.1,93,9.1,7.4,17.5,100,0.00,11.0
2023-01-29T10:00,7.4,89,5.7,3.1,22.1,100,0.00,46.0
2023-01-29T11:00,5.8,79,2.5,0.9,22.3,100,0.00,81.0
2023-01-29T12:00,5.2,71,0.3,0.1,20.6,100,0.00,114.0
2023-01-29T13:00,6.1,66,0.2,1.0,20.2,100,0.00,282.0
2023-01-29T14:00,6.4,64,0.1,0.7,25.1,100,0.00,318.0
2023-01-29T15:00,6.1,61,-0.9,0.1,25.8,100,0.00,358.0
2023-01-29T16:00,6.6,60,-0.7,1.3,20.6,100,0.00,339.0
2023-01-29T17:00,6.8,59,-0.8,1.7,19.6,63,0.00,221.0
2023-01-29T18:00,6.8,58,-0.9,2.1,17.0,85,0.00,214.0
2023-01-29T19:00,0.3,75,-3.7,-5.8,24.1,3,0.00,46.0
2023-01-29T20:00,-0.6,72,-5.1,-5.5,14.5,76,0.00,0.0
2023-01-29T21:00,-1.0,66,-6.6,-5.9,13.2,53,0.00,0.0
2023-01-29T22:00,-1.5,58,-8.6,-7.3,18.1,22,0.00,0.0
2023-01-29T23:00,-2.4,53,-10.6,-8.1,16.8,41,0.00,0.0
2023-01-30T00:00,-2.2,54,-10.2,-7.3,12.3,57,0.00,0.0
2023-01-30T01:00,-2.4,55,-10.3,-7.9,15.2,71,0.00,0.0
2023-01-30T02:00,-2.3,59,-9.2,-7.8,15.5,19,0.00,0.0
2023-01-30T03:00,-2.2,67,-7.4,-6.9,11.9,4,0.00,0.0
2023-01-30T04:00,-2.2,72,-6.6,-7.2,13.6,6,0.00,0.0
2023-01-30T05:00,-2.5,75,-6.4,-7.7,15.0,3,0.00,0.0
2023-01-30T06:00,-2.6,75,-6.4,-7.7,14.5,9,0.00,0.0
2023-01-30T07:00,-3.3,69,-8.3,-8.1,11.2,37,0.00,0.0
2023-01-30T08:00,-2.7,65,-8.4,-8.3,17.1,100,0.00,0.0
2023-01-30T09:00,-2.3,68,-7.4,-7.9,17.6,100,0.10,2.0
2023-01-30T10:00,-1.7,68,-6.9,-7.1,16.7,100,0.00,24.0
2023-01-30T11:00,-1.1,65,-6.8,-6.4,16.2,100,0.00,80.0
2023-01-30T12:00,-0.8,66,-6.4,-6.1,16.0,100,0.20,82.0
2023-01-30T13:00,-0.6,64,-6.5,-6.0,17.3,100,0.20,104.0
2023-01-30T14:00,-0.7,77,-4.2,-5.7,15.7,100,1.50,68.0
2023-01-30T15:00,-0.3,76,-4.2,-5.8,19.1,100,1.70,120.0
2023-01-30T16:00,0.4,73,-3.8,-4.8,17.9,100,0.10,149.0
2023-01-30T17:00,0.4,74,-3.7,-4.8,17.8,100,0.00,85.0
2023-01-30T18:00,-0.1,85,-2.2,-5.3,19.1,100,0.60,27.0
2023-01-30T19:00,-1.8,81,-4.6,-7.3,19.1,100,0.50,14.0
2023-01-30T20:00,-2.0,82,-4.6,-7.8,21.2,100,0.10,0.0
2023-01-30T21:00,-2.3,82,-5.0,-7.9,19.5,100,0.00,0.0
2023-01-30T22:00,-2.3,81,-5.2,-7.5,16.2,100,0.10,0.0
2023-01-30T23:00,-2.2,81,-5.0,-7.8,19.1,100,0.10,0.0
2023-01-31T00:00,-2.0,81,-4.8,-7.6,18.8,100,0.00,0.0
2023-01-31T01:00,-2.0,81,-4.8,-7.4,18.4,100,0.00,0.0
2023-01-31T02:00,-1.8,81,-4.6,-7.4,19.5,100,0.10,0.0
2023-01-31T03:00,-1.8,83,-4.2,-7.3,19.7,100,0.20,0.0
2023-01-31T04:00,-1.7,82,-4.3,-7.4,20.3,100,0.00,0.0
2023-01-31T05:00,-1.6,80,-4.7,-7.2,19.5,100,0.00,0.0
2023-01-31T06:00,-1.6,77,-5.1,-7.1,17.9,100,0.00,0.0
2023-01-31T07:00,-2.8,83,-5.3,-8.2,18.0,100,0.30,0.0
2023-01-31T08:00,-2.8,83,-5.4,-8.1,16.6,100,0.10,0.0
2023-01-31T09:00,-2.8,85,-4.9,-8.4,19.8,100,2.10,3.0
2023-01-31T10:00,-2.4,86,-4.4,-7.3,15.0,100,2.60,21.0
2023-01-31T11:00,-2.3,83,-4.8,-7.5,17.1,100,1.10,33.0
2023-01-31T12:00,-2.0,87,-3.9,-7.5,19.4,100,0.30,84.0
2023-01-31T13:00,-1.8,86,-3.8,-7.2,19.1,100,0.40,92.0
2023-01-31T14:00,-1.1,81,-4.0,-6.8,20.3,100,0.20,170.0
2023-01-31T15:00,-0.6,76,-4.3,-6.2,20.2,100,0.00,221.0
2023-01-31T16:00,-0.9,74,-4.9,-6.5,19.2,100,0.00,108.0
2023-01-31T17:00,-0.8,69,-5.8,-6.4,18.4,100,0.00,97.0
2023-01-31T18:00,-1.0,68,-6.2,-6.5,17.7,100,0.00,33.0
2023-01-31T19:00,-2.6,73,-6.7,-7.4,12.9,100,0.00,8.0
2023-01-31T20:00,-2.5,76,-6.2,-6.5,6.8,100,0.10,0.0
2023-01-31T21:00,-2.2,72,-6.6,-7.3,14.4,100,0.10,0.0
2023-01-31T22:00,-2.3,74,-6.4,-6.7,9.7,100,0.00,0.0
2023-01-31T23:00,-2.2,73,-6.4,-6.7,10.2,100,0.00,0.0
2023-02-01T00:00,-2.0,73,-6.2,-7.1,14.4,100,0.10,0.0
2023-02-01T01:00,-2.1,74,-6.2,-6.7,11.5,100,0.10,0.0
2023-02-01T02:00,-2.2,73,-6.5,-6.9,11.9,100,0.00,0.0
2023-02-01T03:00,-2.5,69,-7.4,-7.7,15.1,100,0.00,0.0
2023-02-01T04:00,-2.5,66,-7.9,-7.5,13.7,100,0.00,0.0
2023-02-01T05:00,-2.3,66,-7.8,-7.1,11.3,100,0.10,0.0
2023-02-01T06:00,-2.2,67,-7.6,-7.2,13.1,100,0.10,0.0
2023-02-01T07:00,-4.0,60,-10.7,-8.0,5.1,100,1.40,0.0
2023-02-01T08:00,-3.3,62,-9.6,-8.0,9.8,100,0.30,0.0
2023-02-01T09:00,-3.0,59,-9.9,-7.3,7.3,100,0.00,3.0
2023-02-01T10:00,-2.8,58,-9.9,-6.8,5.1,100,0.10,17.0
2023-02-01T11:00,-2.3,68,-7.5,-6.3,6.7,100,0.30,75.0
2023-02-01T12:00,-1.8,71,-6.4,-5.6,6.1,100,0.70,101.0
2023-02-01T13:00,-1.1,68,-6.2,-4.7,4.1,100,0.20,122.0
2023-02-01T14:00,0.2,65,-5.7,-4.2,11.3,100,0.00,251.0
2023-02-01T15:00,0.3,64,-5.7,-3.8,9.0,100,0.00,122.0
2023-02-01T16:00,0.1,71,-4.6,-4.8,14.5,100,0.40,77.0
2023-02-01T17:00,0.1,75,-3.8,-4.0,10.1,100,0.30,68.0
2023-02-01T18:00,0.2,77,-3.3,-3.7,9.2,100,0.00,45.0
2023-02-01T19:00,-2.3,87,-4.2,-6.5,10.7,100,0.00,7.0
2023-02-01T20:00,-2.2,86,-4.3,-6.3,9.1,100,1.30,0.0
2023-02-01T21:00,-2.0,85,-4.2,-5.6,6.2,100,0.00,0.0
2023-02-01T22:00,-2.0,89,-3.5,-5.7,7.4,100,0.10,0.0
2023-02-01T23:00,-1.9,87,-3.8,-6.0,9.9,100,0.00,0.0
2023-02-02T00:00,-1.7,84,-4.1,-5.8,10.1,100,0.00,0.0
2023-02-02T01:00,-1.5,85,-3.8,-5.9,11.6,100,0.00,0.0
2023-02-02T02:00,-1.5,86,-3.7,-5.1,6.2,100,0.10,0.0
2023-02-02T03:00,-1.5,90,-3.0,-5.5,10.2,100,0.30,0.0
2023-02-02T04:00,-1.5,91,-2.8,-5.7,11.6,100,0.40,0.0
2023-02-02T05:00,-1.5,91,-2.8,-5.4,9.4,100,1.20,0.0
2023-02-02T06:00,-1.5,91,-2.8,-5.1,7.6,100,1.00,0.0
2023-02-02T07:00,-1.6,91,-3.0,-6.1,12.9,100,0.50,0.0
2023-02-02T08:00,-1.1,88,-2.8,-5.8,14.8,100,0.00,0.0
2023-02-02T09:00,-0.9,91,-2.2,-4.9,10.4,100,0.10,5.0
2023-02-02T10:00,-0.2,87,-2.1,-4.9,15.1,100,0.10,70.0
2023-02-02T11:00,-0.1,89,-1.6,-3.6,7.7,100,0.40,55.0
2023-02-02T12:00,0.6,89,-0.9,-3.5,13.2,100,0.40,95.0
2023-02-02T13:00,1.9,84,-0.6,-2.4,14.2,100,0.10,212.0
2023-02-02T14:00,1.9,83,-0.6,-2.4,13.9,100,0.00,137.0
2023-02-02T15:00,1.4,86,-0.6,-3.0,14.8,100,0.20,75.0
2023-02-02T16:00,1.3,89,-0.2,-2.9,13.7,100,0.40,85.0
2023-02-02T17:00,1.5,88,-0.3,-2.5,12.3,100,0.50,53.0
2023-02-02T18:00,1.8,87,-0.2,-2.6,15.5,100,0.00,56.0
2023-02-02T19:00,0.0,95,-0.7,-3.3,7.5,96,0.10,26.0
2023-02-02T20:00,0.2,94,-0.6,-3.5,10.0,100,1.20,0.0
2023-02-02T21:00,0.2,94,-0.8,-3.5,9.4,100,0.30,0.0
2023-02-02T22:00,0.4,93,-0.6,-3.1,8.9,97,0.00,0.0
2023-02-02T23:00,0.1,93,-0.9,-3.7,10.5,100,0.00,0.0
2023-02-03T00:00,0.4,92,-0.7,-3.4,10.7,100,0.00,0.0
2023-02-03T01:00,-0.3,92,-1.5,-4.1,10.0,13,0.00,0.0
2023-02-03T02:00,-0.6,91,-1.9,-4.4,10.2,2,0.00,0.0
2023-02-03T03:00,-0.8,90,-2.2,-4.5,9.3,3,0.00,0.0
2023-02-03T04:00,-1.0,90,-2.5,-4.7,8.2,24,0.00,0.0
2023-02-03T05:00,-0.7,88,-2.4,-4.4,8.3,1,0.00,0.0
2023-02-03T06:00,-0.8,86,-2.8,-4.6,8.9,1,0.00,0.0
2023-02-03T07:00,-0.4,88,-2.2,-4.4,10.8,0,0.00,0.0
2023-02-03T08:00,-0.6,87,-2.5,-4.5,10.1,0,0.00,0.0
2023-02-03T09:00,-0.3,86,-2.4,-4.1,9.0,0,0.00,20.0
2023-02-03T10:00,1.8,80,-1.2,-1.7,7.6,0,0.00,176.0
2023-02-03T11:00,3.5,76,-0.4,0.2,7.3,0,0.00,372.0
2023-02-03T12:00,5.4,69,0.2,2.1,8.7,0,0.00,537.0
2023-02-03T13:00,7.2,62,0.4,4.5,8.6,0,0.00,648.0
2023-02-03T14:00,8.6,57,0.6,6.3,8.0,0,0.00,696.0
2023-02-03T15:00,9.5,53,0.3,7.5,5.1,0,0.00,675.0
2023-02-03T16:00,10.0,50,0.2,7.8,2.1,0,0.00,587.0
2023-02-03T17:00,10.1,49,-0.2,7.9,0.4,0,0.00,441.0
2023-02-03T18:00,9.7,53,0.5,7.4,2.0,0,0.00,255.0
2023-02-03T19:00,5.3,62,-1.3,1.5,9.9,0,0.00,67.0
2023-02-03T20:00,4.0,66,-1.9,0.2,9.8,0,0.00,0.0
2023-02-03T21:00,4.1,64,-2.2,0.4,8.0,3,0.00,0.0
2023-02-03T22:00,1.1,77,-2.5,-3.0,11.3,57,0.00,0.0
2023-02-03T23:00,0.7,82,-2.0,-3.0,9.0,0,0.00,0.0
2023-02-04T00:00,-0.2,86,-2.3,-4.2,10.0,0,0.00,0.0
2023-02-04T01:00,-0.9,86,-2.9,-5.0,11.0,44,0.00,0.0
2023-02-04T02:00,-0.9,86,-3.0,-4.8,9.9,10,0.00,0.0
2023-02-04T03:00,-0.6,86,-2.7,-4.3,8.4,24,0.00,0.0
2023-02-04T04:00,-0.7,86,-2.7,-4.4,8.3,0,0.00,0.0
2023-02-04T05:00,-1.0,88,-2.8,-4.7,8.2,0,0.00,0.0
2023-02-04T06:00,-1.1,88,-2.8,-4.9,8.7,48,0.00,0.0
2023-02-04T07:00,0.6,88,-1.1,-3.1,9.7,98,0.00,0.0
2023-02-04T08:00,1.1,88,-0.6,-2.6,10.6,93,0.00,0.0
2023-02-04T09:00,2.5,87,0.5,-1.3,11.6,100,0.00,17.0
2023-02-04T10:00,4.9,82,2.0,0.7,16.6,100,0.00,143.0
2023-02-04T11:00,7.3,74,3.0,3.2,17.3,100,0.00,271.0
2023-02-04T12:00,9.4,68,3.8,4.7,22.4,100,0.00,385.0
2023-02-04T13:00,11.4,63,4.6,6.9,22.8,100,0.00,562.0
2023-02-04T14:00,13.1,60,5.4,8.9,23.8,83,0.00,658.0
2023-02-04T15:00,14.0,58,5.9,10.1,23.5,58,0.00,659.0
2023-02-04T16:00,14.4,58,6.2,10.4,22.0,0,0.00,580.0
2023-02-04T17:00,14.4,58,6.2,10.4,21.1,0,0.00,437.0
2023-02-04T18:00,13.8,61,6.4,9.9,20.2,0,0.00,253.0
2023-02-04T19:00,11.1,74,6.7,8.2,14.2,0,0.00,68.0
2023-02-04T20:00,9.9,78,6.2,7.0,14.1,0,0.00,0.0
2023-02-04T21:00,9.0,81,5.9,5.9,14.4,0,0.00,0.0
2023-02-04T22:00,8.8,81,5.8,5.1,18.0,81,0.00,0.0
2023-02-04T23:00,9.1,79,5.7,5.6,16.8,100,0.00,0.0
2023-02-05T00:00,8.9,82,5.9,5.8,14.0,94,0.00,0.0
2023-02-05T01:00,8.3,85,6.0,5.2,14.2,0,0.00,0.0
2023-02-05T02:00,7.6,87,5.7,4.6,13.3,0,0.00,0.0
2023-02-05T03:00,7.2,88,5.3,4.2,12.1,0,0.00,0.0
2023-02-05T04:00,6.3,90,4.8,3.6,10.1,0,0.00,0.0
2023-02-05T05:00,5.9,90,4.4,3.0,10.6,0,0.00,0.0
2023-02-05T06:00,5.3,91,4.1,2.6,9.2,0,0.00,0.0
2023-02-05T07:00,6.2,91,4.9,3.5,10.3,0,0.00,0.0
2023-02-05T08:00,4.9,94,4.0,2.2,8.5,0,0.00,0.0
2023-02-05T09:00,5.5,93,4.5,3.1,7.4,0,0.00,21.0
2023-02-05T10:00,8.2,87,6.2,5.9,10.0,0,0.00,176.0
2023-02-05T11:00,10.8,79,7.3,8.8,9.3,0,0.00,368.0
2023-02-05T12:00,13.2,71,8.1,11.5,8.9,8,0.00,530.0
2023-02-05T13:00,15.2,66,8.9,14.2,8.8,16,0.00,642.0
2023-02-05T14:00,16.8,63,9.6,16.4,7.7,1,0.00,690.0
2023-02-05T15:00,17.9,60,10.1,17.5,7.9,10,0.00,669.0
2023-02-05T16:00,18.5,60,10.5,17.6,8.6,4,0.00,582.0
2023-02-05T17:00,18.8,59,10.6,17.5,10.0,0,0.00,440.0
2023-02-05T18:00,18.0,63,10.9,16.8,10.3,0,0.00,256.0
2023-02-05T19:00,15.5,71,10.2,14.0,10.8,0,0.00,70.0
2023-02-05T20:00,14.6,76,10.3,12.7,13.4,0,0.00,0.0
2023-02-05T21:00,13.9,78,10.1,11.7,15.6,0,0.00,0.0
2023-02-05T22:00,13.4,81,10.2,11.2,15.8,0,0.00,0.0
2023-02-05T23:00,13.1,84,10.4,10.8,16.3,0,0.00,0.0
2023-02-06T00:00,12.8,86,10.6,10.7,15.9,0,0.00,0.0
2023-02-06T01:00,12.8,88,10.8,10.7,15.5,0,0.00,0.0
2023-02-06T02:00,12.4,89,10.6,10.7,12.6,0,0.00,0.0
2023-02-06T03:00,11.8,90,10.2,10.2,11.6,0,0.00,0.0
2023-02-06T04:00,11.6,91,10.1,9.8,12.6,0,0.00,0.0
2023-02-06T05:00,11.2,92,9.9,9.5,12.3,0,0.00,0.0
2023-02-06T06:00,11.1,93,10.0,9.2,12.6,27,0.00,0.0
2023-02-06T07:00,11.9,94,11.0,10.1,14.8,80,0.00,0.0
2023-02-06T08:00,11.9,95,11.2,10.0,15.5,99,0.00,0.0
2023-02-06T09:00,12.7,97,12.2,10.8,18.2,100,0.00,20.0
2023-02-06T10:00,14.5,97,13.9,12.8,20.4,100,0.00,87.0
2023-02-06T11:00,15.4,95,14.5,13.7,21.6,100,0.00,89.0
2023-02-06T12:00,16.0,92,14.8,13.6,27.4,100,0.20,146.0
2023-02-06T13:00,17.0,87,14.8,14.5,28.5,100,0.10,201.0
2023-02-06T14:00,17.9,83,15.0,15.2,30.0,100,0.10,210.0
2023-02-06T15:00,20.0,69,14.1,15.9,37.1,100,0.10,371.0
2023-02-06T16:00,21.0,61,13.2,16.8,36.0,100,0.00,341.0
2023-02-06T17:00,21.4,58,12.7,17.6,31.5,100,0.00,328.0
2023-02-06T18:00,21.0,60,12.9,18.1,26.3,100,0.00,230.0
2023-02-06T19:00,19.4,68,13.4,17.2,21.8,100,0.00,54.0
2023-02-06T20:00,19.0,69,13.1,16.6,22.9,91,0.00,0.0
2023-02-06T21:00,18.0,73,13.1,15.8,21.2,85,0.00,0.0
2023-02-06T22:00,17.4,78,13.6,15.5,20.5,42,0.00,0.0
2023-02-06T23:00,16.8,78,12.9,14.5,22.3,15,0.00,0.0
2023-02-07T00:00,16.2,79,12.6,13.5,24.3,16,0.00,0.0
2023-02-07T01:00,15.6,85,13.1,13.1,23.9,43,0.00,0.0
2023-02-07T02:00,15.2,90,13.6,12.9,23.5,100,0.00,0.0
2023-02-07T03:00,15.6,89,13.8,13.8,20.4,100,0.00,0.0
2023-02-07T04:00,15.9,86,13.6,14.8,16.2,100,0.00,0.0
2023-02-07T05:00,15.7,88,13.6,14.8,14.3,100,0.00,0.0
2023-02-07T06:00,15.5,89,13.7,15.3,9.3,100,0.10,0.0
2023-02-07T07:00,15.6,94,14.7,15.8,9.0,100,0.20,0.0
2023-02-07T08:00,15.4,94,14.4,15.4,10.2,100,1.00,0.0
2023-02-07T09:00,15.1,93,14.0,14.4,13.1,80,0.20,12.0
2023-02-07T10:00,15.9,93,14.8,15.2,15.8,72,0.00,126.0
2023-02-07T11:00,17.2,86,14.9,17.6,8.4,100,3.10,241.0
2023-02-07T12:00,15.0,91,13.5,13.8,16.2,100,6.40,94.0
2023-02-07T13:00,14.3,90,12.7,12.2,20.4,100,2.50,146.0
2023-02-07T14:00,13.9,93,12.8,12.0,18.8,100,0.80,116.0
2023-02-07T15:00,13.9,93,12.9,12.2,17.9,100,1.20,122.0
2023-02-07T16:00,13.4,91,11.9,11.0,20.9,100,0.40,66.0
2023-02-07T17:00,12.9,89,11.0,9.6,24.7,100,0.10,77.0
2023-02-07T18:00,11.6,89,9.8,7.5,27.9,100,0.70,32.0
2023-02-07T19:00,7.6,90,6.0,3.5,21.2,100,0.30,14.0
2023-02-07T20:00,7.8,90,6.3,3.8,21.7,100,0.20,0.0
2023-02-07T21:00,7.8,94,6.9,4.1,20.6,100,0.40,0.0
2023-02-07T22:00,8.2,93,7.1,4.6,19.8,100,1.40,0.0
2023-02-07T23:00,8.2,93,7.2,4.7,18.8,100,7.90,0.0
2023-02-08T00:00,8.4,93,7.3,5.1,17.7,100,4.20,0.0
2023-02-08T01:00,8.6,93,7.6,4.9,20.5,100,1.00,0.0
2023-02-08T02:00,8.7,92,7.4,5.2,19.5,100,0.10,0.0
2023-02-08T03:00,8.4,92,7.3,4.8,20.0,100,0.40,0.0
2023-02-08T04:00,8.4,92,7.2,5.0,18.3,100,0.10,0.0
2023-02-08T05:00,8.2,93,7.2,5.0,17.4,100,3.50,0.0
2023-02-08T06:00,8.2,94,7.2,5.0,17.1,100,0.30,0.0
2023-02-08T07:00,7.4,94,6.4,4.4,14.2,100,0.20,0.0
2023-02-08T08:00,7.8,91,6.6,5.3,11.8,100,0.00,0.0
2023-02-08T09:00,7.6,94,6.7,5.3,10.0,100,4.10,4.0
2023-02-08T10:00,7.8,92,6.7,5.3,12.0,100,5.10,27.0
2023-02-08T11:00,7.9,90,6.3,4.9,14.5,100,1.30,44.0
2023-02-08T12:00,8.6,88,6.8,5.0,19.5,100,5.80,142.0
2023-02-08T13:00,8.6,88,6.8,5.2,17.2,100,2.90,49.0
2023-02-08T14:00,9.4,81,6.2,5.3,21.2,100,0.10,199.0
2023-02-08T15:00,9.6,79,6.1,5.0,25.1,100,0.70,211.0
2023-02-08T16:00,9.6,73,4.8,4.6,25.0,100,0.00,148.0
2023-02-08T17:00,10.1,68,4.4,5.1,24.7,98,0.00,125.0
2023-02-08T18:00,9.7,64,3.3,4.2,26.8,49,0.00,201.0
2023-02-08T19:00,7.8,70,2.7,2.7,23.5,1,0.00,75.0
2023-02-08T20:00,7.4,72,2.7,3.2,17.9,1,0.00,0.0
2023-02-08T21:00,5.4,81,2.5,2.1,11.1,0,0.00,0.0
2023-02-08T22:00,4.3,87,2.3,1.4,7.8,0,0.00,0.0
2023-02-08T23:00,3.5,91,2.2,0.7,7.2,0,0.00,0.0
2023-02-09T00:00,3.2,92,2.0,0.2,7.8,0,0.00,0.0
2023-02-09T01:00,2.3,94,1.5,-0.6,6.8,0,0.00,0.0
2023-02-09T02:00,1.8,95,1.1,-1.0,5.9,0,0.00,0.0
2023-02-09T03:00,1.2,97,0.8,-1.7,6.1,0,0.00,0.0
2023-02-09T04:00,0.8,98,0.5,-2.2,6.8,0,0.00,0.0
2023-02-09T05:00,0.5,98,0.2,-2.9,8.7,0,0.00,0.0
2023-02-09T06:00,0.8,97,0.4,-2.5,8.4,0,0.00,0.0
2023-02-09T07:00,1.4,99,1.2,-1.8,8.7,0,0.00,0.0
2023-02-09T08:00,1.9,99,1.8,-1.5,10.4,97,0.00,0.0
2023-02-09T09:00,3.0,98,2.7,-0.2,10.7,14,0.00,19.0
2023-02-09T10:00,5.3,88,3.5,2.7,7.5,29,0.00,162.0
2023-02-09T11:00,7.9,80,4.7,5.7,6.6,44,0.00,374.0
2023-02-09T12:00,10.4,72,5.7,8.5,5.6,91,0.00,547.0
2023-02-09T13:00,12.4,64,5.8,11.8,1.5,78,0.00,646.0
2023-02-09T14:00,13.8,61,6.4,13.0,5.1,56,0.00,686.0
2023-02-09T15:00,14.4,61,6.9,13.6,5.9,0,0.00,683.0
2023-02-09T16:00,14.9,60,7.2,13.6,5.9,0,0.00,602.0
2023-02-09T17:00,15.0,59,7.0,13.3,6.1,0,0.00,458.0
2023-02-09T18:00,14.8,60,6.9,13.4,4.1,0,0.00,271.0
2023-02-09T19:00,12.6,66,6.4,10.2,10.4,0,0.00,81.0
2023-02-09T20:00,11.8,62,4.7,8.4,14.2,0,0.00,0.0
2023-02-09T21:00,10.3,69,4.9,6.2,20.0,0,0.00,0.0
2023-02-09T22:00,9.4,70,4.2,5.4,17.8,0,0.00,0.0
2023-02-09T23:00,8.4,72,3.7,5.1,12.6,26,0.00,0.0
2023-02-10T00:00,8.1,72,3.3,4.0,17.2,41,0.00,0.0
2023-02-10T01:00,8.1,70,2.8,3.2,22.0,96,0.00,0.0
2023-02-10T02:00,8.4,66,2.5,3.5,22.3,100,0.00,0.0
2023-02-10T03:00,8.2,65,2.1,2.9,24.1,100,0.00,0.0
2023-02-10T04:00,7.8,66,1.8,2.0,27.0,100,0.10,0.0
2023-02-10T05:00,7.1,69,1.8,1.5,25.7,100,0.10,0.0
2023-02-10T06:00,6.1,71,1.1,0.5,25.0,100,0.10,0.0
2023-02-10T07:00,5.9,76,2.1,1.7,17.2,99,0.10,0.0
2023-02-10T08:00,5.8,82,3.0,1.5,18.5,100,0.30,0.0
2023-02-10T09:00,5.8,77,2.1,1.2,19.4,100,0.10,5.0
2023-02-10T10:00,5.8,72,1.1,0.4,23.1,100,0.00,60.0
2023-02-10T11:00,5.8,70,0.6,0.3,24.2,100,0.00,157.0
2023-02-10T12:00,6.2,66,0.3,0.6,23.8,100,0.00,218.0
2023-02-10T13:00,6.7,64,0.3,1.0,24.3,100,0.00,317.0
2023-02-10T14:00,7.0,61,0.1,1.4,23.7,100,0.00,347.0
2023-02-10T15:00,7.0,59,-0.4,1.7,21.2,100,0.00,271.0
2023-02-10T16:00,6.9,58,-0.9,1.6,21.1,100,0.00,257.0
2023-02-10T17:00,6.3,57,-1.5,0.8,21.6,100,0.00,215.0
2023-02-10T18:00,5.9,54,-2.8,0.5,19.5,100,0.00,102.0
2023-02-10T19:00,4.3,62,-2.2,-0.5,16.5,99,0.00,45.0
2023-02-10T20:00,4.2,64,-2.2,-0.0,12.0,100,0.00,0.0
2023-02-10T21:00,4.3,65,-1.8,0.6,9.0,100,0.10,0.0
2023-02-10T22:00,4.2,68,-1.1,0.7,8.7,76,0.00,0.0
2023-02-10T23:00,2.6,80,-0.4,-0.5,6.2,100,0.00,0.0
2023-02-11T00:00,3.5,76,-0.4,0.0,8.4,100,0.00,0.0
2023-02-11T01:00,3.7,73,-0.8,-0.2,11.4,94,0.00,0.0
2023-02-11T02:00,2.6,76,-1.1,-1.4,11.5,100,0.00,0.0
2023-02-11T03:00,3.2,73,-1.0,-1.0,13.4,100,0.00,0.0
2023-02-11T04:00,3.4,72,-1.1,-1.1,15.0,100,0.00,0.0
2023-02-11T05:00,3.2,71,-1.5,-1.3,14.6,86,0.00,0.0
2023-02-11T06:00,2.6,76,-1.1,-1.7,13.5,18,0.00,0.0
2023-02-11T07:00,1.1,92,0.0,-2.7,11.8,45,0.00,0.0
2023-02-11T08:00,1.0,86,-1.1,-2.9,11.6,8,0.00,0.0
2023-02-11T09:00,1.2,82,-1.5,-3.0,13.0,5,0.00,28.0
2023-02-11T10:00,3.2,76,-0.7,-1.1,14.5,23,0.00,191.0
2023-02-11T11:00,4.9,72,0.3,0.8,14.1,59,0.00,342.0
2023-02-11T12:00,6.6,68,1.2,2.9,12.4,20,0.00,480.0
2023-02-11T13:00,8.2,65,2.0,5.2,11.7,1,0.00,636.0
2023-02-11T14:00,9.9,60,2.7,7.2,13.2,0,0.00,708.0
2023-02-11T15:00,10.9,58,3.0,8.3,12.7,4,0.00,698.0
2023-02-11T16:00,11.8,56,3.2,8.8,11.1,39,0.00,587.0
2023-02-11T17:00,11.7,55,2.9,8.6,9.7,1,0.00,433.0
2023-02-11T18:00,11.4,55,2.7,8.7,7.4,0,0.00,268.0
2023-02-11T19:00,11.6,53,2.3,9.3,4.0,0,0.00,87.0
2023-02-11T20:00,10.2,59,2.5,8.0,3.1,0,0.00,0.0
2023-02-11T21:00,9.0,64,2.5,7.1,1.5,0,0.00,0.0
2023-02-11T22:00,4.9,83,2.2,2.0,7.6,0,0.00,0.0
2023-02-11T23:00,3.9,86,1.8,0.9,7.9,0,0.00,0.0
2023-02-12T00:00,3.5,87,1.5,0.5,7.8,0,0.00,0.0
2023-02-12T01:00,2.8,89,1.1,-0.3,8.0,0,0.00,0.0
2023-02-12T02:00,2.6,88,0.9,-0.5,7.7,0,0.00,0.0
2023-02-12T03:00,1.5,91,0.1,-2.0,9.1,0,0.00,0.0
2023-02-12T04:00,0.8,92,-0.4,-2.7,8.9,87,0.00,0.0
2023-02-12T05:00,0.8,91,-0.5,-2.5,7.3,81,0.00,0.0
2023-02-12T06:00,1.2,89,-0.3,-2.2,8.6,100,0.00,0.0
2023-02-12T07:00,1.2,90,-0.3,-2.0,7.0,91,0.00,0.0
2023-02-12T08:00,0.8,90,-0.6,-2.6,8.0,100,0.00,0.0
2023-02-12T09:00,2.5,85,0.3,-0.4,6.0,87,0.00,26.0
2023-02-12T10:00,5.7,77,1.9,2.6,9.0,88,0.00,182.0
2023-02-12T11:00,9.2,65,3.0,6.1,10.0,0,0.00,399.0
2023-02-12T12:00,12.5,54,3.5,9.5,11.5,50,0.00,577.0
2023-02-12T13:00,14.9,44,2.7,11.9,13.9,53,0.00,685.0
2023-02-12T14:00,16.2,36,1.2,12.9,16.2,0,0.00,733.0
2023-02-12T15:00,17.1,33,0.8,13.4,17.7,0,0.00,719.0
2023-02-12T16:00,17.4,36,2.1,13.5,17.3,6,0.00,628.0
2023-02-12T17:00,17.2,37,2.5,13.1,16.8,0,0.00,480.0
2023-02-12T18:00,16.3,42,3.4,12.9,13.0,0,0.00,289.0
2023-02-12T19:00,13.7,50,3.5,10.6,10.9,0,0.00,92.0
2023-02-12T20:00,12.8,49,2.3,8.9,15.1,0,0.00,1.0
2023-02-12T21:00,11.9,52,2.2,7.6,16.9,0,0.00,0.0
2023-02-12T22:00,11.4,51,1.6,6.9,17.5,24,0.00,0.0
2023-02-12T23:00,10.6,54,1.8,6.2,17.8,66,0.00,0.0
2023-02-13T00:00,10.0,56,1.7,5.7,16.9,79,0.00,0.0
2023-02-13T01:00,9.2,57,1.1,5.2,14.4,79,0.00,0.0
2023-02-13T02:00,7.8,57,-0.1,4.4,8.9,47,0.00,0.0
2023-02-13T03:00,6.9,56,-1.3,3.3,9.0,60,0.00,0.0
2023-02-13T04:00,6.7,54,-1.9,2.7,10.7,65,0.00,0.0
2023-02-13T05:00,6.2,56,-1.9,2.4,9.5,59,0.00,0.0
2023-02-13T06:00,4.9,62,-1.8,1.3,8.7,100,0.00,0.0
2023-02-13T07:00,6.6,52,-2.6,2.6,10.0,100,0.00,0.0
2023-02-13T08:00,5.9,55,-2.3,2.2,8.8,100,0.00,0.0
2023-02-13T09:00,6.8,57,-1.2,3.1,10.2,100,0.00,30.0
2023-02-13T10:00,9.9,55,1.3,6.5,10.5,100,0.00,196.0
2023-02-13T11:00,12.4,49,2.0,9.0,10.8,100,0.00,353.0
2023-02-13T12:00,14.7,43,2.3,11.3,11.5,100,0.00,521.0
2023-02-13T13:00,16.3,40,2.8,13.2,11.5,100,0.00,592.0
2023-02-13T14:00,17.4,40,3.7,15.2,8.0,100,0.00,644.0
2023-02-13T15:00,17.9,41,4.3,14.9,11.7,100,0.00,562.0
2023-02-13T16:00,17.5,44,4.9,14.1,14.8,100,0.00,312.0
2023-02-13T17:00,17.0,52,7.1,14.0,15.9,100,0.00,178.0
2023-02-13T18:00,16.4,59,8.2,14.0,13.0,100,0.00,84.0
2023-02-13T19:00,15.6,61,8.1,12.9,15.1,100,0.00,33.0
2023-02-13T20:00,14.9,68,9.1,12.1,17.9,100,0.00,0.0
2023-02-13T21:00,14.9,72,9.9,12.0,20.1,100,0.10,0.0
2023-02-13T22:00,15.6,68,9.8,11.9,24.9,100,0.00,0.0
2023-02-13T23:00,16.0,64,9.2,11.7,28.6,100,0.00,0.0
2023-02-14T00:00,16.2,67,10.2,11.4,33.9,100,0.00,0.0
2023-02-14T01:00,15.7,74,11.1,11.2,33.4,100,0.10,0.0
2023-02-14T02:00,15.4,81,12.1,11.6,30.2,100,0.00,0.0
2023-02-14T03:00,15.7,84,13.1,11.3,37.1,100,0.20,0.0
2023-02-14T04:00,15.2,89,13.4,11.8,30.6,100,0.40,0.0
2023-02-14T05:00,15.2,91,13.8,12.4,27.9,100,1.50,0.0
2023-02-14T06:00,15.2,90,13.6,12.4,27.4,100,1.80,0.0
2023-02-14T07:00,14.2,91,12.8,10.7,29.9,100,0.90,0.0
2023-02-14T08:00,12.2,82,9.2,8.8,22.6,95,1.30,0.0
2023-02-14T09:00,11.3,80,8.1,9.0,12.4,100,1.40,10.0
2023-02-14T10:00,12.3,73,7.7,9.0,18.4,69,0.00,41.0
2023-02-14T11:00,14.8,65,8.2,11.1,21.6,44,0.00,212.0
2023-02-14T12:00,17.6,45,5.7,11.7,33.4,0,0.00,516.0
2023-02-14T13:00,19.0,29,0.8,11.3,43.2,0,0.00,702.0
2023-02-14T14:00,19.4,28,0.6,11.9,42.9,0,0.00,751.0
2023-02-14T15:00,20.0,29,1.4,12.7,41.2,0,0.00,726.0
2023-02-14T16:00,20.3,28,1.4,12.7,41.0,0,0.00,638.0
2023-02-14T17:00,20.3,30,2.1,13.4,35.2,0,0.00,492.0
2023-02-14T18:00,19.5,33,3.0,13.8,28.6,31,0.00,301.0
2023-02-14T19:00,17.0,41,3.6,13.8,11.7,70,0.00,99.0
2023-02-14T20:00,14.9,46,3.5,11.8,11.2,91,0.00,1.0
2023-02-14T21:00,13.8,49,3.2,10.5,11.2,100,0.00,0.0
2023-02-14T22:00,13.9,47,2.8,10.3,12.7,99,0.00,0.0
2023-02-14T23:00,13.4,47,2.4,9.7,13.2,95,0.00,0.0
2023-02-15T00:00,12.9,47,1.9,9.1,13.9,98,0.00,0.0
2023-02-15T01:00,12.6,46,1.2,8.5,14.9,100,0.00,0.0
2023-02-15T02:00,12.3,44,0.3,8.1,14.4,100,0.00,0.0
2023-02-15T03:00,12.1,42,-0.4,7.9,13.2,99,0.00,0.0
2023-02-15T04:00,11.1,44,-0.6,7.5,10.2,100,0.00,0.0
2023-02-15T05:00,9.8,51,0.1,6.5,8.2,100,0.00,0.0
2023-02-15T06:00,8.4,57,0.4,5.1,8.5,93,0.00,0.0
2023-02-15T07:00,9.8,53,0.6,6.1,11.7,91,0.00,0.0
2023-02-15T08:00,10.9,47,-0.2,6.7,14.0,100,0.00,0.0
2023-02-15T09:00,11.7,50,1.8,7.8,13.8,61,0.00,36.0
2023-02-15T10:00,15.1,56,6.6,11.9,16.6,0,0.00,217.0
2023-02-15T11:00,18.2,59,9.9,16.5,11.5,13,0.00,420.0
2023-02-15T12:00,20.2,61,12.5,18.7,16.9,0,0.00,588.0
2023-02-15T13:00,22.0,62,14.4,21.4,19.1,0,0.00,696.0
2023-02-15T14:00,22.9,62,15.1,21.3,28.2,9,0.00,736.0
2023-02-15T15:00,24.1,58,15.2,21.9,30.3,4,0.00,669.0
2023-02-15T16:00,23.8,60,15.5,21.0,33.6,15,0.00,605.0
2023-02-15T17:00,23.7,59,15.1,20.3,34.8,1,0.00,455.0
2023-02-15T18:00,23.2,62,15.5,20.8,29.1,8,0.00,288.0
2023-02-15T19:00,22.0,73,17.0,21.8,18.1,14,0.00,91.0
2023-02-15T20:00,21.1,75,16.6,20.2,22.0,17,0.00,1.0
2023-02-15T21:00,21.0,78,17.0,20.3,22.4,8,0.00,0.0
2023-02-15T22:00,20.8,82,17.6,19.9,24.8,2,0.00,0.0
2023-02-15T23:00,20.0,88,17.9,19.3,24.4,0,0.00,0.0
2023-02-16T00:00,18.7,91,17.1,17.5,25.4,90,0.40,0.0
2023-02-16T01:00,16.2,81,12.9,11.6,37.8,81,0.20,0.0
2023-02-16T02:00,12.2,73,7.5,6.8,32.7,13,0.00,0.0
2023-02-16T03:00,9.8,72,4.9,4.6,27.5,67,0.00,0.0
2023-02-16T04:00,7.9,67,2.2,2.1,28.4,24,0.00,0.0
2023-02-16T05:00,6.5,65,0.4,0.7,25.6,100,0.00,0.0
2023-02-16T06:00,6.4,59,-1.0,0.6,24.3,100,0.00,0.0
2023-02-16T07:00,5.8,61,-1.1,0.3,22.1,100,0.00,0.0
2023-02-16T08:00,5.6,59,-1.9,-0.2,22.7,100,0.00,0.0
2023-02-16T09:00,5.2,57,-2.7,-0.8,24.0,100,0.00,8.0
2023-02-16T10:00,4.2,58,-3.2,-1.9,24.7,100,0.00,48.0
2023-02-16T11:00,3.8,57,-4.0,-2.8,26.8,100,0.00,115.0
2023-02-16T12:00,4.6,53,-4.2,-1.8,25.0,100,0.00,251.0
2023-02-16T13:00,6.3,46,-4.4,0.2,25.6,99,0.00,613.0
2023-02-16T14:00,6.9,43,-4.8,1.3,24.8,19,0.00,712.0
2023-02-16T15:00,7.7,40,-4.9,2.1,24.7,100,0.00,726.0
2023-02-16T16:00,7.9,39,-5.1,1.7,25.8,100,0.00,624.0
2023-02-16T17:00,7.4,40,-5.3,0.8,25.7,100,0.00,436.0
2023-02-16T18:00,6.8,39,-6.1,0.4,24.3,100,0.00,228.0
2023-02-16T19:00,5.5,40,-6.9,0.0,17.1,99,0.00,73.0
2023-02-16T20:00,4.6,44,-6.8,-0.7,15.8,10,0.00,1.0
2023-02-16T21:00,4.2,45,-6.8,-1.1,16.0,0,0.00,0.0
2023-02-16T22:00,3.7,46,-6.9,-1.7,16.9,0,0.00,0.0
2023-02-16T23:00,3.2,47,-7.1,-2.8,21.3,1,0.00,0.0
2023-02-17T00:00,2.5,50,-7.0,-3.6,21.1,0,0.00,0.0
2023-02-17T01:00,1.9,52,-7.1,-4.3,21.5,0,0.00,0.0
2023-02-17T02:00,1.5,53,-7.2,-4.6,21.1,0,0.00,0.0
2023-02-17T03:00,1.0,54,-7.2,-4.9,20.3,0,0.00,0.0
2023-02-17T04:00,0.8,55,-7.3,-5.1,19.6,0,0.00,0.0
2023-02-17T05:00,0.4,56,-7.2,-5.3,18.7,0,0.00,0.0
2023-02-17T06:00,0.2,58,-7.2,-5.5,18.5,0,0.00,0.0
2023-02-17T07:00,-0.3,66,-5.9,-5.0,12.4,0,0.00,0.0
2023-02-17T08:00,-0.9,68,-6.0,-5.4,11.1,0,0.00,0.0
2023-02-17T09:00,-0.1,69,-5.1,-4.6,11.8,0,0.00,41.0
2023-02-17T10:00,1.7,61,-4.9,-2.6,10.5,0,0.00,229.0
2023-02-17T11:00,3.2,59,-4.2,-0.9,9.5,0,0.00,436.0
2023-02-17T12:00,4.7,56,-3.3,1.2,8.8,0,0.00,608.0
2023-02-17T13:00,6.2,52,-3.0,3.5,8.6,0,0.00,724.0
2023-02-17T14:00,7.5,47,-3.0,5.0,8.7,0,0.00,774.0
2023-02-17T15:00,8.4,42,-3.8,5.7,8.2,11,0.00,753.0
2023-02-17T16:00,8.9,39,-4.2,5.8,7.4,39,0.00,663.0
2023-02-17T17:00,8.9,39,-4.3,5.2,6.9,39,0.00,513.0
2023-02-17T18:00,8.6,40,-4.4,5.2,5.0,7,0.00,317.0
2023-02-17T19:00,6.9,53,-2.0,3.6,6.5,0,0.00,109.0
2023-02-17T20:00,5.3,50,-4.3,1.5,7.7,0,0.00,2.0
2023-02-17T21:00,3.6,57,-4.2,-0.5,9.7,93,0.00,0.0
2023-02-17T22:00,2.5,64,-3.7,-1.5,9.9,100,0.00,0.0
2023-02-17T23:00,2.4,72,-2.2,-1.4,9.0,100,0.00,0.0
2023-02-18T00:00,1.8,77,-1.8,-2.1,10.5,100,0.00,0.0
2023-02-18T01:00,1.9,75,-2.2,-1.8,8.1,75,0.00,0.0
2023-02-18T02:00,1.7,70,-3.2,-2.1,8.2,97,0.00,0.0
2023-02-18T03:00,1.0,74,-3.2,-2.9,9.2,100,0.00,0.0
2023-02-18T04:00,1.3,73,-3.1,-2.4,7.5,91,0.00,0.0
2023-02-18T05:00,0.2,78,-3.2,-3.7,9.0,0,0.00,0.0
2023-02-18T06:00,-0.3,80,-3.2,-4.2,9.0,39,0.00,0.0
2023-02-18T07:00,0.1,76,-3.6,-3.7,8.1,66,0.00,0.0
2023-02-18T08:00,0.2,74,-4.0,-3.8,9.1,77,0.00,0.0
2023-02-18T09:00,2.3,65,-3.5,-1.9,10.9,98,0.00,39.0
2023-02-18T10:00,5.1,60,-2.0,1.1,10.5,96,0.00,174.0
2023-02-18T11:00,7.9,49,-2.3,3.3,14.4,100,0.00,389.0
2023-02-18T12:00,9.4,37,-4.4,3.8,19.8,100,0.00,515.0
2023-02-18T13:00,10.1,37,-3.8,4.7,21.0,100,0.00,599.0
2023-02-18T14:00,10.4,38,-3.5,4.8,20.5,100,0.00,499.0
2023-02-18T15:00,10.9,37,-3.3,5.3,20.4,100,0.00,487.0
2023-02-18T16:00,10.4,38,-3.2,4.8,21.2,100,0.00,256.0
2023-02-18T17:00,10.2,41,-2.5,4.8,19.8,100,0.00,150.0
2023-02-18T18:00,10.4,41,-2.2,5.2,18.9,100,0.00,183.0
2023-02-18T19:00,9.6,42,-2.7,5.0,14.0,100,0.00,49.0
2023-02-18T20:00,8.9,46,-2.2,4.2,15.5,100,0.00,1.0
2023-02-18T21:00,8.8,48,-1.5,3.6,19.1,100,0.00,0.0
2023-02-18T22:00,8.8,47,-2.0,3.4,20.2,100,0.00,0.0
2023-02-18T23:00,8.6,48,-1.8,3.4,18.9,100,0.00,0.0
2023-02-19T00:00,8.3,50,-1.4,3.4,17.7,100,0.00,0.0
2023-02-19T01:00,8.4,49,-1.6,3.4,18.0,100,0.00,0.0
2023-02-19T02:00,8.3,47,-2.2,3.4,17.1,100,0.00,0.0
2023-02-19T03:00,7.8,46,-3.0,2.9,16.6,100,0.00,0.0
2023-02-19T04:00,7.6,44,-3.8,2.4,17.2,100,0.00,0.0
2023-02-19T05:00,7.8,43,-4.0,2.4,18.8,100,0.00,0.0
2023-02-19T06:00,7.8,44,-3.8,2.3,20.1,100,0.00,0.0
2023-02-19T07:00,8.2,41,-4.3,2.2,22.4,100,0.00,0.0
2023-02-19T08:00,7.9,41,-4.5,2.0,22.0,100,0.00,0.0
2023-02-19T09:00,8.6,43,-3.1,3.0,21.3,100,0.00,31.0
2023-02-19T10:00,10.6,47,-0.2,5.9,17.3,100,0.00,161.0
2023-02-19T11:00,12.2,45,0.7,7.8,16.4,100,0.00,256.0
2023-02-19T12:00,14.3,44,2.1,9.6,20.1,100,0.00,442.0
2023-02-19T13:00,16.4,41,3.0,11.2,24.5,100,0.00,555.0
2023-02-19T14:00,17.3,41,3.8,12.9,20.2,100,0.00,423.0
2023-02-19T15:00,16.8,47,5.3,13.0,17.8,100,0.00,180.0
2023-02-19T16:00,18.6,46,6.7,15.3,17.1,100,0.00,363.0
2023-02-19T17:00,19.9,46,8.0,17.2,14.5,100,0.00,413.0
2023-02-19T18:00,18.9,55,9.5,17.3,9.7,100,0.00,173.0
2023-02-19T19:00,17.6,55,8.5,15.5,12.3,100,0.00,53.0
2023-02-19T20:00,16.6,60,8.7,13.7,17.9,100,0.00,1.0
2023-02-19T21:00,16.0,59,7.9,12.5,20.3,100,0.00,0.0
2023-02-19T22:00,15.8,59,7.9,11.8,23.5,100,0.00,0.0
2023-02-19T23:00,15.9,60,8.0,11.5,26.1,100,0.00,0.0
2023-02-20T00:00,16.1,57,7.7,11.6,26.8,100,0.00,0.0
2023-02-20T01:00,16.4,58,8.1,11.8,27.5,100,0.00,0.0
2023-02-20T02:00,16.5,57,7.9,11.9,27.8,100,0.00,0.0
2023-02-20T03:00,16.4,54,7.2,12.0,24.9,100,0.00,0.0
2023-02-20T04:00,15.4,56,6.6,11.9,17.4,100,0.00,0.0
2023-02-20T05:00,14.9,57,6.3,11.4,17.3,100,0.00,0.0
2023-02-20T06:00,14.2,57,5.9,10.8,16.6,100,0.00,0.0
2023-02-20T07:00,15.5,52,5.7,11.7,18.9,100,0.00,0.0
2023-02-20T08:00,16.1,50,5.7,12.0,21.1,100,0.00,0.0
2023-02-20T09:00,17.2,48,6.1,12.5,25.8,100,0.00,27.0
2023-02-20T10:00,18.4,47,6.8,13.5,28.0,100,0.00,112.0
2023-02-20T11:00,19.9,46,7.8,15.2,28.2,100,0.00,236.0
2023-02-20T12:00,21.4,46,9.2,17.3,27.0,100,0.00,394.0
2023-02-20T13:00,22.5,44,9.5,18.0,29.3,100,0.00,425.0
2023-02-20T14:00,23.5,42,9.8,19.0,30.5,100,0.00,479.0
2023-02-20T15:00,24.1,42,10.3,20.3,27.3,100,0.00,455.0
2023-02-20T16:00,25.1,38,9.8,21.2,26.1,100,0.00,484.0
2023-02-20T17:00,25.0,42,11.1,22.8,17.9,100,0.00,434.0
2023-02-20T18:00,23.9,55,14.4,24.6,4.8,100,0.00,268.0
2023-02-20T19:00,21.2,63,14.0,21.3,8.7,100,0.00,71.0
2023-02-20T20:00,20.3,59,12.1,19.6,9.5,100,0.00,2.0
2023-02-20T21:00,21.1,49,10.1,18.7,16.8,100,0.00,0.0
2023-02-20T22:00,20.8,52,10.6,17.9,20.8,100,0.00,0.0
2023-02-20T23:00,19.9,54,10.3,17.6,16.1,100,0.00,0.0
2023-02-21T00:00,18.4,57,9.9,17.1,8.7,100,0.00,0.0
2023-02-21T01:00,18.5,54,8.9,15.9,15.6,100,0.00,0.0
2023-02-21T02:00,17.8,52,7.8,15.5,11.6,100,0.00,0.0
2023-02-21T03:00,17.4,51,7.1,14.7,13.4,100,0.00,0.0
2023-02-21T04:00,17.2,49,6.6,14.3,14.5,99,0.00,0.0
2023-02-21T05:00,15.9,53,6.3,13.3,11.3,96,0.00,0.0
2023-02-21T06:00,15.0,56,6.2,12.3,12.1,91,0.00,0.0
2023-02-21T07:00,16.9,48,5.8,13.3,17.4,71,0.00,0.0
2023-02-21T08:00,17.5,47,6.0,14.1,16.6,93,0.00,0.0
2023-02-21T09:00,17.0,52,7.2,14.3,13.5,100,0.00,42.0
2023-02-21T10:00,18.9,55,9.6,16.8,13.7,92,0.00,199.0
2023-02-21T11:00,21.2,51,10.6,19.7,12.2,96,0.00,393.0
2023-02-21T12:00,23.1,47,11.1,21.4,15.7,93,0.00,580.0
2023-02-21T13:00,25.0,44,12.0,23.7,17.6,55,0.00,684.0
2023-02-21T14:00,27.0,40,12.4,25.8,19.9,86,0.00,746.0
2023-02-21T15:00,27.5,48,15.6,26.7,23.8,82,0.00,724.0
2023-02-21T16:00,27.9,52,17.0,26.8,26.7,45,0.00,632.0
2023-02-21T17:00,27.6,51,16.5,25.8,28.5,89,0.00,477.0
2023-02-21T18:00,26.1,64,18.7,25.4,27.0,65,0.00,265.0
2023-02-21T19:00,24.6,58,15.8,23.9,18.3,22,0.00,90.0
2023-02-21T20:00,23.5,67,17.0,22.2,25.7,51,0.00,3.0
2023-02-21T21:00,22.9,70,17.1,21.4,27.7,68,0.00,0.0
2023-02-21T22:00,22.1,73,17.0,20.7,27.0,29,0.00,0.0
2023-02-21T23:00,21.3,78,17.4,19.5,30.1,18,0.00,0.0
2023-02-22T00:00,20.6,85,18.0,18.7,33.2,34,0.00,0.0
2023-02-22T01:00,20.4,87,18.1,18.0,36.7,86,0.00,0.0
2023-02-22T02:00,20.0,88,18.0,17.5,36.7,100,0.00,0.0
2023-02-22T03:00,20.1,87,17.9,17.7,36.4,100,0.00,0.0
2023-02-22T04:00,20.1,85,17.6,17.4,37.8,100,0.00,0.0
2023-02-22T05:00,20.2,85,17.5,18.0,33.6,100,0.10,0.0
2023-02-22T06:00,19.8,89,17.9,18.3,30.3,100,0.70,0.0
2023-02-22T07:00,19.9,87,17.7,19.5,21.4,100,5.00,0.0
2023-02-22T08:00,16.1,77,12.1,13.2,24.9,99,10.50,0.0
2023-02-22T09:00,15.6,75,11.2,13.9,14.4,100,3.10,7.0
2023-02-22T10:00,15.6,71,10.4,13.8,13.6,99,5.00,49.0
2023-02-22T11:00,17.8,68,11.8,16.0,16.0,59,0.00,246.0
2023-02-22T12:00,20.5,57,11.9,18.2,19.8,70,0.00,521.0
2023-02-22T13:00,21.6,53,11.6,18.5,24.2,0,0.00,538.0
2023-02-22T14:00,23.2,50,12.2,21.2,26.2,0,0.00,793.0
2023-02-22T15:00,24.7,33,7.4,20.8,27.3,0,0.00,726.0
2023-02-22T16:00,24.9,31,6.4,20.8,25.5,0,0.00,662.0
2023-02-22T17:00,24.9,29,5.6,20.5,22.3,0,0.00,513.0
2023-02-22T18:00,23.6,34,6.8,20.3,17.1,0,0.00,325.0
2023-02-22T19:00,21.5,39,6.9,18.8,12.5,0,0.00,121.0
2023-02-22T20:00,17.9,49,7.1,15.8,9.1,0,0.00,3.0
2023-02-22T21:00,16.3,54,7.1,14.2,9.4,0,0.00,0.0
2023-02-22T22:00,16.6,57,8.1,14.2,13.3,0,0.00,0.0
2023-02-22T23:00,16.6,81,13.4,15.7,13.7,0,0.00,0.0
2023-02-23T00:00,16.8,79,13.1,15.7,13.7,0,0.00,0.0
2023-02-23T01:00,17.0,69,11.3,15.2,15.4,0,0.00,0.0
2023-02-23T02:00,16.5,70,11.1,14.6,15.1,0,0.00,0.0
2023-02-23T03:00,16.1,75,11.7,14.4,15.4,0,0.00,0.0
2023-02-23T04:00,16.0,86,13.8,15.1,15.0,0,0.00,0.0
2023-02-23T05:00,14.9,84,12.4,12.5,21.7,3,0.00,0.0
2023-02-23T06:00,14.2,60,6.6,11.7,10.9,5,0.00,0.0
2023-02-23T07:00,13.1,56,4.7,9.1,18.9,83,0.00,0.0
2023-02-23T08:00,9.9,63,3.2,5.3,21.3,67,0.00,0.0
2023-02-23T09:00,7.9,63,1.2,2.5,23.6,41,0.00,43.0
2023-02-23T10:00,7.7,62,0.9,2.6,21.3,69,0.00,209.0
2023-02-23T11:00,8.1,60,0.9,2.7,23.4,100,0.00,360.0
2023-02-23T12:00,8.6,58,0.9,3.3,23.1,100,0.00,476.0
2023-02-23T13:00,9.4,56,1.0,4.1,22.6,77,0.00,504.0
2023-02-23T14:00,10.4,54,1.6,5.8,23.0,52,0.00,677.0
2023-02-23T15:00,11.2,52,1.9,6.7,23.4,62,0.00,694.0
2023-02-23T16:00,11.9,49,1.6,7.1,23.4,33,0.00,642.0
2023-02-23T17:00,12.1,47,1.0,6.9,22.2,37,0.00,495.0
2023-02-23T18:00,11.6,46,0.4,6.5,21.5,84,0.00,303.0
2023-02-23T19:00,9.5,48,-1.0,4.4,19.5,92,0.00,113.0
2023-02-23T20:00,8.4,50,-1.4,3.5,17.8,98,0.00,3.0
2023-02-23T21:00,7.7,50,-2.0,2.6,18.4,73,0.00,0.0
2023-02-23T22:00,7.2,50,-2.6,2.0,18.3,100,0.00,0.0
2023-02-23T23:00,6.7,50,-2.9,1.5,18.2,99,0.00,0.0
2023-02-24T00:00,7.2,48,-3.2,1.7,19.6,93,0.00,0.0
2023-02-24T01:00,6.5,50,-3.2,1.3,18.2,20,0.00,0.0
2023-02-24T02:00,6.1,52,-3.1,1.0,17.2,100,0.00,0.0
2023-02-24T03:00,6.2,51,-3.2,1.3,15.4,100,0.00,0.0
2023-02-24T04:00,6.8,49,-3.0,1.9,15.8,100,0.00,0.0
2023-02-24T05:00,6.8,55,-1.7,2.2,15.1,100,0.20,0.0
2023-02-24T06:00,6.6,61,-0.3,2.3,14.7,100,0.10,0.0
2023-02-24T07:00,5.3,53,-3.4,0.2,17.7,100,0.00,0.0
2023-02-24T08:00,5.6,55,-2.8,0.9,15.1,100,0.00,0.0
2023-02-24T09:00,6.1,60,-1.2,1.1,18.0,100,0.10,21.0
2023-02-24T10:00,5.8,70,0.7,1.1,18.6,100,0.20,58.0
2023-02-24T11:00,6.0,72,1.4,1.2,19.7,100,0.20,99.0
2023-02-24T12:00,7.2,70,2.0,2.6,18.8,100,0.00,244.0
2023-02-24T13:00,7.6,69,2.2,3.0,19.1,100,0.00,229.0
2023-02-24T14:00,8.6,67,2.8,4.2,18.8,100,0.00,334.0
2023-02-24T15:00,9.1,68,3.5,5.2,17.0,100,0.00,292.0
2023-02-24T16:00,9.2,69,3.9,5.4,16.0,100,0.00,206.0
2023-02-24T17:00,9.6,69,4.2,6.0,15.0,100,0.00,208.0
2023-02-24T18:00,9.3,71,4.3,5.9,14.3,100,0.00,99.0
2023-02-24T19:00,6.4,80,3.2,2.9,13.3,100,0.00,39.0
2023-02-24T20:00,5.8,81,2.8,2.1,14.5,100,0.20,2.0
2023-02-24T21:00,5.6,78,2.0,1.5,15.5,100,0.10,0.0
2023-02-24T22:00,5.4,76,1.6,1.8,12.3,100,0.10,0.0
2023-02-24T23:00,5.5,76,1.5,1.5,14.3,100,0.00,0.0
2023-02-25T00:00,5.4,74,1.1,1.2,15.4,100,0.00,0.0
2023-02-25T01:00,5.2,76,1.4,1.1,15.0,100,0.10,0.0
2023-02-25T02:00,5.0,85,2.8,1.5,12.3,100,0.60,0.0
2023-02-25T03:00,5.1,88,3.2,1.8,11.6,100,0.60,0.0
2023-02-25T04:00,5.2,89,3.5,2.3,9.8,100,0.30,0.0
2023-02-25T05:00,5.2,90,3.7,2.0,11.8,100,0.40,0.0
2023-02-25T06:00,5.2,88,3.4,1.8,12.4,100,0.40,0.0
2023-02-25T07:00,4.0,90,2.5,0.5,12.1,100,0.10,0.0
2023-02-25T08:00,3.8,92,2.7,0.3,12.8,100,0.30,0.0
2023-02-25T09:00,4.1,91,2.7,0.4,13.6,100,1.00,7.0
2023-02-25T10:00,4.6,90,3.0,1.7,8.6,100,0.30,39.0
2023-02-25T11:00,5.2,87,3.2,2.5,7.6,100,0.00,74.0
2023-02-25T12:00,6.7,83,4.0,4.0,8.2,100,0.00,254.0
2023-02-25T13:00,7.4,81,4.4,4.9,7.9,100,0.00,214.0
2023-02-25T14:00,7.8,81,4.7,5.6,6.4,100,0.00,176.0
2023-02-25T15:00,8.6,80,5.3,6.6,5.2,100,0.00,227.0
2023-02-25T16:00,9.9,78,6.2,8.6,2.5,100,0.00,301.0
2023-02-25T17:00,10.3,77,6.4,9.1,2.3,100,0.00,192.0
2023-02-25T18:00,10.1,78,6.4,9.0,1.5,100,0.00,87.0
2023-02-25T19:00,8.1,79,4.8,5.9,6.9,100,0.00,45.0
2023-02-25T20:00,8.1,79,4.7,5.8,7.2,100,0.00,2.0
2023-02-25T21:00,8.4,80,5.1,6.6,4.0,100,0.00,0.0
2023-02-25T22:00,8.3,81,5.3,6.3,5.5,100,0.00,0.0
2023-02-25T23:00,8.4,83,5.6,6.5,5.4,100,0.00,0.0
2023-02-26T00:00,8.5,83,5.8,6.5,6.5,100,0.00,0.0
2023-02-26T01:00,8.4,85,5.9,6.4,6.5,100,0.00,0.0
2023-02-26T02:00,8.6,84,6.1,6.9,4.6,100,0.00,0.0
2023-02-26T03:00,8.8,85,6.5,7.1,5.8,100,0.10,0.0
2023-02-26T04:00,9.2,86,7.0,6.9,10.6,100,0.00,0.0
2023-02-26T05:00,9.6,89,7.9,8.6,3.3,100,0.00,0.0
2023-02-26T06:00,9.0,93,8.0,7.5,6.4,100,0.00,0.0
2023-02-26T07:00,8.8,89,7.1,7.7,2.1,99,0.00,0.0
2023-02-26T08:00,9.4,90,7.8,7.7,8.0,100,0.00,0.0
2023-02-26T09:00,10.5,90,8.9,8.8,9.4,100,0.00,25.0
2023-02-26T10:00,12.8,90,11.2,11.1,13.9,100,0.00,62.0
2023-02-26T11:00,16.6,89,14.8,15.9,16.1,100,0.00,224.0
2023-02-26T12:00,18.1,88,16.0,17.6,17.7,100,0.00,225.0
2023-02-26T13:00,19.3,87,17.0,18.7,21.3,100,0.00,230.0
2023-02-26T14:00,20.8,83,17.9,19.7,27.0,100,0.20,262.0
2023-02-26T15:00,21.2,85,18.5,20.8,24.0,86,0.00,208.0
2023-02-26T16:00,23.0,75,18.2,21.2,32.3,69,0.10,437.0
2023-02-26T17:00,23.0,74,18.0,21.3,31.4,88,0.00,290.0
2023-02-26T18:00,22.6,76,18.2,21.8,26.7,79,0.00,246.0
2023-02-26T19:00,22.5,75,17.9,21.3,28.3,14,0.00,99.0
2023-02-26T20:00,21.8,75,17.1,19.8,30.5,72,0.00,4.0
2023-02-26T21:00,21.3,76,16.8,18.8,33.4,11,0.00,0.0
2023-02-26T22:00,21.0,74,16.2,17.2,40.6,3,0.00,0.0
2023-02-26T23:00,20.1,77,16.0,15.6,45.7,43,0.00,0.0
2023-02-27T00:00,19.5,81,16.2,15.0,46.1,99,0.00,0.0
2023-02-27T01:00,19.1,86,16.7,16.4,35.1,100,6.30,0.0
2023-02-27T02:00,19.2,76,14.9,17.3,24.4,100,1.00,0.0
2023-02-27T03:00,17.9,68,11.9,15.8,17.9,100,0.00,0.0
2023-02-27T04:00,17.4,32,0.6,11.6,25.8,100,0.00,0.0
2023-02-27T05:00,16.2,21,-6.2,9.2,28.3,0,0.00,0.0
2023-02-27T06:00,13.7,21,-8.2,7.0,24.9,0,0.00,0.0
2023-02-27T07:00,11.9,26,-6.9,5.5,22.9,0,0.00,0.0
2023-02-27T08:00,10.6,29,-6.6,4.6,20.7,0,0.00,0.0
2023-02-27T09:00,10.8,36,-3.8,5.2,20.0,0,0.00,69.0
2023-02-27T10:00,12.8,39,-0.9,7.9,17.8,0,0.00,273.0
2023-02-27T11:00,14.7,35,-0.4,9.3,21.8,0,0.00,480.0
2023-02-27T12:00,16.7,34,0.8,11.8,22.7,0,0.00,646.0
2023-02-27T13:00,18.5,34,2.3,15.2,18.0,0,0.00,757.0
2023-02-27T14:00,20.0,33,3.3,17.7,14.8,0,0.00,805.0
2023-02-27T15:00,21.0,32,3.8,19.0,12.2,0,0.00,782.0
2023-02-27T16:00,21.4,32,4.2,19.9,6.8,0,0.00,692.0
2023-02-27T17:00,21.5,33,4.7,19.3,5.7,0,0.00,542.0
2023-02-27T18:00,20.8,41,7.1,18.9,7.6,2,0.00,347.0
2023-02-27T19:00,18.3,52,8.2,16.7,8.0,1,0.00,135.0
2023-02-27T20:00,15.2,55,6.2,12.7,10.8,3,0.00,6.0
2023-02-27T21:00,14.0,59,6.0,11.4,10.8,0,0.00,0.0
2023-02-27T22:00,12.6,66,6.5,10.3,10.1,0,0.00,0.0
2023-02-27T23:00,13.1,59,5.2,10.2,11.4,0,0.00,0.0
2023-02-28T00:00,13.0,56,4.3,9.8,12.5,0,0.00,0.0
2023-02-28T01:00,12.8,52,3.2,9.4,12.0,0,0.00,0.0
2023-02-28T02:00,12.0,54,2.9,8.7,11.6,0,0.00,0.0
2023-02-28T03:00,11.6,54,2.7,8.0,13.3,0,0.00,0.0
2023-02-28T04:00,11.5,51,1.8,7.7,13.7,0,0.00,0.0
2023-02-28T05:00,10.9,52,1.4,7.1,12.5,0,0.00,0.0
2023-02-28T06:00,10.4,52,1.0,6.8,11.8,0,0.00,0.0
2023-02-28T07:00,10.9,45,-0.6,6.8,12.3,16,0.00,0.0
2023-02-28T08:00,9.7,46,-1.4,6.0,9.5,0,0.00,0.0
2023-02-28T09:00,11.4,47,0.6,7.7,11.7,5,0.00,71.0
2023-02-28T10:00,14.8,49,4.1,11.9,10.1,23,0.00,273.0
2023-02-28T11:00,17.3,44,5.1,14.3,12.4,4,0.00,480.0
2023-02-28T12:00,20.0,42,6.8,18.2,11.3,0,0.00,648.0
2023-02-28T13:00,22.4,37,6.8,20.9,12.9,35,0.00,761.0
2023-02-28T14:00,23.9,31,5.6,22.4,12.0,30,0.00,807.0
2023-02-28T15:00,24.9,31,6.3,23.7,10.6,98,0.00,783.0
2023-02-28T16:00,25.5,29,6.1,23.5,11.3,100,0.00,677.0
2023-02-28T17:00,25.5,29,6.2,23.0,10.3,100,0.00,495.0
2023-02-28T18:00,24.0,43,10.7,22.9,8.6,100,0.00,302.0
2023-02-28T19:00,21.5,51,10.8,20.1,11.0,96,0.00,117.0
2023-02-28T20:00,20.4,45,7.9,18.2,11.2,100,0.00,5.0
2023-02-28T21:00,19.6,44,7.1,16.8,14.2,100,0.00,0.0
2023-02-28T22:00,19.8,48,8.4,17.0,16.2,100,0.00,0.0
2023-02-28T23:00,19.6,54,9.9,16.7,19.5,100,0.00,0.0
2023-03-01T00:00,19.4,65,12.6,17.4,18.5,100,0.00,0.0
2023-03-01T01:00,19.7,71,14.2,18.2,19.5,100,0.00,0.0
2023-03-01T02:00,19.9,75,15.3,18.6,20.5,100,0.00,0.0
2023-03-01T03:00,19.4,85,16.9,18.7,21.4,99,0.00,0.0
2023-03-01T04:00,18.9,92,17.6,18.7,19.6,100,0.00,0.0
2023-03-01T05:00,18.7,95,17.8,19.0,17.4,100,0.00,0.0
2023-03-01T06:00,18.5,95,17.8,19.3,13.8,100,0.00,0.0
2023-03-01T07:00,19.2,97,18.8,20.8,11.6,100,0.00,0.0
2023-03-01T08:00,19.1,96,18.5,19.9,16.3,99,0.10,0.0
2023-03-01T09:00,18.2,88,16.1,18.3,13.7,100,0.00,15.0
2023-03-01T10:00,18.4,90,16.6,19.2,10.7,100,0.10,49.0
2023-03-01T11:00,19.5,85,16.9,21.1,5.8,97,0.00,117.0
2023-03-01T12:00,20.0,83,17.1,21.6,6.8,91,0.30,225.0
2023-03-01T13:00,21.5,74,16.7,22.3,10.7,100,0.00,442.0
2023-03-01T14:00,22.5,72,17.2,24.1,7.2,100,0.00,486.0
2023-03-01T15:00,23.0,70,17.2,23.8,12.4,100,0.70,402.0
2023-03-01T16:00,23.4,68,17.1,24.1,12.1,100,0.00,305.0
2023-03-01T17:00,23.4,67,17.0,24.4,9.8,100,0.00,189.0
2023-03-01T18:00,23.1,69,17.2,24.9,5.9,100,0.00,121.0
2023-03-01T19:00,16.2,69,10.6,14.8,11.4,100,0.00,42.0
2023-03-01T20:00,16.1,70,10.6,15.3,7.1,100,0.00,3.0
2023-03-01T21:00,15.7,77,11.6,15.6,4.0,100,0.00,0.0
2023-03-01T22:00,15.5,80,12.0,15.8,2.4,100,0.00,0.0
2023-03-01T23:00,15.4,81,12.1,15.3,4.8,100,0.00,0.0
2023-03-02T00:00,15.2,90,13.6,15.5,6.0,100,0.00,0.0
2023-03-02T01:00,15.8,91,14.4,16.2,6.6,100,0.00,0.0
2023-03-02T02:00,15.6,93,14.4,16.4,4.0,100,0.00,0.0
2023-03-02T03:00,14.5,94,13.5,14.9,5.1,100,0.00,0.0
2023-03-02T04:00,13.8,96,13.2,14.6,1.1,100,0.00,0.0
2023-03-02T05:00,16.5,89,14.8,17.2,6.2,100,0.00,0.0
2023-03-02T06:00,15.9,97,15.4,16.2,10.0,35,0.00,0.0
2023-03-02T07:00,15.7,97,15.2,15.9,10.9,100,0.00,0.0
2023-03-02T08:00,17.0,97,16.5,17.8,10.0,98,0.00,0.0
2023-03-02T09:00,19.0,91,17.5,20.1,11.1,100,0.00,56.0
2023-03-02T10:00,21.8,82,18.6,22.5,16.9,100,0.00,177.0
2023-03-02T11:00,23.3,73,18.2,24.7,11.0,100,0.00,329.0
2023-03-02T12:00,25.1,66,18.2,26.2,13.7,100,0.00,530.0
2023-03-02T13:00,25.6,64,18.4,26.1,19.5,100,0.00,583.0
2023-03-02T14:00,23.9,73,18.7,23.5,24.6,100,1.50,441.0
2023-03-02T15:00,22.3,82,19.1,22.6,21.7,27,3.70,291.0
2023-03-02T16:00,23.6,70,18.0,23.1,23.8,50,0.20,534.0
2023-03-02T17:00,20.0,86,17.5,21.8,5.8,100,3.10,341.0
2023-03-02T18:00,18.4,91,16.9,18.1,18.4,100,9.90,29.0
2023-03-02T19:00,23.5,68,17.2,24.1,13.4,100,1.30,14.0
2023-03-02T20:00,19.1,87,16.9,17.4,28.8,100,15.70,1.0
2023-03-02T21:00,13.8,78,10.0,7.6,42.6,98,3.00,0.0
2023-03-02T22:00,13.1,78,9.4,9.1,26.6,100,2.20,0.0
2023-03-02T23:00,13.1,82,10.1,11.3,12.1,98,0.50,0.0
2023-03-03T00:00,12.7,88,10.7,11.5,9.8,100,1.10,0.0
2023-03-03T01:00,12.4,88,10.4,9.8,18.9,100,1.10,0.0
2023-03-03T02:00,12.2,90,10.6,10.6,12.9,87,0.60,0.0
2023-03-03T03:00,11.6,90,10.1,9.0,18.3,82,0.10,0.0
2023-03-03T04:00,11.1,89,9.4,8.0,20.6,96,0.00,0.0
2023-03-03T05:00,10.4,85,7.9,6.3,24.6,84,0.00,0.0
2023-03-03T06:00,9.7,75,5.5,4.4,28.9,0,0.00,0.0
2023-03-03T07:00,8.2,81,5.2,3.6,23.2,0,0.00,0.0
2023-03-03T08:00,7.2,76,3.2,2.4,22.1,0,0.00,0.0
2023-03-03T09:00,7.9,70,2.8,3.5,19.0,1,0.00,79.0
2023-03-03T10:00,9.8,58,1.9,4.8,21.4,0,0.00,283.0
2023-03-03T11:00,11.1,51,1.5,5.8,23.5,0,0.00,489.0
2023-03-03T12:00,12.4,50,2.4,8.0,22.5,7,0.00,655.0
2023-03-03T13:00,13.8,49,3.3,10.3,19.9,4,0.00,749.0
2023-03-03T14:00,15.2,48,4.3,12.4,18.9,0,0.00,812.0
2023-03-03T15:00,16.4,47,4.9,13.9,17.4,0,0.00,792.0
2023-03-03T16:00,17.1,45,5.2,14.6,14.7,0,0.00,701.0
2023-03-03T17:00,17.6,43,4.8,14.5,12.9,0,0.00,551.0
2023-03-03T18:00,17.4,41,4.1,14.3,11.0,0,0.00,356.0
2023-03-03T19:00,16.8,40,3.1,14.7,3.6,0,0.00,145.0
2023-03-03T20:00,15.6,44,3.3,13.9,1.4,0,0.00,8.0
2023-03-03T21:00,13.4,54,4.2,11.3,4.6,0,0.00,0.0
2023-03-03T22:00,9.9,72,5.1,7.3,10.0,0,0.00,0.0
2023-03-03T23:00,9.2,74,4.9,6.6,9.5,0,0.00,0.0
2023-03-04T00:00,9.3,77,5.4,6.9,8.7,0,0.00,0.0
2023-03-04T01:00,9.1,78,5.5,6.6,9.0,0,0.00,0.0
2023-03-04T02:00,8.9,78,5.3,6.5,8.8,0,0.00,0.0
2023-03-04T03:00,9.1,75,4.9,6.4,10.4,0,0.00,0.0
2023-03-04T04:00,9.1,74,4.8,6.5,9.7,0,0.00,0.0
2023-03-04T05:00,8.4,81,5.3,6.0,8.5,0,0.00,0.0
2023-03-04T06:00,8.1,85,5.7,5.7,9.3,10,0.00,0.0
2023-03-04T07:00,7.3,87,5.2,4.8,8.9,6,0.00,0.0
2023-03-04T08:00,6.9,88,5.1,4.5,8.3,16,0.00,0.0
2023-03-04T09:00,10.0,79,6.6,7.2,13.0,0,0.00,82.0
2023-03-04T10:00,13.1,70,7.8,10.8,12.0,0,0.00,286.0
2023-03-04T11:00,15.6,63,8.6,13.3,13.4,0,0.00,491.0
2023-03-04T12:00,17.6,58,9.2,15.6,16.7,0,0.00,657.0
2023-03-04T13:00,19.2,54,9.8,17.3,19.9,0,0.00,770.0
2023-03-04T14:00,20.8,51,10.2,19.6,18.1,0,0.00,818.0
2023-03-04T15:00,22.0,48,10.4,20.7,18.3,0,0.00,792.0
2023-03-04T16:00,22.8,47,10.8,21.3,17.3,0,0.00,698.0
2023-03-04T17:00,23.3,42,9.8,20.9,15.8,0,0.00,547.0
2023-03-04T18:00,22.8,45,10.3,21.3,10.7,0,0.00,354.0
2023-03-04T19:00,20.1,59,11.9,19.2,10.5,0,0.00,145.0
2023-03-04T20:00,17.8,66,11.4,16.1,14.0,0,0.00,9.0
2023-03-04T21:00,16.9,68,10.9,15.2,13.3,0,0.00,0.0
2023-03-04T22:00,15.9,71,10.6,14.2,12.8,0,0.00,0.0
2023-03-04T23:00,15.2,72,10.1,13.5,12.2,0,0.00,0.0
2023-03-05T00:00,14.6,74,9.9,12.8,12.2,0,0.00,0.0
2023-03-05T01:00,14.4,74,9.8,12.5,12.9,0,0.00,0.0
2023-03-05T02:00,13.9,76,9.6,11.9,12.4,0,0.00,0.0
2023-03-05T03:00,13.4,77,9.6,11.5,12.5,0,0.00,0.0
2023-03-05T04:00,13.4,78,9.6,11.4,13.1,0,0.00,0.0
2023-03-05T05:00,13.2,79,9.6,11.3,12.2,0,0.00,0.0
2023-03-05T06:00,12.8,82,9.9,11.0,11.9,0,0.00,0.0
2023-03-05T07:00,13.9,77,9.9,11.2,19.2,0,0.00,0.0
2023-03-05T08:00,13.3,80,10.0,10.9,16.9,0,0.00,0.0
2023-03-05T09:00,14.6,73,9.9,12.0,18.2,0,0.00,84.0
2023-03-05T10:00,16.7,67,10.6,14.4,17.0,0,0.00,288.0
2023-03-05T11:00,18.5,63,11.2,16.0,19.7,0,0.00,494.0
2023-03-05T12:00,20.3,59,11.9,18.2,22.1,0,0.00,660.0
2023-03-05T13:00,21.8,52,11.6,19.6,25.2,0,0.00,771.0
2023-03-05T14:00,22.8,48,11.3,20.6,26.1,52,0.00,819.0
2023-03-05T15:00,23.5,46,11.1,21.2,25.8,99,0.00,795.0
2023-03-05T16:00,23.7,46,11.2,20.9,26.5,38,0.00,702.0
2023-03-05T17:00,23.4,48,11.8,20.0,27.2,0,0.00,552.0
2023-03-05T18:00,22.6,52,12.4,19.7,25.1,0,0.00,358.0
2023-03-05T19:00,21.1,57,12.3,19.8,14.0,0,0.00,148.0
2023-03-05T20:00,18.9,65,12.2,17.6,13.6,0,0.00,9.0
2023-03-05T21:00,18.0,67,11.8,16.5,14.4,23,0.00,0.0
2023-03-05T22:00,17.8,63,10.6,15.5,17.2,47,0.00,0.0
2023-03-05T23:00,17.3,64,10.4,14.6,19.2,54,0.00,0.0
2023-03-06T00:00,17.0,64,10.1,14.1,20.2,78,0.00,0.0
2023-03-06T01:00,16.9,64,10.1,13.8,21.3,29,0.00,0.0
2023-03-06T02:00,16.7,66,10.4,13.6,22.1,49,0.00,0.0
2023-03-06T03:00,16.2,70,10.7,13.4,21.2,100,0.00,0.0
2023-03-06T04:00,15.5,75,11.1,13.0,19.6,100,0.00,0.0
2023-03-06T05:00,14.9,79,11.3,12.6,19.0,100,0.00,0.0
2023-03-06T06:00,14.5,81,11.3,12.5,16.3,100,0.00,0.0
2023-03-06T07:00,14.4,81,11.1,12.4,15.4,87,0.00,0.0
2023-03-06T08:00,13.6,80,10.4,11.8,13.3,100,0.00,0.0
2023-03-06T09:00,14.9,77,10.9,12.9,15.5,91,0.00,82.0
2023-03-06T10:00,17.0,72,11.9,15.3,15.9,76,0.00,283.0
2023-03-06T11:00,19.3,69,13.4,18.0,16.3,51,0.00,485.0
2023-03-06T12:00,21.2,67,14.9,21.1,15.9,13,0.00,651.0
2023-03-06T13:00,23.0,65,16.1,23.8,16.7,16,0.00,762.0
2023-03-06T14:00,24.5,63,17.0,25.8,16.9,0,0.00,805.0
2023-03-06T15:00,25.5,62,17.6,27.2,15.6,0,0.00,781.0
2023-03-06T16:00,26.0,62,18.1,27.4,15.6,0,0.00,690.0
2023-03-06T17:00,26.0,63,18.3,26.9,14.4,7,0.00,540.0
2023-03-06T18:00,25.5,64,18.1,26.3,14.1,7,0.00,342.0
2023-03-06T19:00,23.5,71,17.9,25.2,7.8,18,0.00,140.0
2023-03-06T20:00,21.2,78,17.2,22.4,9.8,87,0.00,9.0
2023-03-06T21:00,19.9,84,17.2,21.2,8.4,100,0.00,0.0
2023-03-06T22:00,18.4,90,16.6,19.5,8.8,100,0.00,0.0
2023-03-06T23:00,17.4,92,16.0,18.0,10.4,84,0.00,0.0
2023-03-07T00:00,18.1,90,16.5,18.9,9.8,1,0.00,0.0
2023-03-07T01:00,17.9,90,16.2,18.5,10.0,0,0.00,0.0
2023-03-07T02:00,17.3,90,15.7,17.9,8.9,0,0.00,0.0
2023-03-07T03:00,16.6,91,15.2,17.1,8.5,0,0.00,0.0
2023-03-07T04:00,16.0,93,14.9,16.5,7.7,0,0.00,0.0
2023-03-07T05:00,15.4,94,14.4,15.6,8.7,0,0.00,0.0
2023-03-07T06:00,16.5,93,15.4,17.6,4.5,0,0.00,0.0
2023-03-07T07:00,15.2,97,14.9,15.9,6.5,0,0.00,0.0
2023-03-07T08:00,14.8,98,14.5,14.9,9.2,3,0.00,1.0
2023-03-07T09:00,17.5,94,16.5,18.8,6.4,9,0.00,86.0
2023-03-07T10:00,19.8,89,18.0,22.4,2.3,22,0.00,275.0
2023-03-07T11:00,22.4,82,19.1,24.6,8.3,100,0.00,436.0
2023-03-07T12:00,24.1,76,19.6,26.1,12.3,74,0.10,508.0
2023-03-07T13:00,25.2,71,19.5,26.7,14.4,56,0.40,546.0
2023-03-07T14:00,25.5,69,19.5,27.1,15.9,58,0.50,608.0
2023-03-07T15:00,26.0,67,19.4,27.7,15.7,44,0.60,641.0
2023-03-07T16:00,25.8,68,19.4,26.9,16.6,40,0.50,491.0
2023-03-07T17:00,25.9,66,19.1,26.6,18.8,89,0.10,456.0
2023-03-07T18:00,25.4,66,18.6,25.6,20.6,27,0.00,299.0
2023-03-07T19:00,21.8,83,18.7,24.4,4.6,94,0.00,127.0
2023-03-07T20:00,20.3,89,18.4,22.6,5.2,100,0.00,7.0
2023-03-07T21:00,19.1,94,18.0,21.2,5.6,97,0.00,0.0
2023-03-07T22:00,18.6,95,17.8,20.4,6.8,100,0.00,0.0
2023-03-07T23:00,18.8,95,18.0,20.2,10.2,100,0.60,0.0
2023-03-08T00:00,19.0,95,18.1,21.3,4.6,100,3.80,0.0
2023-03-08T01:00,18.4,98,18.0,20.1,8.1,100,10.50,0.0
2023-03-08T02:00,18.1,99,18.0,19.9,7.2,100,2.60,0.0
2023-03-08T03:00,18.1,98,17.8,19.7,8.1,100,0.50,0.0
2023-03-08T04:00,18.1,97,17.6,19.7,7.9,100,0.50,0.0
2023-03-08T05:00,17.5,98,17.1,18.4,11.5,100,0.50,0.0
2023-03-08T06:00,16.2,96,15.6,15.9,15.3,100,0.20,0.0
2023-03-08T07:00,12.9,88,10.9,12.3,6.3,100,0.10,0.0
2023-03-08T08:00,12.9,89,11.2,12.1,8.3,100,1.60,0.0
2023-03-08T09:00,12.6,90,11.0,11.0,13.3,100,0.50,14.0
2023-03-08T10:00,12.2,91,10.8,10.5,13.9,100,1.90,69.0
2023-03-08T11:00,12.4,88,10.6,10.1,17.3,100,0.70,139.0
2023-03-08T12:00,12.6,83,9.9,9.9,18.4,100,0.00,222.0
2023-03-08T13:00,12.9,81,9.6,10.4,15.8,100,0.00,203.0
2023-03-08T14:00,14.1,77,10.2,12.4,11.9,100,0.00,249.0
2023-03-08T15:00,14.9,75,10.6,13.7,9.0,100,0.00,286.0
2023-03-08T16:00,15.2,75,10.9,14.2,8.7,100,0.00,227.0
2023-03-08T17:00,15.4,75,11.1,14.5,8.6,100,0.00,170.0
2023-03-08T18:00,15.8,75,11.4,15.1,7.6,100,0.00,123.0
2023-03-08T19:00,12.6,84,10.1,10.7,13.8,100,0.00,48.0
2023-03-08T20:00,12.3,86,10.1,10.0,16.3,100,0.00,6.0
2023-03-08T21:00,12.7,86,10.4,11.1,11.9,100,0.00,0.0
2023-03-08T22:00,12.6,85,10.1,10.5,14.5,100,0.00,0.0
2023-03-08T23:00,12.9,85,10.4,11.6,9.4,100,0.00,0.0
2023-03-09T00:00,13.1,86,10.8,12.7,4.7,100,0.00,0.0
2023-03-09T01:00,13.4,86,11.1,13.4,2.9,100,0.00,0.0
2023-03-09T02:00,13.6,87,11.6,13.3,5.5,100,0.00,0.0
2023-03-09T03:00,14.1,89,12.2,14.1,4.6,100,0.00,0.0
2023-03-09T04:00,14.1,92,12.7,14.8,0.8,100,0.00,0.0
2023-03-09T05:00,14.1,91,12.6,14.3,4.2,100,0.20,0.0
2023-03-09T06:00,14.1,93,13.1,14.6,3.2,100,0.00,0.0
2023-03-09T07:00,12.9,93,11.8,12.2,8.5,100,0.00,0.0
2023-03-09T08:00,13.1,95,12.2,12.4,9.8,100,5.80,0.0
2023-03-09T09:00,13.9,94,12.9,12.6,15.0,100,0.00,29.0
2023-03-09T10:00,14.9,92,13.7,14.5,11.3,100,0.00,86.0
2023-03-09T11:00,16.8,89,14.9,16.3,14.5,100,0.00,168.0
2023-03-09T12:00,18.1,86,15.6,18.1,13.2,100,0.00,126.0
2023-03-09T13:00,19.7,80,16.1,19.8,14.1,100,0.00,238.0
2023-03-09T14:00,21.0,74,16.2,21.0,14.8,100,0.00,288.0
2023-03-09T15:00,21.1,72,15.9,20.8,16.3,100,0.00,198.0
2023-03-09T16:00,20.6,76,16.3,20.7,14.6,100,0.10,176.0
2023-03-09T17:00,19.4,82,16.2,19.2,16.1,100,0.40,179.0
2023-03-09T18:00,17.9,90,16.3,17.9,14.8,100,0.40,68.0
2023-03-09T19:00,14.4,93,13.2,12.7,18.7,100,0.10,43.0
2023-03-09T20:00,13.9,93,12.8,12.1,18.0,100,0.30,4.0
2023-03-09T21:00,13.6,88,11.6,11.6,17.0,100,0.10,0.0
2023-03-09T22:00,13.8,87,11.7,11.5,19.1,100,0.10,0.0
2023-03-09T23:00,13.4,86,11.1,10.2,23.9,76,0.10,0.0
2023-03-10T00:00,12.8,85,10.4,10.2,18.3,100,0.00,0.0
2023-03-10T01:00,12.4,85,9.9,9.9,17.6,100,0.20,0.0
2023-03-10T02:00,12.4,84,9.7,9.7,18.4,81,0.40,0.0
2023-03-10T03:00,12.0,82,9.0,8.8,19.9,96,0.10,0.0
2023-03-10T04:00,11.0,83,8.3,8.4,14.8,100,0.00,0.0
2023-03-10T05:00,10.7,82,7.7,7.6,17.3,100,0.00,0.0
2023-03-10T06:00,10.6,78,6.9,7.2,17.6,100,0.00,0.0
2023-03-10T07:00,8.8,83,6.1,5.8,13.5,87,0.00,0.0
2023-03-10T08:00,8.1,86,5.9,5.3,12.1,99,0.00,1.0
2023-03-10T09:00,9.0,83,6.2,6.4,11.2,75,0.00,94.0
2023-03-10T10:00,10.6,74,6.2,7.6,13.4,20,0.00,303.0
2023-03-10T11:00,11.9,70,6.6,8.9,14.1,0,0.00,441.0
2023-03-10T12:00,13.4,66,7.2,11.6,12.6,0,0.00,685.0
2023-03-10T13:00,14.6,64,7.8,14.0,10.3,0,0.00,802.0
2023-03-10T14:00,15.6,61,8.0,15.5,9.0,91,0.00,846.0
2023-03-10T15:00,16.2,60,8.4,16.5,5.9,86,0.00,796.0
2023-03-10T16:00,17.0,59,8.8,16.5,5.9,56,0.00,675.0
2023-03-10T17:00,17.1,59,9.1,16.1,5.5,0,0.00,506.0
2023-03-10T18:00,17.1,60,9.2,16.3,4.5,12,0.00,358.0
2023-03-10T19:00,17.5,67,11.2,17.4,3.0,10,0.00,152.0
2023-03-10T20:00,14.1,73,9.3,12.7,8.2,17,0.00,12.0
2023-03-10T21:00,13.6,78,9.7,12.3,7.9,30,0.00,0.0
2023-03-10T22:00,13.2,85,10.8,11.4,13.9,0,0.00,0.0
2023-03-10T23:00,12.7,87,10.6,10.6,15.3,0,0.00,0.0
2023-03-11T00:00,12.4,87,10.3,10.2,15.8,2,0.00,0.0
2023-03-11T01:00,12.0,89,10.3,10.3,12.4,89,0.00,0.0
2023-03-11T02:00,11.8,93,10.6,10.2,12.1,99,0.00,0.0
2023-03-11T03:00,11.9,95,11.1,10.1,14.8,27,0.00,0.0
2023-03-11T04:00,12.5,94,11.6,11.1,13.1,80,0.00,0.0
2023-03-11T05:00,12.9,94,12.0,11.5,13.8,100,0.00,0.0
2023-03-11T06:00,13.8,94,12.8,12.2,16.7,100,0.00,0.0
2023-03-11T07:00,13.6,95,12.8,11.9,17.6,82,0.00,0.0
2023-03-11T08:00,14.8,93,13.6,13.0,20.2,100,0.00,1.0
2023-03-11T09:00,15.9,92,14.6,14.1,23.1,100,0.00,37.0
2023-03-11T10:00,17.1,89,15.2,15.4,23.8,100,0.00,112.0
2023-03-11T11:00,19.6,80,16.0,18.0,25.6,100,0.00,248.0
2023-03-11T12:00,21.5,75,17.0,20.6,23.2,100,0.00,290.0
2023-03-11T13:00,24.6,68,18.2,24.4,26.1,100,0.00,682.0
2023-03-11T14:00,26.3,64,18.9,27.0,26.3,99,0.00,810.0
2023-03-11T15:00,27.2,61,19.2,28.0,25.7,82,0.00,782.0
2023-03-11T16:00,27.6,61,19.5,27.9,26.8,34,0.00,681.0
2023-03-11T17:00,28.3,56,18.8,27.9,25.0,28,0.10,525.0
2023-03-11T18:00,28.0,59,19.3,28.7,19.9,3,0.00,295.0
2023-03-11T19:00,25.5,59,17.0,25.3,18.1,63,0.00,157.0
2023-03-11T20:00,23.8,60,15.6,23.5,15.3,84,0.00,13.0
2023-03-11T21:00,21.8,69,15.8,22.2,10.4,87,0.00,0.0
2023-03-11T22:00,19.6,78,15.8,20.3,9.0,96,0.00,0.0
2023-03-11T23:00,20.3,60,12.2,17.4,24.8,96,0.10,0.0
2023-03-12T00:00,18.9,65,12.1,16.6,19.9,99,0.00,0.0
2023-03-12T01:00,17.8,67,11.7,15.0,23.0,12,0.00,0.0
2023-03-12T02:00,16.2,76,11.9,13.4,23.6,89,0.00,0.0
2023-03-12T03:00,15.1,83,12.2,12.1,24.8,32,0.00,0.0
2023-03-12T04:00,13.6,83,10.7,10.2,25.0,90,0.00,0.0
2023-03-12T05:00,12.5,80,9.1,8.7,24.4,13,0.00,0.0
2023-03-12T06:00,11.8,79,8.3,8.2,21.6,19,0.00,0.0
2023-03-12T07:00,13.1,78,9.4,11.6,9.4,30,0.00,0.0
2023-03-12T08:00,12.9,76,8.9,10.0,17.5,86,0.00,2.0
2023-03-12T09:00,12.5,71,7.3,8.5,23.1,80,0.00,103.0
2023-03-12T10:00,13.0,69,7.5,9.3,21.2,48,0.00,291.0
2023-03-12T11:00,13.8,67,7.8,9.7,23.6,94,0.00,456.0
2023-03-12T12:00,14.9,63,7.8,11.2,25.3,100,0.00,670.0
2023-03-12T13:00,15.4,61,7.8,12.1,24.0,98,0.00,715.0
2023-03-12T14:00,16.3,58,7.9,13.6,22.4,4,0.00,782.0
2023-03-12T15:00,17.4,53,7.7,14.6,23.3,63,0.00,814.0
2023-03-12T16:00,18.0,47,6.3,14.4,22.9,99,0.00,699.0
2023-03-12T17:00,17.8,45,5.8,13.3,23.3,97,0.00,493.0
2023-03-12T18:00,17.0,43,4.3,11.9,26.0,94,0.00,348.0
2023-03-12T19:00,14.9,42,2.0,10.1,20.2,98,0.00,156.0
2023-03-12T20:00,13.3,42,0.8,8.3,20.5,100,0.00,13.0
2023-03-12T21:00,12.1,44,0.2,7.0,20.8,100,0.00,0.0
2023-03-12T22:00,11.4,47,0.3,6.3,20.5,92,0.00,0.0
2023-03-12T23:00,10.8,51,1.0,6.3,16.9,100,0.00,0.0
2023-03-13T00:00,10.4,56,2.0,6.3,15.3,100,0.00,0.0
2023-03-13T01:00,10.1,59,2.5,6.4,14.0,100,0.00,0.0
2023-03-13T02:00,9.6,62,2.6,5.7,14.7,100,0.00,0.0
2023-03-13T03:00,8.6,66,2.5,4.3,18.0,40,0.00,0.0
2023-03-13T04:00,7.8,66,1.8,3.1,20.1,22,0.00,0.0
2023-03-13T05:00,7.4,65,1.3,2.6,19.6,8,0.00,0.0
2023-03-13T06:00,7.1,66,1.2,3.3,12.9,3,0.00,0.0
2023-03-13T07:00,6.6,71,1.6,3.9,5.4,83,0.00,0.0
2023-03-13T08:00,7.7,67,2.0,5.0,5.8,100,0.00,1.0
2023-03-13T09:00,8.1,61,1.1,4.8,9.7,95,0.00,56.0
2023-03-13T10:00,8.9,53,-0.2,4.7,14.1,94,0.00,178.0
2023-03-13T11:00,9.6,49,-0.5,5.0,16.7,83,0.00,307.0
2023-03-13T12:00,10.9,47,-0.2,6.1,17.6,48,0.00,522.0
2023-03-13T13:00,12.2,45,0.6,8.4,18.8,71,0.00,744.0
2023-03-13T14:00,13.0,44,1.0,9.9,17.5,25,0.00,818.0
2023-03-13T15:00,13.8,42,1.0,10.7,16.1,2,0.00,797.0
2023-03-13T16:00,14.1,40,0.8,10.5,16.5,65,0.00,722.0
2023-03-13T17:00,13.9,40,0.6,9.6,16.2,11,0.00,531.0
2023-03-13T18:00,13.6,41,0.4,9.0,16.9,54,0.00,383.0
2023-03-13T19:00,12.6,41,-0.4,8.3,14.2,72,0.00,164.0
2023-03-13T20:00,10.6,46,-0.6,6.7,11.8,92,0.00,15.0
2023-03-13T21:00,10.0,47,-0.9,5.9,12.7,100,0.00,0.0
2023-03-13T22:00,9.1,52,-0.2,5.3,11.4,100,0.00,0.0
2023-03-13T23:00,8.6,55,0.1,4.9,11.5,72,0.00,0.0
2023-03-14T00:00,7.9,58,0.3,4.3,10.7,26,0.00,0.0
2023-03-14T01:00,7.6,61,0.6,3.9,11.4,100,0.00,0.0
2023-03-14T02:00,7.3,57,-0.6,3.2,13.2,100,0.00,0.0
2023-03-14T03:00,6.8,50,-2.8,2.3,13.6,100,0.00,0.0
2023-03-14T04:00,6.4,50,-3.2,1.8,13.9,96,0.00,0.0
2023-03-14T05:00,5.7,54,-2.9,1.3,13.0,59,0.00,0.0
2023-03-14T06:00,5.1,58,-2.5,1.1,10.3,52,0.00,0.0
2023-03-14T07:00,4.4,66,-1.3,1.1,6.6,89,0.00,0.0
2023-03-14T08:00,4.8,67,-0.8,1.3,8.4,84,0.00,3.0
2023-03-14T09:00,6.8,65,0.6,3.3,9.8,38,0.00,116.0
2023-03-14T10:00,8.8,57,0.8,5.3,10.2,22,0.00,330.0
2023-03-14T11:00,10.6,55,1.9,7.3,10.2,3,0.00,538.0
2023-03-14T12:00,12.4,51,2.6,10.1,10.5,34,0.00,702.0
2023-03-14T13:00,13.8,48,3.0,11.9,11.6,37,0.00,796.0
2023-03-14T14:00,14.8,46,3.3,13.6,9.0,99,0.00,841.0
2023-03-14T15:00,15.2,46,3.5,14.6,5.0,100,0.00,797.0
2023-03-14T16:00,14.7,47,3.7,12.7,3.2,99,0.50,444.0
2023-03-14T17:00,14.3,50,4.0,11.7,8.1,27,0.00,223.0
2023-03-14T18:00,14.6,50,4.2,11.6,10.9,3,0.00,352.0
2023-03-14T19:00,14.5,46,3.0,11.9,6.6,0,0.00,167.0
2023-03-14T20:00,11.4,55,2.7,8.5,8.2,1,0.00,16.0
2023-03-14T21:00,10.9,56,2.5,7.9,9.2,2,0.00,0.0
2023-03-14T22:00,9.4,72,4.7,7.2,6.8,31,0.00,0.0
2023-03-14T23:00,8.0,83,5.3,5.9,6.7,16,0.00,0.0
2023-03-15T00:00,7.2,87,5.2,4.8,8.0,17,0.00,0.0
2023-03-15T01:00,6.8,90,5.2,4.3,9.5,10,0.00,0.0
2023-03-15T02:00,7.0,89,5.3,4.7,8.2,2,0.00,0.0
2023-03-15T03:00,6.9,89,5.3,4.7,7.4,5,0.00,0.0
2023-03-15T04:00,6.8,90,5.2,4.5,7.9,4,0.00,0.0
2023-03-15T05:00,6.7,88,4.8,4.1,8.9,0,0.00,0.0
2023-03-15T06:00,6.6,87,4.6,3.7,10.6,5,0.00,0.0
2023-03-15T07:00,7.2,81,4.1,3.8,13.0,0,0.00,0.0
2023-03-15T08:00,7.4,79,4.1,3.9,14.9,64,0.00,4.0
2023-03-15T09:00,9.3,74,4.9,6.2,12.8,18,0.00,120.0
2023-03-15T10:00,11.3,67,5.4,7.8,16.3,26,0.00,332.0
2023-03-15T11:00,13.4,60,5.8,9.4,20.3,77,0.00,529.0
2023-03-15T12:00,14.9,55,5.8,10.4,24.4,93,0.00,574.0
2023-03-15T13:00,15.6,52,5.8,11.2,24.2,88,0.00,570.0
2023-03-15T14:00,16.5,52,6.7,12.4,23.2,100,0.00,587.0
2023-03-15T15:00,17.6,48,6.6,13.2,25.8,86,0.00,580.0
2023-03-15T16:00,18.1,48,6.9,13.1,28.7,18,0.00,524.0
2023-03-15T17:00,18.8,43,6.1,13.6,28.6,46,0.00,530.0
2023-03-15T18:00,18.4,44,5.8,13.3,27.2,100,0.00,315.0
2023-03-15T19:00,18.1,43,5.3,14.2,19.2,42,0.00,104.0
2023-03-15T20:00,17.0,46,5.2,12.6,21.7,34,0.00,14.0
2023-03-15T21:00,16.2,49,5.6,11.9,21.9,83,0.00,0.0
2023-03-15T22:00,16.2,55,7.1,11.6,26.2,100,0.00,0.0
2023-03-15T23:00,16.8,61,9.1,12.1,30.3,96,0.00,0.0
2023-03-16T00:00,16.2,67,10.1,12.0,29.5,90,0.00,0.0
2023-03-16T01:00,15.6,72,10.7,11.7,28.6,100,0.00,0.0
2023-03-16T02:00,15.8,75,11.4,12.1,28.1,99,0.00,0.0
2023-03-16T03:00,15.8,77,11.8,12.3,27.7,100,0.00,0.0
2023-03-16T04:00,15.5,80,12.1,12.3,26.7,100,0.00,0.0
2023-03-16T05:00,16.1,80,12.6,12.8,28.6,100,0.00,0.0
2023-03-16T06:00,16.6,79,13.0,13.6,27.6,100,0.00,0.0
2023-03-16T07:00,15.8,86,13.4,13.8,21.3,100,0.10,0.0
2023-03-16T08:00,15.7,91,14.3,14.6,17.1,100,9.10,0.0
2023-03-16T09:00,16.5,89,14.8,14.3,26.6,100,4.90,9.0
2023-03-16T10:00,17.5,89,15.6,14.9,30.4,100,0.50,71.0
2023-03-16T11:00,19.2,84,16.5,15.8,38.9,95,0.00,314.0
2023-03-16T12:00,20.5,78,16.5,16.5,43.0,100,0.00,314.0
2023-03-16T13:00,21.1,78,17.1,17.7,40.5,100,0.10,413.0
2023-03-16T14:00,22.2,76,17.8,19.7,36.2,91,0.20,257.0
2023-03-16T15:00,23.3,74,18.5,22.8,24.9,86,0.30,289.0
2023-03-16T16:00,25.0,60,16.8,22.4,34.1,79,0.20,474.0
2023-03-16T17:00,24.8,66,17.9,23.7,27.0,98,1.60,397.0
2023-03-16T18:00,25.0,64,17.8,24.6,21.8,100,0.00,251.0
2023-03-16T19:00,17.4,87,15.2,13.9,35.5,97,0.00,149.0
2023-03-16T20:00,12.0,76,7.8,6.9,31.3,100,0.00,7.0
2023-03-16T21:00,9.9,73,5.2,4.6,28.8,100,0.00,0.0
2023-03-16T22:00,8.1,65,1.9,1.9,29.9,100,0.00,0.0
2023-03-16T23:00,6.9,61,-0.2,0.1,32.3,100,0.00,0.0
2023-03-17T00:00,6.4,59,-0.9,-0.2,30.1,96,0.00,0.0
2023-03-17T01:00,6.3,59,-1.0,0.7,22.9,100,0.00,0.0
2023-03-17T02:00,6.2,57,-1.7,-0.3,27.9,100,0.00,0.0
2023-03-17T03:00,6.2,56,-2.0,-0.1,26.8,100,0.00,0.0
2023-03-17T04:00,6.6,50,-3.2,-0.2,28.9,100,0.00,0.0
2023-03-17T05:00,6.6,46,-4.2,0.1,26.3,100,0.00,0.0
2023-03-17T06:00,6.4,42,-5.8,-0.4,27.0,100,0.00,0.0
2023-03-17T07:00,5.3,47,-5.2,-1.0,24.3,0,0.00,0.0
2023-03-17T08:00,5.2,43,-6.4,-1.7,27.0,0,0.00,3.0
2023-03-17T09:00,5.2,44,-6.1,-1.3,24.8,37,0.00,135.0
2023-03-17T10:00,6.2,44,-5.3,-0.1,23.4,95,0.00,353.0
2023-03-17T11:00,7.2,43,-4.6,0.9,24.1,100,0.00,549.0
2023-03-17T12:00,8.1,44,-3.5,2.3,24.5,98,0.00,633.0
2023-03-17T13:00,9.6,40,-3.5,4.5,25.2,36,0.00,820.0
2023-03-17T14:00,10.4,38,-3.2,5.8,24.8,0,0.00,892.0
2023-03-17T15:00,11.1,38,-2.7,6.8,22.3,0,0.00,864.0
2023-03-17T16:00,11.4,37,-2.8,7.1,19.1,0,0.00,766.0
2023-03-17T17:00,11.5,36,-3.0,6.8,16.6,74,0.00,606.0
2023-03-17T18:00,11.2,35,-3.7,6.1,17.3,100,0.00,401.0
2023-03-17T19:00,10.6,36,-3.8,6.4,10.5,100,0.00,171.0
2023-03-17T20:00,8.6,43,-3.2,4.9,8.0,99,0.00,18.0
2023-03-17T21:00,8.4,45,-3.0,4.4,10.1,92,0.00,0.0
2023-03-17T22:00,7.8,48,-2.5,3.9,9.8,100,0.00,0.0
2023-03-17T23:00,7.3,53,-1.5,3.7,9.1,100,0.00,0.0
2023-03-18T00:00,7.9,53,-0.9,4.5,8.0,100,0.00,0.0
2023-03-18T01:00,6.7,61,-0.3,3.5,7.2,100,0.00,0.0
2023-03-18T02:00,6.1,68,0.6,3.2,6.2,100,0.00,0.0
2023-03-18T03:00,5.8,75,1.6,2.9,6.6,100,0.00,0.0
2023-03-18T04:00,5.6,73,1.0,3.1,3.4,100,0.00,0.0
2023-03-18T05:00,5.0,72,0.4,2.4,4.0,100,0.00,0.0
2023-03-18T06:00,4.7,71,-0.2,1.9,4.4,100,0.00,0.0
2023-03-18T07:00,3.8,74,-0.4,1.1,3.5,100,0.00,0.0
2023-03-18T08:00,4.0,75,-0.1,1.1,5.1,100,0.00,5.0
2023-03-18T09:00,5.9,70,0.9,2.9,7.6,100,0.00,84.0
2023-03-18T10:00,8.1,60,0.8,3.8,15.4,100,0.00,209.0
2023-03-18T11:00,9.2,56,0.9,4.3,20.5,100,0.00,415.0
2023-03-18T12:00,9.4,49,-0.7,3.6,25.3,100,0.00,568.0
2023-03-18T13:00,10.0,43,-2.0,4.9,23.3,100,0.00,703.0
2023-03-18T14:00,10.9,40,-2.2,6.4,21.9,100,0.00,805.0
2023-03-18T15:00,11.4,37,-2.8,7.3,19.7,96,0.00,811.0
2023-03-18T16:00,11.4,35,-3.3,7.1,18.8,99,0.00,747.0
2023-03-18T17:00,11.2,34,-4.2,6.1,18.7,46,0.00,595.0
2023-03-18T18:00,10.9,34,-4.3,5.8,16.2,24,0.00,404.0
2023-03-18T19:00,9.9,33,-5.7,5.1,13.4,26,0.00,185.0
2023-03-18T20:00,7.9,39,-5.2,3.7,10.1,3,0.00,20.0
2023-03-18T21:00,6.9,44,-4.6,2.6,11.2,0,0.00,0.0
2023-03-18T22:00,5.7,49,-4.3,1.8,8.3,0,0.00,0.0
2023-03-18T23:00,5.2,53,-3.6,1.2,9.5,0,0.00,0.0
2023-03-19T00:00,4.2,54,-4.2,0.4,7.9,0,0.00,0.0
2023-03-19T01:00,2.6,62,-4.0,-1.6,10.4,4,0.00,0.0
2023-03-19T02:00,1.8,64,-4.3,-2.4,10.0,34,0.00,0.0
2023-03-19T03:00,1.9,63,-4.5,-2.0,8.0,75,0.00,0.0
2023-03-19T04:00,2.0,60,-5.0,-2.4,10.9,92,0.00,0.0
2023-03-19T05:00,1.7,56,-6.2,-3.0,12.3,42,0.00,0.0
2023-03-19T06:00,1.1,54,-7.1,-3.5,11.5,44,0.00,0.0
2023-03-19T07:00,0.4,60,-6.4,-3.6,7.1,100,0.00,0.0
2023-03-19T08:00,0.2,65,-5.7,-3.5,6.4,100,0.00,8.0
2023-03-19T09:00,2.3,56,-5.5,-1.7,8.7,100,0.00,145.0
2023-03-19T10:00,4.1,46,-6.6,-0.1,8.5,100,0.00,353.0
2023-03-19T11:00,5.6,40,-7.2,1.5,7.8,100,0.00,560.0
2023-03-19T12:00,6.7,39,-6.2,3.9,6.1,25,0.00,719.0
2023-03-19T13:00,7.8,39,-5.3,6.1,5.4,0,0.00,858.0
2023-03-19T14:00,8.6,40,-4.3,7.7,3.5,0,0.00,900.0
2023-03-19T15:00,9.4,40,-3.4,8.5,2.9,0,0.00,871.0
2023-03-19T16:00,10.0,41,-2.8,8.5,3.3,0,0.00,772.0
2023-03-19T17:00,10.2,41,-2.4,7.5,4.7,0,0.00,614.0
2023-03-19T18:00,10.1,42,-2.4,6.8,6.0,0,0.00,411.0
2023-03-19T19:00,10.6,48,-0.1,8.1,1.8,0,0.00,189.0
2023-03-19T20:00,7.2,48,-3.0,3.4,8.3,0,0.00,22.0
2023-03-19T21:00,6.5,49,-3.3,2.8,7.4,0,0.00,0.0
2023-03-19T22:00,6.1,50,-3.5,2.1,8.9,0,0.00,0.0
2023-03-19T23:00,5.7,51,-3.7,1.6,9.7,0,0.00,0.0
2023-03-20T00:00,5.2,54,-3.3,0.9,11.2,0,0.00,0.0
2023-03-20T01:00,4.2,58,-3.2,-0.2,12.5,7,0.00,0.0
2023-03-20T02:00,3.5,65,-2.3,-0.5,11.1,30,0.00,0.0
2023-03-20T03:00,3.3,71,-1.5,-0.5,9.7,100,0.00,0.0
2023-03-20T04:00,3.1,72,-1.5,-0.5,8.9,100,0.00,0.0
2023-03-20T05:00,3.5,69,-1.7,-0.4,9.8,100,0.00,0.0
2023-03-20T06:00,3.7,68,-1.8,-0.2,10.5,100,0.00,0.0
2023-03-20T07:00,4.1,65,-1.9,-0.4,14.3,100,0.00,0.0
2023-03-20T08:00,4.3,65,-1.8,-0.3,15.7,100,0.00,6.0
2023-03-20T09:00,5.8,62,-0.9,1.5,13.9,95,0.00,96.0
2023-03-20T10:00,8.1,57,0.0,3.3,18.6,38,0.00,336.0
2023-03-20T11:00,10.6,52,1.1,5.5,21.6,96,0.00,557.0
2023-03-20T12:00,11.2,51,1.5,5.9,23.7,100,0.00,417.0
2023-03-20T13:00,10.7,54,1.8,5.4,23.7,100,0.00,165.0
2023-03-20T14:00,11.1,48,0.6,5.0,28.1,100,0.00,209.0
2023-03-20T15:00,11.3,47,0.2,5.0,29.1,100,0.00,264.0
2023-03-20T16:00,12.4,43,0.1,5.8,30.7,99,0.00,431.0
2023-03-20T17:00,13.1,38,-0.8,6.6,28.9,100,0.00,412.0
2023-03-20T18:00,12.6,41,-0.2,6.6,26.1,100,0.00,161.0
2023-03-20T19:00,11.4,44,-0.3,6.4,19.4,100,0.00,99.0
2023-03-20T20:00,10.8,47,0.1,5.8,20.1,100,0.00,13.0
2023-03-20T21:00,10.9,50,0.8,6.1,19.3,100,0.00,0.0
2023-03-20T22:00,11.1,51,1.4,5.9,22.5,100,0.00,0.0
2023-03-20T23:00,11.1,59,3.3,5.6,26.6,100,0.00,0.0
2023-03-21T00:00,10.8,59,3.2,5.6,24.7,100,0.00,0.0
2023-03-21T01:00,10.5,62,3.5,5.2,26.2,100,0.00,0.0
2023-03-21T02:00,10.4,63,3.7,5.2,25.9,100,0.00,0.0
2023-03-21T03:00,10.4,65,4.2,5.5,24.1,100,0.00,0.0
2023-03-21T04:00,10.5,70,5.2,5.8,24.0,100,0.00,0.0
2023-03-21T05:00,10.8,73,6.2,6.4,23.3,100,0.00,0.0
2023-03-21T06:00,10.9,77,7.0,7.1,21.3,100,0.00,0.0
2023-03-21T07:00,10.2,82,7.3,6.4,21.7,100,0.00,0.0
2023-03-21T08:00,10.4,84,7.8,6.5,23.3,100,0.00,3.0
2023-03-21T09:00,12.2,84,9.6,8.4,26.0,100,0.00,33.0
2023-03-21T10:00,13.5,82,10.5,9.7,27.1,100,0.00,73.0
2023-03-21T11:00,15.2,81,11.9,12.7,21.6,100,0.00,141.0
2023-03-21T12:00,15.9,81,12.5,13.3,22.8,100,0.00,129.0
2023-03-21T13:00,18.1,75,13.6,15.5,25.8,100,0.00,217.0
2023-03-21T14:00,18.3,78,14.4,16.5,22.0,100,0.00,135.0
2023-03-21T15:00,19.6,74,14.9,17.1,28.7,100,0.00,439.0
2023-03-21T16:00,20.2,73,15.2,17.6,30.0,100,0.00,235.0
2023-03-21T17:00,20.2,76,15.9,18.1,28.4,100,0.00,179.0
2023-03-21T18:00,20.5,78,16.4,19.1,24.3,82,0.00,182.0
2023-03-21T19:00,20.0,80,16.4,19.1,21.3,43,0.00,139.0
2023-03-21T20:00,19.1,85,16.5,18.1,22.6,59,0.00,20.0
2023-03-21T21:00,18.9,90,17.1,18.2,21.8,100,0.00,0.0
2023-03-21T22:00,18.2,94,17.2,17.6,22.2,100,0.00,0.0
2023-03-21T23:00,18.5,93,17.4,18.2,20.1,100,0.10,0.0
2023-03-22T00:00,18.5,93,17.4,18.5,18.8,100,0.10,0.0
2023-03-22T01:00,18.5,94,17.6,18.2,21.2,100,0.10,0.0
2023-03-22T02:00,18.9,94,17.9,18.2,24.3,100,0.00,0.0
2023-03-22T03:00,19.0,94,18.0,18.3,25.4,100,0.00,0.0
2023-03-22T04:00,19.1,93,18.0,18.4,24.7,100,0.00,0.0
2023-03-22T05:00,19.1,93,17.9,18.6,23.0,100,0.00,0.0
2023-03-22T06:00,19.0,94,18.1,19.0,20.6,100,0.00,0.0
2023-03-22T07:00,19.4,94,18.4,19.4,21.0,100,0.00,0.0
2023-03-22T08:00,19.8,92,18.4,19.7,21.7,100,0.00,3.0
2023-03-22T09:00,20.4,90,18.7,20.4,21.6,100,0.00,56.0
2023-03-22T10:00,21.1,87,19.0,21.2,22.7,100,0.20,113.0
2023-03-22T11:00,22.3,81,18.9,21.8,26.3,100,0.20,205.0
2023-03-22T12:00,24.5,67,18.1,23.2,29.4,100,0.10,416.0
2023-03-22T13:00,25.4,65,18.4,24.2,28.8,97,0.10,420.0
2023-03-22T14:00,26.9,58,17.9,25.7,28.8,100,0.00,579.0
2023-03-22T15:00,27.5,54,17.3,26.0,27.9,90,0.00,546.0
2023-03-22T16:00,27.6,52,17.0,26.2,26.6,98,0.00,439.0
2023-03-22T17:00,27.8,52,17.0,26.1,28.1,60,0.00,452.0
2023-03-22T18:00,26.9,56,17.5,25.5,27.8,91,0.00,381.0
2023-03-22T19:00,25.0,65,17.8,24.8,20.4,85,0.00,174.0
2023-03-22T20:00,23.3,70,17.6,23.1,20.4,52,0.00,21.0
2023-03-22T21:00,22.4,74,17.5,22.0,20.8,78,0.00,0.0
2023-03-22T22:00,21.7,78,17.7,21.4,21.1,56,0.00,0.0
2023-03-22T23:00,21.1,81,17.7,20.7,22.5,59,0.00,0.0
2023-03-23T00:00,20.6,82,17.5,19.9,23.4,89,0.00,0.0
2023-03-23T01:00,19.9,86,17.4,19.3,22.0,75,0.00,0.0
2023-03-23T02:00,19.2,90,17.5,18.8,21.3,58,0.00,0.0
2023-03-23T03:00,18.8,92,17.5,18.4,20.9,100,0.00,0.0
2023-03-23T04:00,19.5,89,17.6,19.1,21.0,100,0.00,0.0
2023-03-23T05:00,20.1,87,17.8,20.0,20.3,100,0.00,0.0
2023-03-23T06:00,20.2,89,18.3,20.4,19.6,100,0.00,0.0
2023-03-23T07:00,20.7,91,19.1,21.7,16.6,100,0.10,0.0
2023-03-23T08:00,21.0,91,19.5,21.9,18.8,100,0.20,2.0
2023-03-23T09:00,21.5,91,19.9,21.8,23.8,100,0.30,41.0
2023-03-23T10:00,22.5,87,20.2,23.2,22.7,100,0.10,122.0
2023-03-23T11:00,23.8,80,20.1,23.7,27.7,45,0.30,321.0
2023-03-23T12:00,25.6,66,18.8,24.7,31.0,36,0.00,611.0
2023-03-23T13:00,26.6,59,18.0,25.0,35.2,38,0.00,702.0
2023-03-23T14:00,27.2,54,17.1,24.6,37.1,52,0.00,604.0
2023-03-23T15:00,27.7,52,17.0,24.8,38.6,37,0.00,614.0
2023-03-23T16:00,27.7,53,17.2,24.9,38.1,37,0.00,586.0
2023-03-23T17:00,27.9,49,16.1,24.4,37.9,96,0.00,470.0
2023-03-23T18:00,27.1,52,16.5,25.3,27.8,98,0.00,195.0
2023-03-23T19:00,26.0,58,17.1,25.3,22.5,100,0.00,96.0
2023-03-23T20:00,24.9,65,17.8,24.4,22.4,99,0.00,8.0
2023-03-23T21:00,24.0,70,18.0,23.6,22.4,93,0.00,0.0
2023-03-23T22:00,23.2,74,18.2,23.3,20.2,87,0.00,0.0
2023-03-23T23:00,22.7,76,18.1,22.1,24.6,96,0.00,0.0
2023-03-24T00:00,22.4,81,18.9,22.0,25.2,100,0.00,0.0
2023-03-24T01:00,22.5,84,19.6,22.7,23.4,100,0.00,0.0
2023-03-24T02:00,22.1,87,20.0,23.6,16.6,100,0.10,0.0
2023-03-24T03:00,21.5,91,20.0,23.6,12.0,100,1.80,0.0
2023-03-24T04:00,20.8,93,19.5,22.1,15.5,100,3.70,0.0
2023-03-24T05:00,19.5,95,18.6,21.2,10.5,100,9.10,0.0
2023-03-24T06:00,19.4,93,18.2,20.9,9.8,100,0.30,0.0
2023-03-24T07:00,19.0,93,18.0,21.1,6.1,100,2.30,0.0
2023-03-24T08:00,19.0,95,18.1,20.9,7.7,55,1.00,1.0
2023-03-24T09:00,19.4,96,18.8,22.0,4.1,100,0.40,95.0
2023-03-24T10:00,19.4,95,18.6,21.4,7.9,100,1.50,76.0
2023-03-24T11:00,20.0,90,18.2,20.9,14.3,100,2.90,174.0
2023-03-24T12:00,21.0,80,17.4,20.3,23.1,100,0.10,349.0
2023-03-24T13:00,19.4,77,15.2,18.4,18.7,11,0.00,439.0
2023-03-24T14:00,21.5,70,15.8,22.5,16.5,0,0.00,810.0
2023-03-24T15:00,23.0,60,14.8,22.9,21.6,0,0.00,850.0
2023-03-24T16:00,24.1,48,12.6,22.7,22.3,25,0.00,759.0
2023-03-24T17:00,24.1,38,8.9,20.7,21.4,17,0.00,540.0
2023-03-24T18:00,23.4,36,7.7,19.7,21.2,27,0.00,390.0
2023-03-24T19:00,21.2,53,11.4,20.6,7.6,6,0.00,175.0
2023-03-24T20:00,17.7,64,10.9,16.5,9.8,26,0.00,25.0
2023-03-24T21:00,17.6,63,10.5,16.2,10.5,48,0.00,0.0
2023-03-24T22:00,17.9,41,4.4,13.9,17.9,0,0.00,0.0
2023-03-24T23:00,17.5,28,-1.3,12.6,17.9,0,0.00,0.0
2023-03-25T00:00,16.2,31,-1.1,11.6,16.3,0,0.00,0.0
2023-03-25T01:00,15.2,33,-1.1,10.7,15.5,0,0.00,0.0
2023-03-25T02:00,14.2,35,-1.0,9.6,15.7,0,0.00,0.0
2023-03-25T03:00,13.6,35,-1.5,9.0,15.5,0,0.00,0.0
2023-03-25T04:00,13.1,35,-2.0,8.7,14.0,0,0.00,0.0
2023-03-25T05:00,11.9,39,-1.8,8.0,10.1,0,0.00,0.0
2023-03-25T06:00,11.9,37,-2.5,7.7,11.7,0,0.00,0.0
2023-03-25T07:00,12.0,43,-0.2,7.9,13.5,0,0.00,0.0
2023-03-25T08:00,12.1,46,0.7,7.7,15.9,0,0.00,16.0
2023-03-25T09:00,14.4,46,3.0,10.3,17.3,0,0.00,174.0
2023-03-25T10:00,16.8,44,4.3,13.3,14.5,0,0.00,399.0
2023-03-25T11:00,18.5,38,4.0,14.8,17.9,0,0.00,609.0
2023-03-25T12:00,19.5,32,2.4,15.9,20.9,0,0.00,778.0
2023-03-25T13:00,20.4,33,3.6,17.5,20.8,0,0.00,888.0
2023-03-25T14:00,21.4,30,2.9,18.7,19.9,0,0.00,923.0
2023-03-25T15:00,22.0,26,1.6,19.2,18.2,0,0.00,892.0
2023-03-25T16:00,22.2,26,1.7,19.2,16.9,0,0.00,794.0
2023-03-25T17:00,22.2,25,1.5,18.7,14.8,0,0.00,636.0
2023-03-25T18:00,21.6,30,3.2,18.1,13.0,0,0.00,432.0
2023-03-25T19:00,20.8,51,10.1,19.9,6.4,0,0.00,207.0
2023-03-25T20:00,20.7,31,2.9,18.2,6.2,0,0.00,28.0
2023-03-25T21:00,16.7,45,4.7,14.3,7.7,0,0.00,0.0
2023-03-25T22:00,13.1,63,6.2,10.7,9.7,83,0.00,0.0
2023-03-25T23:00,12.8,64,6.1,10.9,6.0,0,0.00,0.0
2023-03-26T00:00,14.2,55,5.3,12.8,2.1,12,0.00,0.0
2023-03-26T01:00,10.3,75,6.0,8.0,9.0,0,0.00,0.0
2023-03-26T02:00,12.9,59,5.2,11.0,5.3,0,0.00,0.0
2023-03-26T03:00,9.6,76,5.6,7.1,9.8,0,0.00,0.0
2023-03-26T04:00,9.5,76,5.6,6.9,10.1,0,0.00,0.0
2023-03-26T05:00,12.1,61,4.8,10.2,4.4,0,0.00,0.0
2023-03-26T06:00,11.6,63,4.7,10.1,1.1,0,0.00,0.0
2023-03-26T07:00,8.4,89,6.8,6.6,7.1,0,0.00,0.0
2023-03-26T08:00,8.6,91,7.2,6.9,6.9,0,0.00,16.0
2023-03-26T09:00,11.1,84,8.4,9.3,9.4,0,0.00,172.0
2023-03-26T10:00,13.8,74,9.2,11.8,12.4,0,0.00,389.0
2023-03-26T11:00,16.3,65,9.8,14.8,11.8,0,0.00,593.0
2023-03-26T12:00,18.4,58,10.0,18.2,9.2,0,0.00,754.0
2023-03-26T13:00,19.8,54,10.2,20.1,10.5,0,0.00,858.0
2023-03-26T14:00,20.8,52,10.6,21.2,11.7,0,0.00,895.0
2023-03-26T15:00,21.6,50,10.9,22.6,8.2,0,0.00,864.0
2023-03-26T16:00,22.3,48,10.8,23.0,6.0,0,0.00,766.0
2023-03-26T17:00,22.5,48,10.8,22.3,5.1,0,0.00,609.0
2023-03-26T18:00,22.2,48,10.6,21.9,3.2,0,0.00,410.0
2023-03-26T19:00,21.3,60,13.3,21.5,5.9,0,0.00,196.0
2023-03-26T20:00,18.0,60,10.1,16.9,8.1,0,0.00,28.0
2023-03-26T21:00,17.0,59,8.9,14.6,14.9,0,0.00,0.0
2023-03-26T22:00,16.1,56,7.2,12.7,18.8,0,0.00,0.0
2023-03-26T23:00,15.4,55,6.2,11.1,22.4,0,0.00,0.0
2023-03-27T00:00,14.2,52,4.4,9.3,24.1,0,0.00,0.0
2023-03-27T01:00,12.6,51,2.8,7.9,21.0,0,0.00,0.0
2023-03-27T02:00,11.4,54,2.3,6.9,19.2,0,0.00,0.0
2023-03-27T03:00,10.6,55,2.0,6.1,18.5,54,0.00,0.0
2023-03-27T04:00,9.6,59,2.0,5.7,14.3,50,0.00,0.0
2023-03-27T05:00,8.6,63,2.1,5.2,11.2,24,0.00,0.0
2023-03-27T06:00,7.9,68,2.3,4.7,10.3,0,0.00,0.0
2023-03-27T07:00,7.8,70,2.5,3.8,15.6,17,0.00,0.0
2023-03-27T08:00,7.8,70,2.8,4.1,14.4,65,0.00,18.0
2023-03-27T09:00,9.3,68,3.6,6.2,10.9,15,0.00,174.0
2023-03-27T10:00,11.1,64,4.4,8.1,11.4,0,0.00,393.0
2023-03-27T11:00,13.1,60,5.4,10.4,13.1,0,0.00,594.0
2023-03-27T12:00,15.1,57,6.5,13.4,13.2,0,0.00,755.0
2023-03-27T13:00,16.6,55,7.5,16.0,11.9,82,0.00,856.0
2023-03-27T14:00,18.1,52,8.1,17.4,13.7,76,0.00,881.0
2023-03-27T15:00,19.2,50,8.6,18.3,14.8,82,0.00,842.0
2023-03-27T16:00,19.9,49,8.9,18.5,13.2,100,0.00,712.0
2023-03-27T17:00,20.0,49,9.1,18.0,12.4,100,0.00,526.0
2023-03-27T18:00,18.3,62,11.0,17.1,10.4,100,2.40,260.0
2023-03-27T19:00,16.9,80,13.4,16.2,12.3,100,7.70,30.0
2023-03-27T20:00,16.5,84,13.7,17.0,4.7,100,0.20,7.0
2023-03-27T21:00,15.9,87,13.8,16.0,8.3,100,0.00,0.0
2023-03-27T22:00,15.1,89,13.3,14.8,9.1,100,0.00,0.0
2023-03-27T23:00,14.7,87,12.6,14.6,6.3,100,0.00,0.0
2023-03-28T00:00,13.2,91,11.8,12.8,6.1,93,0.00,0.0
2023-03-28T01:00,13.1,92,11.9,12.6,6.9,97,0.00,0.0
2023-03-28T02:00,12.8,91,11.4,11.3,12.9,97,0.00,0.0
2023-03-28T03:00,12.1,74,7.7,8.9,18.0,100,0.00,0.0
2023-03-28T04:00,11.9,66,5.8,8.2,17.7,100,0.00,0.0
2023-03-28T05:00,11.3,62,4.2,6.4,24.4,100,0.00,0.0
2023-03-28T06:00,10.4,60,2.9,5.0,25.6,100,0.00,0.0
2023-03-28T07:00,9.1,62,2.3,4.9,17.3,99,0.00,0.0
2023-03-28T08:00,9.1,65,2.8,4.7,18.9,100,0.00,18.0
2023-03-28T09:00,10.2,62,3.2,5.5,21.3,100,0.00,162.0
2023-03-28T10:00,11.2,58,3.4,6.6,21.2,80,0.00,353.0
2023-03-28T11:00,12.5,55,3.8,8.4,19.9,94,0.00,602.0
2023-03-28T12:00,13.6,52,3.9,9.9,22.7,99,0.00,761.0
2023-03-28T13:00,14.1,53,4.8,10.8,22.7,100,0.00,810.0
2023-03-28T14:00,15.2,50,4.9,12.3,22.1,99,0.00,855.0
2023-03-28T15:00,16.0,47,4.6,13.1,21.2,100,0.00,853.0
2023-03-28T16:00,16.4,43,3.8,12.7,21.6,100,0.00,733.0
2023-03-28T17:00,16.1,43,3.3,11.4,21.7,100,0.00,504.0
2023-03-28T18:00,15.6,43,2.9,10.9,21.1,100,0.00,320.0
2023-03-28T19:00,15.0,44,2.8,11.9,10.2,97,0.00,167.0
2023-03-28T20:00,12.9,51,2.9,9.9,9.5,100,0.00,24.0
2023-03-28T21:00,11.9,57,3.5,9.1,8.4,100,0.00,0.0
2023-03-28T22:00,10.6,65,4.3,8.2,7.1,95,0.00,0.0
2023-03-28T23:00,9.2,76,5.2,6.7,9.3,98,0.00,0.0
2023-03-29T00:00,8.9,80,5.6,6.4,9.2,100,0.00,0.0
2023-03-29T01:00,8.8,81,5.7,6.8,6.6,89,0.00,0.0
2023-03-29T02:00,8.8,79,5.3,6.7,6.7,69,0.00,0.0
2023-03-29T03:00,8.6,78,5.0,6.4,7.1,58,0.00,0.0
2023-03-29T04:00,8.3,77,4.6,5.9,7.8,81,0.00,0.0
2023-03-29T05:00,8.3,76,4.4,5.9,7.6,93,0.00,0.0
2023-03-29T06:00,8.6,76,4.7,6.2,8.2,97,0.10,0.0
2023-03-29T07:00,8.7,73,4.2,5.9,9.4,100,2.00,0.0
2023-03-29T08:00,9.3,72,4.4,7.1,5.9,70,0.00,15.0
2023-03-29T09:00,10.4,69,4.9,8.5,5.2,99,0.00,110.0
2023-03-29T10:00,11.1,72,6.2,8.9,8.8,100,1.00,136.0
2023-03-29T11:00,12.2,70,6.9,9.9,10.6,100,0.00,203.0
2023-03-29T12:00,13.1,69,7.6,11.1,9.5,100,0.00,192.0
2023-03-29T13:00,15.4,62,8.2,13.3,11.5,100,0.00,467.0
2023-03-29T14:00,16.1,62,8.8,14.0,12.3,100,0.00,373.0
2023-03-29T15:00,16.6,63,9.5,14.6,13.2,100,0.00,338.0
2023-03-29T16:00,17.1,64,10.2,15.3,12.6,100,0.00,303.0
2023-03-29T17:00,17.4,64,10.6,15.5,13.6,100,0.00,244.0
2023-03-29T18:00,17.6,62,10.4,15.6,14.9,100,0.00,264.0
2023-03-29T19:00,17.0,64,10.1,15.4,11.4,96,0.00,60.0
2023-03-29T20:00,15.6,70,10.2,14.2,10.7,79,0.00,25.0
2023-03-29T21:00,15.2,72,10.2,13.5,12.7,25,0.00,0.0
2023-03-29T22:00,14.8,73,10.0,12.8,13.8,51,0.00,0.0
2023-03-29T23:00,14.6,74,10.1,12.8,13.0,38,0.00,0.0
2023-03-30T00:00,14.5,75,10.1,12.6,13.4,18,0.00,0.0
2023-03-30T01:00,13.9,79,10.4,12.4,11.8,100,0.00,0.0
2023-03-30T02:00,14.2,81,11.1,12.8,12.0,100,0.00,0.0
2023-03-30T03:00,15.1,78,11.3,13.4,14.1,83,0.00,0.0
2023-03-30T04:00,14.9,77,10.9,13.0,14.8,100,0.00,0.0
2023-03-30T05:00,15.1,71,10.0,13.0,14.9,100,0.10,0.0
2023-03-30T06:00,15.2,67,9.2,12.7,15.9,100,0.00,0.0
2023-03-30T07:00,14.4,80,11.1,12.5,15.8,100,0.00,0.0
2023-03-30T08:00,14.5,86,12.1,12.5,18.0,97,0.40,13.0
2023-03-30T09:00,15.6,85,13.0,13.6,20.5,100,0.20,95.0
2023-03-30T10:00,16.7,83,13.8,15.3,18.2,100,7.90,205.0
2023-03-30T11:00,16.4,86,14.1,14.8,20.3,100,9.20,151.0
2023-03-30T12:00,17.0,87,14.8,16.1,17.6,100,2.90,161.0
2023-03-30T13:00,18.5,88,16.5,17.7,21.3,100,0.90,205.0
2023-03-30T14:00,19.6,90,17.9,19.6,20.2,100,4.00,177.0
2023-03-30T15:00,20.6,87,18.4,20.5,22.1,100,1.00,156.0
2023-03-30T16:00,21.0,85,18.5,21.1,21.0,100,0.00,72.0
2023-03-30T17:00,22.4,80,18.7,22.5,21.6,100,0.00,118.0
2023-03-30T18:00,23.1,77,18.8,22.7,25.6,100,0.30,153.0
2023-03-30T19:00,21.5,87,19.1,21.2,25.2,100,0.10,55.0
2023-03-30T20:00,21.1,90,19.4,20.8,26.1,100,0.50,18.0
2023-03-30T21:00,21.0,90,19.4,19.8,33.0,100,0.00,0.0
2023-03-30T22:00,20.9,89,19.0,19.8,30.7,100,0.00,0.0
2023-03-30T23:00,20.9,88,18.8,20.1,27.7,100,0.00,0.0
2023-03-31T00:00,20.9,88,18.8,19.9,29.5,100,0.00,0.0
2023-03-31T01:00,21.0,88,19.0,20.2,28.1,100,0.00,0.0
2023-03-31T02:00,21.0,89,19.1,20.3,28.5,100,0.00,0.0
2023-03-31T03:00,21.1,87,19.0,20.2,29.5,99,0.00,0.0
2023-03-31T04:00,20.8,85,18.1,19.3,30.3,82,0.00,0.0
2023-03-31T05:00,20.2,85,17.7,18.6,30.1,97,0.00,0.0
2023-03-31T06:00,20.1,87,18.0,19.6,23.8,100,0.10,0.0
2023-03-31T07:00,21.4,83,18.4,21.4,20.9,100,0.10,0.0
2023-03-31T08:00,21.9,82,18.6,22.1,20.6,100,0.10,14.0
2023-03-31T09:00,22.6,81,19.1,22.9,21.7,38,0.20,86.0
2023-03-31T10:00,22.0,80,18.3,21.2,26.1,100,4.50,316.0
2023-03-31T11:00,20.2,83,17.4,18.2,32.2,87,0.30,247.0
2023-03-31T12:00,24.0,76,19.5,24.0,24.8,25,0.00,433.0
2023-03-31T13:00,28.7,40,13.7,26.4,31.1,31,0.00,798.0
2023-03-31T14:00,27.9,27,7.1,23.2,31.7,23,0.00,724.0
2023-03-31T15:00,28.5,23,5.5,24.3,30.5,0,0.00,848.0
2023-03-31T16:00,26.7,22,3.0,21.3,32.6,0,0.00,790.0
2023-03-31T17:00,26.0,23,3.4,20.6,29.2,0,0.00,641.0
2023-03-31T18:00,24.9,25,3.4,19.8,24.6,1,0.00,441.0
2023-03-31T19:00,22.9,24,0.9,18.1,19.4,20,0.00,217.0
2023-03-31T20:00,20.6,22,-1.6,16.1,14.9,58,0.00,35.0
2023-03-31T21:00,19.5,22,-2.7,14.4,18.5,33,0.00,0.0
2023-03-31T22:00,18.3,22,-4.1,13.4,15.1,89,0.00,0.0
2023-03-31T23:00,16.5,25,-3.7,12.0,13.3,100,0.00,0.0
2023-04-01T00:00,15.9,24,-4.4,11.1,14.5,98,0.00,0.0
2023-04-01T01:00,16.2,22,-5.6,10.9,17.0,52,0.00,0.0
2023-04-01T02:00,16.2,20,-6.4,10.7,18.1,31,0.00,0.0
2023-04-01T03:00,15.9,21,-6.7,10.2,19.1,63,0.00,0.0
2023-04-01T04:00,15.1,22,-6.6,9.6,16.9,91,0.00,0.0
2023-04-01T05:00,14.2,23,-6.6,9.2,14.3,46,0.00,0.0
2023-04-01T06:00,13.6,23,-7.1,8.8,12.1,14,0.00,0.0
2023-04-01T07:00,12.4,30,-4.6,7.5,14.5,19,0.00,0.0
2023-04-01T08:00,12.4,41,-0.6,8.3,12.7,9,0.00,28.0
2023-04-01T09:00,14.5,45,2.7,11.5,9.2,14,0.00,205.0
2023-04-01T10:00,16.2,39,2.3,12.6,13.0,22,0.00,430.0
2023-04-01T11:00,17.5,38,2.8,14.0,15.2,64,0.00,635.0
2023-04-01T12:00,18.5,38,4.0,16.5,13.6,93,0.00,798.0
2023-04-01T13:00,19.5,38,4.9,18.4,12.5,81,0.00,899.0
2023-04-01T14:00,20.3,38,5.6,19.9,10.5,0,0.00,929.0
2023-04-01T15:00,21.0,38,6.0,20.8,9.4,36,0.00,904.0
2023-04-01T16:00,21.5,35,5.5,20.2,11.1,98,0.00,800.0
2023-04-01T17:00,21.6,34,4.9,19.2,11.2,95,0.00,637.0
2023-04-01T18:00,21.3,34,4.8,18.4,10.9,72,0.00,440.0
2023-04-01T19:00,21.0,48,9.6,20.1,5.4,86,0.00,217.0
2023-04-01T20:00,17.8,50,7.2,15.8,8.5,100,0.00,35.0
2023-04-01T21:00,16.8,49,6.0,14.5,8.9,100,0.00,0.0
2023-04-01T22:00,15.4,57,6.9,13.4,8.3,88,0.00,0.0
2023-04-01T23:00,14.7,65,8.1,13.0,8.3,99,0.00,0.0
2023-04-02T00:00,14.0,67,7.9,12.1,9.4,100,0.00,0.0
2023-04-02T01:00,13.0,73,8.2,11.2,9.4,100,0.40,0.0
2023-04-02T02:00,14.4,70,8.9,12.9,7.7,100,0.00,0.0
2023-04-02T03:00,13.1,76,9.0,11.7,7.7,99,0.00,0.0
2023-04-02T04:00,12.4,79,8.9,10.9,8.5,98,0.00,0.0
2023-04-02T05:00,12.4,78,8.8,10.7,9.7,100,0.00,0.0
2023-04-02T06:00,12.4,77,8.4,10.5,10.0,100,0.00,0.0
2023-04-02T07:00,14.8,56,6.1,11.2,17.6,100,0.00,0.0
2023-04-02T08:00,15.0,58,6.8,11.8,16.5,100,0.00,25.0
2023-04-02T09:00,17.0,55,7.9,14.4,14.8,100,0.00,184.0
2023-04-02T10:00,19.0,51,8.6,15.8,19.2,95,0.00,353.0
2023-04-02T11:00,20.0,56,11.0,17.2,21.1,100,0.30,517.0
2023-04-02T12:00,20.4,62,12.8,17.7,24.5,100,0.30,467.0
2023-04-02T13:00,22.5,61,14.6,21.8,20.7,83,0.00,711.0
2023-04-02T14:00,24.1,60,15.8,23.9,22.2,98,0.00,771.0
2023-04-02T15:00,24.0,59,15.5,23.7,15.1,100,0.00,342.0
2023-04-02T16:00,21.3,80,17.7,22.7,9.8,100,1.20,206.0
2023-04-02T17:00,21.9,80,18.1,24.6,1.8,63,0.30,298.0
2023-04-02T18:00,21.0,82,17.8,22.9,5.9,77,2.30,246.0
2023-04-02T19:00,20.2,88,18.2,20.7,17.3,48,0.00,105.0
2023-04-02T20:00,19.1,92,17.8,20.3,11.7,22,0.00,22.0
2023-04-02T21:00,18.8,95,18.0,20.8,6.2,0,0.00,0.0
2023-04-02T22:00,18.7,96,18.0,19.5,14.5,7,0.00,0.0
2023-04-02T23:00,18.0,98,17.8,18.6,15.4,53,0.00,0.0
2023-04-03T00:00,18.4,97,17.9,19.4,12.8,27,0.00,0.0
2023-04-03T01:00,19.0,93,17.9,20.2,11.2,4,0.00,0.0
2023-04-03T02:00,19.4,91,17.9,20.6,11.1,1,0.00,0.0
2023-04-03T03:00,19.7,90,18.1,20.2,16.9,0,0.00,0.0
2023-04-03T04:00,19.6,90,18.0,19.8,19.3,0,0.00,0.0
2023-04-03T05:00,19.1,92,17.8,19.3,18.0,0,0.00,0.0
2023-04-03T06:00,18.7,93,17.5,18.9,17.1,0,0.00,0.0
2023-04-03T07:00,18.9,97,18.4,19.1,19.2,0,0.00,0.0
2023-04-03T08:00,19.5,98,19.0,20.1,18.8,7,0.00,31.0
2023-04-03T09:00,21.0,91,19.5,22.3,16.2,1,0.00,209.0
2023-04-03T10:00,22.9,81,19.4,24.0,16.6,1,0.00,437.0
2023-04-03T11:00,24.9,78,20.8,26.8,18.8,0,0.00,639.0
2023-04-03T12:00,26.9,69,20.8,28.9,23.3,4,0.00,792.0
2023-04-03T13:00,28.5,61,20.3,30.5,24.4,0,0.00,885.0
2023-04-03T14:00,30.0,56,20.3,32.0,25.9,0,0.00,924.0
2023-04-03T15:00,32.0,35,14.8,31.6,24.3,0,0.00,881.0
2023-04-03T16:00,32.5,32,13.8,31.7,21.6,0,0.00,778.0
2023-04-03T17:00,32.2,37,15.6,31.8,18.8,35,0.00,625.0
2023-04-03T18:00,30.6,42,16.5,30.0,19.6,37,0.00,425.0
2023-04-03T19:00,28.4,69,22.0,31.8,10.7,35,0.00,207.0
2023-04-03T20:00,27.5,67,20.9,28.6,22.1,91,0.00,34.0
2023-04-03T21:00,26.8,73,21.5,27.1,29.7,73,0.00,0.0
2023-04-03T22:00,25.4,78,21.2,26.4,23.9,81,0.00,0.0
2023-04-03T23:00,24.6,83,21.5,25.1,28.5,86,0.00,0.0
2023-04-04T00:00,23.8,86,21.4,24.2,28.1,68,0.00,0.0
2023-04-04T01:00,23.2,85,20.6,23.6,26.5,58,0.00,0.0
2023-04-04T02:00,22.8,81,19.2,22.3,26.9,52,0.00,0.0
2023-04-04T03:00,22.0,80,18.4,21.1,27.6,91,0.00,0.0
2023-04-04T04:00,21.5,83,18.5,20.8,26.5,100,0.00,0.0
2023-04-04T05:00,21.5,87,19.2,21.4,24.3,100,0.00,0.0
2023-04-04T06:00,21.4,90,19.6,21.8,22.3,100,0.00,0.0
2023-04-04T07:00,21.1,92,19.9,21.7,22.0,100,0.00,0.0
2023-04-04T08:00,21.8,89,19.9,22.2,23.4,99,0.00,25.0
2023-04-04T09:00,23.1,82,20.0,23.6,23.0,100,0.00,146.0
2023-04-04T10:00,23.9,79,20.0,24.4,22.8,100,0.00,221.0
2023-04-04T11:00,24.6,75,19.9,24.9,23.9,100,0.00,217.0
2023-04-04T12:00,25.6,70,19.8,25.3,28.2,100,0.10,349.0
2023-04-04T13:00,26.3,67,19.8,25.8,29.3,100,0.00,403.0
2023-04-04T14:00,27.0,64,19.5,26.0,31.4,100,0.00,320.0
2023-04-04T15:00,27.9,60,19.5,26.1,37.1,100,0.00,440.0
2023-04-04T16:00,29.4,55,19.5,28.6,29.9,100,0.00,440.0
2023-04-04T17:00,29.6,53,19.0,28.5,30.6,100,0.00,445.0
2023-04-04T18:00,28.6,57,19.2,28.6,24.0,100,0.00,203.0
2023-04-04T19:00,23.6,78,19.6,25.5,12.5,100,0.00,51.0
2023-04-04T20:00,22.6,86,20.2,24.3,15.6,100,1.70,7.0
2023-04-04T21:00,22.0,88,19.9,23.5,15.8,100,0.00,0.0
2023-04-04T22:00,21.7,86,19.2,22.4,19.2,100,0.00,0.0
2023-04-04T23:00,21.7,83,18.6,21.5,23.3,100,0.00,0.0
2023-04-05T00:00,22.2,87,19.9,22.5,24.0,100,0.00,0.0
2023-04-05T01:00,22.9,90,21.0,23.2,27.7,100,0.00,0.0
2023-04-05T02:00,23.0,90,21.3,23.4,27.8,100,0.00,0.0
2023-04-05T03:00,22.8,92,21.4,23.7,24.8,100,0.00,0.0
2023-04-05T04:00,22.4,94,21.4,24.0,20.3,100,0.00,0.0
2023-04-05T05:00,20.5,69,14.8,19.6,17.3,100,3.40,0.0
2023-04-05T06:00,18.6,43,5.7,16.3,8.3,100,0.00,0.0
2023-04-05T07:00,15.3,41,2.0,9.3,28.6,100,0.00,0.0
2023-04-05T08:00,13.1,52,3.3,8.2,22.7,100,0.00,13.0
2023-04-05T09:00,12.5,55,3.7,7.9,21.3,100,0.00,190.0
2023-04-05T10:00,12.3,53,3.1,7.4,22.6,87,0.00,320.0
2023-04-05T11:00,13.2,51,3.2,7.9,26.6,99,0.00,563.0
2023-04-05T12:00,15.5,46,4.0,11.3,26.3,97,0.00,784.0
2023-04-05T13:00,17.1,38,2.5,13.5,23.0,53,0.00,865.0
2023-04-05T14:00,18.1,31,0.8,14.6,22.7,12,0.00,926.0
2023-04-05T15:00,18.5,29,0.3,15.5,19.2,1,0.00,906.0
2023-04-05T16:00,18.5,31,1.0,15.1,18.5,0,0.00,813.0
2023-04-05T17:00,18.1,31,0.9,13.9,19.1,12,0.00,658.0
2023-04-05T18:00,17.5,33,1.1,12.9,18.4,79,0.00,456.0
2023-04-05T19:00,16.7,39,2.6,13.1,13.0,10,0.00,228.0
2023-04-05T20:00,14.6,44,2.5,11.1,11.9,100,0.00,39.0
2023-04-05T21:00,13.6,48,2.7,10.3,10.4,29,0.00,0.0
2023-04-05T22:00,12.5,55,3.6,9.7,9.2,45,0.00,0.0
2023-04-05T23:00,12.1,58,4.0,9.0,11.2,71,0.00,0.0
2023-04-06T00:00,11.4,55,2.6,7.7,14.5,99,0.00,0.0
2023-04-06T01:00,10.9,55,2.2,7.0,14.9,100,0.00,0.0
2023-04-06T02:00,10.6,56,2.1,6.4,16.1,100,0.00,0.0
2023-04-06T03:00,10.4,56,2.0,6.1,17.3,100,0.00,0.0
2023-04-06T04:00,10.1,56,1.8,5.6,18.3,100,0.00,0.0
2023-04-06T05:00,9.9,55,1.2,5.1,19.9,100,0.00,0.0
2023-04-06T06:00,9.4,54,0.6,4.4,20.5,100,0.00,0.0
2023-04-06T07:00,8.9,55,0.3,4.2,18.1,100,0.00,0.0
2023-04-06T08:00,9.1,58,1.1,4.9,15.6,100,0.00,27.0
2023-04-06T09:00,10.4,56,2.1,6.4,15.5,100,0.00,128.0
2023-04-06T10:00,11.5,54,2.6,7.3,16.9,100,0.00,228.0
2023-04-06T11:00,12.2,54,3.2,7.9,18.5,100,0.00,239.0
2023-04-06T12:00,13.1,52,3.5,8.8,19.3,100,0.00,325.0
2023-04-06T13:00,14.1,51,4.2,9.6,21.9,100,0.00,441.0
2023-04-06T14:00,15.2,50,4.7,10.7,22.1,100,0.00,515.0
2023-04-06T15:00,14.9,50,4.6,10.7,20.2,100,0.00,247.0
2023-04-06T16:00,14.9,51,4.8,10.5,21.8,100,0.00,197.0
2023-04-06T17:00,15.6,47,4.4,10.8,23.9,100,0.00,278.0
2023-04-06T18:00,15.6,45,3.6,10.7,23.3,100,0.00,254.0
2023-04-06T19:00,14.2,47,3.2,10.0,17.8,100,0.00,115.0
2023-04-06T20:00,13.1,53,3.8,10.1,10.9,100,0.00,24.0
2023-04-06T21:00,13.5,54,4.3,10.5,11.3,100,0.00,0.0
2023-04-06T22:00,13.6,55,4.8,10.5,12.4,100,0.00,0.0
2023-04-06T23:00,13.1,59,5.2,9.8,14.0,100,0.00,0.0
2023-04-07T00:00,11.3,62,4.3,8.1,12.9,100,0.00,0.0
2023-04-07T01:00,10.6,62,3.8,7.5,11.5,100,0.00,0.0
2023-04-07T02:00,10.4,63,3.5,7.3,10.7,100,0.00,0.0
2023-04-07T03:00,10.2,61,3.0,6.9,11.8,100,0.00,0.0
2023-04-07T04:00,10.1,61,2.8,6.3,14.5,100,0.00,0.0
2023-04-07T05:00,9.9,62,2.9,6.0,15.9,100,0.00,0.0
2023-04-07T06:00,9.8,60,2.5,5.7,16.3,100,0.00,0.0
2023-04-07T07:00,10.9,58,2.9,7.3,13.2,100,0.00,0.0
2023-04-07T08:00,11.1,59,3.4,7.6,14.0,100,0.00,13.0
2023-04-07T09:00,11.6,58,3.7,8.0,13.9,100,0.00,64.0
2023-04-07T10:00,12.1,56,3.5,8.4,14.6,100,0.00,133.0
2023-04-07T11:00,12.9,55,4.0,9.3,15.0,100,0.00,228.0
2023-04-07T12:00,14.4,53,5.1,11.0,15.8,100,0.00,415.0
2023-04-07T13:00,15.4,53,5.9,11.9,16.3,100,0.00,452.0
2023-04-07T14:00,15.3,54,6.1,12.2,14.6,100,0.00,303.0
2023-04-07T15:00,15.6,55,6.6,12.6,14.3,100,0.00,264.0
2023-04-07T16:00,15.9,56,7.2,13.1,14.3,100,0.00,263.0
2023-04-07T17:00,16.2,57,7.7,13.5,14.7,100,0.00,230.0
2023-04-07T18:00,16.2,59,8.1,13.5,15.5,92,0.00,178.0
2023-04-07T19:00,15.2,65,8.6,13.8,7.4,100,0.00,99.0
2023-04-07T20:00,14.8,70,9.3,13.4,8.3,98,0.00,8.0
2023-04-07T21:00,14.1,77,10.1,13.3,6.2,100,0.00,0.0
2023-04-07T22:00,14.1,79,10.4,12.8,9.7,100,0.00,0.0
2023-04-07T23:00,13.2,83,10.4,12.3,7.6,90,0.00,0.0
2023-04-08T00:00,12.6,86,10.4,11.5,8.6,99,0.00,0.0
2023-04-08T01:00,11.8,88,9.8,10.6,7.6,100,0.00,0.0
2023-04-08T02:00,11.0,91,9.6,10.0,5.8,100,0.00,0.0
2023-04-08T03:00,10.9,92,9.6,9.8,6.2,73,0.00,0.0
2023-04-08T04:00,10.4,94,9.4,9.3,6.3,60,0.00,0.0
2023-04-08T05:00,10.4,94,9.4,9.3,6.2,4,0.00,0.0
2023-04-08T06:00,10.6,93,9.5,9.7,5.7,11,0.00,0.0
2023-04-08T07:00,12.8,78,8.9,12.0,3.1,53,0.00,0.0
2023-04-08T08:00,13.1,73,8.4,11.7,6.5,100,0.00,14.0
2023-04-08T09:00,13.3,73,8.6,11.8,7.9,100,0.00,67.0
2023-04-08T10:00,13.6,73,8.9,12.2,7.8,100,0.00,135.0
2023-04-08T11:00,14.9,72,9.8,13.8,6.9,100,0.00,302.0
2023-04-08T12:00,16.2,70,10.8,15.8,4.7,100,0.00,511.0
2023-04-08T13:00,17.4,68,11.4,17.1,5.0,100,0.00,546.0
2023-04-08T14:00,18.8,64,11.8,19.0,6.0,100,0.00,628.0
2023-04-08T15:00,20.1,59,11.8,20.4,5.1,71,0.00,631.0
2023-04-08T16:00,20.9,56,11.9,21.1,5.9,100,0.00,633.0
2023-04-08T17:00,20.9,57,11.9,20.3,7.6,100,0.00,539.0
2023-04-08T18:00,20.4,57,11.6,19.5,9.2,27,0.00,367.0
2023-04-08T19:00,21.0,65,14.1,22.0,2.8,6,0.00,197.0
2023-04-08T20:00,19.9,63,12.5,20.6,0.5,99,0.00,40.0
2023-04-08T21:00,16.5,77,12.6,16.2,7.4,59,0.00,0.0
2023-04-08T22:00,16.6,72,11.6,16.1,6.8,61,0.00,0.0
2023-04-08T23:00,14.1,82,11.1,13.2,9.1,85,0.00,0.0
2023-04-09T00:00,13.2,88,11.2,12.2,9.4,100,0.00,0.0
2023-04-09T01:00,12.6,91,11.2,11.6,9.4,0,0.00,0.0
2023-04-09T02:00,12.9,91,11.5,12.5,6.2,0,0.00,0.0
2023-04-09T03:00,13.2,93,12.1,13.5,2.1,0,0.00,0.0
2023-04-09T04:00,12.4,97,11.9,12.6,2.5,0,0.00,0.0
2023-04-09T05:00,11.3,100,11.2,11.1,4.0,100,0.00,0.0
2023-04-09T06:00,9.8,100,9.8,8.7,6.6,100,0.00,0.0
2023-04-09T07:00,13.1,95,12.2,12.8,6.3,79,0.00,0.0
2023-04-09T08:00,14.1,88,12.1,13.8,6.5,59,0.00,15.0
2023-04-09T09:00,15.8,80,12.4,15.4,7.6,100,0.00,164.0
2023-04-09T10:00,17.9,74,13.2,17.8,8.1,100,0.00,357.0
2023-04-09T11:00,19.4,71,13.9,19.5,7.9,100,0.00,456.0
2023-04-09T12:00,20.5,66,13.9,20.7,8.9,100,0.10,595.0
2023-04-09T13:00,20.9,64,13.8,20.8,8.7,100,0.00,451.0
2023-04-09T14:00,21.0,64,14.1,21.2,8.2,100,0.00,430.0
2023-04-09T15:00,21.5,62,13.9,21.6,7.9,100,0.00,475.0
2023-04-09T16:00,21.7,61,13.9,21.6,9.0,100,0.10,521.0
2023-04-09T17:00,22.0,59,13.8,21.9,9.4,82,0.00,426.0
2023-04-09T18:00,21.9,58,13.2,21.2,11.5,68,0.00,243.0
2023-04-09T19:00,21.5,56,12.4,22.1,0.7,67,0.00,172.0
2023-04-09T20:00,19.7,71,14.2,20.5,4.0,96,0.00,16.0
2023-04-09T21:00,17.2,79,13.5,17.4,6.5,99,0.00,0.0
2023-04-09T22:00,16.0,78,12.2,15.6,7.1,97,0.00,0.0
2023-04-09T23:00,16.4,77,12.4,14.2,20.5,100,0.00,0.0
2023-04-10T00:00,15.6,84,12.9,13.6,19.9,99,0.00,0.0
2023-04-10T01:00,15.0,87,12.9,13.4,17.1,100,0.00,0.0
2023-04-10T02:00,14.6,89,12.9,13.6,13.5,100,0.00,0.0
2023-04-10T03:00,14.9,88,12.9,14.2,11.4,100,0.00,0.0
2023-04-10T04:00,15.1,87,13.1,14.9,8.1,99,0.00,0.0
2023-04-10T05:00,15.3,87,13.2,15.6,4.7,100,0.00,0.0
2023-04-10T06:00,15.1,90,13.4,15.4,5.2,99,0.00,0.0
2023-04-10T07:00,13.5,95,12.8,13.3,7.3,100,0.10,0.0
2023-04-10T08:00,14.0,93,12.9,13.9,7.1,100,0.00,21.0
2023-04-10T09:00,15.4,88,13.4,15.4,7.3,100,0.00,111.0
2023-04-10T10:00,17.6,79,14.0,17.8,7.6,100,0.00,356.0
2023-04-10T11:00,19.0,73,14.1,19.7,5.2,100,0.00,564.0
2023-04-10T12:00,20.2,67,13.9,20.5,7.1,83,0.10,568.0
2023-04-10T13:00,21.1,61,13.3,21.8,9.2,82,0.00,703.0
2023-04-10T14:00,22.2,54,12.6,23.3,10.6,92,0.00,858.0
2023-04-10T15:00,22.6,52,12.2,22.9,11.2,35,0.00,768.0
2023-04-10T16:00,21.1,63,13.8,20.5,16.4,65,0.50,662.0
2023-04-10T17:00,21.5,61,13.8,20.8,13.4,49,0.20,526.0
2023-04-10T18:00,21.5,59,13.1,20.5,13.8,48,0.00,383.0
2023-04-10T19:00,20.8,59,12.6,19.6,13.9,47,0.50,173.0
2023-04-10T20:00,18.4,72,13.3,17.7,12.0,5,0.00,39.0
2023-04-10T21:00,16.3,85,13.9,16.4,7.7,41,0.00,0.0
2023-04-10T22:00,15.5,90,13.9,15.8,6.5,3,0.00,0.0
2023-04-10T23:00,15.1,91,13.6,15.0,8.0,8,0.00,0.0
2023-04-11T00:00,14.9,90,13.2,14.5,9.9,0,0.00,0.0
2023-04-11T01:00,14.9,88,13.0,14.0,12.6,0,0.00,0.0
2023-04-11T02:00,14.4,88,12.5,13.6,11.0,0,0.00,0.0
2023-04-11T03:00,13.9,91,12.4,13.2,10.1,0,0.00,0.0
2023-04-11T04:00,13.4,93,12.3,13.1,7.3,0,0.00,0.0
2023-04-11T05:00,12.4,95,11.6,11.5,9.5,12,0.00,0.0
2023-04-11T06:00,11.9,96,11.4,11.0,9.3,2,0.00,0.0
2023-04-11T07:00,12.0,98,11.7,12.2,2.2,2,0.00,0.0
2023-04-11T08:00,12.0,99,11.9,12.3,2.1,100,0.00,45.0
2023-04-11T09:00,14.7,93,13.5,15.4,2.8,3,0.00,212.0
2023-04-11T10:00,17.7,76,13.4,18.2,4.1,0,0.00,441.0
2023-04-11T11:00,19.6,63,12.4,20.1,6.2,0,0.00,644.0
2023-04-11T12:00,21.1,55,11.7,21.8,8.9,22,0.00,794.0
2023-04-11T13:00,22.2,49,11.0,22.4,11.3,50,0.00,816.0
2023-04-11T14:00,22.5,45,10.1,21.7,11.9,48,0.00,705.0
2023-04-11T15:00,23.0,44,10.0,21.9,12.0,58,0.00,662.0
2023-04-11T16:00,23.4,42,9.6,21.7,13.8,100,0.00,617.0
2023-04-11T17:00,23.0,43,9.6,20.7,15.6,51,0.00,516.0
2023-04-11T18:00,22.0,45,9.5,19.5,16.0,0,0.00,277.0
2023-04-11T19:00,21.8,46,9.5,20.4,8.1,0,0.00,222.0
2023-04-11T20:00,18.5,56,9.6,17.2,8.6,0,0.00,46.0
2023-04-11T21:00,17.3,62,10.0,16.2,7.9,0,0.00,0.0
2023-04-11T22:00,15.9,71,10.6,15.0,7.5,0,0.00,0.0
2023-04-11T23:00,14.9,75,10.6,14.0,7.9,0,0.00,0.0
2023-04-12T00:00,14.5,80,11.0,13.6,8.4,0,0.00,0.0
2023-04-12T01:00,13.6,83,10.8,12.6,7.9,0,0.00,0.0
2023-04-12T02:00,12.8,86,10.4,11.5,9.7,0,0.00,0.0
2023-04-12T03:00,12.1,88,10.2,10.7,10.0,0,0.00,0.0
2023-04-12T04:00,11.7,89,10.0,10.2,10.5,0,0.00,0.0
2023-04-12T05:00,11.2,90,9.6,9.4,11.5,0,0.00,0.0
2023-04-12T06:00,11.1,90,9.5,9.6,9.9,0,0.00,0.0
2023-04-12T07:00,11.5,93,10.4,10.1,10.6,0,0.00,0.0
2023-04-12T08:00,13.6,87,11.4,13.1,5.9,65,0.00,50.0
2023-04-12T09:00,15.9,79,12.4,16.4,1.8,3,0.00,228.0
2023-04-12T10:00,18.5,70,12.9,19.2,1.5,0,0.00,443.0
2023-04-12T11:00,20.7,57,11.9,21.4,4.0,0,0.00,652.0
2023-04-12T12:00,22.2,48,10.9,22.6,9.7,40,0.00,813.0
2023-04-12T13:00,23.1,44,10.1,23.3,11.7,18,0.00,864.0
2023-04-12T14:00,23.6,44,10.5,24.0,11.8,34,0.00,900.0
2023-04-12T15:00,24.2,41,10.1,24.3,11.9,29,0.00,866.0
2023-04-12T16:00,24.4,40,10.1,23.8,13.4,15,0.00,785.0
2023-04-12T17:00,24.1,40,9.6,22.4,14.8,1,0.00,647.0
2023-04-12T18:00,23.6,42,9.9,21.4,15.2,2,0.00,455.0
2023-04-12T19:00,23.1,47,11.3,21.9,11.0,5,0.00,233.0
2023-04-12T20:00,20.2,58,11.8,19.4,8.9,1,0.00,48.0
2023-04-12T21:00,19.0,65,12.4,18.2,10.7,7,0.00,0.0
2023-04-12T22:00,18.9,68,12.9,16.9,19.9,6,0.00,0.0
2023-04-12T23:00,18.1,70,12.6,16.3,18.4,10,0.00,0.0
2023-04-13T00:00,17.6,71,12.4,16.0,16.2,96,0.00,0.0
2023-04-13T01:00,17.0,74,12.2,15.5,14.5,6,0.00,0.0
2023-04-13T02:00,16.0,77,12.0,14.8,12.3,6,0.00,0.0
2023-04-13T03:00,15.2,81,11.9,14.3,10.2,1,0.00,0.0
2023-04-13T04:00,14.5,84,11.8,13.6,9.8,87,0.00,0.0
2023-04-13T05:00,13.9,86,11.6,13.1,9.1,3,0.00,0.0
2023-04-13T06:00,13.2,88,11.3,12.4,8.4,0,0.00,0.0
2023-04-13T07:00,12.9,88,10.9,12.0,7.9,49,0.00,0.0
2023-04-13T08:00,14.1,83,11.3,12.9,11.0,0,0.00,53.0
2023-04-13T09:00,16.6,75,12.1,15.9,9.3,0,0.00,240.0
2023-04-13T10:00,19.0,67,12.8,18.5,9.5,0,0.00,457.0
2023-04-13T11:00,21.1,59,12.8,20.9,11.4,19,0.00,654.0
2023-04-13T12:00,22.6,53,12.4,22.9,13.0,0,0.00,806.0
2023-04-13T13:00,23.6,47,11.6,24.1,13.7,0,0.00,905.0
2023-04-13T14:00,24.4,44,11.2,24.9,14.1,0,0.00,948.0
2023-04-13T15:00,25.1,41,10.9,25.4,12.2,30,0.00,867.0
2023-04-13T16:00,25.5,38,10.2,24.9,12.2,45,0.00,751.0
2023-04-13T17:00,25.2,37,9.7,23.2,14.2,99,0.00,573.0
2023-04-13T18:00,24.8,38,9.6,22.6,14.7,2,0.00,391.0
2023-04-13T19:00,23.9,41,9.8,21.7,14.3,2,0.00,209.0
2023-04-13T20:00,21.5,50,10.6,19.4,15.4,1,0.00,49.0
2023-04-13T21:00,19.9,57,11.1,18.1,14.5,0,0.00,0.0
2023-04-13T22:00,18.9,61,11.1,17.2,13.7,0,0.00,0.0
2023-04-13T23:00,18.5,62,11.1,16.6,15.0,1,0.00,0.0
2023-04-14T00:00,17.5,65,10.9,15.9,13.5,37,0.00,0.0
2023-04-14T01:00,17.2,66,10.9,15.2,15.8,0,0.00,0.0
2023-04-14T02:00,16.9,68,11.1,15.1,14.4,39,0.00,0.0
2023-04-14T03:00,16.6,70,11.1,14.9,14.1,12,0.00,0.0
2023-04-14T04:00,16.3,72,11.3,14.6,14.6,60,0.00,0.0
2023-04-14T05:00,16.0,75,11.6,14.3,15.0,70,0.00,0.0
2023-04-14T06:00,15.5,78,11.8,14.0,14.1,85,0.00,0.0
2023-04-14T07:00,16.7,71,11.4,14.7,16.6,100,0.00,0.0
2023-04-14T08:00,17.1,71,11.9,15.2,17.3,78,0.00,48.0
2023-04-14T09:00,19.0,69,13.2,17.6,16.9,12,0.00,234.0
2023-04-14T10:00,20.8,68,14.6,19.5,19.1,14,0.00,440.0
2023-04-14T11:00,24.1,57,15.1,22.1,27.1,100,0.00,604.0
2023-04-14T12:00,24.5,57,15.4,22.6,27.4,58,0.00,621.0
2023-04-14T13:00,25.6,54,15.6,24.6,27.0,100,0.00,785.0
2023-04-14T14:00,25.3,58,16.5,24.1,27.4,100,0.00,657.0
2023-04-14T15:00,24.5,63,16.9,22.9,27.4,100,0.00,360.0
2023-04-14T16:00,24.5,66,17.6,22.8,30.7,100,0.10,368.0
2023-04-14T17:00,24.7,66,17.9,23.6,27.4,80,0.00,294.0
2023-04-14T18:00,24.5,67,18.1,23.3,28.9,100,0.00,227.0
2023-04-14T19:00,23.6,75,19.0,23.9,20.9,39,0.00,124.0
2023-04-14T20:00,22.5,81,19.1,22.7,21.9,47,0.00,48.0
2023-04-14T21:00,21.5,84,18.8,21.6,22.1,37,0.00,0.0
2023-04-14T22:00,21.0,89,19.1,21.5,20.1,79,0.00,0.0
2023-04-14T23:00,21.0,91,19.4,21.8,18.9,40,0.00,0.0
2023-04-15T00:00,20.4,91,18.9,20.8,19.3,92,0.00,0.0
2023-04-15T01:00,19.7,92,18.4,20.0,18.7,13,0.00,0.0
2023-04-15T02:00,19.4,93,18.2,19.7,18.9,11,0.00,0.0
2023-04-15T03:00,19.4,94,18.3,19.2,21.8,100,0.00,0.0
2023-04-15T04:00,20.0,92,18.7,20.2,20.8,100,0.00,0.0
2023-04-15T05:00,20.3,92,18.9,21.1,17.3,100,0.00,0.0
2023-04-15T06:00,20.3,93,19.0,21.3,16.2,100,0.00,0.0
2023-04-15T07:00,19.5,96,18.9,21.0,13.0,100,0.00,0.0
2023-04-15T08:00,20.3,93,19.1,21.6,14.8,13,0.00,53.0
2023-04-15T09:00,22.3,85,19.6,24.4,10.9,1,0.00,216.0
2023-04-15T10:00,24.7,73,19.5,25.5,19.2,0,0.00,449.0
2023-04-15T11:00,26.0,44,13.0,24.4,21.1,1,0.00,647.0
2023-04-15T12:00,25.0,31,6.8,21.9,24.1,21,0.00,813.0
2023-04-15T13:00,25.1,35,8.7,23.0,23.8,0,0.00,917.0
2023-04-15T14:00,26.0,32,7.9,23.9,23.7,0,0.00,950.0
2023-04-15T15:00,26.2,30,7.4,24.2,21.8,0,0.00,915.0
2023-04-15T16:00,26.5,29,6.8,23.7,22.1,0,0.00,815.0
2023-04-15T17:00,26.3,27,6.1,22.2,24.7,0,0.00,658.0
2023-04-15T18:00,25.1,30,6.5,20.4,26.1,0,0.00,463.0
2023-04-15T19:00,22.5,38,7.3,18.7,21.6,0,0.00,243.0
2023-04-15T20:00,21.0,37,5.7,16.1,26.3,0,0.00,53.0
2023-04-15T21:00,19.7,36,4.1,14.9,23.2,0,0.00,0.0
2023-04-15T22:00,18.0,39,3.8,12.6,26.7,0,0.00,0.0
2023-04-15T23:00,16.6,42,3.6,12.2,19.9,0,0.00,0.0
2023-04-16T00:00,15.7,44,3.6,11.2,20.3,0,0.00,0.0
2023-04-16T01:00,14.6,48,3.8,10.8,15.6,0,0.00,0.0
2023-04-16T02:00,13.6,51,3.7,10.0,14.4,0,0.00,0.0
2023-04-16T03:00,12.4,54,3.5,9.5,10.0,0,0.00,0.0
2023-04-16T04:00,11.4,60,4.0,8.9,7.6,0,0.00,0.0
2023-04-16T05:00,10.2,68,4.7,7.7,8.3,0,0.00,0.0
2023-04-16T06:00,9.3,75,5.0,6.9,8.4,0,0.00,0.0
2023-04-16T07:00,9.1,76,5.0,6.8,7.1,0,0.00,0.0
2023-04-16T08:00,10.6,68,4.9,7.9,9.8,0,0.00,64.0
2023-04-16T09:00,13.2,53,4.0,10.5,9.0,0,0.00,262.0
2023-04-16T10:00,15.1,43,2.6,12.1,8.9,0,0.00,484.0
2023-04-16T11:00,16.5,38,2.0,14.3,8.4,0,0.00,684.0
2023-04-16T12:00,18.0,34,1.8,16.5,9.0,0,0.00,841.0
2023-04-16T13:00,19.4,31,1.6,18.3,10.1,0,0.00,940.0
2023-04-16T14:00,20.5,27,1.1,19.2,12.3,0,0.00,974.0
2023-04-16T15:00,21.5,25,0.6,19.5,14.2,0,0.00,938.0
2023-04-16T16:00,22.0,23,-0.2,19.0,16.1,0,0.00,836.0
2023-04-16T17:00,22.2,21,-0.9,18.3,15.9,0,0.00,677.0
2023-04-16T18:00,21.9,21,-1.2,17.5,14.1,0,0.00,475.0
2023-04-16T19:00,20.5,27,0.6,17.2,9.2,0,0.00,252.0
2023-04-16T20:00,17.0,42,4.2,14.4,8.7,0,0.00,56.0
2023-04-16T21:00,18.0,37,3.0,15.6,5.6,0,0.00,0.0
2023-04-16T22:00,17.0,40,3.3,15.1,2.3,0,0.00,0.0
2023-04-16T23:00,14.9,47,3.8,12.7,5.4,0,0.00,0.0
2023-04-17T00:00,12.4,60,4.8,9.7,10.1,0,0.00,0.0
2023-04-17T01:00,12.6,64,5.9,10.2,9.5,0,0.00,0.0
2023-04-17T02:00,12.6,64,6.0,10.3,8.7,0,0.00,0.0
2023-04-17T03:00,12.1,63,5.2,9.6,9.2,0,0.00,0.0
2023-04-17T04:00,11.4,59,3.8,8.6,9.4,0,0.00,0.0
2023-04-17T05:00,10.9,57,2.6,7.8,9.4,0,0.00,0.0
2023-04-17T06:00,10.3,58,2.3,7.3,8.7,0,0.00,0.0
2023-04-17T07:00,9.8,63,3.0,6.7,9.7,0,0.00,0.0
2023-04-17T08:00,11.3,60,3.9,8.0,13.0,0,0.00,67.0
2023-04-17T09:00,14.6,53,5.1,12.2,8.7,0,0.00,266.0
2023-04-17T10:00,18.1,46,6.3,16.5,4.7,0,0.00,487.0
2023-04-17T11:00,21.6,36,6.1,20.1,9.4,0,0.00,685.0
2023-04-17T12:00,22.9,32,5.1,20.4,18.6,0,0.00,838.0
2023-04-17T13:00,24.1,26,3.5,21.5,20.2,31,0.00,928.0
2023-04-17T14:00,25.2,25,3.8,22.7,20.9,13,0.00,959.0
2023-04-17T15:00,26.0,24,3.5,22.8,23.3,0,0.00,923.0
2023-04-17T16:00,26.1,24,3.7,22.3,24.8,77,0.00,821.0
2023-04-17T17:00,25.9,25,4.2,21.2,26.1,5,0.00,659.0
2023-04-17T18:00,25.2,26,4.5,20.0,26.3,62,0.00,462.0
2023-04-17T19:00,23.5,28,3.7,19.3,18.3,100,0.00,237.0
2023-04-17T20:00,21.3,34,4.7,17.8,14.9,100,0.00,54.0
2023-04-17T21:00,20.3,37,4.9,16.6,16.9,99,0.00,0.0
2023-04-17T22:00,19.6,39,5.2,15.8,18.1,98,0.00,0.0
2023-04-17T23:00,19.1,42,5.8,15.3,19.1,45,0.00,0.0
2023-04-18T00:00,18.6,44,6.0,14.7,20.2,97,0.00,0.0
2023-04-18T01:00,18.0,47,6.6,14.3,19.5,82,0.00,0.0
2023-04-18T02:00,17.6,51,7.5,14.1,20.2,12,0.00,0.0
2023-04-18T03:00,17.2,57,8.6,14.1,19.5,11,0.00,0.0
2023-04-18T04:00,16.7,61,9.2,13.7,19.5,0,0.00,0.0
2023-04-18T05:00,16.2,64,9.4,13.3,19.1,0,0.00,0.0
2023-04-18T06:00,15.9,66,9.4,12.9,18.9,0,0.00,0.0
2023-04-18T07:00,15.2,79,11.6,13.1,18.0,3,0.00,0.0
2023-04-18T08:00,16.2,76,12.1,14.6,15.6,5,0.00,63.0
2023-04-18T09:00,18.3,69,12.6,16.5,18.1,28,0.00,249.0
2023-04-18T10:00,20.5,66,13.9,18.6,22.0,100,0.00,424.0
2023-04-18T11:00,20.7,68,14.6,18.9,22.6,100,0.00,324.0
2023-04-18T12:00,22.1,64,15.0,19.3,30.3,100,0.00,476.0
2023-04-18T13:00,22.1,64,14.9,19.1,32.0,100,0.00,395.0
2023-04-18T14:00,23.4,59,15.0,20.0,34.7,100,0.00,549.0
2023-04-18T15:00,22.9,61,15.0,19.4,35.1,100,0.00,430.0
2023-04-18T16:00,22.5,62,14.9,19.3,33.2,100,0.00,347.0
2023-04-18T17:00,22.6,63,15.1,19.3,34.2,55,0.00,319.0
2023-04-18T18:00,22.9,60,14.8,19.8,31.7,87,0.00,325.0
2023-04-18T19:00,21.5,76,17.0,20.9,21.0,84,0.00,178.0
2023-04-18T20:00,20.7,83,17.7,19.2,29.6,91,0.20,9.0
2023-04-18T21:00,20.2,85,17.7,19.3,25.5,30,0.00,0.0
2023-04-18T22:00,19.8,91,18.3,19.4,23.7,4,0.00,0.0
2023-04-18T23:00,19.5,93,18.4,19.1,23.7,9,0.00,0.0
2023-04-19T00:00,19.5,91,18.0,19.3,21.4,2,0.00,0.0
2023-04-19T01:00,19.5,82,16.3,18.2,23.8,0,0.00,0.0
2023-04-19T02:00,18.9,77,14.7,17.1,23.0,8,0.00,0.0
2023-04-19T03:00,18.4,76,14.1,16.1,24.9,40,0.00,0.0
2023-04-19T04:00,18.0,80,14.4,16.3,22.4,100,0.00,0.0
2023-04-19T05:00,19.2,79,15.4,17.4,25.3,100,0.00,0.0
2023-04-19T06:00,19.4,82,16.2,18.0,24.5,100,0.00,0.0
2023-04-19T07:00,19.1,88,17.0,18.4,22.5,100,0.00,0.0
2023-04-19T08:00,19.8,86,17.4,18.9,24.4,100,0.00,14.0
2023-04-19T09:00,21.0,82,17.7,20.0,25.3,100,0.00,75.0
2023-04-19T10:00,21.4,79,17.7,20.1,27.9,100,0.00,144.0
2023-04-19T11:00,21.9,78,17.8,20.2,31.0,100,0.10,193.0
2023-04-19T12:00,23.6,70,18.0,21.6,33.9,100,0.10,336.0
2023-04-19T13:00,25.0,66,18.1,22.6,36.7,97,0.10,484.0
2023-04-19T14:00,26.0,61,18.0,23.8,35.1,100,0.00,562.0
2023-04-19T15:00,27.0,57,17.8,25.5,29.9,100,0.00,454.0
2023-04-19T16:00,26.6,60,18.2,24.9,32.5,58,0.10,315.0
2023-04-19T17:00,26.6,61,18.5,25.2,31.3,83,0.10,472.0
2023-04-19T18:00,24.5,72,19.1,24.8,21.4,73,0.50,197.0
2023-04-19T19:00,24.8,71,19.1,24.9,22.6,96,0.00,136.0
2023-04-19T20:00,24.0,73,18.8,23.0,29.5,23,0.00,52.0
2023-04-19T21:00,22.6,75,18.0,21.6,26.8,23,0.00,0.0
2023-04-19T22:00,23.0,74,18.1,21.6,30.4,7,0.00,0.0
2023-04-19T23:00,22.8,74,17.9,21.6,28.2,11,0.00,0.0
2023-04-20T00:00,22.2,76,17.9,21.1,27.8,10,0.00,0.0
2023-04-20T01:00,21.8,78,17.8,20.5,27.8,10,0.00,0.0
2023-04-20T02:00,21.1,81,17.8,20.0,27.1,8,0.00,0.0
2023-04-20T03:00,20.5,85,17.8,19.3,27.4,16,0.00,0.0
2023-04-20T04:00,20.0,86,17.6,19.3,23.6,100,0.00,0.0
2023-04-20T05:00,20.5,84,17.6,19.6,25.1,100,0.00,0.0
2023-04-20T06:00,20.5,85,17.8,19.5,26.0,100,0.00,0.0
2023-04-20T07:00,21.5,86,19.1,21.6,22.7,100,0.00,0.0
2023-04-20T08:00,22.3,85,19.6,22.7,22.2,100,0.10,42.0
2023-04-20T09:00,20.8,88,18.8,21.2,19.6,99,1.10,31.0
2023-04-20T10:00,22.3,80,18.6,22.4,21.4,100,0.00,307.0
2023-04-20T11:00,22.6,76,18.3,22.4,22.7,100,0.00,467.0
2023-04-20T12:00,22.1,80,18.5,23.3,13.2,92,0.00,261.0
2023-04-20T13:00,23.9,73,18.8,25.7,15.9,97,0.00,707.0
2023-04-20T14:00,25.8,67,19.2,27.6,16.3,92,0.10,697.0
2023-04-20T15:00,24.9,67,18.4,25.5,17.1,55,0.30,500.0
2023-04-20T16:00,26.5,60,18.1,28.2,10.5,84,0.10,596.0
2023-04-20T17:00,25.7,62,17.8,27.7,5.2,46,0.10,464.0
2023-04-20T18:00,25.1,65,18.0,26.6,10.0,52,0.50,360.0
2023-04-20T19:00,20.9,74,16.1,20.5,16.6,78,0.90,172.0
2023-04-20T20:00,19.4,77,15.2,17.9,22.4,100,2.20,24.0
2023-04-20T21:00,18.6,86,16.3,18.8,13.4,100,5.30,0.0
2023-04-20T22:00,18.6,91,17.0,19.2,13.2,100,2.30,0.0
2023-04-20T23:00,18.4,91,16.9,20.5,2.3,15,0.00,0.0
2023-04-21T00:00,17.6,94,16.6,19.0,6.0,36,0.00,0.0
2023-04-21T01:00,16.5,95,15.7,17.4,6.9,3,0.00,0.0
2023-04-21T02:00,16.6,95,15.8,17.5,7.5,9,0.00,0.0
2023-04-21T03:00,16.0,96,15.3,16.7,7.8,1,0.00,0.0
2023-04-21T04:00,15.9,92,14.6,15.9,10.0,0,0.00,0.0
2023-04-21T05:00,15.4,77,11.4,14.0,12.1,0,0.00,0.0
2023-04-21T06:00,14.4,73,9.8,12.4,13.8,3,0.00,0.0
2023-04-21T07:00,13.8,71,8.6,11.2,15.5,10,0.00,0.0
2023-04-21T08:00,15.2,66,9.0,11.9,20.8,10,0.00,74.0
2023-04-21T09:00,17.5,59,9.4,14.4,19.6,2,0.00,261.0
2023-04-21T10:00,19.3,51,9.0,16.0,20.8,0,0.00,482.0
2023-04-21T11:00,21.2,36,5.8,17.8,21.1,0,0.00,688.0
2023-04-21T12:00,22.5,29,3.8,19.0,23.5,0,0.00,846.0
2023-04-21T13:00,23.1,26,2.6,19.8,23.6,0,0.00,943.0
2023-04-21T14:00,23.7,23,1.1,20.9,20.5,0,0.00,977.0
2023-04-21T15:00,24.0,22,0.9,21.1,19.6,0,0.00,944.0
2023-04-21T16:00,24.0,22,0.8,21.3,15.4,0,0.00,842.0
2023-04-21T17:00,23.8,21,0.2,20.4,13.7,0,0.00,681.0
2023-04-21T18:00,23.0,23,0.4,19.0,13.1,0,0.00,479.0
2023-04-21T19:00,22.5,24,0.9,19.3,8.7,17,0.00,258.0
2023-04-21T20:00,19.5,35,3.8,17.0,7.2,26,0.00,62.0
2023-04-21T21:00,17.4,45,5.2,15.2,6.9,42,0.00,0.0
2023-04-21T22:00,15.8,54,6.5,13.9,6.6,6,0.00,0.0
2023-04-21T23:00,15.4,52,5.6,13.0,8.7,14,0.00,0.0
2023-04-22T00:00,14.1,54,4.9,11.6,8.7,43,0.00,0.0
2023-04-22T01:00,14.1,55,5.3,11.4,10.9,35,0.00,0.0
2023-04-22T02:00,14.4,54,5.2,11.1,14.5,72,0.00,0.0
2023-04-22T03:00,14.4,48,3.5,10.7,15.1,75,0.00,0.0
2023-04-22T04:00,13.6,50,3.3,10.6,10.3,49,0.00,0.0
2023-04-22T05:00,12.4,55,3.7,9.7,8.9,68,0.00,0.0
2023-04-22T06:00,11.0,63,4.2,8.5,7.8,4,0.00,0.0
2023-04-22T07:00,11.3,73,6.6,9.0,9.7,14,0.00,0.0
2023-04-22T08:00,13.5,67,7.5,12.2,4.8,43,0.00,79.0
2023-04-22T09:00,16.0,61,8.4,15.2,2.9,45,0.00,274.0
2023-04-22T10:00,18.5,55,9.1,17.4,5.8,49,0.00,488.0
2023-04-22T11:00,20.6,50,9.8,20.0,9.0,62,0.00,681.0
2023-04-22T12:00,22.0,46,9.9,21.9,11.0,90,0.00,815.0
2023-04-22T13:00,23.0,42,9.4,22.8,13.6,100,0.00,904.0
2023-04-22T14:00,22.5,42,8.9,20.3,13.3,100,0.00,527.0
2023-04-22T15:00,23.1,39,8.5,21.1,11.1,100,0.00,545.0
2023-04-22T16:00,23.0,37,7.5,21.2,8.2,100,0.00,485.0
2023-04-22T17:00,22.3,38,7.2,19.9,11.7,100,0.00,248.0
2023-04-22T18:00,21.3,41,7.7,18.5,15.0,100,0.00,96.0
2023-04-22T19:00,17.0,41,3.5,12.4,20.5,100,0.00,59.0
2023-04-22T20:00,15.3,40,1.8,9.9,24.5,100,0.00,34.0
2023-04-22T21:00,13.8,40,0.6,8.5,22.7,100,0.00,0.0
2023-04-22T22:00,13.1,43,0.9,7.8,23.4,100,0.00,0.0
2023-04-22T23:00,12.1,50,2.1,6.8,24.1,85,0.00,0.0
2023-04-23T00:00,11.2,56,2.8,5.9,25.0,94,0.00,0.0
2023-04-23T01:00,10.5,63,3.7,5.2,26.1,100,0.40,0.0
2023-04-23T02:00,10.4,67,4.4,5.4,25.1,92,0.30,0.0
2023-04-23T03:00,10.1,64,3.8,5.1,24.5,100,0.00,0.0
2023-04-23T04:00,9.9,65,3.7,5.2,21.5,100,0.00,0.0
2023-04-23T05:00,10.1,66,4.0,6.2,17.1,100,0.00,0.0
2023-04-23T06:00,9.7,75,5.4,5.9,18.1,100,0.50,0.0
2023-04-23T07:00,9.2,85,6.8,5.9,17.2,100,0.30,0.0
2023-04-23T08:00,9.2,88,7.3,6.3,15.9,100,0.70,9.0
2023-04-23T09:00,9.2,88,7.3,6.0,17.3,100,0.80,34.0
2023-04-23T10:00,9.9,85,7.6,6.8,17.1,100,0.70,116.0
2023-04-23T11:00,10.2,82,7.2,6.6,19.9,100,0.40,136.0
2023-04-23T12:00,11.6,72,6.7,8.0,19.5,100,0.10,370.0
2023-04-23T13:00,11.8,69,6.3,8.0,19.5,100,0.00,263.0
2023-04-23T14:00,13.6,59,5.8,9.8,19.8,100,0.00,586.0
2023-04-23T15:00,13.3,59,5.6,9.3,19.9,100,0.00,491.0
2023-04-23T16:00,13.4,58,5.2,9.4,19.2,4,0.00,552.0
2023-04-23T17:00,14.1,53,4.7,10.7,17.7,0,0.00,626.0
2023-04-23T18:00,14.0,54,4.9,10.5,15.6,0,0.00,444.0
2023-04-23T19:00,14.2,58,6.1,11.1,14.3,2,0.00,242.0
2023-04-23T20:00,12.9,65,6.3,10.1,12.6,99,0.00,45.0
2023-04-23T21:00,12.4,67,6.4,9.9,11.5,100,0.00,0.0
2023-04-23T22:00,12.2,68,6.6,9.8,10.5,97,0.00,0.0
2023-04-23T23:00,11.9,70,6.7,9.9,8.1,98,0.00,0.0
2023-04-24T00:00,11.6,73,6.8,9.6,7.6,97,0.00,0.0
2023-04-24T01:00,11.1,75,6.8,9.0,8.2,38,0.00,0.0
2023-04-24T02:00,10.1,78,6.3,8.2,7.0,38,0.00,0.0
2023-04-24T03:00,9.1,80,5.9,7.1,6.5,77,0.00,0.0
2023-04-24T04:00,8.3,83,5.7,6.2,7.3,70,0.00,0.0
2023-04-24T05:00,8.1,85,5.7,5.7,8.6,48,0.00,0.0
2023-04-24T06:00,7.8,87,5.8,5.4,9.2,42,0.00,0.0
2023-04-24T07:00,7.8,85,5.3,5.0,10.7,24,0.00,1.0
2023-04-24T08:00,9.0,78,5.3,6.1,12.0,20,0.00,65.0
2023-04-24T09:00,11.1,66,4.9,8.3,10.5,22,0.00,261.0
2023-04-24T10:00,12.9,58,5.0,10.7,7.0,19,0.00,478.0
2023-04-24T11:00,14.6,52,4.8,12.5,10.2,14,0.00,661.0
2023-04-24T12:00,16.0,46,4.6,14.5,12.3,23,0.00,830.0
2023-04-24T13:00,17.2,45,5.2,16.2,12.8,33,0.00,915.0
2023-04-24T14:00,18.4,45,6.1,17.5,13.8,72,0.00,936.0
2023-04-24T15:00,19.4,43,6.4,18.3,14.9,38,0.00,914.0
2023-04-24T16:00,19.9,42,6.7,17.9,17.2,97,0.00,812.0
2023-04-24T17:00,19.6,44,7.1,16.5,16.9,81,0.00,581.0
2023-04-24T18:00,19.0,47,7.3,15.7,18.2,47,0.00,328.0
2023-04-24T19:00,19.4,48,8.1,17.0,12.9,69,0.00,238.0
2023-04-24T20:00,17.4,68,11.5,16.5,9.6,100,0.90,15.0
2023-04-24T21:00,16.2,74,11.6,13.7,20.7,100,0.10,0.0
2023-04-24T22:00,15.4,79,11.8,13.0,19.9,100,0.90,0.0
2023-04-24T23:00,15.1,81,11.9,13.6,14.3,23,0.00,0.0
2023-04-25T00:00,14.7,83,11.8,14.3,6.8,100,0.00,0.0
2023-04-25T01:00,14.5,86,12.2,14.3,5.9,100,0.00,0.0
2023-04-25T02:00,14.9,82,11.9,14.4,7.6,100,0.00,0.0
2023-04-25T03:00,14.5,81,11.2,13.1,12.4,100,0.00,0.0
2023-04-25T04:00,14.0,82,10.9,12.6,11.6,100,0.30,0.0
2023-04-25T05:00,13.4,87,11.4,12.0,12.9,100,0.50,0.0
2023-04-25T06:00,13.0,89,11.2,11.2,14.8,100,0.40,0.0
2023-04-25T07:00,13.9,85,11.5,13.1,9.0,100,0.10,0.0
2023-04-25T08:00,14.1,88,12.1,13.3,9.7,100,0.20,15.0
2023-04-25T09:00,14.3,85,11.9,13.3,11.0,100,0.20,49.0
2023-04-25T10:00,14.6,85,12.1,13.2,14.0,100,0.00,73.0
2023-04-25T11:00,14.8,85,12.3,13.1,16.2,100,0.40,122.0
2023-04-25T12:00,15.8,82,12.7,14.2,16.6,100,0.10,231.0
2023-04-25T13:00,16.9,75,12.4,14.5,21.2,90,0.00,291.0
2023-04-25T14:00,18.6,68,12.6,16.4,21.8,90,0.00,573.0
2023-04-25T15:00,20.0,66,13.4,19.6,19.0,100,0.40,805.0
2023-04-25T16:00,21.0,60,13.0,19.5,17.4,100,0.10,465.0
2023-04-25T17:00,21.5,58,12.9,19.3,20.9,79,0.00,277.0
2023-04-25T18:00,22.2,55,12.8,20.2,19.4,100,0.00,339.0
2023-04-25T19:00,20.8,62,13.3,19.8,13.7,100,0.00,120.0
2023-04-25T20:00,16.9,90,15.2,17.3,8.7,100,9.70,35.0
2023-04-25T21:00,17.2,86,14.9,16.3,17.7,88,0.20,0.0
2023-04-25T22:00,16.0,93,14.9,15.4,15.5,52,0.00,0.0
2023-04-25T23:00,15.9,92,14.5,14.3,21.1,100,0.00,0.0
2023-04-26T00:00,16.0,93,14.8,14.7,19.8,97,0.20,0.0
2023-04-26T01:00,16.0,95,15.2,15.4,16.4,60,1.60,0.0
2023-04-26T02:00,15.6,95,14.9,15.4,12.3,100,0.80,0.0
2023-04-26T03:00,15.5,96,14.9,15.5,10.9,100,7.50,0.0
2023-04-26T04:00,15.2,97,14.8,14.6,15.5,100,3.90,0.0
2023-04-26T05:00,15.4,93,14.2,14.6,15.0,66,4.90,0.0
2023-04-26T06:00,15.4,92,14.1,14.6,14.8,56,14.10,0.0
2023-04-26T07:00,14.1,95,13.2,11.9,22.0,100,5.70,1.0
2023-04-26T08:00,14.8,91,13.4,13.2,18.4,100,0.00,73.0
2023-04-26T09:00,16.2,87,14.1,14.5,21.0,100,0.00,152.0
2023-04-26T10:00,16.4,89,14.6,15.5,16.3,100,1.40,110.0
2023-04-26T11:00,16.2,91,14.8,14.8,20.9,100,1.10,140.0
2023-04-26T12:00,19.5,80,16.0,17.7,27.0,100,0.10,425.0
2023-04-26T13:00,19.1,84,16.4,17.7,24.8,99,0.10,241.0
2023-04-26T14:00,20.5,79,16.6,19.5,22.5,100,0.10,294.0
2023-04-26T15:00,22.4,71,17.0,21.1,25.6,100,0.10,525.0
2023-04-26T16:00,21.5,73,16.5,20.7,21.4,100,0.00,221.0
2023-04-26T17:00,21.4,74,16.5,20.3,22.7,100,0.00,181.0
2023-04-26T18:00,20.1,81,16.8,19.6,20.3,100,0.00,117.0
2023-04-26T19:00,15.8,89,14.0,13.8,22.8,100,0.00,99.0
2023-04-26T20:00,15.7,92,14.4,15.2,13.2,100,1.50,11.0
2023-04-26T21:00,15.7,92,14.4,15.6,10.5,100,0.00,0.0
2023-04-26T22:00,15.0,93,13.9,14.2,14.5,100,1.70,0.0
2023-04-26T23:00,15.0,93,13.8,13.2,20.6,100,0.10,0.0
2023-04-27T00:00,14.7,93,13.5,13.8,14.2,51,0.10,0.0
2023-04-27T01:00,13.6,97,13.1,13.9,4.7,100,0.00,0.0
2023-04-27T02:00,14.1,96,13.4,14.4,5.5,100,0.00,0.0
2023-04-27T03:00,14.3,96,13.6,13.8,11.2,100,0.00,0.0
2023-04-27T04:00,14.1,95,13.4,13.9,9.2,100,0.00,0.0
2023-04-27T05:00,13.6,95,12.9,13.0,10.6,89,0.00,0.0
2023-04-27T06:00,13.4,94,12.4,12.3,12.4,26,0.00,0.0
2023-04-27T07:00,15.0,96,14.4,15.1,9.2,1,0.00,1.0
2023-04-27T08:00,15.6,88,13.7,13.8,20.7,85,0.00,67.0
2023-04-27T09:00,16.1,81,12.8,13.9,20.8,1,0.00,185.0
2023-04-27T10:00,17.5,67,11.1,14.3,23.9,9,0.00,484.0
2023-04-27T11:00,18.5,60,10.7,15.5,26.2,100,0.00,667.0
2023-04-27T12:00,18.0,64,11.0,14.5,25.6,100,0.00,437.0
2023-04-27T13:00,18.5,60,10.6,15.6,21.6,100,0.00,536.0
2023-04-27T14:00,18.9,59,10.7,16.3,22.7,100,0.00,668.0
2023-04-27T15:00,18.9,58,10.4,16.0,20.6,100,0.00,420.0
2023-04-27T16:00,19.4,58,10.8,16.6,20.3,100,0.00,412.0
2023-04-27T17:00,19.9,54,10.4,17.3,18.7,51,0.00,347.0
2023-04-27T18:00,20.4,51,9.9,17.7,18.2,17,0.00,381.0
2023-04-27T19:00,19.0,59,10.7,17.7,10.6,1,0.00,242.0
2023-04-27T20:00,17.0,69,11.3,16.5,5.9,6,0.00,68.0
2023-04-27T21:00,14.8,79,11.2,14.0,7.9,6,0.00,0.0
2023-04-27T22:00,14.2,82,11.1,13.5,7.1,0,0.00,0.0
2023-04-27T23:00,12.8,88,10.9,12.0,7.4,0,0.00,0.0
2023-04-28T00:00,12.1,91,10.6,11.3,7.1,9,0.00,0.0
2023-04-28T01:00,12.1,91,10.6,11.2,7.3,0,0.00,0.0
2023-04-28T02:00,11.5,94,10.6,10.7,6.5,0,0.00,0.0
2023-04-28T03:00,11.4,95,10.6,10.3,9.3,0,0.00,0.0
2023-04-28T04:00,11.4,94,10.5,10.4,8.6,0,0.00,0.0
2023-04-28T05:00,10.9,95,10.1,10.0,6.7,0,0.00,0.0
2023-04-28T06:00,10.8,96,10.1,9.8,6.8,0,0.00,0.0
2023-04-28T07:00,10.6,95,9.9,9.2,9.7,0,0.00,2.0
2023-04-28T08:00,12.6,89,10.9,10.6,15.6,13,0.00,92.0
2023-04-28T09:00,15.6,77,11.5,13.9,14.9,86,0.00,276.0
2023-04-28T10:00,17.8,68,11.8,15.9,16.6,78,0.00,382.0
2023-04-28T11:00,19.8,63,12.5,18.4,16.3,89,0.00,596.0
2023-04-28T12:00,21.5,61,13.6,21.2,17.6,99,0.00,784.0
2023-04-28T13:00,22.9,60,14.6,23.0,18.1,100,0.00,793.0
2023-04-28T14:00,23.3,61,15.4,23.1,18.3,88,0.10,677.0
2023-04-28T15:00,21.5,72,16.1,21.0,17.4,100,4.70,490.0
2023-04-28T16:00,18.7,88,16.6,19.8,8.5,100,3.30,78.0
2023-04-28T17:00,18.4,86,16.1,19.4,7.8,100,2.70,125.0
2023-04-28T18:00,17.0,81,13.9,14.1,28.4,100,1.20,113.0
2023-04-28T19:00,16.6,82,13.5,14.1,25.4,100,0.90,49.0
2023-04-28T20:00,15.8,85,13.2,13.9,19.8,100,1.10,16.0
2023-04-28T21:00,15.4,84,12.8,13.3,19.7,100,0.10,0.0
2023-04-28T22:00,14.0,82,11.1,10.6,25.3,100,0.90,0.0
2023-04-28T23:00,13.1,82,10.1,9.3,26.6,100,0.00,0.0
2023-04-29T00:00,12.8,78,9.1,8.7,26.3,100,0.00,0.0
2023-04-29T01:00,12.5,78,8.8,8.7,23.8,32,0.00,0.0
2023-04-29T02:00,12.1,80,8.8,8.2,24.3,33,0.00,0.0
2023-04-29T03:00,11.6,80,8.4,8.0,21.7,34,0.00,0.0
2023-04-29T04:00,11.5,77,7.6,7.6,22.3,35,0.00,0.0
2023-04-29T05:00,11.3,75,7.0,7.4,21.3,21,0.00,0.0
2023-04-29T06:00,11.2,73,6.6,7.2,21.7,99,0.00,0.0
2023-04-29T07:00,11.6,75,7.3,7.5,22.9,100,0.00,1.0
2023-04-29T08:00,11.6,71,6.6,7.1,24.6,24,0.00,63.0
2023-04-29T09:00,12.3,66,6.1,7.3,27.6,65,0.00,239.0
2023-04-29T10:00,14.1,63,7.1,8.8,31.1,100,0.00,442.0
2023-04-29T11:00,15.4,60,7.7,10.9,27.2,100,0.00,459.0
2023-04-29T12:00,17.4,53,7.6,12.6,28.0,100,0.00,525.0
2023-04-29T13:00,18.0,50,7.2,13.2,27.7,48,0.00,458.0
2023-04-29T14:00,19.7,43,6.9,15.6,27.2,63,0.00,699.0
2023-04-29T15:00,20.1,40,6.2,15.9,27.1,0,0.00,696.0
2023-04-29T16:00,20.8,38,5.9,17.1,26.6,0,0.00,832.0
2023-04-29T17:00,20.5,37,5.3,16.1,27.3,0,0.00,689.0
2023-04-29T18:00,20.4,35,4.6,15.4,25.3,0,0.00,494.0
2023-04-29T19:00,19.8,41,6.2,16.9,13.1,0,0.00,275.0
2023-04-29T20:00,17.2,48,5.9,14.7,10.0,0,0.00,76.0
2023-04-29T21:00,15.6,52,5.8,13.1,9.9,0,0.00,0.0
2023-04-29T22:00,14.6,56,5.9,12.1,9.4,0,0.00,0.0
2023-04-29T23:00,13.2,62,6.2,11.1,8.0,0,0.00,0.0
2023-04-30T00:00,12.3,67,6.3,10.2,7.8,0,0.00,0.0
2023-04-30T01:00,12.2,69,6.8,9.9,10.2,0,0.00,0.0
2023-04-30T02:00,12.4,67,6.5,10.1,10.2,0,0.00,0.0
2023-04-30T03:00,12.7,64,5.9,9.9,12.4,0,0.00,0.0
2023-04-30T04:00,12.8,62,5.7,10.1,10.9,0,0.00,0.0
2023-04-30T05:00,12.2,65,5.8,9.8,9.1,0,0.00,0.0
2023-04-30T06:00,11.9,66,5.8,9.6,8.4,0,0.00,0.0
2023-04-30T07:00,14.0,55,5.1,10.9,13.3,0,0.00,2.0
2023-04-30T08:00,15.2,58,7.1,13.3,8.1,1,0.00,101.0
2023-04-30T09:00,18.0,54,8.6,16.5,7.5,0,0.00,302.0
2023-04-30T10:00,20.1,49,9.1,18.5,9.4,6,0.00,516.0
2023-04-30T11:00,22.5,44,9.7,22.0,9.0,0,0.00,705.0
2023-04-30T12:00,24.0,43,10.6,24.5,10.1,0,0.00,853.0
2023-04-30T13:00,25.0,40,10.2,25.7,10.7,0,0.00,943.0
2023-04-30T14:00,25.8,38,10.2,26.4,12.4,0,0.00,970.0
2023-04-30T15:00,26.0,40,11.4,26.7,12.6,4,0.00,930.0
2023-04-30T16:00,26.0,41,11.8,26.2,12.7,7,0.00,827.0
2023-04-30T17:00,25.6,40,11.1,24.2,15.8,1,0.00,669.0
2023-04-30T18:00,25.0,38,9.6,22.3,17.4,0,0.00,477.0
2023-04-30T19:00,24.0,43,10.6,21.8,16.1,1,0.00,262.0
2023-04-30T20:00,21.0,49,9.9,19.1,13.5,0,0.00,74.0
2023-04-30T21:00,19.1,51,8.6,16.5,15.3,17,0.00,0.0
2023-04-30T22:00,17.9,53,8.1,15.7,11.5,46,0.00,0.0
2023-04-30T23:00,17.0,58,8.6,15.2,9.6,23,0.00,0.0
2023-05-01T00:00,15.8,63,8.8,14.2,8.4,5,0.00,0.0
2023-05-01T01:00,15.9,59,7.8,13.3,13.6,24,0.00,0.0
2023-05-01T02:00,15.0,58,6.9,12.3,13.1,8,0.00,0.0
2023-05-01T03:00,14.0,58,5.8,11.4,10.8,5,0.00,0.0
2023-05-01T04:00,13.2,58,5.2,10.5,10.2,13,0.00,0.0
2023-05-01T05:00,12.9,56,4.4,9.8,12.0,27,0.00,0.0
2023-05-01T06:00,12.5,55,3.8,9.4,11.0,78,0.00,0.0
2023-05-01T07:00,12.5,51,2.8,9.5,8.9,86,0.00,2.0
2023-05-01T08:00,13.8,54,4.6,11.2,9.1,19,0.00,95.0
2023-05-01T09:00,15.6,49,5.1,13.3,7.2,67,0.00,303.0
2023-05-01T10:00,17.5,46,5.8,15.5,6.6,57,0.00,494.0
2023-05-01T11:00,19.4,39,5.1,17.4,9.4,53,0.00,657.0
2023-05-01T12:00,20.8,33,4.0,19.1,11.2,58,0.00,795.0
2023-05-01T13:00,21.9,32,4.2,20.9,12.3,4,0.00,936.0
2023-05-01T14:00,22.7,32,4.9,22.1,12.0,28,0.00,981.0
2023-05-01T15:00,23.1,33,5.8,22.2,13.7,1,0.00,942.0
2023-05-01T16:00,23.2,35,6.8,22.2,12.8,1,0.00,840.0
2023-05-01T17:00,23.2,36,7.2,21.3,12.8,4,0.00,683.0
2023-05-01T18:00,22.7,37,7.2,20.0,13.4,35,0.00,486.0
2023-05-01T19:00,22.4,35,6.2,20.1,9.1,24,0.00,271.0
2023-05-01T20:00,19.4,47,7.6,17.7,7.3,85,0.00,77.0
2023-05-01T21:00,17.5,53,7.9,15.9,7.9,83,0.00,0.0
2023-05-01T22:00,16.5,58,8.3,14.8,8.7,71,0.00,0.0
2023-05-01T23:00,15.6,61,8.1,13.9,8.4,65,0.00,0.0
2023-05-02T00:00,14.9,62,7.7,13.1,8.4,67,0.00,0.0
2023-05-02T01:00,13.9,65,7.4,12.2,7.7,20,0.00,0.0
2023-05-02T02:00,13.4,67,7.4,11.7,7.8,90,0.00,0.0
2023-05-02T03:00,12.9,70,7.4,11.1,7.3,69,0.00,0.0
2023-05-02T04:00,12.4,70,7.2,10.7,7.2,100,0.00,0.0
2023-05-02T05:00,12.6,68,6.7,10.6,7.6,40,0.00,0.0
2023-05-02T06:00,12.0,69,6.4,9.9,7.9,95,0.00,0.0
2023-05-02T07:00,12.7,64,6.2,10.7,7.4,100,0.00,3.0
2023-05-02T08:00,14.9,58,6.8,12.8,8.2,87,0.00,102.0
2023-05-02T09:00,17.4,53,7.6,15.4,9.2,27,0.00,298.0
2023-05-02T10:00,20.2,45,8.1,18.2,10.8,84,0.00,496.0
2023-05-02T11:00,22.8,38,7.8,20.9,13.7,98,0.00,688.0
2023-05-02T12:00,24.4,37,8.6,23.0,16.3,100,0.00,811.0
2023-05-02T13:00,25.4,38,9.9,24.4,16.6,99,0.00,840.0
2023-05-02T14:00,25.7,40,11.0,25.1,15.2,100,0.00,805.0
2023-05-02T15:00,25.8,42,11.8,25.2,14.1,100,0.00,721.0
2023-05-02T16:00,26.0,43,12.3,25.6,12.5,99,0.00,670.0
2023-05-02T17:00,26.1,44,12.8,25.7,11.5,64,0.00,607.0
2023-05-02T18:00,25.8,46,13.4,25.3,10.7,28,0.00,443.0
2023-05-02T19:00,25.1,49,13.6,24.4,13.4,36,0.00,249.0
2023-05-02T20:00,23.4,53,13.1,22.3,14.2,100,0.00,64.0
2023-05-02T21:00,21.8,59,13.4,21.4,10.0,98,0.00,0.0
2023-05-02T22:00,20.5,64,13.4,20.3,9.0,100,0.00,0.0
2023-05-02T23:00,19.9,62,12.2,19.4,8.1,100,0.00,0.0
2023-05-03T00:00,19.0,64,12.1,18.7,6.7,100,0.00,0.0
2023-05-03T01:00,17.8,69,11.9,17.4,6.3,100,0.00,0.0
2023-05-03T02:00,16.8,74,12.1,16.3,8.3,100,0.00,0.0
2023-05-03T03:00,16.9,70,11.4,16.4,6.4,100,0.00,0.0
2023-05-03T04:00,16.4,69,10.6,15.5,7.5,100,0.00,0.0
2023-05-03T05:00,15.9,67,9.8,14.8,7.9,100,0.00,0.0
2023-05-03T06:00,16.1,62,8.9,14.0,12.9,100,0.00,0.0
2023-05-03T07:00,16.2,72,11.1,15.7,5.9,100,0.00,3.0
2023-05-03T08:00,17.5,77,13.4,17.8,5.8,100,6.80,25.0
2023-05-03T09:00,18.5,72,13.2,17.8,11.4,91,0.00,95.0
2023-05-03T10:00,19.5,57,10.7,17.3,16.3,70,0.00,349.0
2023-05-03T11:00,21.4,52,11.2,19.6,17.5,12,0.00,624.0
2023-05-03T12:00,23.4,46,11.1,23.2,14.2,11,0.00,834.0
2023-05-03T13:00,24.6,44,11.4,25.1,13.0,80,0.00,900.0
2023-05-03T14:00,25.2,45,12.6,26.1,12.2,97,0.00,879.0
2023-05-03T15:00,25.6,47,13.6,27.6,9.1,41,0.00,904.0
2023-05-03T16:00,25.8,49,14.1,27.2,9.5,68,0.00,799.0
2023-05-03T17:00,25.7,51,14.7,25.9,9.4,34,0.00,554.0
2023-05-03T18:00,25.5,52,14.9,25.3,13.0,44,0.00,404.0
2023-05-03T19:00,26.2,43,12.6,24.6,16.6,99,0.00,229.0
2023-05-03T20:00,23.9,46,11.7,21.8,17.6,43,0.00,75.0
2023-05-03T21:00,22.3,51,11.6,20.7,14.5,71,0.00,1.0
2023-05-03T22:00,21.2,57,12.3,20.2,12.1,100,0.00,0.0
2023-05-03T23:00,20.5,62,12.9,19.8,11.3,87,0.00,0.0
2023-05-04T00:00,19.8,65,13.0,19.1,11.3,99,0.00,0.0
2023-05-04T01:00,18.9,68,12.9,18.2,10.6,98,0.00,0.0
2023-05-04T02:00,18.2,72,13.1,17.6,11.5,100,0.00,0.0
2023-05-04T03:00,17.6,75,13.2,17.1,10.6,100,0.00,0.0
2023-05-04T04:00,17.0,79,13.2,16.6,9.5,100,0.00,0.0
2023-05-04T05:00,16.6,82,13.6,16.3,9.9,100,0.00,0.0
2023-05-04T06:00,16.5,87,14.3,16.6,8.9,100,0.00,0.0
2023-05-04T07:00,18.1,87,15.9,18.9,8.6,100,0.00,3.0
2023-05-04T08:00,19.2,83,16.3,20.4,7.3,100,0.00,57.0
2023-05-04T09:00,19.9,81,16.5,21.0,7.6,100,0.00,70.0
2023-05-04T10:00,22.0,74,17.1,22.9,11.3,100,0.00,290.0
2023-05-04T11:00,24.5,68,18.1,25.5,14.0,100,0.00,577.0
2023-05-04T12:00,26.3,60,17.9,27.4,18.5,100,0.00,737.0
2023-05-04T13:00,27.1,54,17.0,28.0,19.1,100,0.00,797.0
2023-05-04T14:00,26.3,58,17.5,26.5,17.4,100,0.50,558.0
2023-05-04T15:00,25.8,62,17.8,26.3,15.3,100,0.40,305.0
2023-05-04T16:00,25.6,61,17.5,25.5,19.5,100,0.00,177.0
2023-05-04T17:00,25.8,64,18.5,25.2,25.4,100,0.00,265.0
2023-05-04T18:00,25.9,64,18.5,25.7,22.7,100,0.00,245.0
2023-05-04T19:00,25.4,71,19.8,26.1,20.2,100,0.80,82.0
2023-05-04T20:00,24.2,78,20.0,25.6,17.2,92,0.00,43.0
2023-05-04T21:00,23.1,83,20.0,24.8,15.4,23,0.00,0.0
2023-05-04T22:00,22.0,89,20.1,25.1,5.9,4,0.00,0.0
2023-05-04T23:00,21.5,92,20.1,24.2,8.2,8,0.00,0.0
2023-05-05T00:00,21.2,94,20.3,23.6,11.7,100,0.00,0.0
2023-05-05T01:00,21.9,92,20.5,24.2,12.0,100,0.00,0.0
2023-05-05T02:00,22.0,92,20.6,24.3,12.8,23,0.00,0.0
2023-05-05T03:00,21.9,93,20.6,24.1,13.3,100,0.00,0.0
2023-05-05T04:00,21.9,93,20.6,23.5,17.0,56,0.00,0.0
2023-05-05T05:00,21.5,93,20.4,23.2,15.5,18,0.00,0.0
2023-05-05T06:00,20.9,94,19.9,22.4,15.4,10,0.00,0.0
2023-05-05T07:00,21.4,94,20.5,23.5,14.0,4,0.00,4.0
2023-05-05T08:00,22.5,92,21.1,24.8,15.5,100,0.00,30.0
2023-05-05T09:00,25.2,81,21.8,27.1,19.6,51,0.00,173.0
2023-05-05T10:00,27.8,70,21.9,30.0,18.0,0,0.00,492.0
2023-05-05T11:00,29.6,64,22.1,33.4,14.2,2,0.00,707.0
2023-05-05T12:00,31.2,59,22.2,35.8,13.4,4,0.00,822.0
2023-05-05T13:00,32.8,53,22.0,37.2,16.9,11,0.00,923.0
2023-05-05T14:00,33.8,48,21.1,37.4,18.9,33,0.00,937.0
2023-05-05T15:00,34.7,40,19.2,37.2,17.5,11,0.00,867.0
2023-05-05T16:00,32.5,41,17.5,32.0,28.4,97,0.40,772.0
2023-05-05T17:00,29.0,50,17.5,29.3,16.3,100,0.00,306.0
2023-05-05T18:00,29.7,51,18.4,30.3,17.1,64,0.00,270.0
2023-05-05T19:00,28.5,63,20.8,30.3,17.2,31,0.00,253.0
2023-05-05T20:00,25.4,82,22.0,25.9,30.7,13,0.00,71.0
2023-05-05T21:00,25.8,69,19.8,25.9,24.4,17,0.00,1.0
2023-05-05T22:00,25.5,71,19.8,25.7,24.1,0,0.00,0.0
2023-05-05T23:00,25.3,73,20.2,25.5,25.9,1,0.00,0.0
2023-05-06T00:00,25.0,76,20.5,25.6,23.9,0,0.00,0.0
2023-05-06T01:00,24.4,77,20.0,25.5,18.6,0,0.00,0.0
2023-05-06T02:00,23.5,76,19.1,25.0,13.9,0,0.00,0.0
2023-05-06T03:00,23.0,79,19.3,23.9,18.1,0,0.00,0.0
2023-05-06T04:00,22.8,86,20.4,24.2,17.7,0,0.00,0.0
2023-05-06T05:00,22.1,93,20.9,24.1,15.9,6,0.00,0.0
2023-05-06T06:00,21.8,95,21.0,24.2,13.7,5,0.00,0.0
2023-05-06T07:00,21.8,80,18.2,22.5,15.8,1,0.00,4.0
2023-05-06T08:00,23.8,73,18.6,23.9,20.8,0,0.00,108.0
2023-05-06T09:00,25.6,73,20.4,26.1,24.5,85,0.00,303.0
2023-05-06T10:00,26.8,70,20.9,26.7,30.4,100,0.00,433.0
2023-05-06T11:00,28.0,64,20.5,28.6,24.7,100,0.00,567.0
2023-05-06T12:00,29.9,58,20.7,32.0,22.8,62,0.00,817.0
2023-05-06T13:00,31.2,54,20.8,34.0,22.7,60,0.00,930.0
2023-05-06T14:00,31.9,52,21.0,34.8,23.0,15,0.00,957.0
2023-05-06T15:00,32.2,52,21.0,34.7,24.4,40,0.00,914.0
2023-05-06T16:00,31.8,53,21.0,34.4,20.0,85,0.00,783.0
2023-05-06T17:00,30.6,57,21.0,33.3,11.9,100,0.20,444.0
2023-05-06T18:00,27.6,67,20.9,31.7,1.8,100,0.10,152.0
2023-05-06T19:00,27.2,77,22.8,30.1,16.8,100,3.60,37.0
2023-05-06T20:00,23.8,85,21.1,25.3,20.0,100,1.80,2.0
2023-05-06T21:00,23.5,86,21.0,26.6,9.1,100,1.20,0.0
2023-05-06T22:00,23.3,87,21.0,26.2,10.6,100,0.50,0.0
2023-05-06T23:00,22.2,80,18.7,23.4,14.4,100,0.00,0.0
2023-05-07T00:00,21.1,80,17.6,22.5,9.8,100,2.50,0.0
2023-05-07T01:00,20.0,91,18.5,20.3,20.0,100,4.50,0.0
2023-05-07T02:00,19.8,89,17.9,18.2,30.4,100,0.80,0.0
2023-05-07T03:00,20.0,89,18.1,18.8,28.6,99,0.00,0.0
2023-05-07T04:00,20.2,91,18.6,20.1,22.9,84,0.00,0.0
2023-05-07T05:00,20.3,92,18.9,20.7,20.1,100,0.00,0.0
2023-05-07T06:00,20.3,94,19.4,21.0,19.5,92,0.00,0.0
2023-05-07T07:00,22.1,87,19.8,22.5,23.4,100,0.00,5.0
2023-05-07T08:00,22.1,91,20.6,22.7,25.0,100,0.00,27.0
2023-05-07T09:00,23.5,83,20.5,25.5,14.9,99,0.00,171.0
2023-05-07T10:00,25.5,76,21.0,25.8,28.7,61,0.10,408.0
2023-05-07T11:00,26.7,70,20.8,26.6,30.1,100,0.00,556.0
2023-05-07T12:00,28.0,66,21.0,28.4,27.0,100,0.10,527.0
2023-05-07T13:00,27.4,70,21.4,27.8,28.6,100,0.10,351.0
2023-05-07T14:00,29.6,60,21.1,31.2,24.0,93,0.00,688.0
2023-05-07T15:00,30.7,57,21.1,32.4,27.1,56,0.00,818.0
2023-05-07T16:00,30.5,58,21.1,31.8,24.2,86,0.00,648.0
2023-05-07T17:00,31.0,53,20.4,31.8,22.6,100,0.00,519.0
2023-05-07T18:00,30.2,54,19.9,31.1,20.2,100,0.00,342.0
2023-05-07T19:00,26.3,77,22.0,30.5,5.4,100,0.00,153.0
2023-05-07T20:00,25.6,75,20.9,29.1,5.7,100,0.00,16.0
2023-05-07T21:00,24.9,81,21.3,28.2,8.4,100,0.00,0.0
2023-05-07T22:00,24.6,81,21.1,26.9,15.0,100,0.00,0.0
2023-05-07T23:00,24.1,83,21.0,26.3,15.0,100,0.10,0.0
2023-05-08T00:00,23.2,88,21.0,25.7,13.0,100,0.50,0.0
2023-05-08T01:00,22.5,89,20.6,23.3,23.3,100,0.60,0.0
2023-05-08T02:00,22.2,88,20.1,22.4,26.0,100,0.00,0.0
2023-05-08T03:00,22.0,85,19.2,21.7,25.4,100,0.00,0.0
2023-05-08T04:00,22.2,77,18.0,21.3,27.0,100,0.00,0.0
2023-05-08T05:00,21.8,76,17.4,21.5,20.2,100,0.00,0.0
2023-05-08T06:00,21.4,75,16.8,21.7,14.0,100,0.00,0.0
2023-05-08T07:00,21.0,77,16.9,22.2,9.0,100,0.00,3.0
2023-05-08T08:00,21.9,76,17.5,23.0,10.7,100,0.00,50.0
2023-05-08T09:00,23.2,72,17.9,23.8,15.9,100,0.00,216.0
2023-05-08T10:00,24.3,73,19.0,25.8,13.0,100,0.00,268.0
2023-05-08T11:00,26.5,70,20.6,28.6,14.4,53,0.00,462.0
2023-05-08T12:00,29.1,61,20.8,32.6,13.7,17,0.00,775.0
2023-05-08T13:00,30.6,54,20.2,34.1,15.9,13,0.00,908.0
2023-05-08T14:00,30.7,52,19.7,33.8,16.3,49,0.20,895.0
2023-05-08T15:00,30.9,50,19.1,33.8,12.6,66,0.10,802.0
2023-05-08T16:00,31.0,49,18.9,33.2,10.8,62,0.00,636.0
2023-05-08T17:00,30.9,49,18.9,32.6,10.4,83,0.00,470.0
2023-05-08T18:00,30.0,48,18.0,30.2,18.9,84,0.00,315.0
2023-05-08T19:00,26.1,76,21.6,28.3,17.9,100,0.60,183.0
2023-05-08T20:00,22.6,80,19.0,23.8,14.5,100,0.00,37.0
2023-05-08T21:00,23.3,82,20.1,26.1,7.9,100,0.00,1.0
2023-05-08T22:00,22.5,90,20.9,24.0,19.9,100,0.00,0.0
2023-05-08T23:00,21.0,94,20.0,21.6,22.4,100,0.00,0.0
2023-05-09T00:00,22.1,91,20.6,23.9,16.8,98,0.00,0.0
2023-05-09T01:00,21.9,96,21.1,24.4,13.4,24,0.00,0.0
2023-05-09T02:00,21.9,94,20.9,24.1,14.1,100,0.00,0.0
2023-05-09T03:00,22.6,89,20.6,24.4,16.3,100,0.00,0.0
2023-05-09T04:00,22.5,90,20.7,24.4,15.8,100,0.00,0.0
2023-05-09T05:00,22.3,90,20.5,24.8,11.6,30,0.00,0.0
2023-05-09T06:00,21.0,95,20.3,23.7,9.6,9,0.00,0.0
2023-05-09T07:00,21.0,93,19.8,22.9,13.0,17,0.00,5.0
2023-05-09T08:00,22.0,87,19.8,23.4,16.2,19,0.00,105.0
2023-05-09T09:00,24.0,77,19.8,25.3,17.3,100,0.00,293.0
2023-05-09T10:00,25.5,72,20.1,26.8,17.4,74,0.00,462.0
2023-05-09T11:00,27.4,65,20.1,29.0,15.3,100,0.00,526.0
2023-05-09T12:00,29.8,55,19.9,31.4,17.4,100,0.00,628.0
2023-05-09T13:00,27.5,62,19.5,29.1,21.9,100,0.20,809.0
2023-05-09T14:00,27.9,63,20.0,29.3,16.7,100,0.10,471.0
2023-05-09T15:00,28.5,60,19.9,29.8,16.6,100,0.00,482.0
2023-05-09T16:00,26.1,70,20.2,28.3,12.7,100,0.10,442.0
2023-05-09T17:00,26.1,71,20.4,27.9,15.7,100,0.00,296.0
2023-05-09T18:00,25.6,71,20.0,27.9,10.4,100,0.00,218.0
2023-05-09T19:00,23.1,89,21.1,27.1,3.6,100,0.00,154.0
2023-05-09T20:00,23.9,85,21.1,27.7,4.2,100,0.00,52.0
2023-05-09T21:00,23.4,89,21.5,26.1,13.1,100,0.00,1.0
2023-05-09T22:00,22.2,88,20.0,24.4,11.4,100,0.00,0.0
2023-05-09T23:00,21.2,89,19.4,23.3,10.3,100,0.00,0.0
2023-05-10T00:00,20.9,90,19.2,23.6,4.6,100,0.00,0.0
2023-05-10T01:00,20.5,93,19.2,23.5,3.1,100,0.00,0.0
2023-05-10T02:00,20.1,94,19.1,21.8,11.8,100,0.00,0.0
2023-05-10T03:00,19.9,94,18.8,21.2,13.4,100,0.00,0.0
2023-05-10T04:00,19.6,93,18.5,21.1,11.6,100,0.00,0.0
2023-05-10T05:00,19.3,93,18.2,20.8,10.5,79,0.00,0.0
2023-05-10T06:00,19.2,93,18.1,21.4,5.7,100,0.00,0.0
2023-05-10T07:00,20.2,100,20.2,24.0,1.3,100,0.00,2.0
2023-05-10T08:00,21.4,94,20.5,24.8,4.8,100,0.00,52.0
2023-05-10T09:00,21.7,92,20.4,25.4,2.6,100,0.10,66.0
2023-05-10T10:00,22.8,85,20.1,25.6,7.7,100,0.50,217.0
2023-05-10T11:00,21.8,89,19.8,24.2,9.0,100,0.80,147.0
2023-05-10T12:00,22.9,83,19.9,25.7,6.8,100,3.00,403.0
2023-05-10T13:00,23.8,78,19.7,26.7,5.4,100,0.20,363.0
2023-05-10T14:00,24.5,74,19.5,26.8,8.5,100,0.10,369.0
2023-05-10T15:00,26.0,67,19.5,29.3,7.3,100,0.00,657.0
2023-05-10T16:00,26.2,65,19.2,28.7,6.6,100,0.00,510.0
2023-05-10T17:00,26.4,63,18.9,28.8,5.7,100,0.00,330.0
2023-05-10T18:00,24.3,68,18.0,25.0,15.3,100,0.40,192.0
2023-05-10T19:00,20.5,87,18.3,22.7,5.6,100,0.50,77.0
2023-05-10T20:00,20.8,86,18.5,23.5,2.9,100,0.10,52.0
2023-05-10T21:00,20.2,93,19.0,23.2,2.7,100,0.00,1.0
2023-05-10T22:00,20.5,92,19.2,23.0,7.0,100,0.00,0.0
2023-05-10T23:00,20.1,95,19.2,22.5,7.3,100,0.00,0.0
2023-05-11T00:00,19.7,95,18.9,21.3,11.7,100,0.00,0.0
2023-05-11T01:00,19.1,95,18.4,21.3,6.1,100,0.00,0.0
2023-05-11T02:00,18.5,96,17.9,20.6,5.2,100,0.00,0.0
2023-05-11T03:00,17.8,98,17.4,19.3,7.1,46,0.00,0.0
2023-05-11T04:00,17.4,98,17.1,19.0,6.2,0,0.00,0.0
2023-05-11T05:00,17.0,99,17.0,18.7,5.5,0,0.00,0.0
2023-05-11T06:00,17.2,99,17.1,18.6,8.2,0,0.00,0.0
2023-05-11T07:00,19.7,99,19.5,22.1,8.6,100,0.00,6.0
2023-05-11T08:00,20.4,95,19.6,22.9,8.4,100,0.00,43.0
2023-05-11T09:00,20.2,96,19.5,23.3,3.2,100,1.60,144.0
2023-05-11T10:00,20.4,89,18.6,21.8,12.1,100,1.30,108.0
2023-05-11T11:00,20.7,87,18.5,21.4,17.1,100,0.00,155.0
2023-05-11T12:00,21.5,86,19.0,22.8,14.3,100,0.00,219.0
2023-05-11T13:00,23.6,80,20.0,24.6,19.8,100,0.00,413.0
2023-05-11T14:00,25.5,73,20.4,25.9,26.4,100,0.20,578.0
2023-05-11T15:00,25.2,75,20.5,25.5,26.9,100,0.10,221.0
2023-05-11T16:00,25.3,75,20.5,26.1,22.7,100,0.00,379.0
2023-05-11T17:00,25.7,73,20.5,25.8,27.4,100,0.00,295.0
2023-05-11T18:00,27.5,64,20.0,27.6,24.9,100,0.00,307.0
2023-05-11T19:00,23.0,93,21.8,25.6,15.5,100,0.00,126.0
2023-05-11T20:00,23.5,91,21.9,25.8,17.4,100,0.10,10.0
2023-05-11T21:00,22.7,88,20.6,24.9,13.7,100,0.00,0.0
2023-05-11T22:00,22.0,90,20.2,23.6,16.0,100,0.10,0.0
2023-05-11T23:00,21.6,93,20.5,24.4,9.4,100,0.00,0.0
2023-05-12T00:00,22.0,96,21.4,24.8,12.7,100,0.00,0.0
2023-05-12T01:00,22.5,95,21.6,25.2,13.7,100,0.00,0.0
2023-05-12T02:00,23.1,93,22.0,25.7,16.2,100,0.00,0.0
2023-05-12T03:00,23.1,92,21.8,25.2,18.7,100,0.00,0.0
2023-05-12T04:00,22.9,92,21.5,25.0,17.3,100,0.00,0.0
2023-05-12T05:00,22.8,93,21.5,25.1,15.9,100,0.00,0.0
2023-05-12T06:00,22.7,93,21.5,25.2,15.2,100,0.00,0.0
2023-05-12T07:00,23.0,97,22.5,26.9,8.3,100,0.00,3.0
2023-05-12T08:00,24.4,89,22.4,27.1,16.7,91,0.00,30.0
2023-05-12T09:00,22.5,94,21.4,25.3,12.0,100,5.90,185.0
2023-05-12T10:00,22.6,89,20.8,23.5,23.2,100,4.80,141.0
2023-05-12T11:00,22.0,86,19.5,21.0,31.4,100,0.10,273.0
2023-05-12T12:00,21.8,84,18.9,23.6,10.4,100,0.00,202.0
2023-05-12T13:00,22.9,81,19.5,24.6,13.1,99,0.00,267.0
2023-05-12T14:00,27.5,69,21.4,29.6,24.8,100,0.00,798.0
2023-05-12T15:00,26.9,71,21.3,28.1,26.2,100,0.00,657.0
2023-05-12T16:00,27.6,68,21.2,29.2,21.9,100,0.00,599.0
2023-05-12T17:00,27.6,68,21.2,29.1,21.0,100,0.00,456.0
2023-05-12T18:00,22.2,86,19.8,22.6,22.9,100,5.30,179.0
2023-05-12T19:00,23.4,99,23.2,26.9,14.3,100,1.10,14.0
2023-05-12T20:00,21.2,89,19.5,21.3,24.1,100,12.10,5.0
2023-05-12T21:00,20.2,89,18.5,20.8,17.5,100,8.20,0.0
2023-05-12T22:00,21.0,86,18.6,21.6,18.2,100,0.00,0.0
2023-05-12T23:00,21.3,89,19.5,23.0,12.7,100,0.60,0.0
2023-05-13T00:00,21.2,93,20.1,24.1,7.4,100,1.00,0.0
2023-05-13T01:00,21.0,95,20.1,24.2,4.7,100,0.10,0.0
2023-05-13T02:00,20.9,95,20.1,22.9,13.6,100,0.10,0.0
2023-05-13T03:00,20.9,95,20.0,24.0,5.2,100,0.30,0.0
2023-05-13T04:00,20.8,96,20.0,23.7,6.6,100,0.40,0.0
2023-05-13T05:00,20.7,96,20.1,23.7,6.3,100,0.60,0.0
2023-05-13T06:00,20.4,96,19.8,22.9,8.5,100,0.20,0.0
2023-05-13T07:00,19.9,97,19.4,21.5,13.2,100,0.00,3.0
2023-05-13T08:00,20.1,94,19.2,22.7,6.2,100,0.00,28.0
2023-05-13T09:00,21.2,90,19.5,23.8,7.0,100,0.00,181.0
2023-05-13T10:00,23.0,83,20.0,25.8,6.7,100,0.00,382.0
2023-05-13T11:00,24.7,77,20.5,28.5,5.7,87,0.00,631.0
2023-05-13T12:00,26.7,63,19.1,29.3,13.4,100,0.00,758.0
2023-05-13T13:00,26.9,60,18.4,28.1,15.1,100,0.00,601.0
2023-05-13T14:00,27.9,59,19.1,31.0,14.1,99,0.00,878.0
2023-05-13T15:00,27.9,55,18.0,30.1,12.0,100,0.00,730.0
2023-05-13T16:00,28.0,54,17.9,29.8,10.0,100,0.00,611.0
2023-05-13T17:00,27.9,55,17.9,29.6,7.6,94,0.00,430.0
2023-05-13T18:00,27.2,56,17.9,28.2,12.7,100,0.10,422.0
2023-05-13T19:00,24.1,79,20.2,27.5,4.1,99,0.70,71.0
2023-05-13T20:00,24.0,84,21.1,28.1,1.9,99,0.30,51.0
2023-05-13T21:00,22.3,91,20.7,25.6,6.5,98,0.10,2.0
2023-05-13T22:00,20.8,95,19.9,22.7,12.7,100,3.00,0.0
2023-05-13T23:00,20.9,89,19.0,22.8,10.5,97,0.80,0.0
2023-05-14T00:00,19.8,94,18.8,22.5,4.0,25,0.00,0.0
2023-05-14T01:00,19.1,94,18.2,20.5,11.6,99,2.10,0.0
2023-05-14T02:00,19.5,93,18.4,21.8,4.7,90,0.00,0.0
2023-05-14T03:00,18.9,96,18.2,21.3,4.0,100,0.00,0.0
2023-05-14T04:00,19.0,96,18.4,21.6,4.0,100,0.00,0.0
2023-05-14T05:00,19.0,97,18.5,21.3,5.7,100,0.50,0.0
2023-05-14T06:00,19.1,96,18.5,21.8,2.7,100,3.70,0.0
2023-05-14T07:00,19.6,96,19.0,22.6,2.6,100,0.10,1.0
2023-05-14T08:00,20.0,92,18.6,22.7,2.7,100,0.90,37.0
2023-05-14T09:00,19.6,96,19.0,21.7,9.4,100,4.10,77.0
2023-05-14T10:00,20.3,95,19.5,22.5,10.0,100,2.70,61.0
2023-05-14T11:00,21.3,90,19.6,23.5,10.4,100,2.20,92.0
2023-05-14T12:00,21.9,88,19.8,24.8,5.4,100,1.30,152.0
2023-05-14T13:00,22.0,88,19.9,25.1,4.6,100,0.80,149.0
2023-05-14T14:00,22.4,87,20.1,25.0,8.7,100,0.40,196.0
2023-05-14T15:00,24.2,80,20.6,27.0,9.4,100,0.20,469.0
2023-05-14T16:00,23.8,84,20.8,26.7,9.3,100,1.50,175.0
2023-05-14T17:00,23.2,87,21.0,26.1,10.2,100,0.60,114.0
2023-05-14T18:00,22.5,90,20.7,25.2,10.4,100,3.00,76.0
2023-05-14T19:00,21.8,92,20.5,25.3,4.4,100,3.20,23.0
2023-05-14T20:00,21.5,93,20.4,23.9,11.4,100,0.60,21.0
2023-05-14T21:00,21.5,89,19.6,23.2,12.9,100,0.00,2.0
2023-05-14T22:00,21.2,92,19.9,22.8,15.5,100,0.00,0.0
2023-05-14T23:00,21.4,89,19.5,23.2,12.8,100,0.00,0.0
2023-05-15T00:00,21.0,92,19.8,23.4,9.5,99,0.00,0.0
2023-05-15T01:00,20.0,93,18.9,22.7,4.0,99,0.00,0.0
2023-05-15T02:00,18.7,98,18.5,21.2,4.0,100,0.00,0.0
2023-05-15T03:00,18.5,100,18.5,21.0,4.3,100,0.00,0.0
2023-05-15T04:00,18.6,99,18.5,20.7,7.4,80,0.00,0.0
2023-05-15T05:00,18.7,98,18.4,20.4,9.2,84,0.00,0.0
2023-05-15T06:00,18.5,96,17.9,20.2,7.2,92,0.00,0.0
2023-05-15T07:00,19.2,100,19.2,21.2,9.8,33,0.00,8.0
2023-05-15T08:00,20.2,94,19.1,22.4,8.7,100,0.00,79.0
2023-05-15T09:00,22.0,88,20.0,25.2,4.6,100,0.00,207.0
2023-05-15T10:00,23.8,83,20.6,27.3,4.8,100,0.00,402.0
2023-05-15T11:00,25.4,73,20.2,28.6,5.9,100,0.10,567.0
2023-05-15T12:00,26.8,66,19.9,30.1,11.4,99,0.20,773.0
2023-05-15T13:00,27.9,59,19.2,31.3,13.1,25,0.10,891.0
2023-05-15T14:00,28.8,56,19.1,32.7,11.1,46,0.00,917.0
2023-05-15T15:00,29.4,54,19.1,33.0,10.2,100,0.00,837.0
2023-05-15T16:00,29.5,53,19.0,32.6,10.5,100,0.00,772.0
2023-05-15T17:00,29.1,53,18.5,30.9,10.0,100,0.00,571.0
2023-05-15T18:00,28.8,52,18.0,29.9,11.6,100,0.00,408.0
2023-05-15T19:00,27.2,62,19.2,28.7,13.8,100,0.00,198.0
2023-05-15T20:00,22.3,88,20.2,24.9,9.4,100,4.40,71.0
2023-05-15T21:00,21.9,87,19.6,23.8,11.9,100,0.90,1.0
2023-05-15T22:00,21.7,89,19.9,24.1,9.7,100,0.00,0.0
2023-05-15T23:00,21.4,91,19.9,23.7,10.0,100,0.00,0.0
2023-05-16T00:00,21.0,91,19.5,23.4,8.7,100,0.00,0.0
2023-05-16T01:00,20.4,94,19.3,22.9,6.4,100,0.00,0.0
2023-05-16T02:00,20.9,90,19.1,23.9,2.9,100,0.00,0.0
2023-05-16T03:00,19.7,96,19.0,22.3,5.5,100,0.00,0.0
2023-05-16T04:00,20.0,96,19.4,22.5,6.8,100,0.00,0.0
2023-05-16T05:00,19.6,96,19.0,21.8,8.2,100,0.00,0.0
2023-05-16T06:00,19.2,95,18.5,21.1,9.0,100,0.00,0.0
2023-05-16T07:00,19.8,92,18.5,21.7,8.7,100,0.00,8.0
2023-05-16T08:00,20.0,91,18.5,22.3,6.4,100,1.70,32.0
2023-05-16T09:00,20.7,86,18.4,22.7,7.3,100,0.00,107.0
2023-05-16T10:00,21.9,80,18.2,23.1,12.2,100,0.10,285.0
2023-05-16T11:00,23.1,73,18.1,24.3,12.6,100,0.10,507.0
2023-05-16T12:00,24.5,66,17.7,26.8,8.8,100,0.10,686.0
2023-05-16T13:00,25.6,59,17.0,27.3,13.4,100,0.00,755.0
2023-05-16T14:00,25.5,58,16.6,25.7,14.7,100,0.00,528.0
2023-05-16T15:00,25.8,56,16.2,25.7,15.0,100,0.00,463.0
2023-05-16T16:00,25.9,54,15.7,25.7,14.5,100,0.00,438.0
2023-05-16T17:00,25.8,51,14.9,25.5,13.2,100,0.00,341.0
2023-05-16T18:00,25.9,50,14.6,25.6,12.4,100,0.00,288.0
2023-05-16T19:00,23.9,59,15.4,24.4,9.2,100,0.00,136.0
2023-05-16T20:00,22.5,70,16.7,24.2,4.7,100,0.00,53.0
2023-05-16T21:00,21.4,73,16.4,22.7,5.6,100,0.00,2.0
2023-05-16T22:00,20.5,77,16.2,21.6,7.1,100,0.00,0.0
2023-05-16T23:00,18.9,84,16.1,20.1,6.1,100,0.00,0.0
2023-05-17T00:00,18.7,86,16.2,20.1,5.4,100,0.00,0.0
2023-05-17T01:00,17.8,89,15.9,19.0,5.5,96,0.00,0.0
2023-05-17T02:00,17.9,87,15.7,19.0,5.4,76,0.00,0.0
2023-05-17T03:00,17.4,89,15.6,18.5,5.4,28,0.00,0.0
2023-05-17T04:00,16.2,95,15.4,16.9,7.6,99,0.00,0.0
2023-05-17T05:00,15.9,97,15.4,16.5,7.6,90,0.00,0.0
2023-05-17T06:00,15.7,98,15.4,16.5,6.9,32,0.00,0.0
2023-05-17T07:00,16.5,96,15.9,17.8,5.6,0,0.00,9.0
2023-05-17T08:00,18.5,88,16.5,20.0,5.5,0,0.00,128.0
2023-05-17T09:00,20.5,75,15.8,21.6,5.6,0,0.00,323.0
2023-05-17T10:00,22.0,68,15.7,23.3,4.0,1,0.00,526.0
2023-05-17T11:00,23.2,65,16.1,25.9,3.3,0,0.00,707.0
2023-05-17T12:00,24.4,62,16.6,28.1,3.6,1,0.00,849.0
2023-05-17T13:00,26.0,57,16.9,29.8,7.6,43,0.00,953.0
2023-05-17T14:00,27.0,52,16.4,29.7,8.9,7,0.00,853.0
2023-05-17T15:00,27.5,51,16.5,30.7,7.4,6,0.00,893.0
2023-05-17T16:00,27.8,50,16.4,30.4,8.4,9,0.00,829.0
2023-05-17T17:00,27.6,48,15.8,29.2,7.6,15,0.00,660.0
2023-05-17T18:00,27.4,48,15.4,28.1,7.5,13,0.00,463.0
2023-05-17T19:00,27.1,49,15.6,27.9,7.1,15,0.00,265.0
2023-05-17T20:00,25.0,62,17.3,26.8,5.6,0,0.00,98.0
2023-05-17T21:00,23.0,69,17.1,24.5,7.4,1,0.00,3.0
2023-05-17T22:00,21.9,75,17.1,23.3,7.4,2,0.00,0.0
2023-05-17T23:00,21.0,77,17.0,21.8,11.4,1,0.00,0.0
2023-05-18T00:00,20.3,80,16.6,21.0,11.2,1,0.00,0.0
2023-05-18T01:00,19.5,83,16.6,20.2,11.4,5,0.00,0.0
2023-05-18T02:00,19.1,84,16.3,19.9,9.7,4,0.00,0.0
2023-05-18T03:00,18.3,87,16.0,19.6,5.5,88,0.00,0.0
2023-05-18T04:00,18.0,88,15.9,19.2,5.4,100,0.00,0.0
2023-05-18T05:00,17.5,90,15.9,18.7,5.4,100,0.00,0.0
2023-05-18T06:00,16.9,94,15.9,18.0,6.5,100,0.00,0.0
2023-05-18T07:00,18.0,93,16.8,19.9,3.2,85,0.00,10.0
2023-05-18T08:00,19.7,85,17.1,21.5,5.2,100,0.00,108.0
2023-05-18T09:00,21.8,77,17.5,24.4,0.4,63,0.00,312.0
2023-05-18T10:00,23.6,69,17.5,24.6,12.0,14,0.00,517.0
2023-05-18T11:00,24.9,64,17.7,27.2,9.1,10,0.00,693.0
2023-05-18T12:00,26.3,61,18.3,29.6,9.3,6,0.00,816.0
2023-05-18T13:00,28.0,55,18.0,31.7,8.2,51,0.00,891.0
2023-05-18T14:00,28.4,56,18.6,32.1,10.5,58,0.00,921.0
2023-05-18T15:00,29.0,54,18.8,32.9,9.8,59,0.00,895.0
2023-05-18T16:00,29.4,53,18.9,32.5,9.7,44,0.00,761.0
2023-05-18T17:00,29.5,53,18.9,31.5,11.9,26,0.00,645.0
2023-05-18T18:00,29.0,53,18.5,30.3,12.6,49,0.10,477.0
2023-05-18T19:00,24.9,79,21.0,28.0,8.6,85,0.00,262.0
2023-05-18T20:00,24.4,80,20.7,27.5,7.4,100,0.20,71.0
2023-05-18T21:00,23.6,86,21.2,27.0,7.6,100,0.00,3.0
2023-05-18T22:00,23.3,88,21.2,26.3,10.4,100,0.00,0.0
2023-05-18T23:00,23.2,87,20.9,25.7,12.9,100,0.00,0.0
2023-05-19T00:00,23.3,85,20.5,25.8,11.2,100,0.00,0.0
2023-05-19T01:00,22.6,87,20.5,25.4,8.9,100,0.00,0.0
2023-05-19T02:00,22.0,91,20.5,24.9,8.1,93,0.00,0.0
2023-05-19T03:00,21.4,93,20.1,24.1,8.5,99,0.00,0.0
2023-05-19T04:00,21.4,91,19.9,23.8,9.4,1,0.00,0.0
2023-05-19T05:00,21.3,90,19.6,23.6,9.8,7,0.00,0.0
2023-05-19T06:00,21.4,89,19.5,23.5,9.7,17,0.00,0.0
2023-05-19T07:00,22.1,84,19.3,23.9,11.6,19,0.00,10.0
2023-05-19T08:00,23.5,81,20.0,26.5,6.2,77,0.40,113.0
2023-05-19T09:00,22.6,81,19.2,22.8,22.1,100,0.00,182.0
2023-05-19T10:00,22.6,82,19.5,24.1,14.8,99,0.00,147.0
2023-05-19T11:00,25.1,74,20.1,26.9,14.7,100,0.00,453.0
2023-05-19T12:00,26.6,67,20.0,28.3,15.3,99,0.00,543.0
2023-05-19T13:00,28.5,60,20.0,31.8,13.6,100,0.00,796.0
2023-05-19T14:00,29.4,58,20.3,32.4,16.3,76,0.10,831.0
2023-05-19T15:00,29.8,59,20.9,33.2,14.6,89,0.20,798.0
2023-05-19T16:00,27.5,67,20.8,29.9,13.8,93,1.90,585.0
2023-05-19T17:00,27.3,67,20.8,29.9,11.5,96,0.00,479.0
2023-05-19T18:00,26.3,70,20.3,28.1,15.1,100,0.00,234.0
2023-05-19T19:00,23.3,85,20.6,27.0,3.7,100,0.00,95.0
2023-05-19T20:00,23.6,85,21.0,26.6,9.4,99,0.00,50.0
2023-05-19T21:00,22.7,84,19.9,23.5,21.0,84,0.00,2.0
2023-05-19T22:00,21.4,87,19.1,23.0,12.6,71,0.00,0.0
2023-05-19T23:00,21.2,90,19.5,22.9,13.0,72,0.00,0.0
2023-05-20T00:00,21.1,92,19.7,23.3,10.6,100,0.00,0.0
2023-05-20T01:00,21.4,91,19.9,22.8,16.2,100,0.00,0.0
2023-05-20T02:00,21.0,79,17.1,20.2,22.8,100,0.00,0.0
2023-05-20T03:00,20.5,78,16.6,19.6,22.6,100,0.00,0.0
2023-05-20T04:00,20.1,78,16.1,18.9,23.3,100,0.00,0.0
2023-05-20T05:00,19.2,76,14.9,17.6,22.4,100,0.00,0.0
2023-05-20T06:00,18.4,73,13.4,16.4,20.7,100,0.00,0.0
2023-05-20T07:00,17.0,86,14.6,15.8,18.5,100,0.00,4.0
2023-05-20T08:00,17.1,86,14.6,15.5,21.6,88,0.50,59.0
2023-05-20T09:00,18.0,77,14.0,16.3,20.4,91,0.00,246.0
2023-05-20T10:00,19.2,69,13.4,18.0,15.8,42,0.00,428.0
2023-05-20T11:00,21.0,62,13.6,20.7,14.8,26,0.00,681.0
2023-05-20T12:00,22.6,56,13.4,22.7,17.2,100,0.00,844.0
2023-05-20T13:00,23.7,52,13.1,24.0,16.6,100,0.00,882.0
2023-05-20T14:00,24.6,48,13.1,25.2,16.0,97,0.00,918.0
2023-05-20T15:00,25.3,46,12.8,25.7,15.6,100,0.00,891.0
2023-05-20T16:00,25.4,44,12.1,24.3,15.4,100,0.00,657.0
2023-05-20T17:00,25.2,43,11.6,23.5,15.4,100,0.00,505.0
2023-05-20T18:00,25.0,43,11.4,23.3,14.0,100,0.00,331.0
2023-05-20T19:00,24.0,43,10.8,22.7,10.5,100,0.00,266.0
2023-05-20T20:00,23.1,47,11.1,22.3,8.1,100,0.00,86.0
2023-05-20T21:00,21.6,53,11.6,20.9,8.2,95,0.00,4.0
2023-05-20T22:00,20.8,56,11.6,20.1,7.9,98,0.00,0.0
2023-05-20T23:00,19.8,59,11.6,18.9,9.2,97,0.00,0.0
2023-05-21T00:00,19.1,62,11.7,18.1,10.7,99,0.00,0.0
2023-05-21T01:00,18.5,64,11.6,17.4,10.7,100,0.00,0.0
2023-05-21T02:00,18.1,64,11.1,17.1,9.6,100,0.00,0.0
2023-05-21T03:00,17.7,64,10.7,16.7,8.2,100,0.00,0.0
2023-05-21T04:00,17.0,66,10.6,16.2,6.4,100,0.00,0.0
2023-05-21T05:00,16.5,70,10.9,15.9,5.9,100,0.00,0.0
2023-05-21T06:00,16.0,75,11.6,15.5,6.9,100,0.00,0.0
2023-05-21T07:00,17.2,76,13.0,17.4,5.8,100,0.00,9.0
2023-05-21T08:00,18.0,73,13.1,18.2,5.3,100,0.00,65.0
2023-05-21T09:00,18.6,70,13.0,18.9,4.6,100,0.00,113.0
2023-05-21T10:00,20.6,63,13.2,21.1,3.5,100,0.00,359.0
2023-05-21T11:00,21.9,58,13.1,22.1,5.1,100,0.00,447.0
2023-05-21T12:00,22.0,58,13.2,22.3,5.2,100,0.00,297.0
2023-05-21T13:00,23.2,53,13.2,23.5,4.8,100,0.00,450.0
2023-05-21T14:00,24.5,47,12.4,25.2,4.7,100,0.00,647.0
2023-05-21T15:00,24.5,45,11.9,24.3,5.1,100,0.00,401.0
2023-05-21T16:00,25.1,44,11.9,24.9,5.4,100,0.00,484.0
2023-05-21T17:00,25.1,43,11.7,24.7,6.6,100,0.00,403.0
2023-05-21T18:00,24.9,44,11.9,24.1,9.2,100,0.00,313.0
2023-05-21T19:00,23.9,50,12.8,24.3,2.7,59,0.00,182.0
2023-05-21T20:00,22.9,54,13.1,23.1,5.8,99,0.00,99.0
2023-05-21T21:00,20.6,68,14.4,19.7,16.6,100,0.00,4.0
2023-05-21T22:00,19.8,71,14.4,19.3,13.0,26,0.00,0.0
2023-05-21T23:00,19.4,74,14.8,19.4,10.6,100,0.00,0.0
2023-05-22T00:00,19.2,73,14.2,19.2,9.7,71,0.00,0.0
2023-05-22T01:00,18.5,76,14.1,18.7,7.1,30,0.00,0.0
2023-05-22T02:00,17.8,80,14.2,18.3,6.1,1,0.00,0.0
2023-05-22T03:00,17.4,84,14.6,17.8,7.4,0,0.00,0.0
2023-05-22T04:00,16.8,88,14.8,17.2,7.9,0,0.00,0.0
2023-05-22T05:00,16.1,94,15.1,17.0,5.9,0,0.00,0.0
2023-05-22T06:00,16.0,95,15.2,16.9,6.1,0,0.00,0.0
2023-05-22T07:00,17.8,86,15.4,18.7,6.2,0,0.00,12.0
2023-05-22T08:00,19.0,81,15.6,20.4,2.8,93,0.00,89.0
2023-05-22T09:00,20.5,74,15.8,22.0,3.6,29,0.00,253.0
2023-05-22T10:00,22.4,66,15.6,23.6,4.6,29,0.00,506.0
2023-05-22T11:00,24.0,58,15.2,26.3,3.2,71,0.00,706.0
2023-05-22T12:00,25.2,52,14.6,27.6,2.8,36,0.00,741.0
2023-05-22T13:00,26.3,47,14.0,29.1,4.1,25,0.00,874.0
2023-05-22T14:00,27.0,45,13.9,29.6,7.6,17,0.00,936.0
2023-05-22T15:00,27.7,43,13.9,29.9,8.6,6,0.00,921.0
2023-05-22T16:00,28.0,43,14.1,29.7,8.9,30,0.00,826.0
2023-05-22T17:00,27.9,43,14.2,28.8,8.9,2,0.00,681.0
2023-05-22T18:00,27.5,44,14.1,27.2,11.2,50,0.00,498.0
2023-05-22T19:00,27.0,42,13.0,25.9,14.3,63,0.00,290.0
2023-05-22T20:00,25.6,46,13.1,25.2,9.2,98,0.00,100.0
2023-05-22T21:00,24.0,54,14.1,23.8,9.7,100,0.00,5.0
2023-05-22T22:00,23.0,61,15.0,22.6,13.8,100,0.00,0.0
2023-05-22T23:00,22.0,62,14.4,22.0,10.3,100,0.00,0.0
2023-05-23T00:00,21.6,66,15.0,22.1,8.1,100,0.00,0.0
2023-05-23T01:00,21.1,70,15.5,21.8,7.8,100,0.00,0.0
2023-05-23T02:00,20.8,74,15.9,21.6,8.0,100,0.00,0.0
2023-05-23T03:00,20.3,74,15.6,20.5,11.6,100,0.00,0.0
2023-05-23T04:00,20.0,75,15.5,20.4,10.2,100,0.00,0.0
2023-05-23T05:00,19.9,78,15.9,20.9,6.7,100,0.00,0.0
2023-05-23T06:00,19.2,83,16.3,20.8,4.6,100,0.00,0.0
2023-05-23T07:00,19.6,91,18.0,21.9,4.7,100,0.00,11.0
2023-05-23T08:00,20.3,89,18.5,22.0,9.8,100,0.10,69.0
2023-05-23T09:00,21.2,77,17.1,22.0,12.2,100,0.00,152.0
2023-05-23T10:00,21.8,78,17.6,23.4,7.4,97,0.00,156.0
2023-05-23T11:00,23.9,70,18.1,25.9,6.6,68,0.00,466.0
2023-05-23T12:00,26.0,60,17.6,27.7,13.1,4,0.00,714.0
2023-05-23T13:00,27.2,54,17.1,29.9,12.8,35,0.00,925.0
2023-05-23T14:00,28.1,50,16.7,30.1,14.4,13,0.00,859.0
2023-05-23T15:00,29.2,46,16.4,31.2,13.0,69,0.00,867.0
2023-05-23T16:00,29.2,45,16.1,29.9,13.2,84,0.00,650.0
2023-05-23T17:00,29.2,44,15.9,29.1,14.5,91,0.00,515.0
2023-05-23T18:00,28.4,47,16.0,28.3,15.0,71,0.00,375.0
2023-05-23T19:00,25.9,61,17.9,26.8,13.3,77,0.00,251.0
2023-05-23T20:00,26.0,61,17.8,27.6,8.0,35,0.00,94.0
2023-05-23T21:00,25.0,66,18.2,26.0,13.1,63,0.00,5.0
2023-05-23T22:00,23.8,71,18.1,25.0,12.0,8,0.00,0.0
2023-05-23T23:00,22.8,74,17.9,23.7,13.1,40,0.00,0.0
2023-05-24T00:00,22.2,75,17.6,23.1,13.1,1,0.00,0.0
2023-05-24T01:00,21.2,79,17.4,22.7,8.0,8,0.00,0.0
2023-05-24T02:00,20.1,86,17.6,22.1,5.9,100,0.00,0.0
2023-05-24T03:00,19.9,89,18.0,21.9,5.8,100,0.00,0.0
2023-05-24T04:00,19.5,91,18.1,21.8,4.7,100,0.00,0.0
2023-05-24T05:00,19.4,92,18.1,20.8,10.5,100,3.50,0.0
2023-05-24T06:00,19.6,92,18.2,20.1,17.9,100,1.20,0.0
2023-05-24T07:00,20.2,91,18.6,21.6,11.9,100,0.80,4.0
2023-05-24T08:00,20.4,93,19.2,22.2,11.3,100,1.90,16.0
2023-05-24T09:00,20.6,93,19.5,22.6,11.0,100,1.70,74.0
2023-05-24T10:00,21.6,87,19.5,24.1,7.9,95,0.60,221.0
2023-05-24T11:00,23.4,81,20.0,26.3,5.8,91,0.10,431.0
2023-05-24T12:00,25.8,65,18.8,29.1,10.1,62,0.30,820.0
2023-05-24T13:00,26.6,60,18.3,30.3,6.4,36,0.10,801.0
2023-05-24T14:00,27.2,58,18.2,30.8,5.4,22,0.00,767.0
2023-05-24T15:00,28.2,54,17.9,31.6,8.8,15,0.00,862.0
2023-05-24T16:00,28.8,49,17.1,30.8,12.2,21,0.00,779.0
2023-05-24T17:00,28.8,46,16.1,29.2,14.7,30,0.00,649.0
2023-05-24T18:00,28.5,46,15.9,28.4,14.8,55,0.00,482.0
2023-05-24T19:00,27.8,51,16.8,28.1,14.1,77,0.00,260.0
2023-05-24T20:00,26.6,57,17.4,28.4,5.8,96,0.00,78.0
2023-05-24T21:00,25.0,65,18.1,26.4,11.2,66,0.00,4.0
2023-05-24T22:00,23.3,74,18.5,23.6,19.4,22,0.00,0.0
2023-05-24T23:00,22.0,82,18.6,23.8,9.4,82,0.00,0.0
2023-05-25T00:00,21.6,84,18.8,23.5,9.2,19,0.00,0.0
2023-05-25T01:00,21.5,86,19.0,23.2,11.5,19,0.00,0.0
2023-05-25T02:00,21.1,90,19.5,23.3,9.7,3,0.00,0.0
2023-05-25T03:00,20.6,93,19.5,23.0,7.9,9,0.00,0.0
2023-05-25T04:00,20.0,94,19.0,22.6,5.8,39,0.00,0.0
2023-05-25T05:00,19.5,94,18.6,21.8,6.5,3,0.00,0.0
2023-05-25T06:00,19.0,95,18.1,20.9,7.4,1,0.00,0.0
2023-05-25T07:00,19.1,91,17.6,20.9,6.3,0,0.00,13.0
2023-05-25T08:00,20.8,83,17.8,22.9,4.3,98,0.00,134.0
2023-05-25T09:00,22.6,74,17.7,24.5,6.1,99,0.00,281.0
2023-05-25T10:00,24.5,62,16.8,25.7,7.4,99,0.00,421.0
2023-05-25T11:00,26.2,53,15.9,27.3,10.9,98,0.00,653.0
2023-05-25T12:00,27.5,47,15.2,28.4,12.2,100,0.00,724.0
2023-05-25T13:00,27.4,46,14.8,26.8,14.4,100,0.00,482.0
2023-05-25T14:00,27.5,45,14.5,27.1,13.2,100,0.00,522.0
2023-05-25T15:00,27.8,44,14.6,27.8,10.1,100,0.00,523.0
2023-05-25T16:00,27.9,44,14.4,28.0,9.0,79,0.00,461.0
2023-05-25T17:00,28.4,42,14.3,28.3,10.8,30,0.00,578.0
2023-05-25T18:00,28.2,41,13.8,27.4,13.8,25,0.00,485.0
2023-05-25T19:00,27.7,42,13.8,26.9,13.8,52,0.00,295.0
2023-05-25T20:00,26.4,47,14.2,26.1,11.4,18,0.00,105.0
2023-05-25T21:00,24.4,56,15.1,24.8,9.0,13,0.00,6.0
2023-05-25T22:00,23.2,63,15.6,23.9,8.6,2,0.00,0.0
2023-05-25T23:00,22.5,65,15.6,23.1,8.4,1,0.00,0.0
2023-05-26T00:00,21.7,68,15.6,22.5,7.7,13,0.00,0.0
2023-05-26T01:00,20.4,75,15.9,21.5,6.5,4,0.00,0.0
2023-05-26T02:00,20.0,78,16.0,21.1,6.6,4,0.00,0.0
2023-05-26T03:00,19.6,79,15.8,20.6,6.7,0,0.00,0.0
2023-05-26T04:00,19.0,81,15.6,20.0,6.0,0,0.00,0.0
2023-05-26T05:00,18.4,83,15.4,19.1,6.9,55,0.00,0.0
2023-05-26T06:00,18.0,84,15.2,18.6,7.4,8,0.00,0.0
2023-05-26T07:00,19.9,84,17.0,21.5,5.9,22,0.00,13.0
2023-05-26T08:00,21.7,76,17.4,23.3,7.3,100,0.00,140.0
2023-05-26T09:00,24.4,65,17.4,26.0,6.8,82,0.00,322.0
2023-05-26T10:00,27.0,53,16.5,27.6,11.2,73,0.00,520.0
2023-05-26T11:00,28.6,39,13.1,28.2,14.1,13,0.00,673.0
2023-05-26T12:00,29.7,34,12.3,29.6,15.2,53,0.00,815.0
2023-05-26T13:00,30.8,32,12.1,31.1,15.8,93,0.00,920.0
2023-05-26T14:00,30.9,31,11.8,30.4,16.0,87,0.00,793.0
2023-05-26T15:00,31.5,29,11.4,31.6,15.5,100,0.00,901.0
2023-05-26T16:00,31.4,27,10.2,30.0,17.7,99,0.00,758.0
2023-05-26T17:00,30.7,25,8.6,27.9,17.0,100,0.00,532.0
2023-05-26T18:00,30.8,24,7.8,28.5,11.5,100,0.00,298.0
2023-05-26T19:00,28.5,34,11.1,26.2,18.8,100,0.00,243.0
2023-05-26T20:00,27.8,38,12.0,26.5,13.0,100,0.00,56.0
2023-05-26T21:00,26.6,43,12.9,26.4,8.0,100,0.00,3.0
2023-05-26T22:00,25.8,47,13.7,25.8,7.9,100,0.00,0.0
2023-05-26T23:00,24.9,51,13.9,24.8,9.0,97,0.00,0.0
2023-05-27T00:00,24.5,52,14.0,24.5,9.4,100,0.00,0.0
2023-05-27T01:00,24.0,55,14.4,24.2,8.4,99,0.00,0.0
2023-05-27T02:00,23.5,59,14.9,24.4,4.8,99,0.00,0.0
2023-05-27T03:00,23.0,61,15.1,24.2,3.7,100,0.00,0.0
2023-05-27T04:00,22.2,66,15.5,23.5,4.0,96,0.00,0.0
2023-05-27T05:00,21.2,69,15.2,22.2,5.8,95,0.00,0.0
2023-05-27T06:00,20.2,71,14.8,20.8,6.6,98,0.00,0.0
2023-05-27T07:00,21.5,66,14.9,21.7,10.0,22,0.00,13.0
2023-05-27T08:00,22.4,63,14.9,22.5,10.0,90,0.00,88.0
2023-05-27T09:00,24.1,56,14.8,24.0,11.3,100,0.00,290.0
2023-05-27T10:00,26.1,48,14.2,25.5,14.0,100,0.00,496.0
2023-05-27T11:00,27.6,41,13.2,26.7,15.1,100,0.00,605.0
2023-05-27T12:00,28.6,37,12.4,27.9,14.0,100,0.00,649.0
2023-05-27T13:00,29.5,34,12.1,28.9,14.1,100,0.00,709.0
2023-05-27T14:00,30.0,33,12.0,29.9,12.5,100,0.00,743.0
2023-05-27T15:00,30.9,31,12.1,31.2,13.5,97,0.00,845.0
2023-05-27T16:00,31.4,31,12.0,31.3,15.5,96,0.00,841.0
2023-05-27T17:00,31.1,31,11.9,29.9,16.1,100,0.00,667.0
2023-05-27T18:00,30.6,31,11.4,29.1,13.8,100,0.00,444.0
2023-05-27T19:00,28.6,40,13.6,28.1,11.3,100,0.00,218.0
2023-05-27T20:00,27.7,42,13.6,27.3,10.6,100,0.00,67.0
2023-05-27T21:00,26.4,48,14.4,25.9,13.0,100,0.00,4.0
2023-05-27T22:00,25.4,53,15.1,25.5,10.9,100,0.00,0.0
2023-05-27T23:00,24.6,55,15.1,24.8,10.0,81,0.00,0.0
2023-05-28T00:00,23.5,59,15.0,23.8,9.7,94,0.00,0.0
2023-05-28T01:00,22.4,65,15.4,23.3,6.0,87,0.00,0.0
2023-05-28T02:00,21.1,72,15.9,22.1,7.4,35,0.00,0.0
2023-05-28T03:00,21.0,71,15.6,22.0,6.5,100,0.00,0.0
2023-05-28T04:00,20.5,71,15.1,21.2,6.4,100,0.00,0.0
2023-05-28T05:00,20.3,67,13.9,20.5,7.0,100,0.00,0.0
2023-05-28T06:00,19.7,64,12.8,19.7,6.1,100,0.00,0.0
2023-05-28T07:00,21.4,62,13.9,20.7,13.5,100,0.00,13.0
2023-05-28T08:00,22.8,64,15.6,23.1,10.5,100,0.00,121.0
2023-05-28T09:00,25.1,57,16.0,25.3,13.0,100,0.00,318.0
2023-05-28T10:00,27.0,51,16.0,26.8,16.1,100,0.00,515.0
2023-05-28T11:00,28.6,46,15.9,29.2,14.2,100,0.00,672.0
2023-05-28T12:00,29.7,42,15.5,30.6,15.3,91,0.00,791.0
2023-05-28T13:00,30.6,40,15.4,32.4,14.1,100,0.00,923.0
2023-05-28T14:00,31.3,38,15.1,33.0,14.1,100,0.00,927.0
2023-05-28T15:00,30.4,38,14.6,30.7,12.4,100,0.00,670.0
2023-05-28T16:00,30.0,38,14.2,29.8,11.4,100,0.10,289.0
2023-05-28T17:00,28.0,52,17.2,28.9,11.7,100,0.80,433.0
2023-05-28T18:00,28.1,51,17.0,29.2,9.2,100,0.00,321.0
2023-05-28T19:00,25.3,66,18.5,26.8,11.2,100,0.00,237.0
2023-05-28T20:00,25.4,66,18.6,26.7,13.3,96,0.00,92.0
2023-05-28T21:00,24.4,71,18.7,26.5,7.5,100,0.00,6.0
2023-05-28T22:00,21.8,82,18.6,22.7,15.8,100,1.90,0.0
2023-05-28T23:00,21.9,85,19.2,23.9,9.8,100,0.10,0.0
2023-05-29T00:00,21.6,84,18.9,24.1,6.1,100,0.00,0.0
2023-05-29T01:00,21.0,87,18.8,23.0,8.4,100,0.00,0.0
2023-05-29T02:00,21.2,86,18.8,23.5,6.6,100,0.00,0.0
2023-05-29T03:00,20.9,88,18.7,23.2,5.9,100,0.00,0.0
2023-05-29T04:00,20.0,91,18.5,22.0,8.0,96,0.00,0.0
2023-05-29T05:00,20.0,91,18.4,22.0,7.1,90,0.00,0.0
2023-05-29T06:00,19.4,93,18.2,21.4,6.6,95,0.00,0.0
2023-05-29T07:00,21.1,86,18.6,23.3,7.6,98,0.00,14.0
2023-05-29T08:00,22.0,84,19.1,24.1,8.6,77,0.00,87.0
2023-05-29T09:00,24.5,71,18.8,26.4,9.0,27,0.00,309.0
2023-05-29T10:00,27.1,57,17.8,28.1,12.4,14,0.00,510.0
2023-05-29T11:00,27.8,55,18.0,29.5,13.8,3,0.00,696.0
2023-05-29T12:00,29.1,50,17.8,31.6,11.2,28,0.00,777.0
2023-05-29T13:00,30.1,46,17.2,32.8,11.5,100,0.00,862.0
2023-05-29T14:00,30.5,43,16.4,31.6,13.0,100,0.00,705.0
2023-05-29T15:00,27.6,55,17.7,28.1,16.1,98,0.40,521.0
2023-05-29T16:00,25.1,67,18.6,25.8,17.7,100,0.70,496.0
2023-05-29T17:00,26.3,60,18.0,29.1,0.8,100,0.00,378.0
2023-05-29T18:00,26.9,57,17.8,29.1,4.2,100,0.00,339.0
2023-05-29T19:00,25.5,67,18.9,28.0,5.8,100,0.00,232.0
2023-05-29T20:00,24.6,82,21.2,27.9,8.0,100,1.80,11.0
2023-05-29T21:00,22.9,88,20.8,24.2,20.1,100,1.50,3.0
2023-05-29T22:00,21.8,91,20.4,22.7,21.7,100,0.20,0.0
2023-05-29T23:00,21.6,88,19.6,23.0,15.9,100,0.00,0.0
2023-05-30T00:00,21.2,89,19.3,22.9,12.8,100,0.00,0.0
2023-05-30T01:00,20.8,91,19.2,22.6,11.4,100,0.00,0.0
2023-05-30T02:00,20.4,93,19.2,22.9,6.9,100,0.00,0.0
2023-05-30T03:00,20.1,95,19.2,22.6,6.4,100,0.00,0.0
2023-05-30T04:00,19.5,97,19.0,22.2,4.9,100,0.00,0.0
2023-05-30T05:00,19.4,97,19.0,22.4,2.6,100,0.00,0.0
2023-05-30T06:00,19.2,99,19.0,22.2,3.2,87,0.00,0.0
2023-05-30T07:00,20.5,90,18.8,22.8,6.4,84,0.00,13.0
2023-05-30T08:00,21.3,86,19.0,24.0,4.7,95,0.20,90.0
2023-05-30T09:00,22.7,80,19.0,25.4,4.5,45,0.00,205.0
2023-05-30T10:00,23.2,75,18.6,23.1,23.2,75,0.30,478.0
2023-05-30T11:00,23.9,73,18.6,26.1,6.3,44,0.00,311.0
2023-05-30T12:00,27.8,56,18.1,31.0,6.8,34,0.00,748.0
2023-05-30T13:00,29.2,49,17.5,32.5,9.2,26,0.00,879.0
2023-05-30T14:00,29.8,48,17.5,33.5,8.0,35,0.00,920.0
2023-05-30T15:00,30.4,44,16.9,33.0,9.0,41,0.00,812.0
2023-05-30T16:00,30.6,43,16.8,32.4,11.0,40,0.00,730.0
2023-05-30T17:00,30.2,43,16.1,31.2,11.0,46,0.00,626.0
2023-05-30T18:00,29.0,47,16.5,30.1,7.9,69,0.70,451.0
2023-05-30T19:00,24.2,74,19.3,24.9,19.0,33,0.00,244.0
2023-05-30T20:00,23.1,78,19.1,24.6,13.8,39,0.20,73.0
2023-05-30T21:00,22.7,82,19.4,25.6,4.7,14,0.10,6.0
2023-05-30T22:00,22.3,86,19.9,25.2,6.4,1,0.00,0.0
2023-05-30T23:00,22.0,89,20.1,25.2,4.8,7,0.00,0.0
2023-05-31T00:00,21.8,92,20.4,25.0,5.1,4,0.00,0.0
2023-05-31T01:00,21.6,93,20.5,24.9,6.1,26,0.00,0.0
2023-05-31T02:00,21.4,94,20.4,24.7,5.0,3,0.00,0.0
2023-05-31T03:00,20.6,96,20.0,23.7,5.4,20,0.00,0.0
2023-05-31T04:00,20.5,97,20.0,23.6,5.0,0,0.00,0.0
2023-05-31T05:00,20.0,97,19.6,22.8,6.2,0,0.00,0.0
2023-05-31T06:00,20.1,98,19.8,22.9,6.4,0,0.00,0.0
2023-05-31T07:00,20.2,97,19.6,23.0,6.2,0,0.00,15.0
2023-05-31T08:00,21.8,87,19.6,25.3,1.1,27,0.00,140.0
2023-05-31T09:00,23.9,77,19.5,27.4,0.7,2,0.00,328.0
2023-05-31T10:00,26.2,67,19.6,29.6,2.1,0,0.00,527.0
2023-05-31T11:00,28.5,56,18.8,31.8,6.6,6,0.00,711.0
2023-05-31T12:00,30.0,49,18.0,33.5,7.5,12,0.00,840.0
2023-05-31T13:00,30.8,45,17.6,34.1,9.4,28,0.00,877.0
2023-05-31T14:00,31.5,43,17.3,34.6,9.5,36,0.00,885.0
2023-05-31T15:00,31.5,43,17.2,34.0,10.8,45,0.00,814.0
2023-05-31T16:00,31.4,43,17.5,33.5,10.9,48,0.10,734.0
2023-05-31T17:00,31.2,44,17.6,32.3,11.6,67,0.00,545.0
2023-05-31T18:00,30.6,44,16.8,31.1,13.0,72,0.20,339.0
2023-05-31T19:00,29.1,50,17.5,29.6,15.1,97,0.10,209.0
2023-05-31T20:00,29.1,47,16.8,29.9,10.9,69,0.00,103.0
2023-05-31T21:00,27.4,55,17.6,29.3,5.8,96,0.00,8.0
2023-05-31T22:00,26.6,62,18.6,29.1,4.9,93,0.00,0.0
2023-05-31T23:00,25.9,67,19.2,27.9,9.8,75,0.00,0.0
2023-06-01T00:00,25.2,72,19.7,27.1,12.6,100,0.00,0.0
2023-06-01T01:00,24.8,77,20.4,26.7,14.8,91,0.00,0.0
2023-06-01T02:00,24.1,79,20.3,26.2,13.3,6,0.00,0.0
2023-06-01T03:00,23.5,79,19.7,25.3,13.6,10,0.00,0.0
2023-06-01T04:00,23.0,78,19.0,24.8,10.8,11,0.00,0.0
2023-06-01T05:00,22.5,80,18.8,24.3,9.7,4,0.00,0.0
2023-06-01T06:00,22.0,82,18.7,23.8,9.3,0,0.00,0.0
2023-06-01T07:00,22.2,88,20.2,25.5,5.1,0,0.00,15.0
2023-06-01T08:00,23.6,81,20.1,27.1,3.4,11,0.00,140.0
2023-06-01T09:00,25.5,73,20.2,29.0,3.3,2,0.00,327.0
2023-06-01T10:00,27.4,65,20.1,30.7,4.2,4,0.00,518.0
2023-06-01T11:00,29.0,58,19.9,32.4,8.4,56,0.10,689.0
2023-06-01T12:00,29.6,54,19.4,32.2,14.0,91,0.20,756.0
2023-06-01T13:00,30.3,51,19.1,32.9,16.1,50,0.10,849.0
2023-06-01T14:00,31.0,49,19.0,33.0,18.4,77,0.20,833.0
2023-06-01T15:00,31.3,47,18.6,32.6,19.3,97,0.00,742.0
2023-06-01T16:00,31.4,46,18.5,32.9,16.5,100,0.00,684.0
2023-06-01T17:00,31.5,44,17.9,32.0,16.4,100,0.00,562.0
2023-06-01T18:00,30.8,45,17.4,31.2,15.3,100,0.20,362.0
2023-06-01T19:00,30.4,44,16.7,30.5,14.9,100,0.00,177.0
2023-06-01T20:00,28.9,52,18.0,29.9,12.9,50,0.00,65.0
2023-06-01T21:00,27.4,58,18.3,28.8,11.2,45,0.00,8.0
2023-06-01T22:00,27.0,59,18.4,28.6,9.5,22,0.00,0.0
2023-06-01T23:00,26.5,63,18.8,28.0,12.3,33,0.00,0.0
2023-06-02T00:00,25.2,71,19.6,27.5,9.4,3,0.00,0.0
2023-06-02T01:00,24.3,78,20.2,27.1,8.4,6,0.00,0.0
2023-06-02T02:00,23.8,82,20.5,26.9,7.0,0,0.00,0.0
2023-06-02T03:00,23.0,86,20.5,26.4,5.3,0,0.00,0.0
2023-06-02T04:00,22.6,88,20.5,26.0,5.4,7,0.00,0.0
2023-06-02T05:00,22.4,90,20.6,25.7,5.5,32,0.00,0.0
2023-06-02T06:00,22.2,91,20.6,25.4,6.6,38,0.00,0.0
2023-06-02T07:00,22.0,88,20.0,25.1,5.4,6,0.00,14.0
2023-06-02T08:00,23.6,87,21.2,27.3,5.6,24,0.00,136.0
2023-06-02T09:00,26.0,76,21.4,29.7,5.9,39,0.00,325.0
2023-06-02T10:00,27.7,66,20.7,30.5,9.5,26,0.00,514.0
2023-06-02T11:00,29.6,55,19.7,33.0,8.2,19,0.00,691.0
2023-06-02T12:00,31.1,47,18.5,33.9,11.5,11,0.00,779.0
2023-06-02T13:00,31.0,51,19.5,33.8,15.8,46,0.50,836.0
2023-06-02T14:00,31.4,49,19.4,34.2,13.6,44,0.10,770.0
2023-06-02T15:00,32.2,44,18.4,34.3,15.5,34,0.00,784.0
2023-06-02T16:00,32.3,43,18.2,33.8,16.4,27,0.00,720.0
2023-06-02T17:00,32.3,43,18.1,33.4,15.8,49,0.00,627.0
2023-06-02T18:00,31.6,42,17.2,31.8,16.1,75,0.00,466.0
2023-06-02T19:00,31.5,38,15.6,31.2,15.2,97,0.00,180.0
2023-06-02T20:00,30.1,45,16.7,30.3,14.8,49,0.00,96.0
2023-06-02T21:00,28.5,54,18.2,29.3,15.6,100,0.00,6.0
2023-06-02T22:00,27.3,60,18.9,28.3,15.8,100,0.00,0.0
2023-06-02T23:00,26.6,63,18.9,28.5,10.1,100,0.00,0.0
2023-06-03T00:00,25.9,65,18.9,28.0,8.6,100,0.00,0.0
2023-06-03T01:00,25.0,69,19.0,27.1,8.5,100,1.70,0.0
2023-06-03T02:00,22.0,88,19.9,24.6,8.0,100,12.70,0.0
2023-06-03T03:00,22.1,89,20.3,24.7,10.4,100,0.30,0.0
2023-06-03T04:00,21.6,92,20.2,23.0,18.3,100,0.10,0.0
2023-06-03T05:00,21.7,93,20.5,23.9,12.9,100,0.00,0.0
2023-06-03T06:00,21.2,96,20.6,24.9,3.4,100,0.00,0.0
2023-06-03T07:00,21.0,91,19.5,23.4,8.2,100,0.00,12.0
2023-06-03T08:00,22.2,87,19.9,25.0,6.9,100,0.00,109.0
2023-06-03T09:00,24.1,79,20.2,27.2,6.6,96,0.00,282.0
2023-06-03T10:00,26.5,68,20.2,29.5,7.4,35,0.00,524.0
2023-06-03T11:00,28.5,60,20.0,31.5,11.7,66,0.00,710.0
2023-06-03T12:00,28.6,60,20.1,33.4,6.7,100,0.30,845.0
2023-06-03T13:00,28.0,63,20.4,32.2,3.5,100,0.20,657.0
2023-06-03T14:00,25.1,70,19.4,27.0,15.8,100,3.30,681.0
2023-06-03T15:00,23.7,76,19.3,26.1,7.6,100,0.50,131.0
2023-06-03T16:00,24.8,73,19.7,28.3,1.1,100,0.00,303.0
2023-06-03T17:00,25.5,71,19.9,28.4,6.3,100,0.00,352.0
2023-06-03T18:00,26.0,70,20.0,28.6,8.2,100,0.00,374.0
2023-06-03T19:00,21.5,70,15.8,21.7,12.2,45,0.00,281.0
2023-06-03T20:00,21.4,90,19.6,22.9,14.3,100,10.10,8.0
2023-06-03T21:00,21.3,92,20.0,24.2,6.6,100,1.20,1.0
2023-06-03T22:00,21.5,94,20.4,23.4,14.2,100,0.40,0.0
2023-06-03T23:00,20.7,93,19.5,23.4,5.9,95,0.10,0.0
2023-06-04T00:00,21.1,88,19.0,22.9,10.3,100,0.00,0.0
2023-06-04T01:00,20.1,92,18.8,22.9,3.9,83,0.00,0.0
2023-06-04T02:00,20.0,93,18.8,22.3,6.2,98,0.00,0.0
2023-06-04T03:00,19.6,94,18.6,21.8,7.0,100,0.00,0.0
2023-06-04T04:00,18.8,95,18.0,20.8,6.2,70,0.00,0.0
2023-06-04T05:00,18.9,94,17.9,20.8,6.1,0,0.00,0.0
2023-06-04T06:00,18.8,93,17.7,20.5,7.6,0,0.00,0.0
2023-06-04T07:00,19.5,92,18.1,21.8,4.8,0,0.00,16.0
2023-06-04T08:00,20.2,89,18.2,21.4,12.3,100,0.70,113.0
2023-06-04T09:00,22.1,83,19.1,23.9,11.3,100,0.00,209.0
2023-06-04T10:00,23.9,71,18.4,26.1,5.4,61,0.00,436.0
2023-06-04T11:00,25.3,67,18.7,28.6,5.4,100,0.00,678.0
2023-06-04T12:00,26.5,63,18.9,29.6,9.7,70,0.00,770.0
2023-06-04T13:00,27.2,58,18.4,30.3,11.0,13,0.00,834.0
2023-06-04T14:00,27.8,54,17.6,30.5,13.0,25,0.00,884.0
2023-06-04T15:00,28.2,54,18.0,31.4,10.7,59,0.00,865.0
2023-06-04T16:00,28.0,55,18.0,30.5,13.0,93,0.00,818.0
2023-06-04T17:00,26.6,62,18.9,28.3,11.6,100,0.50,574.0
2023-06-04T18:00,27.1,59,18.4,29.3,6.1,94,0.00,433.0
2023-06-04T19:00,23.5,72,18.3,25.6,6.7,66,0.00,309.0
2023-06-04T20:00,23.3,84,20.5,26.5,5.9,36,1.30,40.0
2023-06-04T21:00,22.4,90,20.7,25.3,9.2,74,0.10,9.0
2023-06-04T22:00,22.4,84,19.6,24.0,13.7,97,0.20,0.0
2023-06-04T23:00,21.9,85,19.2,24.2,8.0,96,0.00,0.0
2023-06-05T00:00,21.4,86,19.0,23.6,7.3,95,0.50,0.0
2023-06-05T01:00,21.0,91,19.4,23.5,7.1,100,0.00,0.0
2023-06-05T02:00,20.4,93,19.3,23.0,6.1,100,0.00,0.0
2023-06-05T03:00,19.9,96,19.2,22.3,7.3,100,0.00,0.0
2023-06-05T04:00,19.9,96,19.1,22.1,8.0,56,0.00,0.0
2023-06-05T05:00,19.9,93,18.8,21.7,9.4,24,0.00,0.0
2023-06-05T06:00,19.6,92,18.4,21.5,8.4,88,0.00,0.0
2023-06-05T07:00,20.8,84,18.0,22.4,9.1,100,0.00,15.0
2023-06-05T08:00,22.0,78,18.0,22.7,14.8,100,0.00,127.0
2023-06-05T09:00,23.3,74,18.3,24.9,10.2,100,0.00,225.0
2023-06-05T10:00,24.6,68,18.2,26.6,7.2,100,0.00,352.0
2023-06-05T11:00,24.7,64,17.5,25.3,14.5,99,0.10,397.0
2023-06-05T12:00,25.7,61,17.6,27.0,11.1,73,0.00,575.0
2023-06-05T13:00,26.8,60,18.2,30.5,8.5,99,0.10,872.0
2023-06-05T14:00,27.8,56,18.2,31.8,7.3,92,0.00,890.0
2023-06-05T15:00,28.9,49,17.0,31.6,12.5,100,0.00,925.0
2023-06-05T16:00,29.0,47,16.4,30.3,12.4,100,0.00,710.0
2023-06-05T17:00,29.2,46,16.4,29.8,12.9,99,0.00,600.0
2023-06-05T18:00,29.0,47,16.6,29.7,11.4,96,0.00,441.0
2023-06-05T19:00,26.5,61,18.4,28.1,10.5,98,0.00,276.0
2023-06-05T20:00,25.5,67,19.0,27.2,12.2,89,0.00,84.0
2023-06-05T21:00,24.5,67,18.0,26.1,8.6,68,0.00,9.0
2023-06-05T22:00,24.1,70,18.2,25.9,8.6,100,0.00,0.0
2023-06-05T23:00,24.0,69,17.9,25.4,10.2,100,0.00,0.0
2023-06-06T00:00,22.9,79,19.0,25.5,5.4,100,0.00,0.0
2023-06-06T01:00,22.0,86,19.6,25.1,4.2,98,0.00,0.0
2023-06-06T02:00,20.9,94,19.8,23.8,5.8,95,0.00,0.0
2023-06-06T03:00,21.2,91,19.7,24.7,1.3,99,0.00,0.0
2023-06-06T04:00,20.4,95,19.5,23.3,4.6,100,0.00,0.0
2023-06-06T05:00,20.4,94,19.4,23.3,4.1,100,0.00,0.0
2023-06-06T06:00,20.4,91,18.9,22.9,5.4,100,0.00,0.0
2023-06-06T07:00,20.0,95,19.1,22.5,6.4,41,0.00,16.0
2023-06-06T08:00,22.0,86,19.6,25.2,3.7,3,0.00,146.0
2023-06-06T09:00,24.6,74,19.6,27.3,6.8,100,0.00,344.0
2023-06-06T10:00,27.1,60,18.6,28.9,9.9,100,0.00,534.0
2023-06-06T11:00,28.5,52,17.8,30.5,10.8,94,0.00,681.0
2023-06-06T12:00,29.6,49,17.7,32.7,8.5,20,0.00,804.0
2023-06-06T13:00,30.6,46,17.6,34.0,8.4,6,0.00,858.0
2023-06-06T14:00,31.5,43,17.4,35.4,6.9,11,0.00,922.0
2023-06-06T15:00,27.0,63,19.4,30.0,14.8,66,1.90,855.0
2023-06-06T16:00,29.1,53,18.4,31.4,8.5,3,0.00,633.0
2023-06-06T17:00,29.4,51,18.1,32.4,4.9,16,0.50,665.0
2023-06-06T18:00,28.6,48,16.5,29.6,8.7,34,0.70,476.0
2023-06-06T19:00,29.0,45,15.9,30.4,4.6,14,0.00,309.0
2023-06-06T20:00,28.0,67,21.1,32.1,2.4,19,0.00,132.0
2023-06-06T21:00,24.0,70,18.2,23.8,21.9,87,0.00,10.0
2023-06-06T22:00,22.9,76,18.3,25.4,3.3,30,0.00,0.0
2023-06-06T23:00,21.9,83,18.9,24.8,2.9,0,0.00,0.0
2023-06-07T00:00,21.1,89,19.2,24.2,3.1,2,0.00,0.0
2023-06-07T01:00,20.9,91,19.4,23.7,4.7,1,0.00,0.0
2023-06-07T02:00,20.1,95,19.3,23.2,2.7,17,0.00,0.0
2023-06-07T03:00,19.8,97,19.3,22.5,5.2,16,0.00,0.0
2023-06-07T04:00,19.5,98,19.1,22.0,5.9,0,0.00,0.0
2023-06-07T05:00,19.1,100,19.0,22.0,3.3,9,0.00,0.0
2023-06-07T06:00,18.6,100,18.6,21.6,1.5,100,0.00,0.0
2023-06-07T07:00,21.0,83,17.9,23.1,4.7,100,0.00,15.0
2023-06-07T08:00,22.5,80,18.9,24.6,7.7,47,0.00,111.0
2023-06-07T09:00,24.0,76,19.5,27.6,0.0,0,0.00,193.0
2023-06-07T10:00,26.2,68,20.0,29.3,5.6,11,0.00,549.0
2023-06-07T11:00,27.9,62,19.8,32.0,3.8,41,0.00,702.0
2023-06-07T12:00,28.8,56,19.1,33.5,3.3,92,0.20,817.0
2023-06-07T13:00,29.8,51,18.6,34.3,5.8,52,0.00,894.0
2023-06-07T14:00,30.7,48,18.3,34.8,8.4,52,0.00,935.0
2023-06-07T15:00,31.1,47,18.4,34.7,8.5,62,0.00,831.0
2023-06-07T16:00,31.0,45,17.8,33.4,9.4,41,0.00,712.0
2023-06-07T17:00,30.4,45,17.2,31.9,9.8,21,0.00,618.0
2023-06-07T18:00,30.1,46,17.2,31.0,11.2,70,0.10,435.0
2023-06-07T19:00,24.8,69,18.8,26.8,8.8,82,0.00,273.0
2023-06-07T20:00,23.8,75,19.1,25.8,9.3,100,1.60,28.0
2023-06-07T21:00,23.2,83,20.2,26.1,7.4,46,0.20,8.0
2023-06-07T22:00,23.1,85,20.4,25.4,12.7,21,0.00,0.0
2023-06-07T23:00,23.0,86,20.4,25.8,8.2,32,0.00,0.0
2023-06-08T00:00,22.4,87,20.2,25.6,5.0,74,0.00,0.0
2023-06-08T01:00,22.0,90,20.2,25.3,4.3,50,0.00,0.0
2023-06-08T02:00,21.1,95,20.2,24.6,3.6,4,0.00,0.0
2023-06-08T03:00,21.5,93,20.2,25.2,2.2,0,0.00,0.0
2023-06-08T04:00,20.4,98,20.0,23.7,4.0,0,0.00,0.0
2023-06-08T05:00,20.1,99,19.9,23.5,3.1,0,0.00,0.0
2023-06-08T06:00,19.9,100,19.8,23.0,4.5,100,0.00,0.0
2023-06-08T07:00,19.9,99,19.7,22.7,6.2,100,0.00,15.0
2023-06-08T08:00,22.6,87,20.4,26.1,3.7,44,0.00,140.0
2023-06-08T09:00,24.4,75,19.6,24.3,26.0,69,0.00,280.0
2023-06-08T10:00,25.7,64,18.5,26.9,13.1,86,0.00,385.0
2023-06-08T11:00,27.5,58,18.4,29.8,8.2,100,0.00,612.0
2023-06-08T12:00,29.0,52,18.2,32.4,5.5,96,0.00,741.0
2023-06-08T13:00,30.5,48,18.1,35.3,3.8,25,0.00,912.0
2023-06-08T14:00,31.3,44,17.6,35.8,5.6,42,0.00,952.0
2023-06-08T15:00,31.9,40,16.5,34.9,6.6,46,0.00,829.0
2023-06-08T16:00,32.5,35,15.1,34.8,4.0,33,0.00,732.0
2023-06-08T17:00,32.0,36,15.0,32.8,10.0,61,0.00,645.0
2023-06-08T18:00,30.7,44,16.9,30.7,16.8,86,0.00,431.0
2023-06-08T19:00,30.4,40,15.2,30.3,12.1,100,0.00,254.0
2023-06-08T20:00,25.2,88,23.2,30.2,4.4,100,1.00,40.0
2023-06-08T21:00,22.8,87,20.6,25.1,12.7,100,8.00,4.0
2023-06-08T22:00,23.1,88,21.0,27.0,3.3,100,0.40,0.0
2023-06-08T23:00,22.5,94,21.6,26.8,3.4,100,0.00,0.0
2023-06-09T00:00,22.4,96,21.7,26.7,3.4,100,0.00,0.0
2023-06-09T01:00,22.5,96,21.8,26.5,5.2,99,0.00,0.0
2023-06-09T02:00,22.4,94,21.5,26.1,6.4,100,0.00,0.0
2023-06-09T03:00,21.8,94,20.7,24.7,8.4,100,0.00,0.0
2023-06-09T04:00,22.4,89,20.4,25.7,4.7,89,0.00,0.0
2023-06-09T05:00,21.4,93,20.2,24.6,5.0,100,0.00,0.0
2023-06-09T06:00,21.1,94,20.0,24.2,5.2,77,0.00,0.0
2023-06-09T07:00,21.9,92,20.5,25.4,4.4,1,0.00,15.0
2023-06-09T08:00,22.7,85,20.0,26.1,3.1,0,0.00,139.0
2023-06-09T09:00,24.9,78,20.7,28.9,1.8,5,0.00,333.0
2023-06-09T10:00,27.1,71,21.4,31.5,1.1,9,0.00,519.0
2023-06-09T11:00,29.2,64,21.8,34.6,2.6,11,0.00,690.0
2023-06-09T12:00,31.0,56,21.4,36.9,2.8,22,0.00,815.0
2023-06-09T13:00,32.0,49,20.1,37.5,3.4,8,0.00,865.0
2023-06-09T14:00,32.7,47,20.0,38.6,1.8,13,0.00,894.0
2023-06-09T15:00,33.2,45,19.8,38.5,2.2,18,0.00,846.0
2023-06-09T16:00,33.3,44,19.5,37.3,5.8,32,0.00,744.0
2023-06-09T17:00,33.0,43,18.8,35.7,7.3,49,0.00,623.0
2023-06-09T18:00,32.9,42,18.2,35.1,5.9,44,0.00,437.0
2023-06-09T19:00,32.0,42,17.5,33.3,9.3,96,0.00,269.0
2023-06-09T20:00,30.5,49,18.6,30.9,19.5,98,0.00,121.0
2023-06-09T21:00,28.5,55,18.6,29.5,15.5,99,0.00,11.0
2023-06-09T22:00,28.6,50,17.2,29.3,13.4,100,0.00,0.0
2023-06-09T23:00,27.8,54,17.7,28.3,15.5,100,0.00,0.0
2023-06-10T00:00,26.9,57,17.6,27.9,11.8,100,0.00,0.0
2023-06-10T01:00,25.7,63,18.1,26.7,13.7,73,0.00,0.0
2023-06-10T02:00,25.5,62,17.7,26.3,13.3,9,0.00,0.0
2023-06-10T03:00,24.9,64,17.5,25.7,12.4,100,0.00,0.0
2023-06-10T04:00,24.6,65,17.7,25.5,12.9,92,0.00,0.0
2023-06-10T05:00,24.5,68,18.1,25.8,12.2,90,0.00,0.0
2023-06-10T06:00,24.2,71,18.7,26.2,8.3,94,0.00,0.0
2023-06-10T07:00,25.2,77,21.0,28.0,10.8,100,0.00,12.0
2023-06-10T08:00,26.9,71,21.1,30.0,9.4,63,0.00,126.0
2023-06-10T09:00,29.0,61,20.7,31.3,13.2,19,0.00,299.0
2023-06-10T10:00,31.1,54,20.8,33.3,14.3,0,0.00,543.0
2023-06-10T11:00,30.5,58,21.3,34.9,6.4,98,1.10,668.0
2023-06-10T12:00,30.6,56,20.7,32.6,15.0,23,0.00,457.0
2023-06-10T13:00,31.8,52,20.5,35.4,14.8,29,0.00,855.0
2023-06-10T14:00,32.5,49,20.5,36.2,13.7,100,0.00,846.0
2023-06-10T15:00,33.1,45,19.6,34.8,13.7,7,0.00,567.0
2023-06-10T16:00,33.1,49,21.0,36.2,18.3,39,0.00,818.0
2023-06-10T17:00,32.6,49,20.5,33.4,25.9,88,0.00,661.0
2023-06-10T18:00,31.4,52,20.5,31.7,25.3,34,0.00,408.0
2023-06-10T19:00,25.8,81,22.4,29.0,13.5,11,0.00,289.0
2023-06-10T20:00,27.2,79,23.1,31.4,9.2,88,0.00,136.0
2023-06-10T21:00,26.8,75,22.0,29.1,17.9,3,0.00,8.0
2023-06-10T22:00,25.3,73,20.1,28.5,4.8,1,0.00,0.0
2023-06-10T23:00,24.5,86,22.0,28.9,3.9,0,0.00,0.0
2023-06-11T00:00,23.9,89,21.9,28.1,4.1,13,0.00,0.0
2023-06-11T01:00,24.5,84,21.6,27.4,12.7,0,0.00,0.0
2023-06-11T02:00,23.9,84,21.0,25.5,18.3,25,0.00,0.0
2023-06-11T03:00,23.5,88,21.4,25.3,19.3,64,0.00,0.0
2023-06-11T04:00,23.7,88,21.6,25.8,18.1,92,0.00,0.0
2023-06-11T05:00,23.3,91,21.8,25.9,15.2,2,0.00,0.0
2023-06-11T06:00,22.9,94,21.8,26.1,10.6,0,0.00,0.0
2023-06-11T07:00,22.6,84,19.9,24.1,16.1,0,0.00,17.0
2023-06-11T08:00,24.8,78,20.7,27.1,13.1,100,0.00,146.0
2023-06-11T09:00,26.5,75,21.6,29.3,12.6,28,0.00,206.0
2023-06-11T10:00,29.5,64,22.1,32.0,16.8,56,0.00,524.0
2023-06-11T11:00,30.6,61,22.2,34.5,11.6,1,0.00,651.0
2023-06-11T12:00,32.6,54,22.2,37.6,11.8,0,0.00,851.0
2023-06-11T13:00,33.8,50,21.8,39.8,7.8,10,0.00,931.0
2023-06-11T14:00,35.0,44,20.9,40.9,5.9,43,0.00,949.0
2023-06-11T15:00,35.8,41,20.5,40.7,6.6,47,0.00,845.0
2023-06-11T16:00,35.7,40,20.0,40.3,4.4,32,0.00,768.0
2023-06-11T17:00,34.2,44,20.2,36.4,14.3,100,0.00,624.0
2023-06-11T18:00,30.0,59,21.2,32.6,13.4,74,1.10,178.0
2023-06-11T19:00,25.2,86,22.8,26.7,26.5,51,0.00,218.0
2023-06-11T20:00,28.0,69,21.9,30.4,16.1,98,0.00,45.0
2023-06-11T21:00,25.6,78,21.6,28.7,11.0,14,0.00,7.0
2023-06-11T22:00,24.2,84,21.4,28.3,3.1,72,0.00,0.0
2023-06-11T23:00,23.9,86,21.5,27.4,7.7,7,0.00,0.0
2023-06-12T00:00,23.6,89,21.6,27.0,9.4,53,0.00,0.0
2023-06-12T01:00,23.2,89,21.3,26.9,5.8,99,0.00,0.0
2023-06-12T02:00,23.0,92,21.6,27.0,4.3,100,0.00,0.0
2023-06-12T03:00,23.1,91,21.6,26.2,10.8,85,0.00,0.0
2023-06-12T04:00,23.9,89,22.0,26.9,12.8,95,0.00,0.0
2023-06-12T05:00,23.6,74,18.9,24.1,19.2,100,0.20,0.0
2023-06-12T06:00,22.8,77,18.5,23.5,16.3,100,0.00,0.0
2023-06-12T07:00,23.0,83,20.0,24.5,15.9,100,0.00,8.0
2023-06-12T08:00,23.8,83,20.6,24.6,23.0,100,0.20,112.0
2023-06-12T09:00,24.0,81,20.5,25.7,17.1,100,0.00,109.0
2023-06-12T10:00,26.4,71,20.6,28.2,16.1,100,0.00,353.0
2023-06-12T11:00,22.4,88,20.3,22.7,25.4,99,1.20,152.0
2023-06-12T12:00,25.1,72,19.9,26.1,19.6,100,0.10,500.0
2023-06-12T13:00,26.6,66,19.6,27.8,19.6,15,0.00,632.0
2023-06-12T14:00,30.0,54,19.6,32.6,18.6,100,0.00,878.0
2023-06-12T15:00,30.5,53,19.8,32.5,17.3,48,0.00,707.0
2023-06-12T16:00,31.5,49,19.6,33.1,15.3,100,0.00,570.0
2023-06-12T17:00,30.4,55,20.2,32.7,11.5,90,0.00,263.0
2023-06-12T18:00,30.3,54,20.0,32.2,13.6,58,0.00,251.0
2023-06-12T19:00,26.1,70,20.1,28.1,13.2,100,0.00,210.0
2023-06-12T20:00,24.5,79,20.5,25.9,18.1,71,0.10,26.0
2023-06-12T21:00,24.0,80,20.4,25.6,17.4,74,0.00,11.0
2023-06-12T22:00,23.9,83,20.9,26.1,14.4,9,0.00,0.0
2023-06-12T23:00,23.0,85,20.3,25.0,14.4,2,0.00,0.0
2023-06-13T00:00,22.5,75,18.0,23.2,15.1,2,0.00,0.0
2023-06-13T01:00,21.9,76,17.5,22.6,13.9,39,0.00,0.0
2023-06-13T02:00,21.1,79,17.4,21.6,15.0,17,0.00,0.0
2023-06-13T03:00,20.5,81,17.0,20.9,14.1,46,0.00,0.0
2023-06-13T04:00,20.4,81,16.9,21.2,11.2,100,0.00,0.0
2023-06-13T05:00,20.4,80,16.8,21.6,8.1,100,0.00,0.0
2023-06-13T06:00,20.5,80,16.9,22.0,6.5,99,0.00,0.0
2023-06-13T07:00,21.0,91,19.6,23.0,12.0,100,0.00,6.0
2023-06-13T08:00,20.9,89,19.0,22.1,14.7,100,0.00,39.0
2023-06-13T09:00,21.3,89,19.5,22.7,15.2,100,0.00,75.0
2023-06-13T10:00,22.1,87,19.9,24.0,12.9,100,0.20,77.0
2023-06-13T11:00,23.0,87,20.8,25.1,15.3,100,0.10,136.0
2023-06-13T12:00,25.4,79,21.4,29.2,5.6,100,0.20,476.0
2023-06-13T13:00,26.0,76,21.5,30.3,2.8,100,0.10,281.0
2023-06-13T14:00,26.9,74,21.9,31.6,0.8,100,0.30,367.0
2023-06-13T15:00,26.7,76,22.2,31.1,4.3,100,0.70,239.0
2023-06-13T16:00,26.7,78,22.5,31.2,4.3,100,0.20,226.0
2023-06-13T17:00,27.0,77,22.6,31.8,3.3,100,0.20,220.0
2023-06-13T18:00,27.0,78,22.9,31.8,4.4,94,0.00,208.0
2023-06-13T19:00,24.9,90,23.1,29.1,9.4,47,0.00,194.0
2023-06-13T20:00,25.0,89,23.0,29.0,10.5,95,0.50,57.0
2023-06-13T21:00,25.0,91,23.3,29.9,4.7,34,0.90,5.0
2023-06-13T22:00,24.2,96,23.5,29.8,1.6,78,0.40,0.0
2023-06-13T23:00,24.0,96,23.2,28.3,9.0,92,0.00,0.0
2023-06-14T00:00,23.7,98,23.3,27.4,13.5,42,0.00,0.0
2023-06-14T01:00,23.1,98,22.9,27.1,10.2,85,0.00,0.0
2023-06-14T02:00,23.0,96,22.4,26.9,8.2,48,0.00,0.0
2023-06-14T03:00,22.4,96,21.6,25.7,9.7,6,0.00,0.0
2023-06-14T04:00,21.1,98,20.8,24.0,9.4,100,1.50,0.0
2023-06-14T05:00,21.6,92,20.4,23.9,12.2,100,0.00,0.0
2023-06-14T06:00,21.5,93,20.4,23.6,13.3,100,0.00,0.0
2023-06-14T07:00,23.5,97,23.0,27.8,8.4,38,0.00,9.0
2023-06-14T08:00,25.1,91,23.6,29.8,8.4,49,0.00,64.0
2023-06-14T09:00,22.7,90,21.0,24.4,18.1,100,6.50,124.0
2023-06-14T10:00,20.8,95,20.0,22.9,11.9,97,9.70,59.0
2023-06-14T11:00,25.2,82,22.0,28.1,13.6,100,0.10,462.0
2023-06-14T12:00,25.8,81,22.2,28.9,12.6,100,0.00,403.0
2023-06-14T13:00,26.0,77,21.8,28.1,18.8,100,0.00,544.0
2023-06-14T14:00,26.0,78,21.9,28.9,13.5,14,0.00,449.0
2023-06-14T15:00,28.9,73,23.5,34.1,16.2,59,0.10,887.0
2023-06-14T16:00,29.9,68,23.4,33.8,15.0,60,0.20,624.0
2023-06-14T17:00,29.4,72,23.8,33.5,14.4,14,0.00,601.0
2023-06-14T18:00,29.4,71,23.6,33.7,10.6,6,0.00,469.0
2023-06-14T19:00,24.7,86,22.2,28.5,8.9,4,0.00,306.0
2023-06-14T20:00,24.1,86,21.6,25.7,21.1,100,0.30,126.0
2023-06-14T21:00,22.0,91,20.5,25.0,7.9,46,0.10,6.0
2023-06-14T22:00,22.0,91,20.5,25.9,1.9,8,0.00,0.0
2023-06-14T23:00,21.7,95,20.9,24.3,11.5,10,0.00,0.0
2023-06-15T00:00,21.4,96,20.8,25.1,3.6,1,0.00,0.0
2023-06-15T01:00,20.8,97,20.4,24.3,3.6,0,0.00,0.0
2023-06-15T02:00,20.9,96,20.2,24.1,5.2,0,0.00,0.0
2023-06-15T03:00,20.6,97,20.1,23.7,5.7,0,0.00,0.0
2023-06-15T04:00,20.0,98,19.6,22.6,7.0,0,0.00,0.0
2023-06-15T05:00,19.9,98,19.5,22.6,6.3,0,0.00,0.0
2023-06-15T06:00,19.5,99,19.4,21.9,7.6,0,0.00,0.0
2023-06-15T07:00,24.2,86,21.8,27.7,9.3,99,0.00,15.0
2023-06-15T08:00,25.4,81,21.8,29.0,8.5,18,0.00,89.0
2023-06-15T09:00,27.2,77,22.9,31.8,6.2,11,0.00,322.0
2023-06-15T10:00,29.2,72,23.7,34.3,5.8,9,0.00,537.0
2023-06-15T11:00,31.0,67,24.1,37.0,7.7,12,0.00,716.0
2023-06-15T12:00,32.4,60,23.5,38.7,8.7,54,0.00,840.0
2023-06-15T13:00,33.2,56,23.2,38.7,11.3,43,0.00,835.0
2023-06-15T14:00,31.9,64,24.2,37.6,14.8,67,1.80,856.0
2023-06-15T15:00,32.8,61,24.3,37.7,15.3,46,0.20,697.0
2023-06-15T16:00,33.0,62,24.9,37.7,19.0,80,0.00,693.0
2023-06-15T17:00,32.8,63,24.9,36.7,18.7,100,0.00,488.0
2023-06-15T18:00,26.0,83,22.9,27.8,25.0,100,6.50,128.0
2023-06-15T19:00,32.8,72,27.0,39.0,12.8,18,2.80,100.0
2023-06-15T20:00,23.5,89,21.6,25.1,22.0,100,14.00,14.0
2023-06-15T21:00,24.5,88,22.5,25.6,28.0,52,0.20,4.0
2023-06-15T22:00,24.2,84,21.4,24.4,30.2,100,0.00,0.0
2023-06-15T23:00,25.8,71,20.1,26.0,25.2,13,0.00,0.0
2023-06-16T00:00,27.0,64,19.5,27.3,22.2,0,0.00,0.0
2023-06-16T01:00,27.2,65,20.1,28.3,19.3,2,0.00,0.0
2023-06-16T02:00,26.9,71,21.1,28.4,20.0,9,0.00,0.0
2023-06-16T03:00,26.6,79,22.6,29.5,16.6,9,0.00,0.0
2023-06-16T04:00,26.2,84,23.4,30.3,11.6,12,0.00,0.0
2023-06-16T05:00,25.9,87,23.5,29.4,15.5,10,0.00,0.0
2023-06-16T06:00,25.6,88,23.5,29.6,12.7,19,0.00,0.0
2023-06-16T07:00,22.4,79,18.5,21.5,27.4,1,0.00,16.0
2023-06-16T08:00,23.2,80,19.6,23.3,24.8,9,0.00,105.0
2023-06-16T09:00,25.7,82,22.3,28.4,16.6,18,0.00,339.0
2023-06-16T10:00,28.3,78,24.0,32.3,14.0,100,0.00,537.0
2023-06-16T11:00,29.6,75,24.7,33.8,16.0,74,0.20,319.0
2023-06-16T12:00,31.2,68,24.5,34.5,22.4,73,0.10,570.0
2023-06-16T13:00,33.2,59,24.0,37.8,18.6,87,0.00,804.0
2023-06-16T14:00,34.3,54,23.6,39.6,15.0,80,0.00,844.0
2023-06-16T15:00,35.3,50,23.4,40.6,13.0,91,0.00,820.0
2023-06-16T16:00,35.3,47,22.3,40.8,6.0,24,0.00,754.0
2023-06-16T17:00,32.2,65,24.8,36.1,23.5,45,0.00,694.0
2023-06-16T18:00,32.5,60,23.8,36.2,15.5,27,0.00,515.0
2023-06-16T19:00,29.9,73,24.5,33.2,21.3,23,0.00,322.0
2023-06-16T20:00,29.4,76,24.6,33.7,15.1,46,0.00,113.0
2023-06-16T21:00,28.1,80,24.4,32.9,10.8,57,0.00,13.0
2023-06-16T22:00,27.3,80,23.6,31.2,13.4,7,0.00,0.0
2023-06-16T23:00,26.5,80,22.7,29.9,13.3,18,0.00,0.0
2023-06-17T00:00,26.0,77,21.6,28.9,12.5,16,0.00,0.0
2023-06-17T01:00,25.2,74,20.3,27.5,11.6,4,0.00,0.0
2023-06-17T02:00,24.5,76,20.0,27.1,8.2,1,0.00,0.0
2023-06-17T03:00,23.9,80,20.2,26.7,7.9,6,0.00,0.0
2023-06-17T04:00,23.4,85,20.7,26.6,6.8,78,0.00,0.0
2023-06-17T05:00,23.2,87,21.0,26.6,6.7,76,0.00,0.0
2023-06-17T06:00,23.0,89,21.1,26.3,7.2,80,0.00,0.0
2023-06-17T07:00,24.0,87,21.7,27.2,10.8,100,0.00,16.0
2023-06-17T08:00,25.4,83,22.3,28.7,12.2,100,0.00,130.0
2023-06-17T09:00,26.4,81,22.9,30.0,12.7,100,0.00,190.0
2023-06-17T10:00,28.4,76,23.8,33.7,4.2,100,0.00,472.0
2023-06-17T11:00,29.0,75,24.1,33.6,10.8,91,0.10,307.0
2023-06-17T12:00,31.1,67,24.2,35.2,15.5,92,0.00,569.0
2023-06-17T13:00,30.9,69,24.5,35.3,13.3,100,0.00,528.0
2023-06-17T14:00,30.0,72,24.4,34.3,14.5,100,0.30,151.0
2023-06-17T15:00,30.8,69,24.4,35.1,14.1,100,0.10,325.0
2023-06-17T16:00,30.8,67,23.9,34.9,13.3,100,0.00,339.0
2023-06-17T17:00,30.6,65,23.4,34.4,13.0,100,0.00,242.0
2023-06-17T18:00,30.4,71,24.5,35.7,6.9,100,0.00,222.0
2023-06-17T19:00,28.8,74,23.6,33.3,9.0,32,0.00,134.0
2023-06-17T20:00,27.8,74,22.8,31.1,13.7,97,1.90,26.0
2023-06-17T21:00,27.1,73,21.9,28.7,22.2,100,1.00,9.0
2023-06-17T22:00,26.0,79,22.1,29.0,13.1,81,0.30,0.0
2023-06-17T23:00,25.1,79,21.3,27.4,15.4,3,0.00,0.0
2023-06-18T00:00,25.0,84,22.1,27.5,16.8,15,0.00,0.0
2023-06-18T01:00,26.1,80,22.4,28.7,17.7,13,0.00,0.0
2023-06-18T02:00,26.9,79,22.9,29.5,19.5,10,0.00,0.0
2023-06-18T03:00,27.1,78,23.0,29.5,21.3,42,0.00,0.0
2023-06-18T04:00,26.4,83,23.2,31.0,6.7,16,0.00,0.0
2023-06-18T05:00,25.5,88,23.4,29.4,13.2,100,0.10,0.0
2023-06-18T06:00,21.4,93,20.2,22.4,20.4,100,23.20,0.0
2023-06-18T07:00,21.7,97,21.1,23.2,20.2,68,7.00,0.0
2023-06-18T08:00,22.4,90,20.7,23.6,20.6,96,0.10,14.0
2023-06-18T09:00,23.0,86,20.5,25.0,14.8,100,0.30,248.0
2023-06-18T10:00,24.1,82,20.9,26.3,14.8,100,0.00,305.0
2023-06-18T11:00,25.8,78,21.8,29.7,6.1,100,0.00,393.0
2023-06-18T12:00,28.1,71,22.4,32.0,8.9,100,0.00,556.0
2023-06-18T13:00,29.7,65,22.4,35.5,4.7,48,0.00,772.0
2023-06-18T14:00,30.9,59,22.0,37.2,5.1,11,0.00,895.0
2023-06-18T15:00,31.8,56,22.0,38.1,7.4,5,0.00,954.0
2023-06-18T16:00,32.2,55,21.9,37.8,7.7,2,0.00,858.0
2023-06-18T17:00,32.5,54,21.9,37.6,5.4,0,0.00,711.0
2023-06-18T18:00,32.2,54,21.8,36.5,3.4,1,0.00,537.0
2023-06-18T19:00,32.7,47,20.0,35.9,4.2,0,0.00,337.0
2023-06-18T20:00,30.7,60,22.0,34.6,7.3,0,0.00,146.0
2023-06-18T21:00,28.6,68,22.1,32.3,9.0,0,0.00,15.0
2023-06-18T22:00,27.1,76,22.5,31.4,6.2,0,0.00,0.0
2023-06-18T23:00,26.5,77,22.1,30.1,9.4,0,0.00,0.0
2023-06-19T00:00,25.5,76,21.0,28.7,7.9,0,0.00,0.0
2023-06-19T01:00,24.0,81,20.6,27.0,7.8,0,0.00,0.0
2023-06-19T02:00,22.9,87,20.5,25.7,8.6,0,0.00,0.0
2023-06-19T03:00,22.2,91,20.8,24.8,11.7,0,0.00,0.0
2023-06-19T04:00,21.9,93,20.6,24.4,11.1,0,0.00,0.0
2023-06-19T05:00,21.5,92,20.2,24.3,8.4,0,0.00,0.0
2023-06-19T06:00,21.6,91,20.1,23.8,11.9,0,0.00,0.0
2023-06-19T07:00,24.5,77,20.2,25.8,18.2,0,0.00,16.0
2023-06-19T08:00,26.0,76,21.4,28.5,14.1,97,0.00,141.0
2023-06-19T09:00,23.9,89,22.0,26.8,14.0,100,4.40,107.0
2023-06-19T10:00,24.4,90,22.6,27.1,17.6,100,0.10,84.0
2023-06-19T11:00,24.9,86,22.4,27.7,16.2,24,0.20,297.0
2023-06-19T12:00,28.1,76,23.5,33.6,11.3,96,0.00,781.0
2023-06-19T13:00,31.8,65,24.4,37.7,15.8,28,0.00,895.0
2023-06-19T14:00,31.4,70,25.2,37.4,17.1,1,0.00,867.0
2023-06-19T15:00,32.5,70,26.2,40.4,12.5,2,0.00,926.0
2023-06-19T16:00,34.2,66,27.0,41.8,14.0,6,0.00,837.0
2023-06-19T17:00,35.2,62,26.8,41.3,17.2,18,0.00,686.0
2023-06-19T18:00,35.0,62,26.7,40.5,16.7,28,0.00,485.0
2023-06-19T19:00,31.2,69,24.8,36.3,10.5,31,0.00,317.0
2023-06-19T20:00,32.5,68,25.8,38.3,9.3,44,0.10,40.0
2023-06-19T21:00,31.3,78,27.1,38.3,7.9,99,0.00,14.0
2023-06-19T22:00,30.5,83,27.4,37.0,12.6,100,0.00,0.0
2023-06-19T23:00,27.8,86,25.2,31.4,22.5,13,0.20,0.0
2023-06-20T00:00,24.8,89,22.9,26.4,26.0,52,0.00,0.0
2023-06-20T01:00,24.5,87,22.2,27.2,15.9,4,0.00,0.0
2023-06-20T02:00,24.3,89,22.5,27.6,12.8,5,0.00,0.0
2023-06-20T03:00,24.4,91,22.8,28.9,5.8,8,0.00,0.0
2023-06-20T04:00,24.6,91,23.0,28.9,8.9,10,0.00,0.0
2023-06-20T05:00,25.2,89,23.4,29.3,11.3,27,0.00,0.0
2023-06-20T06:00,25.4,89,23.4,29.8,8.6,29,0.00,0.0
2023-06-20T07:00,26.0,87,23.6,31.7,1.9,67,0.00,15.0
2023-06-20T08:00,25.7,87,23.3,28.2,21.8,51,4.70,100.0
2023-06-20T09:00,27.1,78,23.0,30.1,16.8,2,0.00,247.0
2023-06-20T10:00,28.8,72,23.2,33.1,9.3,0,0.00,529.0
2023-06-20T11:00,31.0,63,23.1,36.1,9.7,0,0.00,712.0
2023-06-20T12:00,32.8,59,23.6,37.8,16.8,0,0.00,854.0
2023-06-20T13:00,33.8,59,24.5,38.7,23.2,1,0.00,946.0
2023-06-20T14:00,34.5,56,24.4,39.5,22.7,5,0.00,966.0
2023-06-20T15:00,34.8,54,24.0,39.8,20.2,0,0.00,923.0
2023-06-20T16:00,35.3,54,24.5,41.0,15.6,0,0.00,842.0
2023-06-20T17:00,35.8,53,24.7,41.8,9.2,0,0.00,698.0
2023-06-20T18:00,35.8,52,24.4,40.9,8.7,0,0.00,528.0
2023-06-20T19:00,35.2,63,27.0,40.9,15.8,2,0.00,331.0
2023-06-20T20:00,34.0,65,26.5,39.2,18.4,95,0.00,140.0
2023-06-20T21:00,32.2,74,26.9,37.3,19.4,100,0.00,15.0
2023-06-20T22:00,31.3,74,26.1,36.4,16.5,100,0.00,0.0
2023-06-20T23:00,30.5,77,26.0,35.6,15.5,100,0.00,0.0
2023-06-21T00:00,29.5,84,26.5,34.3,19.7,96,0.00,0.0
2023-06-21T01:00,28.9,84,26.0,33.3,20.3,10,0.00,0.0
2023-06-21T02:00,28.3,86,25.8,32.7,19.7,10,0.00,0.0
2023-06-21T03:00,27.8,89,25.7,32.2,19.0,15,0.00,0.0
2023-06-21T04:00,27.2,90,25.5,31.6,18.7,33,0.00,0.0
2023-06-21T05:00,26.8,92,25.2,31.1,17.3,47,0.00,0.0
2023-06-21T06:00,26.3,91,24.8,30.6,15.4,10,0.00,0.0
2023-06-21T07:00,28.2,80,24.5,33.0,11.5,9,0.00,15.0
2023-06-21T08:00,28.6,80,25.0,33.4,13.4,100,0.00,64.0
2023-06-21T09:00,29.8,79,25.7,35.2,12.4,51,0.00,225.0
2023-06-21T10:00,31.5,71,25.6,37.1,11.1,100,0.00,478.0
2023-06-21T11:00,32.9,64,25.2,37.9,14.8,96,0.00,607.0
2023-06-21T12:00,34.2,59,25.1,40.0,15.9,38,0.00,789.0
2023-06-21T13:00,35.5,54,24.8,41.7,14.6,34,0.00,895.0
2023-06-21T14:00,36.5,49,24.1,42.3,15.0,59,0.00,896.0
2023-06-21T15:00,35.8,54,24.9,40.0,20.5,83,0.00,673.0
2023-06-21T16:00,35.2,56,25.2,39.0,22.7,53,0.00,599.0
2023-06-21T17:00,36.0,52,24.6,39.1,25.5,13,0.00,639.0
2023-06-21T18:00,35.4,50,23.4,37.2,26.4,77,0.00,507.0
2023-06-21T19:00,28.6,77,24.1,32.9,13.0,100,0.10,298.0
2023-06-21T20:00,28.2,84,25.1,32.8,15.1,99,0.70,2.0
2023-06-21T21:00,28.2,79,24.2,32.4,14.5,99,0.50,2.0
2023-06-21T22:00,28.0,75,23.1,32.7,6.4,100,0.10,0.0
2023-06-21T23:00,27.3,70,21.5,30.9,6.9,99,0.00,0.0
2023-06-22T00:00,26.5,77,22.1,30.6,5.6,40,0.00,0.0
2023-06-22T01:00,26.1,83,22.9,29.9,11.5,21,0.00,0.0
2023-06-22T02:00,25.9,77,21.6,28.3,16.2,4,0.00,0.0
2023-06-22T03:00,25.5,71,19.9,26.6,18.8,0,0.00,0.0
2023-06-22T04:00,25.3,69,19.2,26.5,15.9,0,0.00,0.0
2023-06-22T05:00,25.0,70,19.0,26.3,14.1,0,0.00,0.0
2023-06-22T06:00,24.5,70,18.8,26.0,12.4,0,0.00,0.0
2023-06-22T07:00,25.1,76,20.6,27.5,12.5,0,0.00,15.0
2023-06-22T08:00,26.5,75,21.6,29.1,15.1,25,0.00,138.0
2023-06-22T09:00,28.2,67,21.5,30.6,15.1,41,0.00,327.0
2023-06-22T10:00,29.1,64,21.5,32.0,11.9,41,0.00,435.0
2023-06-22T11:00,30.5,58,21.1,32.1,20.7,80,0.00,603.0
2023-06-22T12:00,30.9,57,21.3,34.0,13.8,97,0.20,663.0
2023-06-22T13:00,30.4,63,22.5,34.9,12.0,75,0.50,747.0
2023-06-22T14:00,31.1,60,22.5,35.8,6.0,87,0.00,610.0
2023-06-22T15:00,32.0,58,22.6,36.2,10.3,100,0.00,634.0
2023-06-22T16:00,31.9,56,22.1,35.2,11.6,97,0.00,477.0
2023-06-22T17:00,31.9,56,22.1,35.1,11.6,100,0.00,321.0
2023-06-22T18:00,30.6,62,22.6,33.7,15.4,100,0.00,198.0
2023-06-22T19:00,29.9,69,23.5,34.9,5.2,100,0.00,129.0
2023-06-22T20:00,27.6,82,24.4,32.7,8.7,99,0.50,8.0
2023-06-22T21:00,26.1,87,23.9,31.2,6.4,100,0.00,11.0
2023-06-22T22:00,26.5,84,23.7,31.1,9.3,100,0.00,0.0
2023-06-22T23:00,26.2,83,23.1,29.9,12.4,100,0.00,0.0
2023-06-23T00:00,25.9,86,23.5,30.4,8.5,100,0.00,0.0
2023-06-23T01:00,24.9,90,23.1,29.3,8.0,2,0.00,0.0
2023-06-23T02:00,25.0,90,23.2,29.4,8.4,9,0.00,0.0
2023-06-23T03:00,24.5,89,22.6,28.7,7.7,1,0.00,0.0
2023-06-23T04:00,24.2,88,22.0,27.8,9.7,0,0.00,0.0
2023-06-23T05:00,24.0,87,21.8,27.2,10.9,4,0.00,0.0
2023-06-23T06:00,24.0,85,21.4,27.0,11.2,10,0.00,0.0
2023-06-23T07:00,25.5,86,23.0,29.2,12.3,20,0.00,14.0
2023-06-23T08:00,27.0,79,23.0,30.8,11.6,98,0.00,128.0
2023-06-23T09:00,27.4,74,22.4,29.6,19.8,15,0.00,177.0
2023-06-23T10:00,28.0,75,23.0,32.3,8.0,100,0.00,456.0
2023-06-23T11:00,27.9,76,23.2,32.5,6.8,99,0.00,184.0
2023-06-23T12:00,29.5,71,23.6,32.2,21.9,100,0.00,531.0
2023-06-23T13:00,30.6,66,23.5,33.2,22.2,100,0.00,551.0
2023-06-23T14:00,32.1,60,23.3,36.4,17.8,51,0.00,787.0
2023-06-23T15:00,33.0,56,23.2,37.4,18.5,48,0.00,852.0
2023-06-23T16:00,32.9,56,22.9,35.6,19.9,38,0.00,595.0
2023-06-23T17:00,33.5,53,22.5,35.8,23.5,100,0.00,659.0
2023-06-23T18:00,32.3,59,23.1,34.7,21.6,5,0.00,352.0
2023-06-23T19:00,24.2,89,22.4,28.0,9.7,20,0.00,322.0
2023-06-23T20:00,24.7,88,22.6,27.8,14.8,100,11.90,10.0
2023-06-23T21:00,25.3,88,23.1,29.1,12.0,100,0.00,2.0
2023-06-23T22:00,25.2,90,23.4,29.3,11.5,97,0.00,0.0
2023-06-23T23:00,25.1,93,23.9,29.9,8.0,79,0.00,0.0
2023-06-24T00:00,24.6,96,23.9,30.0,5.0,88,0.00,0.0
2023-06-24T01:00,25.1,93,24.0,29.0,14.6,0,0.00,0.0
2023-06-24T02:00,25.2,91,23.6,28.7,16.5,0,0.00,0.0
2023-06-24T03:00,25.2,90,23.4,28.6,15.9,8,0.00,0.0
2023-06-24T04:00,25.1,89,23.2,28.3,16.6,0,0.00,0.0
2023-06-24T05:00,24.8,92,23.3,28.6,12.6,0,0.00,0.0
2023-06-24T06:00,24.5,94,23.4,28.2,14.2,0,0.00,0.0
2023-06-24T07:00,25.9,84,23.0,29.3,14.5,0,0.00,14.0
2023-06-24T08:00,27.3,80,23.5,31.4,11.6,7,0.00,143.0
2023-06-24T09:00,29.0,74,23.9,33.0,13.8,0,0.00,337.0
2023-06-24T10:00,30.9,64,23.4,34.3,15.9,33,0.00,527.0
2023-06-24T11:00,32.7,57,23.1,36.4,16.9,13,0.00,684.0
2023-06-24T12:00,33.7,50,22.0,36.7,21.6,25,0.00,828.0
2023-06-24T13:00,34.7,46,21.3,37.6,22.0,5,0.00,893.0
2023-06-24T14:00,35.7,45,22.0,39.3,22.4,0,0.00,963.0
2023-06-24T15:00,36.7,42,21.8,39.5,25.3,0,0.00,935.0
2023-06-24T16:00,37.0,42,21.9,39.4,26.0,0,0.00,849.0
2023-06-24T17:00,37.0,41,21.7,38.8,25.7,0,0.00,711.0
2023-06-24T18:00,36.9,40,21.1,37.6,25.7,0,0.00,534.0
2023-06-24T19:00,36.1,43,21.5,37.6,21.8,0,0.00,337.0
2023-06-24T20:00,34.0,53,23.0,36.2,23.2,4,0.00,144.0
2023-06-24T21:00,32.2,60,23.3,34.0,26.2,38,0.00,15.0
2023-06-24T22:00,30.5,68,23.9,32.6,27.1,4,0.00,0.0
2023-06-24T23:00,30.0,69,23.5,32.8,20.1,2,0.00,0.0
2023-06-25T00:00,29.6,69,23.4,31.9,23.8,1,0.00,0.0
2023-06-25T01:00,29.2,69,23.0,31.9,19.7,0,0.00,0.0
2023-06-25T02:00,28.9,69,22.6,32.0,14.8,0,0.00,0.0
2023-06-25T03:00,28.5,70,22.5,31.3,16.1,0,0.00,0.0
2023-06-25T04:00,28.0,73,22.6,30.6,18.2,0,0.00,0.0
2023-06-25T05:00,27.5,75,22.7,30.2,18.2,0,0.00,0.0
2023-06-25T06:00,27.0,77,22.5,29.6,18.2,0,0.00,0.0
2023-06-25T07:00,26.5,77,22.1,28.6,19.5,0,0.00,15.0
2023-06-25T08:00,27.9,72,22.5,31.3,12.1,27,0.00,131.0
2023-06-25T09:00,29.7,66,22.8,33.0,14.0,2,0.00,306.0
2023-06-25T10:00,31.5,62,23.4,34.6,17.7,5,0.00,496.0
2023-06-25T11:00,33.1,60,24.2,37.8,15.9,0,0.00,707.0
2023-06-25T12:00,34.2,58,24.9,41.1,9.7,0,0.00,848.0
2023-06-25T13:00,35.4,55,25.0,42.9,9.7,1,0.00,928.0
2023-06-25T14:00,36.8,51,24.9,44.0,11.7,2,0.00,957.0
2023-06-25T15:00,38.2,44,24.0,44.1,14.8,0,0.00,926.0
2023-06-25T16:00,38.7,42,23.2,42.8,19.9,0,0.00,841.0
2023-06-25T17:00,38.5,39,22.0,41.2,20.5,9,0.00,707.0
2023-06-25T18:00,38.2,37,21.0,40.1,16.6,37,0.00,524.0
2023-06-25T19:00,35.8,50,23.9,39.0,19.5,44,0.00,288.0
2023-06-25T20:00,34.9,53,24.0,38.8,14.9,71,0.00,144.0
2023-06-25T21:00,33.6,58,24.1,37.2,17.3,10,0.00,13.0
2023-06-25T22:00,32.7,57,23.1,35.5,19.3,1,0.00,0.0
2023-06-25T23:00,31.5,62,23.4,34.4,19.1,0,0.00,0.0
2023-06-26T00:00,31.0,64,23.2,34.2,16.1,4,0.00,0.0
2023-06-26T01:00,30.4,65,23.0,34.0,12.6,2,0.00,0.0
2023-06-26T02:00,29.6,68,23.0,33.9,8.5,1,0.00,0.0
2023-06-26T03:00,29.1,70,23.1,33.4,8.3,0,0.00,0.0
2023-06-26T04:00,28.8,72,23.4,33.1,9.7,0,0.00,0.0
2023-06-26T05:00,28.5,75,23.6,32.7,11.5,0,0.00,0.0
2023-06-26T06:00,28.1,77,23.7,32.1,13.3,0,0.00,0.0
2023-06-26T07:00,27.6,80,23.9,32.1,10.4,0,0.00,14.0
2023-06-26T08:00,29.3,74,24.2,33.8,12.0,0,0.00,140.0
2023-06-26T09:00,31.1,68,24.6,35.6,14.1,0,0.00,331.0
2023-06-26T10:00,32.9,63,24.9,37.7,12.6,0,0.00,522.0
2023-06-26T11:00,34.6,58,25.2,40.7,11.2,0,0.00,696.0
2023-06-26T12:00,36.5,51,24.9,43.0,12.1,17,0.00,831.0
2023-06-26T13:00,37.9,46,24.4,43.5,15.5,11,0.00,842.0
2023-06-26T14:00,38.8,43,23.9,43.6,17.7,27,0.00,833.0
2023-06-26T15:00,38.9,41,23.3,43.0,18.0,37,0.00,769.0
2023-06-26T16:00,38.2,43,23.2,41.7,18.1,68,0.60,665.0
2023-06-26T17:00,39.0,38,22.2,41.8,15.6,23,0.00,570.0
2023-06-26T18:00,38.7,38,21.9,40.3,21.6,17,0.00,492.0
2023-06-26T19:00,34.4,52,23.1,37.2,19.2,18,0.00,321.0
2023-06-26T20:00,34.0,57,24.1,37.2,19.9,38,0.00,87.0
2023-06-26T21:00,32.3,61,23.8,35.4,20.3,8,0.00,15.0
2023-06-26T22:00,31.6,65,24.1,35.2,17.8,1,0.00,0.0
2023-06-26T23:00,30.3,69,24.0,33.6,19.0,0,0.00,0.0
2023-06-27T00:00,30.0,72,24.2,33.7,17.4,1,0.00,0.0
2023-06-27T01:00,29.6,73,24.2,34.2,11.3,0,0.00,0.0
2023-06-27T02:00,29.3,71,23.4,33.6,10.0,0,0.00,0.0
2023-06-27T03:00,28.7,70,22.6,32.5,10.1,0,0.00,0.0
2023-06-27T04:00,28.2,71,22.4,31.6,12.2,0,0.00,0.0
2023-06-27T05:00,27.5,76,23.0,31.1,13.1,0,0.00,0.0
2023-06-27T06:00,27.1,80,23.4,30.7,14.7,0,0.00,0.0
2023-06-27T07:00,25.7,91,24.0,29.2,17.9,0,0.00,14.0
2023-06-27T08:00,27.0,84,24.1,30.7,17.4,33,0.00,110.0
2023-06-27T09:00,28.9,77,24.4,32.4,18.8,3,0.00,296.0
2023-06-27T10:00,31.2,67,24.3,34.9,17.8,1,0.00,505.0
2023-06-27T11:00,33.7,56,23.6,38.4,13.6,1,0.00,702.0
2023-06-27T12:00,35.9,46,22.4,40.6,14.0,0,0.00,848.0
2023-06-27T13:00,37.3,39,21.0,42.2,11.4,0,0.00,942.0
2023-06-27T14:00,38.4,35,20.2,41.7,19.1,0,0.00,974.0
2023-06-27T15:00,38.8,36,21.1,42.5,18.5,1,0.00,947.0
2023-06-27T16:00,39.2,36,21.2,42.6,17.7,0,0.00,855.0
2023-06-27T17:00,39.4,35,21.1,41.7,20.5,30,0.00,716.0
2023-06-27T18:00,38.9,34,20.2,39.6,22.1,52,0.00,488.0
2023-06-27T19:00,36.7,44,22.5,39.9,13.7,6,0.00,313.0
2023-06-27T20:00,34.8,52,23.3,38.6,12.4,0,0.00,150.0
2023-06-27T21:00,32.8,55,22.8,35.7,17.4,0,0.00,17.0
2023-06-27T22:00,32.2,56,22.3,34.5,18.9,0,0.00,0.0
2023-06-27T23:00,31.4,55,21.4,33.2,19.2,0,0.00,0.0
2023-06-28T00:00,30.8,56,21.0,32.2,20.2,0,0.00,0.0
2023-06-28T01:00,30.4,57,21.0,31.7,20.4,0,0.00,0.0
2023-06-28T02:00,29.9,59,21.0,31.6,18.2,0,0.00,0.0
2023-06-28T03:00,29.2,62,21.2,31.4,15.4,0,0.00,0.0
2023-06-28T04:00,28.5,67,21.8,31.2,14.3,0,0.00,0.0
2023-06-28T05:00,28.0,72,22.4,31.1,13.8,0,0.00,0.0
2023-06-28T06:00,27.3,76,22.7,30.6,14.1,0,0.00,0.0
2023-06-28T07:00,26.5,73,21.3,29.0,14.6,0,0.00,14.0
2023-06-28T08:00,27.8,69,21.7,31.2,9.5,0,0.00,144.0
2023-06-28T09:00,29.3,64,21.8,32.0,14.2,0,0.00,337.0
2023-06-28T10:00,31.0,58,21.7,33.4,15.5,0,0.00,536.0
2023-06-28T11:00,32.8,51,21.5,36.0,15.5,0,0.00,715.0
2023-06-28T12:00,34.7,46,21.2,38.3,16.6,0,0.00,856.0
2023-06-28T13:00,36.4,40,20.6,39.9,18.4,0,0.00,948.0
2023-06-28T14:00,38.0,34,19.6,41.0,18.8,0,0.00,981.0
2023-06-28T15:00,39.0,30,18.5,41.5,18.7,0,0.00,953.0
2023-06-28T16:00,39.5,28,17.5,41.0,19.5,0,0.00,865.0
2023-06-28T17:00,39.7,26,16.4,39.6,21.0,0,0.00,726.0
2023-06-28T18:00,39.0,26,15.8,37.8,21.4,0,0.00,550.0
2023-06-28T19:00,36.0,36,18.7,36.7,17.2,0,0.00,350.0
2023-06-28T20:00,33.7,46,20.6,35.0,19.5,0,0.00,153.0
2023-06-28T21:00,32.2,48,19.8,32.8,21.1,0,0.00,17.0
2023-06-28T22:00,31.4,49,19.5,32.2,19.4,0,0.00,0.0
2023-06-28T23:00,30.5,53,19.9,31.8,17.3,0,0.00,0.0
2023-06-29T00:00,29.6,59,20.6,31.4,16.6,0,0.00,0.0
2023-06-29T01:00,28.9,64,21.4,30.9,17.4,0,0.00,0.0
2023-06-29T02:00,28.5,64,21.2,30.6,16.9,0,0.00,0.0
2023-06-29T03:00,28.2,65,21.0,30.3,16.3,1,0.00,0.0
2023-06-29T04:00,28.0,65,20.9,29.9,16.3,1,0.00,0.0
2023-06-29T05:00,27.6,67,21.0,29.7,15.9,1,0.00,0.0
2023-06-29T06:00,27.1,71,21.4,29.5,14.6,1,0.00,0.0
2023-06-29T07:00,27.0,73,21.8,29.6,15.0,1,0.00,14.0
2023-06-29T08:00,28.2,70,22.1,31.0,14.8,1,0.00,141.0
2023-06-29T09:00,29.8,63,22.0,32.3,16.1,1,0.00,335.0
2023-06-29T10:00,31.5,58,22.1,34.4,13.9,1,0.00,534.0
2023-06-29T11:00,33.2,51,21.7,36.9,12.9,0,0.00,712.0
2023-06-29T12:00,34.7,46,21.2,38.7,14.0,0,0.00,852.0
2023-06-29T13:00,36.0,40,20.4,40.1,14.2,0,0.00,941.0
2023-06-29T14:00,37.2,36,19.5,41.1,14.0,0,0.00,973.0
2023-06-29T15:00,38.2,32,18.4,41.0,15.5,0,0.00,944.0
2023-06-29T16:00,38.8,28,17.2,40.5,16.9,0,0.00,856.0
2023-06-29T17:00,38.9,28,17.1,39.5,19.0,0,0.00,718.0
2023-06-29T18:00,38.1,29,17.1,37.1,24.0,0,0.00,542.0
2023-06-29T19:00,35.8,36,18.2,35.8,20.7,0,0.00,344.0
2023-06-29T20:00,33.8,46,20.5,35.0,20.4,1,0.00,150.0
2023-06-29T21:00,32.8,47,19.9,33.6,20.4,2,0.00,16.0
2023-06-29T22:00,31.9,52,20.8,33.8,16.0,3,0.00,0.0
2023-06-29T23:00,31.0,58,21.8,33.1,18.1,3,0.00,0.0
2023-06-30T00:00,30.4,58,21.4,32.2,18.9,1,0.00,0.0
2023-06-30T01:00,29.8,59,21.0,31.5,18.0,1,0.00,0.0
2023-06-30T02:00,29.5,60,20.8,31.3,16.9,1,0.00,0.0
2023-06-30T03:00,29.1,61,20.8,31.1,15.5,1,0.00,0.0
2023-06-30T04:00,28.7,62,20.6,30.8,14.1,1,0.00,0.0
2023-06-30T05:00,28.0,62,20.0,29.9,12.9,0,0.00,0.0
2023-06-30T06:00,27.2,63,19.5,29.0,12.6,0,0.00,0.0
2023-06-30T07:00,26.5,66,19.6,28.6,10.9,0,0.00,13.0
2023-06-30T08:00,27.5,62,19.5,29.4,11.5,0,0.00,140.0
2023-06-30T09:00,28.6,59,19.8,30.3,13.9,21,0.00,335.0
2023-06-30T10:00,30.0,57,20.5,32.3,13.1,77,0.00,531.0
2023-06-30T11:00,31.5,53,20.7,34.8,11.4,64,0.00,682.0
2023-06-30T12:00,33.0,48,20.5,36.6,14.2,8,0.00,835.0
2023-06-30T13:00,34.4,43,20.0,37.9,16.5,32,0.00,935.0
2023-06-30T14:00,35.5,39,19.4,38.5,17.9,42,0.00,967.0
2023-06-30T15:00,36.4,36,18.8,38.7,19.8,3,0.00,939.0
2023-06-30T16:00,37.0,33,18.2,38.4,20.7,45,0.00,858.0
2023-06-30T17:00,37.0,33,18.0,37.8,20.1,7,0.00,712.0
2023-06-30T18:00,36.8,33,17.7,36.5,21.1,16,0.00,540.0
2023-06-30T19:00,34.2,43,19.9,34.8,21.6,82,0.00,346.0
2023-06-30T20:00,33.2,48,20.5,34.6,18.5,100,0.00,147.0
2023-06-30T21:00,32.2,52,21.3,34.3,16.8,100,0.00,11.0
2023-06-30T22:00,31.0,58,21.9,33.3,17.2,100,0.00,0.0
2023-06-30T23:00,30.5,60,21.9,33.1,16.1,100,0.00,0.0
2023-07-01T00:00,30.1,60,21.6,32.5,15.8,100,0.00,0.0
2023-07-01T01:00,29.8,62,21.6,31.9,17.6,100,0.00,0.0
2023-07-01T02:00,29.6,62,21.5,31.8,17.0,100,0.00,0.0
2023-07-01T03:00,29.5,61,21.2,31.5,17.2,100,0.00,0.0
2023-07-01T04:00,29.2,61,21.0,30.5,20.8,100,0.00,0.0
2023-07-01T05:00,28.9,60,20.4,29.8,21.3,100,0.00,0.0
2023-07-01T06:00,28.4,58,19.4,28.9,20.5,100,0.00,0.0
2023-07-01T07:00,27.3,65,20.2,29.5,12.0,100,0.00,9.0
2023-07-01T08:00,27.8,67,21.0,31.0,7.8,91,0.00,87.0
2023-07-01T09:00,29.5,59,20.6,31.9,12.0,96,0.00,304.0
2023-07-01T10:00,30.5,54,20.1,32.4,13.8,89,0.00,309.0
2023-07-01T11:00,31.0,53,20.4,32.9,15.3,100,0.00,547.0
2023-07-01T12:00,30.4,54,20.2,32.8,10.8,99,0.00,391.0
2023-07-01T13:00,31.5,52,20.4,35.7,4.7,89,0.00,678.0
2023-07-01T14:00,32.4,49,20.4,37.1,2.5,100,0.00,709.0
2023-07-01T15:00,33.0,46,20.0,35.7,8.3,100,0.00,501.0
2023-07-01T16:00,32.8,47,19.9,35.7,6.7,100,0.00,223.0
2023-07-01T17:00,33.2,46,20.0,36.5,3.8,100,0.00,237.0
2023-07-01T18:00,33.5,45,20.0,36.9,2.8,100,0.00,223.0
2023-07-01T19:00,30.8,44,17.2,31.1,15.2,92,0.00,196.0
2023-07-01T20:00,27.0,67,20.2,29.3,11.4,100,0.00,66.0
2023-07-01T21:00,25.9,71,20.3,28.5,9.5,100,0.00,10.0
2023-07-01T22:00,25.5,72,20.0,27.2,14.3,100,0.00,0.0
2023-07-01T23:00,25.1,72,19.6,27.0,12.6,100,0.00,0.0
2023-07-02T00:00,24.9,74,19.9,27.5,8.0,100,0.00,0.0
2023-07-02T01:00,24.4,77,20.1,27.7,3.5,100,0.00,0.0
2023-07-02T02:00,24.1,77,20.0,27.0,6.9,99,0.00,0.0
2023-07-02T03:00,23.7,80,20.0,26.5,6.8,61,0.00,0.0
2023-07-02T04:00,23.0,85,20.2,26.2,4.7,31,0.00,0.0
2023-07-02T05:00,22.5,88,20.4,25.9,4.7,0,0.00,0.0
2023-07-02T06:00,22.4,89,20.5,25.7,5.4,3,0.00,0.0
2023-07-02T07:00,23.0,74,18.2,23.9,14.9,34,0.00,12.0
2023-07-02T08:00,24.1,73,19.0,25.9,11.1,97,0.20,85.0
2023-07-02T09:00,23.6,78,19.6,25.3,14.2,98,3.10,126.0
2023-07-02T10:00,24.9,75,20.0,26.9,12.7,85,0.40,205.0
2023-07-02T11:00,27.8,66,20.7,29.6,17.8,99,0.00,593.0
2023-07-02T12:00,29.3,60,20.6,32.3,13.2,100,0.00,679.0
2023-07-02T13:00,29.4,59,20.6,31.8,12.3,92,0.00,535.0
2023-07-02T14:00,31.1,56,21.3,36.1,12.2,81,0.00,951.0
2023-07-02T15:00,32.0,53,21.3,36.1,9.4,84,0.00,710.0
2023-07-02T16:00,33.3,48,20.9,37.9,7.2,99,0.00,765.0
2023-07-02T17:00,33.2,49,21.0,36.2,9.4,99,0.00,545.0
2023-07-02T18:00,31.9,57,22.4,34.9,14.2,99,0.00,410.0
2023-07-02T19:00,31.9,54,21.4,34.7,12.0,100,0.00,226.0
2023-07-02T20:00,31.3,56,21.4,34.8,7.0,44,0.00,134.0
2023-07-02T21:00,29.3,61,21.0,32.5,7.9,0,0.00,16.0
2023-07-02T22:00,28.2,62,20.3,30.7,10.4,0,0.00,0.0
2023-07-02T23:00,27.2,66,20.2,30.3,6.4,0,0.00,0.0
2023-07-03T00:00,26.4,72,21.0,29.7,6.6,0,0.00,0.0
2023-07-03T01:00,25.6,77,21.2,28.9,7.9,0,0.00,0.0
2023-07-03T02:00,25.3,81,21.9,28.9,8.4,0,0.00,0.0
2023-07-03T03:00,24.9,87,22.6,29.1,7.7,72,0.00,0.0
2023-07-03T04:00,24.7,90,23.0,29.4,5.7,94,0.00,0.0
2023-07-03T05:00,24.4,91,22.9,28.9,6.4,26,0.00,0.0
2023-07-03T06:00,24.0,91,22.5,28.1,8.2,0,0.00,0.0
2023-07-03T07:00,26.9,70,21.0,29.0,15.3,0,0.00,12.0
2023-07-03T08:00,26.3,79,22.4,28.6,19.4,75,0.10,97.0
2023-07-03T09:00,27.8,69,21.7,30.9,11.5,52,0.00,203.0
2023-07-03T10:00,31.4,53,20.8,33.5,15.1,21,0.00,396.0
2023-07-03T11:00,33.4,47,20.6,36.3,13.7,55,0.00,674.0
2023-07-03T12:00,35.0,38,18.6,38.0,11.8,67,0.00,833.0
2023-07-03T13:00,35.9,36,18.4,39.7,9.2,56,0.00,903.0
2023-07-03T14:00,36.2,34,18.0,39.0,13.6,51,0.00,890.0
2023-07-03T15:00,34.2,39,18.4,36.5,14.9,52,0.00,812.0
2023-07-03T16:00,34.8,39,18.7,37.0,14.4,36,0.00,746.0
2023-07-03T17:00,34.4,39,18.4,35.8,15.5,95,0.00,664.0
2023-07-03T18:00,34.3,38,17.9,35.0,14.9,100,0.00,513.0
2023-07-03T19:00,31.7,46,18.6,33.4,10.5,100,0.00,283.0
2023-07-03T20:00,30.2,59,21.4,33.2,11.0,23,0.00,73.0
2023-07-03T21:00,29.7,61,21.2,31.6,17.7,58,0.00,14.0
2023-07-03T22:00,25.6,85,23.0,27.0,27.7,91,2.50,0.0
2023-07-03T23:00,25.4,86,22.9,27.1,24.8,53,4.60,0.0
2023-07-04T00:00,23.8,84,21.0,24.9,22.3,14,0.10,0.0
2023-07-04T01:00,23.4,89,21.4,26.4,10.6,20,0.00,0.0
2023-07-04T02:00,23.9,90,22.1,27.2,11.3,3,0.00,0.0
2023-07-04T03:00,24.0,91,22.4,27.5,11.3,7,0.00,0.0
2023-07-04T04:00,24.1,88,22.0,27.4,11.2,0,0.00,0.0
2023-07-04T05:00,24.1,88,22.0,27.8,8.8,1,0.00,0.0
2023-07-04T06:00,24.1,88,22.0,27.9,7.6,7,0.00,0.0
2023-07-04T07:00,24.2,88,22.0,27.3,12.6,21,0.00,11.0
2023-07-04T08:00,24.7,89,22.8,28.5,10.6,36,0.80,59.0
2023-07-04T09:00,27.2,81,23.6,31.9,8.0,11,0.10,280.0
2023-07-04T10:00,29.4,71,23.5,33.9,8.8,8,0.00,517.0
2023-07-04T11:00,31.4,61,23.0,36.4,8.5,10,0.00,685.0
2023-07-04T12:00,32.0,60,23.2,38.0,8.0,6,0.10,815.0
2023-07-04T13:00,32.7,55,22.5,36.9,16.6,11,0.00,824.0
2023-07-04T14:00,32.2,56,22.4,36.1,19.1,24,0.00,865.0
2023-07-04T15:00,34.2,48,21.5,38.1,16.3,19,0.00,868.0
2023-07-04T16:00,34.5,44,20.5,37.1,17.7,44,0.30,760.0
2023-07-04T17:00,34.0,46,20.7,35.8,16.5,76,0.50,544.0
2023-07-04T18:00,33.1,51,21.5,35.0,18.6,63,0.60,470.0
2023-07-04T19:00,35.5,34,17.2,35.2,19.9,80,0.00,269.0
2023-07-04T20:00,31.0,55,21.0,32.5,19.7,97,0.20,104.0
2023-07-04T21:00,30.8,56,21.0,32.2,20.2,5,0.00,14.0
2023-07-04T22:00,29.8,61,21.5,32.0,16.8,44,0.00,0.0
2023-07-04T23:00,29.2,64,21.8,31.9,15.0,94,0.00,0.0
2023-07-05T00:00,29.0,66,22.0,32.1,12.8,94,0.00,0.0
2023-07-05T01:00,28.5,68,22.0,32.3,8.2,80,0.00,0.0
2023-07-05T02:00,28.0,69,21.8,31.5,9.2,65,0.00,0.0
2023-07-05T03:00,27.6,70,21.8,30.5,13.5,67,0.00,0.0
2023-07-05T04:00,27.5,69,21.2,30.1,13.7,0,0.00,0.0
2023-07-05T05:00,27.2,68,20.9,29.9,11.2,0,0.00,0.0
2023-07-05T06:00,26.7,70,20.9,29.6,9.7,0,0.00,0.0
2023-07-05T07:00,26.1,79,22.2,29.8,9.7,0,0.00,11.0
2023-07-05T08:00,27.8,74,22.6,31.5,10.9,0,0.00,129.0
2023-07-05T09:00,29.5,67,22.8,32.5,15.8,0,0.00,317.0
2023-07-05T10:00,31.0,62,22.9,34.5,12.7,1,0.00,514.0
2023-07-05T11:00,32.3,56,22.5,37.2,8.0,14,0.00,690.0
2023-07-05T12:00,32.9,55,22.8,39.2,4.2,25,0.10,793.0
2023-07-05T13:00,33.5,53,22.8,40.0,4.9,20,0.10,830.0
2023-07-05T14:00,34.7,50,22.5,40.6,9.4,28,0.00,901.0
2023-07-05T15:00,35.0,47,22.1,40.6,9.5,39,0.00,889.0
2023-07-05T16:00,35.2,45,21.4,39.5,8.7,30,0.00,733.0
2023-07-05T17:00,35.1,44,21.0,38.6,9.2,7,0.00,628.0
2023-07-05T18:00,35.1,43,20.6,37.9,9.0,37,0.00,483.0
2023-07-05T19:00,33.5,47,20.7,36.6,8.2,53,0.00,243.0
2023-07-05T20:00,32.8,50,21.1,35.0,15.0,32,0.00,132.0
2023-07-05T21:00,31.4,57,21.8,33.9,15.3,4,0.00,13.0
2023-07-05T22:00,30.0,61,21.5,32.3,15.9,6,0.00,0.0
2023-07-05T23:00,29.8,65,22.5,32.5,17.2,2,0.00,0.0
2023-07-06T00:00,29.5,66,22.6,32.4,15.9,6,0.00,0.0
2023-07-06T01:00,29.2,66,22.3,32.2,14.0,8,0.00,0.0
2023-07-06T02:00,28.7,66,21.7,31.5,13.4,10,0.00,0.0
2023-07-06T03:00,28.1,66,21.1,30.6,13.7,36,0.00,0.0
2023-07-06T04:00,27.5,68,21.1,30.1,11.9,98,0.00,0.0
2023-07-06T05:00,27.0,71,21.2,29.8,11.2,0,0.00,0.0
2023-07-06T06:00,26.3,74,21.4,29.6,8.6,0,0.00,0.0
2023-07-06T07:00,26.0,76,21.4,29.1,10.2,0,0.00,11.0
2023-07-06T08:00,27.6,71,21.9,31.4,6.8,74,0.00,125.0
2023-07-06T09:00,29.4,63,21.8,32.8,9.3,77,0.00,299.0
2023-07-06T10:00,30.7,59,21.6,34.6,5.9,0,0.00,427.0
2023-07-06T11:00,32.5,52,21.5,36.9,6.6,2,0.00,688.0
2023-07-06T12:00,33.8,49,21.5,39.6,4.3,15,0.00,840.0
2023-07-06T13:00,33.8,49,21.7,39.6,6.2,49,0.00,851.0
2023-07-06T14:00,34.8,47,21.7,39.6,12.1,23,0.00,879.0
2023-07-06T15:00,35.1,45,21.3,39.7,11.6,29,0.00,859.0
2023-07-06T16:00,35.1,42,20.4,38.9,10.9,17,0.00,792.0
2023-07-06T17:00,35.2,40,19.6,37.7,12.8,47,0.00,665.0
2023-07-06T18:00,34.8,40,19.3,35.5,18.9,38,0.00,490.0
2023-07-06T19:00,27.5,72,22.0,30.2,15.3,90,0.00,275.0
2023-07-06T20:00,29.2,67,22.6,33.9,4.3,100,0.00,38.0
2023-07-06T21:00,28.5,69,22.2,31.5,13.6,95,0.00,11.0
2023-07-06T22:00,27.7,70,21.8,30.8,11.5,100,0.00,0.0
2023-07-06T23:00,27.9,71,22.2,31.0,13.2,96,0.00,0.0
2023-07-07T00:00,27.7,72,22.3,31.2,10.8,70,0.00,0.0
2023-07-07T01:00,27.0,75,22.2,30.5,10.7,3,0.00,0.0
2023-07-07T02:00,26.6,76,22.1,30.1,10.0,0,0.00,0.0
2023-07-07T03:00,26.4,74,21.5,29.5,10.7,0,0.00,0.0
2023-07-07T04:00,26.0,74,21.0,28.9,9.7,0,0.00,0.0
2023-07-07T05:00,25.6,76,21.1,28.0,14.4,0,0.00,0.0
2023-07-07T06:00,25.3,80,21.5,28.0,13.8,0,0.00,0.0
2023-07-07T07:00,25.2,79,21.4,27.7,14.1,0,0.00,10.0
2023-07-07T08:00,26.4,75,21.6,29.3,12.1,0,0.00,129.0
2023-07-07T09:00,28.0,67,21.4,30.0,17.8,28,0.00,314.0
2023-07-07T10:00,29.6,59,20.9,31.6,16.5,100,0.00,462.0
2023-07-07T11:00,30.6,55,20.6,33.2,10.9,100,0.00,446.0
2023-07-07T12:00,32.2,49,20.3,34.9,12.7,100,0.00,654.0
2023-07-07T13:00,32.9,47,20.2,35.1,18.4,56,0.00,724.0
2023-07-07T14:00,34.2,43,19.9,36.5,20.5,10,0.00,852.0
2023-07-07T15:00,35.1,41,19.8,36.8,25.1,1,0.00,904.0
2023-07-07T16:00,35.5,41,20.1,37.1,25.3,1,0.00,849.0
2023-07-07T17:00,35.5,41,20.3,36.6,24.6,1,0.00,711.0
2023-07-07T18:00,35.5,40,19.9,35.9,23.5,2,0.00,536.0
2023-07-07T19:00,33.7,45,19.9,34.3,21.6,20,0.00,340.0
2023-07-07T20:00,33.1,47,20.1,34.7,16.0,53,0.00,147.0
2023-07-07T21:00,31.7,51,20.4,34.3,9.7,100,0.00,16.0
2023-07-07T22:00,31.1,54,20.7,33.2,14.7,100,0.00,0.0
2023-07-07T23:00,30.6,56,20.8,33.5,9.0,100,0.00,0.0
2023-07-08T00:00,29.8,59,21.0,32.5,11.4,28,0.00,0.0
2023-07-08T01:00,29.1,63,21.5,31.7,13.7,9,0.00,0.0
2023-07-08T02:00,28.6,67,21.8,31.4,13.9,18,0.00,0.0
2023-07-08T03:00,28.0,70,22.0,30.4,17.5,89,0.00,0.0
2023-07-08T04:00,27.7,71,22.0,29.7,20.2,51,0.00,0.0
2023-07-08T05:00,27.2,72,21.9,29.1,20.3,95,0.00,0.0
2023-07-08T06:00,27.2,72,21.8,29.3,18.7,57,0.00,0.0
2023-07-08T07:00,27.4,75,22.5,30.6,13.3,72,0.00,8.0
2023-07-08T08:00,28.4,70,22.5,31.8,11.9,100,0.00,78.0
2023-07-08T09:00,28.2,71,22.4,31.8,10.5,100,0.10,60.0
2023-07-08T10:00,29.2,68,22.7,32.6,12.9,69,0.20,217.0
2023-07-08T11:00,31.4,60,22.7,35.1,11.2,41,0.00,451.0
2023-07-08T12:00,32.8,54,22.5,38.6,4.9,35,0.10,748.0
2023-07-08T13:00,33.7,52,22.5,40.3,2.2,47,0.00,806.0
2023-07-08T14:00,34.5,49,22.2,39.8,8.2,23,0.00,800.0
2023-07-08T15:00,35.3,45,21.5,40.2,10.6,48,0.00,864.0
2023-07-08T16:00,35.5,43,20.9,38.9,10.7,23,0.00,683.0
2023-07-08T17:00,36.2,40,20.6,39.9,7.0,33,0.00,643.0
2023-07-08T18:00,36.0,40,20.2,38.7,8.6,30,0.00,464.0
2023-07-08T19:00,35.8,38,19.4,38.7,4.8,37,0.00,308.0
2023-07-08T20:00,31.2,63,23.2,34.4,16.8,98,1.70,122.0
2023-07-08T21:00,26.4,88,24.2,30.0,18.1,19,2.30,6.0
2023-07-08T22:00,25.8,87,23.4,29.5,13.9,0,0.90,0.0
2023-07-08T23:00,25.9,88,23.7,30.5,8.7,0,0.00,0.0
2023-07-09T00:00,26.1,84,23.1,29.8,13.5,0,0.00,0.0
2023-07-09T01:00,26.2,77,22.0,28.9,15.3,1,0.00,0.0
2023-07-09T02:00,26.0,78,21.9,29.0,13.1,2,0.00,0.0
2023-07-09T03:00,26.1,77,21.9,29.0,13.7,57,0.00,0.0
2023-07-09T04:00,26.7,77,22.2,29.5,15.5,2,0.00,0.0
2023-07-09T05:00,26.9,78,22.6,29.5,18.4,1,0.00,0.0
2023-07-09T06:00,27.3,76,22.8,29.8,19.4,0,0.00,0.0
2023-07-09T07:00,26.7,87,24.4,30.9,14.5,1,0.00,10.0
2023-07-09T08:00,25.4,93,24.2,30.0,11.0,100,11.90,39.0
2023-07-09T09:00,26.5,86,24.0,31.6,6.5,99,0.30,79.0
2023-07-09T10:00,26.4,83,23.2,29.8,14.6,99,3.20,134.0
2023-07-09T11:00,25.5,85,22.8,30.2,4.5,34,4.90,94.0
2023-07-09T12:00,27.5,76,22.9,32.4,4.0,54,0.10,480.0
2023-07-09T13:00,29.8,67,23.0,35.8,3.4,100,0.00,707.0
2023-07-09T14:00,30.1,67,23.4,34.3,10.6,74,0.00,423.0
2023-07-09T15:00,31.8,64,24.1,39.5,2.3,0,0.00,846.0
2023-07-09T16:00,32.2,62,24.0,38.9,7.6,17,0.00,837.0
2023-07-09T17:00,32.5,60,23.6,37.3,10.3,33,0.00,634.0
2023-07-09T18:00,30.3,68,23.7,34.3,13.0,51,1.90,447.0
2023-07-09T19:00,32.0,54,21.5,34.1,17.1,51,0.00,231.0
2023-07-09T20:00,30.2,59,21.2,32.0,18.3,17,0.00,143.0
2023-07-09T21:00,28.5,70,22.6,32.5,8.9,85,0.60,13.0
2023-07-09T22:00,27.5,79,23.5,31.4,12.6,40,2.90,0.0
2023-07-09T23:00,26.6,84,23.6,30.7,12.3,69,2.50,0.0
2023-07-10T00:00,25.5,86,23.0,29.3,12.0,74,0.60,0.0
2023-07-10T01:00,25.3,88,23.1,29.4,10.1,43,1.00,0.0
2023-07-10T02:00,24.8,88,22.7,28.3,12.3,23,0.00,0.0
2023-07-10T03:00,24.5,87,22.1,27.9,10.5,41,0.00,0.0
2023-07-10T04:00,24.4,87,22.0,28.6,5.1,49,0.00,0.0
2023-07-10T05:00,24.5,88,22.4,29.2,2.7,21,0.00,0.0
2023-07-10T06:00,24.0,91,22.5,28.7,3.8,42,0.00,0.0
2023-07-10T07:00,24.1,91,22.6,27.2,14.8,14,0.00,8.0
2023-07-10T08:00,24.8,86,22.2,28.3,11.0,51,4.70,81.0
2023-07-10T09:00,26.2,82,22.9,30.0,11.3,82,0.00,225.0
2023-07-10T10:00,26.6,79,22.6,30.5,9.8,100,0.00,247.0
2023-07-10T11:00,26.9,77,22.5,30.6,9.9,100,0.10,251.0
2023-07-10T12:00,27.5,75,22.6,31.4,9.2,89,0.00,329.0
2023-07-10T13:00,29.1,70,23.1,33.8,7.6,100,0.00,582.0
2023-07-10T14:00,30.6,66,23.5,36.0,6.4,100,0.00,635.0
2023-07-10T15:00,31.4,64,23.8,36.6,5.1,96,0.00,468.0
2023-07-10T16:00,32.1,63,24.2,37.9,3.5,100,0.00,573.0
2023-07-10T17:00,32.3,62,24.2,38.1,3.3,54,0.00,384.0
2023-07-10T18:00,32.8,61,24.2,38.6,3.0,56,0.00,420.0
2023-07-10T19:00,25.4,84,22.5,27.9,18.9,52,0.00,286.0
2023-07-10T20:00,26.0,82,22.8,31.0,2.6,68,5.30,30.0
2023-07-10T21:00,25.9,86,23.2,29.5,13.9,6,0.00,13.0
2023-07-10T22:00,26.2,84,23.3,31.1,5.6,66,0.00,0.0
2023-07-10T23:00,26.1,85,23.5,30.7,8.6,68,0.00,0.0
2023-07-11T00:00,25.9,88,23.7,30.0,12.4,2,0.00,0.0
2023-07-11T01:00,25.8,87,23.5,29.5,13.7,32,0.00,0.0
2023-07-11T02:00,25.7,86,23.1,29.3,13.3,10,0.00,0.0
2023-07-11T03:00,25.8,86,23.3,29.6,12.6,0,0.00,0.0
2023-07-11T04:00,26.4,82,23.1,30.5,10.3,0,0.00,0.0
2023-07-11T05:00,26.0,82,22.8,30.7,4.2,16,0.00,0.0
2023-07-11T06:00,26.2,82,23.0,29.8,13.5,22,0.00,0.0
2023-07-11T07:00,27.1,75,22.2,30.4,12.2,50,0.00,8.0
2023-07-11T08:00,26.1,81,22.6,28.2,22.1,100,7.70,37.0
2023-07-11T09:00,25.0,89,23.0,28.0,17.2,100,4.60,62.0
2023-07-11T10:00,24.5,81,21.1,25.6,23.1,100,1.60,99.0
2023-07-11T11:00,23.9,79,20.0,25.9,12.6,100,0.00,109.0
2023-07-11T12:00,26.6,76,22.0,30.3,9.2,100,0.00,388.0
2023-07-11T13:00,27.9,76,23.3,31.7,12.2,99,0.30,432.0
2023-07-11T14:00,30.5,71,24.8,35.2,20.6,100,0.10,766.0
2023-07-11T15:00,32.9,63,24.8,38.0,20.0,100,0.00,838.0
2023-07-11T16:00,33.0,64,25.2,37.7,19.8,99,0.00,680.0
2023-07-11T17:00,33.7,62,25.3,38.6,16.3,100,0.00,631.0
2023-07-11T18:00,33.7,61,25.2,38.4,14.5,100,0.00,484.0
2023-07-11T19:00,35.2,49,23.0,39.4,8.9,100,0.00,256.0
2023-07-11T20:00,33.2,58,23.8,36.1,20.7,16,0.00,124.0
2023-07-11T21:00,30.7,65,23.3,35.4,6.4,2,0.00,14.0
2023-07-11T22:00,29.5,71,23.7,34.4,6.6,4,0.00,0.0
2023-07-11T23:00,29.4,73,24.1,33.9,10.8,6,0.00,0.0
2023-07-12T00:00,29.0,79,24.9,33.7,13.3,1,0.00,0.0
2023-07-12T01:00,28.6,79,24.6,33.7,10.2,0,0.00,0.0
2023-07-12T02:00,28.6,74,23.5,32.9,10.6,0,0.00,0.0
2023-07-12T03:00,29.0,65,21.8,32.0,12.5,0,0.00,0.0
2023-07-12T04:00,29.2,65,22.1,31.9,15.7,0,0.00,0.0
2023-07-12T05:00,29.0,68,22.5,31.9,15.9,0,0.00,0.0
2023-07-12T06:00,28.5,70,22.4,31.3,16.2,0,0.00,0.0
2023-07-12T07:00,27.6,69,21.4,30.0,14.9,0,0.00,9.0
2023-07-12T08:00,28.9,65,21.5,31.6,13.4,0,0.00,122.0
2023-07-12T09:00,30.6,59,21.6,33.0,15.5,0,0.00,312.0
2023-07-12T10:00,32.1,55,22.0,34.8,15.6,0,0.00,510.0
2023-07-12T11:00,33.3,54,22.6,36.8,17.7,0,0.00,688.0
2023-07-12T12:00,34.7,51,23.0,38.6,20.2,0,0.00,831.0
2023-07-12T13:00,36.3,45,22.6,40.3,21.7,0,0.00,925.0
2023-07-12T14:00,37.8,39,21.6,41.3,22.1,0,0.00,962.0
2023-07-12T15:00,38.9,36,21.0,41.9,22.3,0,0.00,938.0
2023-07-12T16:00,39.3,35,21.0,41.9,22.7,0,0.00,853.0
2023-07-12T17:00,39.4,34,20.8,40.9,23.9,0,0.00,718.0
2023-07-12T18:00,39.2,33,19.8,39.1,26.2,0,0.00,541.0
2023-07-12T19:00,38.5,33,19.5,39.4,18.3,1,0.00,343.0
2023-07-12T20:00,36.4,43,21.8,38.7,17.1,0,0.00,146.0
2023-07-12T21:00,34.2,49,22.0,36.8,16.6,0,0.00,15.0
2023-07-12T22:00,32.7,55,22.5,35.4,16.8,0,0.00,0.0
2023-07-12T23:00,32.8,51,21.4,34.3,21.4,0,0.00,0.0
2023-07-13T00:00,32.4,53,21.7,34.3,19.6,0,0.00,0.0
2023-07-13T01:00,32.1,55,21.8,33.5,23.6,12,0.00,0.0
2023-07-13T02:00,31.6,55,21.6,32.8,24.2,13,0.00,0.0
2023-07-13T03:00,30.4,65,23.0,31.9,26.8,0,0.00,0.0
2023-07-13T04:00,29.1,71,23.4,31.1,25.8,2,0.00,0.0
2023-07-13T05:00,28.5,73,23.2,31.4,18.9,36,0.00,0.0
2023-07-13T06:00,28.1,73,22.8,30.9,17.7,24,0.00,0.0
2023-07-13T07:00,27.6,79,23.5,30.8,18.1,27,0.00,7.0
2023-07-13T08:00,28.5,75,23.6,32.9,9.6,98,0.00,99.0
2023-07-13T09:00,29.3,71,23.5,32.2,19.8,100,0.00,172.0
2023-07-13T10:00,29.5,71,23.7,32.1,22.8,100,0.00,139.0
2023-07-13T11:00,30.8,67,23.8,34.4,15.8,88,0.00,234.0
2023-07-13T12:00,33.3,57,23.6,36.8,19.1,37,0.00,634.0
2023-07-13T13:00,35.4,50,23.5,39.7,21.6,9,0.00,896.0
2023-07-13T14:00,37.0,44,22.9,40.8,23.5,0,0.00,959.0
2023-07-13T15:00,38.2,40,22.1,42.0,21.2,0,0.00,933.0
2023-07-13T16:00,39.2,35,20.7,41.9,20.1,0,0.00,846.0
2023-07-13T17:00,39.3,33,19.9,40.8,21.5,2,0.00,714.0
2023-07-13T18:00,39.5,30,18.5,39.7,19.9,7,0.00,535.0
2023-07-13T19:00,39.6,30,19.0,40.0,19.9,15,0.00,333.0
2023-07-13T20:00,37.5,35,19.6,38.8,16.7,80,0.00,125.0
2023-07-13T21:00,33.8,47,20.9,35.8,16.3,100,0.00,13.0
2023-07-13T22:00,32.4,53,21.6,34.3,19.0,100,0.00,0.0
2023-07-13T23:00,33.5,48,21.1,34.9,21.2,100,0.00,0.0
2023-07-14T00:00,33.6,47,20.8,34.4,23.5,100,0.00,0.0
2023-07-14T01:00,32.9,47,20.1,33.6,22.0,100,0.00,0.0
2023-07-14T02:00,32.2,47,19.6,32.3,24.2,99,0.00,0.0
2023-07-14T03:00,31.0,56,21.1,31.8,24.2,90,0.00,0.0
2023-07-14T04:00,30.1,63,22.3,31.9,22.7,100,0.00,0.0
2023-07-14T05:00,29.5,67,22.8,31.8,21.4,5,0.00,0.0
2023-07-14T06:00,28.9,71,23.0,31.7,18.8,14,0.00,0.0
2023-07-14T07:00,27.1,82,23.9,30.8,15.8,38,0.00,7.0
2023-07-14T08:00,28.9,75,23.9,32.4,17.3,84,0.00,78.0
2023-07-14T09:00,30.8,67,24.0,34.2,18.1,97,0.00,262.0
2023-07-14T10:00,32.4,60,23.6,35.4,19.2,100,0.00,403.0
2023-07-14T11:00,34.2,52,22.9,37.5,15.6,99,0.00,593.0
2023-07-14T12:00,35.3,45,21.6,38.5,15.0,93,0.00,677.0
2023-07-14T13:00,36.5,39,20.4,39.9,15.1,65,0.00,847.0
2023-07-14T14:00,37.9,35,19.6,41.4,15.2,97,0.00,941.0
2023-07-14T15:00,38.9,31,18.7,41.8,15.0,79,0.00,908.0
2023-07-14T16:00,39.3,28,17.4,40.5,16.3,81,0.00,728.0
2023-07-14T17:00,39.7,26,16.5,39.8,18.1,7,0.00,656.0
2023-07-14T18:00,39.5,25,15.8,38.6,20.1,19,0.00,532.0
2023-07-14T19:00,38.5,29,17.1,38.0,20.4,9,0.00,319.0
2023-07-14T20:00,36.5,35,18.5,37.1,17.2,26,0.00,110.0
2023-07-14T21:00,34.5,42,19.6,35.4,18.4,43,0.00,13.0
2023-07-14T22:00,33.6,46,20.5,34.7,20.8,60,0.00,0.0
2023-07-14T23:00,33.3,48,20.9,34.6,20.8,61,0.00,0.0
2023-07-15T00:00,32.7,51,21.3,34.1,20.9,45,0.00,0.0
2023-07-15T01:00,32.3,50,20.7,33.0,24.6,50,0.00,0.0
2023-07-15T02:00,31.6,48,19.2,31.8,23.0,53,0.00,0.0
2023-07-15T03:00,31.0,48,18.8,31.3,20.9,22,0.00,0.0
2023-07-15T04:00,29.2,56,19.7,31.1,12.5,62,0.40,0.0
2023-07-15T05:00,27.5,70,21.5,29.8,15.7,55,0.30,0.0
2023-07-15T06:00,27.2,72,21.7,29.9,14.4,37,0.00,0.0
2023-07-15T07:00,27.6,74,22.5,31.0,12.8,12,0.00,7.0
2023-07-15T08:00,29.1,72,23.6,33.1,13.3,9,0.00,111.0
2023-07-15T09:00,30.7,69,24.3,34.6,16.6,2,0.00,295.0
2023-07-15T10:00,32.5,63,24.5,36.9,13.2,2,0.00,494.0
2023-07-15T11:00,34.0,55,23.7,38.8,11.2,12,0.00,639.0
2023-07-15T12:00,35.6,50,23.5,41.5,10.5,83,0.00,829.0
2023-07-15T13:00,36.3,47,23.4,42.5,9.3,90,0.00,866.0
2023-07-15T14:00,36.8,46,23.4,43.3,5.1,99,0.00,794.0
2023-07-15T15:00,37.2,45,23.4,44.6,0.5,100,0.00,801.0
2023-07-15T16:00,36.8,45,23.0,41.9,3.3,97,0.00,560.0
2023-07-15T17:00,36.9,45,22.9,41.5,5.9,98,0.00,507.0
2023-07-15T18:00,35.3,48,22.6,39.9,5.2,77,0.30,266.0
2023-07-15T19:00,33.8,52,22.6,37.4,11.9,67,0.40,238.0
2023-07-15T20:00,33.0,57,23.5,36.5,15.9,4,0.00,136.0
2023-07-15T21:00,32.1,62,23.9,36.2,12.9,4,0.00,13.0
2023-07-15T22:00,30.3,69,24.0,33.7,18.3,11,0.00,0.0
2023-07-15T23:00,29.2,77,24.8,33.7,14.3,6,0.00,0.0
2023-07-16T00:00,28.8,79,24.7,33.4,13.2,14,0.00,0.0
2023-07-16T01:00,28.4,80,24.5,33.0,12.0,8,0.00,0.0
2023-07-16T02:00,28.1,80,24.4,33.0,9.7,22,0.00,0.0
2023-07-16T03:00,27.9,81,24.2,33.2,5.7,32,0.00,0.0
2023-07-16T04:00,27.6,81,24.1,32.7,7.6,20,0.00,0.0
2023-07-16T05:00,27.4,82,24.1,32.4,8.0,10,0.00,0.0
2023-07-16T06:00,27.0,84,24.1,32.3,6.1,4,0.00,0.0
2023-07-16T07:00,25.9,92,24.5,31.0,9.0,4,0.00,6.0
2023-07-16T08:00,25.8,89,23.9,30.8,6.9,100,3.30,50.0
2023-07-16T09:00,24.9,91,23.2,28.7,12.5,100,7.00,52.0
2023-07-16T10:00,24.5,94,23.5,28.7,10.5,100,6.00,51.0
2023-07-16T11:00,26.1,90,24.3,30.4,13.9,100,0.20,144.0
2023-07-16T12:00,28.0,81,24.4,32.6,11.9,100,0.00,323.0
2023-07-16T13:00,29.4,73,24.1,34.4,8.2,99,0.00,435.0
2023-07-16T14:00,31.0,65,23.7,37.1,3.2,100,0.00,640.0
2023-07-16T15:00,31.5,64,23.8,36.8,4.5,100,0.00,537.0
2023-07-16T16:00,32.1,57,22.5,37.1,8.7,41,0.90,729.0
2023-07-16T17:00,32.5,60,23.6,37.3,12.3,13,0.00,689.0
2023-07-16T18:00,32.4,59,23.5,36.3,13.2,7,0.00,507.0
2023-07-16T19:00,30.7,61,22.2,34.3,10.0,3,0.00,324.0
2023-07-16T20:00,29.8,65,22.4,33.2,11.7,6,0.00,140.0
2023-07-16T21:00,28.2,70,22.1,31.2,13.4,1,0.00,13.0
2023-07-16T22:00,27.3,73,22.0,30.1,14.0,0,0.00,0.0
2023-07-16T23:00,26.6,74,21.6,29.0,16.0,0,0.00,0.0
2023-07-17T00:00,26.0,75,21.2,28.3,15.0,0,0.00,0.0
2023-07-17T01:00,25.5,75,20.9,28.0,12.8,0,0.00,0.0
2023-07-17T02:00,25.1,77,20.8,27.9,10.5,0,0.00,0.0
2023-07-17T03:00,24.8,78,20.6,27.6,9.5,0,0.00,0.0
2023-07-17T04:00,24.6,78,20.5,27.2,10.3,0,0.00,0.0
2023-07-17T05:00,24.6,77,20.4,27.3,9.4,0,0.00,0.0
2023-07-17T06:00,24.5,78,20.4,27.3,8.7,0,0.00,0.0
2023-07-17T07:00,24.5,82,21.2,27.8,7.8,0,0.00,7.0
2023-07-17T08:00,26.5,76,21.8,29.9,9.3,0,0.00,116.0
2023-07-17T09:00,29.5,62,21.5,32.9,8.2,0,0.00,308.0
2023-07-17T10:00,32.2,50,20.5,34.7,10.5,0,0.00,509.0
2023-07-17T11:00,34.3,45,20.5,37.4,12.3,0,0.00,691.0
2023-07-17T12:00,36.2,39,20.1,39.6,13.7,0,0.00,834.0
2023-07-17T13:00,37.7,34,19.2,40.9,15.4,0,0.00,928.0
2023-07-17T14:00,38.8,30,18.4,42.0,14.5,0,0.00,964.0
2023-07-17T15:00,39.6,28,17.6,42.5,13.3,5,0.00,939.0
2023-07-17T16:00,40.2,26,16.8,42.3,12.5,16,0.00,842.0
2023-07-17T17:00,40.2,25,16.1,41.0,14.1,70,0.00,693.0
2023-07-17T18:00,39.8,24,15.4,39.3,15.2,58,0.00,469.0
2023-07-17T19:00,38.7,30,18.0,40.5,7.6,46,0.00,278.0
2023-07-17T20:00,35.8,39,19.9,38.1,10.2,0,0.00,133.0
2023-07-17T21:00,33.5,46,20.2,35.6,13.5,3,0.00,13.0
2023-07-17T22:00,33.3,39,17.4,32.9,20.5,37,0.00,0.0
2023-07-17T23:00,32.9,37,16.2,31.7,23.0,65,0.00,0.0
2023-07-18T00:00,32.0,40,16.8,31.2,22.1,98,0.00,0.0
2023-07-18T01:00,31.2,41,16.5,30.7,19.1,48,0.00,0.0
2023-07-18T02:00,30.6,42,16.1,30.0,18.6,100,0.00,0.0
2023-07-18T03:00,30.4,41,15.9,29.5,19.9,99,0.00,0.0
2023-07-18T04:00,30.1,42,16.0,29.4,19.0,100,0.00,0.0
2023-07-18T05:00,29.8,44,16.2,29.6,16.2,98,0.00,0.0
2023-07-18T06:00,29.2,47,16.6,29.2,15.8,100,0.00,0.0
2023-07-18T07:00,28.5,55,18.6,29.4,15.5,100,0.00,6.0
2023-07-18T08:00,29.9,56,20.1,31.1,18.7,0,0.00,116.0
2023-07-18T09:00,31.8,54,21.4,33.9,17.1,0,0.00,310.0
2023-07-18T10:00,33.5,51,22.1,36.2,15.5,0,0.00,511.0
2023-07-18T11:00,35.4,46,22.1,38.8,16.1,0,0.00,693.0
2023-07-18T12:00,37.3,40,21.4,40.5,19.0,0,0.00,837.0
2023-07-18T13:00,39.2,31,19.2,41.2,22.9,0,0.00,931.0
2023-07-18T14:00,40.8,25,17.0,41.9,22.5,0,0.00,968.0
2023-07-18T15:00,41.7,21,15.1,42.1,21.9,0,0.00,946.0
2023-07-18T16:00,42.0,19,13.4,41.3,22.5,0,0.00,863.0
2023-07-18T17:00,41.8,19,13.2,40.3,23.4,0,0.00,727.0
2023-07-18T18:00,41.3,19,13.5,38.9,24.2,0,0.00,547.0
2023-07-18T19:00,39.2,24,14.7,37.8,20.3,0,0.00,344.0
2023-07-18T20:00,37.0,30,16.7,36.5,18.8,0,0.00,146.0
2023-07-18T21:00,34.9,33,16.2,34.0,20.9,0,0.00,13.0
2023-07-18T22:00,33.9,34,15.9,32.4,23.7,0,0.00,0.0
2023-07-18T23:00,32.8,37,16.0,31.1,25.1,0,0.00,0.0
2023-07-19T00:00,31.9,39,16.4,30.6,23.9,0,0.00,0.0
2023-07-19T01:00,31.2,42,16.8,30.4,22.0,0,0.00,0.0
2023-07-19T02:00,30.9,43,17.0,30.2,21.2,0,0.00,0.0
2023-07-19T03:00,30.5,45,17.2,30.0,21.2,0,0.00,0.0
2023-07-19T04:00,29.9,51,18.5,29.7,22.8,0,0.00,0.0
2023-07-19T05:00,29.3,60,20.6,30.0,23.4,0,0.00,0.0
2023-07-19T06:00,28.6,65,21.4,30.1,21.1,0,0.00,0.0
2023-07-19T07:00,28.4,67,21.7,30.5,17.7,0,0.00,6.0
2023-07-19T08:00,29.6,64,22.0,32.1,16.6,0,0.00,116.0
2023-07-19T09:00,31.2,57,21.8,33.1,19.7,0,0.00,309.0
2023-07-19T10:00,32.8,53,21.9,34.9,18.6,1,0.00,513.0
2023-07-19T11:00,34.5,48,21.8,37.1,20.2,1,0.00,697.0
2023-07-19T12:00,36.2,42,21.5,39.0,22.1,56,0.00,842.0
2023-07-19T13:00,38.0,36,20.5,40.9,21.2,79,0.00,935.0
2023-07-19T14:00,39.4,31,19.1,42.0,19.7,90,0.00,967.0
2023-07-19T15:00,40.3,27,17.8,42.3,18.8,99,0.00,933.0
2023-07-19T16:00,40.8,24,16.4,41.7,19.1,92,0.00,847.0
2023-07-19T17:00,40.8,24,16.0,40.7,20.0,15,0.00,716.0
2023-07-19T18:00,40.5,22,14.6,38.9,21.0,45,0.00,541.0
2023-07-19T19:00,39.2,21,13.1,37.7,16.9,73,0.00,341.0
2023-07-19T20:00,36.8,27,15.0,35.9,17.8,8,0.00,145.0
2023-07-19T21:00,34.7,31,15.1,33.7,18.0,1,0.00,13.0
2023-07-19T22:00,33.5,34,15.7,32.9,17.6,0,0.00,0.0
2023-07-19T23:00,32.4,38,16.1,31.9,17.9,0,0.00,0.0
2023-07-20T00:00,31.6,41,16.8,31.0,20.3,0,0.00,0.0
2023-07-20T01:00,31.3,43,17.2,30.9,20.4,0,0.00,0.0
2023-07-20T02:00,31.0,45,17.7,30.7,21.6,0,0.00,0.0
2023-07-20T03:00,30.7,48,18.3,30.5,22.0,0,0.00,0.0
2023-07-20T04:00,30.1,54,19.7,30.8,21.0,0,0.00,0.0
2023-07-20T05:00,29.4,62,21.4,31.7,15.8,97,0.00,0.0
2023-07-20T06:00,28.8,66,21.9,31.6,14.0,4,0.00,0.0
2023-07-20T07:00,28.0,67,21.3,30.6,13.4,3,0.00,5.0
2023-07-20T08:00,28.9,66,21.8,31.6,14.8,97,0.00,83.0
2023-07-20T09:00,30.5,60,21.9,32.9,16.6,100,0.00,288.0
2023-07-20T10:00,32.2,55,22.0,35.3,13.1,100,0.00,482.0
2023-07-20T11:00,34.0,49,21.9,38.2,9.0,100,0.00,657.0
2023-07-20T12:00,35.6,44,21.6,39.9,11.7,100,0.00,776.0
2023-07-20T13:00,37.0,40,21.1,41.9,11.2,100,0.00,905.0
2023-07-20T14:00,38.3,35,20.4,43.5,8.7,94,0.00,964.0
2023-07-20T15:00,39.1,32,19.5,43.6,8.5,96,0.00,922.0
2023-07-20T16:00,39.2,30,18.6,42.1,10.2,100,0.00,758.0
2023-07-20T17:00,38.9,29,17.8,40.0,11.2,100,0.00,522.0
2023-07-20T18:00,38.5,29,17.0,39.3,11.5,100,0.00,328.0
2023-07-20T19:00,38.2,24,14.4,37.7,13.3,100,0.00,205.0
2023-07-20T20:00,36.7,31,17.0,37.8,8.9,17,0.00,124.0
2023-07-20T21:00,34.3,37,17.6,35.1,13.5,0,0.00,12.0
2023-07-20T22:00,32.6,44,18.9,33.6,15.7,0,0.00,0.0
2023-07-20T23:00,31.5,46,18.6,33.1,10.8,0,0.00,0.0
2023-07-21T00:00,30.6,47,18.1,31.9,11.3,0,0.00,0.0
2023-07-21T01:00,30.0,45,16.9,31.0,9.6,3,0.00,0.0
2023-07-21T02:00,29.4,43,15.6,30.0,8.7,57,0.00,0.0
2023-07-21T03:00,29.9,40,14.7,29.0,16.7,100,0.00,0.0
2023-07-21T04:00,29.6,41,14.9,29.1,15.4,100,0.00,0.0
2023-07-21T05:00,29.1,46,16.1,29.1,14.2,100,0.00,0.0
2023-07-21T06:00,28.5,51,17.4,28.9,15.0,100,0.00,0.0
2023-07-21T07:00,28.0,58,18.9,29.0,16.0,100,0.00,5.0
2023-07-21T08:00,29.2,56,19.5,30.9,13.6,81,0.00,111.0
2023-07-21T09:00,31.4,52,20.2,32.9,16.4,100,0.00,298.0
2023-07-21T10:00,33.4,48,20.8,35.5,14.9,100,0.00,485.0
2023-07-21T11:00,35.1,42,20.5,38.2,11.2,100,0.00,670.0
2023-07-21T12:00,36.0,38,19.6,39.2,9.2,100,0.00,687.0
2023-07-21T13:00,36.5,37,19.5,40.8,6.6,100,0.00,813.0
2023-07-21T14:00,37.0,37,19.8,41.5,5.6,100,0.00,801.0
2023-07-21T15:00,38.0,35,19.6,42.8,4.3,100,0.00,831.0
2023-07-21T16:00,38.7,32,19.1,43.4,2.3,77,0.00,808.0
2023-07-21T17:00,38.3,32,18.8,41.4,5.4,51,0.00,659.0
2023-07-21T18:00,37.8,32,18.5,39.3,11.5,61,0.00,488.0
2023-07-21T19:00,36.2,41,20.9,38.1,16.3,31,0.00,299.0
2023-07-21T20:00,33.9,54,23.3,36.0,24.2,64,0.10,108.0
2023-07-21T21:00,32.7,58,23.5,35.6,20.0,87,0.00,9.0
2023-07-21T22:00,31.8,60,23.1,34.8,17.4,10,0.00,0.0
2023-07-21T23:00,31.0,60,22.4,32.9,22.3,17,0.00,0.0
2023-07-22T00:00,28.8,64,21.1,30.0,21.9,23,0.00,0.0
2023-07-22T01:00,28.4,66,21.5,31.4,10.9,25,0.00,0.0
2023-07-22T02:00,28.2,67,21.6,30.9,13.6,56,0.00,0.0
2023-07-22T03:00,27.5,67,20.9,29.4,16.3,97,0.00,0.0
2023-07-22T04:00,27.0,68,20.5,28.7,16.0,55,0.00,0.0
2023-07-22T05:00,26.5,69,20.4,28.1,16.5,39,0.00,0.0
2023-07-22T06:00,25.5,72,20.1,26.7,18.5,66,0.00,0.0
2023-07-22T07:00,25.2,76,20.7,27.8,11.1,22,0.00,4.0
2023-07-22T08:00,25.5,75,20.6,28.0,11.3,53,0.10,76.0
2023-07-22T09:00,26.5,68,20.1,28.8,10.7,46,0.00,242.0
2023-07-22T10:00,27.6,63,20.0,29.9,10.8,11,0.00,417.0
2023-07-22T11:00,29.5,56,19.9,32.1,12.3,0,0.00,645.0
2023-07-22T12:00,31.4,46,18.3,33.7,15.0,0,0.00,826.0
2023-07-22T13:00,32.6,41,17.5,34.9,16.1,0,0.00,926.0
2023-07-22T14:00,33.4,38,17.3,35.8,16.2,0,0.00,964.0
2023-07-22T15:00,33.7,38,17.4,35.9,17.0,17,0.00,940.0
2023-07-22T16:00,33.8,37,17.0,35.2,18.3,0,0.00,855.0
2023-07-22T17:00,33.8,36,16.9,34.5,17.6,0,0.00,720.0
2023-07-22T18:00,33.5,34,15.6,33.0,16.9,0,0.00,541.0
2023-07-22T19:00,32.5,38,16.5,32.3,17.1,0,0.00,339.0
2023-07-22T20:00,31.4,41,16.4,31.2,15.9,0,0.00,139.0
2023-07-22T21:00,29.9,44,16.5,30.1,14.2,0,0.00,11.0
2023-07-22T22:00,28.7,46,15.9,28.5,15.1,0,0.00,0.0
2023-07-22T23:00,27.6,48,15.6,27.5,14.3,0,0.00,0.0
2023-07-23T00:00,26.6,51,15.6,27.2,9.6,0,0.00,0.0
2023-07-23T01:00,25.3,58,16.4,26.7,5.4,0,0.00,0.0
2023-07-23T02:00,25.2,61,17.0,27.1,4.4,0,0.00,0.0
2023-07-23T03:00,24.8,63,17.2,27.1,1.4,0,0.00,0.0
2023-07-23T04:00,23.8,69,17.8,26.3,1.8,0,0.00,0.0
2023-07-23T05:00,23.0,74,18.1,25.5,3.2,0,0.00,0.0
2023-07-23T06:00,22.4,79,18.6,24.9,4.3,0,0.00,0.0
2023-07-23T07:00,23.0,76,18.6,25.4,5.5,0,0.00,5.0
2023-07-23T08:00,25.0,65,18.0,27.5,2.5,0,0.00,111.0
2023-07-23T09:00,27.0,56,17.6,29.7,0.4,0,0.00,306.0
2023-07-23T10:00,28.9,51,17.9,31.5,1.9,0,0.00,510.0
2023-07-23T11:00,30.4,47,17.9,33.6,3.8,0,0.00,695.0
2023-07-23T12:00,31.7,43,17.7,35.5,5.4,0,0.00,840.0
2023-07-23T13:00,33.2,39,17.1,36.9,7.8,0,0.00,934.0
2023-07-23T14:00,34.2,35,16.5,37.6,9.1,0,0.00,969.0
2023-07-23T15:00,35.0,32,16.0,38.0,9.4,0,0.00,942.0
2023-07-23T16:00,35.5,31,15.9,37.8,10.1,0,0.00,856.0
2023-07-23T17:00,35.7,30,15.2,36.7,11.5,0,0.00,719.0
2023-07-23T18:00,35.4,29,14.9,35.2,12.4,0,0.00,534.0
2023-07-23T19:00,35.5,27,13.9,34.7,13.8,0,0.00,335.0
2023-07-23T20:00,33.8,31,14.2,33.1,13.8,0,0.00,138.0
2023-07-23T21:00,31.8,41,17.1,31.9,16.6,0,0.00,11.0
2023-07-23T22:00,30.4,48,18.0,31.0,16.1,0,0.00,0.0
2023-07-23T23:00,29.6,51,18.4,30.3,16.4,0,0.00,0.0
2023-07-24T00:00,29.0,54,18.7,30.0,14.8,0,0.00,0.0
2023-07-24T01:00,28.1,58,19.1,29.8,12.1,0,0.00,0.0
2023-07-24T02:00,27.5,59,18.8,29.1,11.6,0,0.00,0.0
2023-07-24T03:00,26.9,59,18.0,28.3,10.1,0,0.00,0.0
2023-07-24T04:00,26.3,59,17.6,27.6,9.7,0,0.00,0.0
2023-07-24T05:00,25.8,60,17.5,27.2,8.6,0,0.00,0.0
2023-07-24T06:00,25.1,62,17.4,26.7,7.4,0,0.00,0.0
2023-07-24T07:00,24.6,65,17.8,26.5,6.6,0,0.00,4.0
2023-07-24T08:00,26.1,62,18.3,28.1,7.6,0,0.00,110.0
2023-07-24T09:00,28.4,54,18.2,30.5,5.8,0,0.00,304.0
2023-07-24T10:00,30.7,48,18.3,33.0,5.2,0,0.00,508.0
2023-07-24T11:00,33.2,41,18.2,36.2,5.8,0,0.00,691.0
2023-07-24T12:00,35.3,34,16.9,38.1,9.0,0,0.00,836.0
2023-07-24T13:00,36.7,29,15.6,39.4,9.7,0,0.00,929.0
2023-07-24T14:00,37.7,26,14.7,39.9,11.2,0,0.00,964.0
2023-07-24T15:00,38.2,25,14.6,40.1,12.5,0,0.00,943.0
2023-07-24T16:00,38.5,24,14.4,39.8,12.0,0,0.00,840.0
2023-07-24T17:00,38.5,24,14.4,38.5,15.8,2,0.00,709.0
2023-07-24T18:00,38.0,24,14.1,37.0,16.0,4,0.00,514.0
2023-07-24T19:00,37.5,22,12.2,36.2,13.5,2,0.00,322.0
2023-07-24T20:00,35.9,26,13.6,35.5,10.6,1,0.00,130.0
2023-07-24T21:00,33.4,33,15.1,32.7,16.2,0,0.00,10.0
2023-07-24T22:00,32.2,36,15.1,31.5,16.2,0,0.00,0.0
2023-07-24T23:00,31.5,37,15.1,30.3,20.2,0,0.00,0.0
2023-07-25T00:00,30.8,37,14.4,29.1,21.4,0,0.00,0.0
2023-07-25T01:00,30.1,40,14.9,29.0,18.9,0,0.00,0.0
2023-07-25T02:00,29.5,43,15.6,29.0,16.2,0,0.00,0.0
2023-07-25T03:00,28.9,46,16.1,28.9,14.3,0,0.00,0.0
2023-07-25T04:00,28.1,48,15.9,28.3,12.6,0,0.00,0.0
2023-07-25T05:00,27.4,50,16.0,27.9,10.6,0,0.00,0.0
2023-07-25T06:00,26.9,51,16.0,27.6,9.4,0,0.00,0.0
2023-07-25T07:00,27.0,61,19.0,28.6,12.2,0,0.00,4.0
2023-07-25T08:00,28.4,62,20.3,30.9,10.5,0,0.00,108.0
2023-07-25T09:00,30.6,55,20.5,33.2,10.4,0,0.00,301.0
2023-07-25T10:00,32.8,47,20.0,35.0,11.0,0,0.00,505.0
2023-07-25T11:00,35.1,39,18.9,37.4,12.0,5,0.00,689.0
2023-07-25T12:00,36.7,33,18.0,39.2,13.0,31,0.00,834.0
2023-07-25T13:00,38.0,29,16.8,40.2,15.1,97,0.00,927.0
2023-07-25T14:00,38.8,26,15.9,40.5,16.6,97,0.00,946.0
2023-07-25T15:00,39.2,25,15.6,40.5,17.2,40,0.00,921.0
2023-07-25T16:00,39.5,24,15.2,40.1,17.0,50,0.00,811.0
2023-07-25T17:00,39.7,23,14.6,38.8,21.3,67,0.00,709.0
2023-07-25T18:00,38.7,25,14.9,37.0,22.4,85,0.00,521.0
2023-07-25T19:00,38.0,26,15.2,37.2,17.3,1,0.00,315.0
2023-07-25T20:00,36.6,30,16.0,36.6,13.9,1,0.00,132.0
2023-07-25T21:00,34.5,36,17.1,34.7,15.5,0,0.00,10.0
2023-07-25T22:00,33.6,36,16.5,33.3,17.8,1,0.00,0.0
2023-07-25T23:00,32.2,39,16.5,32.5,13.4,29,0.00,0.0
2023-07-26T00:00,31.4,42,17.0,31.3,17.4,91,0.00,0.0
2023-07-26T01:00,30.5,45,17.4,30.9,15.5,0,0.00,0.0
2023-07-26T02:00,29.6,49,17.6,30.7,11.9,0,0.00,0.0
2023-07-26T03:00,29.0,50,17.5,29.8,12.3,0,0.00,0.0
2023-07-26T04:00,28.5,51,17.4,28.8,16.2,1,0.00,0.0
2023-07-26T05:00,28.2,52,17.6,28.5,17.1,0,0.00,0.0
2023-07-26T06:00,27.9,56,18.3,28.3,18.0,0,0.00,0.0
2023-07-26T07:00,27.4,63,19.7,29.1,13.4,4,0.00,4.0
2023-07-26T08:00,28.8,61,20.5,31.1,12.4,0,0.00,103.0
2023-07-26T09:00,30.8,56,21.0,32.6,17.5,0,0.00,293.0
2023-07-26T10:00,32.8,50,21.1,34.6,17.9,77,0.00,496.0
2023-07-26T11:00,34.7,43,20.3,36.7,18.1,48,0.00,679.0
2023-07-26T12:00,36.0,37,19.1,38.2,18.3,36,0.00,824.0
2023-07-26T13:00,37.0,33,18.0,39.3,17.0,23,0.00,897.0
2023-07-26T14:00,37.8,29,17.0,39.8,16.7,26,0.00,937.0
2023-07-26T15:00,38.4,27,15.9,39.8,17.1,84,0.00,908.0
2023-07-26T16:00,38.7,25,15.2,39.3,17.9,94,0.00,841.0
2023-07-26T17:00,38.6,25,14.9,38.2,18.8,84,0.00,705.0
2023-07-26T18:00,38.0,25,14.6,36.9,17.9,34,0.00,528.0
2023-07-26T19:00,37.1,24,13.0,35.5,17.1,18,0.00,328.0
2023-07-26T20:00,35.8,27,13.7,35.0,13.5,82,0.00,131.0
2023-07-26T21:00,33.7,33,15.3,33.3,14.9,95,0.00,9.0
2023-07-26T22:00,32.5,36,15.6,31.8,17.5,87,0.00,0.0
2023-07-26T23:00,31.9,37,15.6,31.3,17.1,87,0.00,0.0
2023-07-27T00:00,31.2,39,15.6,30.9,14.8,38,0.00,0.0
2023-07-27T01:00,30.2,39,14.6,30.1,10.8,93,0.00,0.0
2023-07-27T02:00,29.6,37,13.3,29.1,10.4,100,0.00,0.0
2023-07-27T03:00,29.1,38,13.4,28.7,10.2,97,0.00,0.0
2023-07-27T04:00,28.9,41,14.3,28.3,13.4,61,0.00,0.0
2023-07-27T05:00,28.5,45,15.4,28.1,15.6,74,0.00,0.0
2023-07-27T06:00,28.1,52,17.5,28.7,13.9,53,0.00,0.0
2023-07-27T07:00,27.5,60,19.0,29.0,13.1,0,0.00,3.0
2023-07-27T08:00,28.7,58,19.6,30.8,10.6,1,0.00,100.0
2023-07-27T09:00,30.5,52,19.6,32.4,11.5,0,0.00,289.0
2023-07-27T10:00,32.5,46,19.4,34.6,10.5,6,0.00,490.0
2023-07-27T11:00,34.6,39,18.5,36.6,12.2,10,0.00,674.0
2023-07-27T12:00,36.0,34,17.6,38.1,14.1,0,0.00,818.0
2023-07-27T13:00,37.0,31,17.1,39.6,13.3,0,0.00,915.0
2023-07-27T14:00,37.7,29,16.5,40.2,13.4,0,0.00,951.0
2023-07-27T15:00,38.2,28,16.2,40.2,14.5,0,0.00,926.0
2023-07-27T16:00,38.4,26,15.4,39.3,16.4,40,0.00,842.0
2023-07-27T17:00,38.3,25,15.1,38.1,18.5,0,0.00,705.0
2023-07-27T18:00,37.8,25,14.6,36.2,21.1,1,0.00,527.0
2023-07-27T19:00,36.8,27,14.9,35.8,17.7,4,0.00,326.0
2023-07-27T20:00,35.6,30,15.4,35.2,15.1,0,0.00,128.0
2023-07-27T21:00,34.1,34,15.9,34.1,13.6,1,0.00,9.0
2023-07-27T22:00,32.8,37,16.5,33.0,14.1,16,0.00,0.0
2023-07-27T23:00,32.0,40,16.9,32.3,15.0,7,0.00,0.0
2023-07-28T00:00,31.6,40,16.5,31.7,14.7,17,0.00,0.0
2023-07-28T01:00,31.0,40,15.9,31.2,12.0,12,0.00,0.0
2023-07-28T02:00,30.0,41,15.4,30.6,8.9,0,0.00,0.0
2023-07-28T03:00,29.0,45,15.9,29.4,11.1,3,0.00,0.0
2023-07-28T04:00,28.6,47,16.2,29.1,11.5,0,0.00,0.0
2023-07-28T05:00,28.5,48,16.4,28.8,13.0,0,0.00,0.0
2023-07-28T06:00,28.1,51,17.0,28.6,13.8,0,0.00,0.0
2023-07-28T07:00,27.7,57,18.5,29.1,11.9,0,0.00,3.0
2023-07-28T08:00,28.9,55,18.9,30.5,11.4,0,0.00,98.0
2023-07-28T09:00,30.8,50,19.0,32.3,12.3,0,0.00,288.0
2023-07-28T10:00,33.0,43,18.6,34.4,11.9,0,0.00,490.0
2023-07-28T11:00,34.8,36,17.5,36.0,14.7,0,0.00,672.0
2023-07-28T12:00,36.0,33,17.0,37.5,15.8,0,0.00,819.0
2023-07-28T13:00,37.0,30,16.5,38.8,15.9,1,0.00,914.0
2023-07-28T14:00,37.7,29,16.4,39.7,15.3,3,0.00,947.0
2023-07-28T15:00,38.1,28,16.2,39.9,15.5,0,0.00,912.0
2023-07-28T16:00,38.3,26,15.6,39.3,16.3,1,0.00,837.0
2023-07-28T17:00,38.2,25,14.9,38.4,15.4,0,0.00,703.0
2023-07-28T18:00,38.0,24,14.1,37.0,15.9,1,0.00,527.0
2023-07-28T19:00,36.8,28,15.2,36.2,15.8,2,0.00,325.0
2023-07-28T20:00,35.7,30,15.2,35.3,14.3,1,0.00,125.0
2023-07-28T21:00,34.2,33,15.6,34.5,10.9,2,0.00,8.0
2023-07-28T22:00,33.0,37,16.5,33.6,11.0,2,0.00,0.0
2023-07-28T23:00,32.2,42,17.8,32.9,14.3,1,0.00,0.0
2023-07-29T00:00,31.6,45,18.1,33.0,11.0,0,0.00,0.0
2023-07-29T01:00,30.9,47,18.4,32.6,8.7,0,0.00,0.0
2023-07-29T02:00,29.9,51,18.6,32.1,6.2,0,0.00,0.0
2023-07-29T03:00,29.0,54,18.7,31.4,5.9,0,0.00,0.0
2023-07-29T04:00,28.2,57,18.9,30.7,6.2,0,0.00,0.0
2023-07-29T05:00,28.0,58,18.8,29.9,9.0,0,0.00,0.0
2023-07-29T06:00,28.0,46,15.4,28.1,11.7,0,0.00,0.0
2023-07-29T07:00,27.5,49,15.8,27.9,10.7,0,0.00,3.0
2023-07-29T08:00,28.7,48,16.6,29.3,11.5,0,0.00,99.0
2023-07-29T09:00,30.9,42,16.6,31.3,13.0,0,0.00,290.0
2023-07-29T10:00,33.2,36,16.2,33.8,11.0,0,0.00,494.0
2023-07-29T11:00,35.2,32,15.9,36.5,9.5,0,0.00,678.0
2023-07-29T12:00,36.4,31,16.4,38.8,9.8,0,0.00,823.0
2023-07-29T13:00,37.3,30,16.7,40.5,9.4,0,0.00,919.0
2023-07-29T14:00,38.2,28,16.7,41.9,7.7,22,0.00,954.0
2023-07-29T15:00,38.6,27,16.2,41.3,9.7,20,0.00,884.0
2023-07-29T16:00,38.5,26,15.6,39.9,11.8,13,0.00,775.0
2023-07-29T17:00,38.2,26,15.1,38.6,12.3,17,0.00,636.0
2023-07-29T18:00,38.2,26,15.3,38.3,11.3,15,0.00,498.0
2023-07-29T19:00,37.7,24,13.6,37.3,10.2,12,0.00,311.0
2023-07-29T20:00,36.2,26,13.6,35.4,13.2,3,0.00,122.0
2023-07-29T21:00,34.5,29,13.6,33.6,13.5,3,0.00,8.0
2023-07-29T22:00,33.4,31,14.1,33.2,10.5,2,0.00,0.0
2023-07-29T23:00,32.5,34,14.6,32.6,9.6,0,0.00,0.0
2023-07-30T00:00,31.3,37,14.8,31.8,7.2,1,0.00,0.0
2023-07-30T01:00,30.0,41,15.2,30.6,7.6,1,0.00,0.0
2023-07-30T02:00,28.9,45,15.6,29.5,8.9,1,0.00,0.0
2023-07-30T03:00,28.1,47,15.6,28.8,8.6,1,0.00,0.0
2023-07-30T04:00,27.5,49,15.9,28.3,8.4,0,0.00,0.0
2023-07-30T05:00,26.9,51,15.8,27.7,7.9,0,0.00,0.0
2023-07-30T06:00,26.4,52,15.6,27.1,8.6,0,0.00,0.0
2023-07-30T07:00,27.2,48,15.2,27.9,7.4,0,0.00,3.0
2023-07-30T08:00,28.7,46,15.9,29.3,9.4,64,0.00,98.0
2023-07-30T09:00,31.3,39,15.8,32.1,8.2,31,0.00,287.0
2023-07-30T10:00,34.0,32,15.1,34.4,8.5,16,0.00,493.0
2023-07-30T11:00,36.0,27,14.4,37.3,6.4,97,0.00,679.0
2023-07-30T12:00,37.2,25,13.9,39.9,2.3,94,0.00,820.0
2023-07-30T13:00,38.0,24,14.1,41.0,4.6,97,0.00,916.0
2023-07-30T14:00,38.8,23,14.0,41.4,7.6,78,0.00,955.0
2023-07-30T15:00,39.2,22,13.9,41.2,9.7,4,0.00,929.0
2023-07-30T16:00,39.3,22,13.9,40.9,9.7,1,0.00,844.0
2023-07-30T17:00,39.3,22,13.9,40.2,8.4,0,0.00,704.0
2023-07-30T18:00,39.1,23,14.1,39.3,7.5,0,0.00,525.0
2023-07-30T19:00,38.6,21,12.4,37.8,10.7,0,0.00,322.0
2023-07-30T20:00,37.2,24,13.5,37.4,6.4,6,0.00,124.0
2023-07-30T21:00,34.5,30,14.6,35.1,6.8,0,0.00,7.0
2023-07-30T22:00,33.8,33,15.4,33.9,12.1,0,0.00,0.0
2023-07-30T23:00,33.0,36,16.1,33.5,11.0,0,0.00,0.0
2023-07-31T00:00,32.2,39,16.3,33.0,9.7,0,0.00,0.0
2023-07-31T01:00,31.4,41,16.4,32.4,7.9,0,0.00,0.0
2023-07-31T02:00,30.2,45,17.0,31.7,6.9,4,0.00,0.0
2023-07-31T03:00,30.0,45,16.9,31.3,7.6,2,0.00,0.0
2023-07-31T04:00,29.5,44,15.9,30.4,7.6,53,0.00,0.0
2023-07-31T05:00,28.5,45,15.5,29.4,6.9,22,0.00,0.0
2023-07-31T06:00,28.0,48,16.0,29.0,7.9,13,0.00,0.0
2023-07-31T07:00,28.5,52,17.6,30.5,5.4,13,0.00,2.0
2023-07-31T08:00,29.2,51,18.1,31.8,2.5,6,0.00,96.0
2023-07-31T09:00,31.6,44,18.0,34.0,3.5,3,0.00,286.0
2023-07-31T10:00,34.0,39,18.1,36.4,3.2,5,0.00,489.0
2023-07-31T11:00,36.5,34,18.0,39.4,5.5,6,0.00,674.0
2023-07-31T12:00,38.2,28,16.5,40.4,10.8,20,0.00,817.0
2023-07-31T13:00,39.0,27,16.4,41.4,11.9,21,0.00,900.0
2023-07-31T14:00,39.4,25,15.5,41.4,12.4,50,0.00,904.0
2023-07-31T15:00,39.9,22,14.5,41.5,12.5,24,0.00,894.0
2023-07-31T16:00,40.2,22,14.8,41.5,12.2,26,0.00,826.0
2023-07-31T17:00,40.5,22,14.6,40.6,14.1,14,0.00,672.0
2023-07-31T18:00,40.2,21,14.0,39.0,16.9,12,0.00,498.0
2023-07-31T19:00,39.2,24,15.2,39.2,11.8,14,0.00,298.0
2023-07-31T20:00,38.0,27,15.6,38.7,8.6,22,0.00,111.0
2023-07-31T21:00,36.1,30,15.8,36.8,8.4,20,0.00,7.0
2023-07-31T22:00,35.2,33,16.5,36.0,9.6,1,0.00,0.0
2023-07-31T23:00,34.2,37,17.5,35.3,10.8,0,0.00,0.0
2023-08-01T00:00,33.1,44,19.2,34.3,15.5,0,0.00,0.0
2023-08-01T01:00,32.6,45,19.2,33.2,19.8,0,0.00,0.0
2023-08-01T02:00,32.0,48,19.5,33.2,16.3,0,0.00,0.0
2023-08-01T03:00,31.4,49,19.4,32.5,16.4,48,0.00,0.0
2023-08-01T04:00,31.1,48,18.9,32.2,15.2,28,0.00,0.0
2023-08-01T05:00,30.4,50,18.8,31.9,12.3,67,0.00,0.0
2023-08-01T06:00,29.8,52,18.9,31.8,8.9,100,0.00,0.0
2023-08-01T07:00,28.5,61,20.3,31.6,6.5,11,0.00,2.0
2023-08-01T08:00,29.7,58,20.6,33.0,5.9,14,0.00,90.0
2023-08-01T09:00,31.9,51,20.4,35.2,4.5,1,0.00,283.0
2023-08-01T10:00,34.3,43,19.8,37.4,4.6,6,0.00,487.0
2023-08-01T11:00,36.6,35,18.8,40.3,2.2,10,0.00,671.0
2023-08-01T12:00,38.3,30,17.9,42.6,2.6,33,0.00,819.0
2023-08-01T13:00,39.5,27,17.2,43.3,7.0,55,0.00,912.0
2023-08-01T14:00,40.3,25,16.6,43.2,10.4,26,0.00,921.0
2023-08-01T15:00,40.9,23,16.0,43.2,11.9,7,0.00,908.0
2023-08-01T16:00,41.2,23,15.9,43.1,10.8,4,0.00,822.0
2023-08-01T17:00,41.5,23,16.1,42.8,11.1,14,0.00,698.0
2023-08-01T18:00,41.1,23,15.9,40.7,16.4,33,0.00,497.0
2023-08-01T19:00,40.2,22,14.5,39.3,16.1,85,0.00,289.0
2023-08-01T20:00,38.8,25,15.1,38.3,15.0,67,0.00,102.0
2023-08-01T21:00,37.3,29,16.5,37.1,17.0,28,0.00,5.0
2023-08-01T22:00,36.2,34,17.7,36.5,17.1,25,0.00,0.0
2023-08-01T23:00,35.5,37,18.8,35.7,20.7,100,0.00,0.0
2023-08-02T00:00,34.8,39,18.9,35.6,16.9,98,0.00,0.0
2023-08-02T01:00,33.6,42,19.1,34.5,16.9,100,0.00,0.0
2023-08-02T02:00,32.7,44,18.8,33.8,14.3,33,0.00,0.0
2023-08-02T03:00,31.9,46,19.0,33.8,9.6,24,0.00,0.0
2023-08-02T04:00,30.9,50,19.3,33.6,5.5,90,0.00,0.0
2023-08-02T05:00,30.5,51,19.2,33.0,6.5,98,0.00,0.0
2023-08-02T06:00,30.4,48,18.3,32.3,7.6,92,0.00,0.0
2023-08-02T07:00,30.5,50,18.8,31.8,13.7,99,0.00,2.0
2023-08-02T08:00,31.8,46,18.8,32.9,14.8,85,0.00,88.0
2023-08-02T09:00,33.8,41,18.6,34.5,17.3,71,0.00,279.0
2023-08-02T10:00,35.8,35,18.2,36.4,16.6,45,0.00,477.0
2023-08-02T11:00,37.5,32,18.0,38.8,15.5,57,0.00,669.0
2023-08-02T12:00,38.6,30,18.1,40.6,15.7,10,0.00,816.0
2023-08-02T13:00,39.5,28,17.8,42.0,15.3,6,0.00,903.0
2023-08-02T14:00,40.4,25,16.8,42.5,15.5,2,0.00,935.0
2023-08-02T15:00,41.0,23,15.5,42.2,17.1,4,0.00,910.0
2023-08-02T16:00,41.2,21,14.5,41.3,18.1,27,0.00,813.0
2023-08-02T17:00,41.2,20,14.1,40.7,16.8,32,0.00,669.0
2023-08-02T18:00,41.1,20,13.9,39.7,18.0,17,0.00,519.0
2023-08-02T19:00,40.0,22,14.4,38.9,17.7,11,0.00,315.0
2023-08-02T20:00,38.6,25,14.9,38.3,13.6,0,0.00,118.0
2023-08-02T21:00,36.7,28,15.2,36.8,10.8,0,0.00,6.0
2023-08-02T22:00,35.2,30,15.0,35.5,9.2,1,0.00,0.0
2023-08-02T23:00,34.4,29,13.9,33.7,13.0,1,0.00,0.0
2023-08-03T00:00,34.0,29,13.7,33.2,13.7,0,0.00,0.0
2023-08-03T01:00,33.7,30,13.6,32.5,16.1,0,0.00,0.0
2023-08-03T02:00,33.3,31,14.0,31.8,19.2,15,0.00,0.0
2023-08-03T03:00,32.8,36,15.7,31.7,20.7,18,0.00,0.0
2023-08-03T04:00,32.2,41,17.1,31.7,20.4,4,0.00,0.0
2023-08-03T05:00,31.5,44,17.9,31.4,20.5,0,0.00,0.0
2023-08-03T06:00,31.0,46,18.1,30.9,20.7,0,0.00,0.0
2023-08-03T07:00,29.6,52,18.8,30.2,18.5,1,0.00,2.0
2023-08-03T08:00,30.2,51,19.0,31.2,16.9,0,0.00,92.0
2023-08-03T09:00,31.8,47,19.0,32.7,16.6,0,0.00,283.0
2023-08-03T10:00,33.8,41,18.9,34.9,15.1,0,0.00,487.0
2023-08-03T11:00,35.9,36,18.5,37.5,15.0,0,0.00,674.0
2023-08-03T12:00,37.9,29,16.9,39.5,15.3,0,0.00,822.0
2023-08-03T13:00,39.5,24,14.9,40.9,14.9,0,0.00,919.0
2023-08-03T14:00,40.3,21,14.0,41.7,14.4,0,0.00,956.0
2023-08-03T15:00,41.0,20,13.6,41.9,15.3,0,0.00,929.0
2023-08-03T16:00,41.2,20,13.5,41.4,16.5,0,0.00,841.0
2023-08-03T17:00,41.1,21,14.2,40.7,17.7,0,0.00,700.0
2023-08-03T18:00,40.8,22,14.7,39.6,18.9,0,0.00,517.0
2023-08-03T19:00,39.1,25,15.8,38.6,16.7,0,0.00,311.0
2023-08-03T20:00,38.0,28,16.6,38.2,14.1,0,0.00,115.0
2023-08-03T21:00,36.5,33,17.6,37.5,11.3,0,0.00,5.0
2023-08-03T22:00,35.5,36,18.0,36.8,11.6,0,0.00,0.0
2023-08-03T23:00,34.8,37,18.1,36.2,10.8,0,0.00,0.0
2023-08-04T00:00,34.5,37,17.8,35.1,14.8,0,0.00,0.0
2023-08-04T01:00,34.0,39,18.2,34.8,15.3,1,0.00,0.0
2023-08-04T02:00,33.5,41,18.5,34.2,16.9,1,0.00,0.0
2023-08-04T03:00,33.0,43,18.6,33.4,18.8,1,0.00,0.0
2023-08-04T04:00,32.3,45,19.0,32.7,20.2,1,0.00,0.0
2023-08-04T05:00,31.7,49,19.7,32.4,20.3,1,0.00,0.0
2023-08-04T06:00,30.9,53,20.4,32.2,18.4,0,0.00,0.0
2023-08-04T07:00,29.4,59,20.5,31.6,13.2,0,0.00,2.0
2023-08-04T08:00,30.2,56,20.6,32.6,12.3,0,0.00,89.0
2023-08-04T09:00,31.8,52,20.6,34.1,12.7,0,0.00,277.0
2023-08-04T10:00,33.5,47,20.6,36.2,10.4,0,0.00,481.0
2023-08-04T11:00,35.3,42,20.6,38.9,8.7,0,0.00,666.0
2023-08-04T12:00,37.1,37,20.0,41.2,9.2,0,0.00,813.0
2023-08-04T13:00,38.5,32,19.0,42.9,7.9,6,0.00,910.0
2023-08-04T14:00,39.5,29,18.2,43.5,8.6,9,0.00,931.0
2023-08-04T15:00,40.2,26,17.2,42.8,11.8,20,0.00,869.0
2023-08-04T16:00,40.2,25,16.4,41.5,13.7,16,0.00,748.0
2023-08-04T17:00,40.4,23,15.2,40.9,12.8,53,0.00,654.0
2023-08-04T18:00,40.2,23,15.2,40.1,12.0,52,0.00,418.0
2023-08-04T19:00,39.4,26,16.5,39.7,13.4,64,0.00,271.0
2023-08-04T20:00,38.2,28,16.6,38.5,14.0,45,0.00,93.0
2023-08-04T21:00,37.0,31,16.9,36.7,18.1,11,0.00,5.0
2023-08-04T22:00,36.2,32,16.8,36.1,17.2,4,0.00,0.0
2023-08-04T23:00,35.5,33,16.9,35.5,16.3,2,0.00,0.0
2023-08-05T00:00,35.0,36,17.6,35.0,18.3,0,0.00,0.0
2023-08-05T01:00,34.2,38,18.0,34.7,16.7,0,0.00,0.0
2023-08-05T02:00,33.5,42,18.6,34.1,17.1,0,0.00,0.0
2023-08-05T03:00,33.2,43,18.8,33.5,19.9,0,0.00,0.0
2023-08-05T04:00,32.9,44,18.9,33.1,21.2,1,0.00,0.0
2023-08-05T05:00,32.1,48,19.7,33.0,19.3,0,0.00,0.0
2023-08-05T06:00,31.4,52,20.2,32.9,17.1,0,0.00,0.0
2023-08-05T07:00,30.1,55,20.1,31.7,15.9,0,0.00,1.0
2023-08-05T08:00,30.9,53,20.4,32.8,14.3,0,0.00,87.0
2023-08-05T09:00,32.3,50,20.5,34.1,16.3,0,0.00,273.0
2023-08-05T10:00,34.2,45,20.5,36.3,13.7,4,0.00,476.0
2023-08-05T11:00,36.5,38,19.9,39.0,12.9,2,0.00,660.0
2023-08-05T12:00,38.4,33,19.1,41.1,14.2,2,0.00,801.0
2023-08-05T13:00,39.8,29,18.4,42.8,13.3,25,0.00,899.0
2023-08-05T14:00,40.5,27,17.6,44.1,8.1,32,0.00,876.0
2023-08-05T15:00,41.2,25,17.3,44.2,7.3,27,0.00,801.0
2023-08-05T16:00,41.6,24,17.0,43.4,11.6,33,0.00,744.0
2023-08-05T17:00,41.0,23,15.9,41.7,10.9,71,0.00,589.0
2023-08-05T18:00,40.3,22,14.4,39.6,14.2,62,0.00,328.0
2023-08-05T19:00,39.6,24,15.1,39.1,15.1,48,0.00,252.0
2023-08-05T20:00,38.7,27,16.3,39.2,11.5,37,0.00,82.0
2023-08-05T21:00,36.9,32,17.4,37.8,12.0,76,0.00,4.0
2023-08-05T22:00,36.0,35,18.2,36.9,14.3,11,0.00,0.0
2023-08-05T23:00,35.2,38,18.5,36.7,10.8,0,0.00,0.0
2023-08-06T00:00,34.2,42,19.4,35.7,13.7,0,0.00,0.0
2023-08-06T01:00,33.7,43,19.5,35.0,15.6,0,0.00,0.0
2023-08-06T02:00,33.3,39,17.4,33.9,14.4,0,0.00,0.0
2023-08-06T03:00,32.8,38,16.6,32.6,16.9,0,0.00,0.0
2023-08-06T04:00,32.4,43,18.1,32.4,20.1,0,0.00,0.0
2023-08-06T05:00,31.7,48,19.2,32.4,19.2,0,0.00,0.0
2023-08-06T06:00,31.0,52,19.9,31.9,20.2,2,0.00,0.0
2023-08-06T07:00,30.0,53,19.5,31.6,14.1,5,0.00,1.0
2023-08-06T08:00,30.8,51,19.5,33.1,8.8,71,0.00,72.0
2023-08-06T09:00,31.6,48,19.2,34.6,3.1,24,0.00,195.0
2023-08-06T10:00,33.2,45,19.5,35.7,7.0,14,0.00,447.0
2023-08-06T11:00,34.5,41,19.5,37.2,7.7,89,0.00,607.0
2023-08-06T12:00,35.9,37,19.1,38.6,10.4,13,0.00,699.0
2023-08-06T13:00,37.4,33,18.5,40.2,13.0,5,0.00,845.0
2023-08-06T14:00,38.8,30,18.0,41.8,14.2,0,0.00,931.0
2023-08-06T15:00,39.9,27,17.6,42.5,14.1,0,0.00,910.0
2023-08-06T16:00,40.3,27,17.5,42.4,14.2,3,0.00,825.0
2023-08-06T17:00,40.5,26,17.5,41.6,14.8,24,0.00,679.0
2023-08-06T18:00,40.2,26,17.1,40.8,13.6,23,0.00,482.0
2023-08-06T19:00,39.0,27,16.5,39.4,13.4,58,0.00,287.0
2023-08-06T20:00,38.1,27,15.9,38.1,13.7,13,0.00,97.0
2023-08-06T21:00,36.7,30,16.2,36.4,16.1,20,0.00,4.0
2023-08-06T22:00,35.8,32,16.5,35.9,15.0,75,0.00,0.0
2023-08-06T23:00,35.0,33,16.5,34.9,16.3,18,0.00,0.0
2023-08-07T00:00,34.6,34,16.4,34.2,18.1,7,0.00,0.0
2023-08-07T01:00,34.0,36,16.6,33.7,17.8,5,0.00,0.0
2023-08-07T02:00,33.5,38,17.0,33.2,19.0,1,0.00,0.0
2023-08-07T03:00,33.0,40,17.6,32.6,21.2,1,0.00,0.0
2023-08-07T04:00,32.2,47,19.4,32.4,22.9,0,0.00,0.0
2023-08-07T05:00,31.4,56,21.5,32.7,22.5,0,0.00,0.0
2023-08-07T06:00,30.8,59,21.9,32.9,18.2,0,0.00,0.0
2023-08-07T07:00,29.4,60,20.7,32.4,8.3,0,0.00,1.0
2023-08-07T08:00,30.5,57,20.9,34.2,3.8,0,0.00,83.0
2023-08-07T09:00,32.0,53,21.1,35.5,6.4,0,0.00,267.0
2023-08-07T10:00,33.3,49,21.2,37.0,5.1,100,0.00,466.0
2023-08-07T11:00,34.5,46,21.3,39.0,2.9,30,0.00,625.0
2023-08-07T12:00,36.0,43,21.5,41.1,6.1,78,0.00,784.0
2023-08-07T13:00,37.0,41,21.6,42.9,5.4,60,0.00,855.0
2023-08-07T14:00,37.6,40,21.7,44.3,1.6,73,0.00,873.0
2023-08-07T15:00,37.7,39,21.4,42.3,3.3,65,0.00,634.0
2023-08-07T16:00,38.2,37,20.9,42.5,3.6,53,0.00,642.0
2023-08-07T17:00,39.0,34,20.4,42.2,7.9,32,0.00,602.0
2023-08-07T18:00,39.0,33,19.8,41.2,10.5,86,0.00,441.0
2023-08-07T19:00,39.4,30,18.5,40.5,13.6,78,0.00,202.0
2023-08-07T20:00,38.2,32,18.4,38.4,19.9,80,0.00,87.0
2023-08-07T21:00,37.1,34,18.5,38.0,15.2,70,0.00,3.0
2023-08-07T22:00,36.0,36,18.5,36.6,17.1,8,0.00,0.0
2023-08-07T23:00,35.2,38,18.8,36.2,15.4,92,0.00,0.0
2023-08-08T00:00,34.6,38,18.3,35.0,18.3,100,0.00,0.0
2023-08-08T01:00,34.3,36,17.0,33.9,19.8,99,0.00,0.0
2023-08-08T02:00,34.0,35,16.4,33.4,19.4,42,0.00,0.0
2023-08-08T03:00,33.2,41,18.1,32.5,24.5,24,0.00,0.0
2023-08-08T04:00,31.9,51,20.6,32.4,25.1,3,0.00,0.0
2023-08-08T05:00,31.1,57,21.7,32.6,22.4,25,0.00,0.0
2023-08-08T06:00,30.7,59,21.8,32.5,20.5,44,0.00,0.0
2023-08-08T07:00,30.1,56,20.5,31.0,21.9,100,0.00,1.0
2023-08-08T08:00,29.6,58,20.4,31.7,13.8,97,0.00,28.0
2023-08-08T09:00,29.4,61,21.2,32.7,8.2,98,0.00,94.0
2023-08-08T10:00,30.6,56,21.0,33.7,8.4,100,0.00,223.0
2023-08-08T11:00,32.3,50,20.7,34.7,12.3,100,0.00,352.0
2023-08-08T12:00,33.2,49,21.0,35.2,16.5,100,0.00,317.0
2023-08-08T13:00,35.0,45,21.4,37.1,17.6,65,0.00,584.0
2023-08-08T14:00,37.0,40,21.3,40.6,17.9,42,0.00,893.0
2023-08-08T15:00,37.8,38,20.9,40.4,19.5,66,0.00,778.0
2023-08-08T16:00,38.4,34,20.0,39.5,21.2,39,0.00,628.0
2023-08-08T17:00,38.6,34,19.9,39.3,22.1,24,0.00,580.0
2023-08-08T18:00,38.8,33,19.5,39.6,19.5,99,0.00,437.0
2023-08-08T19:00,38.3,31,18.0,39.1,14.4,38,0.00,171.0
2023-08-08T20:00,37.3,30,17.0,36.5,22.0,99,0.00,81.0
2023-08-08T21:00,36.0,33,17.0,35.9,17.4,27,0.00,3.0
2023-08-08T22:00,35.2,35,17.2,35.4,16.1,43,0.00,0.0
2023-08-08T23:00,34.9,35,17.4,34.9,17.9,27,0.00,0.0
2023-08-09T00:00,34.3,36,17.2,34.1,19.1,35,0.00,0.0
2023-08-09T01:00,34.2,39,18.1,33.6,24.5,20,0.00,0.0
2023-08-09T02:00,33.3,45,20.0,33.2,27.4,60,0.00,0.0
2023-08-09T03:00,32.0,54,21.5,32.8,26.3,39,0.00,0.0
2023-08-09T04:00,31.0,58,21.7,32.1,25.2,3,0.00,0.0
2023-08-09T05:00,30.3,59,21.5,31.3,24.6,31,0.00,0.0
2023-08-09T06:00,29.6,62,21.5,30.9,22.7,31,0.00,0.0
2023-08-09T07:00,28.1,70,22.1,30.1,20.9,0,0.00,1.0
2023-08-09T08:00,29.3,67,22.5,31.2,23.1,29,0.00,70.0
2023-08-09T09:00,30.8,60,22.1,32.3,23.7,1,0.00,228.0
2023-08-09T10:00,32.8,50,21.1,33.5,25.1,0,0.00,475.0
2023-08-09T11:00,34.7,43,20.3,35.3,26.2,0,0.00,663.0
2023-08-09T12:00,36.9,35,18.9,37.4,26.8,8,0.00,811.0
2023-08-09T13:00,38.3,31,18.4,38.7,28.3,85,0.00,873.0
2023-08-09T14:00,39.7,27,17.3,39.1,27.8,86,0.00,767.0
2023-08-09T15:00,40.8,24,16.5,39.9,26.2,87,0.00,693.0
2023-08-09T16:00,41.3,22,15.6,39.7,24.5,26,0.00,516.0
2023-08-09T17:00,42.2,20,14.9,40.2,26.8,13,0.00,630.0
2023-08-09T18:00,41.5,20,14.1,39.1,25.8,40,0.00,438.0
2023-08-09T19:00,41.0,22,14.9,39.5,21.0,70,0.00,269.0
2023-08-09T20:00,39.2,27,16.6,38.1,23.5,18,0.00,86.0
2023-08-09T21:00,36.9,35,18.9,38.1,14.5,47,0.00,2.0
2023-08-09T22:00,31.1,50,19.4,30.2,30.7,4,0.20,0.0
2023-08-09T23:00,33.0,32,13.9,32.2,14.0,6,0.00,0.0
2023-08-10T00:00,31.8,34,14.1,32.4,4.8,0,0.00,0.0
2023-08-10T01:00,30.5,40,15.2,31.6,4.4,0,0.00,0.0
2023-08-10T02:00,30.2,40,15.2,30.8,7.9,0,0.00,0.0
2023-08-10T03:00,31.5,53,20.9,33.1,18.2,0,0.00,0.0
2023-08-10T04:00,31.2,62,23.1,34.1,19.0,0,0.00,0.0
2023-08-10T05:00,30.6,65,23.2,34.0,14.8,0,0.00,0.0
2023-08-10T06:00,29.6,67,22.9,33.4,11.5,0,0.00,0.0
2023-08-10T07:00,28.4,63,20.6,32.5,0.5,0,0.00,1.0
2023-08-10T08:00,29.6,60,21.0,33.9,1.1,0,0.00,80.0
2023-08-10T09:00,31.5,56,21.8,35.5,6.1,4,0.00,269.0
2023-08-10T10:00,33.3,51,21.6,37.2,5.8,1,0.00,474.0
2023-08-10T11:00,35.2,45,21.4,39.5,5.8,0,0.00,657.0
2023-08-10T12:00,37.4,38,20.9,41.6,10.5,0,0.00,805.0
2023-08-10T13:00,39.0,34,20.3,43.5,9.8,0,0.00,900.0
2023-08-10T14:00,40.3,31,20.0,45.1,9.0,0,0.00,935.0
2023-08-10T15:00,41.3,28,19.1,45.7,8.3,3,0.00,906.0
2023-08-10T16:00,42.0,26,18.4,45.3,8.8,6,0.00,805.0
2023-08-10T17:00,42.5,24,17.5,43.9,12.5,15,0.00,664.0
2023-08-10T18:00,42.1,22,15.6,41.3,18.3,25,0.00,472.0
2023-08-10T19:00,40.1,29,18.5,40.7,17.0,26,0.00,258.0
2023-08-10T20:00,39.1,29,18.0,39.8,14.9,21,0.00,92.0
2023-08-10T21:00,37.8,31,18.0,38.2,17.2,52,0.00,2.0
2023-08-10T22:00,37.3,32,17.7,37.5,18.1,10,0.00,0.0
2023-08-10T23:00,36.3,34,17.9,36.9,15.8,2,0.00,0.0
2023-08-11T00:00,35.5,36,18.2,36.2,16.2,7,0.00,0.0
2023-08-11T01:00,35.2,38,18.5,35.5,19.8,100,0.00,0.0
2023-08-11T02:00,34.6,40,18.9,34.8,21.3,100,0.00,0.0
2023-08-11T03:00,33.5,45,19.8,33.8,23.1,68,0.00,0.0
2023-08-11T04:00,32.2,52,20.9,33.2,22.4,94,0.00,0.0
2023-08-11T05:00,31.2,56,21.4,32.8,20.7,100,0.00,0.0
2023-08-11T06:00,30.5,60,21.9,32.2,21.3,95,0.00,0.0
2023-08-11T07:00,29.5,66,22.4,32.0,17.3,0,0.00,0.0
2023-08-11T08:00,29.7,67,23.0,33.3,13.0,99,0.40,54.0
2023-08-11T09:00,30.8,63,22.9,33.5,18.2,98,0.00,131.0
2023-08-11T10:00,32.8,55,22.5,36.0,13.8,24,0.00,397.0
2023-08-11T11:00,35.0,46,21.6,37.0,21.2,85,0.00,630.0
2023-08-11T12:00,36.8,40,21.0,39.0,20.3,100,0.00,725.0
2023-08-11T13:00,38.6,34,19.9,41.0,18.5,100,0.00,803.0
2023-08-11T14:00,40.1,29,19.0,42.3,19.2,98,0.00,884.0
2023-08-11T15:00,41.1,26,17.8,42.6,19.0,96,0.00,844.0
2023-08-11T16:00,41.7,23,16.6,42.3,18.4,90,0.00,750.0
2023-08-11T17:00,42.0,21,15.1,41.6,16.6,43,0.00,601.0
2023-08-11T18:00,41.8,19,13.6,40.4,16.9,31,0.00,459.0
2023-08-11T19:00,40.5,21,13.7,38.7,20.2,35,0.00,266.0
2023-08-11T20:00,38.8,22,13.4,37.0,20.0,1,0.00,97.0
2023-08-11T21:00,37.0,26,14.6,36.0,16.8,2,0.00,2.0
2023-08-11T22:00,36.4,29,15.6,35.5,19.1,0,0.00,0.0
2023-08-11T23:00,35.5,33,16.6,35.4,16.3,0,0.00,0.0
2023-08-12T00:00,35.2,35,17.5,35.1,18.8,0,0.00,0.0
2023-08-12T01:00,34.8,36,17.4,34.1,23.0,0,0.00,0.0
2023-08-12T02:00,33.4,45,20.0,33.3,26.9,0,0.00,0.0
2023-08-12T03:00,32.0,53,21.2,32.8,25.9,0,0.00,0.0
2023-08-12T04:00,31.0,57,21.5,32.0,24.8,0,0.00,0.0
2023-08-12T05:00,30.0,59,21.1,30.9,23.8,0,0.00,0.0
2023-08-12T06:00,29.2,61,20.9,30.1,23.0,0,0.00,0.0
2023-08-12T07:00,28.1,65,20.9,29.5,20.5,0,0.00,0.0
2023-08-12T08:00,29.0,62,21.1,30.5,19.8,0,0.00,76.0
2023-08-12T09:00,30.6,57,21.3,32.2,20.3,0,0.00,263.0
2023-08-12T10:00,32.5,52,21.5,34.6,17.9,0,0.00,467.0
2023-08-12T11:00,34.6,47,21.6,37.2,17.8,0,0.00,653.0
2023-08-12T12:00,36.5,41,21.3,39.5,19.5,0,0.00,800.0
2023-08-12T13:00,38.5,35,20.4,41.3,20.0,0,0.00,896.0
2023-08-12T14:00,40.1,29,18.9,42.5,19.6,0,0.00,932.0
2023-08-12T15:00,41.3,25,17.1,42.9,18.7,0,0.00,908.0
2023-08-12T16:00,41.8,21,15.4,42.4,17.6,0,0.00,821.0
2023-08-12T17:00,42.0,18,13.2,41.5,15.5,0,0.00,680.0
2023-08-12T18:00,42.0,17,12.1,40.4,15.0,0,0.00,499.0
2023-08-12T19:00,40.3,23,14.9,38.8,21.3,0,0.00,293.0
2023-08-12T20:00,38.8,26,15.9,38.4,16.3,0,0.00,96.0
2023-08-12T21:00,37.2,31,17.2,37.6,14.7,0,0.00,2.0
2023-08-12T22:00,36.3,33,17.6,36.9,14.7,0,0.00,0.0
2023-08-12T23:00,35.5,35,17.5,36.0,15.0,0,0.00,0.0
2023-08-13T00:00,34.8,37,17.9,35.1,17.3,0,0.00,0.0
2023-08-13T01:00,34.3,39,18.4,34.7,18.4,0,0.00,0.0
2023-08-13T02:00,33.5,42,19.0,33.5,23.4,0,0.00,0.0
2023-08-13T03:00,32.5,51,21.0,33.4,24.0,0,0.00,0.0
2023-08-13T04:00,31.5,57,21.8,33.0,22.5,0,0.00,0.0
2023-08-13T05:00,30.6,58,21.5,32.2,20.7,0,0.00,0.0
2023-08-13T06:00,29.6,61,21.2,31.4,18.6,0,0.00,0.0
2023-08-13T07:00,28.5,65,21.3,30.9,14.6,0,0.00,0.0
2023-08-13T08:00,29.1,64,21.5,31.6,14.7,0,0.00,76.0
2023-08-13T09:00,30.5,59,21.6,32.9,16.4,0,0.00,263.0
2023-08-13T10:00,32.3,53,21.6,34.3,18.7,0,0.00,468.0
2023-08-13T11:00,34.5,47,21.5,36.8,19.5,0,0.00,658.0
2023-08-13T12:00,36.5,41,21.0,39.4,18.7,0,0.00,808.0
2023-08-13T13:00,38.2,35,20.0,41.1,19.0,0,0.00,904.0
2023-08-13T14:00,39.5,30,18.9,42.1,18.5,0,0.00,942.0
2023-08-13T15:00,40.3,28,18.5,42.9,16.9,0,0.00,913.0
2023-08-13T16:00,41.3,24,16.8,42.6,17.3,6,0.00,821.0
2023-08-13T17:00,41.8,20,14.4,41.0,19.4,2,0.00,672.0
2023-08-13T18:00,41.7,19,13.1,39.7,19.8,0,0.00,488.0
2023-08-13T19:00,40.0,23,14.7,38.7,19.1,0,0.00,289.0
2023-08-13T20:00,38.4,26,15.8,38.0,16.3,0,0.00,94.0
2023-08-13T21:00,36.8,31,16.8,36.4,18.8,0,0.00,1.0
2023-08-13T22:00,35.9,32,16.9,35.5,19.0,0,0.00,0.0
2023-08-13T23:00,35.2,32,15.9,34.7,17.2,1,0.00,0.0
2023-08-14T00:00,35.0,31,15.4,33.8,20.7,0,0.00,0.0
2023-08-14T01:00,34.5,34,16.2,33.7,20.2,0,0.00,0.0
2023-08-14T02:00,33.8,38,17.4,33.2,22.3,0,0.00,0.0
2023-08-14T03:00,33.0,42,18.4,32.5,24.9,0,0.00,0.0
2023-08-14T04:00,32.0,46,19.0,32.1,22.8,1,0.00,0.0
2023-08-14T05:00,31.1,52,20.0,32.0,20.0,1,0.00,0.0
2023-08-14T06:00,30.4,56,20.5,31.6,20.0,1,0.00,0.0
2023-08-14T07:00,29.2,56,19.5,31.8,6.8,1,0.00,0.0
2023-08-14T08:00,30.4,54,20.0,32.5,11.7,1,0.00,68.0
2023-08-14T09:00,32.3,48,19.8,34.1,13.3,2,0.00,249.0
2023-08-14T10:00,34.7,40,19.2,36.4,11.8,0,0.00,460.0
2023-08-14T11:00,36.8,33,17.9,38.7,10.1,0,0.00,645.0
2023-08-14T12:00,36.4,35,18.6,37.6,20.5,3,0.00,749.0
2023-08-14T13:00,36.2,38,19.5,38.6,19.4,7,0.00,871.0
2023-08-14T14:00,36.8,36,19.4,39.4,18.7,5,0.00,900.0
2023-08-14T15:00,37.2,35,19.0,39.5,18.4,30,0.00,872.0
2023-08-14T16:00,36.8,36,19.5,38.1,21.6,23,0.00,723.0
2023-08-14T17:00,35.7,40,19.9,36.2,25.1,29,0.00,623.0
2023-08-14T18:00,34.8,41,19.4,34.8,24.0,17,0.00,452.0
2023-08-14T19:00,33.7,40,18.2,33.8,20.2,18,0.00,267.0
2023-08-14T20:00,32.0,40,16.8,31.1,22.5,6,0.00,86.0
2023-08-14T21:00,30.5,34,12.7,28.0,22.6,4,0.00,1.0
2023-08-14T22:00,29.4,31,10.6,26.7,19.6,2,0.00,0.0
2023-08-14T23:00,28.5,33,10.5,26.1,17.6,8,0.00,0.0
2023-08-15T00:00,27.9,37,11.6,26.3,14.4,22,0.00,0.0
2023-08-15T01:00,27.0,41,12.8,26.2,11.8,55,0.00,0.0
2023-08-15T02:00,26.9,43,13.2,26.0,12.6,41,0.00,0.0
2023-08-15T03:00,26.5,47,14.1,25.8,13.4,0,0.00,0.0
2023-08-15T04:00,26.1,52,15.6,25.9,13.9,0,0.00,0.0
2023-08-15T05:00,25.9,54,15.8,26.0,12.9,22,0.00,0.0
2023-08-15T06:00,25.5,54,15.6,25.8,11.2,57,0.00,0.0
2023-08-15T07:00,25.6,51,14.9,25.8,9.8,95,0.00,0.0
2023-08-15T08:00,26.3,49,14.7,26.6,8.9,63,0.00,51.0
2023-08-15T09:00,27.4,45,14.4,27.7,7.4,26,0.00,201.0
2023-08-15T10:00,28.9,40,14.0,29.1,7.5,13,0.00,399.0
2023-08-15T11:00,30.5,35,13.4,30.8,8.4,10,0.00,618.0
2023-08-15T12:00,31.8,32,13.3,32.6,11.0,6,0.00,797.0
2023-08-15T13:00,32.9,29,12.8,33.6,13.8,2,0.00,897.0
2023-08-15T14:00,33.8,26,11.6,34.0,16.0,0,0.00,942.0
2023-08-15T15:00,34.4,24,10.9,34.0,17.5,0,0.00,921.0
2023-08-15T16:00,34.7,23,10.4,33.6,18.3,0,0.00,839.0
2023-08-15T17:00,34.5,22,10.1,32.4,19.7,0,0.00,694.0
2023-08-15T18:00,33.9,24,10.4,31.1,20.2,0,0.00,503.0
2023-08-15T19:00,33.1,26,11.3,31.1,16.1,0,0.00,289.0
2023-08-15T20:00,32.2,29,11.7,30.9,12.7,0,0.00,89.0
2023-08-15T21:00,30.8,32,12.2,30.3,8.2,0,0.00,1.0
2023-08-15T22:00,29.8,35,12.7,28.8,12.9,0,0.00,0.0
2023-08-15T23:00,28.9,37,12.7,27.8,13.2,0,0.00,0.0
2023-08-16T00:00,28.0,40,13.1,27.2,11.6,0,0.00,0.0
2023-08-16T01:00,27.0,44,13.8,26.8,10.1,0,0.00,0.0
2023-08-16T02:00,26.4,47,14.3,26.0,12.3,0,0.00,0.0
2023-08-16T03:00,25.5,51,14.5,25.2,11.9,0,0.00,0.0
2023-08-16T04:00,24.6,53,14.4,24.9,7.9,0,0.00,0.0
2023-08-16T05:00,23.9,55,14.4,24.5,5.8,0,0.00,0.0
2023-08-16T06:00,23.1,59,14.6,23.8,5.6,0,0.00,0.0
2023-08-16T07:00,22.1,65,15.2,22.9,6.7,0,0.00,0.0
2023-08-16T08:00,23.7,58,15.0,24.6,5.4,0,0.00,74.0
2023-08-16T09:00,25.9,48,14.2,26.5,5.2,0,0.00,266.0
2023-08-16T10:00,27.9,40,13.1,28.0,5.8,0,0.00,477.0
2023-08-16T11:00,29.4,36,12.8,30.5,3.7,0,0.00,667.0
2023-08-16T12:00,31.0,32,12.6,32.9,4.6,0,0.00,818.0
2023-08-16T13:00,32.5,30,12.4,34.7,5.8,0,0.00,914.0
2023-08-16T14:00,33.8,26,11.8,35.8,6.9,0,0.00,948.0
2023-08-16T15:00,34.8,24,11.1,36.0,9.2,0,0.00,919.0
2023-08-16T16:00,35.3,23,11.1,35.5,11.8,0,0.00,827.0
2023-08-16T17:00,35.5,24,11.9,35.1,11.0,0,0.00,680.0
2023-08-16T18:00,35.2,25,12.1,34.4,9.4,0,0.00,492.0
2023-08-16T19:00,34.8,23,10.4,33.7,8.1,0,0.00,282.0
2023-08-16T20:00,33.2,24,9.9,31.8,8.9,0,0.00,87.0
2023-08-16T21:00,31.5,25,9.4,29.6,11.5,0,0.00,1.0
2023-08-16T22:00,30.5,27,9.2,28.7,11.3,0,0.00,0.0
2023-08-16T23:00,29.7,29,9.6,27.4,15.0,0,0.00,0.0
2023-08-17T00:00,28.7,30,9.4,26.8,11.5,0,0.00,0.0
2023-08-17T01:00,27.6,32,9.4,26.1,9.0,0,0.00,0.0
2023-08-17T02:00,26.9,36,10.6,25.8,8.7,0,0.00,0.0
2023-08-17T03:00,26.2,40,11.5,25.4,8.6,0,0.00,0.0
2023-08-17T04:00,26.0,41,11.9,25.1,10.9,0,0.00,0.0
2023-08-17T05:00,26.0,45,12.9,25.3,11.1,0,0.00,0.0
2023-08-17T06:00,25.6,48,13.8,25.3,10.6,0,0.00,0.0
2023-08-17T07:00,24.6,51,13.9,24.5,9.6,0,0.00,0.0
2023-08-17T08:00,25.6,48,13.9,25.3,11.0,0,0.00,71.0
2023-08-17T09:00,28.7,38,13.0,28.4,8.2,0,0.00,261.0
2023-08-17T10:00,32.2,29,11.8,31.1,11.2,0,0.00,469.0
2023-08-17T11:00,35.2,25,12.5,34.6,13.8,0,0.00,656.0
2023-08-17T12:00,37.8,25,14.2,38.5,14.1,0,0.00,805.0
2023-08-17T13:00,40.2,23,15.1,41.9,12.7,0,0.00,899.0
2023-08-17T14:00,41.8,20,14.2,44.1,8.8,38,0.00,935.0
2023-08-17T15:00,42.8,17,12.9,44.4,8.0,12,0.00,879.0
2023-08-17T16:00,43.2,16,12.4,43.7,9.5,18,0.00,760.0
2023-08-17T17:00,43.3,15,11.2,42.1,13.3,44,0.00,621.0
2023-08-17T18:00,42.5,15,10.6,40.1,17.4,65,0.00,400.0
2023-08-17T19:00,41.5,19,13.1,40.3,14.7,14,0.00,218.0
2023-08-17T20:00,39.3,22,13.6,38.6,12.7,7,0.00,79.0
2023-08-17T21:00,37.2,26,14.2,36.3,15.4,5,0.00,1.0
2023-08-17T22:00,35.8,28,14.6,35.0,16.4,7,0.00,0.0
2023-08-17T23:00,34.8,31,15.2,34.4,14.8,0,0.00,0.0
2023-08-18T00:00,34.0,33,15.5,33.6,15.6,0,0.00,0.0
2023-08-18T01:00,33.2,34,15.4,33.2,12.3,0,0.00,0.0
2023-08-18T02:00,32.1,37,15.4,32.5,9.4,0,0.00,0.0
2023-08-18T03:00,30.9,40,15.6,31.6,8.1,0,0.00,0.0
2023-08-18T04:00,30.0,42,15.6,30.9,7.0,0,0.00,0.0
2023-08-18T05:00,29.4,43,15.4,30.3,6.5,0,0.00,0.0
2023-08-18T06:00,28.8,44,15.3,29.5,7.0,0,0.00,0.0
2023-08-18T07:00,30.4,36,13.5,30.0,10.4,0,0.00,0.0
2023-08-18T08:00,30.9,35,13.8,30.1,13.4,0,0.00,68.0
2023-08-18T09:00,33.3,31,13.6,32.4,14.3,30,0.00,257.0
2023-08-18T10:00,35.8,25,12.6,34.4,14.3,52,0.00,465.0
2023-08-18T11:00,38.0,21,11.9,37.3,13.1,0,0.00,655.0
2023-08-18T12:00,40.2,18,11.2,40.1,12.9,0,0.00,806.0
2023-08-18T13:00,41.8,15,10.2,42.0,13.0,0,0.00,903.0
2023-08-18T14:00,42.7,15,10.4,43.0,13.2,0,0.00,938.0
2023-08-18T15:00,43.0,15,10.9,43.2,13.7,0,0.00,907.0
2023-08-18T16:00,43.0,15,11.2,42.7,14.3,1,0.00,822.0
2023-08-18T17:00,42.7,16,11.1,41.4,15.3,32,0.00,657.0
2023-08-18T18:00,42.1,15,10.6,40.4,13.0,40,0.00,400.0
2023-08-18T19:00,41.3,18,12.4,40.3,12.4,17,0.00,245.0
2023-08-18T20:00,39.3,21,12.7,38.7,9.8,8,0.00,77.0
2023-08-18T21:00,37.3,26,14.4,36.7,14.0,4,0.00,0.0
2023-08-18T22:00,36.2,28,15.0,35.7,14.8,0,0.00,0.0
2023-08-18T23:00,35.5,28,14.2,34.6,15.4,0,0.00,0.0
2023-08-19T00:00,34.5,30,14.3,33.9,14.1,0,0.00,0.0
2023-08-19T01:00,34.0,31,14.4,33.2,15.2,0,0.00,0.0
2023-08-19T02:00,33.5,31,14.1,32.3,17.4,0,0.00,0.0
2023-08-19T03:00,32.9,31,13.7,31.7,16.6,0,0.00,0.0
2023-08-19T04:00,32.3,32,13.4,31.1,15.9,0,0.00,0.0
2023-08-19T05:00,31.8,33,13.3,30.6,15.1,0,0.00,0.0
2023-08-19T06:00,31.1,34,13.2,30.0,14.9,0,0.00,0.0
2023-08-19T07:00,30.0,40,15.1,29.5,15.2,0,0.00,0.0
2023-08-19T08:00,30.5,41,15.8,30.4,14.0,0,0.00,68.0
2023-08-19T09:00,32.7,37,16.1,32.9,12.4,0,0.00,254.0
2023-08-19T10:00,35.0,33,16.5,35.8,10.1,0,0.00,461.0
2023-08-19T11:00,37.2,29,16.4,38.7,8.4,0,0.00,648.0
2023-08-19T12:00,39.0,25,15.6,40.8,10.0,0,0.00,797.0
2023-08-19T13:00,40.2,23,14.8,42.1,11.3,0,0.00,892.0
2023-08-19T14:00,40.8,22,15.0,42.9,11.7,0,0.00,926.0
2023-08-19T15:00,41.2,22,15.1,43.1,12.4,4,0.00,898.0
2023-08-19T16:00,41.5,21,14.8,42.7,11.1,54,0.00,762.0
2023-08-19T17:00,40.8,21,13.9,40.7,9.7,80,0.00,449.0
2023-08-19T18:00,40.3,20,13.1,38.4,20.0,76,0.00,329.0
2023-08-19T19:00,40.3,22,14.4,40.3,10.1,100,0.00,187.0
2023-08-19T20:00,38.9,23,14.0,38.5,11.8,96,0.00,46.0
2023-08-19T21:00,36.8,26,14.1,36.3,12.5,75,0.00,0.0
2023-08-19T22:00,35.5,28,14.4,35.9,6.8,75,0.00,0.0
2023-08-19T23:00,34.6,31,15.2,35.1,8.7,8,0.00,0.0
2023-08-20T00:00,33.7,34,15.6,34.3,8.7,7,0.00,0.0
2023-08-20T01:00,33.2,37,16.7,34.1,9.8,0,0.00,0.0
2023-08-20T02:00,32.0,42,17.6,33.9,5.8,0,0.00,0.0
2023-08-20T03:00,31.2,46,18.0,33.2,6.1,0,0.00,0.0
2023-08-20T04:00,30.7,48,18.3,32.8,6.6,0,0.00,0.0
2023-08-20T05:00,29.7,50,18.0,31.7,6.5,0,0.00,0.0
2023-08-20T06:00,29.5,48,17.2,31.3,5.4,0,0.00,0.0
2023-08-20T07:00,29.0,41,14.5,29.7,5.7,0,0.00,0.0
2023-08-20T08:00,30.2,40,15.1,30.8,7.6,0,0.00,65.0
2023-08-20T09:00,33.3,35,15.6,34.3,5.8,0,0.00,250.0
2023-08-20T10:00,36.2,29,15.4,37.1,6.2,0,0.00,456.0
2023-08-20T11:00,38.5,26,15.6,39.8,7.5,0,0.00,643.0
2023-08-20T12:00,40.0,25,16.2,41.9,10.8,0,0.00,791.0
2023-08-20T13:00,41.0,24,16.4,43.2,12.5,17,0.00,881.0
2023-08-20T14:00,41.9,22,16.1,43.5,13.2,96,0.00,805.0
2023-08-20T15:00,42.2,21,15.0,42.1,15.9,52,0.00,665.0
2023-08-20T16:00,41.2,21,14.7,40.0,20.0,97,0.00,580.0
2023-08-20T17:00,41.4,23,16.0,41.5,13.4,79,0.00,487.0
2023-08-20T18:00,40.5,21,14.3,38.2,25.5,70,0.00,356.0
2023-08-20T19:00,40.0,26,16.6,39.2,21.7,97,0.00,185.0
2023-08-20T20:00,38.7,29,17.7,39.2,15.6,40,0.00,64.0
2023-08-20T21:00,36.8,32,17.5,36.6,20.0,61,0.00,0.0
2023-08-20T22:00,36.2,35,18.1,37.0,14.9,3,0.00,0.0
2023-08-20T23:00,35.1,40,19.4,37.0,10.9,1,0.00,0.0
2023-08-21T00:00,33.8,44,20.0,36.0,11.2,0,0.00,0.0
2023-08-21T01:00,33.2,48,20.6,35.4,14.1,1,0.00,0.0
2023-08-21T02:00,32.6,52,21.5,35.6,11.5,4,0.00,0.0
2023-08-21T03:00,31.7,54,21.1,34.8,9.0,34,0.00,0.0
2023-08-21T04:00,30.9,54,20.5,33.8,7.8,0,0.00,0.0
2023-08-21T05:00,29.9,55,19.9,32.5,7.9,83,0.00,0.0
2023-08-21T06:00,29.9,53,19.3,32.0,10.0,7,0.00,0.0
2023-08-21T07:00,28.4,56,18.7,30.0,11.0,1,0.00,0.0
2023-08-21T08:00,29.0,54,18.7,30.6,10.8,17,0.00,62.0
2023-08-21T09:00,30.9,47,18.4,32.3,11.6,13,0.00,241.0
2023-08-21T10:00,33.0,42,18.4,34.5,11.4,1,0.00,452.0
2023-08-21T11:00,35.1,38,18.9,37.2,11.9,0,0.00,642.0
2023-08-21T12:00,37.2,34,19.0,39.8,14.1,0,0.00,790.0
2023-08-21T13:00,39.0,28,17.4,40.9,17.3,0,0.00,884.0
2023-08-21T14:00,40.0,26,16.7,41.2,19.9,7,0.00,918.0
2023-08-21T15:00,40.6,25,16.8,41.8,19.4,89,0.00,887.0
2023-08-21T16:00,40.3,25,16.2,40.1,20.5,99,0.00,678.0
2023-08-21T17:00,39.3,27,17.0,38.5,22.1,98,0.00,513.0
2023-08-21T18:00,38.7,28,17.1,39.5,11.6,55,0.00,262.0
2023-08-21T19:00,39.3,26,16.2,38.2,22.1,71,0.00,232.0
2023-08-21T20:00,38.2,28,16.7,37.9,17.4,67,0.00,53.0
2023-08-21T21:00,36.5,32,17.0,36.8,15.3,12,0.00,0.0
2023-08-21T22:00,35.4,35,17.5,36.3,12.3,8,0.00,0.0
2023-08-21T23:00,34.4,37,17.8,35.6,11.2,72,0.00,0.0
2023-08-22T00:00,33.7,38,17.5,34.9,10.1,100,0.00,0.0
2023-08-22T01:00,33.2,38,17.1,34.3,9.5,87,0.00,0.0
2023-08-22T02:00,32.7,40,17.2,33.7,10.5,32,0.00,0.0
2023-08-22T03:00,32.2,42,17.6,33.2,11.3,3,0.00,0.0
2023-08-22T04:00,31.2,46,18.4,32.9,9.4,0,0.00,0.0
2023-08-22T05:00,30.5,49,18.6,32.5,8.8,0,0.00,0.0
2023-08-22T06:00,30.0,51,18.7,31.8,9.3,0,0.00,0.0
2023-08-22T07:00,29.1,58,20.0,31.8,8.2,0,0.00,0.0
2023-08-22T08:00,30.0,53,19.5,32.1,9.8,0,0.00,61.0
2023-08-22T09:00,31.9,46,19.0,33.5,12.0,54,0.00,243.0
2023-08-22T10:00,33.8,44,19.8,36.2,8.8,90,0.00,447.0
2023-08-22T11:00,35.5,41,20.2,38.8,7.8,100,0.00,634.0
2023-08-22T12:00,36.8,38,20.2,40.7,9.4,89,0.00,766.0
2023-08-22T13:00,38.0,35,20.1,41.9,11.5,99,0.00,840.0
2023-08-22T14:00,38.8,33,19.8,42.3,13.7,99,0.00,870.0
2023-08-22T15:00,39.3,30,18.7,41.9,15.3,91,0.00,852.0
2023-08-22T16:00,39.2,30,18.4,40.5,17.7,13,0.00,699.0
2023-08-22T17:00,39.4,30,18.8,40.7,15.9,49,0.00,627.0
2023-08-22T18:00,39.1,31,18.8,40.0,16.4,99,0.00,438.0
2023-08-22T19:00,37.8,31,17.5,37.9,17.6,100,0.00,219.0
2023-08-22T20:00,36.7,32,17.4,36.7,17.5,100,0.00,52.0
2023-08-22T21:00,35.5,35,17.8,35.2,20.8,100,0.00,0.0
2023-08-22T22:00,34.7,37,17.8,34.8,18.4,100,0.00,0.0
2023-08-22T23:00,34.2,38,17.9,34.3,18.9,100,0.00,0.0
2023-08-23T00:00,33.9,39,18.0,34.6,15.2,100,0.00,0.0
2023-08-23T01:00,33.2,41,18.2,34.4,11.7,100,0.00,0.0
2023-08-23T02:00,32.5,43,18.4,34.1,9.8,100,0.00,0.0
2023-08-23T03:00,31.9,45,18.5,33.3,11.5,100,0.00,0.0
2023-08-23T04:00,31.0,49,19.0,32.7,11.8,100,0.00,0.0
2023-08-23T05:00,30.1,55,20.2,32.6,10.8,100,0.00,0.0
2023-08-23T06:00,29.5,59,20.8,32.5,9.1,100,0.00,0.0
2023-08-23T07:00,29.0,60,20.4,32.2,6.3,100,0.00,0.0
2023-08-23T08:00,29.9,58,20.7,33.0,7.4,98,0.00,58.0
2023-08-23T09:00,31.7,53,21.0,35.0,7.4,99,0.00,236.0
2023-08-23T10:00,33.5,47,20.5,36.7,5.6,85,0.00,444.0
2023-08-23T11:00,35.1,42,20.2,38.9,5.0,98,0.00,632.0
2023-08-23T12:00,36.7,36,19.4,40.3,8.9,76,0.00,773.0
2023-08-23T13:00,37.8,33,18.6,41.0,11.1,79,0.00,845.0
2023-08-23T14:00,38.7,31,18.6,42.3,9.9,2,0.00,872.0
2023-08-23T15:00,39.4,29,18.4,42.8,9.7,6,0.00,862.0
2023-08-23T16:00,39.6,29,18.1,42.4,9.5,12,0.00,765.0
2023-08-23T17:00,39.8,28,17.6,41.4,10.3,11,0.00,617.0
2023-08-23T18:00,39.3,28,17.2,40.2,11.4,11,0.00,409.0
2023-08-23T19:00,38.2,29,17.0,39.3,10.0,32,0.00,228.0
2023-08-23T20:00,37.3,29,16.5,38.4,8.2,9,0.00,61.0
2023-08-23T21:00,36.2,31,16.6,37.2,9.0,9,0.00,0.0
2023-08-23T22:00,35.5,34,17.0,37.0,6.3,7,0.00,0.0
2023-08-23T23:00,34.0,38,17.5,35.9,5.2,8,0.00,0.0
2023-08-24T00:00,33.3,39,17.6,35.6,3.6,8,0.00,0.0
2023-08-24T01:00,32.6,44,18.6,34.6,8.0,89,0.00,0.0
2023-08-24T02:00,31.9,46,18.8,34.2,6.4,99,0.00,0.0
2023-08-24T03:00,31.5,46,18.5,33.7,5.7,98,0.00,0.0
2023-08-24T04:00,31.0,47,18.2,33.2,5.2,99,0.00,0.0
2023-08-24T05:00,30.8,47,18.0,33.1,4.4,99,0.00,0.0
2023-08-24T06:00,30.6,47,18.0,32.9,4.2,100,0.00,0.0
2023-08-24T07:00,30.4,53,19.9,32.9,8.2,96,0.00,0.0
2023-08-24T08:00,31.3,51,20.0,33.9,8.2,99,0.00,52.0
2023-08-24T09:00,33.0,46,20.0,36.0,5.4,83,0.00,205.0
2023-08-24T10:00,35.0,40,19.2,38.0,3.1,82,0.00,427.0
2023-08-24T11:00,37.0,34,18.7,40.0,4.1,93,0.00,614.0
2023-08-24T12:00,38.2,32,18.5,42.5,2.0,86,0.00,755.0
2023-08-24T13:00,39.3,29,18.1,43.6,3.4,21,0.00,830.0
2023-08-24T14:00,40.0,27,17.5,43.6,5.6,24,0.00,833.0
2023-08-24T15:00,40.5,26,17.0,43.5,6.9,27,0.00,819.0
2023-08-24T16:00,40.6,24,16.2,42.5,7.4,24,0.00,694.0
2023-08-24T17:00,40.5,24,16.0,41.6,6.3,87,0.00,529.0
2023-08-24T18:00,40.0,25,16.1,41.4,5.1,94,0.00,390.0
2023-08-24T19:00,39.5,22,14.1,39.1,11.9,99,0.00,230.0
2023-08-24T20:00,37.5,28,15.9,37.5,13.4,98,0.00,55.0
2023-08-24T21:00,36.7,30,16.2,37.3,10.2,93,0.00,0.0
2023-08-24T22:00,36.0,33,17.3,37.1,10.2,18,0.00,0.0
2023-08-24T23:00,34.9,37,17.9,36.6,8.0,18,0.00,0.0
2023-08-25T00:00,33.5,40,18.0,35.2,7.6,0,0.00,0.0
2023-08-25T01:00,33.2,41,18.2,35.2,6.8,11,0.00,0.0
2023-08-25T02:00,33.0,42,18.4,34.7,9.7,34,0.00,0.0
2023-08-25T03:00,32.3,41,17.6,33.6,9.8,34,0.00,0.0
2023-08-25T04:00,31.5,41,16.6,32.7,7.6,91,0.00,0.0
2023-08-25T05:00,30.8,41,16.1,31.9,6.8,97,0.00,0.0
2023-08-25T06:00,30.3,42,15.9,31.3,7.4,93,0.00,0.0
2023-08-25T07:00,30.6,48,18.5,33.2,4.3,24,0.00,0.0
2023-08-25T08:00,30.9,48,18.5,33.7,2.2,42,0.00,51.0
2023-08-25T09:00,33.4,41,18.5,35.9,4.1,22,0.00,214.0
2023-08-25T10:00,35.7,36,18.2,37.4,8.9,19,0.00,398.0
2023-08-25T11:00,37.8,31,18.0,39.5,8.5,45,0.00,576.0
2023-08-25T12:00,39.7,26,16.4,41.8,5.9,92,0.00,689.0
2023-08-25T13:00,40.7,22,15.1,43.2,4.7,93,0.00,783.0
2023-08-25T14:00,41.5,21,14.5,43.7,6.8,26,0.00,836.0
2023-08-25T15:00,42.0,20,14.4,43.7,8.6,22,0.00,795.0
2023-08-25T16:00,42.3,19,13.9,43.4,9.5,33,0.00,749.0
2023-08-25T17:00,42.2,19,13.7,42.2,9.7,36,0.00,596.0
2023-08-25T18:00,41.3,20,13.6,41.1,9.2,35,0.00,374.0
2023-08-25T19:00,39.7,24,15.6,38.8,19.5,11,0.00,222.0
2023-08-25T20:00,38.5,26,15.4,38.2,14.6,16,0.00,53.0
2023-08-25T21:00,37.8,26,15.2,37.6,13.2,12,0.00,0.0
2023-08-25T22:00,36.3,30,15.9,37.0,9.0,3,0.00,0.0
2023-08-25T23:00,35.0,33,16.2,36.3,5.9,13,0.00,0.0
2023-08-26T00:00,34.5,35,16.6,35.5,9.6,84,0.00,0.0
2023-08-26T01:00,34.2,35,16.6,34.8,12.2,88,0.00,0.0
2023-08-26T02:00,33.7,33,15.4,34.0,10.5,2,0.00,0.0
2023-08-26T03:00,33.0,33,14.6,32.8,12.2,1,0.00,0.0
2023-08-26T04:00,32.3,34,14.6,32.3,10.4,5,0.00,0.0
2023-08-26T05:00,31.8,37,15.1,31.9,11.0,18,0.00,0.0
2023-08-26T06:00,31.6,39,15.9,32.0,11.3,3,0.00,0.0
2023-08-26T07:00,31.5,41,16.8,32.2,11.3,3,0.00,0.0
2023-08-26T08:00,32.0,42,17.4,32.9,12.0,92,0.00,54.0
2023-08-26T09:00,34.3,37,17.4,35.8,8.4,86,0.00,237.0
2023-08-26T10:00,36.7,31,17.0,38.4,4.9,14,0.00,445.0
2023-08-26T11:00,38.8,27,16.4,40.8,4.7,16,0.00,625.0
2023-08-26T12:00,40.3,23,15.5,42.9,4.7,3,0.00,764.0
2023-08-26T13:00,41.3,22,15.1,43.8,5.5,35,0.00,804.0
2023-08-26T14:00,42.0,21,15.0,44.8,4.6,43,0.00,843.0
2023-08-26T15:00,41.8,21,14.9,44.5,2.2,33,0.00,757.0
2023-08-26T16:00,42.0,21,14.9,44.7,0.8,39,0.00,729.0
2023-08-26T17:00,41.5,21,14.9,42.4,4.9,53,0.00,529.0
2023-08-26T18:00,40.9,22,14.9,41.8,4.8,29,0.00,402.0
2023-08-26T19:00,42.2,15,10.4,41.0,9.3,7,0.00,216.0
2023-08-26T20:00,36.8,28,15.3,36.0,17.7,16,0.00,48.0
2023-08-26T21:00,35.3,32,16.0,36.6,5.4,100,0.00,0.0
2023-08-26T22:00,34.9,33,16.1,36.8,1.3,93,0.00,0.0
2023-08-26T23:00,34.0,33,15.4,35.3,3.9,90,0.00,0.0
2023-08-27T00:00,33.6,34,15.8,35.0,3.8,35,0.00,0.0
2023-08-27T01:00,33.2,38,16.9,33.6,13.8,10,0.00,0.0
2023-08-27T02:00,32.8,40,17.4,33.1,16.3,5,0.00,0.0
2023-08-27T03:00,32.1,44,18.3,33.5,11.0,18,0.00,0.0
2023-08-27T04:00,30.9,50,19.1,33.6,4.8,2,0.00,0.0
2023-08-27T05:00,30.4,53,19.7,33.1,6.5,0,0.00,0.0
2023-08-27T06:00,29.8,58,20.6,32.0,13.1,0,0.00,0.0
2023-08-27T07:00,28.5,66,21.5,32.1,6.7,0,0.00,0.0
2023-08-27T08:00,29.4,67,22.8,32.2,17.4,29,0.00,50.0
2023-08-27T09:00,30.6,65,23.1,33.8,16.5,44,0.00,218.0
2023-08-27T10:00,32.5,56,22.5,35.9,12.2,13,0.00,379.0
2023-08-27T11:00,34.7,49,22.4,38.1,12.7,57,0.00,571.0
2023-08-27T12:00,33.2,57,23.6,36.8,20.1,100,0.60,696.0
2023-08-27T13:00,33.2,58,23.8,36.1,20.6,100,0.00,345.0
2023-08-27T14:00,35.9,44,21.8,38.7,20.2,98,0.00,747.0
2023-08-27T15:00,34.8,46,21.5,38.5,11.5,89,0.70,696.0
2023-08-27T16:00,34.1,46,21.0,36.0,17.1,81,0.30,523.0
2023-08-27T17:00,33.8,49,21.4,36.7,11.4,82,0.00,405.0
2023-08-27T18:00,32.8,51,21.4,35.9,10.0,87,0.30,313.0
2023-08-27T19:00,29.2,63,21.5,33.0,6.3,56,0.00,172.0
2023-08-27T20:00,28.5,77,24.0,33.5,7.4,34,0.90,40.0
2023-08-27T21:00,26.5,85,23.8,30.0,16.6,72,0.10,0.0
2023-08-27T22:00,26.5,82,23.1,30.4,11.4,61,0.00,0.0
2023-08-27T23:00,26.9,76,22.4,30.8,8.5,33,0.00,0.0
2023-08-28T00:00,27.1,75,22.4,31.3,6.8,14,0.00,0.0
2023-08-28T01:00,27.4,75,22.5,31.8,5.6,37,0.00,0.0
2023-08-28T02:00,28.1,74,23.1,32.0,11.5,18,0.00,0.0
2023-08-28T03:00,28.4,66,21.4,30.8,14.8,3,0.00,0.0
2023-08-28T04:00,28.0,63,20.3,29.9,14.9,1,0.00,0.0
2023-08-28T05:00,27.5,60,19.2,28.8,15.5,3,0.00,0.0
2023-08-28T06:00,27.1,58,18.2,27.9,15.6,90,0.00,0.0
2023-08-28T07:00,25.7,66,19.0,27.0,14.1,99,0.00,0.0
2023-08-28T08:00,26.2,64,19.0,27.4,15.0,0,0.00,54.0
2023-08-28T09:00,27.5,60,19.2,28.6,16.9,0,0.00,237.0
2023-08-28T10:00,29.0,58,19.9,30.4,16.3,0,0.00,449.0
2023-08-28T11:00,30.8,52,19.9,32.6,17.1,24,0.00,642.0
2023-08-28T12:00,32.0,46,19.0,33.5,18.1,17,0.00,705.0
2023-08-28T13:00,33.1,41,18.0,34.7,19.2,10,0.00,854.0
2023-08-28T14:00,33.7,38,17.4,35.1,19.5,10,0.00,863.0
2023-08-28T15:00,34.2,36,16.9,35.1,19.3,29,0.00,822.0
2023-08-28T16:00,34.3,33,15.9,34.5,19.1,22,0.00,742.0
2023-08-28T17:00,34.2,26,11.7,31.6,22.0,0,0.00,578.0
2023-08-28T18:00,33.8,24,10.1,30.7,21.4,0,0.00,445.0
2023-08-28T19:00,33.2,23,9.0,30.6,16.0,0,0.00,243.0
2023-08-28T20:00,31.3,25,8.9,29.0,14.1,0,0.00,54.0
2023-08-28T21:00,29.8,32,11.1,28.1,13.7,2,0.00,0.0
2023-08-28T22:00,28.9,37,12.9,27.7,13.9,23,0.00,0.0
2023-08-28T23:00,28.2,41,13.7,28.1,9.0,5,0.00,0.0
2023-08-29T00:00,27.4,48,15.2,26.8,15.8,4,0.00,0.0
2023-08-29T01:00,27.4,47,14.9,26.6,16.6,13,0.00,0.0
2023-08-29T02:00,27.0,45,13.9,26.3,12.8,0,0.00,0.0
2023-08-29T03:00,26.4,46,13.9,26.1,10.8,0,0.00,0.0
2023-08-29T04:00,26.0,49,14.4,25.8,11.1,7,0.00,0.0
2023-08-29T05:00,25.5,52,14.8,25.5,11.0,2,0.00,0.0
2023-08-29T06:00,25.0,54,15.2,25.3,10.0,0,0.00,0.0
2023-08-29T07:00,25.7,62,18.0,28.1,3.3,0,0.00,0.0
2023-08-29T08:00,26.0,64,18.6,29.0,0.7,4,0.00,44.0
2023-08-29T09:00,27.5,61,19.3,30.6,3.0,5,0.00,230.0
2023-08-29T10:00,29.3,56,19.5,32.0,5.9,1,0.00,438.0
2023-08-29T11:00,30.8,50,19.1,34.3,2.9,22,0.00,624.0
2023-08-29T12:00,32.2,44,18.3,35.2,7.3,22,0.00,715.0
2023-08-29T13:00,33.5,41,18.3,36.3,11.2,14,0.00,798.0
2023-08-29T14:00,34.3,37,17.6,36.6,14.4,6,0.00,854.0
2023-08-29T15:00,35.0,34,16.8,36.7,14.7,8,0.00,836.0
2023-08-29T16:00,35.6,32,16.4,36.7,15.0,11,0.00,750.0
2023-08-29T17:00,36.0,30,15.8,35.8,16.6,21,0.00,611.0
2023-08-29T18:00,35.9,27,14.2,34.4,19.4,29,0.00,428.0
2023-08-29T19:00,35.3,26,12.8,34.3,13.0,87,0.00,209.0
2023-08-29T20:00,33.2,30,13.5,33.4,6.4,39,0.00,47.0
2023-08-29T21:00,32.0,35,14.7,32.6,6.5,82,0.00,0.0
2023-08-29T22:00,31.1,38,15.2,31.9,6.4,59,0.00,0.0
2023-08-29T23:00,30.4,41,15.6,31.4,5.3,12,0.00,0.0
2023-08-30T00:00,30.0,42,15.8,31.5,3.5,18,0.00,0.0
2023-08-30T01:00,28.6,47,16.3,29.0,12.4,18,0.00,0.0
2023-08-30T02:00,28.8,46,15.9,28.9,12.5,1,0.00,0.0
2023-08-30T03:00,27.9,48,15.9,28.7,8.3,0,0.00,0.0
2023-08-30T04:00,27.0,52,16.5,27.9,9.4,0,0.00,0.0
2023-08-30T05:00,26.5,56,16.9,27.4,10.5,1,0.00,0.0
2023-08-30T06:00,26.0,58,17.2,27.1,9.7,1,0.00,0.0
2023-08-30T07:00,25.4,57,16.1,26.2,8.7,7,0.00,0.0
2023-08-30T08:00,26.0,57,16.8,26.7,11.2,11,0.00,51.0
2023-08-30T09:00,28.4,48,16.4,29.4,8.3,2,0.00,232.0
2023-08-30T10:00,30.8,40,15.6,31.4,9.0,0,0.00,445.0
2023-08-30T11:00,32.5,34,14.5,32.6,12.6,0,0.00,634.0
2023-08-30T12:00,33.8,30,13.8,34.0,15.6,0,0.00,784.0
2023-08-30T13:00,35.0,27,12.9,35.2,16.1,0,0.00,882.0
2023-08-30T14:00,36.0,24,12.1,36.1,16.6,0,0.00,920.0
2023-08-30T15:00,36.5,22,11.5,36.1,17.0,3,0.00,871.0
2023-08-30T16:00,36.7,22,11.2,35.5,18.9,10,0.00,784.0
2023-08-30T17:00,36.5,21,10.4,34.1,17.9,53,0.00,559.0
2023-08-30T18:00,35.8,22,10.9,32.9,21.7,42,0.00,310.0
2023-08-30T19:00,35.0,23,10.5,33.5,11.7,26,0.00,160.0
2023-08-30T20:00,33.0,27,11.6,32.8,5.1,5,0.00,40.0
2023-08-30T21:00,31.6,33,13.6,31.8,6.7,9,0.00,0.0
2023-08-30T22:00,30.3,39,14.9,31.0,6.3,4,0.00,0.0
2023-08-30T23:00,29.4,43,15.4,30.3,6.0,0,0.00,0.0
2023-08-31T00:00,28.6,45,15.7,29.5,7.4,0,0.00,0.0
2023-08-31T01:00,28.6,46,15.7,29.9,4.3,5,0.00,0.0
2023-08-31T02:00,27.2,51,16.1,28.6,5.1,10,0.00,0.0
2023-08-31T03:00,26.8,50,15.6,27.7,6.9,0,0.00,0.0
2023-08-31T04:00,26.0,52,15.4,26.9,7.1,3,0.00,0.0
2023-08-31T05:00,25.4,55,15.7,26.4,6.4,1,0.00,0.0
2023-08-31T06:00,24.9,58,16.2,26.1,6.1,0,0.00,0.0
2023-08-31T07:00,24.2,58,15.4,25.1,6.6,0,0.00,0.0
2023-08-31T08:00,24.9,57,15.8,25.7,7.5,5,0.00,51.0
2023-08-31T09:00,27.5,49,15.8,28.5,6.6,10,0.00,232.0
2023-08-31T10:00,30.0,40,14.9,30.4,8.4,11,0.00,436.0
2023-08-31T11:00,31.8,36,14.6,32.8,6.8,6,0.00,625.0
2023-08-31T12:00,33.1,34,14.9,35.0,7.9,2,0.00,782.0
2023-08-31T13:00,34.1,32,15.1,36.6,7.8,0,0.00,879.0
2023-08-31T14:00,35.0,31,15.1,37.9,6.4,1,0.00,906.0
2023-08-31T15:00,35.4,29,14.5,37.6,7.8,1,0.00,868.0
2023-08-31T16:00,35.7,27,13.6,36.9,8.1,2,0.00,761.0
2023-08-31T17:00,35.7,23,11.4,36.0,4.0,0,0.00,624.0
2023-08-31T18:00,36.2,19,9.1,35.3,4.3,1,0.00,434.0
2023-08-31T19:00,35.7,22,10.6,35.1,4.8,2,0.00,224.0
2023-08-31T20:00,32.8,30,12.9,32.8,6.6,0,0.00,45.0
2023-08-31T21:00,31.5,35,14.2,31.5,10.0,0,0.00,0.0
2023-08-31T22:00,30.9,37,14.6,30.2,15.2,0,0.00,0.0
2023-08-31T23:00,30.0,42,15.6,29.1,19.4,0,0.00,0.0
2023-09-01T00:00,28.9,45,15.6,28.7,14.6,0,0.00,0.0
2023-09-01T01:00,28.2,46,15.6,28.2,13.2,0,0.00,0.0
2023-09-01T02:00,27.6,47,15.4,27.5,13.2,0,0.00,0.0
2023-09-01T03:00,27.1,48,15.2,27.0,12.7,0,0.00,0.0
2023-09-01T04:00,26.6,50,15.3,26.6,12.8,0,0.00,0.0
2023-09-01T05:00,26.1,52,15.6,26.3,12.0,0,0.00,0.0
2023-09-01T06:00,25.5,55,15.8,26.0,10.3,0,0.00,0.0
2023-09-01T07:00,24.9,56,15.6,24.5,15.7,0,0.00,0.0
2023-09-01T08:00,25.4,53,15.1,24.8,16.0,4,0.00,50.0
2023-09-01T09:00,27.3,45,14.3,26.2,17.0,0,0.00,230.0
2023-09-01T10:00,29.5,38,13.9,28.5,15.5,0,0.00,441.0
2023-09-01T11:00,31.5,35,14.1,31.1,15.1,0,0.00,632.0
2023-09-01T12:00,33.1,33,14.6,33.9,13.5,0,0.00,783.0
2023-09-01T13:00,34.5,31,14.8,36.2,11.7,0,0.00,879.0
2023-09-01T14:00,35.3,29,14.8,37.5,10.2,0,0.00,910.0
2023-09-01T15:00,35.8,28,14.3,37.9,8.9,3,0.00,876.0
2023-09-01T16:00,36.0,26,13.7,37.4,7.9,4,0.00,764.0
2023-09-01T17:00,36.2,25,13.4,36.4,9.5,1,0.00,624.0
2023-09-01T18:00,35.8,26,13.4,34.8,13.5,5,0.00,429.0
2023-09-01T19:00,34.7,27,12.9,33.4,14.9,1,0.00,219.0
2023-09-01T20:00,32.8,28,12.0,31.0,16.2,0,0.00,43.0
2023-09-01T21:00,31.4,32,12.5,29.6,17.3,0,0.00,0.0
2023-09-01T22:00,30.2,34,12.9,28.6,17.4,0,0.00,0.0
2023-09-01T23:00,29.4,37,13.2,27.3,21.6,0,0.00,0.0
2023-09-02T00:00,28.5,38,13.0,26.9,17.6,0,0.00,0.0
2023-09-02T01:00,27.2,43,13.6,26.5,13.2,0,0.00,0.0
2023-09-02T02:00,26.5,46,13.8,26.0,11.3,0,0.00,0.0
2023-09-02T03:00,25.7,46,13.3,25.6,7.8,0,0.00,0.0
2023-09-02T04:00,24.2,50,13.2,24.2,7.6,0,0.00,0.0
2023-09-02T05:00,23.6,53,13.4,23.5,8.3,0,0.00,0.0
2023-09-02T06:00,23.2,54,13.6,23.5,5.9,0,0.00,0.0
2023-09-02T07:00,22.5,54,12.8,22.2,8.4,0,0.00,0.0
2023-09-02T08:00,23.2,58,14.6,23.1,11.2,0,0.00,50.0
2023-09-02T09:00,25.8,55,16.0,26.7,8.0,1,0.00,233.0
2023-09-02T10:00,28.9,44,15.6,29.8,6.8,5,0.00,442.0
2023-09-02T11:00,31.6,36,14.9,31.9,12.3,0,0.00,634.0
2023-09-02T12:00,33.2,31,14.0,34.1,11.6,21,0.00,788.0
2023-09-02T13:00,34.5,27,12.9,36.0,8.0,0,0.00,850.0
2023-09-02T14:00,35.3,25,12.1,37.3,5.9,5,0.00,908.0
2023-09-02T15:00,35.8,23,11.4,37.2,6.8,100,0.00,870.0
2023-09-02T16:00,35.5,22,10.8,34.8,6.6,100,0.00,567.0
2023-09-02T17:00,35.2,22,10.4,34.3,6.8,94,0.00,351.0
2023-09-02T18:00,35.0,22,10.3,34.0,7.2,95,0.00,261.0
2023-09-02T19:00,34.0,20,8.1,31.7,12.5,100,0.00,104.0
2023-09-02T20:00,33.1,22,8.4,30.8,12.7,67,0.00,12.0
2023-09-02T21:00,31.8,23,8.1,29.4,12.8,20,0.00,0.0
2023-09-02T22:00,30.5,25,8.4,28.6,9.7,39,0.00,0.0
2023-09-02T23:00,29.7,31,10.6,28.5,9.4,22,0.00,0.0
2023-09-03T00:00,28.8,36,12.4,28.2,9.1,43,0.00,0.0
2023-09-03T01:00,28.0,40,13.2,27.9,7.6,34,0.00,0.0
2023-09-03T02:00,27.3,43,13.5,26.9,10.2,2,0.00,0.0
2023-09-03T03:00,26.5,42,12.6,26.2,7.2,4,0.00,0.0
2023-09-03T04:00,26.1,41,11.9,25.5,7.9,43,0.00,0.0
2023-09-03T05:00,25.7,42,11.7,25.1,7.6,55,0.00,0.0
2023-09-03T06:00,25.6,44,12.6,25.0,9.9,36,0.00,0.0
2023-09-03T07:00,22.6,81,19.2,22.8,23.1,47,0.00,0.0
2023-09-03T08:00,22.0,87,19.8,22.9,20.2,100,4.00,7.0
2023-09-03T09:00,22.7,86,20.3,23.7,20.5,96,1.90,16.0
2023-09-03T10:00,25.0,76,20.5,27.0,15.2,97,1.20,142.0
2023-09-03T11:00,30.0,56,20.2,32.2,12.3,100,0.00,459.0
2023-09-03T12:00,31.7,48,19.5,32.5,21.7,85,0.00,621.0
2023-09-03T13:00,33.6,45,19.9,35.8,19.7,95,0.00,813.0
2023-09-03T14:00,35.2,34,16.9,36.5,17.3,92,0.00,829.0
2023-09-03T15:00,33.0,42,18.2,35.2,14.5,95,0.60,789.0
2023-09-03T16:00,32.5,42,18.0,33.6,12.7,98,0.00,313.0
2023-09-03T17:00,33.6,37,16.7,32.7,22.0,97,0.00,406.0
2023-09-03T18:00,34.0,36,16.7,34.4,13.0,100,0.00,291.0
2023-09-03T19:00,26.8,68,20.4,26.6,29.2,99,0.00,148.0
2023-09-03T20:00,27.9,63,20.1,29.2,17.8,99,0.20,14.0
2023-09-03T21:00,27.6,63,19.8,30.8,3.9,100,0.00,0.0
2023-09-03T22:00,27.3,64,19.8,28.9,14.8,94,0.00,0.0
2023-09-03T23:00,27.0,65,19.8,29.1,11.4,2,0.00,0.0
2023-09-04T00:00,26.5,66,19.6,28.5,11.8,1,0.00,0.0
2023-09-04T01:00,26.8,62,18.8,28.5,10.8,14,0.00,0.0
2023-09-04T02:00,26.4,61,18.2,28.0,9.4,15,0.00,0.0
2023-09-04T03:00,26.2,58,17.4,27.4,10.4,36,0.00,0.0
2023-09-04T04:00,27.0,53,16.6,27.4,13.7,87,0.00,0.0
2023-09-04T05:00,27.4,57,18.1,28.1,15.3,72,0.00,0.0
2023-09-04T06:00,27.1,62,19.2,28.6,14.1,44,0.00,0.0
2023-09-04T07:00,26.4,69,20.1,29.1,8.3,11,0.00,0.0
2023-09-04T08:00,27.0,70,21.0,28.1,22.8,27,0.00,25.0
2023-09-04T09:00,28.9,66,21.8,31.1,17.3,99,0.00,143.0
2023-09-04T10:00,30.4,60,21.8,32.9,15.3,97,0.00,256.0
2023-09-04T11:00,32.3,53,21.4,34.7,14.9,20,0.00,414.0
2023-09-04T12:00,34.5,44,20.5,36.8,19.5,2,0.00,747.0
2023-09-04T13:00,35.7,39,19.8,38.5,16.9,15,0.00,852.0
2023-09-04T14:00,34.0,45,20.4,36.6,17.3,64,0.30,775.0
2023-09-04T15:00,35.7,39,19.8,37.3,18.6,36,0.00,683.0
2023-09-04T16:00,36.8,34,18.4,37.9,18.6,19,0.00,711.0
2023-09-04T17:00,36.8,32,17.5,36.7,20.1,10,0.00,576.0
2023-09-04T18:00,36.3,33,17.7,36.5,18.0,28,0.00,395.0
2023-09-04T19:00,35.8,31,16.1,35.2,17.9,25,0.00,190.0
2023-09-04T20:00,33.7,35,16.2,33.6,15.2,1,0.00,35.0
2023-09-04T21:00,32.7,39,16.8,33.3,11.8,1,0.00,0.0
2023-09-04T22:00,31.0,51,19.8,31.9,19.4,1,0.00,0.0
2023-09-04T23:00,30.1,56,20.5,30.8,23.2,1,0.00,0.0
2023-09-05T00:00,29.7,59,21.0,30.8,22.2,0,0.00,0.0
2023-09-05T01:00,30.1,59,21.1,31.0,23.9,0,0.00,0.0
2023-09-05T02:00,29.5,61,21.2,30.6,23.4,0,0.00,0.0
2023-09-05T03:00,29.0,63,21.3,30.5,20.9,0,0.00,0.0
2023-09-05T04:00,28.7,66,21.7,30.5,20.2,0,0.00,0.0
2023-09-05T05:00,28.3,69,22.0,30.1,21.6,0,0.00,0.0
2023-09-05T06:00,27.9,72,22.4,30.1,20.2,0,0.00,0.0
2023-09-05T07:00,26.6,80,23.0,29.5,17.3,0,0.00,0.0
2023-09-05T08:00,27.5,77,23.1,30.9,14.5,0,0.00,44.0
2023-09-05T09:00,29.2,70,23.1,32.6,15.2,0,0.00,220.0
2023-09-05T10:00,31.1,62,23.0,34.3,16.3,0,0.00,429.0
2023-09-05T11:00,33.0,56,23.0,36.3,17.7,0,0.00,614.0
2023-09-05T12:00,35.0,49,22.5,38.4,19.2,0,0.00,761.0
2023-09-05T13:00,36.8,40,21.0,39.6,20.3,1,0.00,841.0
2023-09-05T14:00,38.2,32,18.8,40.1,19.6,13,0.00,874.0
2023-09-05T15:00,38.8,29,17.8,40.4,17.4,23,0.00,815.0
2023-09-05T16:00,39.0,28,17.2,39.8,17.0,32,0.00,689.0
2023-09-05T17:00,39.0,27,16.9,39.0,16.9,26,0.00,546.0
2023-09-05T18:00,38.7,28,16.8,38.6,16.9,23,0.00,380.0
2023-09-05T19:00,37.5,29,16.6,37.2,17.5,17,0.00,194.0
2023-09-05T20:00,35.6,33,17.0,36.3,12.3,3,0.00,31.0
2023-09-05T21:00,34.3,38,17.8,35.4,11.3,1,0.00,0.0
2023-09-05T22:00,33.7,39,18.0,34.9,11.9,1,0.00,0.0
2023-09-05T23:00,33.2,41,18.1,34.2,13.2,1,0.00,0.0
2023-09-06T00:00,32.3,43,18.2,33.4,13.0,0,0.00,0.0
2023-09-06T01:00,31.5,44,17.8,31.8,17.4,0,0.00,0.0
2023-09-06T02:00,31.0,47,18.5,31.3,19.5,0,0.00,0.0
2023-09-06T03:00,30.8,49,18.7,31.3,18.0,0,0.00,0.0
2023-09-06T04:00,30.4,51,19.2,31.7,14.9,2,0.00,0.0
2023-09-06T05:00,29.9,56,20.2,31.6,15.5,21,0.00,0.0
2023-09-06T06:00,29.4,60,20.9,31.6,14.2,37,0.00,0.0
2023-09-06T07:00,28.3,61,20.0,30.4,12.3,7,0.00,0.0
2023-09-06T08:00,28.8,61,20.6,32.4,3.7,28,0.00,40.0
2023-09-06T09:00,30.1,57,20.8,34.0,2.2,14,0.00,184.0
2023-09-06T10:00,31.9,53,21.0,35.4,6.0,30,0.00,391.0
2023-09-06T11:00,33.8,47,21.0,37.3,7.4,7,0.00,588.0
2023-09-06T12:00,35.7,40,20.1,39.8,7.0,0,0.00,752.0
2023-09-06T13:00,37.3,34,18.8,41.5,5.9,4,0.00,843.0
2023-09-06T14:00,38.3,31,18.0,42.6,4.8,13,0.00,873.0
2023-09-06T15:00,38.9,29,17.6,42.9,3.1,27,0.00,811.0
2023-09-06T16:00,39.2,28,17.4,42.1,4.7,26,0.00,705.0
2023-09-06T17:00,39.2,28,17.1,40.7,7.2,17,0.00,555.0
2023-09-06T18:00,38.7,28,16.9,40.4,4.1,21,0.00,371.0
2023-09-06T19:00,38.0,25,14.6,38.5,7.2,16,0.10,172.0
2023-09-06T20:00,35.2,32,15.9,36.4,5.8,36,0.00,28.0
2023-09-06T21:00,34.5,36,17.1,35.5,10.9,19,0.00,0.0
2023-09-06T22:00,33.8,38,17.6,35.0,10.2,1,0.00,0.0
2023-09-06T23:00,32.5,42,18.1,34.5,6.7,0,0.00,0.0
2023-09-07T00:00,31.4,47,18.6,33.6,6.4,0,0.00,0.0
2023-09-07T01:00,30.6,48,18.2,32.7,6.4,0,0.00,0.0
2023-09-07T02:00,29.8,46,16.9,30.8,9.7,0,0.00,0.0
2023-09-07T03:00,30.1,42,15.6,31.0,7.6,0,0.00,0.0
2023-09-07T04:00,28.4,47,15.9,29.5,6.2,0,0.00,0.0
2023-09-07T05:00,27.1,53,16.7,28.5,6.5,0,0.00,0.0
2023-09-07T06:00,26.5,55,16.7,27.7,7.7,0,0.00,0.0
2023-09-07T07:00,28.3,46,15.4,29.1,7.1,0,0.00,0.0
2023-09-07T08:00,29.4,47,16.8,30.3,9.9,0,0.00,41.0
2023-09-07T09:00,32.2,42,17.6,33.7,8.1,1,0.00,215.0
2023-09-07T10:00,35.0,35,17.3,35.8,12.2,0,0.00,421.0
2023-09-07T11:00,37.2,30,16.7,38.1,12.2,0,0.00,613.0
2023-09-07T12:00,39.0,27,16.5,40.4,13.0,6,0.00,760.0
2023-09-07T13:00,40.0,24,15.6,41.9,10.6,13,0.00,834.0
2023-09-07T14:00,40.5,23,15.1,42.1,9.9,13,0.00,789.0
2023-09-07T15:00,41.0,21,14.6,42.3,9.7,21,0.00,773.0
2023-09-07T16:00,41.2,20,14.0,41.8,10.2,12,0.00,703.0
2023-09-07T17:00,41.0,20,13.6,40.6,10.9,23,0.00,547.0
2023-09-07T18:00,40.5,20,13.2,39.6,13.3,9,0.00,383.0
2023-09-07T19:00,39.7,21,13.3,39.8,6.5,12,0.00,182.0
2023-09-07T20:00,37.2,25,13.9,36.9,10.5,6,0.00,27.0
2023-09-07T21:00,35.5,27,13.9,35.7,7.6,0,0.00,0.0
2023-09-07T22:00,34.2,32,15.3,34.3,11.4,0,0.00,0.0
2023-09-07T23:00,33.6,27,11.9,31.9,15.7,0,0.00,0.0
2023-09-08T00:00,32.2,27,10.9,30.5,13.0,0,0.00,0.0
2023-09-08T01:00,31.4,29,11.1,29.9,12.4,0,0.00,0.0
2023-09-08T02:00,31.1,29,11.0,29.4,13.6,0,0.00,0.0
2023-09-08T03:00,30.5,30,11.1,29.0,12.6,0,0.00,0.0
2023-09-08T04:00,30.2,32,11.6,28.8,13.5,0,0.00,0.0
2023-09-08T05:00,30.0,33,12.1,28.8,13.0,0,0.00,0.0
2023-09-08T06:00,29.9,36,13.2,28.9,13.8,0,0.00,0.0
2023-09-08T07:00,30.5,42,16.0,29.7,19.2,0,0.00,0.0
2023-09-08T08:00,31.0,41,16.4,30.5,19.1,1,0.00,41.0
2023-09-08T09:00,33.5,36,16.6,33.5,16.0,0,0.00,219.0
2023-09-08T10:00,36.1,32,16.7,36.1,15.7,1,0.00,429.0
2023-09-08T11:00,38.3,28,16.5,38.6,16.0,0,0.00,617.0
2023-09-08T12:00,40.2,24,15.8,41.5,13.0,20,0.00,776.0
2023-09-08T13:00,41.0,19,12.6,41.8,12.2,76,0.00,864.0
2023-09-08T14:00,40.8,17,11.2,40.9,8.3,66,0.00,705.0
2023-09-08T15:00,41.5,16,10.4,41.2,10.0,71,0.00,717.0
2023-09-08T16:00,41.6,15,10.2,39.1,19.5,68,0.00,609.0
2023-09-08T17:00,41.2,16,10.4,38.5,19.3,39,0.00,530.0
2023-09-08T18:00,40.5,17,10.8,38.9,12.6,55,0.00,373.0
2023-09-08T19:00,35.6,26,13.4,35.3,9.0,100,0.00,145.0
2023-09-08T20:00,33.0,36,15.9,32.6,16.9,99,0.30,14.0
2023-09-08T21:00,32.7,39,16.8,34.4,4.1,99,0.00,0.0
2023-09-08T22:00,32.0,47,19.3,34.0,9.7,100,0.00,0.0
2023-09-08T23:00,31.4,48,19.1,33.3,9.9,11,0.00,0.0
2023-09-09T00:00,27.7,65,20.5,28.1,25.4,80,0.00,0.0
2023-09-09T01:00,28.0,63,20.3,30.0,14.0,13,0.00,0.0
2023-09-09T02:00,28.0,62,20.2,31.1,5.9,1,0.00,0.0
2023-09-09T03:00,27.7,63,20.0,30.2,9.2,0,0.00,0.0
2023-09-09T04:00,27.2,66,20.3,29.7,10.5,0,0.00,0.0
2023-09-09T05:00,27.0,68,20.7,29.2,13.6,0,0.00,0.0
2023-09-09T06:00,26.6,69,20.5,28.3,16.7,7,0.00,0.0
2023-09-09T07:00,25.9,73,20.7,28.5,11.0,14,0.00,0.0
2023-09-09T08:00,25.3,69,19.3,27.1,11.6,42,0.00,31.0
2023-09-09T09:00,25.7,71,20.0,26.8,18.5,76,0.00,170.0
2023-09-09T10:00,27.7,67,21.0,29.8,15.4,26,0.00,334.0
2023-09-09T11:00,29.6,60,21.1,31.9,14.7,66,0.00,501.0
2023-09-09T12:00,31.4,53,20.6,34.9,7.7,46,0.00,620.0
2023-09-09T13:00,33.2,46,20.0,37.8,4.3,8,0.00,755.0
2023-09-09T14:00,34.5,42,19.6,39.2,4.7,2,0.00,826.0
2023-09-09T15:00,35.6,38,18.9,39.5,7.0,9,0.00,816.0
2023-09-09T16:00,36.2,34,17.9,38.2,11.5,37,0.00,707.0
2023-09-09T17:00,35.4,33,16.6,35.6,14.6,38,0.00,512.0
2023-09-09T18:00,34.2,37,17.6,34.9,13.7,56,0.00,260.0
2023-09-09T19:00,33.5,37,16.9,32.8,21.3,80,0.00,138.0
2023-09-09T20:00,32.3,39,16.6,32.2,17.1,8,0.00,24.0
2023-09-09T21:00,31.4,39,15.9,30.7,18.3,0,0.00,0.0
2023-09-09T22:00,30.2,42,15.7,30.1,13.7,0,0.00,0.0
2023-09-09T23:00,29.1,44,15.8,29.2,12.6,0,0.00,0.0
2023-09-10T00:00,28.2,46,15.4,28.4,11.4,0,0.00,0.0
2023-09-10T01:00,27.4,46,14.9,27.7,8.9,0,0.00,0.0
2023-09-10T02:00,26.8,47,14.4,26.9,8.7,0,0.00,0.0
2023-09-10T03:00,25.9,48,14.2,26.3,6.6,0,0.00,0.0
2023-09-10T04:00,24.9,50,13.9,25.3,5.9,0,0.00,0.0
2023-09-10T05:00,24.1,52,13.7,24.4,6.4,0,0.00,0.0
2023-09-10T06:00,23.4,55,13.8,23.7,5.6,0,0.00,0.0
2023-09-10T07:00,23.0,57,14.1,23.1,7.9,0,0.00,0.0
2023-09-10T08:00,23.6,60,15.4,24.3,7.4,100,0.00,36.0
2023-09-10T09:00,24.9,60,16.5,26.0,8.0,100,0.00,174.0
2023-09-10T10:00,26.4,53,15.9,27.1,9.1,100,0.00,329.0
2023-09-10T11:00,28.0,45,14.9,28.2,10.2,100,0.00,461.0
2023-09-10T12:00,29.7,39,14.2,29.5,12.5,100,0.00,590.0
2023-09-10T13:00,31.4,35,14.1,32.1,12.5,62,0.00,771.0
2023-09-10T14:00,33.0,30,13.2,33.9,12.9,90,0.00,867.0
2023-09-10T15:00,34.2,26,12.1,34.4,14.0,59,0.00,836.0
2023-09-10T16:00,34.7,24,11.1,33.7,15.7,14,0.00,736.0
2023-09-10T17:00,34.7,23,10.4,32.8,15.0,0,0.00,592.0
2023-09-10T18:00,34.2,23,9.8,32.1,13.8,0,0.00,397.0
2023-09-10T19:00,32.8,23,8.9,30.9,11.7,26,0.00,185.0
2023-09-10T20:00,30.9,26,9.1,28.9,11.8,94,0.00,23.0
2023-09-10T21:00,29.7,28,9.4,27.3,15.0,98,0.00,0.0
2023-09-10T22:00,28.7,31,10.0,26.3,16.6,9,0.00,0.0
2023-09-10T23:00,27.7,32,9.5,25.3,15.6,33,0.00,0.0
2023-09-11T00:00,26.8,33,9.2,24.4,14.8,61,0.00,0.0
2023-09-11T01:00,26.0,34,9.1,23.7,14.1,88,0.00,0.0
2023-09-11T02:00,25.4,36,9.2,23.1,14.3,64,0.00,0.0
2023-09-11T03:00,24.9,38,9.7,23.0,12.0,7,0.00,0.0
2023-09-11T04:00,24.1,42,10.4,22.4,13.2,100,0.00,0.0
2023-09-11T05:00,23.6,45,11.1,22.2,11.8,100,0.00,0.0
2023-09-11T06:00,23.2,49,11.8,21.9,12.4,100,0.00,0.0
2023-09-11T07:00,22.6,64,15.6,22.6,13.7,100,0.00,0.0
2023-09-11T08:00,22.6,63,15.2,23.0,9.2,100,0.20,8.0
2023-09-11T09:00,23.2,60,14.9,24.5,3.1,100,0.10,103.0
2023-09-11T10:00,24.4,55,14.8,24.5,9.8,100,0.10,146.0
2023-09-11T11:00,26.4,47,14.3,25.5,15.3,100,0.20,245.0
2023-09-11T12:00,29.1,38,13.4,27.9,15.8,100,0.00,482.0
2023-09-11T13:00,29.9,36,13.4,28.9,13.7,55,0.00,467.0
2023-09-11T14:00,32.0,32,13.1,32.3,13.0,75,0.00,779.0
2023-09-11T15:00,32.8,30,12.9,33.6,9.7,45,0.00,782.0
2023-09-11T16:00,33.5,28,12.6,34.1,8.4,3,0.00,724.0
2023-09-11T17:00,33.7,27,12.2,33.0,10.3,6,0.00,571.0
2023-09-11T18:00,33.5,26,11.6,32.3,11.8,68,0.00,377.0
2023-09-11T19:00,30.9,34,13.4,30.5,10.5,63,0.00,132.0
2023-09-11T20:00,29.6,38,13.9,28.3,17.3,100,0.30,7.0
2023-09-11T21:00,28.4,41,13.8,27.0,17.4,100,0.00,0.0
2023-09-11T22:00,27.9,43,14.1,27.2,14.0,100,0.00,0.0
2023-09-11T23:00,27.6,44,14.2,26.5,17.0,100,0.00,0.0
2023-09-12T00:00,26.9,43,13.4,25.7,15.3,90,0.00,0.0
2023-09-12T01:00,26.3,44,13.2,26.4,6.5,32,0.00,0.0
2023-09-12T02:00,25.7,48,13.9,25.8,7.6,58,0.00,0.0
2023-09-12T03:00,25.5,56,15.9,26.3,8.1,96,0.00,0.0
2023-09-12T04:00,24.3,66,17.5,24.5,16.9,100,0.00,0.0
2023-09-12T05:00,23.2,77,18.9,24.5,14.1,100,0.00,0.0
2023-09-12T06:00,22.6,83,19.5,24.2,14.2,96,1.40,0.0
2023-09-12T07:00,22.3,92,21.0,25.4,8.8,100,0.40,0.0
2023-09-12T08:00,22.4,94,21.3,25.1,12.9,100,5.10,9.0
2023-09-12T09:00,22.8,90,21.0,24.8,15.9,100,0.30,75.0
2023-09-12T10:00,23.5,85,20.8,25.8,13.7,100,0.00,197.0
2023-09-12T11:00,24.7,77,20.3,26.9,12.3,100,0.00,300.0
2023-09-12T12:00,25.4,72,20.0,27.5,12.1,40,0.00,287.0
2023-09-12T13:00,27.4,63,19.9,30.7,10.8,40,0.00,749.0
2023-09-12T14:00,27.6,60,19.3,29.9,12.0,38,0.10,636.0
2023-09-12T15:00,27.8,59,19.1,29.6,13.2,86,0.10,606.0
2023-09-12T16:00,27.8,59,19.1,29.0,14.6,79,0.00,470.0
2023-09-12T17:00,27.4,62,19.4,28.2,18.4,100,0.00,449.0
2023-09-12T18:00,26.1,65,19.0,26.8,19.1,100,0.00,313.0
2023-09-12T19:00,25.8,63,18.3,26.6,15.1,100,0.00,105.0
2023-09-12T20:00,24.7,68,18.4,25.2,17.9,100,0.00,7.0
2023-09-12T21:00,23.7,73,18.6,24.2,18.1,100,0.00,0.0
2023-09-12T22:00,23.4,75,18.6,24.0,17.3,98,0.00,0.0
2023-09-12T23:00,23.0,75,18.3,24.0,14.0,100,0.00,0.0
2023-09-13T00:00,23.0,72,17.7,24.1,11.3,99,0.00,0.0
2023-09-13T01:00,23.0,71,17.4,24.2,9.8,100,0.00,0.0
2023-09-13T02:00,23.2,68,17.0,24.3,9.8,100,0.00,0.0
2023-09-13T03:00,23.4,68,17.0,24.5,9.1,100,0.00,0.0
2023-09-13T04:00,23.4,68,17.0,24.4,10.0,100,0.00,0.0
2023-09-13T05:00,23.2,68,17.0,24.2,10.5,100,0.00,0.0
2023-09-13T06:00,23.0,69,16.9,24.1,9.4,100,0.00,0.0
2023-09-13T07:00,21.8,90,20.1,25.1,4.3,100,0.30,0.0
2023-09-13T08:00,22.1,90,20.3,25.5,4.1,100,0.00,11.0
2023-09-13T09:00,22.5,84,19.5,26.0,0.5,100,0.40,62.0
2023-09-13T10:00,22.5,88,20.4,25.8,5.8,100,0.40,98.0
2023-09-13T11:00,22.9,87,20.6,25.8,8.9,100,0.80,175.0
2023-09-13T12:00,23.7,81,20.3,26.7,7.1,69,0.40,283.0
2023-09-13T13:00,24.9,74,20.0,28.1,4.6,24,0.10,438.0
2023-09-13T14:00,26.2,67,19.7,31.1,2.8,48,0.20,795.0
2023-09-13T15:00,26.9,62,19.0,30.5,4.0,90,0.10,678.0
2023-09-13T16:00,27.7,58,18.8,31.0,4.7,44,0.10,667.0
2023-09-13T17:00,28.0,57,18.8,30.1,8.2,63,0.00,486.0
2023-09-13T18:00,27.9,57,18.6,29.6,10.5,89,0.00,305.0
2023-09-13T19:00,25.0,76,20.6,28.0,8.6,89,0.00,118.0
2023-09-13T20:00,24.5,80,20.9,27.5,8.7,100,0.00,12.0
2023-09-13T21:00,24.4,81,20.9,27.8,6.3,100,0.00,0.0
2023-09-13T22:00,24.1,84,21.2,27.2,10.1,98,0.30,0.0
2023-09-13T23:00,23.5,86,21.1,26.0,13.3,47,0.10,0.0
2023-09-14T00:00,23.0,87,20.9,25.5,12.4,29,0.10,0.0
2023-09-14T01:00,22.6,90,20.9,26.1,5.6,35,0.00,0.0
2023-09-14T02:00,22.5,91,20.9,25.7,7.3,32,0.00,0.0
2023-09-14T03:00,22.1,92,20.8,25.1,9.0,20,0.00,0.0
2023-09-14T04:00,21.6,93,20.5,24.7,7.6,31,0.00,0.0
2023-09-14T05:00,21.5,93,20.4,24.1,9.4,36,0.00,0.0
2023-09-14T06:00,21.1,94,20.2,23.9,8.6,46,0.00,0.0
2023-09-14T07:00,21.8,91,20.3,24.4,9.6,55,0.00,0.0
2023-09-14T08:00,21.8,91,20.3,24.4,9.2,97,4.10,11.0
2023-09-14T09:00,22.0,90,20.4,25.4,4.7,99,0.40,85.0
2023-09-14T10:00,22.2,91,20.6,25.1,8.5,100,1.90,84.0
2023-09-14T11:00,22.3,90,20.5,25.4,7.3,100,3.30,80.0
2023-09-14T12:00,22.5,90,20.8,25.6,8.1,100,6.20,113.0
2023-09-14T13:00,22.5,91,20.9,25.6,8.1,100,7.00,76.0
2023-09-14T14:00,22.9,89,20.9,25.4,12.3,93,2.30,256.0
2023-09-14T15:00,24.2,81,20.8,26.6,12.6,84,0.40,401.0
2023-09-14T16:00,25.4,74,20.4,27.8,11.2,54,0.10,417.0
2023-09-14T17:00,26.0,70,20.0,27.8,13.3,48,0.00,405.0
2023-09-14T18:00,25.7,71,20.0,27.8,12.2,50,0.00,224.0
2023-09-14T19:00,23.2,86,20.8,25.5,13.2,19,0.00,96.0
2023-09-14T20:00,22.6,90,21.0,25.1,13.6,100,0.90,6.0
2023-09-14T21:00,22.5,90,20.8,24.4,16.3,100,0.40,0.0
2023-09-14T22:00,22.4,90,20.7,24.3,15.7,100,0.10,0.0
2023-09-14T23:00,22.2,91,20.6,24.3,14.8,8,0.00,0.0
2023-09-15T00:00,21.7,92,20.4,24.1,11.5,13,0.00,0.0
2023-09-15T01:00,21.2,93,20.1,24.0,8.5,18,0.00,0.0
2023-09-15T02:00,21.0,95,20.0,23.7,7.9,31,0.00,0.0
2023-09-15T03:00,20.8,95,19.9,23.3,9.0,28,0.00,0.0
2023-09-15T04:00,20.5,95,19.7,22.9,9.1,8,0.00,0.0
2023-09-15T05:00,20.1,96,19.5,22.6,7.6,6,0.00,0.0
2023-09-15T06:00,19.9,97,19.4,22.5,6.2,8,0.00,0.0
2023-09-15T07:00,21.1,95,20.2,24.1,6.8,21,0.00,0.0
2023-09-15T08:00,21.1,93,20.0,23.9,7.9,91,0.80,27.0
2023-09-15T09:00,21.8,90,20.0,23.6,13.9,98,1.60,83.0
2023-09-15T10:00,22.5,86,20.0,24.6,12.5,100,0.20,110.0
2023-09-15T11:00,24.0,79,20.1,26.8,7.6,82,0.10,354.0
2023-09-15T12:00,25.1,74,20.1,27.8,8.9,97,0.10,509.0
2023-09-15T13:00,26.0,70,20.1,28.6,9.1,99,0.30,555.0
2023-09-15T14:00,27.4,66,20.5,31.7,5.0,36,0.10,709.0
2023-09-15T15:00,28.0,64,20.5,32.4,3.7,26,0.10,682.0
2023-09-15T16:00,28.3,63,20.5,32.3,3.6,27,0.00,612.0
2023-09-15T17:00,28.9,59,20.2,32.2,4.8,100,0.00,538.0
2023-09-15T18:00,28.0,61,19.8,30.9,6.2,80,0.00,247.0
2023-09-15T19:00,24.5,79,20.5,28.0,4.6,20,0.00,116.0
2023-09-15T20:00,23.5,87,21.1,26.9,7.1,17,0.00,12.0
2023-09-15T21:00,23.2,89,21.2,26.8,5.8,20,0.00,0.0
2023-09-15T22:00,22.5,93,21.3,26.2,5.6,10,0.00,0.0
2023-09-15T23:00,22.2,93,21.1,26.1,4.5,7,0.00,0.0
2023-09-16T00:00,22.3,93,21.0,26.1,4.3,0,0.00,0.0
2023-09-16T01:00,22.4,93,21.1,26.2,4.1,0,0.00,0.0
2023-09-16T02:00,21.4,97,20.8,25.0,4.1,0,0.00,0.0
2023-09-16T03:00,21.2,98,20.8,24.8,4.4,1,0.00,0.0
2023-09-16T04:00,21.1,97,20.6,24.6,4.7,0,0.00,0.0
2023-09-16T05:00,20.9,98,20.5,24.2,5.4,83,0.00,0.0
2023-09-16T06:00,20.8,98,20.5,24.1,5.2,38,0.00,0.0
2023-09-16T07:00,21.6,96,21.0,24.9,7.6,93,0.00,0.0
2023-09-16T08:00,21.6,94,20.6,24.5,9.0,100,0.10,21.0
2023-09-16T09:00,23.4,86,21.0,26.9,5.6,100,0.00,141.0
2023-09-16T10:00,23.8,82,20.5,26.3,11.2,100,0.00,154.0
2023-09-16T11:00,24.6,76,20.1,27.4,8.4,100,0.00,234.0
2023-09-16T12:00,25.2,74,20.3,28.4,6.1,100,0.00,266.0
2023-09-16T13:00,26.1,70,20.1,29.8,1.8,100,0.10,402.0
2023-09-16T14:00,26.8,66,20.0,30.4,1.9,98,0.00,446.0
2023-09-16T15:00,27.5,64,20.1,31.1,1.8,80,0.00,513.0
2023-09-16T16:00,28.2,61,20.0,32.4,2.5,56,0.00,649.0
2023-09-16T17:00,28.7,56,19.0,31.5,4.4,96,0.00,442.0
2023-09-16T18:00,27.9,58,18.8,30.5,4.2,23,0.10,254.0
2023-09-16T19:00,26.5,62,18.6,28.8,6.2,19,0.00,139.0
2023-09-16T20:00,24.9,72,19.5,27.7,5.4,35,0.00,12.0
2023-09-16T21:00,24.0,79,20.1,27.2,5.0,10,0.00,0.0
2023-09-16T22:00,23.4,83,20.4,26.6,6.2,4,0.00,0.0
2023-09-16T23:00,22.6,87,20.4,26.0,4.5,0,0.00,0.0
2023-09-17T00:00,21.9,91,20.4,25.3,4.3,6,0.00,0.0
2023-09-17T01:00,21.8,91,20.2,24.9,6.1,32,0.00,0.0
2023-09-17T02:00,22.0,90,20.2,24.8,7.4,24,0.00,0.0
2023-09-17T03:00,21.6,91,20.0,24.8,4.4,31,0.00,0.0
2023-09-17T04:00,21.1,92,19.9,24.4,3.7,4,0.00,0.0
2023-09-17T05:00,20.9,95,20.0,24.0,4.9,6,0.00,0.0
2023-09-17T06:00,20.7,96,20.1,24.0,4.6,0,0.00,0.0
2023-09-17T07:00,20.8,76,16.5,22.2,5.4,0,0.00,0.0
2023-09-17T08:00,21.2,74,16.5,22.4,7.5,3,0.00,31.0
2023-09-17T09:00,23.0,65,16.1,24.1,6.8,0,0.00,200.0
2023-09-17T10:00,25.0,57,15.9,26.4,4.8,0,0.00,412.0
2023-09-17T11:00,26.9,49,15.4,28.4,4.6,0,0.00,605.0
2023-09-17T12:00,28.0,47,15.8,30.7,4.7,0,0.00,755.0
2023-09-17T13:00,28.9,46,16.0,31.6,7.9,0,0.00,847.0
2023-09-17T14:00,29.6,43,15.6,32.1,9.4,0,0.00,874.0
2023-09-17T15:00,30.2,37,14.1,32.1,8.3,0,0.00,833.0
2023-09-17T16:00,30.5,34,12.9,31.5,7.3,0,0.00,728.0
2023-09-17T17:00,30.5,33,12.2,30.1,8.1,0,0.00,568.0
2023-09-17T18:00,30.0,33,11.8,29.4,8.6,0,0.00,368.0
2023-09-17T19:00,28.9,39,13.6,29.1,6.4,0,0.00,156.0
2023-09-17T20:00,26.6,40,12.1,26.1,8.1,0,0.00,12.0
2023-09-17T21:00,27.5,37,11.7,27.3,4.7,1,0.00,0.0
2023-09-17T22:00,24.5,48,12.8,24.3,7.0,2,0.00,0.0
2023-09-17T23:00,23.6,55,14.1,24.1,5.9,0,0.00,0.0
2023-09-18T00:00,22.4,61,14.4,22.4,10.0,0,0.00,0.0
2023-09-18T01:00,21.8,62,14.2,22.4,5.1,24,0.00,0.0
2023-09-18T02:00,21.3,67,14.9,22.0,6.5,80,0.00,0.0
2023-09-18T03:00,23.5,58,14.6,25.0,0.0,9,0.00,0.0
2023-09-18T04:00,21.1,66,14.5,22.0,4.0,7,0.00,0.0
2023-09-18T05:00,21.6,64,14.5,22.8,2.5,4,0.00,0.0
2023-09-18T06:00,19.8,73,14.8,20.7,4.6,0,0.00,0.0
2023-09-18T07:00,18.3,79,14.5,18.6,7.8,0,0.00,0.0
2023-09-18T08:00,19.6,74,14.9,19.7,10.7,0,0.00,32.0
2023-09-18T09:00,23.2,62,15.4,23.9,7.9,0,0.00,206.0
2023-09-18T10:00,27.0,49,15.3,27.9,6.6,0,0.00,420.0
2023-09-18T11:00,30.1,35,13.0,30.3,8.2,0,0.00,613.0
2023-09-18T12:00,31.6,26,9.9,31.8,7.5,0,0.00,761.0
2023-09-18T13:00,32.2,26,10.2,32.8,8.9,0,0.00,851.0
2023-09-18T14:00,32.7,26,10.4,33.0,10.9,0,0.00,876.0
2023-09-18T15:00,32.8,25,10.1,32.6,12.5,0,0.00,833.0
2023-09-18T16:00,32.8,23,9.2,31.8,11.7,2,0.00,725.0
2023-09-18T17:00,32.6,21,7.6,30.4,11.2,7,0.00,564.0
2023-09-18T18:00,32.0,20,6.1,29.6,10.2,13,0.00,363.0
2023-09-18T19:00,30.9,25,8.4,28.9,10.6,21,0.00,152.0
2023-09-18T20:00,29.0,28,8.6,27.0,10.9,39,0.00,11.0
2023-09-18T21:00,27.0,36,10.6,25.1,14.6,8,0.00,0.0
2023-09-18T22:00,26.3,38,10.7,24.3,15.0,4,0.00,0.0
2023-09-18T23:00,25.5,39,10.7,23.9,12.4,1,0.00,0.0
2023-09-19T00:00,24.5,44,11.3,23.1,12.3,0,0.00,0.0
2023-09-19T01:00,24.1,46,11.6,22.7,13.0,0,0.00,0.0
2023-09-19T02:00,23.9,47,11.8,22.6,12.6,0,0.00,0.0
2023-09-19T03:00,24.0,47,11.9,22.3,15.8,3,0.00,0.0
2023-09-19T04:00,23.9,47,11.9,22.2,15.5,3,0.00,0.0
2023-09-19T05:00,23.5,52,13.0,22.4,14.0,1,0.00,0.0
2023-09-19T06:00,23.1,59,14.8,22.7,13.7,0,0.00,0.0
2023-09-19T07:00,23.7,63,16.4,23.3,18.1,0,0.00,0.0
2023-09-19T08:00,24.5,64,17.3,24.5,18.2,80,0.00,26.0
2023-09-19T09:00,26.6,58,17.6,26.9,17.0,92,0.00,172.0
2023-09-19T10:00,28.4,53,17.8,28.5,18.0,100,0.00,313.0
2023-09-19T11:00,29.8,50,18.1,30.3,16.3,47,0.00,371.0
2023-09-19T12:00,31.9,43,17.9,32.2,21.5,70,0.00,661.0
2023-09-19T13:00,32.7,40,17.2,32.4,22.8,45,0.00,640.0
2023-09-19T14:00,33.7,37,17.1,33.6,23.6,42,0.00,734.0
2023-09-19T15:00,34.2,35,16.5,33.6,23.9,62,0.00,689.0
2023-09-19T16:00,34.3,33,15.7,32.8,24.9,59,0.00,582.0
2023-09-19T17:00,33.3,31,13.9,30.6,27.4,31,0.00,400.0
2023-09-19T18:00,33.2,32,14.3,31.2,23.5,61,0.00,292.0
2023-09-19T19:00,32.5,31,13.2,29.8,25.0,73,0.00,114.0
2023-09-19T20:00,31.0,36,14.1,29.0,22.9,75,0.00,8.0
2023-09-19T21:00,30.0,40,14.8,28.5,21.1,9,0.00,0.0
2023-09-19T22:00,27.5,52,16.9,28.9,6.7,98,1.30,0.0
2023-09-19T23:00,23.7,79,19.8,26.0,10.0,37,2.30,0.0
2023-09-20T00:00,23.9,74,19.0,24.1,21.7,4,0.00,0.0
2023-09-20T01:00,24.4,70,18.5,25.1,16.6,2,0.00,0.0
2023-09-20T02:00,24.9,63,17.5,24.6,20.2,3,0.00,0.0
2023-09-20T03:00,25.2,57,15.9,23.4,26.6,0,0.00,0.0
2023-09-20T04:00,24.9,56,15.6,22.8,27.0,0,0.00,0.0
2023-09-20T05:00,24.5,59,16.0,23.1,23.9,0,0.00,0.0
2023-09-20T06:00,24.2,62,16.4,23.5,20.3,0,0.00,0.0
2023-09-20T07:00,22.8,71,17.3,22.7,18.2,0,0.00,0.0
2023-09-20T08:00,23.4,73,18.2,24.3,14.3,46,0.10,27.0
2023-09-20T09:00,24.9,73,19.8,25.0,24.9,42,0.30,153.0
2023-09-20T10:00,26.9,68,20.4,27.8,21.4,15,0.00,328.0
2023-09-20T11:00,28.7,63,20.9,32.2,5.9,5,0.00,542.0
2023-09-20T12:00,30.9,55,20.9,33.8,14.9,20,0.00,699.0
2023-09-20T13:00,32.2,50,20.5,33.9,22.5,10,0.00,735.0
2023-09-20T14:00,33.5,45,20.1,35.5,21.6,9,0.00,801.0
2023-09-20T15:00,34.5,43,20.0,36.1,22.8,14,0.00,773.0
2023-09-20T16:00,34.8,41,19.7,35.7,23.1,17,0.00,651.0
2023-09-20T17:00,34.7,41,19.5,35.0,22.7,23,0.00,491.0
2023-09-20T18:00,34.3,41,19.2,34.5,22.4,24,0.00,319.0
2023-09-20T19:00,30.0,58,20.9,31.6,18.0,1,0.00,125.0
2023-09-20T20:00,28.2,61,19.9,28.8,22.0,22,0.00,8.0
2023-09-20T21:00,28.1,59,19.2,29.5,14.3,17,0.00,0.0
2023-09-20T22:00,27.4,63,19.7,28.7,16.6,13,0.00,0.0
2023-09-20T23:00,26.9,67,20.1,28.2,17.8,0,0.00,0.0
2023-09-21T00:00,26.6,65,19.5,27.9,16.0,0,0.00,0.0
2023-09-21T01:00,26.5,63,18.9,27.4,16.0,1,0.00,0.0
2023-09-21T02:00,26.4,63,18.8,27.2,16.5,9,0.00,0.0
2023-09-21T03:00,26.3,62,18.5,26.9,17.3,58,0.00,0.0
2023-09-21T04:00,26.1,63,18.5,26.8,17.1,30,0.00,0.0
2023-09-21T05:00,25.7,67,19.0,27.1,13.8,100,0.00,0.0
2023-09-21T06:00,25.5,70,19.5,27.0,14.1,100,0.00,0.0
2023-09-21T07:00,25.1,78,20.9,27.2,15.1,51,0.00,0.0
2023-09-21T08:00,25.4,79,21.5,27.7,15.9,95,0.00,21.0
2023-09-21T09:00,26.9,75,22.0,29.5,15.1,100,0.00,167.0
2023-09-21T10:00,28.2,70,22.2,31.4,13.0,100,0.00,308.0
2023-09-21T11:00,29.6,65,22.2,32.7,13.8,100,0.00,469.0
2023-09-21T12:00,30.7,61,22.3,33.4,16.2,100,0.00,490.0
2023-09-21T13:00,31.9,56,22.1,34.8,14.4,100,0.00,558.0
2023-09-21T14:00,33.4,50,21.6,36.9,13.4,35,0.00,696.0
2023-09-21T15:00,34.1,47,21.1,37.5,13.5,71,0.00,721.0
2023-09-21T16:00,33.5,47,20.6,35.6,14.0,29,0.00,499.0
2023-09-21T17:00,33.1,48,20.5,35.3,13.4,41,0.10,442.0
2023-09-21T18:00,32.5,48,19.9,34.1,15.1,50,0.00,257.0
2023-09-21T19:00,30.2,67,23.5,35.2,5.1,81,5.60,98.0
2023-09-21T20:00,24.8,88,22.6,27.2,19.4,92,3.70,2.0
2023-09-21T21:00,24.8,88,22.6,28.0,14.4,100,0.00,0.0
2023-09-21T22:00,25.2,82,22.0,28.2,13.1,80,0.90,0.0
2023-09-21T23:00,24.8,82,21.4,27.2,14.7,77,0.00,0.0
2023-09-22T00:00,24.4,80,20.7,26.9,12.1,24,0.00,0.0
2023-09-22T01:00,24.5,75,19.9,26.5,13.0,50,0.00,0.0
2023-09-22T02:00,24.8,72,19.4,26.5,12.5,51,0.00,0.0
2023-09-22T03:00,24.8,72,19.3,26.3,13.6,90,0.00,0.0
2023-09-22T04:00,24.3,75,19.6,26.3,11.7,100,3.80,0.0
2023-09-22T05:00,23.7,82,20.5,26.0,12.4,99,4.40,0.0
2023-09-22T06:00,24.0,84,21.1,24.9,24.2,94,0.00,0.0
2023-09-22T07:00,25.9,79,22.0,29.8,6.5,69,0.10,0.0
2023-09-22T08:00,26.1,76,21.5,28.5,15.9,16,0.00,24.0
2023-09-22T09:00,27.8,68,21.2,30.6,11.4,33,0.00,170.0
2023-09-22T10:00,29.2,60,20.6,31.2,14.5,11,0.00,355.0
2023-09-22T11:00,31.0,51,19.8,32.2,18.5,24,0.00,564.0
2023-09-22T12:00,32.2,47,19.5,33.5,20.2,11,0.00,679.0
2023-09-22T13:00,33.7,42,19.0,35.4,20.0,47,0.00,807.0
2023-09-22T14:00,34.7,40,19.2,36.4,20.3,93,0.00,814.0
2023-09-22T15:00,35.2,39,19.2,37.1,18.7,6,0.00,777.0
2023-09-22T16:00,35.8,36,18.6,37.0,18.0,12,0.00,675.0
2023-09-22T17:00,36.0,33,17.0,35.8,18.0,19,0.00,492.0
2023-09-22T18:00,35.0,34,16.9,34.7,19.1,70,0.00,296.0
2023-09-22T19:00,33.2,41,18.1,34.5,11.3,74,0.00,88.0
2023-09-22T20:00,31.5,44,17.6,32.8,9.8,13,0.00,5.0
2023-09-22T21:00,30.0,54,19.8,31.8,13.0,9,0.00,0.0
2023-09-22T22:00,28.9,61,20.5,31.1,12.3,1,0.00,0.0
2023-09-22T23:00,28.1,62,20.2,30.5,10.7,23,0.00,0.0
2023-09-23T00:00,27.3,64,19.9,29.8,9.1,30,0.00,0.0
2023-09-23T01:00,27.0,63,19.4,29.0,10.5,8,0.00,0.0
2023-09-23T02:00,27.1,61,19.0,28.7,12.6,15,0.00,0.0
2023-09-23T03:00,27.1,63,19.5,28.8,13.0,18,0.00,0.0
2023-09-23T04:00,26.9,67,20.3,28.9,13.6,1,0.00,0.0
2023-09-23T05:00,26.6,73,21.4,29.1,14.5,0,0.00,0.0
2023-09-23T06:00,26.5,79,22.5,29.6,14.1,1,0.00,0.0
2023-09-23T07:00,25.9,80,22.1,29.1,12.3,0,0.00,0.0
2023-09-23T08:00,26.5,81,23.0,29.9,13.8,11,0.00,23.0
2023-09-23T09:00,28.2,76,23.5,32.1,13.7,6,0.00,171.0
2023-09-23T10:00,30.0,69,23.6,33.7,15.1,5,0.00,373.0
2023-09-23T11:00,32.0,61,23.5,35.3,17.3,2,0.00,558.0
2023-09-23T12:00,34.0,51,22.5,37.1,19.6,2,0.00,706.0
2023-09-23T13:00,35.4,45,21.5,38.1,21.6,14,0.00,795.0
2023-09-23T14:00,35.8,42,20.9,38.0,21.6,45,0.00,782.0
2023-09-23T15:00,35.9,40,20.1,37.1,22.0,72,0.00,656.0
2023-09-23T16:00,35.7,40,20.0,36.5,21.0,36,0.00,486.0
2023-09-23T17:00,35.2,40,19.5,35.1,24.6,51,0.00,425.0
2023-09-23T18:00,33.0,49,21.0,34.1,22.9,81,0.00,230.0
2023-09-23T19:00,34.3,47,21.4,37.1,12.3,52,0.00,102.0
2023-09-23T20:00,30.8,58,21.7,32.4,21.9,95,0.00,5.0
2023-09-23T21:00,30.2,58,21.0,31.0,24.4,9,0.00,0.0
2023-09-23T22:00,30.3,58,21.0,31.5,22.0,1,0.00,0.0
2023-09-23T23:00,30.4,56,20.6,31.2,22.6,2,0.00,0.0
2023-09-24T00:00,29.9,57,20.5,30.9,21.1,0,0.00,0.0
2023-09-24T01:00,29.8,55,19.7,30.7,19.2,8,0.00,0.0
2023-09-24T02:00,29.2,56,19.6,30.2,18.8,5,0.00,0.0
2023-09-24T03:00,28.6,62,20.6,29.8,20.0,3,0.00,0.0
2023-09-24T04:00,28.1,67,21.5,30.0,19.3,1,0.00,0.0
2023-09-24T05:00,27.9,68,21.5,29.7,18.9,1,0.00,0.0
2023-09-24T06:00,27.5,69,21.2,29.2,19.3,0,0.00,0.0
2023-09-24T07:00,26.3,73,21.1,28.9,12.6,0,0.00,0.0
2023-09-24T08:00,26.6,75,21.8,28.8,17.8,8,0.00,20.0
2023-09-24T09:00,28.4,68,22.0,30.6,18.0,5,0.00,166.0
2023-09-24T10:00,30.0,62,22.0,31.8,21.3,8,0.00,363.0
2023-09-24T11:00,32.7,53,21.9,35.4,14.9,20,0.00,571.0
2023-09-24T12:00,34.8,47,21.8,37.9,16.1,30,0.00,666.0
2023-09-24T13:00,36.3,43,21.7,39.5,18.5,12,0.00,772.0
2023-09-24T14:00,37.2,40,21.3,40.3,18.5,14,0.00,798.0
2023-09-24T15:00,38.5,35,20.5,41.0,17.3,15,0.00,734.0
2023-09-24T16:00,30.6,66,23.6,33.0,26.3,57,2.50,625.0
2023-09-24T17:00,32.8,59,23.8,36.3,16.5,44,2.30,356.0
2023-09-24T18:00,31.4,61,22.9,33.1,25.7,60,0.00,231.0
2023-09-24T19:00,28.0,86,25.4,34.3,4.1,1,0.00,89.0
2023-09-24T20:00,28.5,81,25.0,33.8,10.4,40,0.00,5.0
2023-09-24T21:00,27.9,85,25.0,34.2,2.8,77,0.10,0.0
2023-09-24T22:00,26.1,78,22.0,29.0,13.9,7,2.20,0.0
2023-09-24T23:00,26.0,80,22.3,30.1,6.8,14,0.00,0.0
2023-09-25T00:00,25.7,87,23.4,29.5,13.0,26,0.00,0.0
2023-09-25T01:00,22.9,92,21.4,23.6,26.1,100,0.00,0.0
2023-09-25T02:00,22.1,93,21.0,25.0,10.0,19,0.10,0.0
2023-09-25T03:00,22.5,92,21.0,26.2,4.2,8,0.00,0.0
2023-09-25T04:00,22.5,93,21.4,25.1,13.9,100,0.00,0.0
2023-09-25T05:00,22.9,90,21.2,25.3,14.0,100,0.00,0.0
2023-09-25T06:00,23.0,87,20.9,25.5,12.7,99,0.00,0.0
2023-09-25T07:00,22.4,90,20.6,25.4,8.3,100,0.00,0.0
2023-09-25T08:00,22.4,91,20.8,24.9,12.4,41,0.00,21.0
2023-09-25T09:00,23.6,80,20.0,25.7,11.9,55,0.00,122.0
2023-09-25T10:00,25.1,72,19.6,28.5,2.2,27,0.00,281.0
2023-09-25T11:00,27.1,65,20.0,30.8,1.9,12,0.00,517.0
2023-09-25T12:00,28.9,61,20.5,33.7,1.1,7,0.00,687.0
2023-09-25T13:00,30.5,54,20.1,34.6,8.4,15,0.00,790.0
2023-09-25T14:00,31.2,52,20.1,34.4,13.0,14,0.00,749.0
2023-09-25T15:00,31.6,50,20.1,34.3,15.0,14,0.00,722.0
2023-09-25T16:00,31.7,48,19.5,33.5,14.9,8,0.00,631.0
2023-09-25T17:00,31.8,48,19.4,32.9,16.3,7,0.00,486.0
2023-09-25T18:00,31.5,45,18.1,32.1,16.1,8,0.00,299.0
2023-09-25T19:00,31.1,42,16.7,32.0,10.5,7,0.00,110.0
2023-09-25T20:00,29.5,47,17.0,30.5,10.5,5,0.00,4.0
2023-09-25T21:00,27.7,57,18.5,29.4,9.9,0,0.00,0.0
2023-09-25T22:00,26.9,52,16.2,26.7,15.8,0,0.00,0.0
2023-09-25T23:00,26.1,54,16.0,26.3,13.4,0,0.00,0.0
2023-09-26T00:00,25.1,62,17.4,26.4,8.9,0,0.00,0.0
2023-09-26T01:00,24.5,69,18.4,26.3,8.6,0,0.00,0.0
2023-09-26T02:00,24.3,71,18.6,26.2,8.8,0,0.00,0.0
2023-09-26T03:00,23.8,71,18.2,25.9,6.6,0,0.00,0.0
2023-09-26T04:00,23.0,74,18.1,25.1,5.5,0,0.00,0.0
2023-09-26T05:00,22.4,76,18.0,24.6,5.1,0,0.00,0.0
2023-09-26T06:00,21.6,80,18.1,23.8,5.6,0,0.00,0.0
2023-09-26T07:00,21.5,86,19.0,24.3,4.3,0,0.00,0.0
2023-09-26T08:00,22.5,84,19.5,25.2,6.2,0,0.00,23.0
2023-09-26T09:00,25.4,67,18.8,27.9,4.8,0,0.00,182.0
2023-09-26T10:00,27.9,60,19.2,30.7,4.1,0,0.00,389.0
2023-09-26T11:00,29.6,57,20.1,33.1,4.7,0,0.00,577.0
2023-09-26T12:00,31.2,48,18.9,34.7,6.0,0,0.00,721.0
2023-09-26T13:00,32.5,40,17.1,35.4,7.7,0,0.00,806.0
2023-09-26T14:00,33.5,34,15.4,35.5,9.3,2,0.00,822.0
2023-09-26T15:00,34.0,31,14.4,35.1,10.8,22,0.00,765.0
2023-09-26T16:00,34.1,29,13.8,34.2,12.2,35,0.00,668.0
2023-09-26T17:00,33.5,30,13.5,32.7,13.2,17,0.00,502.0
2023-09-26T18:00,32.7,30,12.8,31.6,12.8,7,0.00,310.0
2023-09-26T19:00,31.6,36,14.6,32.6,3.7,0,0.00,111.0
2023-09-26T20:00,29.0,43,15.0,29.8,6.1,100,0.00,3.0
2023-09-26T21:00,28.6,45,15.7,29.5,7.4,37,0.00,0.0
2023-09-26T22:00,28.4,46,15.6,29.2,7.4,29,0.00,0.0
2023-09-26T23:00,27.0,52,16.2,28.2,5.9,0,0.00,0.0
2023-09-27T00:00,25.8,59,17.1,26.9,9.0,0,0.00,0.0
2023-09-27T01:00,24.9,62,17.0,25.8,10.9,0,0.00,0.0
2023-09-27T02:00,23.6,66,17.0,25.1,7.1,0,0.00,0.0
2023-09-27T03:00,23.0,70,17.2,24.2,8.7,0,0.00,0.0
2023-09-27T04:00,22.7,72,17.4,24.1,8.1,0,0.00,0.0
2023-09-27T05:00,22.0,76,17.5,23.4,8.8,0,0.00,0.0
2023-09-27T06:00,22.1,76,17.7,23.8,7.7,0,0.00,0.0
2023-09-27T07:00,22.0,84,19.1,24.5,6.6,0,0.00,0.0
2023-09-27T08:00,23.0,79,19.1,25.5,7.2,0,0.00,22.0
2023-09-27T09:00,25.9,66,19.0,28.7,3.6,0,0.00,181.0
2023-09-27T10:00,29.1,54,18.7,31.7,4.6,0,0.00,389.0
2023-09-27T11:00,31.2,46,18.1,33.5,5.8,20,0.00,572.0
2023-09-27T12:00,32.5,37,16.1,34.7,4.6,10,0.00,670.0
2023-09-27T13:00,33.6,32,14.7,35.4,7.1,13,0.00,761.0
2023-09-27T14:00,34.2,30,14.2,35.7,9.1,3,0.00,792.0
2023-09-27T15:00,34.7,29,13.9,35.6,10.9,3,0.00,771.0
2023-09-27T16:00,34.6,29,13.8,34.5,13.3,10,0.00,668.0
2023-09-27T17:00,34.2,30,14.0,33.4,13.9,5,0.00,501.0
2023-09-27T18:00,33.2,31,13.8,32.1,15.5,3,0.00,307.0
2023-09-27T19:00,32.0,31,12.6,31.2,10.3,3,0.00,109.0
2023-09-27T20:00,29.9,36,13.1,29.5,9.4,4,0.00,3.0
2023-09-27T21:00,28.8,40,14.1,28.7,10.0,0,0.00,0.0
2023-09-27T22:00,27.6,51,16.5,28.3,10.7,0,0.00,0.0
2023-09-27T23:00,27.3,52,16.7,28.0,11.0,0,0.00,0.0
2023-09-28T00:00,26.4,56,16.9,27.5,9.4,0,0.00,0.0
2023-09-28T01:00,25.1,63,17.5,26.5,9.1,0,0.00,0.0
2023-09-28T02:00,24.5,65,17.4,25.8,8.9,0,0.00,0.0
2023-09-28T03:00,24.0,66,17.2,25.5,7.2,0,0.00,0.0
2023-09-28T04:00,23.2,69,17.3,24.9,6.3,0,0.00,0.0
2023-09-28T05:00,22.3,74,17.5,23.9,7.6,0,0.00,0.0
2023-09-28T06:00,21.9,77,17.6,23.7,6.3,0,0.00,0.0
2023-09-28T07:00,22.6,76,18.1,24.5,7.2,0,0.00,0.0
2023-09-28T08:00,23.8,70,18.0,25.8,6.1,0,0.00,21.0
2023-09-28T09:00,26.4,61,18.1,28.7,4.6,0,0.00,179.0
2023-09-28T10:00,29.0,52,18.1,31.7,1.8,1,0.00,385.0
2023-09-28T11:00,31.4,45,17.9,34.2,1.5,1,0.00,567.0
2023-09-28T12:00,33.5,35,15.9,35.6,6.1,18,0.00,709.0
2023-09-28T13:00,34.5,30,14.6,35.8,8.9,7,0.00,729.0
2023-09-28T14:00,35.2,28,14.2,36.6,9.4,4,0.00,790.0
2023-09-28T15:00,35.7,27,13.9,36.9,8.3,10,0.00,742.0
2023-09-28T16:00,35.8,27,13.8,36.2,7.9,6,0.00,612.0
2023-09-28T17:00,35.8,27,13.8,35.4,11.2,8,0.00,454.0
2023-09-28T18:00,34.8,29,13.9,34.0,13.9,27,0.00,241.0
2023-09-28T19:00,32.5,39,16.9,32.7,14.7,32,0.00,93.0
2023-09-28T20:00,31.1,44,17.2,30.9,19.0,55,0.00,2.0
2023-09-28T21:00,30.9,44,17.1,30.9,17.3,14,0.00,0.0
2023-09-28T22:00,29.9,47,17.4,30.5,13.7,3,0.00,0.0
2023-09-28T23:00,28.8,51,17.6,30.0,10.5,1,0.00,0.0
2023-09-29T00:00,27.9,55,17.9,29.3,9.5,0,0.00,0.0
2023-09-29T01:00,27.2,57,17.9,28.6,10.1,0,0.00,0.0
2023-09-29T02:00,26.5,59,17.8,27.9,9.7,0,0.00,0.0
2023-09-29T03:00,25.6,62,17.9,27.0,10.2,0,0.00,0.0
2023-09-29T04:00,25.1,65,18.0,26.5,10.7,0,0.00,0.0
2023-09-29T05:00,24.8,67,18.1,26.4,9.5,0,0.00,0.0
2023-09-29T06:00,24.3,70,18.4,25.8,10.9,0,0.00,0.0
2023-09-29T07:00,24.0,74,19.1,26.5,6.5,0,0.00,0.0
2023-09-29T08:00,24.4,72,19.0,26.6,8.1,0,0.00,20.0
2023-09-29T09:00,26.8,60,18.5,28.9,6.6,0,0.00,174.0
2023-09-29T10:00,29.2,51,18.1,31.3,6.0,0,0.00,377.0
2023-09-29T11:00,31.5,44,17.8,33.3,7.9,0,0.00,563.0
2023-09-29T12:00,33.2,39,17.4,34.8,12.3,11,0.00,706.0
2023-09-29T13:00,33.7,37,17.1,35.0,14.1,9,0.00,718.0
2023-09-29T14:00,34.4,35,16.8,36.2,12.6,8,0.00,779.0
2023-09-29T15:00,35.0,32,15.6,35.9,12.9,17,0.00,702.0
2023-09-29T16:00,35.6,28,14.1,35.4,13.4,12,0.00,621.0
2023-09-29T17:00,35.5,27,13.6,34.3,15.4,24,0.00,482.0
2023-09-29T18:00,34.7,28,13.6,33.0,19.2,23,0.00,286.0
2023-09-29T19:00,32.3,38,16.2,32.0,16.7,24,0.00,97.0
2023-09-29T20:00,30.7,44,17.2,30.8,17.1,12,0.00,2.0
2023-09-29T21:00,29.7,49,18.0,30.3,15.8,19,0.00,0.0
2023-09-29T22:00,28.8,53,18.1,29.3,16.3,17,0.00,0.0
2023-09-29T23:00,27.7,55,17.8,27.8,18.5,11,0.00,0.0
2023-09-30T00:00,27.2,56,17.6,27.4,17.3,3,0.00,0.0
2023-09-30T01:00,26.8,56,17.3,26.6,18.9,1,0.00,0.0
2023-09-30T02:00,26.3,57,17.1,26.3,17.1,1,0.00,0.0
2023-09-30T03:00,25.5,60,17.1,26.2,12.3,0,0.00,0.0
2023-09-30T04:00,24.7,63,17.2,25.7,10.5,0,0.00,0.0
2023-09-30T05:00,24.2,65,17.3,25.5,9.2,0,0.00,0.0
2023-09-30T06:00,23.8,67,17.4,25.0,9.7,0,0.00,0.0
2023-09-30T07:00,23.2,73,18.1,25.4,5.7,0,0.00,0.0
2023-09-30T08:00,23.8,71,18.2,25.7,7.2,0,0.00,19.0
2023-09-30T09:00,26.4,61,18.2,28.3,7.8,0,0.00,171.0
2023-09-30T10:00,29.2,54,19.0,31.0,10.8,0,0.00,374.0
2023-09-30T11:00,31.1,46,18.2,32.6,11.2,0,0.00,559.0
2023-09-30T12:00,32.5,40,17.1,34.0,12.8,0,0.00,702.0
2023-09-30T13:00,33.8,34,15.6,35.1,13.2,30,0.00,788.0
2023-09-30T14:00,34.5,30,14.6,34.9,13.9,5,0.00,727.0
2023-09-30T15:00,35.5,24,12.1,34.8,16.1,1,0.00,758.0
2023-09-30T16:00,35.7,22,10.6,33.8,17.8,0,0.00,659.0
2023-09-30T17:00,35.4,21,9.4,32.2,21.1,12,0.00,498.0
2023-09-30T18:00,34.1,24,10.5,31.0,22.3,13,0.00,302.0
2023-09-30T19:00,31.8,35,14.3,31.3,13.2,16,0.00,100.0
2023-09-30T20:00,30.1,40,14.9,30.0,11.8,11,0.00,1.0
2023-09-30T21:00,29.0,44,15.4,28.8,13.2,19,0.00,0.0
2023-09-30T22:00,27.9,44,14.4,27.3,13.8,86,0.00,0.0
2023-09-30T23:00,27.0,48,14.9,26.5,15.1,39,0.00,0.0
2023-10-01T00:00,26.5,50,15.2,26.2,13.7,17,0.00,0.0
2023-10-01T01:00,25.6,52,14.9,25.6,11.8,48,0.00,0.0
2023-10-01T02:00,24.7,54,14.9,25.0,8.7,14,0.00,0.0
2023-10-01T03:00,23.9,56,14.7,24.4,7.4,64,0.00,0.0
2023-10-01T04:00,23.2,58,14.6,23.7,7.3,100,0.00,0.0
2023-10-01T05:00,23.0,58,14.4,23.2,7.8,1,0.00,0.0
2023-10-01T06:00,22.0,62,14.3,22.4,6.6,0,0.00,0.0
2023-10-01T07:00,21.9,65,14.9,22.6,6.1,0,0.00,0.0
2023-10-01T08:00,21.5,67,15.2,23.0,2.3,0,0.00,19.0
2023-10-01T09:00,24.2,57,15.1,25.2,4.8,2,0.00,174.0
2023-10-01T10:00,26.7,47,14.4,27.4,5.2,25,0.00,379.0
2023-10-01T11:00,29.2,39,13.9,29.8,5.4,81,0.00,563.0
2023-10-01T12:00,31.2,35,14.1,32.9,4.8,100,0.00,702.0
2023-10-01T13:00,32.5,32,13.4,34.5,3.0,100,0.00,760.0
2023-10-01T14:00,33.5,28,12.4,33.9,7.1,100,0.00,668.0
2023-10-01T15:00,33.4,27,11.9,32.6,9.7,100,0.00,456.0
2023-10-01T16:00,33.6,27,11.8,32.4,11.7,100,0.00,475.0
2023-10-01T17:00,33.5,26,11.4,32.4,11.2,91,0.00,388.0
2023-10-01T18:00,33.5,23,9.8,31.4,14.3,72,0.00,259.0
2023-10-01T19:00,30.9,34,13.4,30.5,9.7,56,0.00,69.0
2023-10-01T20:00,29.0,39,13.8,29.2,7.7,17,0.00,1.0
2023-10-01T21:00,27.8,43,14.0,27.5,10.4,1,0.00,0.0
2023-10-01T22:00,26.3,47,14.1,26.7,6.4,3,0.00,0.0
2023-10-01T23:00,25.0,52,14.4,25.5,6.6,8,0.00,0.0
2023-10-02T00:00,24.5,54,14.6,25.1,6.0,2,0.00,0.0
2023-10-02T01:00,23.8,57,14.7,24.3,7.1,0,0.00,0.0
2023-10-02T02:00,23.5,59,14.9,24.1,6.4,0,0.00,0.0
2023-10-02T03:00,23.2,60,15.1,23.9,7.2,1,0.00,0.0
2023-10-02T04:00,22.5,65,15.4,23.4,6.2,1,0.00,0.0
2023-10-02T05:00,21.5,70,15.7,22.1,8.9,2,0.00,0.0
2023-10-02T06:00,21.8,68,15.6,22.6,7.4,0,0.00,0.0
2023-10-02T07:00,21.3,72,16.1,22.3,8.0,0,0.00,0.0
2023-10-02T08:00,21.9,70,16.1,23.4,3.9,84,0.00,17.0
2023-10-02T09:00,24.4,61,16.4,25.7,5.5,99,0.00,148.0
2023-10-02T10:00,26.8,52,16.0,28.5,2.3,97,0.00,331.0
2023-10-02T11:00,28.8,45,15.8,29.6,7.6,73,0.00,499.0
2023-10-02T12:00,30.3,40,15.4,31.3,9.7,24,0.00,651.0
2023-10-02T13:00,31.7,36,14.8,32.6,11.0,0,0.00,720.0
2023-10-02T14:00,32.9,33,14.4,33.7,12.2,71,0.00,764.0
2023-10-02T15:00,33.0,32,14.0,32.6,13.1,26,0.00,583.0
2023-10-02T16:00,33.3,30,13.4,32.5,13.0,96,0.00,476.0
2023-10-02T17:00,32.5,32,13.6,31.0,18.4,100,0.00,208.0
2023-10-02T18:00,32.0,32,13.4,30.5,17.7,69,0.00,128.0
2023-10-02T19:00,30.0,39,14.6,29.2,15.2,17,0.00,58.0
2023-10-02T20:00,28.6,43,14.8,28.0,15.4,72,0.00,1.0
2023-10-02T21:00,28.0,46,15.2,27.6,14.8,93,0.00,0.0
2023-10-02T22:00,27.1,48,15.2,26.9,13.5,94,0.00,0.0
2023-10-02T23:00,26.5,49,14.9,26.0,15.1,78,0.00,0.0
2023-10-03T00:00,25.9,48,14.1,24.7,17.3,100,0.00,0.0
2023-10-03T01:00,25.4,49,13.9,24.5,14.8,1,0.00,0.0
2023-10-03T02:00,24.4,52,13.9,24.0,11.2,89,0.00,0.0
2023-10-03T03:00,23.9,54,13.9,23.6,10.2,93,0.00,0.0
2023-10-03T04:00,23.5,55,13.9,23.2,10.8,87,0.00,0.0
2023-10-03T05:00,23.5,56,14.1,23.1,11.7,99,0.00,0.0
2023-10-03T06:00,23.2,56,14.0,23.1,9.6,0,0.00,0.0
2023-10-03T07:00,22.3,65,15.4,23.3,5.9,3,0.00,0.0
2023-10-03T08:00,22.4,65,15.6,23.0,8.9,42,0.00,15.0
2023-10-03T09:00,24.8,58,15.8,25.6,7.6,15,0.00,147.0
2023-10-03T10:00,27.1,53,16.6,27.7,11.7,0,0.00,355.0
2023-10-03T11:00,28.9,47,16.5,29.1,13.8,0,0.00,543.0
2023-10-03T12:00,30.6,38,14.9,30.4,17.0,23,0.00,682.0
2023-10-03T13:00,31.8,34,14.1,31.6,18.2,42,0.00,763.0
2023-10-03T14:00,32.4,33,14.1,31.8,20.1,1,0.00,746.0
2023-10-03T15:00,32.8,32,13.9,32.3,19.0,2,0.00,736.0
2023-10-03T16:00,32.8,32,13.8,31.7,19.2,36,0.00,628.0
2023-10-03T17:00,32.2,32,13.6,30.5,20.2,27,0.00,452.0
2023-10-03T18:00,31.5,33,13.4,29.7,19.6,36,0.00,266.0
2023-10-03T19:00,30.4,36,13.8,29.4,15.1,62,0.00,81.0
2023-10-03T20:00,29.0,41,14.5,28.4,14.1,89,0.00,0.0
2023-10-03T21:00,28.1,46,15.3,27.4,17.2,99,0.00,0.0
2023-10-03T22:00,26.8,67,20.1,27.6,21.5,100,0.00,0.0
2023-10-03T23:00,26.1,70,20.2,27.3,19.5,35,0.00,0.0
2023-10-04T00:00,25.5,76,20.9,26.9,20.0,43,0.00,0.0
2023-10-04T01:00,25.1,82,21.8,27.1,18.9,93,0.00,0.0
2023-10-04T02:00,25.1,83,22.1,27.3,19.3,100,0.00,0.0
2023-10-04T03:00,25.5,82,22.1,27.7,18.5,91,0.10,0.0
2023-10-04T04:00,25.0,85,22.3,28.1,13.4,91,0.00,0.0
2023-10-04T05:00,24.6,87,22.4,28.1,11.4,100,0.00,0.0
2023-10-04T06:00,24.9,87,22.5,28.5,10.4,53,0.00,0.0
2023-10-04T07:00,25.8,86,23.3,29.5,13.0,100,0.00,0.0
2023-10-04T08:00,25.5,86,23.0,28.9,14.2,9,0.00,15.0
2023-10-04T09:00,27.3,76,22.8,29.5,21.7,44,0.00,150.0
2023-10-04T10:00,29.0,67,22.2,31.1,19.9,80,0.00,284.0
2023-10-04T11:00,30.1,62,22.0,33.2,12.5,96,0.00,358.0
2023-10-04T12:00,31.0,58,21.9,34.1,11.3,70,0.20,426.0
2023-10-04T13:00,31.9,55,21.8,34.3,17.5,98,0.10,585.0
2023-10-04T14:00,33.0,52,21.8,35.7,17.3,94,0.10,625.0
2023-10-04T15:00,31.5,53,20.9,32.7,23.6,100,0.10,617.0
2023-10-04T16:00,29.8,62,21.6,32.7,12.4,100,0.50,260.0
2023-10-04T17:00,31.5,54,21.0,34.1,12.8,100,0.00,292.0
2023-10-04T18:00,26.4,81,23.0,28.8,21.3,100,13.20,105.0
2023-10-04T19:00,27.0,79,23.0,32.1,3.1,100,5.80,10.0
2023-10-04T20:00,25.1,87,22.9,26.3,29.5,100,0.00,0.0
2023-10-04T21:00,24.1,92,22.6,27.5,13.0,100,5.50,0.0
2023-10-04T22:00,23.6,93,22.4,27.9,5.9,100,6.40,0.0
2023-10-04T23:00,24.1,91,22.5,28.5,5.8,100,3.30,0.0
2023-10-05T00:00,22.5,89,20.6,24.6,14.4,100,4.30,0.0
2023-10-05T01:00,21.4,91,19.9,23.7,10.2,100,2.40,0.0
2023-10-05T02:00,21.5,93,20.4,23.4,15.0,100,2.00,0.0
2023-10-05T03:00,22.2,91,20.6,25.3,7.8,100,0.40,0.0
2023-10-05T04:00,22.1,87,19.9,24.9,7.1,93,0.10,0.0
2023-10-05T05:00,21.9,87,19.6,25.5,0.0,41,0.00,0.0
2023-10-05T06:00,21.4,92,20.0,23.8,9.8,96,0.00,0.0
2023-10-05T07:00,21.6,93,20.4,24.3,9.5,80,0.00,0.0
2023-10-05T08:00,21.9,91,20.3,24.4,10.2,100,0.20,2.0
2023-10-05T09:00,22.0,89,20.1,23.9,13.7,98,0.20,52.0
2023-10-05T10:00,22.8,85,20.1,24.5,14.9,85,0.10,230.0
2023-10-05T11:00,23.6,80,19.9,25.3,14.1,46,0.10,380.0
2023-10-05T12:00,24.6,74,19.5,26.6,11.3,93,0.10,493.0
2023-10-05T13:00,25.9,66,19.0,27.8,13.0,16,0.10,640.0
2023-10-05T14:00,26.6,61,18.4,28.8,10.5,36,0.10,668.0
2023-10-05T15:00,26.9,60,18.5,29.1,8.0,29,0.00,592.0
2023-10-05T16:00,27.1,58,18.1,28.6,10.2,15,0.00,524.0
2023-10-05T17:00,27.3,56,17.7,28.2,13.1,15,0.00,423.0
2023-10-05T18:00,27.0,54,17.0,27.3,14.8,11,0.00,253.0
2023-10-05T19:00,23.6,77,19.3,26.3,6.2,8,0.00,75.0
2023-10-05T20:00,23.2,85,20.5,27.0,2.1,9,0.00,0.0
2023-10-05T21:00,23.0,81,19.6,25.8,5.4,5,0.00,0.0
2023-10-05T22:00,22.6,82,19.3,25.2,6.6,1,0.00,0.0
2023-10-05T23:00,21.8,85,19.1,24.3,6.2,1,0.00,0.0
2023-10-06T00:00,21.5,86,19.0,23.7,7.4,0,0.00,0.0
2023-10-06T01:00,21.4,84,18.5,22.9,10.6,0,0.00,0.0
2023-10-06T02:00,21.1,83,18.1,22.2,13.0,0,0.00,0.0
2023-10-06T03:00,20.4,87,18.1,21.6,11.5,0,0.00,0.0
2023-10-06T04:00,19.5,89,17.8,21.1,8.6,0,0.00,0.0
2023-10-06T05:00,19.0,90,17.3,20.5,7.6,0,0.00,0.0
2023-10-06T06:00,18.7,89,16.9,19.9,8.3,0,0.00,0.0
2023-10-06T07:00,18.6,90,17.0,19.7,9.7,0,0.00,0.0
2023-10-06T08:00,18.6,89,16.9,19.6,9.7,0,0.00,15.0
2023-10-06T09:00,20.6,81,17.3,22.3,6.5,0,0.00,164.0
2023-10-06T10:00,22.5,73,17.4,24.4,5.8,0,0.00,371.0
2023-10-06T11:00,24.6,62,16.9,26.1,6.3,0,0.00,557.0
2023-10-06T12:00,26.5,51,15.4,28.0,8.4,0,0.00,697.0
2023-10-06T13:00,27.8,40,12.9,28.8,8.9,0,0.00,780.0
2023-10-06T14:00,28.4,37,12.3,29.4,8.0,57,0.00,797.0
2023-10-06T15:00,28.6,37,12.4,29.2,9.0,30,0.00,744.0
2023-10-06T16:00,28.6,38,12.8,28.6,9.1,2,0.00,624.0
2023-10-06T17:00,28.5,38,12.8,27.7,11.2,24,0.00,468.0
2023-10-06T18:00,27.5,40,12.9,26.5,13.6,78,0.00,268.0
2023-10-06T19:00,25.5,41,11.5,24.4,10.7,93,0.00,71.0
2023-10-06T20:00,24.4,46,12.1,22.8,15.1,13,0.00,0.0
2023-10-06T21:00,23.0,49,11.9,20.4,21.8,90,0.00,0.0
2023-10-06T22:00,21.5,45,9.1,18.0,22.5,95,0.00,0.0
2023-10-06T23:00,20.3,47,8.6,16.9,21.2,99,0.00,0.0
2023-10-07T00:00,19.3,48,7.9,15.6,21.9,100,0.00,0.0
2023-10-07T01:00,18.1,47,6.8,13.9,23.5,100,0.00,0.0
2023-10-07T02:00,17.1,49,6.3,12.7,23.9,95,0.00,0.0
2023-10-07T03:00,16.2,52,6.3,11.9,23.3,1,0.00,0.0
2023-10-07T04:00,15.3,48,4.3,10.6,22.7,100,0.00,0.0
2023-10-07T05:00,15.1,40,1.5,10.1,21.4,99,0.00,0.0
2023-10-07T06:00,14.8,39,0.8,10.0,19.2,27,0.00,0.0
2023-10-07T07:00,14.6,29,-3.2,8.7,22.6,71,0.00,0.0
2023-10-07T08:00,14.8,30,-2.7,9.5,18.8,72,0.00,7.0
2023-10-07T09:00,15.4,30,-2.2,10.1,20.0,41,0.00,93.0
2023-10-07T10:00,16.5,29,-1.6,11.5,18.1,43,0.00,313.0
2023-10-07T11:00,17.3,29,-0.8,13.0,14.0,39,0.00,449.0
2023-10-07T12:00,18.5,29,-0.1,15.1,13.8,0,0.00,689.0
2023-10-07T13:00,19.2,28,0.4,16.5,13.5,0,0.00,790.0
2023-10-07T14:00,19.8,28,0.8,17.2,13.6,0,0.00,809.0
2023-10-07T15:00,20.1,28,1.0,17.3,13.8,0,0.00,760.0
2023-10-07T16:00,20.2,28,1.2,17.0,12.9,0,0.00,646.0
2023-10-07T17:00,20.1,28,1.1,16.3,12.5,0,0.00,478.0
2023-10-07T18:00,19.5,29,0.9,15.8,11.4,0,0.00,275.0
2023-10-07T19:00,18.5,32,1.5,15.7,6.1,0,0.00,76.0
2023-10-07T20:00,17.0,43,4.3,14.6,6.8,0,0.00,0.0
2023-10-07T21:00,16.2,51,6.0,14.3,6.8,0,0.00,0.0
2023-10-07T22:00,16.0,53,6.4,14.1,7.0,0,0.00,0.0
2023-10-07T23:00,15.1,53,5.7,13.1,6.1,0,0.00,0.0
2023-10-08T00:00,14.0,56,5.4,11.7,7.8,0,0.00,0.0
2023-10-08T01:00,13.2,56,4.7,10.9,7.0,0,0.00,0.0
2023-10-08T02:00,12.7,54,3.8,10.3,6.6,0,0.00,0.0
2023-10-08T03:00,12.4,55,3.6,9.9,6.8,0,0.00,0.0
2023-10-08T04:00,12.3,60,4.8,9.9,8.0,0,0.00,0.0
2023-10-08T05:00,13.9,56,5.3,11.9,5.8,0,0.00,0.0
2023-10-08T06:00,14.1,59,6.2,12.5,4.8,0,0.00,0.0
2023-10-08T07:00,12.2,66,6.0,10.4,6.0,0,0.00,0.0
2023-10-08T08:00,12.5,70,7.2,10.8,6.3,0,0.00,14.0
2023-10-08T09:00,15.2,65,8.8,14.0,5.8,0,0.00,165.0
2023-10-08T10:00,17.8,51,7.6,16.0,8.0,0,0.00,372.0
2023-10-08T11:00,20.1,34,3.5,17.3,9.4,0,0.00,559.0
2023-10-08T12:00,21.7,27,2.0,19.4,9.7,0,0.00,702.0
2023-10-08T13:00,23.0,25,2.0,21.0,10.6,0,0.00,787.0
2023-10-08T14:00,24.0,24,2.5,22.2,11.2,0,0.00,804.0
2023-10-08T15:00,24.9,25,3.5,22.9,11.1,0,0.00,753.0
2023-10-08T16:00,25.2,26,4.3,22.7,11.7,0,0.00,639.0
2023-10-08T17:00,25.2,27,4.9,22.1,13.1,0,0.00,472.0
2023-10-08T18:00,24.5,29,5.1,21.4,13.1,0,0.00,270.0
2023-10-08T19:00,22.4,31,4.5,19.8,8.9,0,0.00,73.0
2023-10-08T20:00,21.2,36,5.6,18.4,11.4,0,0.00,0.0
2023-10-08T21:00,20.3,40,6.1,17.3,13.7,0,0.00,0.0
2023-10-08T22:00,19.7,40,5.6,16.6,14.0,0,0.00,0.0
2023-10-08T23:00,19.4,38,4.8,15.9,15.2,0,0.00,0.0
2023-10-09T00:00,18.6,41,5.0,15.2,14.7,0,0.00,0.0
2023-10-09T01:00,18.5,42,5.3,15.0,16.1,0,0.00,0.0
2023-10-09T02:00,18.5,43,5.8,15.1,16.2,0,0.00,0.0
2023-10-09T03:00,18.0,47,6.4,15.1,13.7,0,0.00,0.0
2023-10-09T04:00,17.5,51,7.2,14.9,12.4,0,0.00,0.0
2023-10-09T05:00,17.1,55,7.9,14.8,12.6,0,0.00,0.0
2023-10-09T06:00,17.0,58,8.6,14.9,12.2,0,0.00,0.0
2023-10-09T07:00,18.0,55,8.7,15.2,16.4,0,0.00,0.0
2023-10-09T08:00,17.6,57,8.9,15.0,15.9,0,0.00,13.0
2023-10-09T09:00,19.9,53,9.9,17.9,13.4,0,0.00,157.0
2023-10-09T10:00,22.3,47,10.5,20.6,12.7,0,0.00,362.0
2023-10-09T11:00,24.5,44,11.4,23.4,10.7,0,0.00,547.0
2023-10-09T12:00,26.8,40,11.9,26.4,11.7,0,0.00,688.0
2023-10-09T13:00,28.7,36,11.9,28.7,12.8,0,0.00,771.0
2023-10-09T14:00,30.1,31,11.1,29.6,14.5,0,0.00,787.0
2023-10-09T15:00,30.9,28,10.2,29.4,16.8,0,0.00,731.0
2023-10-09T16:00,30.8,28,10.3,28.6,18.1,0,0.00,623.0
2023-10-09T17:00,30.3,30,10.6,27.9,17.9,0,0.00,459.0
2023-10-09T18:00,29.4,31,10.7,26.9,18.2,0,0.00,260.0
2023-10-09T19:00,27.1,38,11.8,25.5,14.8,0,0.00,67.0
2023-10-09T20:00,25.7,46,13.1,24.3,16.6,20,0.00,0.0
2023-10-09T21:00,24.9,51,13.9,23.5,17.6,30,0.00,0.0
2023-10-09T22:00,24.1,53,13.8,22.5,19.4,45,0.00,0.0
2023-10-09T23:00,23.5,51,12.7,21.6,18.8,100,0.00,0.0
2023-10-10T00:00,23.0,50,11.9,20.7,19.1,99,0.00,0.0
2023-10-10T01:00,22.4,51,11.6,20.3,17.2,98,0.00,0.0
2023-10-10T02:00,21.6,54,11.9,20.0,15.4,88,0.00,0.0
2023-10-10T03:00,20.9,58,12.4,19.6,14.2,80,0.00,0.0
2023-10-10T04:00,20.4,62,12.9,19.4,13.0,15,0.00,0.0
2023-10-10T05:00,20.0,66,13.4,19.3,11.9,9,0.00,0.0
2023-10-10T06:00,19.5,69,13.7,19.0,11.0,0,0.00,0.0
2023-10-10T07:00,19.9,70,14.1,19.1,14.5,0,0.00,0.0
2023-10-10T08:00,19.3,73,14.4,18.9,12.8,0,0.00,12.0
2023-10-10T09:00,21.6,64,14.6,21.5,11.5,1,0.00,154.0
2023-10-10T10:00,24.0,56,14.7,23.9,11.4,13,0.00,356.0
2023-10-10T11:00,26.5,48,14.8,26.8,9.0,98,0.00,539.0
2023-10-10T12:00,28.5,42,14.3,28.5,13.1,99,0.00,661.0
2023-10-10T13:00,29.2,39,13.8,28.7,17.0,100,0.00,695.0
2023-10-10T14:00,29.5,37,13.4,28.6,18.4,100,0.00,676.0
2023-10-10T15:00,29.8,38,14.0,28.6,19.5,100,0.00,640.0
2023-10-10T16:00,29.6,40,14.6,28.3,19.4,100,0.00,453.0
2023-10-10T17:00,29.3,40,14.2,27.1,24.5,99,0.00,313.0
2023-10-10T18:00,27.3,52,16.6,26.4,21.6,94,0.00,152.0
2023-10-10T19:00,25.8,55,16.0,25.0,19.1,100,0.00,48.0
2023-10-10T20:00,24.6,59,16.1,24.0,18.4,100,0.00,0.0
2023-10-10T21:00,23.9,63,16.4,23.7,15.8,100,0.00,0.0
2023-10-10T22:00,23.5,65,16.6,23.1,18.0,100,0.00,0.0
2023-10-10T23:00,22.7,68,16.5,21.9,20.9,100,0.00,0.0
2023-10-11T00:00,22.2,72,17.0,21.7,20.0,100,0.00,0.0
2023-10-11T01:00,21.8,76,17.4,21.8,18.3,100,0.00,0.0
2023-10-11T02:00,21.5,79,17.7,21.8,17.2,100,0.00,0.0
2023-10-11T03:00,21.3,80,17.8,21.8,16.2,100,0.00,0.0
2023-10-11T04:00,21.1,79,17.4,21.8,13.3,100,0.00,0.0
2023-10-11T05:00,20.8,78,16.9,21.3,13.0,98,0.00,0.0
2023-10-11T06:00,20.4,78,16.5,20.8,12.3,0,0.00,0.0
2023-10-11T07:00,20.2,82,17.0,20.7,14.1,3,0.00,0.0
2023-10-11T08:00,20.3,81,17.0,20.4,16.3,81,0.00,7.0
2023-10-11T09:00,21.6,74,16.7,21.2,18.9,17,0.00,127.0
2023-10-11T10:00,23.2,66,16.6,22.6,19.8,66,0.00,321.0
2023-10-11T11:00,25.0,58,16.2,24.1,20.9,80,0.00,474.0
2023-10-11T12:00,26.4,52,15.9,25.0,22.9,97,0.00,509.0
2023-10-11T13:00,27.0,50,15.6,25.4,23.3,100,0.00,415.0
2023-10-11T14:00,26.6,52,15.9,25.2,24.1,100,0.00,338.0
2023-10-11T15:00,26.2,55,16.5,24.7,26.3,91,0.00,357.0
2023-10-11T16:00,27.1,51,16.1,25.4,26.3,21,0.00,414.0
2023-10-11T17:00,25.6,57,16.5,23.7,28.2,100,0.00,306.0
2023-10-11T18:00,24.4,63,16.9,22.9,26.7,53,0.00,167.0
2023-10-11T19:00,21.5,73,16.4,20.4,22.1,9,0.00,55.0
2023-10-11T20:00,21.1,72,15.9,20.0,21.1,100,0.00,0.0
2023-10-11T21:00,20.6,72,15.4,19.6,19.2,100,0.00,0.0
2023-10-11T22:00,20.1,72,14.9,19.0,19.4,100,0.00,0.0
2023-10-11T23:00,20.1,71,14.6,18.8,19.5,100,0.00,0.0
2023-10-12T00:00,20.2,71,14.7,18.9,19.5,100,0.00,0.0
2023-10-12T01:00,20.1,72,14.9,18.5,21.9,24,0.00,0.0
2023-10-12T02:00,19.5,78,15.6,18.7,18.3,98,0.00,0.0
2023-10-12T03:00,19.5,80,16.0,18.7,19.8,77,0.00,0.0
2023-10-12T04:00,19.5,82,16.3,19.0,18.4,100,0.00,0.0
2023-10-12T05:00,20.0,81,16.5,19.6,18.0,100,0.00,0.0
2023-10-12T06:00,20.1,81,16.7,19.4,21.3,100,0.00,0.0
2023-10-12T07:00,19.3,89,17.4,18.8,21.3,100,0.00,0.0
2023-10-12T08:00,19.2,88,17.1,18.4,22.9,100,0.00,3.0
2023-10-12T09:00,19.8,86,17.2,19.0,23.0,100,0.00,40.0
2023-10-12T10:00,19.8,82,16.5,18.4,24.9,100,0.00,102.0
2023-10-12T11:00,20.5,79,16.6,19.0,26.0,100,0.00,143.0
2023-10-12T12:00,22.4,71,16.8,20.6,28.2,100,0.00,214.0
2023-10-12T13:00,24.4,62,16.5,22.6,27.7,58,0.00,418.0
2023-10-12T14:00,27.2,52,16.5,26.1,28.1,0,0.00,710.0
2023-10-12T15:00,28.3,49,16.6,27.1,29.0,0,0.00,719.0
2023-10-12T16:00,29.0,48,16.8,27.1,30.5,0,0.00,600.0
2023-10-12T17:00,28.4,50,17.0,26.3,31.5,0,0.00,435.0
2023-10-12T18:00,27.0,56,17.4,25.1,31.8,0,0.00,240.0
2023-10-12T19:00,25.0,67,18.4,24.5,24.1,0,0.00,56.0
2023-10-12T20:00,23.8,75,19.0,23.3,26.2,5,0.00,0.0
2023-10-12T21:00,22.6,79,18.8,22.3,25.1,4,0.00,0.0
2023-10-12T22:00,21.9,84,19.0,22.3,20.7,13,0.00,0.0
2023-10-12T23:00,22.1,82,18.9,22.2,22.1,13,0.00,0.0
2023-10-13T00:00,22.5,80,18.8,22.1,24.8,3,0.00,0.0
2023-10-13T01:00,22.3,80,18.7,21.9,24.8,5,0.00,0.0
2023-10-13T02:00,22.2,81,18.8,21.8,25.6,5,0.00,0.0
2023-10-13T03:00,22.0,83,19.0,21.8,24.9,4,0.00,0.0
2023-10-13T04:00,21.8,85,19.1,21.8,23.3,10,0.00,0.0
2023-10-13T05:00,21.5,88,19.4,22.4,18.1,100,0.00,0.0
2023-10-13T06:00,21.9,87,19.5,22.1,22.8,31,0.00,0.0
2023-10-13T07:00,22.2,86,19.9,22.8,22.1,5,0.00,0.0
2023-10-13T08:00,22.4,86,20.0,23.1,21.0,25,0.00,5.0
2023-10-13T09:00,24.5,78,20.5,25.4,22.5,13,0.00,121.0
2023-10-13T10:00,25.3,40,10.8,22.1,23.7,0,0.00,334.0
2023-10-13T11:00,24.6,51,13.8,22.2,25.0,3,0.00,525.0
2023-10-13T12:00,24.9,35,8.4,20.5,30.5,0,0.00,670.0
2023-10-13T13:00,25.9,28,6.0,21.8,27.5,0,0.00,759.0
2023-10-13T14:00,26.4,25,4.7,22.3,25.8,0,0.00,781.0
2023-10-13T15:00,26.1,26,4.8,22.0,25.1,0,0.00,735.0
2023-10-13T16:00,25.9,26,4.9,21.7,22.2,0,0.00,619.0
2023-10-13T17:00,25.5,26,4.6,21.2,20.3,0,0.00,451.0
2023-10-13T18:00,24.2,28,4.8,20.1,19.8,0,0.00,250.0
2023-10-13T19:00,22.1,32,4.8,19.3,10.8,0,0.00,58.0
2023-10-13T20:00,20.5,38,5.6,18.0,9.8,0,0.00,0.0
2023-10-13T21:00,19.8,40,5.7,16.9,12.6,0,0.00,0.0
2023-10-13T22:00,19.3,41,5.8,16.2,14.3,0,0.00,0.0
2023-10-13T23:00,18.8,42,5.4,15.2,16.7,0,0.00,0.0
2023-10-14T00:00,18.3,41,4.9,14.4,18.5,0,0.00,0.0
2023-10-14T01:00,17.6,41,4.3,13.6,18.5,0,0.00,0.0
2023-10-14T02:00,17.0,42,3.9,12.7,20.1,0,0.00,0.0
2023-10-14T03:00,16.6,42,3.7,11.8,22.4,0,0.00,0.0
2023-10-14T04:00,15.9,44,3.5,11.3,21.5,0,0.00,0.0
2023-10-14T05:00,15.2,45,3.2,10.7,20.2,0,0.00,0.0
2023-10-14T06:00,14.5,46,3.0,10.0,19.9,0,0.00,0.0
2023-10-14T07:00,12.8,53,3.4,8.6,18.0,0,0.00,0.0
2023-10-14T08:00,12.4,55,3.5,8.5,16.6,0,0.00,10.0
2023-10-14T09:00,13.9,49,3.4,9.7,18.2,0,0.00,150.0
2023-10-14T10:00,15.4,44,3.0,10.9,19.8,0,0.00,357.0
2023-10-14T11:00,16.9,40,3.2,12.3,20.7,0,0.00,544.0
2023-10-14T12:00,18.4,38,3.6,14.5,20.8,0,0.00,686.0
2023-10-14T13:00,19.9,35,4.0,16.7,19.5,0,0.00,769.0
2023-10-14T14:00,21.1,33,4.3,18.1,19.4,0,0.00,785.0
2023-10-14T15:00,22.0,32,4.4,18.5,21.1,0,0.00,733.0
2023-10-14T16:00,22.4,30,4.2,18.1,21.8,0,0.00,616.0
2023-10-14T17:00,22.1,31,4.2,17.6,21.4,0,0.00,447.0
2023-10-14T18:00,21.4,33,4.3,17.0,20.3,0,0.00,245.0
2023-10-14T19:00,18.9,38,4.3,15.9,11.5,0,0.00,54.0
2023-10-14T20:00,17.8,43,5.1,14.9,11.6,0,0.00,0.0
2023-10-14T21:00,17.0,47,5.7,14.2,11.6,25,0.00,0.0
2023-10-14T22:00,16.2,55,7.1,13.7,11.9,0,0.00,0.0
2023-10-14T23:00,15.4,61,7.8,13.1,12.0,0,0.00,0.0
2023-10-15T00:00,14.9,62,7.7,12.8,9.9,0,0.00,0.0
2023-10-15T01:00,14.4,60,6.8,11.7,13.4,7,0.00,0.0
2023-10-15T02:00,14.4,57,5.9,11.0,16.1,0,0.00,0.0
2023-10-15T03:00,13.9,58,5.8,10.6,15.5,0,0.00,0.0
2023-10-15T04:00,13.4,59,5.4,9.8,16.9,0,0.00,0.0
2023-10-15T05:00,13.0,58,4.9,9.2,17.7,0,0.00,0.0
2023-10-15T06:00,12.6,59,4.8,8.8,17.7,0,0.00,0.0
2023-10-15T07:00,12.1,63,5.2,8.4,17.6,0,0.00,0.0
2023-10-15T08:00,11.8,64,5.1,8.0,17.3,0,0.00,9.0
2023-10-15T09:00,13.4,58,5.2,9.5,18.5,0,0.00,144.0
2023-10-15T10:00,15.0,53,5.4,10.6,22.4,0,0.00,348.0
2023-10-15T11:00,16.4,50,5.8,12.2,22.0,0,0.00,533.0
2023-10-15T12:00,18.1,43,5.2,13.6,26.9,67,0.00,674.0
2023-10-15T13:00,18.6,40,4.8,13.4,27.1,53,0.00,512.0
2023-10-15T14:00,20.0,36,4.5,15.3,27.9,16,0.00,684.0
2023-10-15T15:00,20.2,36,4.8,15.2,29.5,26,0.00,685.0
2023-10-15T16:00,20.1,36,4.6,14.8,28.5,15,0.00,563.0
2023-10-15T17:00,19.4,38,4.8,14.4,25.9,8,0.00,435.0
2023-10-15T18:00,18.0,42,4.9,13.0,25.7,1,0.00,230.0
2023-10-15T19:00,16.5,49,5.7,13.3,15.2,0,0.00,50.0
2023-10-15T20:00,15.9,52,5.9,13.3,10.9,16,0.00,0.0
2023-10-15T21:00,15.1,54,5.8,12.1,13.4,10,0.00,0.0
2023-10-15T22:00,14.6,55,5.6,11.0,17.0,0,0.00,0.0
2023-10-15T23:00,14.1,57,5.8,11.0,13.8,0,0.00,0.0
2023-10-16T00:00,13.2,63,6.3,10.6,12.0,0,0.00,0.0
2023-10-16T01:00,12.4,67,6.4,10.3,8.0,0,0.00,0.0
2023-10-16T02:00,11.2,75,6.8,9.4,6.9,0,0.00,0.0
2023-10-16T03:00,10.7,81,7.5,9.0,6.9,0,0.00,0.0
2023-10-16T04:00,10.7,82,7.8,9.1,7.0,0,0.00,0.0
2023-10-16T05:00,10.4,78,6.8,8.2,9.2,0,0.00,0.0
2023-10-16T06:00,10.1,72,5.3,7.3,11.3,0,0.00,0.0
2023-10-16T07:00,9.3,75,5.1,6.3,12.1,0,0.00,0.0
2023-10-16T08:00,9.2,78,5.5,6.1,13.5,0,0.00,8.0
2023-10-16T09:00,11.3,68,5.6,8.0,15.0,0,0.00,143.0
2023-10-16T10:00,13.2,54,4.2,9.7,15.1,0,0.00,351.0
2023-10-16T11:00,14.8,44,2.7,10.7,16.6,0,0.00,541.0
2023-10-16T12:00,15.7,41,2.3,12.1,17.5,0,0.00,683.0
2023-10-16T13:00,16.6,38,2.2,13.5,17.0,0,0.00,767.0
2023-10-16T14:00,17.4,37,2.5,14.6,15.9,0,0.00,784.0
2023-10-16T15:00,18.1,35,2.3,15.1,15.2,0,0.00,731.0
2023-10-16T16:00,18.5,34,2.4,14.9,14.8,0,0.00,615.0
2023-10-16T17:00,18.4,34,2.3,14.6,14.1,0,0.00,445.0
2023-10-16T18:00,17.7,36,2.3,14.1,12.6,0,0.00,240.0
2023-10-16T19:00,15.5,44,3.2,12.8,7.4,0,0.00,50.0
2023-10-16T20:00,14.1,52,4.3,11.5,8.7,0,0.00,0.0
2023-10-16T21:00,15.4,49,4.8,13.3,5.8,0,0.00,0.0
2023-10-16T22:00,14.8,51,4.8,13.4,1.1,0,0.00,0.0
2023-10-16T23:00,11.6,66,5.5,9.7,5.2,0,0.00,0.0
2023-10-17T00:00,10.9,73,6.2,9.1,5.4,0,0.00,0.0
2023-10-17T01:00,11.9,70,6.5,10.8,1.5,0,0.00,0.0
2023-10-17T02:00,11.6,69,6.2,10.1,3.6,0,0.00,0.0
2023-10-17T03:00,9.1,78,5.4,6.8,7.8,0,0.00,0.0
2023-10-17T04:00,8.9,75,4.8,6.7,6.6,0,0.00,0.0
2023-10-17T05:00,8.4,78,4.7,6.0,7.6,0,0.00,0.0
2023-10-17T06:00,8.2,82,5.3,6.0,7.5,0,0.00,0.0
2023-10-17T07:00,7.2,85,4.8,4.8,8.0,0,0.00,0.0
2023-10-17T08:00,6.7,90,5.2,4.4,7.6,0,0.00,8.0
2023-10-17T09:00,10.4,73,5.8,8.7,4.7,0,0.00,146.0
2023-10-17T10:00,13.9,56,5.3,12.3,3.2,0,0.00,351.0
2023-10-17T11:00,17.0,40,3.3,14.8,4.6,0,0.00,539.0
2023-10-17T12:00,19.0,32,2.0,16.9,7.3,0,0.00,681.0
2023-10-17T13:00,20.4,29,1.8,18.7,7.7,0,0.00,764.0
2023-10-17T14:00,21.5,27,1.6,19.9,7.9,0,0.00,778.0
2023-10-17T15:00,22.4,24,0.9,20.2,8.3,0,0.00,723.0
2023-10-17T16:00,23.0,23,0.6,19.9,9.4,0,0.00,605.0
2023-10-17T17:00,22.9,24,1.0,19.5,10.1,0,0.00,433.0
2023-10-17T18:00,22.3,25,1.5,18.9,10.1,0,0.00,231.0
2023-10-17T19:00,19.0,31,1.4,15.8,8.6,0,0.00,46.0
2023-10-17T20:00,18.5,35,2.5,15.3,9.8,0,0.00,0.0
2023-10-17T21:00,17.6,40,3.8,14.3,13.1,0,0.00,0.0
2023-10-17T22:00,17.3,39,3.1,13.9,12.2,0,0.00,0.0
2023-10-17T23:00,16.5,43,3.8,13.0,13.6,0,0.00,0.0
2023-10-18T00:00,15.9,47,4.6,12.6,13.8,0,0.00,0.0
2023-10-18T01:00,15.4,48,4.4,12.4,11.5,0,0.00,0.0
2023-10-18T02:00,15.1,49,4.4,12.1,11.2,0,0.00,0.0
2023-10-18T03:00,14.8,50,4.4,11.8,10.8,0,0.00,0.0
2023-10-18T04:00,14.5,51,4.4,11.5,11.2,0,0.00,0.0
2023-10-18T05:00,14.3,52,4.6,11.3,11.3,0,0.00,0.0
2023-10-18T06:00,14.1,54,4.9,11.1,11.6,0,0.00,0.0
2023-10-18T07:00,14.4,55,5.6,11.2,14.1,0,0.00,0.0
2023-10-18T08:00,14.0,58,5.9,10.8,14.7,0,0.00,7.0
2023-10-18T09:00,16.5,52,6.7,13.4,15.9,0,0.00,136.0
2023-10-18T10:00,19.3,45,7.1,15.5,20.6,0,0.00,337.0
2023-10-18T11:00,21.8,40,7.4,17.7,23.6,0,0.00,520.0
2023-10-18T12:00,24.0,34,7.3,20.1,25.7,0,0.00,660.0
2023-10-18T13:00,25.9,29,6.6,21.8,27.8,0,0.00,741.0
2023-10-18T14:00,27.0,27,6.1,22.9,27.5,0,0.00,757.0
2023-10-18T15:00,27.5,26,6.1,23.5,25.7,10,0.00,704.0
2023-10-18T16:00,27.6,25,5.8,22.9,26.6,84,0.00,586.0
2023-10-18T17:00,27.1,26,6.2,22.2,27.0,0,0.00,385.0
2023-10-18T18:00,26.3,28,6.2,22.0,23.1,0,0.00,220.0
2023-10-18T19:00,23.7,37,8.1,21.4,12.1,0,0.00,42.0
2023-10-18T20:00,22.4,41,8.6,20.2,12.2,0,0.00,0.0
2023-10-18T21:00,21.8,43,8.5,19.2,14.6,0,0.00,0.0
2023-10-18T22:00,21.1,43,8.1,18.6,13.7,0,0.00,0.0
2023-10-18T23:00,20.2,45,7.8,18.3,9.2,2,0.00,0.0
2023-10-19T00:00,19.5,48,8.2,17.7,9.0,0,0.00,0.0
2023-10-19T01:00,19.1,52,9.1,17.1,12.0,0,0.00,0.0
2023-10-19T02:00,17.6,60,9.8,16.2,9.5,0,0.00,0.0
2023-10-19T03:00,16.9,64,10.1,15.5,10.0,0,0.00,0.0
2023-10-19T04:00,16.2,67,10.1,14.8,9.7,0,0.00,0.0
2023-10-19T05:00,15.5,70,10.1,14.3,8.2,0,0.00,0.0
2023-10-19T06:00,14.6,72,9.6,13.4,7.6,0,0.00,0.0
2023-10-19T07:00,13.4,84,10.6,12.6,6.3,2,0.00,0.0
2023-10-19T08:00,13.2,83,10.4,12.0,9.4,0,0.00,6.0
2023-10-19T09:00,16.3,67,10.1,14.5,13.0,43,0.00,135.0
2023-10-19T10:00,19.5,52,9.4,17.2,15.0,0,0.00,331.0
2023-10-19T11:00,22.8,41,8.8,20.5,12.8,0,0.00,525.0
2023-10-19T12:00,26.0,32,7.9,24.0,14.6,0,0.00,666.0
2023-10-19T13:00,27.6,25,6.1,25.5,14.9,0,0.00,746.0
2023-10-19T14:00,28.4,23,5.1,26.2,14.5,0,0.00,760.0
2023-10-19T15:00,28.9,20,4.0,26.2,14.2,0,0.00,706.0
2023-10-19T16:00,29.1,20,3.6,25.8,13.6,0,0.00,590.0
2023-10-19T17:00,29.0,19,2.8,25.4,13.2,0,0.00,421.0
2023-10-19T18:00,27.9,20,2.8,24.9,8.7,0,0.00,222.0
2023-10-19T19:00,27.1,21,3.2,25.1,3.6,0,0.00,41.0
2023-10-19T20:00,25.1,25,3.8,23.0,4.3,0,0.00,0.0
2023-10-19T21:00,22.5,30,4.2,20.4,4.3,0,0.00,0.0
2023-10-19T22:00,20.0,35,4.2,17.8,6.0,0,0.00,0.0
2023-10-19T23:00,18.9,36,3.5,16.3,7.6,0,0.00,0.0
2023-10-20T00:00,18.6,35,3.0,15.7,8.9,0,0.00,0.0
2023-10-20T01:00,18.6,33,2.2,15.3,10.9,0,0.00,0.0
2023-10-20T02:00,18.4,34,2.3,15.0,11.2,0,0.00,0.0
2023-10-20T03:00,18.0,35,2.4,14.7,11.3,0,0.00,0.0
2023-10-20T04:00,17.7,37,2.7,14.4,11.3,0,0.00,0.0
2023-10-20T05:00,17.5,38,2.8,14.2,10.8,0,0.00,0.0
2023-10-20T06:00,17.1,39,3.0,14.1,9.8,0,0.00,0.0
2023-10-20T07:00,18.6,34,2.3,14.8,14.5,0,0.00,0.0
2023-10-20T08:00,18.0,35,2.3,14.5,12.2,0,0.00,6.0
2023-10-20T09:00,20.1,34,3.7,17.3,9.5,0,0.00,131.0
2023-10-20T10:00,22.9,30,4.3,20.4,7.8,0,0.00,334.0
2023-10-20T11:00,25.5,28,5.4,23.4,6.9,0,0.00,521.0
2023-10-20T12:00,28.0,25,6.3,26.8,6.9,0,0.00,661.0
2023-10-20T13:00,30.0,24,7.2,29.1,9.1,0,0.00,741.0
2023-10-20T14:00,31.6,23,7.9,30.8,9.7,0,0.00,752.0
2023-10-20T15:00,32.5,20,6.4,30.9,10.7,0,0.00,698.0
2023-10-20T16:00,32.6,17,4.7,29.8,12.0,0,0.00,584.0
2023-10-20T17:00,32.0,18,4.3,28.9,12.1,0,0.00,418.0
2023-10-20T18:00,30.1,22,6.1,28.1,7.2,0,0.00,219.0
2023-10-20T19:00,26.8,25,5.4,24.3,9.0,0,0.00,39.0
2023-10-20T20:00,24.4,31,6.2,21.9,10.1,0,0.00,0.0
2023-10-20T21:00,22.9,37,7.6,21.0,8.4,0,0.00,0.0
2023-10-20T22:00,21.6,42,8.1,19.7,9.8,0,0.00,0.0
2023-10-20T23:00,20.6,46,8.5,19.0,8.7,0,0.00,0.0
2023-10-21T00:00,19.1,49,8.2,17.1,11.2,0,0.00,0.0
2023-10-21T01:00,18.6,50,8.1,16.8,9.2,0,0.00,0.0
2023-10-21T02:00,19.4,48,8.1,17.7,8.0,94,0.00,0.0
2023-10-21T03:00,18.6,51,8.4,17.0,8.6,99,0.00,0.0
2023-10-21T04:00,16.8,59,8.8,14.8,11.5,99,0.00,0.0
2023-10-21T05:00,17.0,56,8.3,15.3,9.0,100,0.00,0.0
2023-10-21T06:00,17.4,53,7.6,15.6,8.2,99,0.00,0.0
2023-10-21T07:00,17.0,56,8.3,15.2,9.5,100,0.00,0.0
2023-10-21T08:00,16.6,56,7.9,14.6,10.2,100,0.00,5.0
2023-10-21T09:00,19.9,48,8.6,17.7,12.8,100,0.00,119.0
2023-10-21T10:00,23.5,41,9.4,22.2,7.8,100,0.00,286.0
2023-10-21T11:00,27.0,34,9.6,25.4,10.1,100,0.00,443.0
2023-10-21T12:00,29.9,28,9.2,27.6,14.5,100,0.00,530.0
2023-10-21T13:00,32.0,20,6.5,28.9,17.7,100,0.00,628.0
2023-10-21T14:00,33.3,17,5.2,30.4,17.1,100,0.00,705.0
2023-10-21T15:00,33.8,17,4.9,30.7,15.4,100,0.00,638.0
2023-10-21T16:00,33.5,17,4.8,30.1,15.4,100,0.00,481.0
2023-10-21T17:00,32.5,18,5.2,29.1,15.0,100,0.00,261.0
2023-10-21T18:00,30.6,22,6.8,28.4,9.4,100,0.00,135.0
2023-10-21T19:00,27.5,29,7.8,25.6,8.7,100,0.00,25.0
2023-10-21T20:00,26.5,33,8.8,24.4,12.1,100,0.00,0.0
2023-10-21T21:00,25.5,35,8.8,23.3,13.1,100,0.00,0.0
2023-10-21T22:00,24.8,36,8.9,22.4,14.3,100,0.00,0.0
2023-10-21T23:00,24.2,37,8.7,21.9,13.6,100,0.00,0.0
2023-10-22T00:00,23.3,39,8.8,21.5,9.8,100,0.00,0.0
2023-10-22T01:00,22.5,42,9.1,21.0,8.3,100,0.00,0.0
2023-10-22T02:00,21.9,44,9.1,20.6,7.6,100,0.00,0.0
2023-10-22T03:00,21.0,47,9.2,19.6,8.7,100,0.00,0.0
2023-10-22T04:00,20.8,47,9.1,19.5,7.4,100,0.00,0.0
2023-10-22T05:00,20.5,48,9.0,19.1,7.9,100,0.00,0.0
2023-10-22T06:00,19.5,52,9.3,17.8,9.8,100,0.00,0.0
2023-10-22T07:00,19.5,55,10.4,18.3,9.6,100,0.00,0.0
2023-10-22T08:00,19.1,61,11.3,18.2,8.6,100,0.00,3.0
2023-10-22T09:00,21.5,54,11.8,21.1,6.8,99,0.00,81.0
2023-10-22T10:00,24.4,46,12.1,24.1,6.4,97,0.00,256.0
2023-10-22T11:00,27.1,41,12.8,26.5,10.0,100,0.00,425.0
2023-10-22T12:00,28.7,39,13.2,28.0,12.2,100,0.00,433.0
2023-10-22T13:00,30.2,35,13.1,28.9,15.8,100,0.00,530.0
2023-10-22T14:00,29.8,35,12.9,28.2,17.4,100,0.00,467.0
2023-10-22T15:00,29.7,37,13.4,28.3,16.8,100,0.00,370.0
2023-10-22T16:00,30.0,36,13.4,28.2,19.5,100,0.00,377.0
2023-10-22T17:00,29.0,39,13.6,27.3,19.6,100,0.00,247.0
2023-10-22T18:00,27.7,46,15.1,27.1,16.1,100,0.00,87.0
2023-10-22T19:00,26.2,56,16.6,26.3,14.8,100,0.00,10.0
2023-10-22T20:00,25.6,62,17.9,26.4,14.3,100,0.00,0.0
2023-10-22T21:00,25.1,67,18.5,25.9,15.8,100,0.00,0.0
2023-10-22T22:00,24.9,66,18.1,25.4,16.9,100,0.00,0.0
2023-10-22T23:00,25.2,61,17.1,24.8,20.3,100,0.00,0.0
2023-10-23T00:00,25.0,60,16.8,24.0,22.8,100,0.00,0.0
2023-10-23T01:00,24.5,64,17.2,23.9,22.4,100,0.00,0.0
2023-10-23T02:00,23.9,71,18.2,23.9,20.7,100,0.00,0.0
2023-10-23T03:00,23.5,77,19.2,24.0,19.8,100,0.00,0.0
2023-10-23T04:00,23.1,80,19.6,24.3,17.1,100,0.00,0.0
2023-10-23T05:00,23.0,82,19.8,24.5,14.8,100,0.00,0.0
2023-10-23T06:00,22.6,84,19.9,24.0,16.7,100,0.00,0.0
2023-10-23T07:00,22.4,82,19.2,23.5,15.6,100,0.00,0.0
2023-10-23T08:00,22.1,86,19.6,23.7,14.7,100,0.10,1.0
2023-10-23T09:00,23.4,83,20.2,24.4,20.1,100,0.00,29.0
2023-10-23T10:00,23.4,81,19.9,24.4,18.7,100,0.00,93.0
2023-10-23T11:00,23.6,79,19.7,24.7,17.8,100,0.10,90.0
2023-10-23T12:00,23.8,82,20.5,24.6,22.9,100,0.60,151.0
2023-10-23T13:00,23.0,91,21.5,24.9,18.3,100,1.20,117.0
2023-10-23T14:00,23.6,84,20.8,25.5,16.6,100,0.30,142.0
2023-10-23T15:00,25.2,72,19.8,26.0,21.0,99,0.00,246.0
2023-10-23T16:00,26.8,65,19.8,27.8,19.0,100,0.10,371.0
2023-10-23T17:00,26.3,65,19.1,26.7,20.6,100,0.00,226.0
2023-10-23T18:00,25.1,67,18.6,25.6,18.4,100,0.00,64.0
2023-10-23T19:00,23.9,82,20.5,26.2,12.4,100,0.10,8.0
2023-10-23T20:00,22.7,93,21.5,25.6,12.0,100,4.40,0.0
2023-10-23T21:00,21.6,92,20.2,24.2,9.2,100,5.90,0.0
2023-10-23T22:00,21.5,93,20.3,24.1,9.8,100,2.50,0.0
2023-10-23T23:00,21.2,91,19.8,23.0,14.1,100,3.80,0.0
2023-10-24T00:00,20.7,92,19.4,22.2,14.1,100,1.40,0.0
2023-10-24T01:00,21.1,90,19.5,22.1,18.4,97,0.10,0.0
2023-10-24T02:00,21.8,86,19.4,22.1,22.1,98,0.00,0.0
2023-10-24T03:00,21.8,87,19.5,22.1,22.2,100,0.00,0.0
2023-10-24T04:00,21.6,87,19.4,21.9,23.0,97,0.00,0.0
2023-10-24T05:00,21.5,88,19.5,21.6,23.3,95,0.00,0.0
2023-10-24T06:00,21.6,87,19.4,21.7,24.0,38,0.00,0.0
2023-10-24T07:00,21.4,88,19.2,21.3,24.5,52,0.00,0.0
2023-10-24T08:00,21.8,92,20.5,22.8,21.4,100,0.20,1.0
2023-10-24T09:00,22.0,92,20.8,23.1,21.7,100,2.40,6.0
2023-10-24T10:00,22.5,92,21.1,23.7,21.9,100,0.70,75.0
2023-10-24T11:00,23.9,85,21.1,24.4,27.5,100,0.20,174.0
2023-10-24T12:00,22.9,88,20.9,24.0,21.6,100,5.30,92.0
2023-10-24T13:00,24.2,84,21.2,24.9,26.1,92,0.20,165.0
2023-10-24T14:00,25.4,75,20.7,25.2,30.3,91,0.20,430.0
2023-10-24T15:00,25.8,74,20.9,26.3,25.4,87,0.30,282.0
2023-10-24T16:00,26.8,66,19.9,26.6,27.4,100,0.10,404.0
2023-10-24T17:00,23.7,87,21.5,25.9,16.8,100,7.90,88.0
2023-10-24T18:00,23.3,89,21.4,26.1,12.3,100,7.90,33.0
2023-10-24T19:00,23.4,85,20.6,25.1,17.0,100,4.30,8.0
2023-10-24T20:00,22.2,96,21.5,24.8,14.3,90,1.50,0.0
2023-10-24T21:00,22.0,97,21.5,24.3,16.1,100,1.70,0.0
2023-10-24T22:00,21.9,93,20.8,24.0,15.1,77,1.30,0.0
2023-10-24T23:00,21.6,93,20.4,24.0,11.3,91,0.20,0.0
2023-10-25T00:00,22.6,86,20.1,23.2,22.6,88,0.00,0.0
2023-10-25T01:00,22.2,87,20.0,23.0,21.1,97,0.00,0.0
2023-10-25T02:00,22.1,88,20.0,23.1,19.2,100,0.00,0.0
2023-10-25T03:00,22.0,88,20.0,22.9,20.3,98,0.10,0.0
2023-10-25T04:00,21.9,89,19.9,22.6,20.7,75,0.10,0.0
2023-10-25T05:00,21.5,90,19.9,22.4,20.3,88,0.00,0.0
2023-10-25T06:00,21.5,91,19.9,22.3,20.1,98,0.00,0.0
2023-10-25T07:00,21.3,91,19.8,22.2,19.7,100,0.00,0.0
2023-10-25T08:00,21.6,93,20.5,23.1,18.4,100,0.10,1.0
2023-10-25T09:00,21.9,92,20.5,23.2,19.2,100,0.10,26.0
2023-10-25T10:00,22.8,87,20.5,22.7,28.8,100,0.00,98.0
2023-10-25T11:00,24.0,82,20.6,24.4,25.7,100,0.00,194.0
2023-10-25T12:00,26.0,72,20.5,26.2,27.0,100,0.00,369.0
2023-10-25T13:00,25.8,72,20.2,25.8,26.8,100,0.00,300.0
2023-10-25T14:00,26.2,72,20.7,27.3,21.6,100,0.00,261.0
2023-10-25T15:00,26.6,72,21.1,27.9,21.8,100,0.10,301.0
2023-10-25T16:00,25.0,79,21.2,26.8,18.8,100,6.10,119.0
2023-10-25T17:00,25.6,77,21.4,27.3,19.4,100,1.40,141.0
2023-10-25T18:00,23.6,85,20.9,25.2,18.4,100,0.70,45.0
2023-10-25T19:00,22.8,89,20.9,25.3,12.7,100,1.30,7.0
2023-10-25T20:00,21.8,96,21.0,23.9,15.6,100,3.10,0.0
2023-10-25T21:00,22.0,95,21.1,24.6,12.2,100,4.30,0.0
2023-10-25T22:00,21.9,96,21.1,24.6,11.4,100,4.90,0.0
2023-10-25T23:00,21.5,96,21.0,24.4,10.0,100,3.10,0.0
2023-10-26T00:00,21.6,91,20.1,23.0,17.3,100,3.70,0.0
2023-10-26T01:00,21.1,94,20.1,23.6,9.6,100,2.70,0.0
2023-10-26T02:00,21.7,93,20.6,25.0,6.0,100,0.60,0.0
2023-10-26T03:00,21.9,96,21.2,24.0,16.0,100,1.60,0.0
2023-10-26T04:00,22.2,94,21.2,23.9,19.6,100,2.30,0.0
2023-10-26T05:00,22.0,93,20.8,23.1,21.6,100,3.10,0.0
2023-10-26T06:00,22.0,93,21.0,23.7,18.7,100,6.40,0.0
2023-10-26T07:00,22.0,93,21.0,24.3,14.7,97,4.60,0.0
2023-10-26T08:00,20.6,97,20.2,23.6,7.2,80,0.10,1.0
2023-10-26T09:00,21.3,95,20.5,24.0,9.9,90,0.00,66.0
2023-10-26T10:00,21.8,90,20.1,23.6,14.4,76,0.00,123.0
2023-10-26T11:00,23.0,80,19.4,24.8,11.9,10,0.00,318.0
2023-10-26T12:00,24.9,70,19.1,26.7,12.6,1,0.00,588.0
2023-10-26T13:00,25.9,70,20.0,27.7,18.7,5,0.00,688.0
2023-10-26T14:00,27.0,66,20.1,29.2,17.3,21,0.00,700.0
2023-10-26T15:00,27.9,61,19.6,29.3,17.3,26,0.00,588.0
2023-10-26T16:00,28.4,59,19.5,29.9,14.1,5,0.00,450.0
2023-10-26T17:00,28.1,62,20.0,29.9,14.2,1,0.00,363.0
2023-10-26T18:00,26.9,69,20.8,29.3,12.3,0,0.00,181.0
2023-10-26T19:00,24.7,79,20.8,26.3,18.3,2,0.00,25.0
2023-10-26T20:00,23.9,88,21.8,26.1,18.0,9,0.00,0.0
2023-10-26T21:00,23.5,90,21.7,25.2,20.8,40,0.00,0.0
2023-10-26T22:00,23.4,89,21.5,24.8,22.1,78,0.00,0.0
2023-10-26T23:00,22.9,90,21.1,25.0,16.2,71,0.60,0.0
2023-10-27T00:00,22.5,94,21.5,24.9,16.0,100,0.00,0.0
2023-10-27T01:00,22.7,95,21.9,25.3,15.8,100,0.00,0.0
2023-10-27T02:00,23.0,94,22.0,25.6,16.2,21,0.00,0.0
2023-10-27T03:00,22.6,94,21.6,25.0,15.7,26,0.00,0.0
2023-10-27T04:00,22.5,94,21.5,25.0,15.0,100,0.00,0.0
2023-10-27T05:00,23.0,92,21.6,25.4,15.3,100,0.00,0.0
2023-10-27T06:00,23.1,91,21.6,25.7,15.1,100,0.00,0.0
2023-10-27T07:00,23.3,90,21.6,25.7,16.1,100,0.00,0.0
2023-10-27T08:00,22.5,95,21.5,25.2,13.0,93,0.20,1.0
2023-10-27T09:00,24.2,91,22.6,27.0,17.7,43,0.30,76.0
2023-10-27T10:00,25.6,84,22.8,27.8,22.1,28,0.60,234.0
2023-10-27T11:00,27.0,80,23.2,30.2,17.4,54,0.00,338.0
2023-10-27T12:00,28.0,77,23.5,31.4,16.7,84,0.10,534.0
2023-10-27T13:00,27.6,75,22.8,31.0,13.9,100,0.00,434.0
2023-10-27T14:00,28.6,70,22.7,32.2,11.4,98,0.00,447.0
2023-10-27T15:00,28.3,69,22.1,32.0,9.0,88,0.00,452.0
2023-10-27T16:00,24.5,87,22.2,27.4,14.8,74,1.80,361.0
2023-10-27T17:00,25.8,82,22.4,29.5,9.5,70,0.10,246.0
2023-10-27T18:00,24.7,83,21.6,28.0,9.7,74,0.40,124.0
2023-10-27T19:00,23.7,91,22.1,28.4,2.3,50,0.00,14.0
2023-10-27T20:00,20.6,92,19.3,21.8,15.9,89,0.40,0.0
2023-10-27T21:00,18.9,85,16.4,18.5,17.8,100,0.10,0.0
2023-10-27T22:00,18.0,87,15.8,17.4,17.4,100,4.90,0.0
2023-10-27T23:00,17.5,89,15.6,17.4,13.8,100,10.60,0.0
2023-10-28T00:00,17.4,89,15.6,17.6,11.9,100,0.20,0.0
2023-10-28T01:00,17.6,91,16.2,18.6,7.9,96,0.10,0.0
2023-10-28T02:00,18.0,93,17.0,19.0,10.0,100,0.00,0.0
2023-10-28T03:00,18.3,93,17.2,19.6,8.7,100,0.00,0.0
2023-10-28T04:00,18.5,93,17.4,19.5,11.2,100,0.00,0.0
2023-10-28T05:00,18.6,91,17.2,19.5,11.6,100,0.00,0.0
2023-10-28T06:00,18.5,94,17.5,19.6,10.8,100,0.60,0.0
2023-10-28T07:00,18.5,93,17.4,19.4,11.8,100,3.60,0.0
2023-10-28T08:00,16.8,92,15.6,17.2,10.3,100,19.10,0.0
2023-10-28T09:00,17.0,93,15.9,17.7,9.6,100,22.50,4.0
2023-10-28T10:00,17.1,94,16.1,17.8,10.3,100,11.70,15.0
2023-10-28T11:00,17.5,95,16.6,18.1,11.3,100,1.90,28.0
2023-10-28T12:00,18.1,93,17.0,19.4,7.9,100,0.40,92.0
2023-10-28T13:00,18.6,93,17.5,20.0,9.6,100,0.30,183.0
2023-10-28T14:00,20.1,89,18.3,22.1,7.4,100,0.00,292.0
2023-10-28T15:00,20.0,90,18.4,21.8,8.9,100,0.00,136.0
2023-10-28T16:00,20.5,88,18.4,21.8,12.1,100,0.00,155.0
2023-10-28T17:00,20.5,87,18.2,21.4,14.0,99,0.00,155.0
2023-10-28T18:00,20.5,87,18.3,21.9,11.5,100,0.00,74.0
2023-10-28T19:00,20.4,90,18.6,22.1,9.7,100,0.20,8.0
2023-10-28T20:00,16.4,91,14.9,16.3,11.7,64,7.50,0.0
2023-10-28T21:00,16.1,93,14.9,15.3,17.4,100,0.00,0.0
2023-10-28T22:00,16.5,92,15.2,16.0,15.4,100,0.00,0.0
2023-10-28T23:00,17.0,91,15.4,16.4,16.2,100,0.00,0.0
2023-10-29T00:00,16.5,92,15.2,15.9,16.6,100,0.00,0.0
2023-10-29T01:00,16.2,91,14.7,15.4,16.8,100,0.20,0.0
2023-10-29T02:00,15.9,90,14.3,14.8,17.4,100,0.10,0.0
2023-10-29T03:00,15.5,89,13.6,13.9,19.0,100,0.00,0.0
2023-10-29T04:00,14.4,87,12.3,11.9,21.9,100,0.00,0.0
2023-10-29T05:00,13.6,87,11.6,11.1,20.5,100,0.20,0.0
2023-10-29T06:00,13.1,86,10.8,10.6,19.5,100,0.20,0.0
2023-10-29T07:00,12.6,86,10.3,10.1,18.5,100,0.10,0.0
2023-10-29T08:00,7.7,88,5.8,3.4,22.1,100,10.20,1.0
2023-10-29T09:00,7.4,86,5.2,2.5,25.4,100,9.50,19.0
2023-10-29T10:00,7.3,84,4.8,2.5,24.5,100,0.00,29.0
2023-10-29T11:00,7.9,80,4.7,3.1,24.1,100,0.00,90.0
2023-10-29T12:00,8.7,77,4.9,4.0,24.0,100,0.00,131.0
2023-10-29T13:00,9.2,76,5.2,4.2,26.3,100,0.00,158.0
2023-10-29T14:00,9.9,74,5.4,5.2,24.4,100,0.00,131.0
2023-10-29T15:00,10.2,73,5.5,5.4,25.3,100,0.00,162.0
2023-10-29T16:00,10.2,71,5.2,5.2,26.8,100,0.00,134.0
2023-10-29T17:00,10.1,68,4.6,4.9,27.0,100,0.00,101.0
2023-10-29T18:00,9.2,69,3.9,4.0,26.4,100,0.00,32.0
2023-10-29T19:00,8.5,70,3.3,2.9,28.0,100,0.00,4.0
2023-10-29T20:00,5.7,83,3.0,-0.1,29.0,100,0.50,0.0
2023-10-29T21:00,5.7,81,2.7,0.1,26.9,100,0.10,0.0
2023-10-29T22:00,5.7,83,3.0,-0.0,27.9,100,0.10,0.0
2023-10-29T23:00,5.8,82,3.0,0.1,28.2,100,0.10,0.0
2023-10-30T00:00,5.9,82,3.0,0.0,29.4,100,0.00,0.0
2023-10-30T01:00,5.6,87,3.5,0.7,23.6,100,3.70,0.0
2023-10-30T02:00,5.8,84,3.3,-0.0,29.3,100,1.20,0.0
2023-10-30T03:00,5.8,86,3.6,0.5,25.8,100,0.40,0.0
2023-10-30T04:00,5.6,87,3.5,0.1,27.4,100,0.90,0.0
2023-10-30T05:00,5.5,78,1.9,-0.3,27.5,99,0.10,0.0
2023-10-30T06:00,5.3,68,-0.2,-1.1,28.8,35,0.00,0.0
2023-10-30T07:00,4.8,66,-1.1,-1.3,25.7,100,0.00,0.0
2023-10-30T08:00,3.6,73,-0.8,-2.1,24.0,9,0.00,1.0
2023-10-30T09:00,4.2,64,-1.9,-1.9,25.6,2,0.00,94.0
2023-10-30T10:00,5.3,55,-3.1,-1.0,25.6,61,0.00,294.0
2023-10-30T11:00,6.1,50,-3.5,-0.2,24.9,36,0.00,326.0
2023-10-30T12:00,7.3,48,-3.0,1.4,23.4,8,0.00,521.0
2023-10-30T13:00,8.4,44,-3.0,2.7,25.6,41,0.00,671.0
2023-10-30T14:00,9.0,44,-2.5,3.0,25.3,66,0.00,583.0
2023-10-30T15:00,9.4,42,-2.8,3.4,23.9,54,0.00,402.0
2023-10-30T16:00,9.7,42,-2.5,3.8,23.5,82,0.00,412.0
2023-10-30T17:00,9.5,41,-3.0,3.7,22.1,66,0.00,226.0
2023-10-30T18:00,9.2,41,-3.2,3.7,19.9,53,0.00,121.0
2023-10-30T19:00,8.9,42,-3.3,4.0,15.7,52,0.00,15.0
2023-10-30T20:00,9.1,41,-3.5,4.3,15.4,97,0.00,0.0
2023-10-30T21:00,9.0,41,-3.6,4.0,16.6,98,0.00,0.0
2023-10-30T22:00,8.6,42,-3.7,3.6,16.6,95,0.00,0.0
2023-10-30T23:00,8.3,42,-3.8,3.2,16.7,91,0.00,0.0
2023-10-31T00:00,7.9,44,-3.7,2.9,16.5,82,0.00,0.0
2023-10-31T01:00,7.2,49,-2.7,2.8,13.1,77,0.00,0.0
2023-10-31T02:00,7.1,51,-2.3,2.7,13.0,91,0.00,0.0
2023-10-31T03:00,6.7,55,-1.6,2.3,13.3,17,0.00,0.0
2023-10-31T04:00,5.2,67,-0.4,1.6,9.5,0,0.00,0.0
2023-10-31T05:00,4.5,73,0.2,1.1,8.7,0,0.00,0.0
2023-10-31T06:00,3.8,78,0.3,0.6,8.1,0,0.00,0.0
2023-10-31T07:00,3.5,79,0.1,-0.0,9.5,0,0.00,0.0
2023-10-31T08:00,2.3,88,0.5,-0.7,6.9,0,0.00,2.0
2023-10-31T09:00,4.2,75,0.3,0.6,10.7,0,0.00,109.0
2023-10-31T10:00,6.6,58,-1.1,2.8,10.1,0,0.00,311.0
2023-10-31T11:00,8.6,51,-1.1,4.8,10.7,0,0.00,498.0
2023-10-31T12:00,10.5,48,-0.2,6.9,13.4,0,0.00,639.0
2023-10-31T13:00,12.1,44,0.2,8.9,13.7,0,0.00,718.0
2023-10-31T14:00,13.4,41,0.4,10.2,14.6,0,0.00,729.0
2023-10-31T15:00,14.2,38,0.2,10.5,15.7,0,0.00,670.0
2023-10-31T16:00,14.4,37,0.1,9.6,18.9,0,0.00,550.0
2023-10-31T17:00,13.5,44,1.5,8.6,20.4,0,0.00,379.0
2023-10-31T18:00,12.4,47,1.4,8.2,15.5,0,0.00,179.0
2023-10-31T19:00,10.4,53,1.1,6.6,12.6,0,0.00,20.0
2023-10-31T20:00,9.7,56,1.2,6.2,10.9,0,0.00,0.0
2023-10-31T21:00,8.9,60,1.5,5.4,11.2,0,0.00,0.0
2023-10-31T22:00,7.8,65,1.6,4.6,9.5,0,0.00,0.0
2023-10-31T23:00,7.3,66,1.4,3.9,10.2,0,0.00,0.0
2023-11-01T00:00,6.7,65,0.6,2.9,11.7,0,0.00,0.0
2023-11-01T01:00,5.8,60,-1.4,1.6,13.2,0,0.00,0.0
2023-11-01T02:00,4.8,53,-4.0,0.2,13.3,0,0.00,0.0
2023-11-01T03:00,4.0,53,-4.7,-0.6,12.3,0,0.00,0.0
2023-11-01T04:00,3.2,56,-4.7,-1.1,10.5,0,0.00,0.0
2023-11-01T05:00,2.5,61,-4.3,-1.4,8.1,0,0.00,0.0
2023-11-01T06:00,2.0,65,-4.0,-1.8,7.5,0,0.00,0.0
2023-11-01T07:00,1.4,68,-3.9,-2.3,6.9,0,0.00,0.0
2023-11-01T08:00,0.6,75,-3.3,-3.1,8.2,0,0.00,1.0
2023-11-01T09:00,3.1,64,-3.1,-0.1,4.7,0,0.00,105.0
2023-11-01T10:00,5.1,58,-2.7,1.9,4.3,0,0.00,304.0
2023-11-01T11:00,6.7,54,-1.9,3.5,4.9,0,0.00,490.0
2023-11-01T12:00,8.1,52,-1.2,5.5,5.0,0,0.00,629.0
2023-11-01T13:00,9.1,50,-0.8,7.3,4.3,0,0.00,708.0
2023-11-01T14:00,10.1,48,-0.5,8.4,3.7,0,0.00,720.0
2023-11-01T15:00,10.7,47,-0.1,8.9,2.9,0,0.00,665.0
2023-11-01T16:00,11.1,46,-0.1,8.4,4.0,0,0.00,547.0
2023-11-01T17:00,11.2,45,-0.2,8.3,5.0,0,0.00,377.0
2023-11-01T18:00,10.4,52,1.1,7.8,4.8,0,0.00,178.0
2023-11-01T19:00,7.6,66,1.5,4.5,8.4,0,0.00,19.0
2023-11-01T20:00,8.4,53,-0.6,5.1,7.7,0,0.00,0.0
2023-11-01T21:00,7.8,55,-0.6,4.4,8.7,0,0.00,0.0
2023-11-01T22:00,7.3,59,-0.2,3.8,9.0,0,0.00,0.0
2023-11-01T23:00,6.9,61,0.0,3.4,9.5,0,0.00,0.0
2023-11-02T00:00,6.6,63,0.1,3.0,10.0,0,0.00,0.0
2023-11-02T01:00,6.1,66,0.2,2.7,8.6,0,0.00,0.0
2023-11-02T02:00,5.4,69,0.3,2.2,8.3,0,0.00,0.0
2023-11-02T03:00,4.8,74,0.6,1.7,7.6,0,0.00,0.0
2023-11-02T04:00,4.1,79,0.8,0.8,9.1,0,0.00,0.0
2023-11-02T05:00,3.8,82,1.0,0.6,8.7,0,0.00,0.0
2023-11-02T06:00,3.2,86,1.1,-0.1,9.7,0,0.00,0.0
2023-11-02T07:00,2.8,88,1.0,-0.7,10.4,0,0.00,0.0
2023-11-02T08:00,2.7,87,0.8,-0.6,8.2,0,0.00,1.0
2023-11-02T09:00,5.8,78,2.2,2.3,11.6,0,0.00,101.0
2023-11-02T10:00,8.4,69,3.0,5.2,11.4,0,0.00,301.0
2023-11-02T11:00,11.0,59,3.3,7.5,13.7,0,0.00,486.0
2023-11-02T12:00,12.9,50,2.7,9.2,16.4,0,0.00,626.0
2023-11-02T13:00,14.1,47,3.0,10.9,16.5,0,0.00,705.0
2023-11-02T14:00,15.1,47,3.7,12.4,14.0,0,0.00,717.0
2023-11-02T15:00,15.6,46,4.0,12.8,13.6,11,0.00,659.0
2023-11-02T16:00,15.9,45,4.0,12.3,14.6,6,0.00,535.0
2023-11-02T17:00,15.4,46,3.8,11.7,15.8,20,0.00,365.0
2023-11-02T18:00,14.1,50,3.9,10.8,13.0,1,0.00,169.0
2023-11-02T19:00,11.8,56,3.2,8.7,10.1,9,0.00,17.0
2023-11-02T20:00,11.9,51,2.0,8.2,12.8,0,0.00,0.0
2023-11-02T21:00,10.9,56,2.5,7.5,11.3,0,0.00,0.0
2023-11-02T22:00,10.2,59,2.7,6.9,11.5,0,0.00,0.0
2023-11-02T23:00,9.9,59,2.2,6.4,11.6,0,0.00,0.0
2023-11-03T00:00,9.9,55,1.2,6.2,12.0,0,0.00,0.0
2023-11-03T01:00,9.8,54,0.9,6.0,11.9,0,0.00,0.0
2023-11-03T02:00,9.1,57,1.0,5.8,9.7,0,0.00,0.0
2023-11-03T03:00,8.8,59,1.3,5.5,9.8,0,0.00,0.0
2023-11-03T04:00,8.4,63,1.8,5.3,8.8,0,0.00,0.0
2023-11-03T05:00,8.2,65,2.2,5.1,9.2,0,0.00,0.0
2023-11-03T06:00,8.1,68,2.6,5.1,9.1,0,0.00,0.0
2023-11-03T07:00,8.1,69,2.8,5.1,9.8,0,0.00,0.0
2023-11-03T08:00,9.1,72,4.3,6.1,11.3,0,0.00,1.0
2023-11-03T09:00,11.2,71,6.2,8.2,14.1,0,0.00,90.0
2023-11-03T10:00,13.8,68,8.1,11.3,13.4,0,0.00,276.0
2023-11-03T11:00,15.9,67,9.9,13.7,15.5,1,0.00,452.0
2023-11-03T12:00,17.9,67,11.6,15.8,19.1,0,0.00,585.0
2023-11-03T13:00,19.3,65,12.6,17.4,22.3,6,0.00,664.0
2023-11-03T14:00,20.7,58,12.2,18.2,25.0,26,0.00,662.0
2023-11-03T15:00,21.1,54,11.4,18.0,25.7,38,0.00,578.0
2023-11-03T16:00,21.0,55,11.6,17.8,24.7,1,0.00,482.0
2023-11-03T17:00,20.9,55,11.4,18.1,22.0,0,0.00,341.0
2023-11-03T18:00,19.5,61,11.7,17.5,17.6,0,0.00,153.0
2023-11-03T19:00,17.5,69,11.9,15.6,16.7,0,0.00,15.0
2023-11-03T20:00,17.1,75,12.6,15.6,16.3,0,0.00,0.0
2023-11-03T21:00,16.6,79,12.9,15.2,15.8,0,0.00,0.0
2023-11-03T22:00,16.3,79,12.7,14.6,17.3,0,0.00,0.0
2023-11-03T23:00,16.0,79,12.4,14.3,17.5,0,0.00,0.0
2023-11-04T00:00,15.6,80,12.1,14.0,15.0,0,0.00,0.0
2023-11-04T01:00,14.9,81,11.8,13.3,14.6,0,0.00,0.0
2023-11-04T02:00,14.4,83,11.5,12.7,14.6,0,0.00,0.0
2023-11-04T03:00,14.1,84,11.4,12.6,13.3,0,0.00,0.0
2023-11-04T04:00,13.6,86,11.4,12.4,11.2,0,0.00,0.0
2023-11-04T05:00,13.4,88,11.4,12.2,10.8,0,0.00,0.0
2023-11-04T06:00,13.2,90,11.6,12.1,11.2,0,0.00,0.0
2023-11-04T07:00,13.1,92,11.9,12.1,10.8,0,0.00,0.0
2023-11-04T08:00,13.1,94,12.1,12.0,12.0,0,0.00,1.0
2023-11-04T09:00,14.5,92,13.1,13.6,13.0,0,0.00,86.0
2023-11-04T10:00,16.6,85,14.1,16.0,13.7,16,0.00,267.0
2023-11-04T11:00,19.1,76,14.9,18.0,19.1,31,0.00,429.0
2023-11-04T12:00,20.1,74,15.4,19.0,20.2,7,0.00,563.0
2023-11-04T13:00,20.9,71,15.6,20.4,19.4,14,0.00,639.0
2023-11-04T14:00,21.8,68,15.6,21.2,20.5,7,0.00,655.0
2023-11-04T15:00,22.4,65,15.5,21.6,19.8,3,0.00,602.0
2023-11-04T16:00,22.8,62,15.0,21.4,20.9,1,0.00,501.0
2023-11-04T17:00,22.6,59,14.2,21.2,19.4,0,0.00,341.0
2023-11-04T18:00,21.5,63,14.1,20.8,13.8,0,0.00,155.0
2023-11-04T19:00,19.2,69,13.4,18.7,11.0,0,0.00,15.0
2023-11-04T20:00,18.4,75,13.8,18.0,10.9,1,0.00,0.0
2023-11-04T21:00,17.8,77,13.6,17.3,10.7,0,0.00,0.0
2023-11-04T22:00,17.0,81,13.8,16.9,8.9,5,0.00,0.0
2023-11-04T23:00,16.0,89,14.1,16.3,7.4,9,0.00,0.0
2023-11-05T00:00,15.5,91,14.1,15.8,7.2,9,0.00,0.0
2023-11-05T01:00,15.2,92,14.0,15.5,7.2,6,0.00,0.0
2023-11-05T02:00,15.1,93,13.9,15.3,7.5,4,0.00,0.0
2023-11-05T03:00,14.9,93,13.8,15.1,7.2,11,0.00,0.0
2023-11-05T04:00,14.6,94,13.6,14.6,7.6,15,0.00,0.0
2023-11-05T05:00,14.2,95,13.4,14.2,7.7,0,0.00,0.0
2023-11-05T06:00,14.3,95,13.5,14.4,6.9,2,0.00,0.0
2023-11-05T07:00,14.1,96,13.5,14.2,7.2,0,0.00,0.0
2023-11-05T08:00,17.5,90,15.8,17.7,12.1,100,0.00,0.0
2023-11-05T09:00,18.0,89,16.2,18.5,11.6,44,0.00,46.0
2023-11-05T10:00,19.3,85,16.8,19.6,14.3,14,0.00,172.0
2023-11-05T11:00,21.4,78,17.5,21.8,15.6,6,0.00,418.0
2023-11-05T12:00,23.1,71,17.6,23.4,17.6,26,0.00,558.0
2023-11-05T13:00,24.5,63,17.1,24.7,19.5,43,0.00,641.0
2023-11-05T14:00,25.5,57,16.4,25.1,21.3,65,0.00,657.0
2023-11-05T15:00,25.7,56,16.2,24.9,21.5,100,0.00,602.0
2023-11-05T16:00,25.6,55,15.9,24.6,20.5,100,0.00,475.0
2023-11-05T17:00,25.0,58,16.0,24.4,18.1,100,0.00,305.0
2023-11-05T18:00,23.5,63,16.1,23.6,13.8,100,0.00,147.0
2023-11-05T19:00,21.6,68,15.6,21.6,13.2,100,0.00,12.0
2023-11-05T20:00,20.4,77,16.1,20.4,14.3,100,0.00,0.0
2023-11-05T21:00,20.0,78,16.0,19.5,17.2,100,0.00,0.0
2023-11-05T22:00,19.6,82,16.5,19.2,18.9,100,0.00,0.0
2023-11-05T23:00,19.5,83,16.6,19.1,18.4,100,0.00,0.0
2023-11-06T00:00,19.5,81,16.2,18.9,19.1,100,0.00,0.0
2023-11-06T01:00,19.6,78,15.8,18.6,20.4,100,0.00,0.0
2023-11-06T02:00,19.6,77,15.6,18.7,19.8,100,0.00,0.0
2023-11-06T03:00,19.4,78,15.5,18.7,17.6,100,0.00,0.0
2023-11-06T04:00,18.9,80,15.4,18.4,16.0,100,0.00,0.0
2023-11-06T05:00,19.0,82,15.8,18.6,16.3,100,0.00,0.0
2023-11-06T06:00,18.6,85,16.1,18.1,17.9,100,0.00,0.0
2023-11-06T07:00,17.9,89,16.1,17.3,18.3,100,0.00,0.0
2023-11-06T08:00,18.1,88,16.1,17.4,19.6,47,0.00,0.0
2023-11-06T09:00,19.2,85,16.6,18.5,20.7,71,0.00,78.0
2023-11-06T10:00,21.0,80,17.4,20.8,19.0,45,0.00,254.0
2023-11-06T11:00,22.5,75,17.9,21.8,24.5,39,0.00,435.0
2023-11-06T12:00,23.8,71,18.1,23.2,25.1,31,0.00,561.0
2023-11-06T13:00,25.1,65,18.0,24.9,24.6,0,0.00,639.0
2023-11-06T14:00,25.9,62,18.0,25.4,27.0,0,0.00,659.0
2023-11-06T15:00,26.4,59,17.9,25.3,28.6,0,0.00,607.0
2023-11-06T16:00,26.4,59,17.8,25.2,27.5,0,0.00,494.0
2023-11-06T17:00,26.0,60,17.5,25.0,24.6,0,0.00,334.0
2023-11-06T18:00,24.6,65,17.5,24.3,20.2,0,0.00,149.0
2023-11-06T19:00,23.2,68,16.9,22.7,20.3,0,0.00,13.0
2023-11-06T20:00,22.8,73,17.6,22.4,21.3,0,0.00,0.0
2023-11-06T21:00,22.4,73,17.4,21.7,22.8,0,0.00,0.0
2023-11-06T22:00,21.9,74,17.0,21.0,23.1,0,0.00,0.0
2023-11-06T23:00,21.5,75,16.8,20.6,22.8,0,0.00,0.0
2023-11-07T00:00,21.1,76,16.7,20.1,23.0,0,0.00,0.0
2023-11-07T01:00,20.7,77,16.5,19.7,22.2,0,0.00,0.0
2023-11-07T02:00,20.2,79,16.5,19.3,21.5,0,0.00,0.0
2023-11-07T03:00,19.8,81,16.4,19.0,20.0,0,0.00,0.0
2023-11-07T04:00,19.2,83,16.2,18.7,18.3,0,0.00,0.0
2023-11-07T05:00,18.8,85,16.2,18.4,17.3,0,0.00,0.0
2023-11-07T06:00,18.3,87,16.1,18.2,15.2,0,0.00,0.0
2023-11-07T07:00,17.9,89,16.0,17.8,14.5,0,0.00,0.0
2023-11-07T08:00,18.0,86,15.6,17.5,16.5,0,0.00,0.0
2023-11-07T09:00,19.5,80,15.9,19.0,17.4,0,0.00,81.0
2023-11-07T10:00,21.5,74,16.6,21.7,15.1,0,0.00,266.0
2023-11-07T11:00,23.3,67,16.9,23.3,16.4,0,0.00,442.0
2023-11-07T12:00,24.9,63,17.3,24.8,18.8,0,0.00,576.0
2023-11-07T13:00,26.4,58,17.5,26.8,18.4,0,0.00,652.0
2023-11-07T14:00,27.4,56,17.9,27.8,20.3,0,0.00,663.0
2023-11-07T15:00,27.9,55,18.0,27.7,23.1,0,0.00,609.0
2023-11-07T16:00,28.1,55,18.1,27.5,24.5,0,0.00,495.0
2023-11-07T17:00,27.7,57,18.3,27.4,23.0,0,0.00,334.0
2023-11-07T18:00,26.2,62,18.5,26.3,20.9,0,0.00,147.0
2023-11-07T19:00,24.9,65,17.8,24.5,22.0,0,0.00,12.0
2023-11-07T20:00,24.4,70,18.5,24.1,22.9,0,0.00,0.0
2023-11-07T21:00,24.0,72,18.5,23.8,23.0,0,0.00,0.0
2023-11-07T22:00,23.7,72,18.3,23.0,25.7,0,0.00,0.0
2023-11-07T23:00,23.4,71,17.8,22.3,26.8,0,0.00,0.0
2023-11-08T00:00,23.0,70,17.2,21.9,25.1,0,0.00,0.0
2023-11-08T01:00,22.4,70,16.7,21.2,24.2,0,0.00,0.0
2023-11-08T02:00,21.8,71,16.2,20.5,23.7,0,0.00,0.0
2023-11-08T03:00,21.1,73,16.1,20.0,22.4,0,0.00,0.0
2023-11-08T04:00,20.5,75,16.0,19.5,21.6,0,0.00,0.0
2023-11-08T05:00,20.0,78,16.1,19.2,20.4,0,0.00,0.0
2023-11-08T06:00,19.8,81,16.4,18.9,21.2,0,0.00,0.0
2023-11-08T07:00,19.5,84,16.6,18.8,20.8,0,0.00,0.0
2023-11-08T08:00,19.0,91,17.5,18.7,21.1,0,0.00,0.0
2023-11-08T09:00,20.4,87,18.1,20.5,19.6,0,0.00,77.0
2023-11-08T10:00,22.2,81,18.9,23.0,17.8,1,0.00,259.0
2023-11-08T11:00,24.1,75,19.3,24.6,20.9,0,0.00,430.0
2023-11-08T12:00,25.7,68,19.4,26.0,22.5,0,0.00,557.0
2023-11-08T13:00,26.9,64,19.5,27.6,22.4,0,0.00,631.0
2023-11-08T14:00,27.9,60,19.4,28.5,23.0,0,0.00,643.0
2023-11-08T15:00,28.4,58,19.2,28.5,23.8,8,0.00,591.0
2023-11-08T16:00,28.3,58,19.3,28.2,24.8,65,0.00,479.0
2023-11-08T17:00,27.8,60,19.4,27.9,23.5,10,0.00,320.0
2023-11-08T18:00,26.4,65,19.4,27.2,19.1,98,0.00,140.0
2023-11-08T19:00,25.0,69,19.0,25.8,18.0,100,0.00,10.0
2023-11-08T20:00,23.7,76,19.1,24.1,20.7,76,0.00,0.0
2023-11-08T21:00,23.5,76,19.1,24.2,18.8,97,0.00,0.0
2023-11-08T22:00,23.4,77,19.1,25.0,12.2,100,0.00,0.0
2023-11-08T23:00,23.4,77,19.0,25.1,12.0,100,0.00,0.0
2023-11-09T00:00,23.2,77,19.0,24.8,12.7,97,0.00,0.0
2023-11-09T01:00,22.4,82,19.1,25.0,5.9,51,0.00,0.0
2023-11-09T02:00,21.3,87,19.1,22.9,12.5,10,0.00,0.0
2023-11-09T03:00,20.4,90,18.7,21.8,12.6,100,0.00,0.0
2023-11-09T04:00,20.7,83,17.8,21.4,14.7,100,0.00,0.0
2023-11-09T05:00,20.2,74,15.4,19.6,17.0,100,0.00,0.0
2023-11-09T06:00,19.9,70,14.3,18.8,17.5,100,0.00,0.0
2023-11-09T07:00,19.7,71,14.3,18.6,17.4,100,0.00,0.0
2023-11-09T08:00,17.4,89,15.6,16.7,18.0,100,1.30,0.0
2023-11-09T09:00,16.9,90,15.1,15.8,18.8,100,2.00,6.0
2023-11-09T10:00,16.2,91,14.8,15.4,16.5,100,3.50,18.0
2023-11-09T11:00,16.1,90,14.5,14.6,20.5,100,2.90,24.0
2023-11-09T12:00,15.5,90,13.9,13.2,24.3,100,1.10,66.0
2023-11-09T13:00,14.9,86,12.6,11.9,25.6,100,0.60,127.0
2023-11-09T14:00,14.6,84,11.9,12.2,20.8,100,0.10,124.0
2023-11-09T15:00,14.1,86,11.8,11.2,23.6,100,0.30,61.0
2023-11-09T16:00,14.0,86,11.8,11.4,21.6,100,0.10,58.0
2023-11-09T17:00,13.6,87,11.4,11.3,19.2,100,0.00,38.0
2023-11-09T18:00,13.4,87,11.1,10.9,19.4,100,0.10,20.0
2023-11-09T19:00,13.1,87,11.0,10.6,19.8,100,0.00,2.0
2023-11-09T20:00,12.3,90,10.8,10.1,17.0,100,2.30,0.0
2023-11-09T21:00,12.2,92,10.9,9.5,20.9,100,1.60,0.0
2023-11-09T22:00,12.2,92,10.9,9.8,19.1,100,0.30,0.0
2023-11-09T23:00,12.1,91,10.8,9.6,19.1,100,1.60,0.0
2023-11-10T00:00,12.0,91,10.6,9.2,20.4,100,3.30,0.0
2023-11-10T01:00,11.9,91,10.4,9.0,20.7,100,0.20,0.0
2023-11-10T02:00,11.9,90,10.2,8.8,21.3,98,0.00,0.0
2023-11-10T03:00,11.6,90,10.0,9.1,17.8,55,0.00,0.0
2023-11-10T04:00,11.4,90,9.9,9.1,15.9,96,0.00,0.0
2023-11-10T05:00,11.4,89,9.6,9.0,15.3,100,0.00,0.0
2023-11-10T06:00,11.6,87,9.4,8.8,17.8,100,0.00,0.0
2023-11-10T07:00,11.2,85,8.8,8.0,20.0,84,0.00,0.0
2023-11-10T08:00,11.2,88,9.4,8.4,18.1,100,0.00,0.0
2023-11-10T09:00,11.4,88,9.4,8.7,17.4,100,0.00,30.0
2023-11-10T10:00,11.8,86,9.5,9.2,16.9,100,0.00,88.0
2023-11-10T11:00,12.9,80,9.6,10.1,18.7,99,0.00,199.0
2023-11-10T12:00,14.6,71,9.5,11.2,22.2,81,0.00,341.0
2023-11-10T13:00,16.8,61,9.1,13.3,22.2,64,0.00,464.0
2023-11-10T14:00,17.0,60,9.3,14.0,20.1,14,0.00,556.0
2023-11-10T15:00,17.4,60,9.6,14.5,19.3,8,0.00,569.0
2023-11-10T16:00,17.7,58,9.4,14.9,17.8,17,0.00,463.0
2023-11-10T17:00,17.4,58,9.1,14.6,17.6,6,0.00,293.0
2023-11-10T18:00,16.5,61,9.0,14.2,14.3,1,0.00,131.0
2023-11-10T19:00,14.7,68,8.8,13.1,8.7,41,0.00,10.0
2023-11-10T20:00,14.9,74,10.4,13.8,8.3,100,0.00,0.0
2023-11-10T21:00,14.4,77,10.4,13.5,6.9,100,0.00,0.0
2023-11-10T22:00,14.3,76,10.1,13.0,9.4,100,0.00,0.0
2023-11-10T23:00,14.1,75,9.6,12.8,8.0,81,0.00,0.0
2023-11-11T00:00,12.9,78,9.2,11.8,6.6,69,0.00,0.0
2023-11-11T01:00,12.9,76,8.8,11.8,5.6,100,0.00,0.0
2023-11-11T02:00,13.0,71,7.9,11.4,7.0,52,0.00,0.0
2023-11-11T03:00,13.1,66,6.9,11.0,8.5,100,0.00,0.0
2023-11-11T04:00,12.8,66,6.6,10.6,9.0,100,0.00,0.0
2023-11-11T05:00,13.2,60,5.7,10.4,11.6,100,0.00,0.0
2023-11-11T06:00,13.1,55,4.2,9.9,12.0,100,0.00,0.0
2023-11-11T07:00,12.8,52,3.1,9.4,12.6,97,0.00,0.0
2023-11-11T08:00,12.7,52,3.2,9.4,11.7,100,0.00,0.0
2023-11-11T09:00,13.1,55,4.2,10.4,8.9,100,0.00,28.0
2023-11-11T10:00,13.5,55,4.7,11.1,7.7,100,0.00,70.0
2023-11-11T11:00,14.2,53,4.8,11.6,9.2,100,0.00,152.0
2023-11-11T12:00,14.7,52,4.9,11.9,11.1,99,0.00,175.0
2023-11-11T13:00,15.8,50,5.4,13.0,10.9,87,0.00,387.0
2023-11-11T14:00,16.4,50,5.9,13.5,12.5,90,0.00,454.0
2023-11-11T15:00,16.6,50,6.2,13.6,14.4,71,0.00,433.0
2023-11-11T16:00,16.8,50,6.2,13.9,13.5,54,0.00,427.0
2023-11-11T17:00,16.5,51,6.3,13.8,11.8,17,0.00,298.0
2023-11-11T18:00,15.4,56,6.7,13.3,8.0,0,0.00,131.0
2023-11-11T19:00,12.9,67,6.9,11.1,7.4,1,0.00,9.0
2023-11-11T20:00,16.0,60,8.2,14.4,7.8,100,0.00,0.0
2023-11-11T21:00,15.8,60,8.1,13.9,9.4,100,0.00,0.0
2023-11-11T22:00,15.4,60,7.8,13.8,7.2,100,0.00,0.0
2023-11-11T23:00,15.1,62,7.8,13.7,5.4,100,0.00,0.0
2023-11-12T00:00,14.9,67,8.9,14.0,4.6,100,0.00,0.0
2023-11-12T01:00,15.0,68,9.1,14.5,1.9,100,0.00,0.0
2023-11-12T02:00,14.6,68,8.9,13.9,3.1,99,0.00,0.0
2023-11-12T03:00,14.0,76,9.8,13.2,5.1,99,0.00,0.0
2023-11-12T04:00,13.4,78,9.6,12.5,5.3,100,0.00,0.0
2023-11-12T05:00,13.6,77,9.6,12.7,5.9,12,0.00,0.0
2023-11-12T06:00,11.4,90,9.8,10.2,8.2,67,0.00,0.0
2023-11-12T07:00,10.9,90,9.4,9.4,8.5,19,0.00,0.0
2023-11-12T08:00,10.6,94,9.7,9.6,6.1,51,0.00,0.0
2023-11-12T09:00,12.1,88,10.1,11.0,7.9,100,0.00,65.0
2023-11-12T10:00,14.3,74,9.8,13.5,5.4,98,0.00,226.0
2023-11-12T11:00,16.2,58,7.9,14.6,7.0,100,0.00,386.0
2023-11-12T12:00,17.1,52,7.3,15.6,5.8,100,0.00,400.0
2023-11-12T13:00,18.0,50,7.3,16.3,7.0,100,0.00,472.0
2023-11-12T14:00,18.2,50,7.6,16.4,8.1,100,0.00,410.0
2023-11-12T15:00,18.6,50,8.1,16.9,8.2,100,0.00,471.0
2023-11-12T16:00,18.5,51,8.1,16.6,9.2,100,0.00,327.0
2023-11-12T17:00,18.0,52,8.0,16.3,8.2,100,0.00,182.0
2023-11-12T18:00,16.9,62,9.6,16.2,4.4,100,0.00,70.0
2023-11-12T19:00,15.4,68,9.5,14.3,6.5,100,0.00,5.0
2023-11-12T20:00,14.8,68,9.0,13.6,6.1,100,0.00,0.0
2023-11-12T21:00,14.2,69,8.6,13.0,5.9,100,0.00,0.0
2023-11-12T22:00,13.8,71,8.6,12.5,5.9,100,0.00,0.0
2023-11-12T23:00,12.6,75,8.4,11.1,7.9,100,0.00,0.0
2023-11-13T00:00,12.5,71,7.4,10.9,6.6,100,0.00,0.0
2023-11-13T01:00,12.3,72,7.4,10.5,7.7,100,0.00,0.0
2023-11-13T02:00,11.6,74,7.2,9.8,7.7,100,0.00,0.0
2023-11-13T03:00,11.4,76,7.3,9.7,6.7,100,0.00,0.0
2023-11-13T04:00,11.6,78,7.9,10.2,5.9,100,0.00,0.0
2023-11-13T05:00,11.6,78,7.9,10.1,6.7,100,0.00,0.0
2023-11-13T06:00,11.5,77,7.7,9.9,7.1,100,0.00,0.0
2023-11-13T07:00,11.8,73,7.1,9.7,9.0,90,0.00,0.0
2023-11-13T08:00,10.8,75,6.4,8.4,10.2,92,0.00,0.0
2023-11-13T09:00,12.1,70,6.8,9.3,13.0,100,0.00,59.0
2023-11-13T10:00,14.1,66,7.8,12.2,9.2,98,0.00,208.0
2023-11-13T11:00,16.1,57,7.6,13.7,12.2,100,0.00,373.0
2023-11-13T12:00,17.5,49,6.8,14.6,14.5,38,0.00,460.0
2023-11-13T13:00,18.5,44,6.1,15.4,15.1,38,0.00,545.0
2023-11-13T14:00,19.2,41,5.7,16.1,14.3,61,0.00,548.0
2023-11-13T15:00,19.4,39,5.2,16.2,13.6,84,0.00,432.0
2023-11-13T16:00,19.5,38,4.8,16.5,11.8,97,0.00,370.0
2023-11-13T17:00,19.0,39,4.9,16.3,10.5,87,0.00,247.0
2023-11-13T18:00,17.5,52,7.7,16.2,4.9,78,0.00,84.0
2023-11-13T19:00,15.8,58,7.6,14.1,7.3,94,0.00,5.0
2023-11-13T20:00,15.0,45,3.1,12.3,7.9,91,0.10,0.0
2023-11-13T21:00,14.4,56,5.9,12.5,6.4,100,0.60,0.0
2023-11-13T22:00,14.0,61,6.6,11.8,9.0,49,0.00,0.0
2023-11-13T23:00,13.2,64,6.7,11.4,6.6,39,0.00,0.0
2023-11-14T00:00,11.9,70,6.6,9.6,9.3,26,0.00,0.0
2023-11-14T01:00,11.1,72,6.2,8.7,10.2,39,0.00,0.0
2023-11-14T02:00,10.6,76,6.4,8.2,10.2,15,0.00,0.0
2023-11-14T03:00,10.2,79,6.7,7.9,10.0,99,0.00,0.0
2023-11-14T04:00,11.6,74,7.2,10.1,5.6,100,0.00,0.0
2023-11-14T05:00,12.1,73,7.6,10.7,5.4,100,0.00,0.0
2023-11-14T06:00,11.5,80,8.1,10.1,6.0,8,0.00,0.0
2023-11-14T07:00,9.9,90,8.4,8.6,6.5,7,0.00,0.0
2023-11-14T08:00,8.8,90,7.2,6.8,8.5,1,0.00,0.0
2023-11-14T09:00,11.1,84,8.6,9.7,7.0,2,0.00,64.0
2023-11-14T10:00,13.4,74,8.9,12.4,5.2,12,0.00,233.0
2023-11-14T11:00,15.4,61,8.1,14.2,5.0,1,0.00,390.0
2023-11-14T12:00,17.0,56,8.2,15.6,6.2,45,0.00,536.0
2023-11-14T13:00,18.0,57,9.2,16.9,6.2,43,0.00,555.0
2023-11-14T14:00,18.6,58,10.3,18.2,4.8,1,0.00,575.0
2023-11-14T15:00,19.0,59,10.9,18.5,5.4,55,0.00,539.0
2023-11-14T16:00,19.2,59,11.0,18.9,4.1,15,0.00,443.0
2023-11-14T17:00,18.9,59,10.8,18.5,4.1,0,0.00,304.0
2023-11-14T18:00,17.2,71,12.0,17.2,4.0,0,0.00,129.0
2023-11-14T19:00,14.7,79,11.1,14.1,6.2,0,0.00,8.0
2023-11-14T20:00,15.8,78,12.0,15.6,5.8,0,0.00,0.0
2023-11-14T21:00,16.2,75,11.8,16.2,3.9,0,0.00,0.0
2023-11-14T22:00,15.5,78,11.8,15.4,4.2,0,0.00,0.0
2023-11-14T23:00,14.7,82,11.6,14.8,3.1,22,0.00,0.0
2023-11-15T00:00,11.9,92,10.7,11.3,5.5,1,0.00,0.0
2023-11-15T01:00,11.5,94,10.5,10.8,5.9,1,0.00,0.0
2023-11-15T02:00,11.2,93,10.1,10.5,5.2,0,0.00,0.0
2023-11-15T03:00,11.4,92,10.1,10.9,3.4,0,0.00,0.0
2023-11-15T04:00,9.9,99,9.6,8.6,8.2,13,0.00,0.0
2023-11-15T05:00,10.3,100,10.3,9.5,6.1,100,0.00,0.0
2023-11-15T06:00,9.4,100,9.4,8.6,4.5,100,0.00,0.0
2023-11-15T07:00,9.7,99,9.6,9.0,4.1,100,0.00,0.0
2023-11-15T08:00,9.1,100,9.1,8.2,4.4,100,0.00,0.0
2023-11-15T09:00,10.2,99,10.1,9.4,5.9,100,0.00,46.0
2023-11-15T10:00,11.9,95,11.1,11.6,4.3,100,0.00,171.0
2023-11-15T11:00,14.6,86,12.2,14.8,3.2,17,0.00,368.0
2023-11-15T12:00,17.2,72,12.1,17.5,3.1,0,0.00,541.0
2023-11-15T13:00,19.0,62,11.6,19.7,2.4,0,0.00,620.0
2023-11-15T14:00,20.0,55,10.6,20.2,4.2,0,0.00,634.0
2023-11-15T15:00,20.5,53,10.4,20.0,5.8,5,0.00,583.0
2023-11-15T16:00,20.5,52,10.3,19.7,6.4,9,0.00,472.0
2023-11-15T17:00,20.2,52,10.1,19.4,6.0,22,0.00,313.0
2023-11-15T18:00,18.0,71,12.6,17.9,6.3,51,0.00,131.0
2023-11-15T19:00,16.0,70,10.6,15.2,7.0,2,0.00,7.0
2023-11-15T20:00,15.4,66,8.9,13.6,9.9,0,0.00,0.0
2023-11-15T21:00,14.6,69,8.9,12.8,9.8,0,0.00,0.0
2023-11-15T22:00,13.1,76,9.0,11.2,10.6,0,0.00,0.0
2023-11-15T23:00,12.1,82,9.1,10.3,10.8,0,0.00,0.0
2023-11-16T00:00,11.7,84,9.1,10.1,9.8,15,0.00,0.0
2023-11-16T01:00,13.4,77,9.4,11.9,9.6,31,0.00,0.0
2023-11-16T02:00,13.6,80,10.2,12.3,9.8,27,0.00,0.0
2023-11-16T03:00,12.1,89,10.4,11.1,8.2,19,0.00,0.0
2023-11-16T04:00,11.4,92,10.2,10.3,8.2,4,0.00,0.0
2023-11-16T05:00,10.8,95,10.1,9.3,10.0,1,0.00,0.0
2023-11-16T06:00,10.7,95,10.0,9.4,8.8,3,0.00,0.0
2023-11-16T07:00,9.9,98,9.6,8.4,10.0,22,0.00,0.0
2023-11-16T08:00,10.9,99,10.8,10.1,7.4,100,0.00,0.0
2023-11-16T09:00,11.4,99,11.1,10.5,8.1,100,0.00,17.0
2023-11-16T10:00,12.2,96,11.6,11.5,8.3,100,0.00,74.0
2023-11-16T11:00,13.4,89,11.7,12.2,12.3,100,0.00,135.0
2023-11-16T12:00,15.2,81,12.1,14.0,12.8,100,0.00,265.0
2023-11-16T13:00,16.8,76,12.6,16.0,10.5,100,0.00,348.0
2023-11-16T14:00,18.0,72,12.9,17.4,10.8,81,0.00,441.0
2023-11-16T15:00,19.1,69,13.4,18.1,14.5,68,0.00,492.0
2023-11-16T16:00,20.0,66,13.4,19.0,13.9,99,0.00,406.0
2023-11-16T17:00,19.8,67,13.4,18.8,14.6,100,0.00,284.0
2023-11-16T18:00,18.4,74,13.8,17.8,12.2,100,0.00,98.0
2023-11-16T19:00,16.7,83,13.8,15.9,13.9,100,0.00,5.0
2023-11-16T20:00,13.9,89,12.1,13.3,9.2,100,0.00,0.0
2023-11-16T21:00,13.8,91,12.4,12.9,11.6,100,0.00,0.0
2023-11-16T22:00,13.9,93,12.8,12.6,14.7,100,0.00,0.0
2023-11-16T23:00,14.1,91,12.6,12.8,14.2,100,0.00,0.0
2023-11-17T00:00,13.6,93,12.4,11.9,16.3,100,0.00,0.0
2023-11-17T01:00,13.4,93,12.2,11.8,15.5,100,0.00,0.0
2023-11-17T02:00,13.0,94,12.0,11.6,14.0,100,0.00,0.0
2023-11-17T03:00,12.6,94,11.7,11.2,13.0,78,0.00,0.0
2023-11-17T04:00,12.4,95,11.6,10.9,14.4,91,0.00,0.0
2023-11-17T05:00,12.5,95,11.7,11.4,11.3,48,0.00,0.0
2023-11-17T06:00,12.2,95,11.5,11.2,10.3,58,0.00,0.0
2023-11-17T07:00,12.2,96,11.6,11.2,10.7,20,0.00,0.0
2023-11-17T08:00,12.5,94,11.6,11.3,11.8,100,0.00,0.0
2023-11-17T09:00,13.3,92,11.9,12.3,11.1,100,0.00,34.0
2023-11-17T10:00,14.2,88,12.2,13.2,11.8,100,0.00,120.0
2023-11-17T11:00,15.3,84,12.6,14.7,10.0,100,0.00,219.0
2023-11-17T12:00,16.0,82,12.9,15.8,8.2,100,0.00,241.0
2023-11-17T13:00,16.6,80,13.1,16.0,11.3,100,0.00,290.0
2023-11-17T14:00,16.9,79,13.1,16.0,12.9,100,0.00,265.0
2023-11-17T15:00,17.0,78,13.1,15.9,13.8,100,0.00,216.0
2023-11-17T16:00,17.0,77,12.9,16.0,12.7,100,0.00,156.0
2023-11-17T17:00,16.5,78,12.6,15.1,14.8,100,0.00,47.0
2023-11-17T18:00,16.4,78,12.4,15.0,14.8,100,0.00,41.0
2023-11-17T19:00,16.1,80,12.6,15.2,11.9,100,0.00,2.0
2023-11-17T20:00,15.7,86,13.4,15.1,11.4,100,0.10,0.0
2023-11-17T21:00,15.6,88,13.6,15.4,9.1,100,0.00,0.0
2023-11-17T22:00,15.5,89,13.8,15.6,7.6,100,0.10,0.0
2023-11-17T23:00,15.4,90,13.9,15.4,8.7,100,0.10,0.0
2023-11-18T00:00,15.4,91,13.9,15.2,10.2,100,0.00,0.0
2023-11-18T01:00,15.4,90,13.9,15.0,11.5,100,0.00,0.0
2023-11-18T02:00,15.3,90,13.7,14.8,11.5,100,0.00,0.0
2023-11-18T03:00,15.1,90,13.6,14.7,10.8,100,0.00,0.0
2023-11-18T04:00,14.9,90,13.3,14.3,11.3,100,0.00,0.0
2023-11-18T05:00,14.6,90,13.1,14.1,10.1,100,0.00,0.0
2023-11-18T06:00,13.6,93,12.6,13.2,8.6,100,0.00,0.0
2023-11-18T07:00,13.4,92,12.2,13.0,8.0,100,0.00,0.0
2023-11-18T08:00,13.9,91,12.4,13.5,8.4,99,0.00,0.0
2023-11-18T09:00,14.1,90,12.4,13.1,11.8,100,0.00,45.0
2023-11-18T10:00,15.2,84,12.5,14.6,9.7,78,0.00,189.0
2023-11-18T11:00,16.5,76,12.2,15.9,9.0,50,0.00,382.0
2023-11-18T12:00,17.8,69,11.9,17.0,9.0,40,0.00,500.0
2023-11-18T13:00,18.6,65,11.9,18.2,7.1,99,0.00,514.0
2023-11-18T14:00,19.3,62,11.8,19.1,5.3,55,0.00,536.0
2023-11-18T15:00,19.6,59,11.4,19.3,5.2,41,0.00,477.0
2023-11-18T16:00,19.6,58,11.2,19.3,5.0,38,0.00,449.0
2023-11-18T17:00,19.4,59,11.1,18.9,5.5,47,0.00,300.0
2023-11-18T18:00,17.5,77,13.4,17.7,5.7,41,0.00,122.0
2023-11-18T19:00,15.2,78,11.4,14.7,6.3,72,0.00,6.0
2023-11-18T20:00,17.0,70,11.4,16.7,5.1,85,0.00,0.0
2023-11-18T21:00,14.6,82,11.6,13.8,8.4,86,0.00,0.0
2023-11-18T22:00,13.6,87,11.6,12.8,9.2,97,0.00,0.0
2023-11-18T23:00,14.3,86,12.0,13.9,7.2,100,0.00,0.0
2023-11-19T00:00,13.6,90,12.1,13.2,7.4,85,0.00,0.0
2023-11-19T01:00,13.0,92,11.6,12.5,7.2,30,0.00,0.0
2023-11-19T02:00,12.6,91,11.3,12.0,7.3,100,0.00,0.0
2023-11-19T03:00,12.3,93,11.2,11.7,6.6,79,0.00,0.0
2023-11-19T04:00,11.9,94,11.0,11.2,7.0,62,0.00,0.0
2023-11-19T05:00,12.1,93,11.1,11.3,8.0,7,0.00,0.0
2023-11-19T06:00,12.1,93,10.9,11.2,8.1,2,0.00,0.0
2023-11-19T07:00,11.8,94,10.8,10.9,7.8,13,0.00,0.0
2023-11-19T08:00,12.6,95,11.9,11.5,11.7,100,0.00,0.0
2023-11-19T09:00,14.2,91,12.8,13.0,14.4,100,0.00,21.0
2023-11-19T10:00,15.8,83,12.9,14.3,16.1,42,0.00,90.0
2023-11-19T11:00,17.8,75,13.4,16.0,19.4,88,0.00,306.0
2023-11-19T12:00,18.0,77,14.1,16.0,23.2,76,2.70,285.0
2023-11-19T13:00,19.2,71,13.9,16.9,24.4,88,0.90,313.0
2023-11-19T14:00,19.5,70,13.8,16.8,26.9,100,1.30,339.0
2023-11-19T15:00,20.4,67,14.0,17.4,29.2,100,0.00,243.0
2023-11-19T16:00,19.5,72,14.4,17.1,25.7,100,0.00,96.0
2023-11-19T17:00,19.5,74,14.7,17.6,23.7,100,0.00,75.0
2023-11-19T18:00,19.3,75,14.8,17.3,24.5,100,0.00,23.0
2023-11-19T19:00,19.2,78,15.2,17.6,23.8,100,0.00,2.0
2023-11-19T20:00,16.9,94,15.9,15.9,20.1,100,0.40,0.0
2023-11-19T21:00,17.4,93,16.2,16.6,19.9,100,0.00,0.0
2023-11-19T22:00,17.4,94,16.5,16.5,21.3,100,0.40,0.0
2023-11-19T23:00,17.5,95,16.6,16.3,23.8,100,0.00,0.0
2023-11-20T00:00,18.0,92,16.6,16.1,28.4,100,0.00,0.0
2023-11-20T01:00,18.1,91,16.6,16.4,27.4,100,0.00,0.0
2023-11-20T02:00,18.2,91,16.8,16.9,25.8,100,0.00,0.0
2023-11-20T03:00,18.4,90,16.8,16.9,26.5,100,0.00,0.0
2023-11-20T04:00,18.6,90,16.9,17.5,24.0,100,0.00,0.0
2023-11-20T05:00,18.6,92,17.2,17.9,22.8,100,0.10,0.0
2023-11-20T06:00,18.8,93,17.6,18.4,21.8,100,0.10,0.0
2023-11-20T07:00,18.8,92,17.5,18.4,21.1,65,0.00,0.0
2023-11-20T08:00,18.8,93,17.7,18.2,22.9,99,0.00,0.0
2023-11-20T09:00,19.5,91,18.0,19.6,19.4,100,0.00,13.0
2023-11-20T10:00,19.4,91,18.0,20.0,15.8,87,0.00,41.0
2023-11-20T11:00,20.4,84,17.5,20.7,16.1,47,0.00,143.0
2023-11-20T12:00,21.5,66,14.8,20.1,20.6,0,0.00,341.0
2023-11-20T13:00,22.3,48,10.9,19.8,20.8,0,0.00,597.0
2023-11-20T14:00,22.3,46,10.1,19.5,21.6,0,0.00,615.0
2023-11-20T15:00,21.7,50,10.8,18.7,22.4,2,0.00,565.0
2023-11-20T16:00,21.1,54,11.4,18.5,21.3,3,0.00,451.0
2023-11-20T17:00,20.6,54,10.9,17.4,24.5,10,0.00,294.0
2023-11-20T18:00,18.5,62,11.1,15.8,20.4,2,0.00,114.0
2023-11-20T19:00,17.5,63,10.4,14.7,19.9,12,0.00,5.0
2023-11-20T20:00,16.2,79,12.6,14.4,17.7,33,0.10,0.0
2023-11-20T21:00,15.9,76,11.6,13.2,21.8,12,0.00,0.0
2023-11-20T22:00,14.8,75,10.4,12.1,19.4,3,0.00,0.0
2023-11-20T23:00,13.8,72,8.8,9.8,25.3,6,0.00,0.0
2023-11-21T00:00,12.5,68,6.8,7.7,27.1,3,0.00,0.0
2023-11-21T01:00,11.6,71,6.6,7.1,24.6,34,0.00,0.0
2023-11-21T02:00,11.4,68,5.8,6.4,27.0,32,0.00,0.0
2023-11-21T03:00,11.2,65,5.0,5.9,28.1,89,0.00,0.0
2023-11-21T04:00,11.1,63,4.3,5.1,31.3,100,0.00,0.0
2023-11-21T05:00,11.1,60,3.7,5.4,28.9,93,0.00,0.0
2023-11-21T06:00,10.9,59,3.3,5.2,28.6,88,0.00,0.0
2023-11-21T07:00,10.2,62,3.2,4.7,27.5,68,0.00,0.0
2023-11-21T08:00,10.2,63,3.6,4.9,26.3,100,0.00,0.0
2023-11-21T09:00,10.6,63,3.8,5.4,25.1,71,0.00,24.0
2023-11-21T10:00,11.3,60,3.7,5.0,32.9,100,0.00,158.0
2023-11-21T11:00,12.2,55,3.5,5.9,32.9,71,0.00,232.0
2023-11-21T12:00,12.8,53,3.5,6.8,31.0,63,0.00,231.0
2023-11-21T13:00,13.9,51,3.9,7.7,32.4,54,0.00,395.0
2023-11-21T14:00,14.2,49,3.8,8.3,30.8,99,0.00,360.0
2023-11-21T15:00,14.8,47,3.5,8.7,31.7,100,0.00,317.0
2023-11-21T16:00,14.2,52,4.6,8.7,29.4,91,0.00,164.0
2023-11-21T17:00,14.4,52,4.6,9.3,26.1,13,0.00,184.0
2023-11-21T18:00,13.8,53,4.2,9.6,19.0,53,0.00,89.0
2023-11-21T19:00,13.1,51,3.3,9.2,16.8,3,0.00,4.0
2023-11-21T20:00,11.6,55,2.9,7.3,18.0,0,0.00,0.0
2023-11-21T21:00,10.6,48,-0.1,6.0,17.0,0,0.00,0.0
2023-11-21T22:00,9.6,43,-2.5,4.8,16.1,0,0.00,0.0
2023-11-21T23:00,8.8,43,-3.2,3.9,15.9,0,0.00,0.0
2023-11-22T00:00,8.0,44,-3.4,3.1,16.0,0,0.00,0.0
2023-11-22T01:00,7.3,44,-4.1,2.8,12.8,0,0.00,0.0
2023-11-22T02:00,6.7,46,-4.2,2.3,11.7,0,0.00,0.0
2023-11-22T03:00,6.2,46,-4.6,1.8,11.5,0,0.00,0.0
2023-11-22T04:00,5.7,47,-4.8,1.4,10.7,0,0.00,0.0
2023-11-22T05:00,5.3,48,-4.8,1.0,10.7,0,0.00,0.0
2023-11-22T06:00,5.0,49,-4.8,0.8,10.2,0,0.00,0.0
2023-11-22T07:00,4.7,51,-4.8,0.4,10.0,0,0.00,0.0
2023-11-22T08:00,3.3,55,-4.8,-1.0,10.2,0,0.00,0.0
2023-11-22T09:00,4.6,56,-3.5,0.0,13.0,0,0.00,49.0
2023-11-22T10:00,7.1,57,-0.9,3.4,9.5,0,0.00,223.0
2023-11-22T11:00,9.5,39,-3.7,5.1,12.0,0,0.00,399.0
2023-11-22T12:00,11.1,37,-3.2,6.7,12.2,0,0.00,535.0
2023-11-22T13:00,12.6,36,-2.1,8.4,13.9,0,0.00,614.0
2023-11-22T14:00,13.8,36,-1.1,9.7,14.7,0,0.00,629.0
2023-11-22T15:00,14.6,35,-0.9,10.5,13.7,0,0.00,578.0
2023-11-22T16:00,15.0,35,-0.5,11.1,11.4,0,0.00,467.0
2023-11-22T17:00,14.8,36,-0.2,11.5,7.8,0,0.00,306.0
2023-11-22T18:00,14.2,39,0.3,12.0,1.1,0,0.00,122.0
2023-11-22T19:00,9.7,59,2.2,6.9,7.2,0,0.00,5.0
2023-11-22T20:00,9.6,58,1.6,6.5,8.4,0,0.00,0.0
2023-11-22T21:00,8.7,63,2.0,5.6,8.9,0,0.00,0.0
2023-11-22T22:00,8.0,70,2.9,5.1,9.0,0,0.00,0.0
2023-11-22T23:00,7.2,78,3.7,4.3,9.7,0,0.00,0.0
2023-11-23T00:00,7.2,77,3.5,4.5,8.5,0,0.00,0.0
2023-11-23T01:00,7.1,78,3.5,4.5,7.3,0,0.00,0.0
2023-11-23T02:00,6.3,81,3.4,3.7,7.4,0,0.00,0.0
2023-11-23T03:00,5.2,88,3.5,2.1,10.8,0,0.00,0.0
2023-11-23T04:00,5.8,86,3.7,3.1,8.3,0,0.00,0.0
2023-11-23T05:00,5.8,76,2.0,2.8,8.3,0,0.00,0.0
2023-11-23T06:00,5.2,74,0.9,1.9,9.4,0,0.00,0.0
2023-11-23T07:00,4.4,77,0.9,0.8,11.2,17,0.00,0.0
2023-11-23T08:00,4.6,71,-0.3,1.1,8.7,90,0.00,0.0
2023-11-23T09:00,6.7,64,0.4,3.1,10.8,17,0.00,42.0
2023-11-23T10:00,9.4,58,1.6,6.1,9.5,50,0.00,212.0
2023-11-23T11:00,11.6,54,2.7,8.4,10.1,48,0.00,369.0
2023-11-23T12:00,13.8,51,3.8,10.7,11.5,99,0.00,510.0
2023-11-23T13:00,15.2,48,4.2,12.2,10.9,100,0.00,546.0
2023-11-23T14:00,15.8,46,4.2,12.6,12.4,100,0.00,463.0
2023-11-23T15:00,16.4,44,4.2,13.0,13.6,100,0.00,416.0
2023-11-23T16:00,16.4,43,3.9,12.5,17.1,100,0.00,306.0
2023-11-23T17:00,15.3,45,3.3,11.2,17.6,100,0.00,216.0
2023-11-23T18:00,13.4,51,3.5,9.8,14.4,79,0.00,91.0
2023-11-23T19:00,11.6,57,3.3,8.5,10.8,16,0.00,4.0
2023-11-23T20:00,10.9,61,3.7,7.9,10.3,42,0.00,0.0
2023-11-23T21:00,10.0,68,4.3,7.2,9.9,0,0.00,0.0
2023-11-23T22:00,9.3,75,5.1,6.5,11.0,0,0.00,0.0
2023-11-23T23:00,8.5,80,5.3,5.8,10.7,0,0.00,0.0
2023-11-24T00:00,7.8,84,5.3,5.3,9.1,0,0.00,0.0
2023-11-24T01:00,6.9,89,5.3,4.7,7.4,25,0.00,0.0
2023-11-24T02:00,6.4,91,5.1,4.2,7.0,98,0.00,0.0
2023-11-24T03:00,6.1,92,4.9,3.7,7.9,100,0.00,0.0
2023-11-24T04:00,6.6,92,5.4,4.7,5.6,100,0.00,0.0
2023-11-24T05:00,6.5,93,5.5,4.5,5.9,95,0.00,0.0
2023-11-24T06:00,6.4,94,5.6,4.5,5.9,87,0.00,0.0
2023-11-24T07:00,6.0,95,5.3,3.9,6.5,85,0.00,0.0
2023-11-24T08:00,4.6,99,4.4,1.9,9.4,0,0.00,0.0
2023-11-24T09:00,6.8,97,6.3,4.8,7.6,0,0.00,42.0
2023-11-24T10:00,9.1,88,7.1,7.5,5.3,0,0.00,207.0
2023-11-24T11:00,11.1,79,7.6,9.9,3.7,0,0.00,378.0
2023-11-24T12:00,12.7,73,8.0,11.6,4.0,0,0.00,511.0
2023-11-24T13:00,13.9,69,8.4,13.2,3.7,0,0.00,590.0
2023-11-24T14:00,14.9,66,8.5,13.9,6.4,0,0.00,607.0
2023-11-24T15:00,15.5,62,8.3,13.7,9.5,0,0.00,558.0
2023-11-24T16:00,15.9,59,7.9,14.1,8.8,0,0.00,450.0
2023-11-24T17:00,15.7,58,7.6,13.8,8.7,0,0.00,294.0
2023-11-24T18:00,13.9,68,8.1,12.6,5.8,0,0.00,116.0
2023-11-24T19:00,11.4,77,7.6,9.7,7.6,0,0.00,5.0
2023-11-24T20:00,11.4,76,7.2,9.4,9.2,0,0.00,0.0
2023-11-24T21:00,10.3,79,6.9,8.1,9.5,2,0.00,0.0
2023-11-24T22:00,9.7,81,6.7,7.5,9.4,22,0.00,0.0
2023-11-24T23:00,9.6,84,6.9,7.6,7.8,19,0.00,0.0
2023-11-25T00:00,8.9,87,6.9,7.0,7.9,23,0.00,0.0
2023-11-25T01:00,8.2,87,6.2,6.0,8.7,13,0.00,0.0
2023-11-25T02:00,7.2,89,5.6,4.7,9.7,25,0.00,0.0
2023-11-25T03:00,6.8,90,5.2,4.2,9.2,22,0.00,0.0
2023-11-25T04:00,6.4,92,5.2,4.1,8.2,78,0.00,0.0
2023-11-25T05:00,6.5,93,5.4,4.4,6.4,90,0.00,0.0
2023-11-25T06:00,6.0,94,5.1,3.8,7.0,12,0.00,0.0
2023-11-25T07:00,5.7,94,4.8,3.4,7.0,5,0.00,0.0
2023-11-25T08:00,5.2,92,4.0,2.7,7.2,9,0.00,0.0
2023-11-25T09:00,6.5,86,4.3,3.5,11.4,0,0.00,40.0
2023-11-25T10:00,8.7,77,4.8,5.8,11.2,0,0.00,202.0
2023-11-25T11:00,10.9,67,5.0,7.6,14.7,0,0.00,372.0
2023-11-25T12:00,12.9,62,5.7,9.6,15.1,0,0.00,505.0
2023-11-25T13:00,14.4,57,5.9,11.3,14.8,0,0.00,583.0
2023-11-25T14:00,15.4,53,5.8,12.4,14.6,0,0.00,599.0
2023-11-25T15:00,15.9,51,5.8,12.8,14.6,56,0.00,546.0
2023-11-25T16:00,15.9,51,5.7,12.8,14.0,69,0.00,355.0
2023-11-25T17:00,15.4,52,5.5,12.0,16.2,93,0.00,176.0
2023-11-25T18:00,14.6,56,6.0,12.0,11.2,100,0.00,41.0
2023-11-25T19:00,13.9,63,7.1,11.7,10.4,100,0.00,2.0
2023-11-25T20:00,12.2,84,9.6,11.2,6.2,78,0.80,0.0
2023-11-25T21:00,12.0,85,9.6,10.7,7.9,100,0.10,0.0
2023-11-25T22:00,11.9,88,9.9,10.7,7.6,100,0.40,0.0
2023-11-25T23:00,11.6,89,9.9,10.7,6.6,100,0.50,0.0
2023-11-26T00:00,11.6,91,10.1,10.7,5.8,100,0.20,0.0
2023-11-26T01:00,11.4,91,10.1,10.3,7.9,100,0.10,0.0
2023-11-26T02:00,11.4,89,9.7,9.9,10.5,79,0.00,0.0
2023-11-26T03:00,11.1,89,9.4,8.8,14.6,100,0.00,0.0
2023-11-26T04:00,9.6,86,7.3,5.2,25.3,60,0.00,0.0
2023-11-26T05:00,7.6,86,5.3,3.0,23.1,78,0.00,0.0
2023-11-26T06:00,6.2,82,3.3,1.2,23.9,49,0.00,0.0
2023-11-26T07:00,4.9,78,1.3,-0.8,25.9,34,0.00,0.0
2023-11-26T08:00,2.2,75,-1.7,-4.0,26.4,57,0.00,0.0
2023-11-26T09:00,1.9,70,-2.9,-4.3,25.1,7,0.00,30.0
2023-11-26T10:00,2.7,62,-3.8,-3.4,23.4,37,0.00,198.0
2023-11-26T11:00,4.2,54,-4.3,-2.0,23.4,94,0.00,382.0
2023-11-26T12:00,5.8,48,-4.2,-0.2,23.2,99,0.00,513.0
2023-11-26T13:00,7.6,44,-3.9,1.6,23.7,98,0.00,592.0
2023-11-26T14:00,8.9,41,-3.8,2.8,25.1,100,0.00,611.0
2023-11-26T15:00,9.6,38,-4.2,3.4,24.3,41,0.00,554.0
2023-11-26T16:00,10.1,37,-4.1,4.1,22.4,49,0.00,460.0
2023-11-26T17:00,9.9,38,-4.0,4.4,19.0,90,0.00,306.0
2023-11-26T18:00,8.8,42,-3.5,4.3,12.4,77,0.00,120.0
2023-11-26T19:00,7.0,49,-3.0,2.9,10.5,90,0.00,4.0
2023-11-26T20:00,6.2,56,-2.0,2.4,9.8,90,0.00,0.0
2023-11-26T21:00,5.8,57,-2.2,1.7,11.2,42,0.00,0.0
2023-11-26T22:00,5.3,58,-2.3,1.1,12.1,45,0.00,0.0
2023-11-26T23:00,4.8,59,-2.6,0.7,11.0,90,0.00,0.0
2023-11-27T00:00,4.1,62,-2.6,0.2,9.7,61,0.00,0.0
2023-11-27T01:00,3.7,65,-2.4,-0.2,9.2,2,0.00,0.0
2023-11-27T02:00,3.2,69,-1.9,-0.5,9.1,15,0.00,0.0
2023-11-27T03:00,3.0,75,-1.1,-0.7,9.1,21,0.00,0.0
2023-11-27T04:00,2.5,80,-0.5,-0.9,8.7,5,0.00,0.0
2023-11-27T05:00,2.1,85,-0.2,-1.2,7.6,17,0.00,0.0
2023-11-27T06:00,1.2,89,-0.3,-2.2,8.7,69,0.00,0.0
2023-11-27T07:00,1.2,89,-0.3,-2.2,8.5,0,0.00,0.0
2023-11-27T08:00,2.5,86,0.4,-0.1,3.6,0,0.00,0.0
2023-11-27T09:00,2.2,89,0.4,-0.2,1.8,0,0.00,39.0
2023-11-27T10:00,4.3,78,0.8,2.1,1.6,7,0.00,208.0
2023-11-27T11:00,6.3,63,-0.2,3.8,2.5,24,0.00,383.0
2023-11-27T12:00,7.9,53,-1.0,5.4,1.8,58,0.00,518.0
2023-11-27T13:00,9.1,48,-1.2,6.8,2.3,93,0.00,599.0
2023-11-27T14:00,10.1,45,-1.3,7.2,5.8,98,0.00,605.0
2023-11-27T15:00,10.6,44,-1.1,7.0,8.6,95,0.00,530.0
2023-11-27T16:00,10.9,44,-0.9,7.4,7.9,100,0.00,450.0
2023-11-27T17:00,10.6,44,-1.0,7.4,6.5,100,0.00,234.0
2023-11-27T18:00,9.6,60,2.2,7.4,3.6,100,0.00,67.0
2023-11-27T19:00,9.6,49,-0.7,7.3,0.4,100,0.00,3.0
2023-11-27T20:00,9.4,47,-1.4,6.9,1.1,100,0.00,0.0
2023-11-27T21:00,8.9,49,-1.4,6.3,1.6,100,0.00,0.0
2023-11-27T22:00,7.4,60,0.1,4.8,3.3,100,0.00,0.0
2023-11-27T23:00,6.8,62,-0.1,3.9,5.2,100,0.00,0.0
2023-11-28T00:00,6.3,65,0.3,3.4,5.6,99,0.00,0.0
2023-11-28T01:00,5.4,70,0.4,2.5,6.1,100,0.00,0.0
2023-11-28T02:00,5.2,71,0.3,2.2,6.3,100,0.00,0.0
2023-11-28T03:00,5.2,74,0.9,2.4,5.1,31,0.00,0.0
2023-11-28T04:00,3.5,82,0.8,0.5,7.0,76,0.00,0.0
2023-11-28T05:00,3.2,86,1.0,0.1,7.3,10,0.00,0.0
2023-11-28T06:00,2.2,90,0.8,-1.2,9.4,0,0.00,0.0
2023-11-28T07:00,2.1,90,0.6,-1.0,7.3,13,0.00,0.0
2023-11-28T08:00,3.8,82,0.9,1.1,5.2,1,0.00,0.0
2023-11-28T09:00,3.9,83,1.3,1.2,5.2,0,0.00,37.0
2023-11-28T10:00,7.3,71,2.3,4.8,5.2,0,0.00,202.0
2023-11-28T11:00,10.6,54,1.8,8.2,4.4,0,0.00,383.0
2023-11-28T12:00,12.7,41,-0.2,9.4,7.7,0,0.00,520.0
2023-11-28T13:00,13.8,37,-0.8,10.3,10.1,0,0.00,595.0
2023-11-28T14:00,14.6,34,-0.9,11.1,10.9,0,0.00,613.0
2023-11-28T15:00,15.1,33,-1.2,11.3,10.9,0,0.00,565.0
2023-11-28T16:00,15.2,31,-1.6,11.2,11.6,0,0.00,456.0
2023-11-28T17:00,14.9,32,-1.6,10.8,11.6,1,0.00,299.0
2023-11-28T18:00,12.4,43,0.2,9.2,7.6,12,0.00,117.0
2023-11-28T19:00,9.8,52,0.3,6.5,8.4,45,0.00,5.0
2023-11-28T20:00,9.3,54,0.4,6.1,8.1,38,0.00,0.0
2023-11-28T21:00,8.1,62,1.2,5.1,8.0,22,0.00,0.0
2023-11-28T22:00,7.8,62,1.0,4.5,9.1,10,0.00,0.0
2023-11-28T23:00,7.8,57,-0.3,4.1,10.7,8,0.00,0.0
2023-11-29T00:00,7.8,52,-1.5,3.8,11.6,2,0.00,0.0
2023-11-29T01:00,7.5,54,-1.1,3.6,11.2,1,0.00,0.0
2023-11-29T02:00,7.3,57,-0.6,3.4,11.3,12,0.00,0.0
2023-11-29T03:00,6.9,60,-0.2,3.3,10.5,13,0.00,0.0
2023-11-29T04:00,6.6,64,0.2,3.0,9.8,94,0.00,0.0
2023-11-29T05:00,6.2,66,0.3,2.8,9.5,89,0.00,0.0
2023-11-29T06:00,6.0,67,0.3,2.7,8.7,100,0.00,0.0
2023-11-29T07:00,5.8,68,0.4,2.6,8.2,100,0.00,0.0
2023-11-29T08:00,5.8,64,-0.6,2.1,10.2,96,0.00,0.0
2023-11-29T09:00,6.8,63,0.2,3.2,10.5,93,0.00,29.0
2023-11-29T10:00,9.4,59,1.9,6.2,9.5,100,0.00,173.0
2023-11-29T11:00,11.9,54,3.0,9.0,9.0,98,0.00,340.0
2023-11-29T12:00,13.9,51,4.0,11.1,9.8,100,0.00,457.0
2023-11-29T13:00,15.6,49,5.0,12.7,11.5,100,0.00,521.0
2023-11-29T14:00,16.8,46,5.2,13.6,15.1,70,0.00,578.0
2023-11-29T15:00,16.9,45,4.8,12.9,18.7,99,0.00,497.0
2023-11-29T16:00,17.0,45,5.0,13.2,17.8,94,0.00,403.0
2023-11-29T17:00,16.7,44,4.3,12.5,19.2,100,0.00,243.0
2023-11-29T18:00,15.4,47,4.1,11.8,15.2,100,0.00,79.0
2023-11-29T19:00,14.9,47,3.7,10.8,17.8,99,0.00,3.0
2023-11-29T20:00,14.6,50,4.3,10.5,18.9,100,0.00,0.0
2023-11-29T21:00,14.5,49,3.9,10.2,19.5,100,0.00,0.0
2023-11-29T22:00,14.4,48,3.6,10.3,18.4,100,0.00,0.0
2023-11-29T23:00,14.4,51,4.4,10.4,18.4,100,0.00,0.0
2023-11-30T00:00,14.6,54,5.3,10.7,18.8,100,0.00,0.0
2023-11-30T01:00,14.5,58,6.4,10.8,18.9,100,0.00,0.0
2023-11-30T02:00,14.3,59,6.4,10.5,19.9,100,0.00,0.0
2023-11-30T03:00,14.2,65,7.8,10.8,19.0,100,0.00,0.0
2023-11-30T04:00,13.8,74,9.1,11.0,17.9,100,0.00,0.0
2023-11-30T05:00,13.4,78,9.7,10.7,18.2,100,0.00,0.0
2023-11-30T06:00,13.2,81,10.0,10.7,17.4,100,0.00,0.0
2023-11-30T07:00,13.1,84,10.4,11.0,15.5,100,0.00,0.0
2023-11-30T08:00,12.9,90,11.2,11.4,12.5,100,0.10,0.0
2023-11-30T09:00,13.1,92,11.7,11.3,15.3,79,0.10,16.0
2023-11-30T10:00,14.2,91,12.7,12.2,19.6,100,0.20,112.0
2023-11-30T11:00,14.1,93,13.1,12.7,16.3,100,1.90,140.0
2023-11-30T12:00,14.9,91,13.4,13.5,17.5,100,0.70,230.0
2023-11-30T13:00,15.7,92,14.4,14.5,18.0,100,0.60,180.0
2023-11-30T14:00,16.2,93,15.1,15.6,15.6,100,0.40,88.0
2023-11-30T15:00,16.9,95,16.1,17.0,13.7,100,1.90,76.0
2023-11-30T16:00,16.9,95,16.0,16.4,17.4,98,0.80,108.0
2023-11-30T17:00,17.5,91,15.9,16.9,17.7,98,0.20,93.0
2023-11-30T18:00,17.1,92,15.8,17.3,12.2,97,0.20,54.0
2023-11-30T19:00,16.5,95,15.7,17.6,5.8,85,0.20,2.0
2023-11-30T20:00,16.0,95,15.2,16.3,10.5,2,0.00,0.0
2023-11-30T21:00,15.8,93,14.6,15.9,10.0,1,0.00,0.0
2023-11-30T22:00,15.2,91,13.8,14.7,11.7,0,0.00,0.0
2023-11-30T23:00,14.7,86,12.4,13.3,14.7,7,0.00,0.0
2023-12-01T00:00,13.7,82,10.7,11.7,15.2,0,0.00,0.0
2023-12-01T01:00,12.4,86,10.1,10.5,13.0,1,0.00,0.0
2023-12-01T02:00,11.2,88,9.3,9.4,11.5,28,0.00,0.0
2023-12-01T03:00,10.8,90,9.2,8.1,16.9,72,0.00,0.0
2023-12-01T04:00,9.9,89,8.3,6.8,18.8,89,0.00,0.0
2023-12-01T05:00,8.7,83,6.0,5.1,17.8,100,0.00,0.0
2023-12-01T06:00,7.4,79,4.1,3.6,16.6,100,0.00,0.0
2023-12-01T07:00,6.8,75,2.7,2.9,15.3,100,0.00,0.0
2023-12-01T08:00,6.1,77,2.4,2.3,14.2,98,0.00,0.0
2023-12-01T09:00,6.4,74,2.2,2.5,14.8,91,0.00,30.0
2023-12-01T10:00,7.8,67,2.1,4.0,14.5,50,0.00,178.0
2023-12-01T11:00,9.4,61,2.3,5.6,13.9,25,0.00,341.0
2023-12-01T12:00,11.0,58,3.0,7.6,12.3,2,0.00,487.0
2023-12-01T13:00,12.5,55,3.8,9.5,11.1,0,0.00,570.0
2023-12-01T14:00,13.7,53,4.3,11.0,10.7,0,0.00,590.0
2023-12-01T15:00,14.4,52,4.7,11.7,9.9,0,0.00,545.0
2023-12-01T16:00,14.8,51,4.8,12.2,9.1,0,0.00,440.0
2023-12-01T17:00,14.6,53,5.1,12.3,7.4,0,0.00,287.0
2023-12-01T18:00,12.1,74,7.7,10.4,7.2,0,0.00,112.0
2023-12-01T19:00,9.8,79,6.3,7.6,8.8,0,0.00,4.0
2023-12-01T20:00,9.8,79,6.2,7.7,7.9,5,0.00,0.0
2023-12-01T21:00,8.9,83,6.2,6.8,7.9,0,0.00,0.0
2023-12-01T22:00,7.9,88,6.1,6.0,6.6,12,0.00,0.0
2023-12-01T23:00,7.5,91,6.1,5.4,7.7,17,0.00,0.0
2023-12-02T00:00,7.0,93,5.9,4.8,7.9,10,0.00,0.0
2023-12-02T01:00,6.4,94,5.6,4.3,7.0,93,0.00,0.0
2023-12-02T02:00,5.9,95,5.2,3.8,6.4,70,0.00,0.0
2023-12-02T03:00,5.1,97,4.6,2.4,8.9,44,0.00,0.0
2023-12-02T04:00,4.8,97,4.4,2.4,7.9,61,0.00,0.0
2023-12-02T05:00,5.2,97,4.8,3.1,6.1,70,0.00,0.0
2023-12-02T06:00,5.1,97,4.7,2.9,5.9,46,0.00,0.0
2023-12-02T07:00,4.3,98,4.1,1.8,7.8,96,0.00,0.0
2023-12-02T08:00,4.9,98,4.6,2.8,5.4,100,0.00,0.0
2023-12-02T09:00,6.3,94,5.4,4.6,3.9,69,0.00,9.0
2023-12-02T10:00,7.5,89,5.8,5.5,6.4,98,0.00,88.0
2023-12-02T11:00,9.6,80,6.3,8.0,4.4,100,0.00,250.0
2023-12-02T12:00,10.4,76,6.4,8.7,6.1,100,0.00,137.0
2023-12-02T13:00,11.4,74,6.9,9.5,7.3,92,0.00,147.0
2023-12-02T14:00,13.9,67,7.8,12.6,4.9,100,0.00,372.0
2023-12-02T15:00,13.8,68,7.9,11.6,11.1,97,0.00,107.0
2023-12-02T16:00,15.2,64,8.5,13.0,12.1,3,0.00,274.0
2023-12-02T17:00,15.6,66,9.3,13.6,12.7,4,0.00,282.0
2023-12-02T18:00,13.9,75,9.6,12.8,7.0,0,0.00,108.0
2023-12-02T19:00,11.4,84,8.8,9.6,10.5,0,0.00,4.0
2023-12-02T20:00,12.6,79,9.1,11.0,8.8,0,0.00,0.0
2023-12-02T21:00,12.5,79,9.0,10.6,11.0,0,0.00,0.0
2023-12-02T22:00,12.7,62,5.6,9.8,12.6,0,0.00,0.0
2023-12-02T23:00,12.7,47,1.6,8.8,13.8,0,0.00,0.0
2023-12-03T00:00,11.2,51,1.4,7.5,12.9,0,0.00,0.0
2023-12-03T01:00,10.2,53,1.0,6.4,12.9,0,0.00,0.0
2023-12-03T02:00,9.8,49,-0.6,5.6,13.4,0,0.00,0.0
2023-12-03T03:00,8.8,45,-2.5,4.7,10.5,0,0.00,0.0
2023-12-03T04:00,6.6,50,-3.0,2.7,9.4,0,0.00,0.0
2023-12-03T05:00,5.7,53,-3.2,1.9,8.0,0,0.00,0.0
2023-12-03T06:00,5.7,52,-3.3,1.5,10.8,0,0.00,0.0
2023-12-03T07:00,5.6,52,-3.5,1.4,11.2,0,0.00,0.0
2023-12-03T08:00,4.4,60,-2.8,0.6,8.6,0,0.00,0.0
2023-12-03T09:00,5.3,61,-1.7,1.8,7.7,0,0.00,31.0
2023-12-03T10:00,8.6,57,0.5,4.8,12.2,0,0.00,193.0
2023-12-03T11:00,11.9,49,1.4,7.9,13.8,0,0.00,366.0
2023-12-03T12:00,15.1,43,2.7,11.5,13.5,0,0.00,504.0
2023-12-03T13:00,17.5,34,1.2,13.1,17.6,0,0.00,585.0
2023-12-03T14:00,19.0,32,1.8,14.7,18.6,0,0.00,603.0
2023-12-03T15:00,20.3,31,2.6,15.6,20.7,0,0.00,556.0
2023-12-03T16:00,21.0,28,1.9,15.8,23.3,0,0.00,448.0
2023-12-03T17:00,20.2,31,2.7,16.0,17.3,0,0.00,292.0
2023-12-03T18:00,17.4,37,2.4,13.8,12.7,0,0.00,114.0
2023-12-03T19:00,14.2,43,2.0,10.9,10.2,0,0.00,4.0
2023-12-03T20:00,15.1,39,1.1,11.3,12.2,0,0.00,0.0
2023-12-03T21:00,14.4,40,1.0,10.3,14.3,0,0.00,0.0
2023-12-03T22:00,14.1,41,0.9,9.8,16.1,0,0.00,0.0
2023-12-03T23:00,13.9,40,0.3,9.1,18.4,0,0.00,0.0
2023-12-04T00:00,13.9,40,0.3,7.5,29.2,0,0.00,0.0
2023-12-04T01:00,12.4,38,-1.5,6.8,22.8,0,0.00,0.0
2023-12-04T02:00,11.2,38,-2.6,6.2,16.9,0,0.00,0.0
2023-12-04T03:00,10.0,40,-2.9,5.2,15.4,0,0.00,0.0
2023-12-04T04:00,9.0,42,-3.3,4.1,15.8,0,0.00,0.0
2023-12-04T05:00,8.4,42,-3.8,3.3,16.6,0,0.00,0.0
2023-12-04T06:00,7.8,43,-4.2,2.7,16.3,0,0.00,0.0
2023-12-04T07:00,7.2,44,-4.2,2.4,14.0,0,0.00,0.0
2023-12-04T08:00,5.9,52,-3.2,1.7,11.3,0,0.00,0.0
2023-12-04T09:00,6.3,54,-2.3,2.2,11.6,0,0.00,28.0
2023-12-04T10:00,8.6,53,-0.3,4.7,11.5,0,0.00,184.0
2023-12-04T11:00,10.9,48,0.3,7.5,8.9,0,0.00,357.0
2023-12-04T12:00,12.6,40,-0.6,9.1,8.8,0,0.00,492.0
2023-12-04T13:00,13.6,38,-0.4,10.5,7.6,0,0.00,573.0
2023-12-04T14:00,14.4,37,-0.2,12.0,3.5,0,0.00,591.0
2023-12-04T15:00,14.9,36,0.1,12.4,3.1,1,0.00,546.0
2023-12-04T16:00,15.1,36,0.3,12.7,2.4,0,0.00,441.0
2023-12-04T17:00,14.9,38,0.6,12.4,2.9,9,0.00,288.0
2023-12-04T18:00,12.0,58,4.1,9.6,6.9,0,0.00,112.0
2023-12-04T19:00,9.9,59,2.1,6.8,8.4,0,0.00,4.0
2023-12-04T20:00,9.6,60,2.3,6.4,10.4,0,0.00,0.0
2023-12-04T21:00,9.1,62,2.2,6.0,9.2,0,0.00,0.0
2023-12-04T22:00,8.6,67,2.8,5.8,8.1,2,0.00,0.0
2023-12-04T23:00,7.6,73,3.1,4.4,11.0,2,0.00,0.0
2023-12-05T00:00,6.9,77,3.2,3.7,11.3,0,0.00,0.0
2023-12-05T01:00,7.6,74,3.2,4.7,8.8,0,0.00,0.0
2023-12-05T02:00,8.9,67,3.0,6.3,7.0,0,0.00,0.0
2023-12-05T03:00,5.8,83,3.2,2.7,10.9,0,0.00,0.0
2023-12-05T04:00,5.5,85,3.2,2.4,10.8,0,0.00,0.0
2023-12-05T05:00,5.4,85,3.0,2.4,9.7,0,0.00,0.0
2023-12-05T06:00,6.4,79,3.0,3.8,6.8,0,0.00,0.0
2023-12-05T07:00,5.3,82,2.5,2.5,7.2,0,0.00,0.0
2023-12-05T08:00,3.0,85,0.7,-0.6,10.3,0,0.00,0.0
2023-12-05T09:00,5.3,76,1.5,2.0,9.9,0,0.00,26.0
2023-12-05T10:00,9.0,65,2.8,6.0,8.9,0,0.00,179.0
2023-12-05T11:00,12.0,59,4.3,10.1,4.0,0,0.00,351.0
2023-12-05T12:00,14.6,52,4.9,12.7,5.0,0,0.00,487.0
2023-12-05T13:00,16.7,46,5.1,14.8,5.9,0,0.00,569.0
2023-12-05T14:00,18.1,43,5.2,16.2,6.3,0,0.00,589.0
2023-12-05T15:00,18.8,42,5.6,16.3,9.2,0,0.00,544.0
2023-12-05T16:00,18.2,45,6.1,15.5,12.1,0,0.00,439.0
2023-12-05T17:00,17.4,48,6.2,14.9,10.4,0,0.00,287.0
2023-12-05T18:00,14.1,62,7.0,12.3,7.6,0,0.00,112.0
2023-12-05T19:00,11.9,65,5.4,9.5,8.6,0,0.00,4.0
2023-12-05T20:00,13.2,55,4.3,10.4,9.6,0,0.00,0.0
2023-12-05T21:00,12.3,58,4.3,9.4,10.7,0,0.00,0.0
2023-12-05T22:00,10.6,65,4.3,8.1,7.9,0,0.00,0.0
2023-12-05T23:00,9.9,66,3.8,7.3,8.4,0,0.00,0.0
2023-12-06T00:00,9.4,64,2.9,6.5,8.4,0,0.00,0.0
2023-12-06T01:00,7.9,68,2.3,4.5,11.6,0,0.00,0.0
2023-12-06T02:00,7.8,65,1.8,4.7,9.2,0,0.00,0.0
2023-12-06T03:00,7.5,66,1.5,4.4,8.2,0,0.00,0.0
2023-12-06T04:00,6.9,68,1.4,3.8,8.2,0,0.00,0.0
2023-12-06T05:00,5.8,74,1.6,2.5,10.2,47,0.00,0.0
2023-12-06T06:00,5.7,75,1.6,2.5,8.6,90,0.00,0.0
2023-12-06T07:00,5.0,78,1.5,1.6,10.0,51,0.00,0.0
2023-12-06T08:00,4.3,76,0.6,0.8,10.5,88,0.00,0.0
2023-12-06T09:00,5.8,73,1.3,3.2,5.2,90,0.00,24.0
2023-12-06T10:00,8.3,62,1.5,5.6,5.9,99,0.00,166.0
2023-12-06T11:00,10.4,55,1.7,7.4,8.1,100,0.00,319.0
2023-12-06T12:00,12.4,49,2.0,9.3,9.3,100,0.00,461.0
2023-12-06T13:00,14.1,44,2.1,11.0,9.4,97,0.00,550.0
2023-12-06T14:00,15.4,41,2.2,12.3,10.8,95,0.00,576.0
2023-12-06T15:00,16.4,37,1.8,12.9,11.0,83,0.00,530.0
2023-12-06T16:00,16.8,35,1.4,13.1,11.9,35,0.00,431.0
2023-12-06T17:00,16.4,37,1.6,12.7,12.7,0,0.00,278.0
2023-12-06T18:00,14.3,45,2.5,11.1,10.0,0,0.00,110.0
2023-12-06T19:00,12.5,49,2.0,8.9,12.5,0,0.00,4.0
2023-12-06T20:00,12.4,43,0.3,8.4,13.7,0,0.00,0.0
2023-12-06T21:00,11.6,48,1.1,7.7,13.9,100,0.00,0.0
2023-12-06T22:00,11.3,52,1.9,7.3,14.6,100,0.00,0.0
2023-12-06T23:00,11.1,52,1.5,7.1,14.1,100,0.00,0.0
2023-12-07T00:00,10.9,51,1.0,6.8,14.4,100,0.00,0.0
2023-12-07T01:00,10.9,50,0.9,6.6,15.5,100,0.00,0.0
2023-12-07T02:00,10.8,49,0.6,6.5,15.7,100,0.00,0.0
2023-12-07T03:00,10.5,50,0.4,6.2,15.6,100,0.00,0.0
2023-12-07T04:00,10.1,52,0.6,5.7,16.1,80,0.00,0.0
2023-12-07T05:00,9.7,54,0.9,5.5,15.4,22,0.00,0.0
2023-12-07T06:00,9.2,58,1.4,5.2,14.8,51,0.00,0.0
2023-12-07T07:00,9.1,61,1.9,5.0,15.2,89,0.00,0.0
2023-12-07T08:00,9.6,65,3.3,5.4,18.0,91,0.00,0.0
2023-12-07T09:00,10.2,66,4.2,5.9,20.2,94,0.00,20.0
2023-12-07T10:00,12.0,65,5.6,8.1,19.2,13,0.00,138.0
2023-12-07T11:00,14.1,62,6.9,9.8,23.9,6,0.00,328.0
2023-12-07T12:00,16.1,59,8.2,11.8,26.0,50,0.00,466.0
2023-12-07T13:00,18.0,58,9.8,13.9,28.1,98,0.00,538.0
2023-12-07T14:00,19.2,59,11.0,14.9,32.0,100,0.00,524.0
2023-12-07T15:00,21.0,54,11.4,16.7,32.3,100,0.00,373.0
2023-12-07T16:00,21.2,55,11.8,17.2,30.9,56,0.00,256.0
2023-12-07T17:00,20.9,59,12.4,17.3,29.8,9,0.00,265.0
2023-12-07T18:00,19.5,63,12.2,16.6,24.6,33,0.00,106.0
2023-12-07T19:00,18.3,67,12.1,15.4,24.2,0,0.00,4.0
2023-12-07T20:00,17.7,71,12.4,14.4,27.7,2,0.00,0.0
2023-12-07T21:00,17.8,69,12.0,14.2,28.9,0,0.00,0.0
2023-12-07T22:00,17.5,70,12.1,14.1,28.1,6,0.00,0.0
2023-12-07T23:00,17.3,72,12.2,14.3,25.1,7,0.00,0.0
2023-12-08T00:00,17.0,74,12.2,14.2,23.6,6,0.00,0.0
2023-12-08T01:00,16.4,76,12.1,13.8,22.5,10,0.00,0.0
2023-12-08T02:00,16.1,79,12.6,13.7,22.6,96,0.00,0.0
2023-12-08T03:00,15.9,83,13.1,13.6,23.1,27,0.00,0.0
2023-12-08T04:00,15.7,87,13.6,13.6,22.6,66,0.00,0.0
2023-12-08T05:00,15.6,90,13.9,13.6,22.9,13,0.00,0.0
2023-12-08T06:00,15.6,91,14.2,13.8,22.4,33,0.00,0.0
2023-12-08T07:00,15.6,92,14.2,13.6,22.8,44,0.00,0.0
2023-12-08T08:00,15.9,93,14.8,14.2,22.8,9,0.00,0.0
2023-12-08T09:00,16.4,92,15.1,14.7,23.2,8,0.00,21.0
2023-12-08T10:00,18.2,83,15.4,15.8,29.0,27,0.00,163.0
2023-12-08T11:00,20.0,74,15.2,17.2,31.0,14,0.00,312.0
2023-12-08T12:00,21.4,69,15.4,19.2,27.3,2,0.00,454.0
2023-12-08T13:00,22.7,63,15.2,20.3,28.1,0,0.00,547.0
2023-12-08T14:00,23.7,59,15.3,21.4,28.6,0,0.00,569.0
2023-12-08T15:00,24.6,55,15.1,22.2,28.4,0,0.00,528.0
2023-12-08T16:00,25.7,49,14.1,23.3,25.8,0,0.00,427.0
2023-12-08T17:00,25.5,48,13.8,24.1,18.4,0,0.00,276.0
2023-12-08T18:00,23.0,57,14.1,22.5,13.0,0,0.00,107.0
2023-12-08T19:00,21.1,67,14.8,20.0,18.8,0,0.00,4.0
2023-12-08T20:00,20.6,72,15.4,19.6,19.6,0,0.00,0.0
2023-12-08T21:00,19.8,76,15.4,18.8,19.2,0,0.00,0.0
2023-12-08T22:00,19.2,79,15.5,18.1,20.3,0,0.00,0.0
2023-12-08T23:00,18.5,83,15.6,17.5,19.6,0,0.00,0.0
2023-12-09T00:00,17.8,86,15.4,17.2,16.3,0,0.00,0.0
2023-12-09T01:00,17.1,88,15.1,16.6,15.6,0,0.00,0.0
2023-12-09T02:00,16.5,89,14.7,15.9,15.1,0,0.00,0.0
2023-12-09T03:00,16.0,89,14.2,15.3,14.1,0,0.00,0.0
2023-12-09T04:00,14.9,91,13.5,14.6,9.8,0,0.00,0.0
2023-12-09T05:00,13.4,93,12.4,12.5,11.3,0,0.00,0.0
2023-12-09T06:00,11.5,87,9.4,9.1,15.5,6,0.00,0.0
2023-12-09T07:00,11.6,75,7.2,9.2,11.6,0,0.00,0.0
2023-12-09T08:00,11.1,75,6.8,7.6,18.3,2,0.00,0.0
2023-12-09T09:00,10.6,74,6.1,6.6,20.1,0,0.00,21.0
2023-12-09T10:00,11.9,67,5.9,8.0,19.2,0,0.00,166.0
2023-12-09T11:00,13.4,60,5.8,9.0,22.9,0,0.00,338.0
2023-12-09T12:00,14.6,55,5.7,10.0,24.7,0,0.00,475.0
2023-12-09T13:00,15.9,49,5.1,11.0,25.5,0,0.00,558.0
2023-12-09T14:00,16.8,41,3.5,11.7,25.5,0,0.00,580.0
2023-12-09T15:00,17.0,37,2.2,11.5,25.9,0,0.00,538.0
2023-12-09T16:00,16.5,36,1.4,10.8,26.7,0,0.00,437.0
2023-12-09T17:00,15.7,37,1.1,9.9,26.3,0,0.00,287.0
2023-12-09T18:00,13.9,41,0.9,8.4,23.9,0,0.00,112.0
2023-12-09T19:00,12.2,43,0.0,6.7,23.1,0,0.00,4.0
2023-12-09T20:00,11.5,44,-0.4,5.7,24.6,0,0.00,0.0
2023-12-09T21:00,10.4,43,-1.8,4.4,25.1,0,0.00,0.0
2023-12-09T22:00,9.6,42,-2.7,3.7,23.1,0,0.00,0.0
2023-12-09T23:00,9.0,42,-3.2,3.4,20.9,0,0.00,0.0
2023-12-10T00:00,8.4,42,-3.6,3.0,19.7,0,0.00,0.0
2023-12-10T01:00,8.0,42,-4.2,2.3,20.5,0,0.00,0.0
2023-12-10T02:00,7.4,41,-5.2,1.5,21.4,0,0.00,0.0
2023-12-10T03:00,6.8,39,-6.2,0.9,20.9,0,0.00,0.0
2023-12-10T04:00,6.1,38,-7.1,0.3,19.0,0,0.00,0.0
2023-12-10T05:00,5.3,37,-8.1,-0.4,18.1,0,0.00,0.0
2023-12-10T06:00,4.6,36,-9.1,-0.9,16.1,0,0.00,0.0
2023-12-10T07:00,4.0,36,-9.6,-1.5,15.4,0,0.00,0.0
2023-12-10T08:00,2.3,43,-8.9,-2.8,13.6,0,0.00,0.0
2023-12-10T09:00,2.5,45,-8.2,-2.9,15.5,0,0.00,22.0
2023-12-10T10:00,4.4,43,-7.2,-0.8,15.3,0,0.00,176.0
2023-12-10T11:00,6.4,35,-7.8,0.9,16.6,0,0.00,355.0
2023-12-10T12:00,7.9,32,-7.9,2.4,16.6,0,0.00,498.0
2023-12-10T13:00,9.3,29,-7.8,4.3,14.8,0,0.00,584.0
2023-12-10T14:00,10.3,27,-7.9,5.6,13.0,12,0.00,607.0
2023-12-10T15:00,11.1,25,-8.2,6.1,13.7,61,0.00,562.0
2023-12-10T16:00,11.3,24,-8.5,6.5,11.6,4,0.00,454.0
2023-12-10T17:00,11.1,24,-8.6,6.5,10.4,0,0.00,299.0
2023-12-10T18:00,8.6,48,-1.8,5.0,8.0,0,0.00,118.0
2023-12-10T19:00,9.3,32,-6.4,5.9,3.1,0,0.00,4.0
2023-12-10T20:00,5.8,45,-5.3,1.8,8.4,1,0.00,0.0
2023-12-10T21:00,4.9,50,-4.7,0.8,9.6,0,0.00,0.0
2023-12-10T22:00,4.4,56,-3.5,0.4,9.8,1,0.00,0.0
2023-12-10T23:00,4.9,57,-2.8,1.0,9.8,3,0.00,0.0
2023-12-11T00:00,5.1,51,-4.2,0.7,11.5,0,0.00,0.0
2023-12-11T01:00,4.8,47,-5.4,0.5,10.1,1,0.00,0.0
2023-12-11T02:00,4.7,44,-6.6,0.2,10.5,1,0.00,0.0
2023-12-11T03:00,4.7,41,-7.7,-0.0,11.0,0,0.00,0.0
2023-12-11T04:00,4.5,41,-7.7,-0.0,10.0,0,0.00,0.0
2023-12-11T05:00,4.1,45,-6.9,-0.2,9.0,0,0.00,0.0
2023-12-11T06:00,3.7,48,-6.3,-0.4,8.3,0,0.00,0.0
2023-12-11T07:00,3.2,51,-5.9,-0.8,8.0,0,0.00,0.0
2023-12-11T08:00,2.0,56,-5.8,-2.3,9.6,0,0.00,0.0
2023-12-11T09:00,3.5,54,-5.0,-0.6,9.0,0,0.00,20.0
2023-12-11T10:00,6.3,50,-3.3,2.4,9.6,0,0.00,165.0
2023-12-11T11:00,9.1,44,-2.6,5.1,10.2,0,0.00,338.0
2023-12-11T12:00,11.8,40,-1.5,8.0,9.6,0,0.00,476.0
2023-12-11T13:00,13.6,38,-0.6,10.3,8.0,0,0.00,560.0
2023-12-11T14:00,14.8,37,0.1,11.6,8.3,0,0.00,583.0
2023-12-11T15:00,15.6,35,0.2,12.2,8.5,0,0.00,541.0
2023-12-11T16:00,16.0,34,0.2,12.8,7.6,1,0.00,439.0
2023-12-11T17:00,15.9,34,0.1,12.8,7.1,2,0.00,288.0
2023-12-11T18:00,12.6,53,3.4,9.8,9.2,0,0.00,113.0
2023-12-11T19:00,10.8,52,1.2,7.6,8.4,0,0.00,4.0
2023-12-11T20:00,11.4,43,-0.9,7.5,11.0,0,0.00,0.0
2023-12-11T21:00,10.8,42,-1.6,6.6,12.2,11,0.00,0.0
2023-12-11T22:00,10.3,42,-2.0,6.1,12.3,100,0.00,0.0
2023-12-11T23:00,9.6,44,-2.0,5.6,11.4,99,0.00,0.0
2023-12-12T00:00,8.9,47,-1.9,5.0,10.5,100,0.00,0.0
2023-12-12T01:00,8.1,50,-1.8,4.3,9.7,36,0.00,0.0
2023-12-12T02:00,7.4,52,-1.7,3.7,9.4,92,0.00,0.0
2023-12-12T03:00,6.4,56,-1.7,2.6,9.8,92,0.00,0.0
2023-12-12T04:00,5.6,60,-1.5,1.6,10.8,98,0.00,0.0
2023-12-12T05:00,4.8,65,-1.2,0.6,12.3,16,0.00,0.0
2023-12-12T06:00,4.6,66,-1.1,0.8,10.5,100,0.00,0.0
2023-12-12T07:00,4.3,69,-0.9,0.7,9.2,100,0.00,0.0
2023-12-12T08:00,3.9,76,0.0,0.4,9.7,100,0.00,0.0
2023-12-12T09:00,5.1,74,0.9,2.2,6.2,100,0.00,16.0
2023-12-12T10:00,7.9,67,2.0,4.7,9.4,100,0.00,133.0
2023-12-12T11:00,10.5,58,2.6,7.5,9.3,100,0.00,308.0
2023-12-12T12:00,12.8,53,3.3,9.8,9.7,100,0.00,448.0
2023-12-12T13:00,14.6,51,4.6,11.7,11.1,100,0.00,514.0
2023-12-12T14:00,15.9,54,6.6,13.2,12.9,94,0.00,523.0
2023-12-12T15:00,16.9,53,7.2,13.9,15.2,75,0.00,529.0
2023-12-12T16:00,17.0,47,5.6,13.3,17.6,100,0.00,430.0
2023-12-12T17:00,16.5,47,5.0,12.7,17.4,100,0.00,277.0
2023-12-12T18:00,14.6,52,4.8,11.5,13.0,100,0.00,94.0
2023-12-12T19:00,12.9,53,3.6,9.4,13.9,100,0.00,4.0
2023-12-12T20:00,13.1,52,3.5,9.4,14.7,100,0.00,0.0
2023-12-12T21:00,12.9,49,2.5,8.8,16.6,100,0.00,0.0
2023-12-12T22:00,13.2,39,-0.4,8.2,19.0,100,0.00,0.0
2023-12-12T23:00,12.6,36,-2.0,7.6,18.2,100,0.00,0.0
2023-12-13T00:00,12.4,36,-2.2,7.8,15.0,100,0.00,0.0
2023-12-13T01:00,11.4,39,-2.0,7.7,8.7,100,0.00,0.0
2023-12-13T02:00,11.0,41,-1.8,7.4,8.6,100,0.00,0.0
2023-12-13T03:00,10.3,43,-1.6,6.8,7.9,100,0.00,0.0
2023-12-13T04:00,9.9,45,-1.3,6.5,7.8,100,0.00,0.0
2023-12-13T05:00,10.1,46,-1.0,6.5,9.0,100,0.00,0.0
2023-12-13T06:00,9.8,49,-0.6,6.3,8.3,100,0.00,0.0
2023-12-13T07:00,9.4,51,-0.3,5.6,10.9,100,0.00,0.0
2023-12-13T08:00,9.8,50,-0.1,6.4,8.4,100,0.00,0.0
2023-12-13T09:00,9.6,52,0.3,5.8,11.9,100,0.00,4.0
2023-12-13T10:00,9.9,54,0.9,6.1,12.2,100,0.00,39.0
2023-12-13T11:00,10.4,54,1.5,6.4,13.9,100,0.00,81.0
2023-12-13T12:00,11.2,52,1.8,7.3,14.7,100,0.00,146.0
2023-12-13T13:00,12.3,49,2.0,8.1,16.6,100,0.00,230.0
2023-12-13T14:00,13.2,47,2.2,9.3,15.0,99,0.00,300.0
2023-12-13T15:00,13.7,45,1.9,9.7,15.2,90,0.00,272.0
2023-12-13T16:00,14.0,42,1.1,9.6,16.6,94,0.00,303.0
2023-12-13T17:00,13.6,40,0.4,9.2,16.6,69,0.00,240.0
2023-12-13T18:00,12.4,45,0.8,8.5,13.4,42,0.00,93.0
2023-12-13T19:00,10.8,50,0.9,6.9,12.8,14,0.00,4.0
2023-12-13T20:00,11.8,43,-0.4,7.5,14.8,74,0.00,0.0
2023-12-13T21:00,10.7,49,0.4,6.5,14.9,100,0.00,0.0
2023-12-13T22:00,10.1,52,0.6,6.1,13.8,100,0.00,0.0
2023-12-13T23:00,9.6,54,0.9,5.8,12.8,100,0.00,0.0
2023-12-14T00:00,9.1,56,0.8,5.2,12.3,73,0.00,0.0
2023-12-14T01:00,8.1,59,0.5,4.5,11.3,14,0.00,0.0
2023-12-14T02:00,7.7,61,0.6,3.9,11.6,33,0.00,0.0
2023-12-14T03:00,7.2,63,0.6,3.6,11.2,25,0.00,0.0
2023-12-14T04:00,6.9,64,0.7,3.2,11.6,1,0.00,0.0
2023-12-14T05:00,6.7,65,0.6,2.7,13.7,0,0.00,0.0
2023-12-14T06:00,6.6,64,0.2,2.4,14.4,0,0.00,0.0
2023-12-14T07:00,6.2,64,-0.1,2.3,12.2,1,0.00,0.0
2023-12-14T08:00,7.7,59,0.2,3.8,12.5,77,0.00,0.0
2023-12-14T09:00,8.2,58,0.4,4.4,11.6,27,0.00,13.0
2023-12-14T10:00,9.6,56,1.1,5.8,12.6,85,0.00,148.0
2023-12-14T11:00,10.6,55,1.9,6.9,12.4,93,0.00,236.0
2023-12-14T12:00,12.4,49,2.0,8.5,14.7,100,0.00,425.0
2023-12-14T13:00,12.8,53,3.3,9.2,14.2,99,0.50,313.0
2023-12-14T14:00,13.9,50,3.5,10.7,11.5,29,0.00,310.0
2023-12-14T15:00,15.9,47,4.6,12.9,11.5,81,0.00,485.0
2023-12-14T16:00,16.6,46,5.1,13.4,14.4,39,0.00,367.0
2023-12-14T17:00,16.7,47,5.3,13.3,15.6,37,0.00,253.0
2023-12-14T18:00,15.4,52,5.6,12.6,11.4,47,0.00,96.0
2023-12-14T19:00,14.1,56,5.4,11.0,13.0,32,0.00,4.0
2023-12-14T20:00,13.6,55,4.9,10.0,16.8,48,0.00,0.0
2023-12-14T21:00,13.1,56,4.6,9.4,16.4,97,0.00,0.0
2023-12-14T22:00,13.8,52,4.0,9.6,18.9,100,0.00,0.0
2023-12-14T23:00,13.9,46,2.3,9.2,19.9,100,0.00,0.0
2023-12-15T00:00,13.7,49,3.2,9.1,20.9,76,0.00,0.0
2023-12-15T01:00,13.1,57,4.7,8.2,24.7,4,0.00,0.0
2023-12-15T02:00,12.6,62,5.7,8.1,23.8,21,0.00,0.0
2023-12-15T03:00,12.4,66,6.2,9.0,16.8,65,0.00,0.0
2023-12-15T04:00,12.1,68,6.5,8.8,17.2,72,0.00,0.0
2023-12-15T05:00,11.4,75,7.1,8.5,15.1,89,0.60,0.0
2023-12-15T06:00,11.5,75,7.2,7.3,24.2,77,0.90,0.0
2023-12-15T07:00,11.4,77,7.5,8.0,19.1,100,0.00,0.0
2023-12-15T08:00,11.9,82,8.9,10.6,6.8,100,1.50,0.0
2023-12-15T09:00,12.0,90,10.4,11.4,5.2,100,1.90,1.0
2023-12-15T10:00,11.9,92,10.7,10.5,11.2,100,1.70,17.0
2023-12-15T11:00,12.1,92,10.8,9.9,16.8,100,3.60,29.0
2023-12-15T12:00,12.2,92,11.1,10.3,15.8,100,2.40,38.0
2023-12-15T13:00,12.4,92,11.1,11.4,9.4,100,3.40,52.0
2023-12-15T14:00,12.8,89,11.0,11.9,8.5,100,1.00,102.0
2023-12-15T15:00,14.4,81,11.2,13.4,9.2,100,0.00,231.0
2023-12-15T16:00,15.3,78,11.6,14.3,10.2,96,0.00,222.0
2023-12-15T17:00,15.7,77,11.6,14.6,11.4,100,0.00,144.0
2023-12-15T18:00,15.1,82,11.9,14.5,8.2,100,0.00,30.0
2023-12-15T19:00,14.0,86,11.8,13.7,5.7,72,0.00,2.0
2023-12-15T20:00,11.9,91,10.4,11.1,5.9,57,0.00,0.0
2023-12-15T21:00,11.1,88,9.1,9.1,11.5,42,0.00,0.0
2023-12-15T22:00,9.9,85,7.4,7.5,11.2,3,0.00,0.0
2023-12-15T23:00,8.4,89,6.7,6.3,9.2,0,0.00,0.0
2023-12-16T00:00,7.5,90,5.9,5.2,8.8,0,0.00,0.0
2023-12-16T01:00,6.9,90,5.3,4.4,9.8,0,0.00,0.0
2023-12-16T02:00,6.7,90,5.1,3.6,12.4,0,0.00,0.0
2023-12-16T03:00,6.5,89,4.8,3.2,14.0,0,0.00,0.0
2023-12-16T04:00,6.3,87,4.4,2.9,14.3,0,0.00,0.0
2023-12-16T05:00,6.2,86,4.0,2.7,14.1,0,0.00,0.0
2023-12-16T06:00,6.1,85,3.8,2.5,14.5,0,0.00,0.0
2023-12-16T07:00,5.7,87,3.7,2.4,12.1,0,0.00,0.0
2023-12-16T08:00,5.0,89,3.4,1.9,11.0,0,0.00,0.0
2023-12-16T09:00,5.6,86,3.5,2.0,14.0,0,0.00,15.0
2023-12-16T10:00,7.7,77,4.0,4.4,13.1,0,0.00,149.0
2023-12-16T11:00,9.6,66,3.5,5.9,15.3,0,0.00,320.0
2023-12-16T12:00,11.4,55,2.7,7.4,16.1,0,0.00,461.0
2023-12-16T13:00,12.8,50,2.5,8.6,16.6,0,0.00,549.0
2023-12-16T14:00,13.8,46,2.3,9.5,18.5,0,0.00,576.0
2023-12-16T15:00,14.4,43,2.0,9.7,19.8,0,0.00,538.0
2023-12-16T16:00,14.6,42,1.8,9.9,19.9,0,0.00,440.0
2023-12-16T17:00,14.3,43,1.9,10.1,16.6,0,0.00,292.0
2023-12-16T18:00,12.2,52,2.5,9.3,8.7,0,0.00,118.0
2023-12-16T19:00,9.4,60,2.1,6.4,8.7,0,0.00,5.0
2023-12-16T20:00,8.6,66,2.5,5.8,7.5,0,0.00,0.0
2023-12-16T21:00,7.6,70,2.5,4.7,7.7,0,0.00,0.0
2023-12-16T22:00,6.8,74,2.3,3.9,7.8,0,0.00,0.0
2023-12-16T23:00,5.8,78,2.3,2.9,7.8,0,0.00,0.0
2023-12-17T00:00,4.8,83,2.2,1.9,7.6,0,0.00,0.0
2023-12-17T01:00,4.1,88,2.2,1.3,7.0,0,0.00,0.0
2023-12-17T02:00,3.8,89,2.2,1.0,6.5,0,0.00,0.0
2023-12-17T03:00,3.5,90,2.0,0.6,7.2,0,0.00,0.0
2023-12-17T04:00,2.8,91,1.5,-0.3,8.9,0,0.00,0.0
2023-12-17T05:00,2.5,92,1.3,-0.8,8.9,8,0.00,0.0
2023-12-17T06:00,2.5,91,1.2,-0.6,7.8,45,0.00,0.0
2023-12-17T07:00,2.2,91,0.8,-1.3,9.8,82,0.00,0.0
2023-12-17T08:00,2.0,90,0.5,-1.2,7.7,100,0.00,0.0
2023-12-17T09:00,3.4,84,1.0,0.2,8.2,41,0.00,14.0
2023-12-17T10:00,7.1,71,2.1,3.6,12.1,0,0.00,152.0
2023-12-17T11:00,10.8,62,3.8,7.8,10.4,0,0.00,325.0
2023-12-17T12:00,13.6,55,4.6,10.9,9.8,0,0.00,465.0
2023-12-17T13:00,15.7,50,5.3,13.3,8.8,0,0.00,552.0
2023-12-17T14:00,17.2,48,6.1,15.2,8.6,0,0.00,578.0
2023-12-17T15:00,18.4,45,6.3,16.1,9.2,0,0.00,539.0
2023-12-17T16:00,18.9,44,6.3,16.7,8.4,0,0.00,440.0
2023-12-17T17:00,18.6,49,7.6,17.2,5.6,0,0.00,291.0
2023-12-17T18:00,18.1,48,6.8,16.8,3.9,0,0.00,117.0
2023-12-17T19:00,16.5,53,6.8,15.2,3.2,0,0.00,5.0
2023-12-17T20:00,15.7,53,6.1,14.3,2.5,0,0.00,0.0
2023-12-17T21:00,14.4,57,6.0,13.1,2.0,0,0.00,0.0
2023-12-17T22:00,9.4,79,6.0,7.3,7.6,0,0.00,0.0
2023-12-17T23:00,8.4,84,5.8,6.1,9.0,0,0.00,0.0
2023-12-18T00:00,8.4,82,5.6,5.9,9.7,0,0.00,0.0
2023-12-18T01:00,8.6,78,4.9,5.8,10.6,0,0.00,0.0
2023-12-18T02:00,8.4,77,4.7,5.3,12.5,0,0.00,0.0
2023-12-18T03:00,9.2,74,4.8,5.5,16.8,0,0.00,0.0
2023-12-18T04:00,8.9,74,4.5,5.1,16.5,0,0.00,0.0
2023-12-18T05:00,8.1,74,3.8,4.6,13.8,0,0.00,0.0
2023-12-18T06:00,7.5,74,3.2,4.1,12.7,0,0.00,0.0
2023-12-18T07:00,7.0,75,2.8,3.6,11.7,0,0.00,0.0
2023-12-18T08:00,6.7,77,2.9,3.3,12.3,0,0.00,0.0
2023-12-18T09:00,7.0,76,3.0,3.5,13.1,0,0.00,14.0
2023-12-18T10:00,9.3,68,3.6,5.6,15.0,0,0.00,149.0
2023-12-18T11:00,11.1,59,3.5,6.8,19.2,0,0.00,321.0
2023-12-18T12:00,12.6,54,3.7,8.1,20.5,0,0.00,461.0
2023-12-18T13:00,13.9,51,4.0,9.6,19.5,0,0.00,549.0
2023-12-18T14:00,14.6,48,3.8,10.7,17.8,0,0.00,575.0
2023-12-18T15:00,15.0,45,3.2,11.1,16.2,0,0.00,538.0
2023-12-18T16:00,14.9,43,2.3,11.0,15.5,0,0.00,441.0
2023-12-18T17:00,14.4,41,1.4,10.3,14.4,0,0.00,293.0
2023-12-18T18:00,12.2,49,2.0,9.3,8.0,0,0.00,119.0
2023-12-18T19:00,9.4,58,1.5,6.3,8.4,0,0.00,6.0
2023-12-18T20:00,9.7,55,1.1,6.6,8.3,0,0.00,0.0
2023-12-18T21:00,8.7,56,0.4,5.4,8.2,0,0.00,0.0
2023-12-18T22:00,7.9,58,0.2,4.6,8.4,0,0.00,0.0
2023-12-18T23:00,6.8,62,0.0,3.5,8.1,48,0.00,0.0
2023-12-19T00:00,5.9,64,-0.4,2.5,8.5,100,0.00,0.0
2023-12-19T01:00,4.7,68,-0.6,0.8,11.3,99,0.00,0.0
2023-12-19T02:00,4.6,64,-1.5,1.1,8.0,94,0.00,0.0
2023-12-19T03:00,4.6,60,-2.5,0.8,8.6,100,0.00,0.0
2023-12-19T04:00,3.5,63,-2.9,-0.2,8.1,100,0.00,0.0
2023-12-19T05:00,4.0,59,-3.3,-0.4,11.9,100,0.00,0.0
2023-12-19T06:00,3.7,59,-3.6,-0.3,9.4,100,0.00,0.0
2023-12-19T07:00,3.0,62,-3.6,-0.8,8.4,100,0.00,0.0
2023-12-19T08:00,2.7,65,-3.2,-1.3,9.4,100,0.00,0.0
2023-12-19T09:00,3.3,64,-2.9,-0.8,10.4,100,0.00,12.0
2023-12-19T10:00,5.1,59,-2.2,1.0,11.3,100,0.00,118.0
2023-12-19T11:00,6.9,55,-1.5,2.8,12.2,100,0.00,214.0
2023-12-19T12:00,8.7,53,-0.4,4.5,14.0,100,0.00,314.0
2023-12-19T13:00,10.9,49,0.7,6.7,14.8,100,0.00,458.0
2023-12-19T14:00,12.1,48,1.4,8.0,14.8,100,0.00,405.0
2023-12-19T15:00,12.8,47,1.8,8.7,15.8,99,0.00,335.0
2023-12-19T16:00,13.6,46,2.2,9.5,16.4,97,0.00,339.0
2023-12-19T17:00,13.9,46,2.5,9.7,17.2,100,0.00,273.0
2023-12-19T18:00,12.6,52,3.1,9.1,13.3,100,0.00,106.0
2023-12-19T19:00,10.9,58,2.9,7.3,13.8,99,0.00,5.0
2023-12-19T20:00,10.4,59,2.8,6.2,17.6,78,0.00,0.0
2023-12-19T21:00,10.1,60,2.8,6.0,16.7,88,0.00,0.0
2023-12-19T22:00,10.1,60,2.8,6.1,15.7,100,0.00,0.0
2023-12-19T23:00,10.2,61,3.0,6.3,15.9,100,0.00,0.0
2023-12-20T00:00,10.1,64,3.6,6.3,15.2,100,0.00,0.0
2023-12-20T01:00,9.4,70,4.3,6.2,13.1,100,0.00,0.0
2023-12-20T02:00,9.6,75,5.4,6.5,13.7,100,0.00,0.0
2023-12-20T03:00,9.4,81,6.3,6.5,13.8,98,0.00,0.0
2023-12-20T04:00,8.9,88,7.1,6.3,12.9,100,0.00,0.0
2023-12-20T05:00,8.9,91,7.6,6.5,12.6,100,0.00,0.0
2023-12-20T06:00,9.1,92,7.9,6.7,13.2,100,0.00,0.0
2023-12-20T07:00,8.9,92,7.8,6.4,13.2,100,0.00,0.0
2023-12-20T08:00,8.1,91,6.7,5.2,13.9,95,0.00,0.0
2023-12-20T09:00,8.1,90,6.6,5.4,13.1,84,0.00,11.0
2023-12-20T10:00,10.2,80,7.0,7.3,15.3,95,0.00,128.0
2023-12-20T11:00,12.2,74,7.7,9.4,15.0,14,0.00,262.0
2023-12-20T12:00,13.9,69,8.2,11.1,15.9,7,0.00,443.0
2023-12-20T13:00,15.6,65,9.1,12.9,17.2,16,0.00,515.0
2023-12-20T14:00,17.2,62,9.9,14.5,18.4,21,0.00,535.0
2023-12-20T15:00,18.5,60,10.6,15.7,20.2,98,0.00,504.0
2023-12-20T16:00,19.0,59,10.9,16.0,22.7,100,0.00,310.0
2023-12-20T17:00,19.0,60,11.1,16.8,17.3,100,0.00,116.0
2023-12-20T18:00,17.8,66,11.2,16.5,11.4,98,0.00,79.0
2023-12-20T19:00,15.6,74,11.1,14.5,9.5,100,0.00,5.0
2023-12-20T20:00,15.4,76,11.1,13.8,13.1,100,0.00,0.0
2023-12-20T21:00,15.1,76,10.9,13.2,14.8,100,0.00,0.0
2023-12-20T22:00,14.9,76,10.8,12.8,16.4,100,0.00,0.0
2023-12-20T23:00,15.4,74,10.8,13.0,18.4,100,0.00,0.0
2023-12-21T00:00,15.6,74,10.9,13.2,18.2,100,0.00,0.0
2023-12-21T01:00,14.8,79,11.2,12.5,18.4,100,0.00,0.0
2023-12-21T02:00,13.7,85,11.2,11.7,16.3,100,0.00,0.0
2023-12-21T03:00,13.9,86,11.5,11.8,16.9,100,0.00,0.0
2023-12-21T04:00,14.2,86,11.9,12.3,17.1,100,0.00,0.0
2023-12-21T05:00,14.2,88,12.2,12.6,16.4,100,0.20,0.0
2023-12-21T06:00,14.1,89,12.4,12.4,17.0,100,0.10,0.0
2023-12-21T07:00,13.9,89,12.1,11.9,18.1,100,0.00,0.0
2023-12-21T08:00,13.5,90,11.9,12.3,12.2,100,0.00,0.0
2023-12-21T09:00,13.5,89,11.8,12.2,12.4,100,0.10,4.0
2023-12-21T10:00,13.8,88,11.9,12.5,13.0,100,0.10,48.0
2023-12-21T11:00,14.0,91,12.5,13.1,11.6,100,0.20,90.0
2023-12-21T12:00,14.9,87,12.7,14.0,11.8,100,0.10,165.0
2023-12-21T13:00,15.3,85,12.8,14.7,10.5,100,1.60,178.0
2023-12-21T14:00,15.4,86,13.1,14.4,14.1,100,0.60,142.0
2023-12-21T15:00,15.4,90,13.7,14.7,12.8,100,0.60,95.0
2023-12-21T16:00,15.4,90,13.8,14.8,12.5,100,0.60,84.0
2023-12-21T17:00,15.1,92,13.8,14.7,11.8,100,1.10,53.0
2023-12-21T18:00,14.9,93,13.7,14.7,9.8,100,1.50,20.0
2023-12-21T19:00,14.6,93,13.6,14.0,12.5,100,2.00,1.0
2023-12-21T20:00,13.8,95,12.9,12.9,12.0,100,1.60,0.0
2023-12-21T21:00,13.6,95,12.8,12.9,11.0,100,0.70,0.0
2023-12-21T22:00,13.6,95,12.8,12.4,13.8,100,1.50,0.0
2023-12-21T23:00,13.6,94,12.7,12.5,13.7,100,0.80,0.0
2023-12-22T00:00,13.7,94,12.7,12.6,13.4,100,0.30,0.0
2023-12-22T01:00,13.7,93,12.6,12.1,16.9,87,0.20,0.0
2023-12-22T02:00,13.4,94,12.4,12.2,13.3,97,0.10,0.0
2023-12-22T03:00,13.4,95,12.5,12.7,10.1,99,0.30,0.0
2023-12-22T04:00,13.5,95,12.6,12.6,11.7,100,0.10,0.0
2023-12-22T05:00,13.5,94,12.6,12.3,14.1,100,0.10,0.0
2023-12-22T06:00,13.6,94,12.7,12.5,13.1,100,0.00,0.0
2023-12-22T07:00,13.7,94,12.8,12.9,11.4,100,0.00,0.0
2023-12-22T08:00,13.2,97,12.8,12.9,8.6,100,0.10,0.0
2023-12-22T09:00,13.9,95,13.1,13.5,10.1,100,0.00,6.0
2023-12-22T10:00,14.9,92,13.7,14.3,12.9,100,0.00,67.0
2023-12-22T11:00,16.3,89,14.6,15.6,14.8,100,0.00,131.0
2023-12-22T12:00,17.8,82,14.6,17.0,15.5,100,0.10,184.0
2023-12-22T13:00,19.3,73,14.2,18.4,15.7,89,0.10,331.0
2023-12-22T14:00,19.7,70,14.0,19.0,13.9,27,0.00,277.0
2023-12-22T15:00,20.7,64,13.7,20.1,12.2,44,0.00,389.0
2023-12-22T16:00,21.2,61,13.3,20.6,11.2,51,0.00,347.0
2023-12-22T17:00,21.0,61,13.2,20.7,9.3,28,0.00,214.0
2023-12-22T18:00,19.0,72,13.8,19.2,6.8,29,0.00,100.0
2023-12-22T19:00,16.7,80,13.2,16.5,8.6,7,0.00,6.0
2023-12-22T20:00,15.8,88,13.8,15.7,9.2,12,0.00,0.0
2023-12-22T21:00,15.1,90,13.4,14.8,9.7,27,0.00,0.0
2023-12-22T22:00,14.9,91,13.4,14.5,10.2,21,0.00,0.0
2023-12-22T23:00,14.8,93,13.6,14.3,11.8,1,0.00,0.0
2023-12-23T00:00,14.4,95,13.6,13.7,12.9,0,0.00,0.0
2023-12-23T01:00,14.1,96,13.5,13.5,12.3,9,0.00,0.0
2023-12-23T02:00,13.9,96,13.4,13.4,11.5,18,0.00,0.0
2023-12-23T03:00,13.7,97,13.2,13.2,10.8,2,0.00,0.0
2023-12-23T04:00,13.4,97,13.1,12.9,10.1,9,0.00,0.0
2023-12-23T05:00,13.4,98,13.1,13.1,9.0,100,0.00,0.0
2023-12-23T06:00,13.6,98,13.2,13.4,8.7,100,0.00,0.0
2023-12-23T07:00,13.8,98,13.4,13.7,7.7,100,0.00,0.0
2023-12-23T08:00,14.9,98,14.7,15.3,8.4,100,0.00,0.0
2023-12-23T09:00,15.1,98,14.9,15.3,10.0,100,0.00,4.0
2023-12-23T10:00,15.6,97,15.1,15.4,12.8,100,0.00,43.0
2023-12-23T11:00,16.1,95,15.4,16.0,13.6,100,0.00,81.0
2023-12-23T12:00,16.8,93,15.6,16.1,18.2,100,0.00,152.0
2023-12-23T13:00,17.5,89,15.8,16.6,20.3,100,0.10,208.0
2023-12-23T14:00,17.9,87,15.6,16.8,20.8,100,0.10,211.0
2023-12-23T15:00,18.5,82,15.4,16.9,23.8,100,0.10,207.0
2023-12-23T16:00,19.0,79,15.3,18.0,19.3,100,0.10,133.0
2023-12-23T17:00,19.3,78,15.4,18.4,18.9,100,0.10,98.0
2023-12-23T18:00,18.7,82,15.5,18.1,17.1,100,0.00,29.0
2023-12-23T19:00,18.0,85,15.4,17.4,16.6,100,0.10,3.0
2023-12-23T20:00,17.2,91,15.8,16.7,17.2,100,0.10,0.0
2023-12-23T21:00,16.6,94,15.8,16.2,16.3,100,2.40,0.0
2023-12-23T22:00,16.8,94,15.7,16.2,16.9,100,17.70,0.0
2023-12-23T23:00,16.4,94,15.4,15.7,17.3,100,3.30,0.0
2023-12-24T00:00,16.5,96,15.8,15.1,23.0,100,2.60,0.0
2023-12-24T01:00,16.6,96,15.9,15.1,24.1,100,0.20,0.0
2023-12-24T02:00,16.8,95,16.0,15.9,19.9,100,1.10,0.0
2023-12-24T03:00,16.9,94,15.9,16.2,18.6,100,0.60,0.0
2023-12-24T04:00,16.6,94,15.8,16.5,14.7,100,2.80,0.0
2023-12-24T05:00,16.5,95,15.6,15.5,19.8,100,2.30,0.0
2023-12-24T06:00,16.4,94,15.4,15.1,21.4,100,3.20,0.0
2023-12-24T07:00,16.4,95,15.6,15.3,20.4,100,1.60,0.0
2023-12-24T08:00,16.0,96,15.4,15.6,15.5,100,1.10,0.0
2023-12-24T09:00,15.9,96,15.2,15.6,14.0,100,2.00,2.0
2023-12-24T10:00,15.7,95,14.9,15.5,12.7,100,2.00,17.0
2023-12-24T11:00,15.7,93,14.6,15.0,15.5,100,2.00,41.0
2023-12-24T12:00,15.8,93,14.6,15.1,15.1,100,2.10,40.0
2023-12-24T13:00,16.3,94,15.4,16.3,12.4,100,0.50,102.0
2023-12-24T14:00,16.9,93,15.8,17.3,10.2,100,0.20,135.0
2023-12-24T15:00,18.3,83,15.4,18.0,14.6,100,0.00,245.0
2023-12-24T16:00,19.4,76,15.1,19.4,11.8,99,0.00,305.0
2023-12-24T17:00,17.9,78,13.9,16.8,16.2,90,1.10,202.0
2023-12-24T18:00,16.4,89,14.5,17.2,4.2,20,0.70,79.0
2023-12-24T19:00,14.1,92,12.7,14.2,4.8,25,0.70,7.0
2023-12-24T20:00,14.9,68,9.1,10.4,29.5,7,0.20,0.0
2023-12-24T21:00,12.4,69,6.8,7.5,27.8,3,0.00,0.0
2023-12-24T22:00,10.4,68,4.7,5.0,27.9,0,0.00,0.0
2023-12-24T23:00,8.9,66,3.0,3.6,25.4,0,0.00,0.0
2023-12-25T00:00,8.1,62,1.4,2.6,24.6,3,0.00,0.0
2023-12-25T01:00,7.7,59,0.2,2.1,23.5,0,0.00,0.0
2023-12-25T02:00,7.1,57,-0.8,1.4,23.5,3,0.00,0.0
2023-12-25T03:00,6.4,57,-1.4,0.8,22.5,4,0.00,0.0
2023-12-25T04:00,5.9,56,-2.0,0.2,22.5,0,0.00,0.0
2023-12-25T05:00,5.3,55,-2.9,-0.6,23.6,0,0.00,0.0
2023-12-25T06:00,4.8,55,-3.5,-1.1,23.1,0,0.00,0.0
2023-12-25T07:00,4.4,54,-4.0,-1.4,21.9,0,0.00,0.0
2023-12-25T08:00,3.4,62,-3.2,-2.2,20.6,0,0.00,0.0
2023-12-25T09:00,3.5,62,-3.2,-2.1,20.2,3,0.00,11.0
2023-12-25T10:00,4.8,58,-2.9,-0.7,20.1,19,0.00,141.0
2023-12-25T11:00,6.1,51,-3.2,0.1,23.7,0,0.00,315.0
2023-12-25T12:00,7.2,49,-2.8,1.5,22.2,0,0.00,459.0
2023-12-25T13:00,8.3,47,-2.3,2.7,21.4,0,0.00,551.0
2023-12-25T14:00,9.1,45,-2.2,3.6,22.1,0,0.00,582.0
2023-12-25T15:00,9.7,44,-2.1,4.2,21.0,0,0.00,548.0
2023-12-25T16:00,9.9,42,-2.5,4.4,20.3,0,0.00,453.0
2023-12-25T17:00,9.4,41,-3.2,4.0,19.7,0,0.00,307.0
2023-12-25T18:00,8.3,43,-3.5,3.5,14.8,0,0.00,131.0
2023-12-25T19:00,6.7,46,-4.1,2.2,12.1,0,0.00,8.0
2023-12-25T20:00,5.8,53,-3.0,2.0,9.2,0,0.00,0.0
2023-12-25T21:00,5.3,53,-3.4,1.2,10.2,0,0.00,0.0
2023-12-25T22:00,4.4,55,-3.8,0.5,8.3,0,0.00,0.0
2023-12-25T23:00,3.2,61,-3.5,-0.4,6.9,0,0.00,0.0
2023-12-26T00:00,2.5,67,-3.0,-1.0,7.2,0,0.00,0.0
2023-12-26T01:00,2.2,72,-2.3,-1.4,7.8,0,0.00,0.0
2023-12-26T02:00,1.8,75,-2.2,-1.9,8.0,0,0.00,0.0
2023-12-26T03:00,1.2,76,-2.6,-2.4,7.6,0,0.00,0.0
2023-12-26T04:00,1.0,75,-2.9,-2.8,8.8,0,0.00,0.0
2023-12-26T05:00,0.6,77,-3.0,-3.0,7.7,0,0.00,0.0
2023-12-26T06:00,0.0,82,-2.8,-3.5,7.1,0,0.00,0.0
2023-12-26T07:00,0.2,82,-2.5,-3.4,7.7,0,0.00,0.0
2023-12-26T08:00,0.2,78,-3.2,-3.7,9.3,0,0.00,0.0
2023-12-26T09:00,1.2,73,-3.2,-3.1,11.6,0,0.00,11.0
2023-12-26T10:00,4.3,66,-1.5,-0.3,15.3,0,0.00,142.0
2023-12-26T11:00,7.2,57,-0.7,3.0,13.8,0,0.00,319.0
2023-12-26T12:00,9.3,45,-2.0,4.1,18.8,0,0.00,462.0
2023-12-26T13:00,10.7,41,-1.9,5.4,19.7,0,0.00,552.0
2023-12-26T14:00,11.7,40,-1.3,6.2,22.9,0,0.00,579.0
2023-12-26T15:00,12.4,42,-0.1,6.7,24.3,0,0.00,543.0
2023-12-26T16:00,12.9,44,0.8,7.5,22.7,8,0.00,449.0
2023-12-26T17:00,12.9,46,1.5,8.1,20.6,69,0.00,294.0
2023-12-26T18:00,11.8,52,2.2,7.7,16.3,17,0.00,117.0
2023-12-26T19:00,9.6,61,2.3,6.1,12.1,27,0.00,8.0
2023-12-26T20:00,9.1,60,1.9,5.7,11.0,38,0.00,0.0
2023-12-26T21:00,8.5,66,2.5,5.4,9.9,20,0.00,0.0
2023-12-26T22:00,6.8,76,2.9,4.1,6.9,22,0.00,0.0
2023-12-26T23:00,5.8,78,2.2,3.2,6.4,4,0.00,0.0
2023-12-27T00:00,4.3,83,1.6,1.5,6.8,0,0.00,0.0
2023-12-27T01:00,4.0,82,1.2,0.8,8.8,0,0.00,0.0
2023-12-27T02:00,4.2,74,0.0,0.7,9.1,0,0.00,0.0
2023-12-27T03:00,4.4,65,-1.6,0.5,10.5,0,0.00,0.0
2023-12-27T04:00,4.4,63,-2.0,0.5,10.2,0,0.00,0.0
2023-12-27T05:00,4.2,64,-2.0,0.4,10.1,0,0.00,0.0
2023-12-27T06:00,4.1,65,-1.9,0.2,10.2,0,0.00,0.0
2023-12-27T07:00,4.0,66,-1.8,-0.2,12.1,0,0.00,0.0
2023-12-27T08:00,4.3,65,-1.6,-0.2,15.1,0,0.00,0.0
2023-12-27T09:00,4.2,67,-1.2,-0.2,14.6,0,0.00,10.0
2023-12-27T10:00,5.9,66,0.1,1.7,14.6,0,0.00,134.0
2023-12-27T11:00,7.5,59,0.1,2.6,19.1,0,0.00,304.0
2023-12-27T12:00,8.4,54,-0.5,2.9,22.4,0,0.00,447.0
2023-12-27T13:00,9.0,52,-0.3,3.7,21.6,0,0.00,529.0
2023-12-27T14:00,9.6,50,-0.3,4.2,22.8,14,0.00,581.0
2023-12-27T15:00,9.3,50,-0.7,3.8,22.7,27,0.00,537.0
2023-12-27T16:00,9.1,47,-1.5,3.8,20.3,3,0.00,415.0
2023-12-27T17:00,9.2,44,-2.3,4.3,17.1,0,0.00,305.0
2023-12-27T18:00,8.4,49,-1.6,4.6,9.7,0,0.00,133.0
2023-12-27T19:00,6.1,58,-1.5,2.5,8.7,0,0.00,9.0
2023-12-27T20:00,6.4,61,-0.6,2.6,10.9,26,0.00,0.0
2023-12-27T21:00,6.3,64,-0.1,2.4,12.1,3,0.00,0.0
2023-12-27T22:00,5.6,67,-0.1,1.6,12.7,5,0.00,0.0
2023-12-27T23:00,4.8,72,0.2,1.3,9.5,46,0.00,0.0
2023-12-28T00:00,4.3,77,0.6,1.2,7.2,98,0.00,0.0
2023-12-28T01:00,5.3,67,-0.2,2.1,7.2,100,0.00,0.0
2023-12-28T02:00,5.6,63,-0.9,2.3,6.8,59,0.00,0.0
2023-12-28T03:00,2.9,76,-1.0,-0.7,9.1,99,0.00,0.0
2023-12-28T04:00,2.8,77,-0.9,-0.5,7.8,69,0.00,0.0
2023-12-28T05:00,4.0,72,-0.7,0.9,5.7,100,0.00,0.0
2023-12-28T06:00,4.8,69,-0.4,1.7,6.1,100,0.00,0.0
2023-12-28T07:00,4.6,73,0.1,1.8,4.9,100,0.00,0.0
2023-12-28T08:00,4.1,68,-1.4,1.2,3.8,93,0.00,0.0
2023-12-28T09:00,4.1,68,-1.2,1.0,5.4,34,0.00,5.0
2023-12-28T10:00,4.7,63,-1.6,1.0,8.9,22,0.00,122.0
2023-12-28T11:00,5.8,60,-1.5,1.7,11.8,0,0.00,299.0
2023-12-28T12:00,6.8,58,-0.9,2.5,13.4,19,0.00,450.0
2023-12-28T13:00,8.1,52,-1.1,3.3,17.5,11,0.00,511.0
2023-12-28T14:00,8.7,51,-0.8,4.2,15.8,3,0.00,556.0
2023-12-28T15:00,9.4,50,-0.6,4.8,15.9,18,0.00,546.0
2023-12-28T16:00,9.2,47,-1.5,4.2,18.4,32,0.00,430.0
2023-12-28T17:00,8.4,46,-2.6,3.0,20.4,92,0.00,285.0
2023-12-28T18:00,6.8,51,-2.7,1.5,18.9,38,0.00,73.0
2023-12-28T19:00,5.4,55,-2.8,0.4,17.7,53,0.00,8.0
2023-12-28T20:00,6.2,54,-2.5,1.2,16.9,100,0.00,0.0
2023-12-28T21:00,5.5,57,-2.2,0.6,16.6,94,0.00,0.0
2023-12-28T22:00,4.9,59,-2.5,-0.1,17.3,8,0.00,0.0
2023-12-28T23:00,3.2,65,-2.8,-1.5,15.6,0,0.00,0.0
2023-12-29T00:00,2.4,69,-2.7,-2.1,13.8,0,0.00,0.0
2023-12-29T01:00,1.8,74,-2.4,-2.5,12.5,0,0.00,0.0
2023-12-29T02:00,1.3,76,-2.4,-3.0,12.6,0,0.00,0.0
2023-12-29T03:00,0.9,77,-2.7,-3.4,12.3,0,0.00,0.0
2023-12-29T04:00,0.6,78,-2.8,-3.8,13.5,0,0.00,0.0
2023-12-29T05:00,0.6,79,-2.7,-4.0,13.9,79,0.00,0.0
2023-12-29T06:00,0.5,81,-2.3,-3.9,13.6,19,0.00,0.0
2023-12-29T07:00,0.5,83,-2.0,-4.0,14.4,0,0.00,0.0
2023-12-29T08:00,0.5,84,-2.0,-3.9,13.8,23,0.00,0.0
2023-12-29T09:00,0.9,83,-1.7,-3.7,15.2,11,0.00,9.0
2023-12-29T10:00,3.2,77,-0.4,-1.3,15.5,0,0.00,135.0
2023-12-29T11:00,5.7,67,-0.1,0.8,18.8,0,0.00,310.0
2023-12-29T12:00,7.8,56,-0.3,2.5,21.3,38,0.00,456.0
2023-12-29T13:00,9.5,51,-0.2,4.2,21.5,68,0.00,548.0
2023-12-29T14:00,10.8,46,-0.3,5.4,22.5,0,0.00,575.0
2023-12-29T15:00,11.4,46,0.2,6.2,21.5,0,0.00,551.0
2023-12-29T16:00,11.8,45,0.2,6.8,20.1,0,0.00,460.0
2023-12-29T17:00,11.4,46,0.2,6.6,18.6,0,0.00,314.0
2023-12-29T18:00,9.9,53,0.8,6.3,11.2,5,0.00,139.0
2023-12-29T19:00,7.4,61,0.4,3.9,10.1,0,0.00,10.0
2023-12-29T20:00,7.7,57,-0.2,3.9,11.1,0,0.00,0.0
2023-12-29T21:00,7.0,60,-0.2,3.1,11.9,0,0.00,0.0
2023-12-29T22:00,6.4,63,-0.1,2.5,12.6,0,0.00,0.0
2023-12-29T23:00,6.0,65,0.0,2.1,12.1,0,0.00,0.0
2023-12-30T00:00,5.3,69,0.1,1.7,10.7,0,0.00,0.0
2023-12-30T01:00,4.8,71,0.1,1.2,10.2,0,0.00,0.0
2023-12-30T02:00,4.3,74,0.1,0.8,9.7,0,0.00,0.0
2023-12-30T03:00,3.7,77,0.1,0.3,8.8,0,0.00,0.0
2023-12-30T04:00,2.5,84,0.0,-1.0,9.4,0,0.00,0.0
2023-12-30T05:00,1.3,87,-0.7,-2.5,10.7,0,0.00,0.0
2023-12-30T06:00,0.9,88,-0.9,-2.6,8.2,0,0.00,0.0
2023-12-30T07:00,0.6,90,-0.8,-2.6,6.8,0,0.00,0.0
2023-12-30T08:00,0.7,89,-0.9,-2.8,8.4,0,0.00,0.0
2023-12-30T09:00,1.3,87,-0.6,-2.4,9.8,0,0.00,10.0
2023-12-30T10:00,4.2,78,0.7,0.5,11.4,0,0.00,139.0
2023-12-30T11:00,7.7,69,2.4,5.0,6.4,0,0.00,316.0
2023-12-30T12:00,11.1,59,3.5,8.8,5.4,0,0.00,462.0
2023-12-30T13:00,13.6,50,3.4,11.1,6.6,0,0.00,558.0
2023-12-30T14:00,15.1,42,2.5,11.9,11.8,0,0.00,592.0
2023-12-30T15:00,16.1,38,1.8,12.6,11.7,0,0.00,559.0
2023-12-30T16:00,16.4,37,1.6,13.0,10.6,0,0.00,463.0
2023-12-30T17:00,16.0,42,3.1,13.2,8.1,0,0.00,317.0
2023-12-30T18:00,12.8,60,5.1,10.5,7.5,0,0.00,141.0
2023-12-30T19:00,10.3,66,4.2,7.5,10.0,0,0.00,11.0
2023-12-30T20:00,10.9,56,2.4,7.5,11.6,0,0.00,0.0
2023-12-30T21:00,10.2,56,2.0,6.7,12.3,0,0.00,0.0
2023-12-30T22:00,9.7,57,1.5,5.9,13.3,0,0.00,0.0
2023-12-30T23:00,9.1,58,1.3,5.3,12.3,0,0.00,0.0
2023-12-31T00:00,8.2,62,1.5,4.7,11.2,0,0.00,0.0
2023-12-31T01:00,7.3,68,1.8,4.0,10.0,0,0.00,0.0
2023-12-31T02:00,6.4,73,2.0,3.3,8.9,43,0.00,0.0
2023-12-31T03:00,6.5,73,2.1,3.3,9.5,100,0.00,0.0
2023-12-31T04:00,7.1,70,1.9,3.8,10.5,100,0.00,0.0
2023-12-31T05:00,6.9,68,1.4,3.5,10.5,100,0.00,0.0
2023-12-31T06:00,6.7,65,0.6,3.2,9.9,100,0.00,0.0
2023-12-31T07:00,6.2,64,-0.2,2.8,8.8,100,0.00,0.0
2023-12-31T08:00,5.9,60,-1.2,2.2,10.2,100,0.00,0.0
2023-12-31T09:00,6.6,58,-1.0,2.9,10.0,100,0.00,7.0
2023-12-31T10:00,9.0,55,0.5,5.5,10.2,100,0.00,99.0
2023-12-31T11:00,11.4,55,2.8,8.7,7.2,99,0.00,222.0
2023-12-31T12:00,13.6,49,3.0,11.5,3.1,100,0.00,356.0
2023-12-31T13:00,15.1,46,3.5,13.2,2.6,100,0.00,480.0
2023-12-31T14:00,16.0,45,4.1,14.4,1.1,92,0.00,488.0
2023-12-31T15:00,16.5,45,4.7,14.9,2.4,79,0.00,488.0
2023-12-31T16:00,16.6,46,5.1,14.8,4.3,35,0.00,410.0
2023-12-31T17:00,16.4,48,5.4,14.5,4.9,32,0.00,300.0
2023-12-31T18:00,13.9,61,6.6,11.8,8.2,31,0.00,129.0
2023-12-31T19:00,11.1,62,4.2,7.7,14.4,20,0.00,11.0
2023-12-31T20:00,10.8,63,4.1,6.4,20.2,11,0.00,0.0
2023-12-31T21:00,9.6,65,3.5,5.0,21.2,0,0.00,0.0
2023-12-31T22:00,8.4,65,2.2,3.6,21.1,0,0.00,0.0
2023-12-31T23:00,7.4,64,1.1,2.3,21.4,0,0.00,0.0
