latitude,longitude,elevation,utc_offset_seconds,timezone,timezone_abbreviation
32.864674,-97.05017,186.0,-18000,America/Chicago,GMT-5

time,temperature_2m (°C),relative_humidity_2m (%),dew_point_2m (°C),apparent_temperature (°C),wind_speed_10m (km/h),cloud_cover (%),precipitation (mm),shortwave_radiation (W/m²)
2026-01-01T00:00,10.9,53,1.6,7.7,8.9,90,0.00,0.0
2026-01-01T01:00,9.4,57,1.4,6.3,8.2,98,0.00,0.0
2026-01-01T02:00,8.6,61,1.5,5.6,7.4,80,0.00,0.0
2026-01-01T03:00,8.2,62,1.5,5.3,7.3,81,0.00,0.0
2026-01-01T04:00,7.7,65,1.5,4.8,6.6,47,0.00,0.0
2026-01-01T05:00,7.4,65,1.4,4.5,6.9,63,0.00,0.0
2026-01-01T06:00,7.3,66,1.3,4.3,7.5,39,0.00,0.0
2026-01-01T07:00,7.1,64,0.8,3.8,8.4,59,0.00,0.0
2026-01-01T08:00,6.4,68,0.9,3.2,8.4,97,0.00,0.0
2026-01-01T09:00,6.6,68,1.1,3.4,8.4,99,0.00,9.0
2026-01-01T10:00,8.7,62,1.8,5.5,9.2,100,0.00,132.0
2026-01-01T11:00,11.4,52,1.8,8.6,6.8,99,0.00,302.0
2026-01-01T12:00,13.9,43,1.4,11.0,6.7,100,0.00,421.0
2026-01-01T13:00,17.6,35,1.8,14.6,8.1,100,0.00,499.0
2026-01-01T14:00,19.3,31,1.8,16.2,8.9,100,0.00,519.0
2026-01-01T15:00,20.5,29,1.6,17.1,10.1,100,0.00,508.0
2026-01-01T16:00,21.0,27,1.0,17.4,11.0,100,0.00,366.0
2026-01-01T17:00,21.1,26,0.9,17.5,11.7,100,0.00,206.0
2026-01-01T18:00,19.9,29,1.4,16.4,11.3,100,0.00,57.0
2026-01-01T19:00,18.8,30,0.8,14.8,13.5,100,0.00,5.0
2026-01-01T20:00,18.6,30,0.9,14.6,14.4,100,0.00,0.0
2026-01-01T21:00,18.4,31,1.1,14.5,13.3,99,0.00,0.0
2026-01-01T22:00,17.9,33,1.4,14.2,12.1,100,0.00,0.0
2026-01-01T23:00,17.6,34,1.7,14.2,11.2,93,0.00,0.0
2026-01-02T00:00,17.3,36,2.0,13.7,12.4,51,0.00,0.0
2026-01-02T01:00,16.5,40,2.7,12.7,14.0,17,0.00,0.0
2026-01-02T02:00,16.3,40,2.8,12.6,14.3,12,0.00,0.0
2026-01-02T03:00,16.0,42,3.2,12.6,13.0,0,0.00,0.0
2026-01-02T04:00,15.8,45,3.9,12.5,12.7,0,0.00,0.0
2026-01-02T05:00,15.6,49,5.1,12.7,11.9,0,0.00,0.0
2026-01-02T06:00,15.4,55,6.4,13.0,10.6,0,0.00,0.0
2026-01-02T07:00,14.9,58,6.8,12.5,11.2,0,0.00,0.0
2026-01-02T08:00,13.9,61,6.6,11.7,9.5,0,0.00,0.0
2026-01-02T09:00,13.6,61,6.2,11.5,7.8,0,0.00,8.0
2026-01-02T10:00,15.6,52,5.9,13.4,7.8,0,0.00,129.0
2026-01-02T11:00,18.0,44,5.4,15.7,7.8,0,0.00,300.0
2026-01-02T12:00,19.8,38,5.2,17.0,11.0,0,0.00,444.0
2026-01-02T13:00,21.9,33,4.9,19.6,7.0,0,0.00,538.0
2026-01-02T14:00,23.5,30,5.1,21.3,8.0,0,0.00,574.0
2026-01-02T15:00,24.3,29,5.3,21.8,9.5,0,0.00,544.0
2026-01-02T16:00,24.4,28,4.9,21.8,9.6,0,0.00,453.0
2026-01-02T17:00,24.0,28,4.3,21.2,9.7,0,0.00,312.0
2026-01-02T18:00,22.7,29,3.8,20.3,6.6,0,0.00,142.0
2026-01-02T19:00,20.0,30,2.0,17.4,5.3,0,0.00,13.0
2026-01-02T20:00,19.0,32,2.1,16.4,5.7,0,0.00,0.0
2026-01-02T21:00,17.6,38,3.0,15.2,5.5,0,0.00,0.0
2026-01-02T22:00,16.6,44,4.2,14.4,5.4,0,0.00,0.0
2026-01-02T23:00,15.9,48,4.9,13.9,5.0,0,0.00,0.0
2026-01-03T00:00,15.1,52,5.4,13.3,5.2,0,0.00,0.0
2026-01-03T01:00,14.3,55,5.3,12.7,3.3,0,0.00,0.0
2026-01-03T02:00,13.4,60,5.8,11.5,5.4,0,0.00,0.0
2026-01-03T03:00,13.1,66,6.8,10.5,11.8,2,0.00,0.0
2026-01-03T04:00,12.2,72,7.2,9.8,11.8,1,0.00,0.0
2026-01-03T05:00,11.4,78,7.7,8.9,13.2,0,0.00,0.0
2026-01-03T06:00,10.7,83,8.0,8.3,12.9,0,0.00,0.0
2026-01-03T07:00,10.2,89,8.4,7.6,14.8,0,0.00,0.0
2026-01-03T08:00,9.6,86,7.3,6.8,14.3,0,0.00,0.0
2026-01-03T09:00,9.1,82,6.3,6.2,13.6,0,0.00,8.0
2026-01-03T10:00,9.9,73,5.2,6.5,14.6,0,0.00,126.0
2026-01-03T11:00,11.0,63,4.2,7.6,13.9,0,0.00,295.0
2026-01-03T12:00,12.6,55,3.7,9.1,13.4,0,0.00,439.0
2026-01-03T13:00,14.8,48,4.0,11.5,12.6,0,0.00,535.0
2026-01-03T14:00,16.1,43,3.5,12.9,12.4,0,0.00,572.0
2026-01-03T15:00,17.0,39,2.8,13.6,11.7,0,0.00,544.0
2026-01-03T16:00,17.2,37,2.5,13.8,11.7,0,0.00,457.0
2026-01-03T17:00,17.0,38,2.3,13.4,12.3,32,0.00,317.0
2026-01-03T18:00,15.9,40,2.5,12.5,11.3,0,0.00,146.0
2026-01-03T19:00,14.9,44,2.6,12.1,7.2,0,0.00,13.0
2026-01-03T20:00,14.1,46,2.7,11.2,8.4,0,0.00,0.0
2026-01-03T21:00,13.4,48,2.5,10.3,9.1,0,0.00,0.0
2026-01-03T22:00,12.5,51,2.8,9.5,9.2,0,0.00,0.0
2026-01-03T23:00,11.6,56,3.0,8.8,8.0,0,0.00,0.0
2026-01-04T00:00,10.6,59,3.0,8.1,6.3,0,0.00,0.0
2026-01-04T01:00,8.9,64,2.3,6.8,2.3,0,0.00,0.0
2026-01-04T02:00,8.4,64,2.0,6.3,1.8,9,0.00,0.0
2026-01-04T03:00,7.8,66,1.8,5.7,2.0,0,0.00,0.0
2026-01-04T04:00,7.4,67,1.7,5.3,1.4,55,0.00,0.0
2026-01-04T05:00,6.8,71,1.9,4.5,3.6,96,0.00,0.0
2026-01-04T06:00,6.7,70,1.7,4.0,5.9,100,0.00,0.0
2026-01-04T07:00,4.9,75,0.8,2.5,2.9,100,0.00,0.0
2026-01-04T08:00,4.8,76,1.0,2.8,0.4,100,0.00,0.0
2026-01-04T09:00,5.0,75,0.9,2.6,3.0,100,0.00,7.0
2026-01-04T10:00,6.3,68,0.9,3.8,3.6,100,0.00,103.0
2026-01-04T11:00,8.4,61,1.2,5.9,4.1,83,0.00,238.0
2026-01-04T12:00,11.1,52,1.7,8.5,5.5,99,0.00,421.0
2026-01-04T13:00,14.1,50,3.7,11.6,6.6,100,0.00,502.0
2026-01-04T14:00,15.7,45,3.9,13.2,7.0,100,0.00,531.0
2026-01-04T15:00,16.5,43,3.9,13.9,8.3,100,0.00,436.0
2026-01-04T16:00,16.7,43,3.9,13.8,9.9,100,0.00,239.0
2026-01-04T17:00,17.0,42,4.0,14.2,9.5,100,0.00,180.0
2026-01-04T18:00,16.8,44,4.4,14.2,8.1,100,0.00,90.0
2026-01-04T19:00,15.8,48,4.9,13.4,8.1,100,0.00,11.0
2026-01-04T20:00,15.4,52,5.6,12.8,10.3,100,0.00,0.0
2026-01-04T21:00,14.8,57,6.2,12.3,10.6,100,0.00,0.0
2026-01-04T22:00,14.4,60,6.7,11.9,11.1,84,0.00,0.0
2026-01-04T23:00,13.8,64,7.1,11.3,12.2,38,0.00,0.0
2026-01-05T00:00,13.5,68,7.7,11.1,12.3,62,0.00,0.0
2026-01-05T01:00,12.1,73,7.4,9.8,11.4,87,0.00,0.0
2026-01-05T02:00,11.9,74,7.4,9.5,11.7,95,0.00,0.0
2026-01-05T03:00,11.8,75,7.4,9.2,12.8,52,0.00,0.0
2026-01-05T04:00,11.6,75,7.3,9.1,12.4,16,0.00,0.0
2026-01-05T05:00,11.4,76,7.3,8.9,12.1,18,0.00,0.0
2026-01-05T06:00,11.2,77,7.3,8.9,11.4,1,0.00,0.0
2026-01-05T07:00,11.1,81,8.1,8.8,12.5,1,0.00,0.0
2026-01-05T08:00,11.0,85,8.6,8.7,13.4,0,0.00,0.0
2026-01-05T09:00,11.2,87,9.1,9.0,13.8,0,0.00,8.0
2026-01-05T10:00,12.9,82,9.9,11.4,10.4,12,0.00,125.0
2026-01-05T11:00,15.0,77,11.1,13.3,13.7,66,0.00,299.0
2026-01-05T12:00,18.0,68,12.1,15.4,21.8,80,0.00,414.0
2026-01-05T13:00,17.9,75,13.3,16.0,20.1,95,0.00,459.0
2026-01-05T14:00,19.7,67,13.3,18.2,17.3,4,0.00,365.0
2026-01-05T15:00,21.1,63,13.8,19.8,17.0,19,0.00,547.0
2026-01-05T16:00,21.6,61,13.9,20.3,17.5,52,0.00,457.0
2026-01-05T17:00,21.5,62,13.8,20.3,16.7,46,0.00,313.0
2026-01-05T18:00,20.7,65,13.9,20.0,13.5,91,0.00,147.0
2026-01-05T19:00,18.9,72,13.7,18.3,12.4,99,0.00,15.0
2026-01-05T20:00,18.5,73,13.6,17.6,13.7,99,0.00,0.0
2026-01-05T21:00,18.3,75,13.8,17.4,14.4,100,0.00,0.0
2026-01-05T22:00,18.4,77,14.2,17.7,14.6,100,0.00,0.0
2026-01-05T23:00,18.4,78,14.5,17.8,14.1,100,0.00,0.0
2026-01-06T00:00,18.2,79,14.6,17.8,13.8,91,0.00,0.0
2026-01-06T01:00,17.7,83,14.7,17.1,14.6,49,0.00,0.0
2026-01-06T02:00,17.3,84,14.6,16.8,14.1,41,0.00,0.0
2026-01-06T03:00,17.0,85,14.4,16.4,13.8,99,0.00,0.0
2026-01-06T04:00,17.0,83,14.1,16.6,12.1,45,0.00,0.0
2026-01-06T05:00,16.5,81,13.2,15.9,10.6,30,0.00,0.0
2026-01-06T06:00,15.8,74,11.1,14.6,10.1,9,0.00,0.0
2026-01-06T07:00,15.9,67,9.9,14.5,9.9,96,0.00,0.0
2026-01-06T08:00,15.1,58,6.8,12.9,9.8,98,0.00,0.0
2026-01-06T09:00,14.6,50,4.3,11.7,10.7,97,0.00,8.0
2026-01-06T10:00,16.0,41,2.8,12.8,10.9,98,0.00,113.0
2026-01-06T11:00,17.3,34,1.5,13.8,11.3,80,0.00,263.0
2026-01-06T12:00,18.8,29,0.5,15.1,11.0,96,0.00,438.0
2026-01-06T13:00,21.1,25,0.1,17.5,10.2,35,0.00,548.0
2026-01-06T14:00,22.8,22,-0.1,19.5,10.0,31,0.00,604.0
2026-01-06T15:00,23.8,21,0.2,20.5,9.2,8,0.00,575.0
2026-01-06T16:00,24.1,21,0.7,20.8,8.9,0,0.00,483.0
2026-01-06T17:00,23.9,22,1.0,20.6,9.1,0,0.00,338.0
2026-01-06T18:00,22.0,29,3.3,19.7,5.4,0,0.00,160.0
2026-01-06T19:00,19.4,37,4.3,17.2,5.2,0,0.00,17.0
2026-01-06T20:00,18.2,37,3.4,15.7,6.6,5,0.00,0.0
2026-01-06T21:00,17.2,36,2.0,14.4,7.0,0,0.00,0.0
2026-01-06T22:00,15.8,40,2.3,13.1,6.5,0,0.00,0.0
2026-01-06T23:00,14.6,46,3.2,12.3,5.0,1,0.00,0.0
2026-01-07T00:00,13.6,49,3.0,11.5,3.9,3,0.00,0.0
2026-01-07T01:00,11.9,52,2.4,9.6,3.9,63,0.00,0.0
2026-01-07T02:00,10.4,57,2.2,8.1,4.3,100,0.00,0.0
2026-01-07T03:00,10.1,59,2.5,7.9,3.3,100,0.00,0.0
2026-01-07T04:00,10.1,61,2.8,8.4,0.5,99,0.00,0.0
2026-01-07T05:00,9.4,63,2.6,7.6,0.6,100,0.00,0.0
2026-01-07T06:00,9.2,64,2.8,7.4,0.6,99,0.00,0.0
2026-01-07T07:00,7.8,74,3.5,6.2,0.5,99,0.00,0.0
2026-01-07T08:00,7.0,75,2.8,5.0,2.1,100,0.00,0.0
2026-01-07T09:00,7.4,75,3.2,5.4,3.2,59,0.00,8.0
2026-01-07T10:00,9.8,63,3.0,7.3,6.0,90,0.00,128.0
2026-01-07T11:00,12.9,54,3.8,10.9,3.3,94,0.00,300.0
2026-01-07T12:00,16.0,45,4.2,14.0,4.3,99,0.00,450.0
2026-01-07T13:00,21.0,33,4.2,18.6,7.3,100,0.00,543.0
2026-01-07T14:00,23.5,28,3.9,21.0,8.2,100,0.00,562.0
2026-01-07T15:00,25.0,25,3.4,22.0,9.7,100,0.00,487.0
2026-01-07T16:00,25.5,23,3.0,22.3,10.3,100,0.00,319.0
2026-01-07T17:00,25.7,25,4.1,22.6,11.9,100,0.00,300.0
2026-01-07T18:00,24.0,31,5.8,21.7,8.9,97,0.00,129.0
2026-01-07T19:00,22.9,36,7.2,20.5,11.4,100,0.00,16.0
2026-01-07T20:00,22.2,51,11.6,20.4,16.2,100,0.00,0.0
2026-01-07T21:00,21.4,72,16.0,21.1,16.6,100,0.00,0.0
2026-01-07T22:00,21.0,78,17.0,21.2,16.0,100,0.00,0.0
2026-01-07T23:00,21.0,78,17.0,21.1,16.6,100,0.00,0.0
2026-01-08T00:00,20.9,77,16.7,20.8,16.8,100,0.00,0.0
2026-01-08T01:00,20.4,80,16.8,20.4,16.0,100,0.00,0.0
2026-01-08T02:00,20.2,79,16.5,20.1,16.2,100,0.00,0.0
2026-01-08T03:00,19.8,84,17.0,19.7,17.5,100,0.00,0.0
2026-01-08T04:00,19.8,87,17.5,19.8,18.4,100,0.00,0.0
2026-01-08T05:00,19.7,86,17.2,19.5,18.9,100,0.00,0.0
2026-01-08T06:00,19.8,84,17.0,19.3,20.5,100,0.00,0.0
2026-01-08T07:00,20.2,80,16.6,19.0,24.0,88,0.00,0.0
2026-01-08T08:00,20.6,78,16.7,19.3,25.1,53,0.00,0.0
2026-01-08T09:00,20.7,79,17.0,20.2,20.2,100,0.20,5.0
2026-01-08T10:00,20.5,81,17.0,20.2,19.4,98,0.30,29.0
2026-01-08T11:00,21.8,74,16.9,22.0,14.9,100,0.00,116.0
2026-01-08T12:00,22.7,68,16.6,22.0,20.8,26,0.10,214.0
2026-01-08T13:00,24.4,54,14.4,22.8,20.7,24,0.00,476.0
2026-01-08T14:00,25.8,32,7.9,21.8,23.5,84,0.00,542.0
2026-01-08T15:00,25.4,30,6.7,21.4,21.7,100,0.00,537.0
2026-01-08T16:00,25.0,30,6.0,21.0,20.4,100,0.00,425.0
2026-01-08T17:00,24.5,29,5.3,21.0,16.7,100,0.00,253.0
2026-01-08T18:00,23.5,32,5.8,20.6,13.0,100,0.00,119.0
2026-01-08T19:00,22.1,33,5.2,19.3,11.6,100,0.00,15.0
2026-01-08T20:00,20.9,37,5.5,18.5,8.9,100,0.00,0.0
2026-01-08T21:00,20.0,39,5.4,17.3,10.3,58,0.00,0.0
2026-01-08T22:00,19.4,38,4.8,16.4,11.7,6,0.00,0.0
2026-01-08T23:00,18.7,39,4.6,15.8,10.7,0,0.00,0.0
2026-01-09T00:00,17.8,42,4.6,15.0,9.7,62,0.00,0.0
2026-01-09T01:00,15.6,50,5.3,13.6,6.4,98,0.00,0.0
2026-01-09T02:00,15.2,50,4.9,12.7,8.9,100,0.00,0.0
2026-01-09T03:00,14.2,53,4.7,11.4,10.7,0,0.00,0.0
2026-01-09T04:00,12.6,61,5.2,10.6,5.2,11,0.00,0.0
2026-01-09T05:00,11.6,67,5.8,9.6,6.9,94,0.00,0.0
2026-01-09T06:00,10.8,75,6.5,8.8,7.7,95,0.00,0.0
2026-01-09T07:00,10.4,72,5.7,8.5,6.1,100,0.00,0.0
2026-01-09T08:00,9.6,77,5.8,7.8,4.5,100,0.00,0.0
2026-01-09T09:00,9.6,77,5.8,8.1,3.3,100,0.00,6.0
2026-01-09T10:00,10.8,71,5.7,9.0,4.7,100,0.00,98.0
2026-01-09T11:00,12.5,63,5.6,11.0,3.1,100,0.00,238.0
2026-01-09T12:00,14.6,55,5.8,13.0,4.4,100,0.00,385.0
2026-01-09T13:00,16.4,51,6.3,14.4,7.2,22,0.00,505.0
2026-01-09T14:00,18.0,47,6.4,16.5,5.8,95,0.00,591.0
2026-01-09T15:00,19.0,45,6.6,17.9,1.3,100,0.00,491.0
2026-01-09T16:00,19.5,43,6.7,18.4,1.1,95,0.00,346.0
2026-01-09T17:00,19.1,45,6.8,18.0,2.7,100,0.00,185.0
2026-01-09T18:00,18.6,62,11.3,19.0,0.5,65,0.00,90.0
2026-01-09T19:00,16.8,67,10.6,17.0,0.4,88,0.00,16.0
2026-01-09T20:00,16.4,66,9.9,15.9,3.0,99,0.00,0.0
2026-01-09T21:00,16.1,69,10.6,16.1,1.3,41,0.00,0.0
2026-01-09T22:00,15.4,71,10.1,15.4,0.7,0,0.00,0.0
2026-01-09T23:00,13.9,76,9.6,13.2,4.4,1,0.00,0.0
2026-01-10T00:00,13.6,71,8.4,11.0,14.6,0,0.00,0.0
2026-01-10T01:00,12.4,68,6.7,8.6,19.9,0,0.00,0.0
2026-01-10T02:00,10.6,71,5.7,6.5,20.9,0,0.00,0.0
2026-01-10T03:00,9.1,67,3.3,4.5,21.2,0,0.00,0.0
2026-01-10T04:00,7.3,66,1.5,2.2,22.1,1,0.00,0.0
2026-01-10T05:00,5.9,70,0.8,0.8,21.4,8,0.00,0.0
2026-01-10T06:00,5.4,70,0.4,0.5,19.5,0,0.00,0.0
2026-01-10T07:00,4.8,71,0.0,-0.5,22.2,2,0.00,0.0
2026-01-10T08:00,4.8,70,-0.2,-0.3,19.8,42,0.00,0.0
2026-01-10T09:00,4.6,70,-0.5,-0.6,20.5,45,0.00,7.0
2026-01-10T10:00,5.2,64,-1.1,-0.3,22.0,10,0.00,118.0
2026-01-10T11:00,6.5,56,-1.6,0.8,22.9,2,0.00,276.0
2026-01-10T12:00,8.1,48,-2.2,2.5,21.0,0,0.00,438.0
2026-01-10T13:00,9.6,42,-2.5,4.3,20.0,0,0.00,564.0
2026-01-10T14:00,11.1,36,-3.2,5.9,20.2,0,0.00,605.0
2026-01-10T15:00,11.8,29,-5.7,6.3,19.4,0,0.00,581.0
2026-01-10T16:00,11.9,25,-7.4,6.1,19.4,0,0.00,496.0
2026-01-10T17:00,11.6,22,-9.2,5.7,18.6,0,0.00,353.0
2026-01-10T18:00,10.9,19,-11.6,4.9,17.9,0,0.00,175.0
2026-01-10T19:00,9.6,23,-10.4,4.5,12.5,0,0.00,22.0
2026-01-10T20:00,8.9,23,-11.1,4.0,11.1,0,0.00,0.0
2026-01-10T21:00,8.0,26,-10.4,3.4,9.4,0,0.00,0.0
2026-01-10T22:00,7.2,30,-9.5,2.7,8.6,0,0.00,0.0
2026-01-10T23:00,6.6,32,-9.1,2.2,8.4,2,0.00,0.0
2026-01-11T00:00,6.2,34,-8.6,1.7,8.6,2,0.00,0.0
2026-01-11T01:00,4.2,39,-8.6,-0.2,8.5,7,0.00,0.0
2026-01-11T02:00,3.6,42,-8.2,-0.8,9.0,9,0.00,0.0
2026-01-11T03:00,3.5,43,-7.8,-0.9,9.1,32,0.00,0.0
2026-01-11T04:00,3.5,44,-7.7,-0.8,9.0,51,0.00,0.0
2026-01-11T05:00,3.5,43,-7.8,-0.8,8.7,13,0.00,0.0
2026-01-11T06:00,3.5,43,-8.0,-0.8,8.5,100,0.00,0.0
2026-01-11T07:00,3.2,44,-7.9,-1.1,9.0,48,0.00,0.0
2026-01-11T08:00,3.1,46,-7.5,-1.2,8.4,34,0.00,0.0
2026-01-11T09:00,3.8,45,-7.1,-1.0,12.2,8,0.00,9.0
2026-01-11T10:00,5.3,43,-6.4,0.7,11.2,0,0.00,134.0
2026-01-11T11:00,7.2,40,-5.7,2.4,13.1,2,0.00,313.0
2026-01-11T12:00,8.9,40,-4.1,4.4,12.9,0,0.00,464.0
2026-01-11T13:00,11.9,34,-3.4,7.9,10.6,13,0.00,564.0
2026-01-11T14:00,13.6,31,-3.2,10.1,8.8,62,0.00,603.0
2026-01-11T15:00,14.6,30,-2.8,11.0,8.3,14,0.00,576.0
2026-01-11T16:00,14.9,30,-2.6,11.2,8.0,27,0.00,487.0
2026-01-11T17:00,14.6,31,-2.3,11.0,8.2,13,0.00,345.0
2026-01-11T18:00,13.8,33,-2.0,10.3,7.2,21,0.00,169.0
2026-01-11T19:00,11.4,41,-1.3,8.3,5.4,25,0.00,22.0
2026-01-11T20:00,11.6,40,-1.6,8.2,6.5,52,0.00,0.0
2026-01-11T21:00,10.6,44,-1.3,7.5,5.5,99,0.00,0.0
2026-01-11T22:00,9.6,47,-1.2,6.6,5.0,100,0.00,0.0
2026-01-11T23:00,9.2,46,-1.9,6.1,5.2,100,0.00,0.0
2026-01-12T00:00,8.4,45,-2.8,5.2,4.8,94,0.00,0.0
2026-01-12T01:00,6.8,49,-3.3,3.6,4.0,84,0.00,0.0
2026-01-12T02:00,5.8,52,-3.3,2.5,4.9,78,0.00,0.0
2026-01-12T03:00,5.4,56,-2.7,2.2,4.8,93,0.00,0.0
2026-01-12T04:00,4.8,61,-2.0,1.8,4.5,84,0.00,0.0
2026-01-12T05:00,4.4,66,-1.4,1.6,3.6,100,0.00,0.0
2026-01-12T06:00,4.2,70,-0.9,1.5,2.8,99,0.00,0.0
2026-01-12T07:00,2.8,73,-1.5,-0.1,3.6,53,0.00,0.0
2026-01-12T08:00,1.8,78,-1.6,-1.3,4.8,51,0.00,0.0
2026-01-12T09:00,2.2,75,-1.8,-0.9,4.4,99,0.00,9.0
2026-01-12T10:00,4.3,64,-1.9,1.2,4.9,100,0.00,121.0
2026-01-12T11:00,6.9,52,-2.2,4.0,3.6,100,0.00,259.0
2026-01-12T12:00,9.8,44,-1.9,6.7,4.4,77,0.00,413.0
2026-01-12T13:00,13.2,37,-1.1,10.2,5.4,53,0.00,541.0
2026-01-12T14:00,15.6,31,-1.4,12.6,6.6,9,0.00,605.0
2026-01-12T15:00,17.0,27,-2.0,13.8,6.6,2,0.00,585.0
2026-01-12T16:00,17.6,24,-3.0,14.1,6.7,53,0.00,496.0
2026-01-12T17:00,17.5,23,-3.8,14.0,6.0,95,0.00,352.0
2026-01-12T18:00,16.6,24,-3.8,13.5,3.3,77,0.00,160.0
2026-01-12T19:00,14.3,29,-3.5,11.1,4.1,0,0.00,22.0
2026-01-12T20:00,13.8,30,-3.7,10.3,5.7,95,0.00,0.0
2026-01-12T21:00,12.8,32,-3.3,9.3,6.1,100,0.00,0.0
2026-01-12T22:00,12.1,37,-2.0,8.3,9.4,100,0.00,0.0
2026-01-12T23:00,11.1,42,-1.3,7.4,10.1,15,0.00,0.0
2026-01-13T00:00,10.6,42,-1.9,6.6,11.2,98,0.00,0.0
2026-01-13T01:00,8.9,49,-1.3,5.0,10.5,100,0.00,0.0
2026-01-13T02:00,7.8,53,-1.3,4.3,8.2,90,0.00,0.0
2026-01-13T03:00,7.1,55,-1.4,3.7,7.1,16,0.00,0.0
2026-01-13T04:00,6.6,56,-1.6,3.0,8.2,68,0.00,0.0
2026-01-13T05:00,6.3,55,-2.2,2.6,8.4,88,0.00,0.0
2026-01-13T06:00,6.2,53,-2.7,2.5,8.4,99,0.00,0.0
2026-01-13T07:00,6.6,55,-1.8,2.9,9.0,100,0.00,0.0
2026-01-13T08:00,6.6,56,-1.5,3.0,8.2,100,0.00,0.0
2026-01-13T09:00,6.4,58,-1.2,3.1,7.2,100,0.00,7.0
2026-01-13T10:00,7.9,55,-0.6,4.5,8.5,100,0.00,104.0
2026-01-13T11:00,9.8,48,-0.6,6.5,7.7,77,0.00,198.0
2026-01-13T12:00,13.1,37,-1.5,9.2,10.4,99,0.00,437.0
2026-01-13T13:00,15.8,31,-1.5,11.8,11.3,83,0.00,495.0
2026-01-13T14:00,17.5,23,-3.8,12.9,12.7,52,0.00,525.0
2026-01-13T15:00,18.5,21,-4.4,13.8,14.3,13,0.00,569.0
2026-01-13T16:00,18.4,24,-2.5,13.7,15.4,20,0.00,469.0
2026-01-13T17:00,17.7,32,1.0,13.7,13.9,14,0.00,345.0
2026-01-13T18:00,16.6,38,2.1,12.9,13.0,23,0.00,147.0
2026-01-13T19:00,13.9,44,1.9,10.0,14.3,49,0.00,18.0
2026-01-13T20:00,12.6,54,3.4,9.2,12.2,20,0.00,0.0
2026-01-13T21:00,12.1,60,4.5,8.9,12.4,19,0.00,0.0
2026-01-13T22:00,11.8,63,4.9,9.1,10.3,9,0.00,0.0
2026-01-13T23:00,11.4,63,4.6,8.2,13.0,0,0.00,0.0
2026-01-14T00:00,11.0,62,4.1,8.1,10.1,27,0.00,0.0
2026-01-14T01:00,9.6,67,3.7,6.4,11.2,84,0.00,0.0
2026-01-14T02:00,9.0,69,3.7,6.1,9.9,47,0.00,0.0
2026-01-14T03:00,8.5,72,3.7,5.7,8.8,98,0.00,0.0
2026-01-14T04:00,8.2,73,3.6,5.4,8.9,100,0.00,0.0
2026-01-14T05:00,8.4,72,3.6,5.4,10.3,98,0.00,0.0
2026-01-14T06:00,9.6,64,3.2,6.0,14.4,95,0.00,0.0
2026-01-14T07:00,11.8,54,2.8,7.4,19.1,100,0.00,0.0
2026-01-14T08:00,12.2,53,3.0,7.9,18.7,80,0.00,0.0
2026-01-14T09:00,12.2,53,2.8,7.4,22.0,30,0.00,6.0
2026-01-14T10:00,12.6,50,2.6,8.3,18.6,12,0.00,127.0
2026-01-14T11:00,13.7,46,2.2,8.3,25.1,0,0.00,309.0
2026-01-14T12:00,14.4,42,1.8,8.7,26.2,0,0.00,462.0
2026-01-14T13:00,15.4,36,0.6,10.0,23.9,0,0.00,564.0
2026-01-14T14:00,15.9,34,0.1,10.4,24.7,4,0.00,605.0
2026-01-14T15:00,16.2,32,-0.6,10.3,26.4,20,0.00,576.0
2026-01-14T16:00,15.5,33,-0.9,9.4,26.3,80,0.00,457.0
2026-01-14T17:00,14.1,35,-1.0,8.2,25.4,82,0.00,277.0
2026-01-14T18:00,12.8,39,-0.9,7.0,23.7,100,0.00,94.0
2026-01-14T19:00,11.1,43,-1.1,5.9,19.9,44,0.00,20.0
2026-01-14T20:00,10.6,43,-1.5,5.9,16.3,27,0.00,0.0
2026-01-14T21:00,10.8,43,-1.4,6.0,16.3,8,0.00,0.0
2026-01-14T22:00,9.9,50,0.0,4.9,20.1,3,0.00,0.0
2026-01-14T23:00,9.1,53,0.1,4.5,17.1,8,0.00,0.0
2026-01-15T00:00,8.6,49,-1.5,3.8,16.3,3,0.00,0.0
2026-01-15T01:00,6.2,58,-1.6,1.8,13.6,0,0.00,0.0
2026-01-15T02:00,5.4,61,-1.5,1.4,11.1,0,0.00,0.0
2026-01-15T03:00,4.7,63,-1.8,1.0,9.0,0,0.00,0.0
2026-01-15T04:00,4.0,64,-2.2,0.5,7.6,0,0.00,0.0
2026-01-15T05:00,3.2,66,-2.5,-0.4,8.1,0,0.00,0.0
2026-01-15T06:00,2.7,67,-3.0,-1.1,8.1,0,0.00,0.0
2026-01-15T07:00,1.5,67,-4.1,-2.2,6.6,0,0.00,0.0
2026-01-15T08:00,0.6,68,-4.7,-2.9,4.8,0,0.00,0.0
2026-01-15T09:00,0.6,66,-5.1,-3.2,7.0,0,0.00,9.0
2026-01-15T10:00,2.2,59,-4.9,-1.0,3.5,0,0.00,137.0
2026-01-15T11:00,4.7,50,-4.9,1.4,3.6,0,0.00,314.0
2026-01-15T12:00,7.1,43,-4.8,3.5,5.7,1,0.00,464.0
2026-01-15T13:00,9.9,38,-3.8,6.5,5.6,0,0.00,565.0
2026-01-15T14:00,11.7,35,-3.3,8.4,7.0,0,0.00,607.0
2026-01-15T15:00,13.0,33,-3.0,9.3,9.6,0,0.00,585.0
2026-01-15T16:00,14.1,31,-2.8,9.9,11.5,0,0.00,500.0
2026-01-15T17:00,14.8,30,-2.5,10.2,14.0,0,0.00,360.0
2026-01-15T18:00,14.2,33,-1.8,9.8,14.5,0,0.00,184.0
2026-01-15T19:00,12.9,40,-0.5,8.8,13.1,0,0.00,28.0
2026-01-15T20:00,12.1,42,-0.3,7.9,13.9,0,0.00,0.0
2026-01-15T21:00,11.8,42,-0.6,7.4,14.4,0,0.00,0.0
2026-01-15T22:00,11.4,43,-0.9,7.0,14.8,0,0.00,0.0
2026-01-15T23:00,11.3,43,-0.8,6.7,15.9,0,0.00,0.0
2026-01-16T00:00,11.4,43,-0.6,6.9,15.7,0,0.00,0.0
2026-01-16T01:00,10.3,47,-0.5,5.9,15.3,0,0.00,0.0
2026-01-16T02:00,10.1,49,-0.1,5.9,14.3,0,0.00,0.0
2026-01-16T03:00,10.2,49,0.1,6.2,13.3,0,0.00,0.0
2026-01-16T04:00,10.4,48,-0.2,6.4,13.0,0,0.00,0.0
2026-01-16T05:00,10.4,47,-0.3,6.4,12.5,0,0.00,0.0
2026-01-16T06:00,10.1,47,-0.6,6.1,12.6,0,0.00,0.0
2026-01-16T07:00,10.4,47,-0.4,6.4,12.4,0,0.00,0.0
2026-01-16T08:00,8.9,55,0.2,5.6,8.0,0,0.00,0.0
2026-01-16T09:00,8.6,58,0.8,5.5,7.0,0,0.00,9.0
2026-01-16T10:00,10.4,53,1.4,6.4,14.8,0,0.00,136.0
2026-01-16T11:00,10.1,51,0.4,4.6,23.7,0,0.00,314.0
2026-01-16T12:00,11.4,45,-0.1,6.4,19.9,0,0.00,466.0
2026-01-16T13:00,13.0,40,-0.3,8.0,19.9,9,0.00,569.0
2026-01-16T14:00,13.8,37,-0.6,9.2,18.2,20,0.00,611.0
2026-01-16T15:00,14.2,32,-2.3,9.4,17.1,89,0.00,589.0
2026-01-16T16:00,14.4,27,-4.6,9.2,16.8,72,0.00,501.0
2026-01-16T17:00,14.0,23,-6.8,8.8,15.5,12,0.00,362.0
2026-01-16T18:00,13.1,24,-7.2,8.3,12.0,0,0.00,190.0
2026-01-16T19:00,11.9,25,-7.4,7.4,10.3,0,0.00,30.0
2026-01-16T20:00,10.9,28,-6.9,6.4,10.1,0,0.00,0.0
2026-01-16T21:00,9.9,29,-7.2,5.6,9.2,0,0.00,0.0
2026-01-16T22:00,9.4,25,-9.7,4.6,11.2,0,0.00,0.0
2026-01-16T23:00,8.4,25,-10.5,3.9,8.0,0,0.00,0.0
2026-01-17T00:00,7.8,24,-11.6,2.8,10.8,0,0.00,0.0
2026-01-17T01:00,6.5,23,-13.0,1.3,11.6,0,0.00,0.0
2026-01-17T02:00,5.4,25,-13.1,0.3,11.5,0,0.00,0.0
2026-01-17T03:00,4.7,27,-12.8,-0.4,11.1,0,0.00,0.0
2026-01-17T04:00,4.1,28,-12.8,-1.1,11.5,0,0.00,0.0
2026-01-17T05:00,3.7,29,-12.9,-1.5,12.0,25,0.00,0.0
2026-01-17T06:00,3.8,27,-13.5,-1.8,14.3,96,0.00,0.0
2026-01-17T07:00,4.0,28,-12.9,-1.5,13.8,98,0.00,0.0
2026-01-17T08:00,3.8,32,-11.4,-1.3,12.5,98,0.00,0.0
2026-01-17T09:00,3.6,38,-9.5,-1.3,11.7,100,0.00,7.0
2026-01-17T10:00,3.8,43,-7.7,-1.2,13.9,100,0.00,90.0
2026-01-17T11:00,4.3,47,-6.0,-0.6,14.0,100,0.00,188.0
2026-01-17T12:00,4.7,46,-6.1,-0.5,15.6,100,0.00,282.0
2026-01-17T13:00,4.8,37,-8.7,-0.3,14.1,100,0.00,367.0
2026-01-17T14:00,5.8,27,-11.9,0.5,13.4,99,0.00,382.0
2026-01-17T15:00,6.5,21,-14.1,1.1,12.8,100,0.00,470.0
2026-01-17T16:00,7.0,19,-15.0,1.3,14.3,100,0.00,439.0
2026-01-17T17:00,6.7,21,-14.3,0.8,16.4,100,0.00,303.0
2026-01-17T18:00,6.1,23,-13.4,0.5,13.9,100,0.00,156.0
2026-01-17T19:00,5.7,22,-14.2,0.8,8.9,88,0.00,22.0
2026-01-17T20:00,4.7,25,-13.4,0.0,8.1,5,0.00,0.0
2026-01-17T21:00,4.3,28,-12.6,-0.6,9.7,1,0.00,0.0
2026-01-17T22:00,3.7,26,-14.1,-1.5,10.9,0,0.00,0.0
2026-01-17T23:00,2.7,23,-16.2,-2.2,8.2,0,0.00,0.0
2026-01-18T00:00,1.3,37,-11.9,-2.8,4.5,0,0.00,0.0
2026-01-18T01:00,-0.6,37,-13.5,-5.2,7.8,0,0.00,0.0
2026-01-18T02:00,-1.5,40,-13.4,-6.1,7.9,0,0.00,0.0
2026-01-18T03:00,-2.2,39,-14.5,-7.1,8.7,0,0.00,0.0
2026-01-18T04:00,-2.8,39,-14.9,-7.5,7.3,0,0.00,0.0
2026-01-18T05:00,-3.3,40,-15.1,-7.9,6.3,0,0.00,0.0
2026-01-18T06:00,-3.7,40,-15.2,-8.0,5.4,0,0.00,0.0
2026-01-18T07:00,-4.5,48,-13.9,-8.5,3.1,0,0.00,0.0
2026-01-18T08:00,-4.9,46,-14.9,-9.1,3.9,0,0.00,0.0
2026-01-18T09:00,-4.9,43,-15.6,-9.2,4.8,0,0.00,10.0
2026-01-18T10:00,-2.8,39,-14.9,-7.2,5.7,0,0.00,142.0
2026-01-18T11:00,0.3,34,-13.9,-4.2,7.3,0,0.00,328.0
2026-01-18T12:00,3.4,30,-12.7,-1.2,8.2,0,0.00,487.0
2026-01-18T13:00,7.7,27,-10.1,3.3,9.1,0,0.00,591.0
2026-01-18T14:00,10.6,25,-8.4,6.5,10.1,0,0.00,631.0
2026-01-18T15:00,12.9,23,-7.7,8.6,10.9,0,0.00,606.0
2026-01-18T16:00,14.6,21,-7.3,10.2,9.9,0,0.00,520.0
2026-01-18T17:00,15.4,20,-7.2,11.4,7.3,0,0.00,376.0
2026-01-18T18:00,14.1,37,-0.4,11.7,1.9,0,0.00,196.0
2026-01-18T19:00,13.2,30,-3.8,10.4,1.3,0,0.00,33.0
2026-01-18T20:00,12.1,35,-3.0,9.1,2.9,0,0.00,0.0
2026-01-18T21:00,10.8,38,-3.2,7.6,3.8,0,0.00,0.0
2026-01-18T22:00,9.6,39,-3.6,6.4,4.2,0,0.00,0.0
2026-01-18T23:00,8.4,39,-4.7,4.7,6.0,0,0.00,0.0
2026-01-19T00:00,7.7,40,-5.1,3.9,6.6,0,0.00,0.0
2026-01-19T01:00,6.4,37,-7.2,2.3,8.0,0,0.00,0.0
2026-01-19T02:00,5.7,41,-6.6,1.5,8.1,0,0.00,0.0
2026-01-19T03:00,4.5,46,-6.0,0.8,5.7,59,0.00,0.0
2026-01-19T04:00,3.5,53,-5.2,0.0,5.1,91,0.00,0.0
2026-01-19T05:00,3.2,53,-5.4,-0.4,5.2,100,0.00,0.0
2026-01-19T06:00,2.8,57,-4.8,-0.3,2.7,98,0.00,0.0
2026-01-19T07:00,1.8,62,-4.8,-1.6,3.8,27,0.00,0.0
2026-01-19T08:00,1.2,64,-4.9,-2.3,4.9,85,0.00,0.0
2026-01-19T09:00,2.1,65,-3.7,-1.3,5.6,30,0.00,10.0
2026-01-19T10:00,4.4,55,-3.7,0.7,7.7,6,0.00,137.0
2026-01-19T11:00,6.2,42,-5.8,1.7,11.5,15,0.00,326.0
2026-01-19T12:00,7.5,41,-4.9,2.9,12.5,20,0.00,482.0
2026-01-19T13:00,9.9,39,-3.5,5.2,15.6,43,0.00,586.0
2026-01-19T14:00,10.9,37,-3.4,6.3,16.6,5,0.00,623.0
2026-01-19T15:00,11.2,34,-4.0,6.4,17.0,12,0.00,605.0
2026-01-19T16:00,11.0,32,-5.1,5.6,17.8,32,0.00,517.0
2026-01-19T17:00,10.1,30,-6.9,4.4,18.2,10,0.00,369.0
2026-01-19T18:00,8.8,27,-9.1,3.1,16.7,34,0.00,197.0
2026-01-19T19:00,6.9,24,-12.5,1.4,14.3,52,0.00,33.0
2026-01-19T20:00,5.9,26,-12.0,0.8,12.2,45,0.00,0.0
2026-01-19T21:00,5.1,30,-11.1,-0.1,12.6,80,0.00,0.0
2026-01-19T22:00,4.0,33,-10.7,-1.2,12.8,83,0.00,0.0
2026-01-19T23:00,3.6,37,-9.7,-1.3,11.6,100,0.00,0.0
2026-01-20T00:00,2.8,41,-9.1,-2.2,12.1,2,0.00,0.0
2026-01-20T01:00,1.3,47,-8.8,-3.5,11.1,8,0.00,0.0
2026-01-20T02:00,0.7,50,-8.4,-3.7,9.1,0,0.00,0.0
2026-01-20T03:00,0.2,54,-8.0,-4.2,8.5,0,0.00,0.0
2026-01-20T04:00,-0.2,58,-7.6,-4.2,6.7,34,0.00,0.0
2026-01-20T05:00,-0.6,61,-7.2,-4.5,6.4,90,0.00,0.0
2026-01-20T06:00,-0.9,63,-7.1,-4.9,7.1,99,0.00,0.0
2026-01-20T07:00,-1.0,58,-8.2,-5.0,6.0,100,0.00,0.0
2026-01-20T08:00,-1.1,61,-7.7,-4.7,4.0,95,0.00,0.0
2026-01-20T09:00,-1.0,62,-7.5,-4.6,3.8,68,0.00,9.0
2026-01-20T10:00,0.2,53,-8.3,-3.3,2.9,0,0.00,133.0
2026-01-20T11:00,2.2,44,-8.9,-1.4,2.4,0,0.00,322.0
2026-01-20T12:00,4.2,38,-8.7,1.0,0.7,0,0.00,479.0
2026-01-20T13:00,6.3,38,-7.0,3.3,2.0,0,0.00,583.0
2026-01-20T14:00,8.8,33,-6.7,5.8,3.5,0,0.00,624.0
2026-01-20T15:00,10.2,31,-6.2,7.0,4.5,4,0.00,599.0
2026-01-20T16:00,11.1,31,-5.6,7.5,5.4,9,0.00,511.0
2026-01-20T17:00,11.4,31,-4.9,7.7,6.5,41,0.00,345.0
2026-01-20T18:00,11.6,32,-4.4,7.8,7.3,59,0.00,153.0
2026-01-20T19:00,11.1,39,-2.3,7.9,5.0,98,0.00,27.0
2026-01-20T20:00,11.7,39,-1.8,8.0,9.3,100,0.00,0.0
2026-01-20T21:00,11.9,46,0.8,8.3,11.4,100,0.00,0.0
2026-01-20T22:00,11.9,48,1.3,8.5,10.8,100,0.00,0.0
2026-01-20T23:00,12.2,48,1.5,8.5,12.5,100,0.00,0.0
2026-01-21T00:00,12.4,53,3.0,8.8,13.6,100,0.00,0.0
2026-01-21T01:00,12.1,56,3.7,8.6,13.6,100,0.00,0.0
2026-01-21T02:00,11.8,63,5.0,8.8,12.0,100,0.10,0.0
2026-01-21T03:00,11.6,69,6.2,9.0,11.6,100,0.10,0.0
2026-01-21T04:00,11.8,75,7.4,9.5,11.2,100,0.00,0.0
2026-01-21T05:00,11.8,82,8.9,10.3,8.6,100,0.30,0.0
2026-01-21T06:00,11.6,87,9.6,10.6,6.8,100,0.10,0.0
2026-01-21T07:00,11.0,93,9.9,9.3,11.3,100,0.00,0.0
2026-01-21T08:00,11.2,92,9.9,9.8,9.2,62,0.00,0.0
2026-01-21T09:00,10.6,94,9.8,9.7,6.3,19,0.00,7.0
2026-01-21T10:00,12.2,90,10.7,12.0,3.3,91,0.10,119.0
2026-01-21T11:00,13.8,83,11.1,13.7,2.6,100,0.10,207.0
2026-01-21T12:00,14.4,78,10.6,14.0,3.9,63,0.00,164.0
2026-01-21T13:00,15.1,73,10.2,14.3,6.0,21,0.00,389.0
2026-01-21T14:00,16.6,63,9.5,15.3,7.9,76,0.00,537.0
2026-01-21T15:00,17.0,58,8.8,15.8,6.5,100,0.00,475.0
2026-01-21T16:00,17.6,54,8.2,16.4,4.8,4,0.00,467.0
2026-01-21T17:00,17.6,52,7.8,16.0,7.6,9,0.00,365.0
2026-01-21T18:00,16.8,54,7.4,14.8,9.0,0,0.00,189.0
2026-01-21T19:00,15.4,57,7.0,13.6,6.4,6,0.00,36.0
2026-01-21T20:00,14.9,57,6.3,12.7,8.7,1,0.00,0.0
2026-01-21T21:00,13.9,57,5.5,10.8,13.1,15,0.00,0.0
2026-01-21T22:00,12.9,53,3.4,9.6,11.7,30,0.00,0.0
2026-01-21T23:00,12.4,51,2.5,9.1,11.2,82,0.00,0.0
2026-01-22T00:00,11.6,52,2.0,8.3,10.6,95,0.00,0.0
2026-01-22T01:00,9.8,58,2.0,6.6,9.6,100,0.00,0.0
2026-01-22T02:00,8.7,61,1.6,5.5,9.2,100,0.00,0.0
2026-01-22T03:00,7.8,61,0.9,4.6,8.1,97,0.00,0.0
2026-01-22T04:00,7.0,62,0.2,3.8,7.5,36,0.00,0.0
2026-01-22T05:00,6.4,64,0.1,3.3,6.6,37,0.00,0.0
2026-01-22T06:00,5.8,70,0.6,3.0,4.7,57,0.00,0.0
2026-01-22T07:00,5.2,78,1.8,2.8,4.4,38,0.00,0.0
2026-01-22T08:00,4.9,84,2.3,2.5,4.7,96,0.00,0.0
2026-01-22T09:00,5.2,84,2.8,2.7,5.9,98,0.00,10.0
2026-01-22T10:00,6.7,78,3.2,4.4,4.7,96,0.00,115.0
2026-01-22T11:00,8.5,74,4.1,6.4,4.7,92,0.00,274.0
2026-01-22T12:00,10.5,69,4.9,8.5,5.6,99,0.00,425.0
2026-01-22T13:00,10.8,72,6.0,9.0,5.3,100,0.00,521.0
2026-01-22T14:00,12.1,67,6.3,10.6,4.4,100,0.00,458.0
2026-01-22T15:00,12.9,65,6.5,11.0,6.3,100,0.00,436.0
2026-01-22T16:00,13.1,65,6.8,11.2,7.5,100,0.00,368.0
2026-01-22T17:00,13.1,67,7.1,11.2,7.2,100,0.00,253.0
2026-01-22T18:00,12.4,71,7.2,10.6,7.4,100,0.00,153.0
2026-01-22T19:00,10.8,81,7.8,9.3,6.0,100,0.00,29.0
2026-01-22T20:00,10.1,86,7.8,8.8,4.9,100,0.00,0.0
2026-01-22T21:00,10.0,86,7.8,8.6,5.7,100,0.00,0.0
2026-01-22T22:00,9.9,86,7.8,8.5,5.8,100,0.00,0.0
2026-01-22T23:00,9.8,88,7.8,8.4,5.3,100,0.00,0.0
2026-01-23T00:00,10.1,88,8.2,9.0,4.4,100,0.00,0.0
2026-01-23T01:00,10.6,88,8.8,9.5,5.6,100,0.00,0.0
2026-01-23T02:00,10.7,89,8.9,9.6,5.6,100,0.00,0.0
2026-01-23T03:00,10.9,89,9.1,9.7,5.9,100,0.00,0.0
2026-01-23T04:00,11.0,89,9.2,9.8,6.8,100,0.00,0.0
2026-01-23T05:00,11.1,90,9.4,9.6,8.9,100,0.00,0.0
2026-01-23T06:00,11.1,89,9.4,9.7,8.8,100,0.10,0.0
2026-01-23T07:00,10.5,91,9.1,8.8,9.8,100,0.20,0.0
2026-01-23T08:00,10.1,94,9.2,8.4,10.6,100,0.40,0.0
2026-01-23T09:00,9.9,91,8.4,7.8,11.6,100,0.50,3.0
2026-01-23T10:00,9.9,89,8.2,7.6,12.6,100,0.10,28.0
2026-01-23T11:00,10.0,86,7.8,7.6,12.7,100,0.10,76.0
2026-01-23T12:00,9.9,85,7.6,7.2,14.7,100,0.40,114.0
2026-01-23T13:00,8.9,90,7.3,6.2,13.2,100,0.60,99.0
2026-01-23T14:00,8.6,93,7.6,5.8,14.8,100,0.70,107.0
2026-01-23T15:00,8.5,85,6.2,5.0,17.2,100,0.20,101.0
2026-01-23T16:00,7.8,92,6.7,4.8,15.4,100,2.60,57.0
2026-01-23T17:00,7.2,92,6.0,3.4,18.8,100,2.00,25.0
2026-01-23T18:00,6.7,92,5.4,3.1,16.4,100,0.60,19.0
2026-01-23T19:00,4.5,95,3.8,1.3,11.6,100,0.80,4.0
2026-01-23T20:00,4.4,93,3.5,0.8,14.5,100,1.50,0.0
2026-01-23T21:00,4.2,88,2.4,0.4,14.9,100,0.40,0.0
2026-01-23T22:00,3.5,81,0.6,-0.9,15.9,100,0.20,0.0
2026-01-23T23:00,2.9,79,-0.3,-1.7,16.6,100,0.40,0.0
2026-01-24T00:00,2.3,80,-0.8,-2.2,15.6,100,0.30,0.0
2026-01-24T01:00,1.4,87,-0.6,-2.8,13.3,100,0.40,0.0
2026-01-24T02:00,1.0,87,-0.9,-3.0,12.4,100,0.20,0.0
2026-01-24T03:00,0.9,88,-0.9,-3.5,14.5,100,0.60,0.0
2026-01-24T04:00,0.7,93,-0.3,-3.5,14.2,100,1.10,0.0
2026-01-24T05:00,0.6,94,-0.3,-3.9,15.9,100,0.70,0.0
2026-01-24T06:00,0.2,94,-0.7,-4.4,16.3,100,1.40,0.0
2026-01-24T07:00,-3.2,92,-4.3,-8.9,20.3,100,2.60,0.0
2026-01-24T08:00,-3.2,91,-4.3,-8.3,16.8,100,0.80,0.0
2026-01-24T09:00,-3.7,88,-5.4,-9.0,16.7,100,0.30,2.0
2026-01-24T10:00,-3.6,87,-5.4,-9.1,18.2,100,0.40,18.0
2026-01-24T11:00,-3.1,85,-5.3,-8.3,16.2,100,0.00,64.0
2026-01-24T12:00,-3.0,85,-5.1,-7.9,14.8,100,0.10,65.0
2026-01-24T13:00,-4.8,86,-6.8,-10.5,18.4,100,0.10,85.0
2026-01-24T14:00,-4.4,84,-6.7,-10.0,17.9,100,0.30,107.0
2026-01-24T15:00,-4.3,83,-6.8,-9.7,16.3,100,0.20,69.0
2026-01-24T16:00,-4.1,83,-6.5,-9.3,15.7,100,0.40,48.0
2026-01-24T17:00,-3.5,82,-6.1,-8.4,14.1,100,0.10,80.0
2026-01-24T18:00,-3.5,82,-6.1,-8.5,13.8,100,0.10,22.0
2026-01-24T19:00,-5.8,87,-7.6,-11.4,17.8,100,0.10,6.0
2026-01-24T20:00,-6.1,88,-7.8,-11.5,16.2,100,0.50,0.0
2026-01-24T21:00,-6.2,89,-7.8,-11.5,15.3,100,0.70,0.0
2026-01-24T22:00,-6.8,88,-8.4,-12.4,16.8,100,1.20,0.0
2026-01-24T23:00,-7.2,85,-9.4,-13.2,18.6,100,0.50,0.0
2026-01-25T00:00,-6.9,87,-8.6,-12.3,15.2,100,0.40,0.0
2026-01-25T01:00,-8.3,88,-9.9,-13.8,15.2,100,2.00,0.0
2026-01-25T02:00,-8.0,86,-9.9,-14.5,22.2,100,1.50,0.0
2026-01-25T03:00,-8.0,86,-9.9,-13.8,17.6,100,1.30,0.0
2026-01-25T04:00,-8.7,85,-10.8,-14.1,14.2,100,0.60,0.0
2026-01-25T05:00,-10.1,84,-12.4,-17.0,23.8,91,0.20,0.0
2026-01-25T06:00,-10.6,81,-13.4,-17.0,19.8,100,0.10,0.0
2026-01-25T07:00,-10.4,81,-13.0,-16.8,20.4,100,0.10,0.0
2026-01-25T08:00,-10.5,79,-13.5,-16.6,18.1,100,0.00,0.0
2026-01-25T09:00,-10.6,77,-13.9,-16.9,18.7,47,0.00,4.0
2026-01-25T10:00,-10.6,76,-14.1,-17.0,19.5,65,0.00,107.0
2026-01-25T11:00,-10.6,72,-14.6,-17.3,21.4,57,0.00,249.0
2026-01-25T12:00,-9.9,70,-14.4,-16.5,21.1,100,0.00,405.0
2026-01-25T13:00,-8.5,72,-12.6,-14.9,20.0,98,0.00,388.0
2026-01-25T14:00,-8.1,69,-12.8,-14.1,18.1,100,0.00,408.0
2026-01-25T15:00,-7.4,69,-12.2,-13.4,17.5,100,0.00,402.0
2026-01-25T16:00,-7.3,70,-11.9,-13.4,17.9,100,0.00,244.0
2026-01-25T17:00,-7.2,71,-11.6,-13.3,18.4,100,0.00,128.0
2026-01-25T18:00,-7.2,73,-11.2,-13.2,18.3,100,0.00,99.0
2026-01-25T19:00,-6.7,78,-9.9,-12.4,17.5,100,0.00,21.0
2026-01-25T20:00,-6.8,79,-9.9,-12.7,18.2,100,0.20,0.0
2026-01-25T21:00,-6.8,80,-9.6,-12.5,16.9,100,0.20,0.0
2026-01-25T22:00,-6.9,80,-9.7,-12.0,13.1,94,0.10,0.0
2026-01-25T23:00,-7.1,81,-9.8,-12.2,12.8,44,0.00,0.0
2026-01-26T00:00,-7.5,82,-10.1,-12.5,11.8,34,0.00,0.0
2026-01-26T01:00,-7.9,80,-10.8,-13.0,12.2,22,0.00,0.0
2026-01-26T02:00,-8.3,78,-11.4,-13.4,12.2,8,0.00,0.0
2026-01-26T03:00,-8.9,79,-11.9,-14.1,12.6,5,0.00,0.0
2026-01-26T04:00,-9.1,79,-12.1,-14.3,12.0,1,0.00,0.0
2026-01-26T05:00,-9.2,80,-11.9,-14.0,9.4,0,0.00,0.0
2026-01-26T06:00,-9.4,81,-12.1,-14.2,9.0,0,0.00,0.0
2026-01-26T07:00,-9.2,82,-11.7,-14.1,10.2,48,0.00,0.0
2026-01-26T08:00,-9.4,80,-12.1,-14.2,9.6,100,0.00,0.0
2026-01-26T09:00,-8.2,78,-11.4,-12.8,8.6,100,0.00,7.0
2026-01-26T10:00,-7.6,76,-11.1,-12.1,8.6,59,0.00,98.0
2026-01-26T11:00,-6.8,72,-10.9,-11.3,8.2,0,0.00,312.0
2026-01-26T12:00,-5.7,67,-10.8,-10.2,8.2,0,0.00,527.0
2026-01-26T13:00,-3.6,61,-9.9,-7.0,5.1,0,0.00,641.0
2026-01-26T14:00,-2.8,57,-10.1,-5.5,2.5,0,0.00,691.0
2026-01-26T15:00,-2.0,54,-10.0,-5.2,4.7,0,0.00,670.0
2026-01-26T16:00,-1.5,54,-9.8,-5.3,5.0,0,0.00,580.0
2026-01-26T17:00,-1.6,56,-9.3,-5.4,4.0,0,0.00,430.0
2026-01-26T18:00,-3.0,58,-10.1,-6.6,2.5,0,0.00,238.0
2026-01-26T19:00,-3.4,61,-9.8,-7.1,2.9,0,0.00,51.0
2026-01-26T20:00,-4.7,64,-10.4,-8.5,3.3,0,0.00,0.0
2026-01-26T21:00,-4.9,65,-10.5,-8.8,3.9,0,0.00,0.0
2026-01-26T22:00,-5.4,66,-10.8,-9.5,5.4,0,0.00,0.0
2026-01-26T23:00,-5.6,67,-10.9,-9.9,6.6,0,0.00,0.0
2026-01-27T00:00,-4.8,65,-10.4,-9.3,7.7,0,0.00,0.0
2026-01-27T01:00,-4.4,69,-9.3,-9.4,12.0,0,0.00,0.0
2026-01-27T02:00,-4.8,73,-8.9,-9.7,12.2,0,0.00,0.0
2026-01-27T03:00,-4.8,75,-8.6,-9.8,12.2,0,0.00,0.0
2026-01-27T04:00,-4.8,74,-8.8,-9.7,11.9,0,0.00,0.0
2026-01-27T05:00,-5.3,74,-9.3,-9.7,8.2,48,0.00,0.0
2026-01-27T06:00,-5.7,75,-9.5,-10.1,8.3,41,0.00,0.0
2026-01-27T07:00,-5.4,79,-8.4,-9.8,8.3,100,0.00,0.0
2026-01-27T08:00,-6.1,81,-8.8,-10.2,6.9,100,0.00,0.0
2026-01-27T09:00,-5.8,82,-8.4,-10.1,8.0,99,0.00,14.0
2026-01-27T10:00,-4.2,78,-7.4,-8.1,6.6,100,0.00,157.0
2026-01-27T11:00,-1.9,72,-6.2,-6.0,8.2,100,0.00,363.0
2026-01-27T12:00,0.1,68,-5.1,-4.0,8.6,100,0.00,462.0
2026-01-27T13:00,2.8,66,-2.8,-1.1,9.6,100,0.00,484.0
2026-01-27T14:00,3.0,66,-2.8,-0.7,7.5,100,0.00,468.0
2026-01-27T15:00,3.2,66,-2.5,-0.1,5.6,100,0.00,393.0
2026-01-27T16:00,3.5,68,-2.0,0.2,5.7,93,0.00,315.0
2026-01-27T17:00,3.5,69,-1.6,0.2,6.7,93,0.00,295.0
2026-01-27T18:00,2.8,74,-1.4,-0.5,7.1,100,0.00,199.0
2026-01-27T19:00,1.9,80,-1.2,-1.5,7.8,100,0.00,30.0
2026-01-27T20:00,1.1,82,-1.5,-2.2,6.6,100,0.00,0.0
2026-01-27T21:00,0.4,84,-2.0,-2.9,6.4,98,0.00,0.0
2026-01-27T22:00,-1.5,86,-3.5,-4.8,5.1,6,0.00,0.0
2026-01-27T23:00,-2.3,86,-4.3,-5.6,3.9,51,0.00,0.0
2026-01-28T00:00,-2.4,87,-4.2,-5.7,3.8,62,0.00,0.0
2026-01-28T01:00,-2.1,92,-3.2,-5.4,5.0,63,0.00,0.0
2026-01-28T02:00,-2.8,92,-3.8,-6.2,5.2,70,0.00,0.0
2026-01-28T03:00,-2.7,92,-3.8,-5.6,2.0,3,0.00,0.0
2026-01-28T04:00,-3.4,95,-4.2,-6.2,1.0,0,0.00,0.0
2026-01-28T05:00,-4.0,97,-4.3,-7.1,2.9,0,0.00,0.0
2026-01-28T06:00,-4.2,98,-4.6,-7.7,4.6,2,0.00,0.0
2026-01-28T07:00,-3.3,96,-3.9,-6.7,4.5,19,0.00,0.0
2026-01-28T08:00,-3.5,97,-3.9,-6.8,4.6,100,0.00,0.0
2026-01-28T09:00,-3.1,99,-3.2,-6.4,5.2,100,0.00,12.0
2026-01-28T10:00,-2.1,95,-2.8,-5.5,6.0,100,0.00,110.0
2026-01-28T11:00,-0.3,90,-1.9,-3.7,6.5,59,0.00,260.0
2026-01-28T12:00,1.4,81,-1.5,-1.6,4.2,0,0.00,442.0
2026-01-28T13:00,4.2,70,-0.7,2.0,2.7,0,0.00,608.0
2026-01-28T14:00,6.1,65,0.0,4.3,2.9,0,0.00,670.0
2026-01-28T15:00,6.8,64,0.4,5.3,1.3,2,0.00,657.0
2026-01-28T16:00,7.2,63,0.6,5.0,2.1,10,0.00,570.0
2026-01-28T17:00,7.3,64,1.0,4.7,4.4,42,0.00,424.0
2026-01-28T18:00,6.2,76,2.3,4.1,2.5,25,0.00,237.0
2026-01-28T19:00,4.2,71,-0.6,1.4,4.7,92,0.00,54.0
2026-01-28T20:00,3.0,77,-0.6,-0.2,6.9,59,0.00,0.0
2026-01-28T21:00,2.7,76,-1.1,-0.7,7.4,75,0.00,0.0
2026-01-28T22:00,2.5,77,-1.1,-1.0,8.5,27,0.00,0.0
2026-01-28T23:00,2.2,79,-1.2,-1.4,8.5,16,0.00,0.0
2026-01-29T00:00,1.8,81,-1.2,-1.8,8.3,23,0.00,0.0
2026-01-29T01:00,1.0,82,-1.6,-2.5,7.8,77,0.00,0.0
2026-01-29T02:00,1.4,83,-1.2,-2.1,7.6,98,0.00,0.0
2026-01-29T03:00,1.5,83,-1.0,-2.0,8.1,97,0.00,0.0
2026-01-29T04:00,1.5,84,-0.8,-2.0,8.7,100,0.00,0.0
2026-01-29T05:00,1.7,85,-0.5,-2.0,10.4,29,0.00,0.0
2026-01-29T06:00,1.7,86,-0.4,-2.4,13.1,49,0.00,0.0
2026-01-29T07:00,2.5,81,-0.4,-1.7,14.0,84,0.00,0.0
2026-01-29T08:00,2.5,81,-0.3,-1.8,14.7,44,0.00,0.0
2026-01-29T09:00,2.8,80,-0.2,-1.7,16.2,77,0.00,15.0
2026-01-29T10:00,4.4,76,0.5,0.2,14.7,66,0.00,155.0
2026-01-29T11:00,6.6,71,1.6,3.4,9.2,20,0.00,346.0
2026-01-29T12:00,8.6,64,2.2,5.0,13.0,51,0.00,514.0
2026-01-29T13:00,10.6,57,2.5,7.7,11.9,13,0.00,628.0
2026-01-29T14:00,12.0,50,2.0,8.6,15.6,5,0.00,674.0
2026-01-29T15:00,10.6,51,0.8,6.4,18.7,9,0.00,652.0
2026-01-29T16:00,8.9,54,0.1,4.0,19.0,1,0.00,566.0
2026-01-29T17:00,7.9,57,0.1,3.2,18.4,5,0.00,422.0
2026-01-29T18:00,6.4,63,-0.2,1.5,19.0,10,0.00,237.0
2026-01-29T19:00,7.5,57,-0.4,2.8,17.1,31,0.00,54.0
2026-01-29T20:00,5.1,64,-1.2,0.2,17.7,38,0.00,0.0
2026-01-29T21:00,3.5,69,-1.8,-1.5,17.7,42,0.00,0.0
2026-01-29T22:00,2.3,73,-2.0,-2.7,17.6,47,0.00,0.0
2026-01-29T23:00,1.5,77,-2.2,-3.1,15.1,6,0.00,0.0
2026-01-30T00:00,0.9,79,-2.5,-3.8,15.2,70,0.00,0.0
2026-01-30T01:00,1.0,75,-2.9,-3.4,12.9,98,0.00,0.0
2026-01-30T02:00,0.4,75,-3.5,-4.1,12.9,98,0.00,0.0
2026-01-30T03:00,-0.1,75,-4.0,-4.2,10.4,98,0.00,0.0
2026-01-30T04:00,-0.6,76,-4.3,-4.8,10.2,98,0.00,0.0
2026-01-30T05:00,-1.0,76,-4.7,-5.3,10.6,100,0.00,0.0
2026-01-30T06:00,-1.3,76,-5.0,-5.7,11.2,100,0.00,0.0
2026-01-30T07:00,-1.8,77,-5.2,-6.3,11.9,100,0.00,0.0
2026-01-30T08:00,-2.1,77,-5.7,-6.7,11.8,100,0.00,0.0
2026-01-30T09:00,-2.0,76,-5.8,-6.6,11.5,98,0.00,14.0
2026-01-30T10:00,-0.8,73,-5.1,-5.2,11.0,82,0.00,149.0
2026-01-30T11:00,1.0,66,-4.7,-3.3,10.5,0,0.00,352.0
2026-01-30T12:00,2.8,61,-4.0,-1.1,9.2,0,0.00,516.0
2026-01-30T13:00,5.1,53,-3.8,1.4,10.0,0,0.00,625.0
2026-01-30T14:00,6.5,50,-3.1,3.3,9.1,0,0.00,673.0
2026-01-30T15:00,7.4,49,-2.5,4.3,8.5,0,0.00,651.0
2026-01-30T16:00,8.0,48,-2.2,4.5,7.5,0,0.00,564.0
2026-01-30T17:00,8.0,48,-2.3,4.5,7.5,0,0.00,420.0
2026-01-30T18:00,7.5,52,-1.8,4.2,6.4,0,0.00,236.0
2026-01-30T19:00,5.3,64,-0.9,2.5,4.0,2,0.00,56.0
2026-01-30T20:00,4.2,69,-1.0,1.1,5.0,5,0.00,0.0
2026-01-30T21:00,3.4,71,-1.4,0.2,5.9,0,0.00,0.0
2026-01-30T22:00,3.2,69,-1.9,-0.3,7.3,47,0.00,0.0
2026-01-30T23:00,2.9,69,-2.2,-1.5,13.6,59,0.00,0.0
2026-01-31T00:00,1.5,69,-3.7,-3.6,16.6,70,0.00,0.0
2026-01-31T01:00,1.0,65,-4.9,-4.3,17.4,10,0.00,0.0
2026-01-31T02:00,0.3,65,-5.6,-5.2,18.4,5,0.00,0.0
2026-01-31T03:00,-0.6,67,-6.1,-6.1,17.5,2,0.00,0.0
2026-01-31T04:00,-1.2,68,-6.3,-6.7,17.7,20,0.00,0.0
2026-01-31T05:00,-2.7,65,-8.2,-8.7,20.4,10,0.00,0.0
2026-01-31T06:00,-4.6,61,-11.0,-10.9,20.1,73,0.00,0.0
2026-01-31T07:00,-4.4,64,-10.2,-10.2,17.2,84,0.00,0.0
2026-01-31T08:00,-5.8,64,-11.5,-11.5,15.9,5,0.00,0.0
2026-01-31T09:00,-6.9,64,-12.6,-12.7,15.5,0,0.00,17.0
2026-01-31T10:00,-6.6,61,-12.8,-12.1,14.7,6,0.00,169.0
2026-01-31T11:00,-5.5,60,-12.1,-10.8,12.8,2,0.00,361.0
2026-01-31T12:00,-4.4,59,-11.2,-9.3,10.5,0,0.00,527.0
2026-01-31T13:00,-3.6,53,-11.8,-7.8,9.3,3,0.00,638.0
2026-01-31T14:00,-2.5,51,-11.2,-6.2,7.9,1,0.00,685.0
2026-01-31T15:00,-1.6,49,-10.9,-5.3,7.4,9,0.00,662.0
2026-01-31T16:00,-1.0,48,-10.6,-5.3,7.6,1,0.00,574.0
2026-01-31T17:00,-0.9,50,-10.2,-5.3,7.5,0,0.00,429.0
2026-01-31T18:00,-1.4,51,-10.1,-5.7,7.1,3,0.00,243.0
2026-01-31T19:00,-1.8,60,-8.6,-5.1,1.0,13,0.00,59.0
2026-01-31T20:00,-2.1,61,-8.6,-5.5,1.7,18,0.00,0.0
2026-01-31T21:00,-2.2,60,-8.9,-5.6,1.0,99,0.00,0.0
2026-01-31T22:00,-1.5,50,-10.6,-4.8,0.2,100,0.00,0.0
2026-01-31T23:00,-1.5,52,-10.1,-4.8,0.6,97,0.00,0.0
2026-02-01T00:00,-1.5,55,-9.3,-5.0,2.4,21,0.00,0.0
2026-02-01T01:00,-2.8,66,-8.2,-6.0,0.4,100,0.00,0.0
2026-02-01T02:00,-2.5,59,-9.3,-5.9,1.5,31,0.00,0.0
2026-02-01T03:00,-3.0,68,-8.2,-6.2,0.6,6,0.00,0.0
2026-02-01T04:00,-3.5,71,-8.0,-6.9,2.4,16,0.00,0.0
2026-02-01T05:00,-3.7,73,-7.8,-7.1,2.7,0,0.00,0.0
2026-02-01T06:00,-3.5,67,-8.7,-7.3,4.2,0,0.00,0.0
2026-02-01T07:00,-3.8,65,-9.4,-7.5,3.2,0,0.00,0.0
2026-02-01T08:00,-4.2,61,-10.5,-8.3,5.6,0,0.00,0.0
2026-02-01T09:00,-3.7,58,-10.9,-8.1,7.7,0,0.00,17.0
2026-02-01T10:00,-1.9,49,-11.2,-6.1,5.9,0,0.00,167.0
2026-02-01T11:00,0.4,37,-12.6,-4.2,7.7,0,0.00,359.0
2026-02-01T12:00,2.7,29,-13.5,-2.2,9.8,0,0.00,522.0
2026-02-01T13:00,4.8,34,-9.6,0.7,9.8,0,0.00,634.0
2026-02-01T14:00,6.1,41,-6.1,2.5,9.8,0,0.00,683.0
2026-02-01T15:00,7.4,43,-4.2,4.0,9.5,0,0.00,664.0
2026-02-01T16:00,8.5,44,-3.2,4.9,8.1,0,0.00,577.0
2026-02-01T17:00,8.9,44,-2.7,5.3,8.1,0,0.00,433.0
2026-02-01T18:00,8.2,52,-1.1,5.2,5.4,0,0.00,248.0
2026-02-01T19:00,6.4,53,-2.5,2.8,7.8,0,0.00,62.0
2026-02-01T20:00,5.8,54,-2.8,2.0,8.6,0,0.00,0.0
2026-02-01T21:00,4.9,57,-2.8,1.0,9.4,0,0.00,0.0
2026-02-01T22:00,4.2,61,-2.8,0.2,9.9,0,0.00,0.0
2026-02-01T23:00,3.8,63,-2.5,-0.2,10.3,0,0.00,0.0
2026-02-02T00:00,3.7,66,-2.1,-0.3,10.2,0,0.00,0.0
2026-02-02T01:00,3.2,68,-2.2,-0.7,9.9,0,0.00,0.0
2026-02-02T02:00,3.1,71,-1.6,-0.7,9.8,0,0.00,0.0
2026-02-02T03:00,3.0,74,-1.2,-0.8,9.8,0,0.00,0.0
2026-02-02T04:00,2.8,76,-1.0,-0.9,9.2,0,0.00,0.0
2026-02-02T05:00,2.5,78,-0.9,-1.0,8.9,0,0.00,0.0
2026-02-02T06:00,2.5,79,-0.8,-0.9,8.6,0,0.00,0.0
2026-02-02T07:00,2.7,80,-0.5,-0.7,7.8,0,0.00,0.0
2026-02-02T08:00,2.0,83,-0.6,-1.3,6.9,0,0.00,0.0
2026-02-02T09:00,2.5,83,-0.1,-0.9,8.5,70,0.00,19.0
2026-02-02T10:00,4.8,78,1.2,1.3,10.5,100,0.00,171.0
2026-02-02T11:00,7.2,70,2.2,4.2,8.9,97,0.00,359.0
2026-02-02T12:00,10.1,62,3.0,7.1,9.3,98,0.00,524.0
2026-02-02T13:00,14.8,55,5.9,12.8,10.0,6,0.00,632.0
2026-02-02T14:00,16.9,52,7.0,15.3,11.0,100,0.00,682.0
2026-02-02T15:00,18.2,49,7.3,16.2,13.0,100,0.00,646.0
2026-02-02T16:00,18.8,47,7.2,15.9,14.8,100,0.00,544.0
2026-02-02T17:00,18.5,47,7.2,15.7,14.4,100,0.00,392.0
2026-02-02T18:00,17.2,56,8.4,14.6,14.6,100,0.00,200.0
2026-02-02T19:00,16.1,58,7.8,13.4,14.3,100,0.00,48.0
2026-02-02T20:00,15.2,67,9.1,12.9,14.1,100,0.00,0.0
2026-02-02T21:00,14.4,71,9.2,12.4,12.4,100,0.00,0.0
2026-02-02T22:00,13.9,71,8.8,11.6,13.9,98,0.00,0.0
2026-02-02T23:00,14.1,73,9.3,11.7,15.3,94,0.00,0.0
2026-02-03T00:00,13.6,78,9.8,11.6,13.2,63,0.00,0.0
2026-02-03T01:00,13.2,80,9.9,11.6,11.4,70,0.00,0.0
2026-02-03T02:00,13.3,85,10.9,11.8,12.0,100,0.00,0.0
2026-02-03T03:00,13.9,88,12.0,12.6,12.9,100,0.00,0.0
2026-02-03T04:00,14.2,91,12.8,13.2,12.7,100,0.00,0.0
2026-02-03T05:00,14.4,92,13.2,13.7,12.0,100,0.00,0.0
2026-02-03T06:00,14.4,93,13.3,14.0,10.2,100,0.00,0.0
2026-02-03T07:00,14.0,94,13.1,14.1,5.8,100,0.00,0.0
2026-02-03T08:00,14.0,94,13.1,14.1,6.0,100,0.10,0.0
2026-02-03T09:00,13.8,96,13.1,13.9,5.3,100,0.00,11.0
2026-02-03T10:00,14.6,93,13.5,14.7,6.8,99,0.00,133.0
2026-02-03T11:00,15.6,89,13.7,15.3,9.7,77,0.00,294.0
2026-02-03T12:00,16.0,79,12.5,14.7,14.7,100,0.10,461.0
2026-02-03T13:00,15.1,76,10.9,13.4,13.5,52,0.00,407.0
2026-02-03T14:00,16.4,65,9.9,14.8,12.6,1,0.00,606.0
2026-02-03T15:00,17.1,57,8.6,15.4,13.7,0,0.00,659.0
2026-02-03T16:00,17.2,51,7.1,14.4,14.4,0,0.00,563.0
2026-02-03T17:00,16.7,47,5.2,13.2,16.0,0,0.00,427.0
2026-02-03T18:00,15.8,50,5.3,12.6,13.6,0,0.00,249.0
2026-02-03T19:00,14.2,52,4.3,11.2,11.2,0,0.00,66.0
2026-02-03T20:00,12.6,56,4.0,9.6,10.8,1,0.00,0.0
2026-02-03T21:00,11.4,60,3.9,8.5,9.9,0,0.00,0.0
2026-02-03T22:00,10.5,62,3.5,7.3,11.4,0,0.00,0.0
2026-02-03T23:00,9.8,63,3.2,6.7,10.3,0,0.00,0.0
2026-02-04T00:00,8.9,67,3.1,5.9,9.4,91,0.00,0.0
2026-02-04T01:00,8.4,68,2.9,5.5,8.9,61,0.00,0.0
2026-02-04T02:00,7.8,71,2.8,4.8,8.9,0,0.00,0.0
2026-02-04T03:00,6.9,75,2.8,4.1,8.1,2,0.00,0.0
2026-02-04T04:00,6.2,78,2.7,3.5,6.8,8,0.00,0.0
2026-02-04T05:00,5.7,80,2.5,3.0,6.7,84,0.00,0.0
2026-02-04T06:00,5.4,81,2.4,2.5,7.8,74,0.00,0.0
2026-02-04T07:00,4.8,80,1.6,1.8,8.0,84,0.00,0.0
2026-02-04T08:00,4.3,82,1.5,1.5,6.8,100,0.00,0.0
2026-02-04T09:00,4.3,82,1.5,1.2,8.2,100,0.00,17.0
2026-02-04T10:00,5.7,77,1.9,2.8,7.2,100,0.00,150.0
2026-02-04T11:00,7.2,71,2.2,4.3,7.7,77,0.00,293.0
2026-02-04T12:00,9.1,64,2.7,6.3,8.3,59,0.00,493.0
2026-02-04T13:00,9.9,60,2.5,6.8,10.0,94,0.00,504.0
2026-02-04T14:00,10.6,57,2.5,7.1,12.4,9,0.00,441.0
2026-02-04T15:00,11.9,57,3.5,8.6,13.4,35,0.00,599.0
2026-02-04T16:00,12.8,50,2.5,8.2,20.2,53,0.00,534.0
2026-02-04T17:00,12.1,54,3.2,7.9,17.9,31,0.00,366.0
2026-02-04T18:00,11.9,52,2.4,8.2,13.5,15,0.00,191.0
2026-02-04T19:00,10.8,60,3.3,7.9,8.8,2,0.00,62.0
2026-02-04T20:00,9.4,67,3.6,6.9,6.9,1,0.00,0.0
2026-02-04T21:00,8.7,69,3.3,5.9,8.4,1,0.00,0.0
2026-02-04T22:00,7.8,72,3.0,5.1,8.0,0,0.00,0.0
2026-02-04T23:00,6.3,80,3.0,4.1,4.4,0,0.00,0.0
2026-02-05T00:00,5.7,81,2.8,3.7,2.3,0,0.00,0.0
2026-02-05T01:00,3.8,85,1.6,1.5,3.5,0,0.00,0.0
2026-02-05T02:00,3.5,87,1.5,1.2,3.4,0,0.00,0.0
2026-02-05T03:00,3.0,88,1.2,0.5,3.6,0,0.00,0.0
2026-02-05T04:00,2.8,89,1.0,0.1,5.1,0,0.00,0.0
2026-02-05T05:00,2.5,90,0.9,-0.3,5.5,0,0.00,0.0
2026-02-05T06:00,2.3,90,0.8,-0.6,6.2,0,0.00,0.0
2026-02-05T07:00,2.3,89,0.8,-0.8,8.1,0,0.00,0.0
2026-02-05T08:00,2.5,87,0.5,-0.7,7.8,0,0.00,0.0
2026-02-05T09:00,3.4,83,0.8,0.2,8.5,0,0.00,21.0
2026-02-05T10:00,5.9,76,2.0,2.8,9.1,0,0.00,179.0
2026-02-05T11:00,8.6,66,2.5,5.8,7.3,1,0.00,375.0
2026-02-05T12:00,11.4,58,3.5,8.8,7.0,1,0.00,541.0
2026-02-05T13:00,15.2,50,4.8,13.3,8.2,1,0.00,652.0
2026-02-05T14:00,16.9,42,3.8,14.7,10.9,0,0.00,696.0
2026-02-05T15:00,18.3,32,1.2,15.1,13.5,0,0.00,674.0
2026-02-05T16:00,19.1,30,0.9,15.3,14.1,0,0.00,587.0
2026-02-05T17:00,19.5,30,1.5,15.8,12.7,0,0.00,443.0
2026-02-05T18:00,18.5,38,4.0,16.0,7.5,0,0.00,258.0
2026-02-05T19:00,16.1,46,4.4,13.7,7.3,13,0.00,70.0
2026-02-05T20:00,14.9,49,4.2,12.4,8.2,0,0.00,0.0
2026-02-05T21:00,13.8,52,4.0,11.2,7.8,0,0.00,0.0
2026-02-05T22:00,12.6,56,4.0,10.0,7.5,0,0.00,0.0
2026-02-05T23:00,11.6,58,3.7,9.1,7.1,0,0.00,0.0
2026-02-06T00:00,10.9,59,3.2,8.3,7.3,0,0.00,0.0
2026-02-06T01:00,9.4,61,2.2,6.6,6.9,0,0.00,0.0
2026-02-06T02:00,9.4,59,1.6,6.3,8.4,0,0.00,0.0
2026-02-06T03:00,9.1,59,1.4,6.0,8.1,0,0.00,0.0
2026-02-06T04:00,8.9,59,1.2,5.7,8.5,0,0.00,0.0
2026-02-06T05:00,8.8,58,1.0,5.5,9.5,0,0.00,0.0
2026-02-06T06:00,8.6,59,0.9,5.3,9.1,0,0.00,0.0
2026-02-06T07:00,7.7,62,0.9,4.6,7.7,0,0.00,0.0
2026-02-06T08:00,7.2,63,0.6,4.0,7.4,0,0.00,0.0
2026-02-06T09:00,8.1,60,0.9,4.8,8.4,0,0.00,23.0
2026-02-06T10:00,11.0,56,2.5,8.0,9.0,0,0.00,181.0
2026-02-06T11:00,14.3,49,3.7,12.0,5.5,0,0.00,374.0
2026-02-06T12:00,17.3,46,5.7,15.6,4.5,0,0.00,536.0
2026-02-06T13:00,22.5,35,6.3,21.3,5.6,0,0.00,647.0
2026-02-06T14:00,24.5,33,7.4,23.8,6.5,0,0.00,696.0
2026-02-06T15:00,26.0,28,6.2,24.4,9.4,0,0.00,676.0
2026-02-06T16:00,26.6,23,4.0,23.9,10.4,0,0.00,589.0
2026-02-06T17:00,26.2,26,5.4,23.9,8.6,0,0.00,445.0
2026-02-06T18:00,24.1,38,9.0,23.0,6.0,0,0.00,261.0
2026-02-06T19:00,21.1,43,8.0,19.6,6.9,0,0.00,73.0
2026-02-06T20:00,19.5,45,7.3,17.7,7.7,0,0.00,0.0
2026-02-06T21:00,18.2,45,6.2,15.7,10.8,0,0.00,0.0
2026-02-06T22:00,16.7,49,6.1,14.2,10.1,0,0.00,0.0
2026-02-06T23:00,15.1,51,5.1,12.6,9.0,0,0.00,0.0
2026-02-07T00:00,14.0,53,4.4,11.5,8.3,0,0.00,0.0
2026-02-07T01:00,12.9,55,4.0,10.0,9.4,0,0.00,0.0
2026-02-07T02:00,11.6,58,3.5,8.7,9.5,0,0.00,0.0
2026-02-07T03:00,10.8,59,3.1,7.9,8.5,0,0.00,0.0
2026-02-07T04:00,9.9,62,2.8,7.1,7.6,0,0.00,0.0
2026-02-07T05:00,8.8,67,3.1,6.4,5.6,0,0.00,0.0
2026-02-07T06:00,8.3,69,2.8,5.8,5.6,0,0.00,0.0
2026-02-07T07:00,7.8,70,2.7,5.2,6.3,0,0.00,0.0
2026-02-07T08:00,6.9,73,2.4,4.3,6.0,12,0.00,0.0
2026-02-07T09:00,7.7,70,2.5,5.1,6.3,27,0.00,23.0
2026-02-07T10:00,9.8,63,3.2,7.3,6.3,3,0.00,182.0
2026-02-07T11:00,11.9,57,3.5,9.5,6.1,36,0.00,376.0
2026-02-07T12:00,14.0,52,4.2,11.7,6.5,1,0.00,537.0
2026-02-07T13:00,17.0,45,5.0,15.6,5.5,9,0.00,649.0
2026-02-07T14:00,18.6,42,5.5,17.6,5.5,13,0.00,696.0
2026-02-07T15:00,19.8,39,5.5,18.6,6.3,1,0.00,676.0
2026-02-07T16:00,20.9,36,5.2,18.9,6.8,8,0.00,590.0
2026-02-07T17:00,21.4,33,4.6,19.0,7.5,12,0.00,446.0
2026-02-07T18:00,20.7,39,6.4,19.0,5.2,100,0.00,262.0
2026-02-07T19:00,17.9,51,7.4,16.3,6.1,98,0.00,70.0
2026-02-07T20:00,17.2,46,5.6,15.0,7.9,99,0.00,0.0
2026-02-07T21:00,16.7,44,4.4,14.0,9.2,100,0.00,0.0
2026-02-07T22:00,15.9,46,4.3,13.4,8.3,100,0.00,0.0
2026-02-07T23:00,15.6,47,4.5,13.0,8.9,100,0.00,0.0
2026-02-08T00:00,15.1,50,4.8,12.4,9.5,100,0.00,0.0
2026-02-08T01:00,14.4,55,5.3,11.6,10.9,100,0.00,0.0
2026-02-08T02:00,13.4,59,5.7,11.1,8.8,75,0.00,0.0
2026-02-08T03:00,12.9,62,5.9,10.7,8.7,98,0.00,0.0
2026-02-08T04:00,13.5,63,6.5,11.1,10.3,65,0.00,0.0
2026-02-08T05:00,13.4,64,6.7,10.9,11.3,77,0.00,0.0
2026-02-08T06:00,13.2,62,6.2,10.8,10.0,99,0.00,0.0
2026-02-08T07:00,12.9,61,5.6,10.2,11.0,99,0.00,0.0
2026-02-08T08:00,12.6,60,5.1,9.9,10.1,100,0.00,0.0
2026-02-08T09:00,12.8,59,4.8,9.9,10.8,100,0.00,6.0
2026-02-08T10:00,13.1,59,5.2,10.8,7.3,99,0.00,32.0
2026-02-08T11:00,14.2,55,5.4,12.0,7.2,100,0.00,93.0
2026-02-08T12:00,14.3,57,6.0,12.2,7.5,100,0.10,100.0
2026-02-08T13:00,18.5,46,6.6,16.9,4.4,99,0.00,270.0
2026-02-08T14:00,20.2,43,7.2,18.3,8.1,82,0.00,382.0
2026-02-08T15:00,22.4,40,8.1,20.9,6.7,52,0.00,462.0
2026-02-08T16:00,24.6,34,7.8,22.8,8.2,63,0.00,548.0
2026-02-08T17:00,25.6,30,6.9,23.5,9.6,60,0.00,424.0
2026-02-08T18:00,24.3,35,8.0,22.2,11.0,100,0.00,255.0
2026-02-08T19:00,22.2,40,8.1,20.2,10.1,100,0.00,74.0
2026-02-08T20:00,20.7,44,8.0,18.8,9.7,99,0.00,0.0
2026-02-08T21:00,19.9,46,8.0,17.9,9.8,56,0.00,0.0
2026-02-08T22:00,19.0,51,8.6,17.3,9.5,91,0.00,0.0
2026-02-08T23:00,18.3,56,9.3,16.9,8.7,99,0.00,0.0
2026-02-09T00:00,17.6,60,9.8,16.4,8.0,100,0.00,0.0
2026-02-09T01:00,16.7,65,10.0,15.5,8.6,100,0.00,0.0
2026-02-09T02:00,15.1,72,10.1,14.2,6.7,100,0.00,0.0
2026-02-09T03:00,14.4,74,9.9,13.5,6.4,98,0.00,0.0
2026-02-09T04:00,14.2,73,9.6,13.1,7.4,98,0.00,0.0
2026-02-09T05:00,13.1,77,9.2,12.1,4.8,98,0.00,0.0
2026-02-09T06:00,13.1,76,8.9,12.5,1.4,88,0.00,0.0
2026-02-09T07:00,11.4,82,8.4,10.6,2.2,100,0.00,0.0
2026-02-09T08:00,10.5,84,7.8,9.8,1.3,100,0.00,0.0
2026-02-09T09:00,10.5,86,8.3,9.8,1.5,100,0.00,20.0
2026-02-09T10:00,12.9,77,9.0,12.1,3.4,100,0.00,154.0
2026-02-09T11:00,15.4,66,9.1,14.8,2.7,99,0.00,323.0
2026-02-09T12:00,17.9,57,9.2,17.2,2.9,100,0.00,466.0
2026-02-09T13:00,21.4,48,9.8,20.9,3.8,100,0.00,566.0
2026-02-09T14:00,23.0,42,9.6,22.4,4.6,100,0.00,585.0
2026-02-09T15:00,24.1,39,9.2,23.3,5.2,99,0.00,568.0
2026-02-09T16:00,25.1,36,9.1,24.2,5.2,100,0.00,508.0
2026-02-09T17:00,25.5,36,9.5,24.8,4.2,100,0.00,351.0
2026-02-09T18:00,25.0,48,13.1,25.9,0.4,100,0.00,204.0
2026-02-09T19:00,22.8,46,10.6,22.3,4.4,100,0.00,70.0
2026-02-09T20:00,21.8,43,8.4,20.2,7.7,100,0.00,0.0
2026-02-09T21:00,22.6,30,4.3,19.7,10.6,100,0.00,0.0
2026-02-09T22:00,22.2,35,5.9,19.1,14.2,100,0.00,0.0
2026-02-09T23:00,21.9,42,8.5,19.3,14.5,100,0.00,0.0
2026-02-10T00:00,21.9,45,9.5,19.3,17.2,100,0.00,0.0
2026-02-10T01:00,21.3,53,11.2,19.0,18.3,100,0.00,0.0
2026-02-10T02:00,20.5,55,11.2,18.1,18.5,100,0.00,0.0
2026-02-10T03:00,19.8,61,12.0,17.7,18.3,99,0.00,0.0
2026-02-10T04:00,19.1,66,12.8,17.5,17.2,99,0.00,0.0
2026-02-10T05:00,18.5,70,12.8,16.9,16.4,98,0.00,0.0
2026-02-10T06:00,17.8,72,12.7,16.5,14.5,100,0.00,0.0
2026-02-10T07:00,17.2,79,13.4,16.4,13.3,100,0.00,0.0
2026-02-10T08:00,16.8,82,13.8,16.0,13.6,100,0.00,0.0
2026-02-10T09:00,16.9,84,14.2,16.0,15.4,100,0.00,20.0
2026-02-10T10:00,18.0,81,14.7,17.7,12.8,100,0.00,121.0
2026-02-10T11:00,18.5,79,14.9,18.4,12.3,100,0.00,144.0
2026-02-10T12:00,19.4,75,14.9,19.1,13.5,100,0.00,178.0
2026-02-10T13:00,19.7,74,15.0,19.6,12.0,100,0.00,143.0
2026-02-10T14:00,21.2,67,14.8,21.4,9.3,100,0.00,250.0
2026-02-10T15:00,21.6,65,14.7,22.1,7.2,100,0.00,158.0
2026-02-10T16:00,22.8,58,14.2,22.8,9.7,100,0.00,285.0
2026-02-10T17:00,22.9,58,14.3,23.5,5.8,100,0.00,174.0
2026-02-10T18:00,22.5,62,14.8,23.3,4.7,100,0.00,109.0
2026-02-10T19:00,19.7,56,10.8,18.0,13.5,100,0.00,21.0
2026-02-10T20:00,14.8,45,3.0,11.1,14.3,100,0.10,0.0
2026-02-10T21:00,12.4,70,7.1,9.6,14.0,100,5.00,0.0
2026-02-10T22:00,11.6,82,8.6,9.5,12.2,100,2.80,0.0
2026-02-10T23:00,12.1,81,9.0,10.8,7.3,100,0.50,0.0
2026-02-11T00:00,12.1,77,8.2,10.1,10.7,100,0.00,0.0
2026-02-11T01:00,11.1,81,7.9,9.0,10.4,100,0.00,0.0
2026-02-11T02:00,10.6,83,7.7,8.3,11.3,58,0.00,0.0
2026-02-11T03:00,9.9,84,7.3,7.9,9.0,0,0.00,0.0
2026-02-11T04:00,9.4,84,6.8,7.3,8.8,14,0.00,0.0
2026-02-11T05:00,9.1,83,6.2,6.9,8.5,9,0.00,0.0
2026-02-11T06:00,8.7,79,5.3,6.1,10.3,5,0.00,0.0
2026-02-11T07:00,8.6,73,4.0,5.5,10.9,5,0.00,0.0
2026-02-11T08:00,8.0,69,2.7,4.9,10.0,35,0.00,0.0
2026-02-11T09:00,8.1,65,1.8,4.8,9.9,21,0.00,28.0
2026-02-11T10:00,9.1,58,1.4,5.9,9.4,100,0.00,189.0
2026-02-11T11:00,10.4,54,1.6,7.5,7.3,26,0.00,343.0
2026-02-11T12:00,12.4,49,2.0,9.4,8.6,14,0.00,551.0
2026-02-11T13:00,14.9,42,2.2,12.4,9.9,0,0.00,664.0
2026-02-11T14:00,16.4,39,2.5,14.3,9.6,0,0.00,715.0
2026-02-11T15:00,17.5,38,3.0,15.4,8.8,0,0.00,697.0
2026-02-11T16:00,18.0,37,3.2,15.6,8.5,0,0.00,611.0
2026-02-11T17:00,18.0,38,3.4,15.2,8.5,0,0.00,467.0
2026-02-11T18:00,17.3,41,3.8,14.8,7.3,0,0.00,281.0
2026-02-11T19:00,15.9,47,4.6,13.7,6.2,0,0.00,87.0
2026-02-11T20:00,14.4,57,5.9,12.8,3.4,0,0.00,0.0
2026-02-11T21:00,13.8,58,5.6,12.1,4.1,0,0.00,0.0
2026-02-11T22:00,12.9,60,5.4,11.3,3.1,0,0.00,0.0
2026-02-11T23:00,12.1,63,5.3,10.7,1.8,0,0.00,0.0
2026-02-12T00:00,11.4,66,5.2,10.1,1.0,1,0.00,0.0
2026-02-12T01:00,9.9,71,4.9,8.4,2.0,0,0.00,0.0
2026-02-12T02:00,9.0,71,4.1,7.3,1.8,1,0.00,0.0
2026-02-12T03:00,8.6,72,3.8,7.0,1.0,0,0.00,0.0
2026-02-12T04:00,8.1,74,3.8,6.6,0.6,0,0.00,0.0
2026-02-12T05:00,7.6,78,4.0,5.9,2.0,0,0.00,0.0
2026-02-12T06:00,7.2,81,4.2,5.4,2.8,38,0.00,0.0
2026-02-12T07:00,6.6,91,5.2,4.8,4.3,0,0.00,0.0
2026-02-12T08:00,5.8,95,5.1,3.9,4.9,0,0.00,0.0
2026-02-12T09:00,6.9,96,6.3,5.3,4.8,0,0.00,30.0
2026-02-12T10:00,9.1,89,7.3,7.8,4.4,0,0.00,195.0
2026-02-12T11:00,11.6,79,8.1,10.6,3.2,0,0.00,389.0
2026-02-12T12:00,14.6,67,8.6,13.7,3.4,0,0.00,553.0
2026-02-12T13:00,17.7,54,8.2,17.4,4.1,0,0.00,664.0
2026-02-12T14:00,19.9,44,7.2,19.3,5.9,0,0.00,709.0
2026-02-12T15:00,21.4,39,6.9,20.3,7.8,0,0.00,689.0
2026-02-12T16:00,22.4,39,7.6,20.9,8.5,30,0.00,604.0
2026-02-12T17:00,22.9,38,7.8,21.1,8.6,88,0.00,456.0
2026-02-12T18:00,22.8,40,8.4,21.3,7.1,99,0.00,265.0
2026-02-12T19:00,20.4,55,10.9,19.8,5.9,75,0.00,80.0
2026-02-12T20:00,19.0,55,9.7,18.0,6.9,87,0.00,1.0
2026-02-12T21:00,18.0,59,9.9,17.0,6.8,28,0.00,0.0
2026-02-12T22:00,17.6,59,9.6,16.5,7.4,13,0.00,0.0
2026-02-12T23:00,17.1,61,9.5,16.0,7.3,33,0.00,0.0
2026-02-13T00:00,16.5,63,9.4,15.3,7.2,31,0.00,0.0
2026-02-13T01:00,15.1,69,9.5,14.0,6.9,28,0.00,0.0
2026-02-13T02:00,14.7,71,9.6,13.6,6.5,60,0.00,0.0
2026-02-13T03:00,14.4,74,9.8,13.4,6.1,57,0.00,0.0
2026-02-13T04:00,13.9,77,9.9,13.0,6.1,16,0.00,0.0
2026-02-13T05:00,13.6,79,10.0,12.6,6.3,38,0.00,0.0
2026-02-13T06:00,13.2,81,9.9,12.4,5.5,70,0.00,0.0
2026-02-13T07:00,12.8,81,9.6,11.9,5.4,100,0.00,0.0
2026-02-13T08:00,12.6,83,9.7,11.7,5.4,63,0.00,0.0
2026-02-13T09:00,13.6,81,10.5,13.0,5.8,70,0.00,29.0
2026-02-13T10:00,16.3,74,11.8,16.0,5.9,89,0.00,183.0
2026-02-13T11:00,18.9,69,13.0,18.9,6.2,99,0.00,357.0
2026-02-13T12:00,20.4,65,13.6,20.5,7.6,100,0.00,378.0
2026-02-13T13:00,21.9,64,14.8,22.2,9.3,100,0.00,569.0
2026-02-13T14:00,23.4,60,15.1,23.5,10.4,100,0.00,439.0
2026-02-13T15:00,25.0,53,14.8,24.8,11.7,100,0.00,480.0
2026-02-13T16:00,25.9,49,14.4,25.2,14.1,100,0.00,427.0
2026-02-13T17:00,25.1,51,14.2,24.2,15.9,100,0.00,244.0
2026-02-13T18:00,24.4,55,14.7,24.0,13.3,100,0.00,129.0
2026-02-13T19:00,23.2,58,14.6,22.9,12.4,100,0.00,53.0
2026-02-13T20:00,22.3,62,14.7,22.0,12.6,100,0.00,1.0
2026-02-13T21:00,21.8,66,15.1,21.7,12.7,100,0.00,0.0
2026-02-13T22:00,21.1,69,15.2,20.8,14.6,100,0.00,0.0
2026-02-13T23:00,20.9,70,15.1,20.2,16.5,99,0.00,0.0
2026-02-14T00:00,19.9,76,15.4,19.0,18.4,80,0.20,0.0
2026-02-14T01:00,19.7,76,15.2,19.5,13.8,100,0.10,0.0
2026-02-14T02:00,19.5,78,15.6,19.5,13.7,92,0.00,0.0
2026-02-14T03:00,19.1,82,16.0,19.1,14.4,100,0.00,0.0
2026-02-14T04:00,18.9,85,16.2,18.8,15.0,100,0.00,0.0
2026-02-14T05:00,18.0,92,16.6,18.0,15.7,100,0.90,0.0
2026-02-14T06:00,17.5,93,16.4,17.7,13.7,100,0.00,0.0
2026-02-14T07:00,18.1,91,16.6,18.4,14.3,100,0.00,0.0
2026-02-14T08:00,17.7,90,16.1,17.2,17.7,100,0.00,0.0
2026-02-14T09:00,18.0,89,16.1,17.7,16.5,100,0.70,8.0
2026-02-14T10:00,18.6,87,16.4,19.1,12.2,100,0.30,52.0
2026-02-14T11:00,18.0,95,17.2,18.9,12.0,100,1.50,52.0
2026-02-14T12:00,18.6,92,17.3,19.1,14.6,100,4.40,83.0
2026-02-14T13:00,17.6,97,17.1,18.7,10.4,100,1.40,179.0
2026-02-14T14:00,18.1,96,17.4,19.9,5.9,100,2.30,161.0
2026-02-14T15:00,19.0,88,16.9,19.5,12.8,100,0.10,220.0
2026-02-14T16:00,18.9,85,16.3,19.6,9.7,100,0.00,171.0
2026-02-14T17:00,18.9,71,13.4,18.7,8.4,100,0.40,167.0
2026-02-14T18:00,17.8,77,13.8,17.7,8.5,100,0.00,61.0
2026-02-14T19:00,16.0,97,15.6,16.9,7.0,100,0.00,30.0
2026-02-14T20:00,15.3,98,15.0,16.2,5.2,100,0.00,0.0
2026-02-14T21:00,15.4,97,14.9,16.1,6.2,100,0.00,0.0
2026-02-14T22:00,14.6,97,14.1,15.3,4.7,100,0.00,0.0
2026-02-14T23:00,15.0,96,14.4,15.8,4.4,100,0.10,0.0
2026-02-15T00:00,14.6,97,14.1,15.5,2.9,64,0.00,0.0
2026-02-15T01:00,14.1,96,13.4,14.5,4.4,58,0.10,0.0
2026-02-15T02:00,14.1,95,13.3,13.4,12.7,34,0.00,0.0
2026-02-15T03:00,14.7,93,13.6,12.7,21.7,41,0.00,0.0
2026-02-15T04:00,14.2,91,12.8,12.3,19.0,26,0.00,0.0
2026-02-15T05:00,13.6,87,11.4,11.1,20.1,66,0.00,0.0
2026-02-15T06:00,13.6,85,11.1,11.4,17.9,100,0.00,0.0
2026-02-15T07:00,13.9,81,10.6,11.3,18.9,100,0.00,0.0
2026-02-15T08:00,14.2,76,10.0,11.5,18.6,100,0.00,0.0
2026-02-15T09:00,13.9,79,10.2,11.2,19.1,100,0.00,12.0
2026-02-15T10:00,14.1,75,9.8,11.0,20.9,100,0.00,90.0
2026-02-15T11:00,14.6,72,9.6,11.0,23.4,100,0.00,171.0
2026-02-15T12:00,15.4,68,9.6,12.1,22.4,91,0.00,310.0
2026-02-15T13:00,16.9,61,9.4,13.8,20.2,52,0.00,473.0
2026-02-15T14:00,17.8,59,9.6,16.3,14.7,0,0.00,682.0
2026-02-15T15:00,18.5,58,9.9,17.5,12.5,5,0.00,713.0
2026-02-15T16:00,18.8,57,10.1,17.6,11.5,0,0.00,624.0
2026-02-15T17:00,18.9,56,10.0,17.3,10.8,0,0.00,483.0
2026-02-15T18:00,18.5,58,10.1,17.2,8.8,0,0.00,293.0
2026-02-15T19:00,16.9,67,10.6,16.3,5.3,0,0.00,98.0
2026-02-15T20:00,15.5,70,9.9,14.7,5.7,0,0.00,1.0
2026-02-15T21:00,14.5,73,9.6,13.5,6.0,4,0.00,0.0
2026-02-15T22:00,13.4,76,9.4,12.5,5.4,6,0.00,0.0
2026-02-15T23:00,12.9,77,9.0,12.1,3.5,59,0.00,0.0
2026-02-16T00:00,12.1,81,8.9,11.0,5.6,53,0.00,0.0
2026-02-16T01:00,11.1,84,8.4,9.8,6.4,25,0.00,0.0
2026-02-16T02:00,10.4,87,8.2,9.1,5.5,32,0.00,0.0
2026-02-16T03:00,9.6,88,7.8,8.6,3.3,0,0.00,0.0
2026-02-16T04:00,9.4,89,7.6,8.5,1.6,0,0.00,0.0
2026-02-16T05:00,8.8,91,7.4,7.8,1.9,0,0.00,0.0
2026-02-16T06:00,8.2,93,7.2,7.0,3.1,0,0.00,0.0
2026-02-16T07:00,7.2,95,6.4,5.6,4.9,0,0.00,0.0
2026-02-16T08:00,7.3,95,6.5,5.5,6.2,0,0.00,0.0
2026-02-16T09:00,8.4,93,7.4,6.6,7.9,0,0.00,38.0
2026-02-16T10:00,10.7,88,8.9,9.3,7.7,0,0.00,216.0
2026-02-16T11:00,13.2,81,10.1,12.1,8.4,0,0.00,417.0
2026-02-16T12:00,15.4,75,10.9,14.5,9.2,0,0.00,585.0
2026-02-16T13:00,17.2,70,11.6,17.3,8.8,0,0.00,697.0
2026-02-16T14:00,18.5,65,11.8,19.0,8.4,0,0.00,746.0
2026-02-16T15:00,19.5,60,11.7,19.8,8.9,0,0.00,725.0
2026-02-16T16:00,20.4,58,11.9,19.9,10.2,0,0.00,638.0
2026-02-16T17:00,20.7,55,11.4,19.4,11.7,0,0.00,492.0
2026-02-16T18:00,20.3,57,11.6,19.3,10.2,0,0.00,302.0
2026-02-16T19:00,19.0,63,11.7,18.1,9.4,0,0.00,102.0
2026-02-16T20:00,17.5,67,11.2,15.9,13.8,3,0.00,1.0
2026-02-16T21:00,16.5,69,10.9,15.3,10.5,100,0.00,0.0
2026-02-16T22:00,15.8,71,10.6,14.5,10.2,99,0.00,0.0
2026-02-16T23:00,15.6,71,10.3,14.0,11.8,70,0.00,0.0
2026-02-17T00:00,15.4,72,10.3,13.6,13.3,5,0.00,0.0
2026-02-17T01:00,14.9,74,10.4,13.1,13.3,66,0.00,0.0
2026-02-17T02:00,14.6,77,10.6,12.9,12.9,80,0.00,0.0
2026-02-17T03:00,14.4,78,10.7,12.6,13.9,68,0.00,0.0
2026-02-17T04:00,14.2,80,10.8,12.3,14.9,82,0.00,0.0
2026-02-17T05:00,13.8,84,11.1,11.9,14.8,99,0.00,0.0
2026-02-17T06:00,13.7,86,11.4,12.0,14.4,83,0.00,0.0
2026-02-17T07:00,13.6,91,12.2,12.3,13.3,97,0.00,0.0
2026-02-17T08:00,13.5,92,12.2,12.1,14.1,98,0.00,0.0
2026-02-17T09:00,13.8,91,12.4,12.4,14.4,100,0.00,36.0
2026-02-17T10:00,15.1,88,13.1,12.9,21.4,100,0.00,188.0
2026-02-17T11:00,16.3,84,13.6,14.3,21.6,100,0.00,273.0
2026-02-17T12:00,18.6,73,13.6,16.4,22.9,100,0.00,387.0
2026-02-17T13:00,20.2,70,14.6,19.6,17.8,96,0.00,627.0
2026-02-17T14:00,21.9,64,14.8,21.4,19.8,44,0.00,720.0
2026-02-17T15:00,23.0,60,14.7,22.2,21.4,34,0.00,714.0
2026-02-17T16:00,23.7,58,15.0,22.6,21.5,34,0.00,623.0
2026-02-17T17:00,24.1,58,15.4,22.9,20.9,55,0.00,479.0
2026-02-17T18:00,23.5,61,15.6,22.8,18.3,85,0.00,294.0
2026-02-17T19:00,22.6,64,15.5,21.9,18.1,27,0.00,98.0
2026-02-17T20:00,21.8,68,15.5,21.0,17.8,48,0.00,2.0
2026-02-17T21:00,21.5,69,15.6,20.9,17.1,84,0.00,0.0
2026-02-17T22:00,21.1,71,15.6,20.4,17.8,100,0.00,0.0
2026-02-17T23:00,20.9,72,15.6,20.0,19.3,99,0.00,0.0
2026-02-18T00:00,20.4,74,15.6,19.6,18.6,98,0.00,0.0
2026-02-18T01:00,19.8,79,16.0,19.5,16.6,96,0.00,0.0
2026-02-18T02:00,19.5,81,16.0,19.6,13.2,97,0.00,0.0
2026-02-18T03:00,19.0,82,15.9,19.3,11.3,42,0.00,0.0
2026-02-18T04:00,18.0,84,15.3,18.5,9.1,65,0.00,0.0
2026-02-18T05:00,16.8,85,14.2,17.1,6.9,23,0.00,0.0
2026-02-18T06:00,16.0,76,11.7,15.3,8.5,22,0.00,0.0
2026-02-18T07:00,15.3,66,8.9,13.9,7.7,41,0.00,0.0
2026-02-18T08:00,14.3,64,7.6,12.6,7.1,70,0.00,0.0
2026-02-18T09:00,14.4,63,7.6,12.6,8.6,100,0.00,39.0
2026-02-18T10:00,16.1,61,8.6,14.8,6.3,100,0.00,144.0
2026-02-18T11:00,17.8,56,8.9,16.9,4.0,99,0.00,260.0
2026-02-18T12:00,19.6,50,8.8,18.6,4.5,100,0.00,414.0
2026-02-18T13:00,21.5,35,5.4,19.7,4.7,99,0.00,508.0
2026-02-18T14:00,22.5,27,2.8,20.7,4.4,82,0.00,629.0
2026-02-18T15:00,23.0,27,3.0,21.2,8.1,12,0.00,705.0
2026-02-18T16:00,23.1,29,4.2,20.8,10.3,34,0.00,646.0
2026-02-18T17:00,23.2,27,3.5,20.1,11.4,70,0.00,485.0
2026-02-18T18:00,22.5,32,5.2,19.9,9.6,44,0.00,292.0
2026-02-18T19:00,20.6,38,5.7,18.3,8.9,0,0.00,106.0
2026-02-18T20:00,18.5,44,6.1,16.3,8.7,0,0.00,2.0
2026-02-18T21:00,17.6,47,6.3,15.3,9.5,23,0.00,0.0
2026-02-18T22:00,17.3,52,7.2,14.9,11.3,61,0.00,0.0
2026-02-18T23:00,17.6,61,10.1,15.7,13.8,67,0.00,0.0
2026-02-19T00:00,18.0,72,12.9,16.5,17.1,25,0.00,0.0
2026-02-19T01:00,17.8,82,14.7,16.8,17.5,12,0.00,0.0
2026-02-19T02:00,17.6,88,15.6,17.1,16.6,0,0.00,0.0
2026-02-19T03:00,17.5,89,15.8,17.2,15.7,0,0.00,0.0
2026-02-19T04:00,17.4,91,15.8,16.9,16.7,0,0.00,0.0
2026-02-19T05:00,17.1,91,15.6,16.7,16.1,0,0.00,0.0
2026-02-19T06:00,16.7,91,15.2,16.3,14.6,4,0.00,0.0
2026-02-19T07:00,16.5,91,15.1,16.2,14.0,0,0.00,0.0
2026-02-19T08:00,15.6,89,13.8,15.2,11.2,2,0.00,0.0
2026-02-19T09:00,15.9,82,12.9,15.1,11.9,0,0.00,44.0
2026-02-19T10:00,17.8,73,12.8,17.2,9.4,33,0.00,229.0
2026-02-19T11:00,20.0,56,10.9,19.0,8.5,66,0.00,428.0
2026-02-19T12:00,21.6,36,5.9,19.0,12.0,99,0.00,570.0
2026-02-19T13:00,23.0,27,3.0,20.7,10.5,44,0.00,705.0
2026-02-19T14:00,23.5,26,3.1,21.7,9.6,82,0.00,757.0
2026-02-19T15:00,23.8,27,3.4,21.7,10.1,93,0.00,712.0
2026-02-19T16:00,23.6,27,3.7,20.8,10.3,80,0.00,576.0
2026-02-19T17:00,23.4,28,3.8,20.5,10.1,55,0.00,446.0
2026-02-19T18:00,22.6,33,5.3,20.4,6.9,37,0.00,311.0
2026-02-19T19:00,20.5,45,8.0,19.5,3.3,3,0.00,111.0
2026-02-19T20:00,18.9,45,6.8,17.7,2.2,0,0.00,2.0
2026-02-19T21:00,16.9,51,6.8,15.3,5.6,0,0.00,0.0
2026-02-19T22:00,15.1,55,6.1,13.2,6.5,0,0.00,0.0
2026-02-19T23:00,14.4,51,4.2,11.6,9.7,0,0.00,0.0
2026-02-20T00:00,12.8,45,1.0,8.8,13.7,0,0.00,0.0
2026-02-20T01:00,11.1,47,0.3,7.1,13.2,0,0.00,0.0
2026-02-20T02:00,10.1,51,0.2,6.2,12.1,0,0.00,0.0
2026-02-20T03:00,8.9,51,-0.7,4.8,13.2,0,0.00,0.0
2026-02-20T04:00,8.0,53,-0.9,3.7,14.1,0,0.00,0.0
2026-02-20T05:00,7.2,55,-1.2,3.2,12.0,0,0.00,0.0
2026-02-20T06:00,6.6,56,-1.5,2.5,11.6,0,0.00,0.0
2026-02-20T07:00,5.8,55,-2.4,1.9,10.4,4,0.00,0.0
2026-02-20T08:00,5.0,59,-2.5,1.0,10.7,66,0.00,0.0
2026-02-20T09:00,5.1,58,-2.5,0.8,12.0,85,0.00,45.0
2026-02-20T10:00,5.9,55,-2.5,1.9,10.8,88,0.00,207.0
2026-02-20T11:00,7.2,53,-1.8,3.2,11.0,100,0.00,358.0
2026-02-20T12:00,8.6,50,-1.1,4.7,11.3,98,0.00,463.0
2026-02-20T13:00,10.4,45,-1.1,6.9,8.5,95,0.00,481.0
2026-02-20T14:00,12.3,42,-0.2,9.7,6.2,62,0.00,622.0
2026-02-20T15:00,13.5,41,0.3,10.6,6.1,63,0.00,557.0
2026-02-20T16:00,14.6,40,1.3,11.9,5.6,88,0.00,498.0
2026-02-20T17:00,15.1,41,2.1,12.5,5.9,100,0.00,357.0
2026-02-20T18:00,14.7,44,2.7,12.5,3.6,100,0.40,147.0
2026-02-20T19:00,15.0,43,2.5,12.5,5.3,100,0.00,33.0
2026-02-20T20:00,14.1,50,3.8,11.8,5.4,96,0.00,1.0
2026-02-20T21:00,13.1,63,6.2,11.6,3.5,21,0.00,0.0
2026-02-20T22:00,12.0,63,5.2,10.1,5.1,18,0.00,0.0
2026-02-20T23:00,11.1,69,5.7,9.3,5.1,54,0.00,0.0
2026-02-21T00:00,10.9,69,5.4,9.0,5.6,52,0.00,0.0
2026-02-21T01:00,11.1,66,5.1,9.5,3.0,85,0.00,0.0
2026-02-21T02:00,11.4,69,5.9,9.9,3.1,92,0.00,0.0
2026-02-21T03:00,11.1,71,5.9,9.5,4.1,97,0.00,0.0
2026-02-21T04:00,11.4,65,5.2,8.8,9.4,17,0.00,0.0
2026-02-21T05:00,10.6,66,4.6,8.4,6.6,1,0.00,0.0
2026-02-21T06:00,9.9,68,4.3,7.5,7.0,0,0.00,0.0
2026-02-21T07:00,9.1,72,4.4,6.4,9.4,0,0.00,0.0
2026-02-21T08:00,8.8,72,4.0,5.7,11.0,0,0.00,0.0
2026-02-21T09:00,8.9,69,3.5,6.0,9.5,0,0.00,48.0
2026-02-21T10:00,10.3,61,3.0,6.9,12.6,0,0.00,235.0
2026-02-21T11:00,11.8,50,1.8,7.6,16.0,0,0.00,438.0
2026-02-21T12:00,12.9,42,0.2,8.4,18.7,0,0.00,607.0
2026-02-21T13:00,14.6,37,-0.2,10.2,20.7,0,0.00,723.0
2026-02-21T14:00,14.9,35,-0.5,10.7,21.3,0,0.00,773.0
2026-02-21T15:00,15.1,33,-0.9,10.7,21.6,0,0.00,754.0
2026-02-21T16:00,14.7,33,-1.4,9.7,22.0,0,0.00,665.0
2026-02-21T17:00,14.0,33,-1.9,8.4,21.9,0,0.00,517.0
2026-02-21T18:00,13.1,35,-2.2,7.7,20.0,0,0.00,326.0
2026-02-21T19:00,12.1,36,-2.4,7.2,16.6,0,0.00,119.0
2026-02-21T20:00,10.8,40,-2.2,6.2,14.5,0,0.00,3.0
2026-02-21T21:00,10.1,43,-2.0,5.8,12.8,0,0.00,0.0
2026-02-21T22:00,9.3,46,-1.6,5.2,11.7,0,0.00,0.0
2026-02-21T23:00,8.6,50,-1.2,4.7,11.0,0,0.00,0.0
2026-02-22T00:00,7.8,55,-0.6,4.3,9.2,0,0.00,0.0
2026-02-22T01:00,6.5,61,-0.5,2.9,9.6,0,0.00,0.0
2026-02-22T02:00,5.9,63,-0.5,2.3,10.0,0,0.00,0.0
2026-02-22T03:00,5.5,66,-0.4,1.8,10.7,0,0.00,0.0
2026-02-22T04:00,5.1,68,-0.3,1.4,9.9,0,0.00,0.0
2026-02-22T05:00,4.6,71,-0.3,1.2,8.6,0,0.00,0.0
2026-02-22T06:00,4.2,73,-0.3,0.8,8.3,0,0.00,0.0
2026-02-22T07:00,3.5,77,-0.2,0.0,9.0,0,0.00,0.0
2026-02-22T08:00,3.0,78,-0.4,-0.4,8.5,0,0.00,0.0
2026-02-22T09:00,3.9,74,-0.3,0.5,8.3,0,0.00,53.0
2026-02-22T10:00,5.7,63,-0.8,2.1,8.9,24,0.00,245.0
2026-02-22T11:00,7.3,55,-1.2,3.7,9.3,30,0.00,448.0
2026-02-22T12:00,8.9,48,-1.5,5.5,10.5,17,0.00,618.0
2026-02-22T13:00,10.6,41,-2.2,7.6,11.5,0,0.00,732.0
2026-02-22T14:00,11.6,37,-2.5,8.7,11.7,0,0.00,781.0
2026-02-22T15:00,12.4,34,-3.1,9.4,11.5,20,0.00,761.0
2026-02-22T16:00,12.9,32,-3.5,9.3,11.5,0,0.00,672.0
2026-02-22T17:00,13.0,31,-3.7,8.7,11.5,0,0.00,523.0
2026-02-22T18:00,12.5,30,-4.4,8.1,11.5,0,0.00,329.0
2026-02-22T19:00,11.6,33,-4.3,7.9,6.5,0,0.00,121.0
2026-02-22T20:00,9.5,50,-0.4,6.7,4.2,0,0.00,4.0
2026-02-22T21:00,8.6,52,-0.6,5.7,4.9,0,0.00,0.0
2026-02-22T22:00,7.9,52,-1.4,4.8,5.5,0,0.00,0.0
2026-02-22T23:00,7.0,57,-1.0,4.0,5.2,0,0.00,0.0
2026-02-23T00:00,6.3,60,-0.8,3.3,5.3,0,0.00,0.0
2026-02-23T01:00,4.8,66,-1.0,1.7,5.4,0,0.00,0.0
2026-02-23T02:00,4.3,65,-1.8,1.1,5.6,0,0.00,0.0
2026-02-23T03:00,3.5,68,-1.9,0.4,5.0,2,0.00,0.0
2026-02-23T04:00,3.0,69,-2.1,-0.2,5.0,0,0.00,0.0
2026-02-23T05:00,2.6,70,-2.2,-0.6,5.2,0,0.00,0.0
2026-02-23T06:00,2.2,71,-2.5,-1.1,5.2,3,0.00,0.0
2026-02-23T07:00,1.5,71,-3.2,-1.9,5.4,0,0.00,0.0
2026-02-23T08:00,0.8,69,-4.2,-2.6,4.6,0,0.00,0.0
2026-02-23T09:00,2.4,60,-4.7,-1.0,4.4,0,0.00,57.0
2026-02-23T10:00,4.3,49,-5.6,1.0,3.2,22,0.00,253.0
2026-02-23T11:00,6.4,42,-5.5,3.1,3.3,11,0.00,460.0
2026-02-23T12:00,8.5,35,-6.1,5.6,3.4,2,0.00,631.0
2026-02-23T13:00,10.5,30,-6.4,8.6,2.2,19,0.00,747.0
2026-02-23T14:00,12.3,27,-6.2,10.7,2.2,1,0.00,796.0
2026-02-23T15:00,13.3,26,-6.1,11.4,3.1,5,0.00,774.0
2026-02-23T16:00,13.9,25,-6.1,11.3,4.1,0,0.00,684.0
2026-02-23T17:00,14.1,24,-6.1,10.5,4.7,0,0.00,533.0
2026-02-23T18:00,13.8,24,-6.4,10.0,5.4,0,0.00,337.0
2026-02-23T19:00,12.4,42,-0.3,9.7,3.9,0,0.00,126.0
2026-02-23T20:00,10.8,39,-2.7,7.5,5.3,0,0.00,4.0
2026-02-23T21:00,10.4,34,-5.0,6.6,6.9,0,0.00,0.0
2026-02-23T22:00,9.6,35,-5.1,5.6,8.7,0,0.00,0.0
2026-02-23T23:00,8.9,38,-4.6,5.1,7.6,22,0.00,0.0
2026-02-24T00:00,8.8,38,-4.7,4.7,8.8,5,0.00,0.0
2026-02-24T01:00,7.4,45,-3.8,3.6,8.3,0,0.00,0.0
2026-02-24T02:00,6.4,49,-3.5,2.8,7.2,0,0.00,0.0
2026-02-24T03:00,6.2,49,-3.9,2.4,7.4,0,0.00,0.0
2026-02-24T04:00,6.1,47,-4.5,2.1,8.7,0,0.00,0.0
2026-02-24T05:00,5.9,46,-4.8,1.6,10.3,1,0.00,0.0
2026-02-24T06:00,5.9,47,-4.6,1.4,12.5,0,0.00,0.0
2026-02-24T07:00,6.4,46,-4.4,1.8,12.9,0,0.00,0.0
2026-02-24T08:00,5.7,49,-4.2,1.3,11.5,0,0.00,0.0
2026-02-24T09:00,6.7,48,-3.7,2.2,12.7,42,0.00,59.0
2026-02-24T10:00,9.0,44,-2.8,4.7,12.4,31,0.00,250.0
2026-02-24T11:00,12.0,37,-2.3,7.6,13.3,5,0.00,460.0
2026-02-24T12:00,15.1,29,-2.7,10.4,17.5,72,0.00,629.0
2026-02-24T13:00,18.3,22,-3.5,13.2,23.3,95,0.00,743.0
2026-02-24T14:00,20.1,22,-2.3,15.2,24.7,89,0.00,789.0
2026-02-24T15:00,21.6,22,-1.2,16.7,24.4,98,0.00,765.0
2026-02-24T16:00,22.4,22,-0.3,17.2,24.5,98,0.00,674.0
2026-02-24T17:00,22.6,26,2.2,17.2,25.5,99,0.00,519.0
2026-02-24T18:00,22.5,28,3.2,17.4,24.0,62,0.00,329.0
2026-02-24T19:00,21.0,33,4.1,16.6,20.7,94,0.00,124.0
2026-02-24T20:00,19.9,38,5.1,15.5,22.0,91,0.00,4.0
2026-02-24T21:00,19.3,41,5.8,15.2,21.1,60,0.00,0.0
2026-02-24T22:00,18.9,45,6.5,15.0,20.3,90,0.00,0.0
2026-02-24T23:00,18.5,47,7.1,14.9,19.3,93,0.00,0.0
2026-02-25T00:00,18.0,50,7.3,14.5,19.4,100,0.00,0.0
2026-02-25T01:00,17.2,55,7.9,13.7,20.7,86,0.00,0.0
2026-02-25T02:00,16.6,58,8.3,13.2,20.7,12,0.00,0.0
2026-02-25T03:00,16.0,61,8.6,12.7,20.2,21,0.00,0.0
2026-02-25T04:00,15.8,64,8.9,12.6,19.4,95,0.00,0.0
2026-02-25T05:00,15.4,66,9.0,12.5,17.6,96,0.00,0.0
2026-02-25T06:00,14.8,70,9.3,12.3,15.7,98,0.00,0.0
2026-02-25T07:00,14.1,78,10.2,11.6,17.6,100,0.00,0.0
2026-02-25T08:00,13.6,79,10.1,11.7,13.8,100,0.00,0.0
2026-02-25T09:00,14.4,75,10.1,12.5,13.6,100,0.00,52.0
2026-02-25T10:00,16.3,69,10.6,14.8,11.5,100,0.00,217.0
2026-02-25T11:00,18.5,60,10.6,16.7,14.1,99,0.00,411.0
2026-02-25T12:00,21.1,49,10.1,19.5,13.8,98,0.00,598.0
2026-02-25T13:00,22.2,47,10.5,21.7,11.3,100,0.00,723.0
2026-02-25T14:00,23.9,42,10.1,23.7,9.4,100,0.00,756.0
2026-02-25T15:00,25.0,40,10.4,25.0,8.7,100,0.00,734.0
2026-02-25T16:00,26.0,39,10.8,25.6,8.3,63,0.00,656.0
2026-02-25T17:00,26.5,37,10.9,26.3,3.6,95,0.00,512.0
2026-02-25T18:00,26.5,43,12.9,27.3,1.3,93,0.00,323.0
2026-02-25T19:00,24.0,52,13.5,24.5,3.6,55,0.00,120.0
2026-02-25T20:00,21.4,59,13.0,21.7,4.8,97,0.00,5.0
2026-02-25T21:00,20.4,62,12.9,20.7,3.6,99,0.00,0.0
2026-02-25T22:00,19.5,64,12.6,19.8,3.2,87,0.00,0.0
2026-02-25T23:00,19.0,63,11.9,19.4,1.5,99,0.00,0.0
2026-02-26T00:00,18.0,67,11.6,18.4,0.7,100,0.00,0.0
2026-02-26T01:00,16.1,70,10.6,15.9,3.1,100,0.00,0.0
2026-02-26T02:00,14.9,73,10.2,14.2,5.6,54,0.00,0.0
2026-02-26T03:00,14.4,76,10.1,13.6,5.3,30,0.00,0.0
2026-02-26T04:00,13.7,77,9.6,13.0,4.4,32,0.00,0.0
2026-02-26T05:00,12.6,78,8.9,11.7,4.7,52,0.00,0.0
2026-02-26T06:00,12.2,78,8.4,10.5,8.7,12,0.00,0.0
2026-02-26T07:00,10.9,92,9.6,10.2,3.8,64,0.00,0.0
2026-02-26T08:00,11.2,93,10.1,10.1,7.6,47,0.00,0.0
2026-02-26T09:00,12.8,94,11.9,12.1,8.5,64,0.00,57.0
2026-02-26T10:00,15.3,93,14.1,15.3,9.0,100,0.00,165.0
2026-02-26T11:00,16.5,91,15.1,17.2,6.7,100,0.00,197.0
2026-02-26T12:00,18.5,82,15.4,19.0,9.2,71,0.00,327.0
2026-02-26T13:00,21.8,69,15.9,22.8,10.4,14,0.00,653.0
2026-02-26T14:00,23.9,59,15.2,25.3,9.8,10,0.00,745.0
2026-02-26T15:00,25.4,52,14.9,26.6,10.4,0,0.00,739.0
2026-02-26T16:00,26.2,45,13.3,26.0,12.5,3,0.00,656.0
2026-02-26T17:00,26.0,40,11.4,24.6,13.3,0,0.00,513.0
2026-02-26T18:00,25.2,40,10.6,23.7,11.8,5,0.00,328.0
2026-02-26T19:00,23.6,41,9.5,22.3,8.3,2,0.00,127.0
2026-02-26T20:00,21.8,42,8.4,19.9,10.3,7,0.00,5.0
2026-02-26T21:00,20.7,39,6.2,18.5,8.9,0,0.00,0.0
2026-02-26T22:00,19.1,46,7.1,17.3,7.2,0,0.00,0.0
2026-02-26T23:00,18.0,46,6.1,15.9,7.4,0,0.00,0.0
2026-02-27T00:00,17.0,47,5.6,14.7,8.0,0,0.00,0.0
2026-02-27T01:00,15.1,57,6.6,13.2,6.7,0,0.00,0.0
2026-02-27T02:00,13.9,59,5.9,12.0,6.3,0,0.00,0.0
2026-02-27T03:00,13.5,58,5.4,11.7,4.8,0,0.00,0.0
2026-02-27T04:00,12.8,59,5.0,10.7,5.7,0,0.00,0.0
2026-02-27T05:00,12.4,58,4.5,10.6,3.5,0,0.00,0.0
2026-02-27T06:00,11.9,60,4.3,10.3,1.0,0,0.00,0.0
2026-02-27T07:00,10.9,62,4.0,9.2,1.8,0,0.00,0.0
2026-02-27T08:00,9.9,65,3.5,8.2,1.1,0,0.00,0.0
2026-02-27T09:00,11.3,63,4.5,9.9,0.8,0,0.00,66.0
2026-02-27T10:00,14.5,54,5.3,13.2,0.8,0,0.00,264.0
2026-02-27T11:00,17.4,45,5.2,15.7,3.6,0,0.00,470.0
2026-02-27T12:00,20.1,40,6.0,18.9,5.5,0,0.00,640.0
2026-02-27T13:00,24.0,27,3.9,22.8,6.8,0,0.00,754.0
2026-02-27T14:00,25.3,23,2.7,24.4,5.6,2,0.00,801.0
2026-02-27T15:00,26.0,21,2.2,25.2,3.5,0,0.00,771.0
2026-02-27T16:00,26.3,21,2.0,24.8,3.8,0,0.00,681.0
2026-02-27T17:00,26.2,21,1.9,23.5,5.9,0,0.00,532.0
2026-02-27T18:00,25.5,23,3.0,23.0,5.7,0,0.00,340.0
2026-02-27T19:00,23.0,35,6.5,21.2,6.1,0,0.00,133.0
2026-02-27T20:00,21.4,29,2.6,18.6,7.9,0,0.00,6.0
2026-02-27T21:00,19.9,34,3.7,17.3,7.4,0,0.00,0.0
2026-02-27T22:00,18.7,41,5.2,16.6,6.6,91,0.00,0.0
2026-02-27T23:00,18.0,42,4.9,15.9,6.4,91,0.00,0.0
2026-02-28T00:00,17.8,37,2.8,15.0,7.9,41,0.00,0.0
2026-02-28T01:00,17.0,38,2.6,14.0,8.5,98,0.00,0.0
2026-02-28T02:00,16.5,41,3.2,13.9,6.9,62,0.00,0.0
2026-02-28T03:00,16.1,43,3.6,13.5,7.8,42,0.00,0.0
2026-02-28T04:00,15.9,48,4.9,13.5,8.0,70,0.00,0.0
2026-02-28T05:00,15.4,53,5.7,13.2,7.5,46,0.00,0.0
2026-02-28T06:00,14.7,60,7.0,13.1,6.0,38,0.00,0.0
2026-02-28T07:00,15.6,58,7.4,13.7,8.7,36,0.00,0.0
2026-02-28T08:00,14.9,63,7.8,13.1,8.0,55,0.00,0.0
2026-02-28T09:00,15.9,59,8.0,13.9,10.7,20,0.00,54.0
2026-02-28T10:00,18.3,53,8.6,16.6,8.9,5,0.00,240.0
2026-02-28T11:00,20.5,46,8.6,18.6,10.9,6,0.00,416.0
2026-02-28T12:00,22.8,42,9.2,20.8,13.5,0,0.00,575.0
2026-02-28T13:00,25.6,38,10.4,24.3,16.1,0,0.00,732.0
2026-02-28T14:00,27.0,33,9.4,25.6,16.8,0,0.00,776.0
2026-02-28T15:00,28.0,29,8.5,26.2,16.6,0,0.00,754.0
2026-02-28T16:00,28.5,28,8.1,26.1,16.6,0,0.00,666.0
2026-02-28T17:00,28.5,26,6.9,25.2,16.6,0,0.00,520.0
2026-02-28T18:00,28.0,26,6.9,24.8,15.9,0,0.00,332.0
2026-02-28T19:00,26.1,30,7.1,23.6,12.1,0,0.00,130.0
2026-02-28T20:00,23.8,37,8.4,22.0,9.1,0,0.00,6.0
2026-02-28T21:00,22.6,42,8.9,21.1,8.4,1,0.00,0.0
2026-02-28T22:00,22.2,42,8.7,20.3,10.8,5,0.00,0.0
2026-02-28T23:00,21.9,43,8.8,19.8,12.4,13,0.00,0.0
2026-03-01T00:00,21.3,45,8.9,19.3,12.1,33,0.00,0.0
2026-03-01T01:00,20.2,50,9.4,18.3,12.7,95,0.00,0.0
2026-03-01T02:00,19.8,54,10.2,18.0,13.2,100,0.00,0.0
2026-03-01T03:00,19.3,59,11.2,17.9,12.3,100,0.00,0.0
2026-03-01T04:00,18.6,63,11.6,17.6,10.5,100,0.00,0.0
2026-03-01T05:00,18.0,65,11.4,16.9,10.3,99,0.00,0.0
2026-03-01T06:00,17.5,69,11.7,16.6,9.6,62,0.00,0.0
2026-03-01T07:00,16.4,84,13.6,16.1,9.5,38,0.00,0.0
2026-03-01T08:00,16.0,88,14.1,15.9,9.9,59,0.00,0.0
2026-03-01T09:00,16.6,88,14.7,16.1,14.6,100,0.00,57.0
2026-03-01T10:00,17.4,84,14.8,16.5,16.7,100,0.00,154.0
2026-03-01T11:00,18.8,77,14.7,17.7,18.3,100,0.00,249.0
2026-03-01T12:00,20.7,69,14.7,19.6,18.4,100,0.00,378.0
2026-03-01T13:00,21.0,69,15.1,19.8,19.6,100,0.00,509.0
2026-03-01T14:00,22.2,64,15.2,21.0,20.3,100,0.00,424.0
2026-03-01T15:00,23.6,58,14.9,22.1,21.7,88,0.00,387.0
2026-03-01T16:00,25.0,51,14.2,23.8,18.2,34,0.00,414.0
2026-03-01T17:00,27.2,41,12.9,25.1,21.2,70,0.00,437.0
2026-03-01T18:00,27.1,41,12.9,25.3,18.6,51,0.00,233.0
2026-03-01T19:00,25.2,48,13.4,24.3,13.7,74,0.00,104.0
2026-03-01T20:00,23.5,51,12.9,23.1,9.2,99,0.00,6.0
2026-03-01T21:00,22.9,52,12.6,22.0,11.6,94,0.00,0.0
2026-03-01T22:00,22.6,52,12.1,21.3,13.5,16,0.00,0.0
2026-03-01T23:00,22.1,50,11.2,20.7,12.4,12,0.00,0.0
2026-03-02T00:00,21.4,50,10.4,20.0,10.6,99,0.00,0.0
2026-03-02T01:00,20.0,50,9.2,18.2,11.6,100,0.00,0.0
2026-03-02T02:00,19.7,51,9.1,17.5,13.3,99,0.00,0.0
2026-03-02T03:00,19.0,56,9.9,17.1,13.1,98,0.00,0.0
2026-03-02T04:00,18.3,62,10.9,16.8,12.1,76,0.00,0.0
2026-03-02T05:00,17.6,69,11.9,16.6,11.4,1,0.00,0.0
2026-03-02T06:00,16.5,81,13.4,16.9,4.9,3,0.00,0.0
2026-03-02T07:00,16.1,87,14.1,16.7,5.2,63,0.00,0.0
2026-03-02T08:00,15.9,91,14.4,16.1,8.4,99,0.00,0.0
2026-03-02T09:00,17.0,89,15.1,17.7,7.3,100,0.00,50.0
2026-03-02T10:00,17.9,85,15.4,18.3,10.0,100,0.00,115.0
2026-03-02T11:00,19.1,79,15.4,19.8,8.1,100,0.00,201.0
2026-03-02T12:00,20.6,73,15.6,21.4,7.5,100,0.10,298.0
2026-03-02T13:00,22.2,65,15.4,23.0,7.1,100,0.00,307.0
2026-03-02T14:00,23.8,58,15.1,24.9,3.8,100,0.00,443.0
2026-03-02T15:00,24.0,58,15.3,25.2,4.7,100,0.00,569.0
2026-03-02T16:00,24.4,58,15.6,25.7,4.5,96,0.00,571.0
2026-03-02T17:00,25.4,54,15.2,26.7,2.9,2,0.00,430.0
2026-03-02T18:00,26.1,49,14.7,26.9,5.4,67,0.00,333.0
2026-03-02T19:00,25.4,51,14.5,25.0,13.0,10,0.00,132.0
2026-03-02T20:00,24.0,54,14.2,23.6,11.6,5,0.00,7.0
2026-03-02T21:00,22.8,60,14.5,22.9,9.2,1,0.00,0.0
2026-03-02T22:00,22.5,58,13.9,22.1,11.3,5,0.00,0.0
2026-03-02T23:00,21.9,60,13.6,21.1,13.3,66,0.00,0.0
2026-03-03T00:00,21.8,59,13.3,20.7,14.5,78,0.00,0.0
2026-03-03T01:00,20.9,62,13.4,19.5,16.5,98,0.00,0.0
2026-03-03T02:00,20.2,67,13.9,19.2,15.8,94,0.00,0.0
2026-03-03T03:00,19.7,72,14.5,18.8,16.0,15,0.00,0.0
2026-03-03T04:00,19.1,76,14.9,18.3,16.2,63,0.00,0.0
2026-03-03T05:00,18.4,83,15.4,17.8,16.6,5,0.00,0.0
2026-03-03T06:00,17.9,90,16.2,17.5,17.3,100,0.00,0.0
2026-03-03T07:00,18.7,88,16.8,18.7,16.6,100,0.00,0.0
2026-03-03T08:00,19.0,88,17.0,19.1,16.2,100,0.00,0.0
2026-03-03T09:00,19.6,84,16.9,19.5,17.5,100,0.00,27.0
2026-03-03T10:00,21.0,74,16.2,19.7,24.1,84,0.00,170.0
2026-03-03T11:00,22.8,64,15.6,20.9,26.1,55,0.00,369.0
2026-03-03T12:00,24.5,55,14.8,22.7,23.5,42,0.00,467.0
2026-03-03T13:00,25.4,51,14.6,24.1,22.6,66,0.00,659.0
2026-03-03T14:00,26.4,50,15.1,25.6,20.4,9,0.00,652.0
2026-03-03T15:00,27.6,47,15.2,27.5,20.2,2,0.00,764.0
2026-03-03T16:00,27.5,48,15.4,26.8,20.8,19,0.00,644.0
2026-03-03T17:00,28.4,45,15.3,27.4,18.5,13,0.00,527.0
2026-03-03T18:00,28.1,43,14.2,26.9,17.7,67,0.00,334.0
2026-03-03T19:00,27.6,46,14.9,27.5,12.1,98,0.00,134.0
2026-03-03T20:00,25.2,55,15.5,26.1,6.9,82,0.00,7.0
2026-03-03T21:00,24.6,55,15.1,25.0,9.5,100,0.00,0.0
2026-03-03T22:00,24.0,56,14.9,24.2,9.8,88,0.00,0.0
2026-03-03T23:00,23.3,58,14.7,23.2,11.7,100,0.00,0.0
2026-03-04T00:00,23.5,59,14.9,22.7,16.4,79,0.00,0.0
2026-03-04T01:00,22.8,66,16.1,22.3,17.4,96,0.00,0.0
2026-03-04T02:00,22.1,73,17.1,22.3,15.7,55,0.00,0.0
2026-03-04T03:00,21.6,80,18.0,22.4,14.2,23,0.00,0.0
2026-03-04T04:00,21.2,84,18.3,22.0,15.6,5,0.00,0.0
2026-03-04T05:00,20.9,86,18.5,21.8,15.1,100,0.00,0.0
2026-03-04T06:00,21.1,86,18.6,22.2,14.4,100,0.00,0.0
2026-03-04T07:00,21.0,84,18.2,21.4,17.6,100,0.00,0.0
2026-03-04T08:00,21.0,84,18.1,21.9,14.9,100,0.00,0.0
2026-03-04T09:00,21.6,81,18.1,22.5,14.3,100,0.00,37.0
2026-03-04T10:00,22.5,77,18.2,23.0,16.9,100,0.00,111.0
2026-03-04T11:00,23.7,71,18.1,23.6,21.2,100,0.10,256.0
2026-03-04T12:00,24.6,67,18.1,24.8,19.1,100,0.10,309.0
2026-03-04T13:00,26.0,56,16.6,25.4,20.4,100,0.10,498.0
2026-03-04T14:00,25.8,58,17.0,25.7,17.1,98,0.30,552.0
2026-03-04T15:00,26.3,56,16.7,26.3,16.0,95,0.20,437.0
2026-03-04T16:00,25.2,65,18.1,26.5,11.7,60,0.20,440.0
2026-03-04T17:00,25.5,64,18.1,27.0,10.1,86,0.10,372.0
2026-03-04T18:00,25.1,65,18.0,26.0,14.1,89,0.20,247.0
2026-03-04T19:00,20.4,91,18.9,22.1,10.3,100,0.10,84.0
2026-03-04T20:00,20.5,89,18.6,22.8,6.7,100,0.10,3.0
2026-03-04T21:00,19.9,89,18.0,21.0,12.9,100,1.50,0.0
2026-03-04T22:00,19.8,90,18.1,21.0,11.7,100,0.00,0.0
2026-03-04T23:00,19.9,88,17.9,20.6,14.7,98,0.00,0.0
2026-03-05T00:00,19.9,87,17.8,20.7,13.8,100,0.00,0.0
2026-03-05T01:00,18.5,95,17.6,18.7,16.9,100,0.00,0.0
2026-03-05T02:00,18.6,95,17.7,21.0,2.6,100,4.60,0.0
2026-03-05T03:00,18.9,93,17.8,20.5,7.9,100,0.30,0.0
2026-03-05T04:00,18.8,93,17.6,18.7,18.8,100,0.00,0.0
2026-03-05T05:00,18.6,92,17.3,19.1,14.8,100,0.00,0.0
2026-03-05T06:00,19.0,91,17.5,20.0,11.9,88,0.00,0.0
2026-03-05T07:00,18.5,89,16.6,19.0,12.6,100,0.80,0.0
2026-03-05T08:00,19.5,90,17.9,19.9,17.4,83,0.00,0.0
2026-03-05T09:00,20.2,87,18.1,21.2,13.5,84,0.00,44.0
2026-03-05T10:00,21.6,81,18.3,21.7,20.4,99,0.00,184.0
2026-03-05T11:00,23.0,74,18.1,22.8,21.8,100,0.10,351.0
2026-03-05T12:00,23.6,72,18.2,23.7,20.0,100,0.00,321.0
2026-03-05T13:00,24.1,69,18.1,23.8,22.8,57,0.10,422.0
2026-03-05T14:00,25.2,64,17.9,25.2,22.0,23,0.40,618.0
2026-03-05T15:00,26.0,59,17.5,26.3,21.8,18,0.10,700.0
2026-03-05T16:00,26.5,56,16.9,26.0,20.6,38,0.00,565.0
2026-03-05T17:00,26.6,52,15.9,25.4,22.4,66,0.00,443.0
2026-03-05T18:00,25.9,54,16.0,25.0,20.4,72,0.00,282.0
2026-03-05T19:00,23.4,69,17.5,23.8,15.4,86,0.00,116.0
2026-03-05T20:00,21.9,76,17.5,22.3,15.4,95,0.60,8.0
2026-03-05T21:00,23.4,65,16.4,22.9,18.0,100,0.00,0.0
2026-03-05T22:00,23.5,62,15.8,22.8,18.3,100,0.00,0.0
2026-03-05T23:00,23.0,64,15.9,22.2,18.9,100,0.00,0.0
2026-03-06T00:00,22.6,66,15.9,21.3,22.7,100,0.00,0.0
2026-03-06T01:00,22.1,71,16.6,21.2,21.7,41,0.00,0.0
2026-03-06T02:00,21.1,76,16.7,20.5,20.7,100,0.00,0.0
2026-03-06T03:00,20.4,80,16.8,20.0,19.2,59,0.00,0.0
2026-03-06T04:00,19.8,82,16.7,19.2,20.4,70,0.00,0.0
2026-03-06T05:00,19.5,85,17.0,19.0,19.8,82,0.00,0.0
2026-03-06T06:00,19.1,88,17.1,19.2,17.3,100,0.00,0.0
2026-03-06T07:00,20.0,87,17.8,20.5,16.1,100,0.00,0.0
2026-03-06T08:00,20.3,88,18.3,20.8,17.3,100,0.00,0.0
2026-03-06T09:00,20.9,88,18.7,21.3,19.2,100,0.00,18.0
2026-03-06T10:00,22.0,83,18.9,21.7,24.5,81,0.10,159.0
2026-03-06T11:00,23.5,75,18.9,22.5,29.0,73,0.10,333.0
2026-03-06T12:00,24.6,70,18.8,23.7,28.3,55,0.10,430.0
2026-03-06T13:00,25.5,64,18.1,25.0,26.1,61,0.20,629.0
2026-03-06T14:00,26.1,60,17.8,25.2,27.7,52,0.90,627.0
2026-03-06T15:00,27.3,54,17.1,26.3,27.4,52,0.80,642.0
2026-03-06T16:00,26.1,58,17.3,26.5,15.8,54,0.20,569.0
2026-03-06T17:00,22.5,78,18.5,24.7,6.1,99,8.40,304.0
2026-03-06T18:00,19.4,93,18.2,20.9,10.3,100,9.90,61.0
2026-03-06T19:00,20.0,84,17.2,19.5,21.2,100,0.30,20.0
2026-03-06T20:00,20.4,83,17.4,20.5,17.6,100,0.00,3.0
2026-03-06T21:00,20.0,86,17.6,20.0,19.4,64,0.00,0.0
2026-03-06T22:00,18.7,86,16.4,16.9,27.5,99,1.70,0.0
2026-03-06T23:00,18.4,87,16.1,17.4,21.6,93,0.10,0.0
2026-03-07T00:00,18.8,85,16.2,17.9,20.4,18,0.00,0.0
2026-03-07T01:00,19.0,94,18.0,19.6,16.4,99,0.00,0.0
2026-03-07T02:00,20.1,92,18.8,21.2,15.5,88,0.10,0.0
2026-03-07T03:00,19.5,90,17.9,20.8,10.6,45,0.00,0.0
2026-03-07T04:00,19.0,91,17.5,20.0,11.4,100,0.00,0.0
2026-03-07T05:00,19.8,92,18.4,21.1,12.2,100,0.10,0.0
2026-03-07T06:00,18.4,98,18.0,20.2,7.5,100,6.10,0.0
2026-03-07T07:00,19.0,93,17.9,19.6,15.7,100,0.00,0.0
2026-03-07T08:00,17.9,90,16.2,18.2,12.6,100,11.70,0.0
2026-03-07T09:00,14.9,90,13.3,11.3,31.7,100,1.50,15.0
2026-03-07T10:00,11.1,83,8.2,7.8,19.1,99,0.90,57.0
2026-03-07T11:00,12.2,73,7.5,8.9,18.5,100,0.10,310.0
2026-03-07T12:00,13.8,69,8.2,11.3,13.5,100,0.00,477.0
2026-03-07T13:00,11.8,76,7.7,9.7,10.1,100,0.00,413.0
2026-03-07T14:00,11.6,78,7.8,9.3,11.9,100,4.70,224.0
2026-03-07T15:00,11.5,80,8.1,9.2,12.6,98,5.30,215.0
2026-03-07T16:00,11.4,80,7.9,9.0,12.5,86,0.00,219.0
2026-03-07T17:00,12.0,76,7.8,9.6,12.6,85,0.00,371.0
2026-03-07T18:00,12.1,75,7.8,10.0,10.3,99,0.00,299.0
2026-03-07T19:00,9.2,88,7.3,6.9,10.8,100,0.00,93.0
2026-03-07T20:00,9.5,87,7.4,7.3,10.2,100,0.50,4.0
2026-03-07T21:00,9.9,88,7.9,7.9,10.2,100,0.10,0.0
2026-03-07T22:00,10.2,87,8.2,8.6,8.3,100,0.10,0.0
2026-03-07T23:00,10.4,88,8.5,8.6,9.7,100,0.00,0.0
2026-03-08T00:00,10.5,88,8.6,9.3,5.8,99,0.00,0.0
2026-03-08T01:00,9.8,88,7.9,8.5,5.4,100,0.00,0.0
2026-03-08T02:00,9.8,87,7.8,8.3,6.0,100,0.00,0.0
2026-03-08T03:00,9.8,86,7.5,8.3,5.6,100,0.00,0.0
2026-03-08T04:00,9.4,89,7.7,7.8,7.1,47,0.00,0.0
2026-03-08T05:00,8.9,91,7.6,7.1,7.7,22,0.00,0.0
2026-03-08T06:00,8.6,92,7.3,7.2,4.5,5,0.00,0.0
2026-03-08T07:00,8.1,96,7.5,6.9,4.0,4,0.00,0.0
2026-03-08T08:00,7.4,96,6.8,6.2,3.2,2,0.00,1.0
2026-03-08T09:00,8.8,91,7.3,7.5,4.1,43,0.00,84.0
2026-03-08T10:00,10.2,84,7.6,8.9,4.2,65,0.00,238.0
2026-03-08T11:00,11.9,76,7.8,10.8,3.5,73,0.00,374.0
2026-03-08T12:00,13.6,70,8.2,12.8,2.4,97,0.00,489.0
2026-03-08T13:00,16.8,57,8.1,16.1,3.6,0,0.00,605.0
2026-03-08T14:00,18.5,54,9.0,19.7,2.6,0,0.00,819.0
2026-03-08T15:00,19.8,53,9.8,21.0,2.3,0,0.00,794.0
2026-03-08T16:00,20.4,55,10.9,20.8,5.4,0,0.00,701.0
2026-03-08T17:00,20.6,58,12.1,20.4,6.3,11,0.00,549.0
2026-03-08T18:00,20.6,61,12.8,20.6,6.1,30,0.00,356.0
2026-03-08T19:00,20.5,67,14.1,21.3,4.0,91,0.00,148.0
2026-03-08T20:00,19.2,71,13.8,19.6,6.0,100,0.00,10.0
2026-03-08T21:00,19.7,74,15.0,19.5,12.9,98,0.00,0.0
2026-03-08T22:00,19.0,77,14.9,18.5,14.3,99,0.00,0.0
2026-03-08T23:00,19.0,77,15.0,18.3,16.9,100,0.00,0.0
2026-03-09T00:00,18.0,83,15.1,18.6,7.6,99,0.00,0.0
2026-03-09T01:00,18.0,86,15.6,18.2,11.7,16,0.00,0.0
2026-03-09T02:00,17.8,88,15.8,18.1,10.8,30,0.00,0.0
2026-03-09T03:00,17.7,89,15.9,17.8,12.8,98,0.00,0.0
2026-03-09T04:00,17.7,90,16.0,17.7,14.5,69,0.00,0.0
2026-03-09T05:00,17.6,91,16.1,17.8,13.3,66,0.00,0.0
2026-03-09T06:00,17.4,92,16.1,17.8,11.8,16,0.00,0.0
2026-03-09T07:00,16.0,92,14.8,16.5,7.1,88,0.00,0.0
2026-03-09T08:00,17.0,95,16.1,17.9,8.1,100,1.80,1.0
2026-03-09T09:00,18.9,94,17.9,20.3,9.5,99,0.00,58.0
2026-03-09T10:00,20.2,91,18.7,21.9,11.0,100,0.60,135.0
2026-03-09T11:00,21.2,88,19.1,22.8,12.4,98,0.00,154.0
2026-03-09T12:00,24.0,71,18.5,24.7,18.6,100,0.00,599.0
2026-03-09T13:00,24.2,73,19.0,25.4,14.9,100,0.00,515.0
2026-03-09T14:00,25.8,66,19.0,27.0,14.7,100,0.00,487.0
2026-03-09T15:00,26.8,62,19.0,27.8,16.7,83,0.00,560.0
2026-03-09T16:00,27.5,59,18.9,28.4,15.8,23,0.00,530.0
2026-03-09T17:00,28.2,55,18.3,28.8,16.5,10,0.00,532.0
2026-03-09T18:00,27.1,62,19.2,28.2,16.4,7,0.00,347.0
2026-03-09T19:00,26.0,71,20.3,27.7,16.4,77,0.00,148.0
2026-03-09T20:00,24.5,73,19.4,25.6,16.5,94,0.00,11.0
2026-03-09T21:00,23.4,78,19.2,24.3,17.5,37,0.00,0.0
2026-03-09T22:00,23.0,80,19.2,24.1,16.2,100,0.00,0.0
2026-03-09T23:00,22.5,81,19.2,23.7,15.7,100,0.00,0.0
2026-03-10T00:00,22.1,82,18.9,23.3,15.0,100,0.00,0.0
2026-03-10T01:00,22.5,79,18.8,23.4,16.9,100,0.00,0.0
2026-03-10T02:00,22.1,85,19.5,23.7,14.3,100,0.00,0.0
2026-03-10T03:00,21.9,90,20.2,23.6,15.1,100,0.00,0.0
2026-03-10T04:00,22.0,91,20.4,23.5,17.1,100,0.00,0.0
2026-03-10T05:00,21.9,89,20.0,23.1,18.0,100,0.00,0.0
2026-03-10T06:00,21.2,91,19.6,22.3,17.5,100,0.00,0.0
2026-03-10T07:00,21.0,89,19.0,21.7,18.2,100,0.00,0.0
2026-03-10T08:00,21.0,90,19.3,21.9,18.1,100,0.00,1.0
2026-03-10T09:00,21.5,90,19.8,23.0,15.5,100,0.00,20.0
2026-03-10T10:00,22.1,89,20.2,23.9,14.8,100,0.10,91.0
2026-03-10T11:00,22.5,86,20.0,23.6,18.6,100,0.00,173.0
2026-03-10T12:00,24.4,77,20.2,24.9,24.0,98,0.00,304.0
2026-03-10T13:00,22.0,87,19.6,24.2,9.6,80,0.10,397.0
2026-03-10T14:00,25.8,74,20.8,27.4,19.0,100,0.00,566.0
2026-03-10T15:00,25.8,72,20.4,26.4,24.1,91,0.10,405.0
2026-03-10T16:00,27.0,65,19.9,27.8,20.7,95,0.00,472.0
2026-03-10T17:00,25.9,72,20.5,27.5,17.3,78,0.10,310.0
2026-03-10T18:00,25.5,74,20.6,27.1,17.9,100,0.20,240.0
2026-03-10T19:00,19.4,99,19.1,20.9,13.3,97,0.00,70.0
2026-03-10T20:00,19.8,94,18.7,21.5,10.1,100,0.00,9.0
2026-03-10T21:00,21.7,86,19.3,23.3,13.3,100,0.00,0.0
2026-03-10T22:00,19.7,95,18.8,21.5,9.9,91,6.40,0.0
2026-03-10T23:00,19.5,91,18.0,21.1,9.1,100,1.90,0.0
2026-03-11T00:00,18.4,97,17.9,20.4,5.2,100,10.20,0.0
2026-03-11T01:00,16.9,97,16.3,16.9,14.5,100,2.30,0.0
2026-03-11T02:00,17.3,96,16.6,17.7,12.8,100,5.60,0.0
2026-03-11T03:00,17.4,94,16.5,18.4,8.4,100,3.50,0.0
2026-03-11T04:00,17.3,91,15.9,17.7,10.9,100,0.40,0.0
2026-03-11T05:00,17.1,92,15.9,17.0,14.3,100,0.10,0.0
2026-03-11T06:00,17.0,90,15.3,16.9,12.7,100,0.00,0.0
2026-03-11T07:00,17.4,86,14.9,15.2,26.3,100,0.00,0.0
2026-03-11T08:00,18.4,76,14.0,18.3,9.4,99,0.00,0.0
2026-03-11T09:00,18.0,83,15.1,18.6,6.9,63,0.00,43.0
2026-03-11T10:00,19.1,79,15.5,19.6,9.8,100,0.00,281.0
2026-03-11T11:00,18.9,79,15.2,19.6,7.3,100,0.00,126.0
2026-03-11T12:00,19.9,76,15.6,21.1,4.1,2,0.00,251.0
2026-03-11T13:00,22.5,63,15.2,25.4,3.3,0,0.00,799.0
2026-03-11T14:00,23.1,61,15.1,24.5,11.9,61,0.20,813.0
2026-03-11T15:00,21.7,60,13.6,19.5,27.2,37,0.30,696.0
2026-03-11T16:00,21.3,56,12.3,18.4,26.6,10,0.00,615.0
2026-03-11T17:00,19.5,51,9.1,15.0,28.8,9,0.00,508.0
2026-03-11T18:00,19.0,49,8.1,14.6,27.1,2,0.00,345.0
2026-03-11T19:00,17.6,49,6.9,13.6,22.7,0,0.00,158.0
2026-03-11T20:00,15.7,55,6.6,11.6,22.2,0,0.00,13.0
2026-03-11T21:00,14.1,55,5.3,9.8,22.1,0,0.00,0.0
2026-03-11T22:00,12.9,55,4.0,7.8,24.8,0,0.00,0.0
2026-03-11T23:00,11.4,56,3.0,6.6,22.5,0,0.00,0.0
2026-03-12T00:00,10.6,57,2.3,6.0,19.4,0,0.00,0.0
2026-03-12T01:00,9.7,62,2.8,5.7,15.8,0,0.00,0.0
2026-03-12T02:00,8.9,64,2.3,5.2,13.0,0,0.00,0.0
2026-03-12T03:00,8.3,65,2.2,4.8,11.7,0,0.00,0.0
2026-03-12T04:00,7.8,67,2.0,4.2,12.4,0,0.00,0.0
2026-03-12T05:00,7.2,66,1.4,3.7,11.5,0,0.00,0.0
2026-03-12T06:00,6.7,66,0.9,3.2,10.3,0,0.00,0.0
2026-03-12T07:00,5.6,74,1.4,3.0,5.1,0,0.00,0.0
2026-03-12T08:00,5.1,77,1.5,2.6,3.9,0,0.00,3.0
2026-03-12T09:00,6.7,70,1.7,4.4,2.9,0,0.00,120.0
2026-03-12T10:00,8.1,59,0.6,5.5,3.6,0,0.00,341.0
2026-03-12T11:00,9.4,54,0.6,7.3,1.2,0,0.00,554.0
2026-03-12T12:00,10.9,49,0.6,9.7,2.1,0,0.00,721.0
2026-03-12T13:00,12.9,28,-5.3,11.5,2.9,0,0.00,832.0
2026-03-12T14:00,13.9,30,-3.5,12.9,3.8,0,0.00,883.0
2026-03-12T15:00,14.6,31,-2.3,13.5,4.0,0,0.00,853.0
2026-03-12T16:00,15.0,32,-1.6,13.3,4.7,0,0.00,755.0
2026-03-12T17:00,15.1,35,-0.1,12.3,6.7,0,0.00,598.0
2026-03-12T18:00,14.9,40,1.3,11.8,7.7,0,0.00,394.0
2026-03-12T19:00,15.1,44,2.8,12.3,7.7,0,0.00,172.0
2026-03-12T20:00,13.2,50,3.0,10.1,10.4,0,0.00,15.0
2026-03-12T21:00,12.5,51,2.8,9.2,11.4,0,0.00,0.0
2026-03-12T22:00,11.8,54,2.8,8.8,9.4,0,0.00,0.0
2026-03-12T23:00,11.2,55,2.5,7.9,10.8,0,0.00,0.0
2026-03-13T00:00,10.8,55,2.0,7.4,11.2,0,0.00,0.0
2026-03-13T01:00,9.9,59,2.1,6.4,11.7,0,0.00,0.0
2026-03-13T02:00,9.6,59,2.0,6.2,11.1,0,0.00,0.0
2026-03-13T03:00,9.4,60,2.2,6.1,11.1,0,0.00,0.0
2026-03-13T04:00,9.4,59,2.0,5.9,12.1,0,0.00,0.0
2026-03-13T05:00,9.5,58,1.8,5.8,12.4,0,0.00,0.0
2026-03-13T06:00,9.4,59,1.9,6.0,11.2,0,0.00,0.0
2026-03-13T07:00,9.8,57,1.6,6.0,13.0,0,0.00,0.0
2026-03-13T08:00,9.4,59,1.6,5.9,10.9,0,0.00,3.0
2026-03-13T09:00,10.9,58,2.9,7.8,10.3,0,0.00,119.0
2026-03-13T10:00,13.2,55,4.3,10.3,10.8,0,0.00,332.0
2026-03-13T11:00,15.4,51,5.4,12.5,12.1,0,0.00,539.0
2026-03-13T12:00,17.5,48,6.4,15.8,11.7,0,0.00,706.0
2026-03-13T13:00,20.6,40,6.5,19.6,11.1,0,0.00,815.0
2026-03-13T14:00,21.9,39,7.2,21.2,11.6,0,0.00,861.0
2026-03-13T15:00,22.8,39,8.1,21.8,13.4,0,0.00,833.0
2026-03-13T16:00,23.2,40,8.9,21.8,14.6,0,0.00,737.0
2026-03-13T17:00,23.2,42,9.6,21.2,14.4,0,0.00,582.0
2026-03-13T18:00,22.6,47,10.6,21.1,11.6,0,0.00,383.0
2026-03-13T19:00,21.5,49,10.4,20.1,10.7,0,0.00,169.0
2026-03-13T20:00,19.0,55,9.8,17.5,9.7,0,0.00,16.0
2026-03-13T21:00,17.8,57,9.1,16.1,10.1,0,0.00,0.0
2026-03-13T22:00,16.9,62,9.4,14.9,12.7,0,0.00,0.0
2026-03-13T23:00,16.5,64,9.7,14.5,13.4,0,0.00,0.0
2026-03-14T00:00,16.1,65,9.5,14.1,13.0,0,0.00,0.0
2026-03-14T01:00,16.0,66,9.6,13.8,14.5,0,0.00,0.0
2026-03-14T02:00,15.8,70,10.2,13.7,14.3,0,0.00,0.0
2026-03-14T03:00,15.4,73,10.6,13.5,14.4,0,0.00,0.0
2026-03-14T04:00,14.9,76,10.8,13.0,14.5,0,0.00,0.0
2026-03-14T05:00,14.4,78,10.6,12.3,15.2,0,0.00,0.0
2026-03-14T06:00,13.8,80,10.4,11.9,13.9,0,0.00,0.0
2026-03-14T07:00,13.3,85,10.9,11.5,14.0,0,0.00,0.0
2026-03-14T08:00,13.0,85,10.6,11.2,13.3,0,0.00,4.0
2026-03-14T09:00,14.1,83,11.2,12.8,11.2,0,0.00,119.0
2026-03-14T10:00,15.8,79,12.1,14.5,12.9,0,0.00,330.0
2026-03-14T11:00,17.9,74,13.2,17.0,12.6,1,0.00,534.0
2026-03-14T12:00,19.9,70,14.2,20.1,13.8,1,0.00,696.0
2026-03-14T13:00,22.2,63,14.9,22.9,15.1,13,0.00,802.0
2026-03-14T14:00,23.5,60,15.3,24.3,16.8,21,0.00,845.0
2026-03-14T15:00,24.6,57,15.6,25.3,17.8,61,0.00,817.0
2026-03-14T16:00,25.5,54,15.6,25.4,19.4,80,0.00,721.0
2026-03-14T17:00,25.5,54,15.5,24.4,20.7,89,0.00,555.0
2026-03-14T18:00,24.9,55,15.2,23.9,19.0,100,0.00,343.0
2026-03-14T19:00,24.0,52,13.7,22.7,17.6,85,0.00,135.0
2026-03-14T20:00,22.5,55,13.1,21.2,15.9,100,0.00,15.0
2026-03-14T21:00,21.5,61,13.6,20.2,16.5,95,0.00,0.0
2026-03-14T22:00,21.1,62,13.5,19.4,19.2,94,0.00,0.0
2026-03-14T23:00,20.9,63,13.6,19.0,20.7,95,0.00,0.0
2026-03-15T00:00,20.6,67,14.2,18.9,21.5,85,0.00,0.0
2026-03-15T01:00,20.4,73,15.3,19.0,22.0,31,0.00,0.0
2026-03-15T02:00,19.7,77,15.6,18.4,22.0,70,0.00,0.0
2026-03-15T03:00,19.1,83,16.1,17.9,22.9,76,0.00,0.0
2026-03-15T04:00,18.7,88,16.6,17.7,22.8,100,0.00,0.0
2026-03-15T05:00,18.9,88,17.0,18.1,22.5,100,0.00,0.0
2026-03-15T06:00,19.2,88,17.1,18.6,22.1,100,0.00,0.0
2026-03-15T07:00,19.5,86,17.1,18.9,21.5,93,0.00,0.0
2026-03-15T08:00,19.5,86,17.0,18.9,21.3,100,0.00,3.0
2026-03-15T09:00,20.1,83,17.1,19.4,21.9,78,0.00,75.0
2026-03-15T10:00,21.4,79,17.7,21.5,18.2,0,0.00,287.0
2026-03-15T11:00,23.6,71,18.0,23.8,19.0,0,0.00,534.0
2026-03-15T12:00,26.2,59,17.6,27.3,16.3,0,0.00,695.0
2026-03-15T13:00,28.8,40,13.6,28.7,17.5,0,0.00,806.0
2026-03-15T14:00,24.6,36,8.6,20.6,33.4,0,0.00,846.0
2026-03-15T15:00,21.1,31,3.3,15.7,34.3,66,0.00,831.0
2026-03-15T16:00,19.6,30,1.4,13.8,31.7,100,0.00,734.0
2026-03-15T17:00,17.7,31,0.2,10.8,33.4,89,0.00,559.0
2026-03-15T18:00,15.4,34,-0.2,8.7,31.3,88,0.00,383.0
2026-03-15T19:00,12.9,37,-1.4,6.4,28.8,96,0.00,161.0
2026-03-15T20:00,10.6,41,-2.2,4.4,25.7,100,0.00,16.0
2026-03-15T21:00,9.8,39,-3.7,3.3,26.2,98,0.00,0.0
2026-03-15T22:00,9.9,37,-4.1,3.9,22.8,84,0.00,0.0
2026-03-15T23:00,8.4,37,-5.4,1.8,25.3,62,0.00,0.0
2026-03-16T00:00,6.4,38,-6.8,-0.6,27.9,87,0.00,0.0
2026-03-16T01:00,5.8,41,-6.7,-0.7,24.2,85,0.00,0.0
2026-03-16T02:00,4.5,44,-6.8,-1.9,23.5,52,0.60,0.0
2026-03-16T03:00,3.6,45,-7.3,-2.7,22.5,0,0.00,0.0
2026-03-16T04:00,3.0,46,-7.5,-3.3,23.0,0,0.00,0.0
2026-03-16T05:00,2.5,46,-7.9,-3.8,22.5,0,0.00,0.0
2026-03-16T06:00,2.1,45,-8.8,-3.8,18.7,0,0.00,0.0
2026-03-16T07:00,1.5,48,-8.5,-4.2,17.0,0,0.00,0.0
2026-03-16T08:00,1.1,47,-8.9,-4.4,16.3,0,0.00,5.0
2026-03-16T09:00,1.8,42,-9.7,-4.1,18.4,5,0.00,138.0
2026-03-16T10:00,2.8,37,-10.4,-3.6,21.3,73,0.00,362.0
2026-03-16T11:00,3.7,33,-11.1,-2.7,21.9,100,0.00,573.0
2026-03-16T12:00,4.6,30,-11.7,-1.3,21.0,100,0.00,654.0
2026-03-16T13:00,5.8,25,-12.6,0.8,19.2,100,0.00,780.0
2026-03-16T14:00,6.6,24,-12.6,1.6,18.0,100,0.00,778.0
2026-03-16T15:00,6.8,23,-12.8,1.3,16.6,100,0.00,612.0
2026-03-16T16:00,7.3,23,-12.6,1.8,16.2,98,0.00,593.0
2026-03-16T17:00,7.8,22,-12.4,2.5,14.7,100,0.00,591.0
2026-03-16T18:00,7.7,23,-12.4,2.3,13.2,99,0.00,358.0
2026-03-16T19:00,7.1,26,-11.3,2.2,10.4,100,0.00,164.0
2026-03-16T20:00,5.6,44,-5.8,2.0,4.5,49,0.00,17.0
2026-03-16T21:00,5.2,49,-4.6,2.0,2.8,0,0.00,0.0
2026-03-16T22:00,5.1,47,-5.3,2.2,0.4,0,0.00,0.0
2026-03-16T23:00,4.6,49,-5.1,1.7,0.6,0,0.00,0.0
2026-03-17T00:00,4.1,52,-4.8,1.0,2.2,0,0.00,0.0
2026-03-17T01:00,2.2,61,-4.4,-1.1,4.4,31,0.00,0.0
2026-03-17T02:00,1.6,64,-4.5,-1.8,4.9,74,0.00,0.0
2026-03-17T03:00,1.2,65,-4.7,-2.3,5.2,99,0.00,0.0
2026-03-17T04:00,1.1,63,-5.2,-2.6,6.1,86,0.00,0.0
2026-03-17T05:00,1.2,61,-5.5,-2.5,6.1,92,0.00,0.0
2026-03-17T06:00,1.2,62,-5.3,-2.3,4.7,77,0.00,0.0
2026-03-17T07:00,2.1,61,-4.7,-1.3,4.5,98,0.00,0.0
2026-03-17T08:00,1.8,60,-5.3,-1.9,5.5,98,0.00,6.0
2026-03-17T09:00,3.8,55,-4.6,-0.0,7.1,100,0.00,131.0
2026-03-17T10:00,5.9,48,-4.2,2.1,7.6,100,0.00,348.0
2026-03-17T11:00,8.4,43,-3.5,4.3,9.5,87,0.00,547.0
2026-03-17T12:00,10.6,35,-4.3,7.0,12.8,26,0.00,719.0
2026-03-17T13:00,13.5,25,-6.1,10.0,14.8,23,0.00,833.0
2026-03-17T14:00,14.9,22,-6.4,11.4,16.1,60,0.00,877.0
2026-03-17T15:00,15.9,22,-5.6,11.9,18.0,99,0.00,847.0
2026-03-17T16:00,16.1,24,-4.3,11.4,19.6,17,0.00,733.0
2026-03-17T17:00,16.1,24,-4.2,10.6,20.2,8,0.00,586.0
2026-03-17T18:00,15.8,25,-4.3,10.3,19.4,0,0.00,397.0
2026-03-17T19:00,15.3,27,-3.7,10.6,14.3,0,0.00,180.0
2026-03-17T20:00,13.8,28,-4.4,8.8,15.1,51,0.00,19.0
2026-03-17T21:00,13.4,27,-5.3,8.1,16.5,0,0.00,0.0
2026-03-17T22:00,13.2,26,-5.8,8.0,16.0,15,0.00,0.0
2026-03-17T23:00,12.6,27,-5.9,7.6,14.2,50,0.00,0.0
2026-03-18T00:00,11.9,28,-5.8,7.2,13.0,12,0.00,0.0
2026-03-18T01:00,10.9,34,-4.3,6.2,13.9,64,0.00,0.0
2026-03-18T02:00,10.1,37,-4.1,5.5,13.2,95,0.00,0.0
2026-03-18T03:00,9.6,39,-3.8,5.0,13.3,99,0.00,0.0
2026-03-18T04:00,9.3,41,-3.2,4.6,14.7,93,0.00,0.0
2026-03-18T05:00,9.1,45,-2.2,4.4,14.9,80,0.00,0.0
2026-03-18T06:00,8.4,52,-0.8,4.9,8.9,88,0.00,0.0
2026-03-18T07:00,8.4,58,0.6,4.6,12.0,99,0.00,0.0
2026-03-18T08:00,8.4,60,1.0,4.5,13.5,100,0.00,4.0
2026-03-18T09:00,9.2,60,1.9,5.7,12.2,94,0.00,70.0
2026-03-18T10:00,11.2,56,2.8,7.6,13.4,98,0.00,342.0
2026-03-18T11:00,13.4,52,3.7,9.9,14.2,97,0.00,547.0
2026-03-18T12:00,15.8,48,4.7,13.3,13.8,99,0.00,708.0
2026-03-18T13:00,18.5,42,5.4,17.0,12.5,77,0.00,819.0
2026-03-18T14:00,20.1,40,6.1,19.0,13.0,95,0.00,865.0
2026-03-18T15:00,21.4,38,6.6,20.1,13.3,91,0.00,833.0
2026-03-18T16:00,22.1,38,7.0,20.4,13.7,80,0.00,730.0
2026-03-18T17:00,22.5,38,7.3,19.9,14.1,96,0.00,583.0
2026-03-18T18:00,22.1,40,7.8,19.5,13.8,52,0.00,387.0
2026-03-18T19:00,21.0,43,7.8,18.8,11.2,0,0.00,176.0
2026-03-18T20:00,19.2,47,7.6,16.8,12.1,0,0.00,19.0
2026-03-18T21:00,18.4,46,6.7,15.6,13.3,0,0.00,0.0
2026-03-18T22:00,17.9,45,5.9,14.9,13.7,0,0.00,0.0
2026-03-18T23:00,17.5,45,5.3,14.3,14.3,31,0.00,0.0
2026-03-19T00:00,17.3,44,5.0,13.8,15.3,23,0.00,0.0
2026-03-19T01:00,16.4,50,5.9,13.4,13.4,0,0.00,0.0
2026-03-19T02:00,15.1,57,6.7,13.1,7.6,0,0.00,0.0
2026-03-19T03:00,14.3,61,6.9,12.4,7.3,5,0.00,0.0
2026-03-19T04:00,13.6,65,7.2,11.9,6.8,31,0.00,0.0
2026-03-19T05:00,13.1,67,7.2,11.3,7.9,63,0.00,0.0
2026-03-19T06:00,12.8,69,7.2,10.7,9.2,0,0.00,0.0
2026-03-19T07:00,12.2,72,7.4,10.1,10.0,0,0.00,0.0
2026-03-19T08:00,12.0,74,7.5,9.9,10.1,0,0.00,7.0
2026-03-19T09:00,13.9,70,8.4,12.1,9.0,13,0.00,138.0
2026-03-19T10:00,16.4,61,8.9,14.7,9.3,3,0.00,349.0
2026-03-19T11:00,19.0,53,9.2,17.4,10.3,0,0.00,553.0
2026-03-19T12:00,21.5,48,10.1,21.0,10.6,0,0.00,717.0
2026-03-19T13:00,24.8,42,10.9,25.0,11.0,0,0.00,825.0
2026-03-19T14:00,27.0,37,11.2,27.3,12.6,0,0.00,867.0
2026-03-19T15:00,28.4,34,11.2,28.2,14.3,0,0.00,839.0
2026-03-19T16:00,28.9,33,10.8,27.7,16.4,0,0.00,744.0
2026-03-19T17:00,29.0,31,10.4,26.7,17.3,0,0.00,590.0
2026-03-19T18:00,28.4,32,10.2,26.1,16.1,0,0.00,394.0
2026-03-19T19:00,27.0,35,10.4,25.2,13.0,0,0.00,181.0
2026-03-19T20:00,25.0,40,10.4,23.4,11.7,0,0.00,20.0
2026-03-19T21:00,23.9,43,10.4,22.2,12.1,0,0.00,0.0
2026-03-19T22:00,22.8,45,10.2,21.1,12.4,0,0.00,0.0
2026-03-19T23:00,22.0,46,9.9,20.3,11.5,0,0.00,0.0
2026-03-20T00:00,20.9,49,9.9,19.4,9.9,0,0.00,0.0
2026-03-20T01:00,19.8,55,10.6,18.2,12.1,0,0.00,0.0
2026-03-20T02:00,18.6,59,10.4,17.2,10.8,0,0.00,0.0
2026-03-20T03:00,17.9,62,10.4,16.5,9.8,0,0.00,0.0
2026-03-20T04:00,17.2,64,10.3,15.9,9.4,0,0.00,0.0
2026-03-20T05:00,16.6,66,10.2,15.4,9.0,0,0.00,0.0
2026-03-20T06:00,16.1,67,10.1,14.9,8.5,0,0.00,0.0
2026-03-20T07:00,15.6,69,9.9,14.5,7.5,0,0.00,0.0
2026-03-20T08:00,15.0,71,9.8,13.9,7.5,0,0.00,9.0
2026-03-20T09:00,17.0,65,10.4,15.7,10.1,0,0.00,143.0
2026-03-20T10:00,19.6,56,10.6,18.4,9.9,0,0.00,356.0
2026-03-20T11:00,22.5,47,10.6,21.3,10.4,0,0.00,560.0
2026-03-20T12:00,25.1,40,10.6,24.7,10.9,0,0.00,724.0
2026-03-20T13:00,27.8,35,10.8,27.9,11.2,0,0.00,832.0
2026-03-20T14:00,29.6,31,10.8,29.9,12.0,0,0.00,873.0
2026-03-20T15:00,30.8,29,10.9,30.9,12.4,0,0.00,845.0
2026-03-20T16:00,31.5,29,11.2,31.2,12.8,0,0.00,749.0
2026-03-20T17:00,31.6,30,12.1,30.5,13.2,0,0.00,594.0
2026-03-20T18:00,31.0,32,12.4,29.8,13.7,0,0.00,396.0
2026-03-20T19:00,29.2,36,12.4,28.1,12.6,0,0.00,182.0
2026-03-20T20:00,27.5,37,11.5,26.2,12.0,0,0.00,21.0
2026-03-20T21:00,26.4,38,10.8,24.7,13.2,0,0.00,0.0
2026-03-20T22:00,25.6,38,10.1,23.6,14.1,0,0.00,0.0
2026-03-20T23:00,25.0,38,9.8,22.8,15.1,0,0.00,0.0
2026-03-21T00:00,24.6,39,9.7,22.3,15.0,0,0.00,0.0
2026-03-21T01:00,22.9,50,11.8,21.4,14.1,0,0.00,0.0
2026-03-21T02:00,21.6,55,12.1,20.4,12.3,0,0.00,0.0
2026-03-21T03:00,20.5,59,12.2,19.7,10.8,0,0.00,0.0
2026-03-21T04:00,19.6,64,12.6,18.9,10.5,0,0.00,0.0
2026-03-21T05:00,18.7,69,12.8,18.1,10.4,0,0.00,0.0
2026-03-21T06:00,18.0,73,13.0,17.3,11.2,0,0.00,0.0
2026-03-21T07:00,16.8,79,13.1,16.2,10.7,0,0.00,0.0
2026-03-21T08:00,16.5,80,12.9,15.9,9.9,0,0.00,10.0
2026-03-21T09:00,18.1,72,13.1,17.8,9.2,0,0.00,148.0
2026-03-21T10:00,20.6,62,13.1,20.2,9.9,0,0.00,362.0
2026-03-21T11:00,23.6,51,12.8,23.0,10.7,0,0.00,566.0
2026-03-21T12:00,26.1,42,12.2,26.1,11.9,0,0.00,729.0
2026-03-21T13:00,28.5,37,12.6,29.3,11.3,0,0.00,837.0
2026-03-21T14:00,30.4,34,12.6,31.3,11.7,0,0.00,878.0
2026-03-21T15:00,31.6,31,12.6,32.2,12.8,0,0.00,849.0
2026-03-21T16:00,32.3,31,13.2,32.5,13.6,0,0.00,753.0
2026-03-21T17:00,32.6,32,13.8,31.9,14.6,0,0.00,597.0
2026-03-21T18:00,32.2,32,13.4,31.0,15.4,0,0.00,400.0
2026-03-21T19:00,30.6,34,12.9,29.6,13.4,0,0.00,186.0
2026-03-21T20:00,29.0,35,11.9,27.6,14.2,0,0.00,23.0
2026-03-21T21:00,28.1,34,10.8,26.0,16.3,0,0.00,0.0
2026-03-21T22:00,27.6,34,10.4,25.2,17.5,0,0.00,0.0
2026-03-21T23:00,27.1,34,10.1,24.6,17.8,0,0.00,0.0
2026-03-22T00:00,26.5,36,10.2,24.0,17.8,0,0.00,0.0
2026-03-22T01:00,24.5,46,12.2,22.6,17.9,0,0.00,0.0
2026-03-22T02:00,23.1,50,12.2,21.3,16.7,0,0.00,0.0
2026-03-22T03:00,22.2,54,12.4,20.5,16.6,0,0.00,0.0
2026-03-22T04:00,21.5,58,12.9,20.1,16.4,0,0.00,0.0
2026-03-22T05:00,21.0,61,13.1,19.8,15.4,0,0.00,0.0
2026-03-22T06:00,20.5,63,13.1,19.4,13.7,0,0.00,0.0
2026-03-22T07:00,19.6,63,12.2,17.9,16.6,0,0.00,0.0
2026-03-22T08:00,18.9,65,12.1,17.3,15.7,0,0.00,11.0
2026-03-22T09:00,20.2,61,12.4,19.2,12.2,0,0.00,154.0
2026-03-22T10:00,22.3,54,12.6,21.0,14.7,0,0.00,370.0
2026-03-22T11:00,24.6,47,12.7,23.1,17.1,0,0.00,575.0
2026-03-22T12:00,27.2,40,12.3,26.1,18.6,0,0.00,738.0
2026-03-22T13:00,30.2,31,11.4,29.5,18.1,0,0.00,846.0
2026-03-22T14:00,32.5,26,10.3,31.3,20.4,0,0.00,888.0
2026-03-22T15:00,33.5,23,9.7,31.9,20.6,0,0.00,859.0
2026-03-22T16:00,33.8,22,9.0,31.4,22.0,0,0.00,762.0
2026-03-22T17:00,33.8,20,7.4,30.2,21.7,9,0.00,606.0
2026-03-22T18:00,33.5,19,6.5,29.9,19.1,2,0.00,408.0
2026-03-22T19:00,31.9,21,6.8,28.7,16.6,24,0.00,191.0
2026-03-22T20:00,29.6,25,7.3,26.6,15.9,77,0.00,24.0
2026-03-22T21:00,28.2,27,7.7,26.1,10.3,0,0.00,0.0
2026-03-22T22:00,26.0,33,8.6,24.3,8.6,0,0.00,0.0
2026-03-22T23:00,23.2,45,10.6,21.0,16.6,20,0.00,0.0
2026-03-23T00:00,21.7,49,10.4,19.5,16.0,77,0.00,0.0
2026-03-23T01:00,20.2,53,10.3,18.3,14.1,96,0.00,0.0
2026-03-23T02:00,19.6,53,9.8,17.7,12.8,90,0.00,0.0
2026-03-23T03:00,19.0,53,9.2,16.6,14.7,41,0.00,0.0
2026-03-23T04:00,18.0,54,8.5,15.6,13.6,93,0.00,0.0
2026-03-23T05:00,17.2,54,7.9,14.7,13.5,73,0.00,0.0
2026-03-23T06:00,16.6,54,7.3,14.0,13.7,55,0.00,0.0
2026-03-23T07:00,15.1,60,7.3,12.7,12.1,17,0.00,0.0
2026-03-23T08:00,14.6,61,7.2,12.1,12.3,13,0.00,12.0
2026-03-23T09:00,15.6,57,7.1,12.9,13.2,13,0.00,152.0
2026-03-23T10:00,17.0,53,7.3,14.4,13.6,9,0.00,363.0
2026-03-23T11:00,18.9,49,7.9,16.5,12.6,41,0.00,561.0
2026-03-23T12:00,20.9,45,8.6,19.8,11.3,42,0.00,716.0
2026-03-23T13:00,22.0,45,9.6,22.3,8.0,57,0.00,825.0
2026-03-23T14:00,23.7,43,10.4,24.8,6.4,47,0.00,862.0
2026-03-23T15:00,24.9,42,11.1,26.1,5.8,0,0.00,834.0
2026-03-23T16:00,25.5,42,11.6,26.6,4.6,0,0.00,741.0
2026-03-23T17:00,25.8,42,11.9,26.2,2.9,0,0.00,587.0
2026-03-23T18:00,25.7,42,12.0,26.2,0.9,0,0.00,393.0
2026-03-23T19:00,25.2,42,11.4,25.2,3.0,0,0.00,184.0
2026-03-23T20:00,23.1,56,13.8,23.9,3.2,0,0.00,23.0
2026-03-23T21:00,22.0,56,13.0,22.3,4.5,0,0.00,0.0
2026-03-23T22:00,21.3,57,12.5,21.3,5.6,48,0.00,0.0
2026-03-23T23:00,20.1,63,13.0,20.4,4.6,92,0.00,0.0
2026-03-24T00:00,19.5,65,12.8,19.4,6.1,40,0.00,0.0
2026-03-24T01:00,17.9,73,12.9,18.2,4.0,41,0.00,0.0
2026-03-24T02:00,17.0,79,13.2,17.6,3.1,97,0.00,0.0
2026-03-24T03:00,16.5,83,13.7,17.1,4.2,76,0.00,0.0
2026-03-24T04:00,17.1,77,13.0,17.2,6.5,100,0.00,0.0
2026-03-24T05:00,17.3,69,11.5,16.5,8.6,100,0.00,0.0
2026-03-24T06:00,17.0,67,10.8,16.0,8.7,100,0.00,0.0
2026-03-24T07:00,16.2,66,9.9,14.6,11.1,100,0.00,0.0
2026-03-24T08:00,16.1,67,10.0,14.7,10.1,100,0.00,8.0
2026-03-24T09:00,17.1,66,10.7,16.4,6.3,99,0.00,92.0
2026-03-24T10:00,19.3,63,12.2,19.0,6.9,96,0.30,299.0
2026-03-24T11:00,21.8,58,13.1,21.4,9.0,0,0.00,477.0
2026-03-24T12:00,24.4,51,13.6,25.0,10.2,1,0.00,716.0
2026-03-24T13:00,25.1,49,13.8,26.5,9.6,0,0.00,820.0
2026-03-24T14:00,27.1,42,13.3,28.2,12.0,0,0.00,859.0
2026-03-24T15:00,28.3,38,12.8,29.0,12.3,0,0.00,832.0
2026-03-24T16:00,28.7,37,12.7,28.7,12.8,56,0.00,738.0
2026-03-24T17:00,28.6,37,12.6,27.7,13.4,52,0.00,587.0
2026-03-24T18:00,28.0,38,12.6,26.8,14.2,88,0.00,396.0
2026-03-24T19:00,27.1,39,11.9,25.8,13.1,9,0.00,182.0
2026-03-24T20:00,25.7,42,11.9,24.9,9.8,0,0.00,24.0
2026-03-24T21:00,24.7,45,12.1,23.9,9.6,43,0.00,0.0
2026-03-24T22:00,23.6,51,12.8,23.0,10.0,3,0.00,0.0
2026-03-24T23:00,23.0,54,13.2,22.6,9.3,3,0.00,0.0
2026-03-25T00:00,22.7,55,13.1,21.9,12.1,23,0.00,0.0
2026-03-25T01:00,21.5,62,13.8,20.9,12.3,57,0.00,0.0
2026-03-25T02:00,20.8,64,13.8,20.3,11.7,76,0.00,0.0
2026-03-25T03:00,20.3,66,13.8,19.8,11.5,75,0.00,0.0
2026-03-25T04:00,19.9,69,14.1,19.7,10.5,91,0.00,0.0
2026-03-25T05:00,19.6,73,14.6,19.6,10.7,87,0.00,0.0
2026-03-25T06:00,19.2,78,15.2,19.4,11.0,78,0.00,0.0
2026-03-25T07:00,18.5,86,16.2,19.1,11.2,92,0.00,0.0
2026-03-25T08:00,18.5,89,16.6,19.1,11.5,98,0.00,13.0
2026-03-25T09:00,19.8,84,17.0,19.7,17.5,100,0.00,150.0
2026-03-25T10:00,20.9,78,17.0,20.9,16.8,49,0.00,262.0
2026-03-25T11:00,23.1,66,16.5,23.1,15.8,32,0.00,464.0
2026-03-25T12:00,25.2,58,16.3,26.1,14.2,16,0.00,688.0
2026-03-25T13:00,26.5,52,15.8,27.6,15.6,21,0.00,807.0
2026-03-25T14:00,28.1,46,15.5,29.3,15.3,2,0.00,839.0
2026-03-25T15:00,29.3,43,15.2,30.3,15.5,5,0.00,831.0
2026-03-25T16:00,29.5,43,15.4,29.8,17.0,5,0.00,735.0
2026-03-25T17:00,29.4,43,15.3,28.8,17.2,0,0.00,587.0
2026-03-25T18:00,29.4,41,14.9,28.5,17.6,0,0.00,397.0
2026-03-25T19:00,27.5,49,15.7,26.8,17.7,2,0.00,188.0
2026-03-25T20:00,26.5,51,15.4,26.9,9.6,0,0.00,25.0
2026-03-25T21:00,25.9,52,15.2,25.9,11.6,0,0.00,0.0
2026-03-25T22:00,25.0,54,15.1,25.1,11.4,0,0.00,0.0
2026-03-25T23:00,24.1,57,15.2,24.3,11.0,0,0.00,0.0
2026-03-26T00:00,23.6,59,15.0,23.5,12.3,0,0.00,0.0
2026-03-26T01:00,22.4,65,15.4,22.2,13.6,0,0.00,0.0
2026-03-26T02:00,22.1,66,15.6,22.0,13.7,0,0.00,0.0
2026-03-26T03:00,21.6,70,15.9,21.6,14.4,0,0.00,0.0
2026-03-26T04:00,21.0,74,16.2,21.1,14.6,0,0.00,0.0
2026-03-26T05:00,20.5,78,16.5,20.6,14.4,0,0.00,0.0
2026-03-26T06:00,19.9,81,16.6,20.1,14.3,0,0.00,0.0
2026-03-26T07:00,19.0,86,16.6,19.4,13.9,0,0.00,0.0
2026-03-26T08:00,19.0,86,16.6,19.2,14.6,3,0.00,15.0
2026-03-26T09:00,20.4,80,16.7,19.8,20.0,38,0.00,162.0
2026-03-26T10:00,22.8,67,16.3,21.8,21.4,91,0.00,346.0
2026-03-26T11:00,24.2,62,16.6,24.0,17.5,5,0.00,557.0
2026-03-26T12:00,26.0,56,16.6,26.5,18.5,5,0.00,719.0
2026-03-26T13:00,27.6,49,16.1,28.4,18.8,0,0.00,832.0
2026-03-26T14:00,29.1,45,15.9,30.0,19.3,2,0.00,877.0
2026-03-26T15:00,29.9,43,15.9,30.4,19.6,2,0.00,833.0
2026-03-26T16:00,30.4,40,15.4,30.3,20.0,1,0.00,748.0
2026-03-26T17:00,30.2,39,14.8,28.9,21.1,0,0.00,599.0
2026-03-26T18:00,30.0,38,14.0,28.3,21.1,0,0.00,406.0
2026-03-26T19:00,29.0,39,13.6,27.6,17.5,0,0.00,194.0
2026-03-26T20:00,27.6,43,14.1,26.8,15.0,0,0.00,27.0
2026-03-26T21:00,26.6,46,14.0,25.7,15.4,0,0.00,0.0
2026-03-26T22:00,26.0,48,14.1,24.9,16.5,0,0.00,0.0
2026-03-26T23:00,25.1,51,14.1,24.2,16.0,0,0.00,0.0
2026-03-27T00:00,24.5,51,13.8,23.1,17.3,0,0.00,0.0
2026-03-27T01:00,23.2,57,14.2,22.0,17.3,0,0.00,0.0
2026-03-27T02:00,22.4,61,14.4,21.2,17.6,0,0.00,0.0
2026-03-27T03:00,21.3,66,14.8,20.3,17.5,0,0.00,0.0
2026-03-27T04:00,20.5,71,15.1,20.0,14.8,0,0.00,0.0
2026-03-27T05:00,19.9,74,15.1,19.9,11.8,0,0.00,0.0
2026-03-27T06:00,18.9,81,15.6,20.2,3.8,0,0.00,0.0
2026-03-27T07:00,18.5,81,15.2,18.9,9.3,0,0.00,0.0
2026-03-27T08:00,18.6,81,15.4,19.0,9.9,0,0.00,17.0
2026-03-27T09:00,20.1,76,15.8,20.6,10.3,0,0.00,164.0
2026-03-27T10:00,22.2,69,16.1,23.4,6.3,0,0.00,373.0
2026-03-27T11:00,24.3,60,15.9,25.4,7.3,100,0.00,570.0
2026-03-27T12:00,23.8,62,16.1,24.0,13.2,100,0.00,353.0
2026-03-27T13:00,20.8,72,15.6,19.7,20.7,100,0.00,272.0
2026-03-27T14:00,17.5,70,12.0,15.2,19.8,100,0.30,156.0
2026-03-27T15:00,17.3,63,10.2,14.2,21.9,100,0.00,245.0
2026-03-27T16:00,17.2,63,10.1,14.1,22.0,100,0.00,261.0
2026-03-27T17:00,16.2,66,9.9,13.0,22.6,100,0.00,160.0
2026-03-27T18:00,15.3,68,9.4,11.8,22.8,100,0.00,90.0
2026-03-27T19:00,14.1,69,8.4,10.6,21.0,100,0.00,33.0
2026-03-27T20:00,13.6,67,7.6,10.1,19.4,100,0.00,4.0
2026-03-27T21:00,13.0,68,7.2,9.6,18.2,100,0.20,0.0
2026-03-27T22:00,12.6,72,7.7,9.8,15.2,100,0.10,0.0
2026-03-27T23:00,12.6,72,7.7,9.3,18.2,100,0.00,0.0
2026-03-28T00:00,12.3,70,7.1,8.9,18.4,100,0.10,0.0
2026-03-28T01:00,13.4,54,4.3,9.3,18.2,100,0.10,0.0
2026-03-28T02:00,13.1,55,4.2,8.9,18.7,100,0.00,0.0
2026-03-28T03:00,12.6,58,4.6,8.9,16.1,100,0.00,0.0
2026-03-28T04:00,12.1,62,5.1,8.6,15.5,100,0.20,0.0
2026-03-28T05:00,11.7,65,5.3,8.4,14.5,100,0.30,0.0
2026-03-28T06:00,11.6,65,5.2,8.5,13.1,100,0.10,0.0
2026-03-28T07:00,11.1,74,6.6,8.5,11.8,100,0.00,0.0
2026-03-28T08:00,11.2,68,5.5,8.1,13.9,100,0.00,4.0
2026-03-28T09:00,11.5,65,5.1,8.5,12.5,100,0.00,46.0
2026-03-28T10:00,12.0,62,4.8,9.1,11.6,100,0.00,92.0
2026-03-28T11:00,12.8,57,4.4,9.9,10.3,100,0.00,145.0
2026-03-28T12:00,13.3,53,3.8,10.6,8.3,100,0.00,198.0
2026-03-28T13:00,13.0,52,3.4,10.5,6.5,100,0.00,312.0
2026-03-28T14:00,14.0,49,3.5,11.8,4.9,100,0.00,332.0
2026-03-28T15:00,14.1,50,3.8,11.9,4.7,100,0.00,251.0
2026-03-28T16:00,14.1,51,4.0,12.2,3.6,100,0.00,198.0
2026-03-28T17:00,15.0,49,4.3,13.2,3.1,95,0.00,303.0
2026-03-28T18:00,15.1,49,4.5,13.1,4.4,64,0.00,204.0
2026-03-28T19:00,14.2,49,3.7,11.9,5.9,60,0.00,115.0
2026-03-28T20:00,13.9,51,3.8,11.6,5.9,45,0.00,23.0
2026-03-28T21:00,13.7,53,4.3,11.4,6.5,48,0.00,0.0
2026-03-28T22:00,13.6,55,4.7,11.4,6.0,55,0.00,0.0
2026-03-28T23:00,13.4,58,5.3,11.5,4.9,5,0.00,0.0
2026-03-29T00:00,12.6,65,6.3,11.2,3.8,4,0.00,0.0
2026-03-29T01:00,11.8,62,4.7,9.6,5.9,5,0.00,0.0
2026-03-29T02:00,11.4,62,4.4,9.1,6.9,0,0.00,0.0
2026-03-29T03:00,11.1,64,4.6,8.9,6.3,0,0.00,0.0
2026-03-29T04:00,10.9,67,5.1,8.8,6.3,0,0.00,0.0
2026-03-29T05:00,10.9,71,5.8,8.9,6.5,6,0.00,0.0
2026-03-29T06:00,10.8,73,6.2,8.9,6.1,0,0.00,0.0
2026-03-29T07:00,11.4,67,5.6,9.1,8.3,0,0.00,0.0
2026-03-29T08:00,11.4,68,5.8,9.1,8.7,0,0.00,20.0
2026-03-29T09:00,13.4,64,6.8,11.4,8.3,0,0.00,176.0
2026-03-29T10:00,15.9,58,7.7,13.9,9.9,0,0.00,389.0
2026-03-29T11:00,18.5,54,9.1,16.8,11.6,0,0.00,588.0
2026-03-29T12:00,21.0,50,10.2,20.2,13.5,0,0.00,748.0
2026-03-29T13:00,24.4,44,11.4,23.9,16.6,0,0.00,851.0
2026-03-29T14:00,26.0,41,11.8,25.4,19.3,0,0.00,891.0
2026-03-29T15:00,26.8,38,11.2,25.8,20.2,0,0.00,862.0
2026-03-29T16:00,27.0,37,10.9,25.3,20.9,0,0.00,766.0
2026-03-29T17:00,27.0,37,10.9,24.6,20.7,0,0.00,613.0
2026-03-29T18:00,26.6,38,11.1,24.0,20.2,0,0.00,416.0
2026-03-29T19:00,26.0,39,11.1,23.8,16.6,0,0.00,201.0
2026-03-29T20:00,24.8,43,11.4,23.1,14.6,0,0.00,30.0
2026-03-29T21:00,23.9,47,11.9,22.4,14.2,0,0.00,0.0
2026-03-29T22:00,23.2,49,11.9,21.6,14.8,0,0.00,0.0
2026-03-29T23:00,22.6,50,11.8,21.2,13.9,0,0.00,0.0
2026-03-30T00:00,22.0,52,11.8,20.6,14.1,0,0.00,0.0
2026-03-30T01:00,21.1,59,12.8,19.8,15.1,0,0.00,0.0
2026-03-30T02:00,20.6,63,13.2,19.3,16.0,0,0.00,0.0
2026-03-30T03:00,19.9,67,13.6,18.7,16.4,0,0.00,0.0
2026-03-30T04:00,19.1,73,14.3,18.1,16.7,0,0.00,0.0
2026-03-30T05:00,18.5,79,14.9,17.9,15.8,0,0.00,0.0
2026-03-30T06:00,18.0,85,15.4,17.6,14.8,4,0.00,0.0
2026-03-30T07:00,17.9,87,15.8,17.8,13.9,100,0.00,0.0
2026-03-30T08:00,18.6,85,16.1,18.8,13.7,100,0.00,15.0
2026-03-30T09:00,19.6,81,16.3,18.5,22.6,100,0.00,92.0
2026-03-30T10:00,21.0,74,16.1,19.8,22.3,98,0.00,196.0
2026-03-30T11:00,22.9,65,15.9,21.6,22.1,72,0.00,413.0
2026-03-30T12:00,25.0,55,15.2,23.9,22.6,52,0.00,640.0
2026-03-30T13:00,26.5,49,14.9,26.1,21.2,10,0.00,766.0
2026-03-30T14:00,27.5,45,14.4,27.4,21.1,9,0.00,864.0
2026-03-30T15:00,28.4,41,13.9,28.0,20.9,4,0.00,849.0
2026-03-30T16:00,28.6,40,13.6,27.8,20.5,7,0.00,758.0
2026-03-30T17:00,28.9,38,13.1,27.2,20.5,9,0.00,612.0
2026-03-30T18:00,28.8,36,12.3,26.4,20.7,2,0.00,412.0
2026-03-30T19:00,27.6,42,13.6,26.1,18.2,5,0.00,201.0
2026-03-30T20:00,26.0,47,13.8,24.7,16.8,2,0.00,31.0
2026-03-30T21:00,24.9,49,13.6,23.7,16.3,97,0.00,0.0
2026-03-30T22:00,24.2,51,13.4,22.8,17.5,100,0.00,0.0
2026-03-30T23:00,24.0,51,13.1,22.5,16.7,100,0.00,0.0
2026-03-31T00:00,23.5,53,13.3,21.9,17.8,98,0.00,0.0
2026-03-31T01:00,22.4,58,13.6,20.9,18.5,100,0.00,0.0
2026-03-31T02:00,21.5,61,13.7,20.1,18.4,100,0.00,0.0
2026-03-31T03:00,20.7,64,13.6,19.1,18.9,100,0.00,0.0
2026-03-31T04:00,20.0,68,13.9,18.4,18.9,94,0.00,0.0
2026-03-31T05:00,19.2,74,14.4,18.0,18.5,0,0.00,0.0
2026-03-31T06:00,18.6,81,15.2,18.0,16.6,3,0.00,0.0
2026-03-31T07:00,18.8,85,16.2,18.5,16.6,74,0.00,0.0
2026-03-31T08:00,18.9,86,16.5,18.8,16.2,100,0.00,23.0
2026-03-31T09:00,20.2,80,16.6,19.2,23.0,99,0.00,179.0
2026-03-31T10:00,22.0,67,15.7,20.7,22.9,100,0.00,314.0
2026-03-31T11:00,24.0,58,15.4,23.0,19.6,100,0.00,527.0
2026-03-31T12:00,25.6,52,15.1,25.2,20.2,100,0.00,710.0
2026-03-31T13:00,26.5,48,14.8,26.7,19.1,100,0.00,822.0
2026-03-31T14:00,28.0,44,14.4,27.9,19.5,100,0.00,819.0
2026-03-31T15:00,29.1,39,13.6,28.8,20.2,97,0.00,842.0
2026-03-31T16:00,30.1,34,12.4,29.0,20.0,6,0.00,755.0
2026-03-31T17:00,29.8,33,11.8,27.4,22.3,0,0.00,610.0
2026-03-31T18:00,29.8,32,11.2,27.1,21.0,1,0.00,418.0
2026-03-31T19:00,28.8,38,12.9,27.0,18.6,20,0.00,204.0
2026-03-31T20:00,27.2,42,13.1,26.0,15.0,100,0.00,32.0
2026-03-31T21:00,26.0,46,13.4,25.5,11.4,100,0.00,0.0
2026-03-31T22:00,25.4,48,13.4,24.7,11.8,100,0.00,0.0
2026-03-31T23:00,25.0,49,13.5,24.1,13.3,98,0.00,0.0
2026-04-01T00:00,24.3,55,14.7,23.2,18.2,100,0.00,0.0
2026-04-01T01:00,23.8,63,16.2,23.4,17.7,99,0.00,0.0
2026-04-01T02:00,23.1,66,16.5,23.1,15.7,96,0.00,0.0
2026-04-01T03:00,22.2,70,16.6,22.3,15.1,45,0.00,0.0
2026-04-01T04:00,21.6,74,16.8,21.7,15.5,30,0.00,0.0
2026-04-01T05:00,21.0,76,16.8,21.0,16.6,9,0.00,0.0
2026-04-01T06:00,20.5,79,16.9,20.5,17.1,2,0.00,0.0
2026-04-01T07:00,19.5,87,17.2,19.8,16.2,95,0.00,0.0
2026-04-01T08:00,20.2,84,17.5,21.1,12.3,99,0.00,16.0
2026-04-01T09:00,21.6,80,18.0,22.9,10.8,100,0.00,135.0
2026-04-01T10:00,23.8,69,17.8,23.3,22.0,99,0.10,271.0
2026-04-01T11:00,25.1,62,17.3,24.6,21.4,99,0.00,321.0
2026-04-01T12:00,27.1,54,17.0,26.7,21.3,100,0.00,586.0
2026-04-01T13:00,27.3,57,17.9,27.2,20.3,100,0.00,480.0
2026-04-01T14:00,28.2,54,18.0,28.3,19.8,100,0.10,559.0
2026-04-01T15:00,29.0,51,17.9,29.4,20.9,100,0.10,668.0
2026-04-01T16:00,29.8,48,17.5,29.4,20.8,98,0.00,521.0
2026-04-01T17:00,30.4,43,16.5,29.6,21.2,98,0.00,468.0
2026-04-01T18:00,30.5,40,15.3,28.9,23.1,99,0.00,365.0
2026-04-01T19:00,28.2,52,17.5,28.3,17.8,100,0.00,179.0
2026-04-01T20:00,27.8,51,16.5,26.8,22.1,100,0.00,19.0
2026-04-01T21:00,27.3,50,15.9,25.9,23.5,100,0.00,0.0
2026-04-01T22:00,26.0,53,15.8,24.8,22.2,99,0.00,0.0
2026-04-01T23:00,25.1,59,16.5,24.2,22.1,100,0.00,0.0
2026-04-02T00:00,24.6,58,15.8,23.4,22.0,100,0.00,0.0
2026-04-02T01:00,23.9,59,15.5,23.1,18.3,100,0.00,0.0
2026-04-02T02:00,22.7,68,16.6,22.2,19.3,100,0.20,0.0
2026-04-02T03:00,20.8,87,18.6,21.8,15.1,100,2.00,0.0
2026-04-02T04:00,20.1,92,18.8,21.1,15.7,100,5.10,0.0
2026-04-02T05:00,19.5,92,18.2,18.9,24.5,100,5.60,0.0
2026-04-02T06:00,19.2,93,18.1,19.6,17.8,100,6.40,0.0
2026-04-02T07:00,18.9,89,17.0,18.6,18.6,100,1.00,0.0
2026-04-02T08:00,19.5,84,16.6,19.2,17.8,100,0.00,7.0
2026-04-02T09:00,20.8,77,16.6,20.8,15.4,100,0.00,133.0
2026-04-02T10:00,21.5,76,17.1,22.3,11.8,100,0.00,214.0
2026-04-02T11:00,23.4,71,17.9,24.0,15.6,100,0.00,541.0
2026-04-02T12:00,24.8,66,18.0,26.0,16.8,84,0.00,702.0
2026-04-02T13:00,25.8,62,18.0,27.5,18.5,38,0.00,849.0
2026-04-02T14:00,26.2,60,17.9,27.5,18.1,41,0.20,760.0
2026-04-02T15:00,27.0,56,17.5,27.5,20.4,26,0.10,716.0
2026-04-02T16:00,27.5,53,17.1,27.4,22.0,33,0.20,672.0
2026-04-02T17:00,27.2,56,17.7,27.0,20.1,18,0.10,535.0
2026-04-02T18:00,27.1,58,18.0,27.4,17.8,17,0.00,366.0
2026-04-02T19:00,25.0,72,19.5,26.3,15.0,16,0.00,182.0
2026-04-02T20:00,24.0,76,19.6,25.4,15.6,0,0.00,31.0
2026-04-02T21:00,23.0,80,19.4,24.3,15.8,16,0.00,0.0
2026-04-02T22:00,22.8,80,19.2,24.0,15.5,6,0.00,0.0
2026-04-02T23:00,22.8,81,19.2,24.1,14.8,1,0.00,0.0
2026-04-03T00:00,22.5,79,18.8,23.7,14.3,0,0.00,0.0
2026-04-03T01:00,22.1,80,18.4,22.8,16.5,47,0.00,0.0
2026-04-03T02:00,21.6,83,18.5,22.3,16.9,13,0.00,0.0
2026-04-03T03:00,21.2,86,18.9,22.2,15.9,6,0.00,0.0
2026-04-03T04:00,21.0,88,19.0,22.1,15.2,15,0.00,0.0
2026-04-03T05:00,20.8,88,18.7,21.8,15.1,100,0.00,0.0
2026-04-03T06:00,20.6,87,18.5,21.5,15.9,100,0.00,0.0
2026-04-03T07:00,21.0,88,19.0,21.8,17.9,100,0.00,0.0
2026-04-03T08:00,21.7,87,19.4,22.7,17.4,100,0.00,13.0
2026-04-03T09:00,22.3,86,19.9,23.9,15.1,100,0.10,66.0
2026-04-03T10:00,23.8,78,19.6,23.8,24.9,100,0.40,310.0
2026-04-03T11:00,24.5,72,19.1,24.7,22.5,100,0.10,415.0
2026-04-03T12:00,25.0,70,19.1,25.5,20.4,95,0.10,450.0
2026-04-03T13:00,25.2,68,18.9,26.2,20.9,99,0.00,706.0
2026-04-03T14:00,26.6,61,18.4,26.7,23.0,100,0.00,624.0
2026-04-03T15:00,27.2,57,18.0,27.3,23.1,100,0.10,662.0
2026-04-03T16:00,26.0,64,18.6,26.0,22.4,66,0.10,466.0
2026-04-03T17:00,27.0,63,19.3,27.6,19.7,100,0.30,525.0
2026-04-03T18:00,27.0,57,17.8,27.4,16.6,100,0.00,261.0
2026-04-03T19:00,22.5,82,19.2,25.5,3.5,100,0.60,136.0
2026-04-03T20:00,20.0,92,18.8,21.1,15.1,100,3.90,13.0
2026-04-03T21:00,20.1,91,18.5,21.9,9.5,100,0.10,0.0
2026-04-03T22:00,20.9,87,18.6,22.6,10.3,100,0.00,0.0
2026-04-03T23:00,20.5,89,18.6,21.3,16.2,99,0.00,0.0
2026-04-04T00:00,20.4,89,18.5,21.3,15.2,100,0.00,0.0
2026-04-04T01:00,21.0,93,19.9,22.2,17.1,100,0.00,0.0
2026-04-04T02:00,21.2,91,19.6,22.0,20.4,100,0.00,0.0
2026-04-04T03:00,21.4,89,19.5,22.6,16.7,100,0.00,0.0
2026-04-04T04:00,21.8,89,19.8,23.1,16.3,100,0.00,0.0
2026-04-04T05:00,21.5,88,19.5,22.9,14.9,100,0.00,0.0
2026-04-04T06:00,20.0,93,19.0,21.8,10.9,100,3.00,0.0
2026-04-04T07:00,21.0,93,19.8,22.4,16.1,100,1.40,0.0
2026-04-04T08:00,13.4,96,12.9,10.1,29.4,100,13.30,1.0
2026-04-04T09:00,13.1,94,12.1,10.1,25.6,100,5.20,9.0
2026-04-04T10:00,13.4,85,10.9,10.4,22.2,100,0.50,60.0
2026-04-04T11:00,14.3,75,9.9,10.9,22.9,100,0.00,204.0
2026-04-04T12:00,15.4,68,9.6,11.9,23.1,100,0.00,305.0
2026-04-04T13:00,15.4,69,9.6,12.8,19.1,100,0.00,598.0
2026-04-04T14:00,16.9,64,10.0,14.3,17.3,100,0.00,402.0
2026-04-04T15:00,18.5,61,10.8,16.3,16.9,100,0.00,506.0
2026-04-04T16:00,19.6,53,9.9,17.6,17.3,99,0.00,667.0
2026-04-04T17:00,19.7,47,8.1,16.8,18.9,79,0.00,613.0
2026-04-04T18:00,18.9,48,7.8,15.7,18.1,15,0.00,431.0
2026-04-04T19:00,18.8,50,8.2,16.6,11.9,5,0.00,217.0
2026-04-04T20:00,16.7,58,8.4,14.9,9.9,1,0.00,38.0
2026-04-04T21:00,15.6,62,8.3,13.6,11.3,24,0.00,0.0
2026-04-04T22:00,14.9,66,8.4,13.1,9.5,100,0.00,0.0
2026-04-04T23:00,14.2,70,8.8,12.6,9.5,100,0.00,0.0
2026-04-05T00:00,13.9,68,8.1,11.7,11.4,39,0.00,0.0
2026-04-05T01:00,12.6,69,7.2,10.0,12.8,2,0.00,0.0
2026-04-05T02:00,12.0,68,6.3,9.5,10.9,2,0.00,0.0
2026-04-05T03:00,11.5,68,5.8,8.7,12.0,91,0.00,0.0
2026-04-05T04:00,11.0,69,5.6,8.5,9.7,97,0.00,0.0
2026-04-05T05:00,10.6,71,5.7,8.5,7.1,96,0.00,0.0
2026-04-05T06:00,10.2,73,5.7,8.1,7.1,70,0.00,0.0
2026-04-05T07:00,10.2,68,4.6,7.6,9.0,80,0.00,0.0
2026-04-05T08:00,10.4,69,5.1,8.1,8.2,98,0.00,31.0
2026-04-05T09:00,11.9,68,6.1,9.6,8.5,91,0.00,181.0
2026-04-05T10:00,13.4,61,6.2,11.0,10.0,100,0.00,434.0
2026-04-05T11:00,15.1,56,6.3,12.8,10.8,100,0.00,592.0
2026-04-05T12:00,16.5,51,6.2,14.8,12.4,100,0.00,746.0
2026-04-05T13:00,18.5,40,4.8,17.1,12.3,100,0.00,839.0
2026-04-05T14:00,19.0,40,5.2,17.8,12.6,100,0.00,871.0
2026-04-05T15:00,19.2,41,5.7,17.5,13.8,100,0.00,806.0
2026-04-05T16:00,19.3,42,6.1,17.2,14.0,100,0.00,730.0
2026-04-05T17:00,19.0,43,6.2,16.1,15.0,100,0.00,598.0
2026-04-05T18:00,18.5,46,6.6,15.7,13.3,100,0.00,357.0
2026-04-05T19:00,18.5,49,7.6,16.7,8.2,100,0.00,192.0
2026-04-05T20:00,16.5,58,8.1,14.9,7.4,100,0.00,35.0
2026-04-05T21:00,15.9,60,8.1,14.3,7.2,100,0.00,0.0
2026-04-05T22:00,15.1,62,7.9,13.5,7.6,100,0.00,0.0
2026-04-05T23:00,14.2,64,7.4,12.5,7.0,100,0.00,0.0
2026-04-06T00:00,13.9,63,6.9,12.0,7.5,94,0.00,0.0
2026-04-06T01:00,12.4,66,6.2,10.3,7.3,40,0.00,0.0
2026-04-06T02:00,11.1,73,6.4,9.4,5.6,94,0.00,0.0
2026-04-06T03:00,10.9,75,6.6,9.3,5.2,4,0.00,0.0
2026-04-06T04:00,10.4,76,6.4,8.7,5.9,0,0.00,0.0
2026-04-06T05:00,9.9,77,6.2,8.2,5.7,0,0.00,0.0
2026-04-06T06:00,9.6,78,5.9,7.7,5.7,2,0.00,0.0
2026-04-06T07:00,9.1,76,5.0,7.0,5.8,0,0.00,0.0
2026-04-06T08:00,10.1,73,5.4,8.0,6.0,0,0.00,39.0
2026-04-06T09:00,11.9,70,6.5,10.3,4.6,0,0.00,224.0
2026-04-06T10:00,13.7,63,6.8,12.3,4.2,0,0.00,447.0
2026-04-06T11:00,15.5,60,7.8,15.0,3.8,0,0.00,652.0
2026-04-06T12:00,17.2,56,8.4,17.9,4.2,0,0.00,812.0
2026-04-06T13:00,19.4,40,5.4,20.0,4.1,0,0.00,912.0
2026-04-06T14:00,20.1,40,6.2,21.5,2.7,0,0.00,952.0
2026-04-06T15:00,20.5,39,6.1,21.6,2.8,0,0.00,916.0
2026-04-06T16:00,20.7,38,5.9,21.0,2.7,0,0.00,813.0
2026-04-06T17:00,20.7,37,5.3,19.6,3.9,0,0.00,653.0
2026-04-06T18:00,20.2,37,5.1,18.1,6.6,0,0.00,450.0
2026-04-06T19:00,19.7,44,7.0,18.1,6.0,0,0.00,229.0
2026-04-06T20:00,17.1,52,7.2,15.5,6.3,50,0.00,42.0
2026-04-06T21:00,15.9,55,6.7,14.0,6.9,100,0.00,0.0
2026-04-06T22:00,14.9,59,6.9,13.0,7.3,59,0.00,0.0
2026-04-06T23:00,13.9,64,7.3,12.3,6.8,100,0.00,0.0
2026-04-07T00:00,13.0,69,7.6,11.5,6.0,100,0.00,0.0
2026-04-07T01:00,12.1,74,7.6,10.5,6.6,100,0.00,0.0
2026-04-07T02:00,11.9,73,7.2,9.9,8.0,100,0.00,0.0
2026-04-07T03:00,11.4,74,7.0,9.7,6.6,100,0.00,0.0
2026-04-07T04:00,11.0,76,6.8,9.4,5.8,100,0.00,0.0
2026-04-07T05:00,10.5,77,6.7,8.9,5.1,100,0.00,0.0
2026-04-07T06:00,10.0,78,6.3,8.4,4.9,100,0.00,0.0
2026-04-07T07:00,10.2,74,5.8,8.3,6.2,100,0.00,0.0
2026-04-07T08:00,10.4,73,5.9,8.5,6.7,100,0.00,33.0
2026-04-07T09:00,12.1,72,7.2,10.5,6.2,100,0.00,167.0
2026-04-07T10:00,13.9,66,7.7,12.6,5.4,100,0.00,333.0
2026-04-07T11:00,16.1,59,8.1,14.8,6.4,100,0.00,558.0
2026-04-07T12:00,18.0,52,7.9,17.2,7.8,100,0.00,710.0
2026-04-07T13:00,20.0,36,4.3,18.5,9.8,100,0.00,769.0
2026-04-07T14:00,20.6,35,4.8,19.7,9.1,100,0.00,832.0
2026-04-07T15:00,21.1,34,4.7,20.0,9.8,100,0.00,823.0
2026-04-07T16:00,21.1,35,4.8,19.1,10.0,98,0.00,675.0
2026-04-07T17:00,20.9,36,5.2,18.3,10.3,100,0.00,560.0
2026-04-07T18:00,20.4,38,5.5,17.8,9.7,100,0.00,335.0
2026-04-07T19:00,19.9,44,7.2,18.2,6.5,99,0.00,140.0
2026-04-07T20:00,17.9,58,9.5,17.1,4.6,100,0.00,26.0
2026-04-07T21:00,17.5,60,9.6,16.7,4.8,100,0.00,0.0
2026-04-07T22:00,16.8,60,9.1,15.7,5.7,91,0.00,0.0
2026-04-07T23:00,16.2,63,9.1,15.1,6.2,100,0.00,0.0
2026-04-08T00:00,15.8,66,9.6,14.9,5.2,100,0.00,0.0
2026-04-08T01:00,15.4,68,9.4,14.5,4.6,99,0.00,0.0
2026-04-08T02:00,15.0,68,9.1,13.9,5.9,100,0.00,0.0
2026-04-08T03:00,14.4,70,9.1,13.3,5.9,100,0.00,0.0
2026-04-08T04:00,14.1,73,9.4,13.3,4.7,100,0.00,0.0
2026-04-08T05:00,13.8,76,9.6,13.1,4.3,93,0.00,0.0
2026-04-08T06:00,13.6,77,9.5,12.7,4.8,93,0.00,0.0
2026-04-08T07:00,13.8,75,9.5,13.0,5.0,99,0.00,0.0
2026-04-08T08:00,14.0,75,9.6,13.3,4.4,100,0.00,25.0
2026-04-08T09:00,14.7,74,10.1,13.9,5.9,100,0.00,60.0
2026-04-08T10:00,16.3,67,10.2,15.9,3.6,87,0.00,203.0
2026-04-08T11:00,18.0,63,10.8,17.8,3.1,83,0.00,304.0
2026-04-08T12:00,20.5,55,11.0,20.2,5.2,32,0.00,589.0
2026-04-08T13:00,23.3,35,7.1,23.0,10.0,0,0.00,873.0
2026-04-08T14:00,23.9,34,7.1,23.2,13.3,0,0.00,930.0
2026-04-08T15:00,24.0,38,8.8,23.8,12.4,0,0.00,896.0
2026-04-08T16:00,24.1,39,9.4,23.5,12.4,14,0.00,791.0
2026-04-08T17:00,23.9,39,9.0,21.8,13.7,9,0.00,589.0
2026-04-08T18:00,24.6,39,9.8,23.5,6.9,11,0.00,428.0
2026-04-08T19:00,22.3,47,10.4,20.8,10.9,38,0.00,190.0
2026-04-08T20:00,21.0,50,10.2,19.7,9.1,8,0.00,38.0
2026-04-08T21:00,20.0,58,11.6,19.4,8.0,2,0.00,0.0
2026-04-08T22:00,19.4,63,12.1,18.7,8.9,11,0.00,0.0
2026-04-08T23:00,19.0,64,11.9,18.2,9.2,4,0.00,0.0
2026-04-09T00:00,18.2,68,12.1,17.8,7.3,1,0.00,0.0
2026-04-09T01:00,17.4,71,12.1,16.7,9.4,2,0.00,0.0
2026-04-09T02:00,17.4,71,12.1,16.6,9.7,2,0.00,0.0
2026-04-09T03:00,17.2,74,12.6,16.6,10.4,9,0.00,0.0
2026-04-09T04:00,17.2,78,13.2,16.7,10.3,5,0.00,0.0
2026-04-09T05:00,17.0,81,13.6,16.7,9.6,7,0.00,0.0
2026-04-09T06:00,16.6,84,13.9,16.5,9.2,9,0.00,0.0
2026-04-09T07:00,16.2,90,14.6,16.5,8.9,4,0.00,0.0
2026-04-09T08:00,16.6,91,15.1,17.1,8.8,11,0.00,41.0
2026-04-09T09:00,18.8,84,16.0,19.5,9.7,51,0.00,215.0
2026-04-09T10:00,20.2,79,16.4,20.1,15.7,45,0.40,387.0
2026-04-09T11:00,21.1,75,16.5,21.3,14.4,23,0.10,486.0
2026-04-09T12:00,22.9,64,15.7,23.4,14.8,20,0.20,679.0
2026-04-09T13:00,23.6,62,15.9,25.0,11.7,27,0.00,746.0
2026-04-09T14:00,24.6,57,15.6,26.3,11.5,49,0.10,803.0
2026-04-09T15:00,25.2,53,15.1,26.3,12.4,16,0.00,769.0
2026-04-09T16:00,26.0,47,13.9,26.1,14.0,16,0.00,719.0
2026-04-09T17:00,26.0,45,13.1,25.2,13.8,14,0.00,583.0
2026-04-09T18:00,25.7,44,12.6,24.3,15.1,8,0.00,413.0
2026-04-09T19:00,24.4,52,13.9,24.1,10.7,16,0.00,209.0
2026-04-09T20:00,22.9,58,14.2,22.9,9.1,52,0.00,39.0
2026-04-09T21:00,22.0,60,14.1,21.8,10.6,95,0.00,0.0
2026-04-09T22:00,21.4,63,14.0,21.3,9.7,38,0.00,0.0
2026-04-09T23:00,20.9,63,13.6,20.3,12.4,6,0.00,0.0
2026-04-10T00:00,20.2,67,13.8,19.8,11.3,5,0.00,0.0
2026-04-10T01:00,19.5,73,14.6,19.6,10.0,37,0.00,0.0
2026-04-10T02:00,19.4,78,15.4,19.5,11.2,34,0.00,0.0
2026-04-10T03:00,19.0,83,16.0,19.6,10.3,11,0.00,0.0
2026-04-10T04:00,18.6,87,16.5,19.3,10.6,28,0.00,0.0
2026-04-10T05:00,18.4,91,16.9,19.4,9.4,30,0.00,0.0
2026-04-10T06:00,18.0,93,16.9,19.2,8.8,17,0.00,0.0
2026-04-10T07:00,18.1,94,17.1,19.4,8.4,100,0.00,0.0
2026-04-10T08:00,18.8,92,17.5,20.0,9.5,100,0.00,19.0
2026-04-10T09:00,19.4,89,17.6,20.5,11.2,100,0.20,74.0
2026-04-10T10:00,20.1,87,17.9,21.1,13.3,82,0.30,177.0
2026-04-10T11:00,21.6,76,17.3,22.1,14.5,51,0.10,302.0
2026-04-10T12:00,23.7,65,16.8,24.4,12.5,82,0.10,579.0
2026-04-10T13:00,25.3,61,17.1,26.5,10.4,23,0.10,589.0
2026-04-10T14:00,26.0,58,17.1,28.7,9.4,19,0.00,806.0
2026-04-10T15:00,26.5,56,17.1,29.1,9.3,27,0.00,795.0
2026-04-10T16:00,26.6,55,16.8,28.3,10.2,100,0.10,682.0
2026-04-10T17:00,25.9,55,16.1,26.1,13.3,52,0.10,388.0
2026-04-10T18:00,24.0,65,16.9,24.9,9.8,53,0.10,308.0
2026-04-10T19:00,23.5,70,17.6,25.3,6.0,56,0.00,164.0
2026-04-10T20:00,23.0,67,16.6,23.7,11.1,85,0.10,31.0
2026-04-10T21:00,21.7,71,16.2,22.3,11.0,16,0.00,0.0
2026-04-10T22:00,21.1,76,16.8,21.8,11.9,98,0.00,0.0
2026-04-10T23:00,20.8,79,17.0,21.4,12.5,98,0.00,0.0
2026-04-11T00:00,20.5,83,17.5,21.5,11.2,100,0.00,0.0
2026-04-11T01:00,19.5,88,17.5,20.6,10.9,69,0.00,0.0
2026-04-11T02:00,19.1,91,17.6,20.3,10.9,8,0.00,0.0
2026-04-11T03:00,18.8,93,17.7,20.2,9.1,15,0.00,0.0
2026-04-11T04:00,18.5,95,17.8,20.0,9.1,9,0.00,0.0
2026-04-11T05:00,18.5,96,17.8,20.0,9.0,100,0.00,0.0
2026-04-11T06:00,18.4,97,17.8,20.1,7.5,100,0.00,0.0
2026-04-11T07:00,19.3,95,18.4,21.3,7.3,100,0.00,0.0
2026-04-11T08:00,19.7,93,18.6,21.8,7.2,99,0.10,12.0
2026-04-11T09:00,20.5,89,18.7,22.3,10.1,100,0.10,77.0
2026-04-11T10:00,21.4,84,18.5,22.9,10.6,100,0.00,125.0
2026-04-11T11:00,22.2,77,17.9,23.2,12.6,100,0.00,178.0
2026-04-11T12:00,23.2,71,17.7,24.2,11.9,35,0.00,292.0
2026-04-11T13:00,24.9,64,17.6,27.3,10.4,100,0.10,753.0
2026-04-11T14:00,24.4,62,16.5,24.3,16.4,64,0.30,561.0
2026-04-11T15:00,23.6,73,18.5,25.1,12.2,69,0.40,568.0
2026-04-11T16:00,25.4,69,19.1,27.7,11.0,90,0.10,633.0
2026-04-11T17:00,26.3,56,16.9,26.1,18.0,58,0.00,543.0
2026-04-11T18:00,25.8,57,16.6,25.3,18.9,92,0.10,364.0
2026-04-11T19:00,23.8,69,17.6,24.3,15.3,100,0.00,170.0
2026-04-11T20:00,22.7,72,17.5,23.6,12.0,100,0.10,27.0
2026-04-11T21:00,22.2,73,17.1,22.6,15.0,100,0.00,0.0
2026-04-11T22:00,22.0,77,17.9,22.4,16.9,100,0.00,0.0
2026-04-11T23:00,21.9,78,17.9,22.2,17.7,100,0.00,0.0
2026-04-12T00:00,21.6,79,17.8,21.8,17.9,100,0.00,0.0
2026-04-12T01:00,21.0,88,19.0,21.6,19.5,100,0.00,0.0
2026-04-12T02:00,20.8,89,18.9,21.2,20.0,100,0.20,0.0
2026-04-12T03:00,20.1,90,18.4,20.0,22.0,100,0.80,0.0
2026-04-12T04:00,19.6,94,18.6,19.6,21.9,100,1.00,0.0
2026-04-12T05:00,19.5,95,18.6,19.5,22.1,100,0.90,0.0
2026-04-12T06:00,19.5,94,18.6,19.2,24.5,100,1.40,0.0
2026-04-12T07:00,19.4,94,18.3,20.0,16.1,100,1.00,0.0
2026-04-12T08:00,19.5,92,18.1,20.0,16.9,100,0.00,10.0
2026-04-12T09:00,19.5,92,18.2,20.1,16.1,100,4.50,60.0
2026-04-12T10:00,20.1,91,18.5,20.8,16.8,100,0.20,151.0
2026-04-12T11:00,20.9,86,18.4,21.7,15.4,100,0.40,248.0
2026-04-12T12:00,21.1,86,18.6,22.0,16.2,100,0.30,247.0
2026-04-12T13:00,21.5,88,19.5,23.3,11.8,100,0.20,293.0
2026-04-12T14:00,22.0,83,19.0,22.8,17.6,100,0.10,242.0
2026-04-12T15:00,23.1,78,19.1,23.4,22.0,100,0.20,406.0
2026-04-12T16:00,22.2,82,19.0,23.0,17.9,100,0.00,159.0
2026-04-12T17:00,23.1,79,19.2,23.5,21.8,99,0.00,218.0
2026-04-12T18:00,23.2,80,19.6,24.5,16.1,100,0.00,201.0
2026-04-12T19:00,21.4,89,19.4,22.6,15.9,100,0.00,94.0
2026-04-12T20:00,21.2,89,19.4,22.6,15.1,100,0.00,12.0
2026-04-12T21:00,21.0,90,19.2,21.9,17.6,100,0.00,0.0
2026-04-12T22:00,21.3,89,19.4,22.6,15.5,100,0.00,0.0
2026-04-12T23:00,20.8,89,18.9,21.2,19.9,89,0.00,0.0
2026-04-13T00:00,20.4,89,18.5,20.8,18.7,100,0.00,0.0
2026-04-13T01:00,20.9,89,19.0,21.0,22.4,100,0.00,0.0
2026-04-13T02:00,20.5,89,18.6,20.4,22.9,98,0.00,0.0
2026-04-13T03:00,20.9,87,18.6,20.9,21.8,14,0.00,0.0
2026-04-13T04:00,20.6,86,18.3,20.8,19.8,6,0.00,0.0
2026-04-13T05:00,20.5,87,18.4,20.9,18.3,18,0.00,0.0
2026-04-13T06:00,20.5,88,18.5,21.0,18.1,4,0.00,0.0
2026-04-13T07:00,21.3,91,19.8,22.7,15.9,100,0.00,0.0
2026-04-13T08:00,21.8,91,20.2,23.7,13.9,100,0.00,16.0
2026-04-13T09:00,22.0,91,20.6,24.2,13.6,96,0.50,48.0
2026-04-13T10:00,22.5,91,21.0,24.4,16.9,95,0.20,171.0
2026-04-13T11:00,24.8,78,20.7,26.1,19.9,34,0.10,469.0
2026-04-13T12:00,26.3,69,20.2,28.0,21.2,100,0.00,728.0
2026-04-13T13:00,27.4,64,19.9,28.7,20.0,60,0.00,650.0
2026-04-13T14:00,28.0,60,19.5,30.3,17.5,99,0.00,788.0
2026-04-13T15:00,28.6,57,19.3,30.5,18.0,100,0.00,747.0
2026-04-13T16:00,23.9,76,19.4,26.0,9.9,98,0.40,170.0
2026-04-13T17:00,24.0,77,19.7,25.6,14.5,83,0.30,476.0
2026-04-13T18:00,25.0,77,20.8,28.1,8.3,67,0.00,442.0
2026-04-13T19:00,25.0,83,21.9,28.2,11.7,100,0.00,217.0
2026-04-13T20:00,24.9,80,21.1,27.2,14.5,100,0.00,35.0
2026-04-13T21:00,24.7,81,21.2,27.3,12.8,100,0.00,0.0
2026-04-13T22:00,24.4,76,19.9,25.7,16.7,48,0.00,0.0
2026-04-13T23:00,23.5,79,19.7,24.7,17.0,100,0.00,0.0
2026-04-14T00:00,22.6,81,19.3,23.5,18.0,60,0.00,0.0
2026-04-14T01:00,23.1,86,20.6,24.6,18.2,23,0.00,0.0
2026-04-14T02:00,22.9,87,20.6,24.2,19.6,86,0.00,0.0
2026-04-14T03:00,22.5,88,20.4,23.6,20.3,85,0.00,0.0
2026-04-14T04:00,22.0,88,20.0,23.0,19.4,97,0.00,0.0
2026-04-14T05:00,21.6,88,19.6,22.7,18.0,98,0.00,0.0
2026-04-14T06:00,21.2,90,19.5,22.5,16.2,52,0.00,0.0
2026-04-14T07:00,21.6,90,19.9,23.3,14.9,100,0.00,0.0
2026-04-14T08:00,22.0,88,20.0,23.6,14.8,100,0.00,30.0
2026-04-14T09:00,22.3,87,20.1,24.1,14.5,100,0.10,101.0
2026-04-14T10:00,23.2,81,19.8,24.5,17.6,99,0.10,232.0
2026-04-14T11:00,24.2,76,19.6,25.0,19.7,99,0.10,371.0
2026-04-14T12:00,25.1,72,19.7,25.8,20.4,98,0.10,517.0
2026-04-14T13:00,24.5,73,19.4,25.3,19.0,99,0.00,487.0
2026-04-14T14:00,25.9,69,19.8,27.3,18.7,100,0.00,628.0
2026-04-14T15:00,24.6,77,20.2,25.6,20.2,100,0.20,323.0
2026-04-14T16:00,25.4,73,20.1,26.3,20.2,96,0.00,447.0
2026-04-14T17:00,26.2,68,19.9,27.1,20.1,100,0.00,467.0
2026-04-14T18:00,25.8,69,19.8,27.0,17.2,100,0.00,363.0
2026-04-14T19:00,24.9,76,20.5,27.1,13.0,100,0.00,111.0
2026-04-14T20:00,24.3,76,19.8,26.4,11.1,97,0.00,35.0
2026-04-14T21:00,23.8,77,19.5,25.8,10.7,100,0.00,0.0
2026-04-14T22:00,23.4,79,19.6,25.3,12.4,99,0.00,0.0
2026-04-14T23:00,23.1,77,18.9,24.4,13.6,100,0.00,0.0
2026-04-15T00:00,23.1,74,18.2,24.5,11.0,100,0.00,0.0
2026-04-15T01:00,23.0,81,19.5,24.8,12.6,100,0.00,0.0
2026-04-15T02:00,22.6,82,19.4,24.1,13.9,100,0.00,0.0
2026-04-15T03:00,22.0,83,19.0,23.2,15.5,80,0.00,0.0
2026-04-15T04:00,21.6,83,18.6,22.8,14.1,83,0.00,0.0
2026-04-15T05:00,21.3,85,18.6,22.0,17.1,61,0.00,0.0
2026-04-15T06:00,21.0,87,18.6,22.0,15.0,100,0.00,0.0
2026-04-15T07:00,21.2,88,19.1,22.8,12.7,100,0.00,0.0
2026-04-15T08:00,21.5,88,19.5,23.2,12.4,100,0.00,16.0
2026-04-15T09:00,21.6,88,19.6,23.3,14.2,100,0.00,55.0
2026-04-15T10:00,22.1,87,19.8,23.1,19.0,100,0.10,141.0
2026-04-15T11:00,22.9,83,19.8,24.1,17.3,100,0.00,211.0
2026-04-15T12:00,23.5,78,19.5,24.6,17.7,100,0.10,305.0
2026-04-15T13:00,24.6,75,19.9,25.7,18.4,99,0.40,549.0
2026-04-15T14:00,24.1,76,19.7,24.9,20.2,99,0.00,370.0
2026-04-15T15:00,23.2,80,19.6,24.3,17.6,88,0.00,443.0
2026-04-15T16:00,25.1,72,19.6,26.6,18.7,62,0.00,662.0
2026-04-15T17:00,25.0,73,19.9,26.6,15.8,59,0.00,516.0
2026-04-15T18:00,24.8,73,19.6,25.8,18.0,100,0.00,340.0
2026-04-15T19:00,21.1,91,19.6,22.6,15.5,86,1.30,133.0
2026-04-15T20:00,19.8,95,19.0,21.8,9.3,100,8.00,29.0
2026-04-15T21:00,20.0,92,18.6,20.8,16.8,38,2.00,0.0
2026-04-15T22:00,19.7,94,18.6,21.0,13.4,2,0.00,0.0
2026-04-15T23:00,19.9,95,19.0,21.4,12.6,1,0.00,0.0
2026-04-16T00:00,20.2,94,19.2,21.6,14.8,0,0.00,0.0
2026-04-16T01:00,22.0,88,20.0,23.2,18.4,0,0.00,0.0
2026-04-16T02:00,21.7,88,19.6,22.9,16.7,0,0.00,0.0
2026-04-16T03:00,21.4,88,19.2,22.6,15.5,0,0.00,0.0
2026-04-16T04:00,21.0,88,19.0,22.4,13.8,2,0.00,0.0
2026-04-16T05:00,20.5,90,18.8,22.0,12.8,2,0.00,0.0
2026-04-16T06:00,20.1,91,18.5,21.7,10.9,6,0.00,0.0
2026-04-16T07:00,19.8,90,18.0,21.0,11.3,18,0.00,0.0
2026-04-16T08:00,20.3,89,18.4,21.7,11.5,19,0.00,54.0
2026-04-16T09:00,21.6,85,19.0,23.3,11.7,9,0.00,221.0
2026-04-16T10:00,23.2,79,19.4,24.0,19.0,99,0.00,426.0
2026-04-16T11:00,24.0,77,19.7,25.0,19.2,100,0.00,423.0
2026-04-16T12:00,25.2,73,20.0,26.7,17.0,100,0.00,569.0
2026-04-16T13:00,26.9,69,20.6,28.9,15.2,38,0.20,555.0
2026-04-16T14:00,27.5,66,20.5,30.9,14.2,44,0.20,791.0
2026-04-16T15:00,28.0,66,21.0,31.5,13.7,26,0.10,766.0
2026-04-16T16:00,26.8,66,20.0,29.2,14.6,67,0.50,682.0
2026-04-16T17:00,26.2,70,20.4,28.9,9.6,62,2.30,506.0
2026-04-16T18:00,25.9,71,20.2,28.2,11.7,43,0.00,342.0
2026-04-16T19:00,26.3,71,20.7,28.5,13.5,55,0.00,194.0
2026-04-16T20:00,25.1,75,20.3,27.4,12.0,45,0.00,44.0
2026-04-16T21:00,24.4,78,20.4,26.9,10.6,49,0.00,0.0
2026-04-16T22:00,23.9,79,20.0,26.1,11.4,76,0.00,0.0
2026-04-16T23:00,23.4,77,19.1,25.2,11.4,21,0.00,0.0
2026-04-17T00:00,23.0,76,18.5,24.4,12.1,0,0.00,0.0
2026-04-17T01:00,23.4,75,18.7,24.1,17.0,3,0.00,0.0
2026-04-17T02:00,22.7,77,18.4,23.2,17.8,2,0.00,0.0
2026-04-17T03:00,22.0,82,18.7,22.7,17.1,20,0.00,0.0
2026-04-17T04:00,21.4,87,19.0,22.4,16.1,1,0.00,0.0
2026-04-17T05:00,21.0,85,18.3,21.7,15.5,0,0.00,0.0
2026-04-17T06:00,20.5,84,17.7,21.0,15.4,35,0.00,0.0
2026-04-17T07:00,20.2,87,18.0,20.8,16.0,22,0.00,0.0
2026-04-17T08:00,20.6,86,18.3,21.4,15.5,88,0.00,59.0
2026-04-17T09:00,21.8,83,18.7,21.8,22.2,83,0.00,238.0
2026-04-17T10:00,23.3,74,18.5,22.9,24.2,97,0.10,377.0
2026-04-17T11:00,24.0,73,18.8,24.1,21.6,100,0.10,375.0
2026-04-17T12:00,24.6,70,18.8,24.6,22.0,100,0.10,374.0
2026-04-17T13:00,25.0,69,18.9,25.0,23.1,100,0.00,494.0
2026-04-17T14:00,25.5,68,19.2,25.6,23.5,100,0.00,465.0
2026-04-17T15:00,26.2,65,19.2,26.4,22.3,95,0.00,405.0
2026-04-17T16:00,26.6,65,19.5,27.5,18.7,96,0.00,369.0
2026-04-17T17:00,27.2,63,19.5,28.0,19.5,99,0.00,376.0
2026-04-17T18:00,27.0,64,19.6,28.0,18.2,59,0.00,281.0
2026-04-17T19:00,26.1,66,19.3,27.4,15.7,98,0.00,198.0
2026-04-17T20:00,25.5,67,18.8,26.4,16.1,99,0.00,40.0
2026-04-17T21:00,25.1,66,18.2,25.6,17.6,96,0.00,0.0
2026-04-17T22:00,24.9,69,18.7,25.3,18.9,13,0.00,0.0
2026-04-17T23:00,24.2,74,19.2,24.9,19.3,8,0.00,0.0
2026-04-18T00:00,23.6,75,18.9,24.1,19.5,44,0.00,0.0
2026-04-18T01:00,23.2,78,19.3,23.8,20.2,91,0.00,0.0
2026-04-18T02:00,22.9,81,19.5,23.5,20.2,95,0.00,0.0
2026-04-18T03:00,22.2,85,19.7,23.0,20.2,100,0.00,0.0
2026-04-18T04:00,22.5,84,19.8,24.1,14.8,100,0.60,0.0
2026-04-18T05:00,14.4,92,13.1,12.4,19.9,100,6.40,0.0
2026-04-18T06:00,14.6,91,13.1,12.4,21.2,100,3.20,0.0
2026-04-18T07:00,13.2,92,12.0,10.6,21.8,100,0.20,0.0
2026-04-18T08:00,11.4,87,9.3,7.8,23.6,100,0.80,12.0
2026-04-18T09:00,11.5,79,8.1,8.3,18.4,100,0.10,92.0
2026-04-18T10:00,11.5,77,7.6,8.1,19.2,100,1.60,133.0
2026-04-18T11:00,11.6,74,7.2,7.5,23.9,100,0.60,161.0
2026-04-18T12:00,11.9,77,7.9,9.8,10.4,100,4.30,185.0
2026-04-18T13:00,10.9,83,8.1,9.0,9.8,100,0.70,226.0
2026-04-18T14:00,13.1,65,6.7,10.3,13.3,99,0.20,289.0
2026-04-18T15:00,14.8,51,4.8,11.8,12.1,100,0.00,434.0
2026-04-18T16:00,15.0,51,5.0,12.1,11.4,100,0.10,323.0
2026-04-18T17:00,14.6,58,6.4,12.4,9.3,92,0.60,152.0
2026-04-18T18:00,15.8,51,5.8,13.4,9.4,93,0.00,235.0
2026-04-18T19:00,15.1,64,8.4,14.4,2.0,89,0.00,138.0
2026-04-18T20:00,13.9,71,8.8,12.9,4.8,61,0.00,47.0
2026-04-18T21:00,13.6,63,6.7,11.5,7.9,100,0.00,0.0
2026-04-18T22:00,12.6,68,7.0,11.0,6.2,100,0.00,0.0
2026-04-18T23:00,12.2,70,6.8,10.4,6.8,100,0.00,0.0
2026-04-19T00:00,11.4,72,6.5,9.7,5.8,94,0.00,0.0
2026-04-19T01:00,9.4,79,5.9,7.7,4.6,3,0.00,0.0
2026-04-19T02:00,8.5,80,5.3,6.9,3.1,10,0.00,0.0
2026-04-19T03:00,8.2,81,5.1,6.6,2.8,46,0.00,0.0
2026-04-19T04:00,7.9,83,5.2,6.2,4.0,63,0.00,0.0
2026-04-19T05:00,7.8,83,5.1,6.1,2.7,0,0.00,0.0
2026-04-19T06:00,7.3,84,4.8,5.8,1.8,0,0.00,0.0
2026-04-19T07:00,7.2,81,4.2,5.4,2.3,0,0.00,0.0
2026-04-19T08:00,8.4,80,5.1,6.7,3.4,24,0.00,75.0
2026-04-19T09:00,10.6,72,5.8,9.2,2.4,0,0.00,280.0
2026-04-19T10:00,12.6,64,5.9,11.2,2.3,20,0.00,504.0
2026-04-19T11:00,14.4,59,6.3,14.1,2.4,0,0.00,705.0
2026-04-19T12:00,16.0,56,7.3,17.0,2.8,0,0.00,861.0
2026-04-19T13:00,18.2,43,5.4,19.5,2.5,0,0.00,956.0
2026-04-19T14:00,19.6,42,6.4,20.9,4.4,6,0.00,992.0
2026-04-19T15:00,20.4,38,5.7,20.6,7.5,36,0.00,950.0
2026-04-19T16:00,20.6,36,4.9,19.8,8.6,88,0.00,843.0
2026-04-19T17:00,20.4,37,5.3,18.7,9.1,97,0.00,682.0
2026-04-19T18:00,19.9,38,5.2,17.4,9.0,100,0.00,471.0
2026-04-19T19:00,19.1,42,5.8,17.0,7.6,96,0.00,253.0
2026-04-19T20:00,16.4,56,7.6,14.9,6.0,94,0.00,60.0
2026-04-19T21:00,15.2,62,7.9,13.9,5.6,100,0.00,0.0
2026-04-19T22:00,14.6,64,7.8,13.2,5.9,100,0.00,0.0
2026-04-19T23:00,13.8,66,7.7,12.3,5.8,99,0.00,0.0
2026-04-20T00:00,13.4,67,7.4,11.8,6.6,100,0.00,0.0
2026-04-20T01:00,11.6,78,7.9,10.3,5.3,100,0.00,0.0
2026-04-20T02:00,11.1,79,7.6,9.8,5.0,100,0.00,0.0
2026-04-20T03:00,11.2,78,7.4,10.0,3.5,100,0.00,0.0
2026-04-20T04:00,10.9,80,7.6,9.7,4.4,100,0.00,0.0
2026-04-20T05:00,10.7,80,7.3,9.4,4.2,100,0.00,0.0
2026-04-20T06:00,10.1,81,6.9,8.6,5.1,100,0.00,0.0
2026-04-20T07:00,10.9,77,7.0,9.3,5.7,100,0.00,0.0
2026-04-20T08:00,11.7,74,7.3,10.0,6.7,100,0.00,37.0
2026-04-20T09:00,12.9,74,8.4,11.5,6.4,100,0.00,131.0
2026-04-20T10:00,15.1,69,9.4,13.9,7.1,100,0.00,345.0
2026-04-20T11:00,17.2,62,9.9,15.9,8.9,98,0.00,560.0
2026-04-20T12:00,19.1,51,8.6,18.6,11.9,73,0.00,830.0
2026-04-20T13:00,20.2,43,7.2,20.1,11.3,98,0.00,933.0
2026-04-20T14:00,20.7,42,7.5,20.7,9.6,99,0.00,904.0
2026-04-20T15:00,20.7,43,7.8,19.6,9.9,98,0.00,716.0
2026-04-20T16:00,20.9,43,7.9,19.6,8.6,100,0.00,635.0
2026-04-20T17:00,21.1,43,8.2,19.6,8.1,98,0.00,573.0
2026-04-20T18:00,21.0,44,8.4,19.1,9.7,98,0.00,442.0
2026-04-20T19:00,19.6,48,8.4,18.0,8.0,80,0.00,231.0
2026-04-20T20:00,17.8,60,10.0,16.9,6.2,9,0.00,49.0
2026-04-20T21:00,16.5,64,9.6,15.2,8.0,79,0.00,0.0
2026-04-20T22:00,16.0,68,10.1,15.2,6.3,84,0.00,0.0
2026-04-20T23:00,14.9,74,10.4,14.2,5.7,100,0.00,0.0
2026-04-21T00:00,15.1,74,10.6,14.4,5.4,100,0.00,0.0
2026-04-21T01:00,14.1,82,10.9,13.3,6.8,100,0.00,0.0
2026-04-21T02:00,14.1,83,11.3,13.4,7.6,100,0.00,0.0
2026-04-21T03:00,13.6,88,11.8,13.7,3.6,100,1.10,0.0
2026-04-21T04:00,13.9,89,12.1,13.7,6.1,100,0.00,0.0
2026-04-21T05:00,13.8,91,12.3,14.1,2.3,100,0.00,0.0
2026-04-21T06:00,13.7,92,12.4,13.7,5.2,100,0.00,0.0
2026-04-21T07:00,13.7,93,12.6,13.4,7.5,100,0.90,0.0
2026-04-21T08:00,13.9,95,13.1,13.7,7.6,100,3.10,6.0
2026-04-21T09:00,14.1,96,13.4,13.7,10.4,100,3.10,23.0
2026-04-21T10:00,14.4,95,13.7,13.9,11.9,100,4.80,42.0
2026-04-21T11:00,14.8,95,13.9,14.2,12.7,100,4.10,48.0
2026-04-21T12:00,15.4,96,14.6,15.4,10.4,100,2.10,112.0
2026-04-21T13:00,15.8,88,13.8,14.4,18.2,100,0.20,530.0
2026-04-21T14:00,17.5,78,13.6,15.4,21.9,100,0.10,467.0
2026-04-21T15:00,18.2,76,13.8,16.8,17.9,100,0.00,472.0
2026-04-21T16:00,18.5,77,14.5,17.6,16.5,100,1.60,409.0
2026-04-21T17:00,18.1,78,14.2,17.4,14.7,100,0.10,239.0
2026-04-21T18:00,18.5,78,14.6,18.5,11.1,100,0.00,149.0
2026-04-21T19:00,16.7,87,14.6,16.5,11.6,100,0.00,98.0
2026-04-21T20:00,16.0,91,14.6,15.8,11.8,100,0.40,20.0
2026-04-21T21:00,15.9,93,14.8,15.8,11.8,100,0.00,0.0
2026-04-21T22:00,15.9,93,14.8,15.8,10.9,100,0.00,0.0
2026-04-21T23:00,15.8,93,14.8,15.9,10.2,100,0.00,0.0
2026-04-22T00:00,15.5,94,14.5,15.4,10.7,96,0.00,0.0
2026-04-22T01:00,15.7,95,14.9,15.8,10.4,100,0.00,0.0
2026-04-22T02:00,15.9,93,14.8,16.0,9.8,100,0.00,0.0
2026-04-22T03:00,15.9,94,14.9,16.3,8.8,100,0.00,0.0
2026-04-22T04:00,16.0,94,15.0,16.4,8.5,100,0.10,0.0
2026-04-22T05:00,16.0,94,15.1,16.5,8.4,100,0.00,0.0
2026-04-22T06:00,15.9,95,15.1,16.4,8.4,100,0.00,0.0
2026-04-22T07:00,15.6,95,14.8,15.6,10.3,94,0.30,0.0
2026-04-22T08:00,15.9,96,15.2,16.1,11.0,100,1.90,42.0
2026-04-22T09:00,17.0,91,15.5,17.3,10.2,100,0.00,97.0
2026-04-22T10:00,17.4,90,15.8,17.6,11.5,100,1.50,151.0
2026-04-22T11:00,18.1,90,16.4,18.6,11.6,100,0.20,126.0
2026-04-22T12:00,19.9,84,17.1,20.8,11.5,100,0.10,298.0
2026-04-22T13:00,20.1,85,17.5,21.0,13.1,100,0.10,352.0
2026-04-22T14:00,22.8,77,18.5,24.0,13.2,100,0.20,519.0
2026-04-22T15:00,23.0,76,18.4,24.0,14.0,45,0.30,358.0
2026-04-22T16:00,23.9,72,18.5,24.9,14.9,23,0.20,566.0
2026-04-22T17:00,24.2,72,19.0,25.8,13.0,37,0.20,566.0
2026-04-22T18:00,24.2,72,19.0,25.5,14.2,30,0.00,372.0
2026-04-22T19:00,22.0,80,18.5,23.5,11.4,3,0.00,209.0
2026-04-22T20:00,21.1,84,18.2,22.7,9.8,4,0.00,57.0
2026-04-22T21:00,21.2,86,18.8,22.5,13.6,20,0.00,0.0
2026-04-22T22:00,21.5,85,18.8,22.7,14.0,10,0.00,0.0
2026-04-22T23:00,21.0,85,18.5,21.8,16.1,27,0.00,0.0
2026-04-23T00:00,20.5,89,18.6,21.8,13.4,100,0.00,0.0
2026-04-23T01:00,21.0,90,19.2,22.4,14.6,49,0.00,0.0
2026-04-23T02:00,20.3,92,19.0,21.0,18.0,100,0.00,0.0
2026-04-23T03:00,20.4,91,18.8,20.9,19.1,97,0.00,0.0
2026-04-23T04:00,20.2,91,18.7,20.9,17.8,100,0.00,0.0
2026-04-23T05:00,20.2,92,18.9,21.3,15.7,100,0.00,0.0
2026-04-23T06:00,20.0,91,18.5,20.9,15.5,100,0.00,0.0
2026-04-23T07:00,19.9,91,18.4,20.7,15.2,100,0.00,0.0
2026-04-23T08:00,20.0,92,18.6,20.4,18.9,100,0.00,36.0
2026-04-23T09:00,20.5,90,18.7,21.2,17.1,100,0.10,88.0
2026-04-23T10:00,21.4,86,19.0,21.5,22.0,100,0.10,216.0
2026-04-23T11:00,22.5,78,18.5,22.4,21.8,100,0.10,265.0
2026-04-23T12:00,24.0,72,18.7,23.8,23.7,100,0.10,505.0
2026-04-23T13:00,24.7,68,18.4,24.4,24.8,91,0.10,593.0
2026-04-23T14:00,25.2,68,18.8,25.5,23.3,93,0.00,641.0
2026-04-23T15:00,26.2,62,18.4,26.5,24.2,75,0.00,722.0
2026-04-23T16:00,26.3,62,18.4,26.0,23.9,76,0.00,573.0
2026-04-23T17:00,26.1,62,18.2,26.0,21.2,98,0.00,438.0
2026-04-23T18:00,25.5,65,18.5,26.1,18.1,99,0.00,291.0
2026-04-23T19:00,25.3,71,19.5,26.5,16.8,100,0.00,177.0
2026-04-23T20:00,24.5,74,19.5,25.7,16.7,98,0.00,25.0
2026-04-23T21:00,24.0,76,19.5,25.3,16.2,99,0.00,0.0
2026-04-23T22:00,23.9,75,19.1,24.7,18.0,99,0.00,0.0
2026-04-23T23:00,23.4,78,19.2,24.2,17.8,95,0.00,0.0
2026-04-24T00:00,23.1,79,19.2,23.5,21.4,98,0.00,0.0
2026-04-24T01:00,23.1,81,19.8,23.7,21.3,73,0.00,0.0
2026-04-24T02:00,22.6,83,19.7,23.4,20.5,98,0.00,0.0
2026-04-24T03:00,22.4,86,19.8,23.1,20.6,100,0.00,0.0
2026-04-24T04:00,22.2,87,20.0,23.1,20.2,100,0.00,0.0
2026-04-24T05:00,22.1,88,20.0,23.2,19.2,100,0.00,0.0
2026-04-24T06:00,22.0,88,20.0,23.3,17.8,100,0.00,0.0
2026-04-24T07:00,21.9,88,19.8,23.3,15.9,100,0.00,0.0
2026-04-24T08:00,22.2,88,20.2,23.9,16.1,100,0.00,27.0
2026-04-24T09:00,23.5,85,20.9,25.9,13.5,39,0.00,175.0
2026-04-24T10:00,25.2,76,20.8,26.6,19.8,61,0.20,442.0
2026-04-24T11:00,26.5,70,20.6,28.2,17.4,24,0.10,498.0
2026-04-24T12:00,28.0,61,20.0,30.5,16.1,25,0.00,740.0
2026-04-24T13:00,29.2,58,20.0,33.2,10.6,14,0.00,824.0
2026-04-24T14:00,30.1,52,19.2,34.1,9.8,31,0.00,880.0
2026-04-24T15:00,30.8,49,18.8,34.3,9.2,41,0.00,831.0
2026-04-24T16:00,30.1,51,18.8,32.9,9.3,16,0.00,703.0
2026-04-24T17:00,30.2,50,18.8,32.7,7.5,18,0.00,595.0
2026-04-24T18:00,30.9,50,19.1,33.7,4.0,15,0.00,391.0
2026-04-24T19:00,29.2,51,18.1,30.5,11.2,0,0.00,235.0
2026-04-24T20:00,26.4,62,18.5,29.4,0.2,0,0.00,66.0
2026-04-24T21:00,23.8,76,19.3,26.1,8.4,38,0.00,0.0
2026-04-24T22:00,22.4,83,19.4,24.6,8.8,12,0.00,0.0
2026-04-24T23:00,21.5,85,18.9,24.7,0.3,52,0.00,0.0
2026-04-25T00:00,21.0,89,19.1,23.3,7.4,48,0.00,0.0
2026-04-25T01:00,21.0,88,18.9,22.9,9.4,17,0.00,0.0
2026-04-25T02:00,20.5,91,19.0,22.5,9.7,5,0.00,0.0
2026-04-25T03:00,19.9,93,18.6,21.7,9.3,9,0.00,0.0
2026-04-25T04:00,19.8,86,17.2,20.8,10.3,54,0.00,0.0
2026-04-25T05:00,19.5,90,17.9,21.0,9.7,91,0.00,0.0
2026-04-25T06:00,20.0,95,19.1,22.3,7.8,100,0.00,0.0
2026-04-25T07:00,20.6,99,20.5,23.4,8.8,100,0.00,0.0
2026-04-25T08:00,21.6,98,21.2,24.7,9.7,100,0.00,25.0
2026-04-25T09:00,22.6,96,21.9,25.8,11.3,100,0.00,77.0
2026-04-25T10:00,23.5,93,22.4,26.8,12.6,100,0.00,128.0
2026-04-25T11:00,25.0,84,22.1,27.7,16.0,59,0.20,352.0
2026-04-25T12:00,26.4,78,22.1,29.5,16.9,69,0.00,664.0
2026-04-25T13:00,27.9,71,22.2,31.6,15.7,57,0.00,741.0
2026-04-25T14:00,29.5,62,21.6,33.3,17.9,52,0.00,878.0
2026-04-25T15:00,30.0,61,21.6,33.3,18.0,71,0.00,795.0
2026-04-25T16:00,29.5,63,21.7,31.6,19.6,87,0.00,588.0
2026-04-25T17:00,25.6,79,21.8,28.2,15.4,73,5.80,353.0
2026-04-25T18:00,23.9,86,21.4,27.3,8.0,10,3.60,272.0
2026-04-25T19:00,23.1,90,21.5,25.5,15.3,100,0.00,234.0
2026-04-25T20:00,21.5,91,20.0,23.9,10.1,24,0.00,16.0
2026-04-25T21:00,19.9,85,17.3,19.9,18.1,2,0.00,0.0
2026-04-25T22:00,20.2,88,18.2,21.4,12.9,7,0.00,0.0
2026-04-25T23:00,20.8,88,18.8,22.8,8.3,93,0.00,0.0
2026-04-26T00:00,21.3,88,19.2,23.3,10.1,63,0.00,0.0
2026-04-26T01:00,23.6,82,20.4,25.9,12.4,22,0.00,0.0
2026-04-26T02:00,23.6,82,20.4,25.6,13.9,13,0.00,0.0
2026-04-26T03:00,22.9,86,20.5,25.2,12.2,19,0.00,0.0
2026-04-26T04:00,22.1,92,20.8,24.3,14.3,100,0.00,0.0
2026-04-26T05:00,22.4,95,21.5,24.9,14.3,100,0.00,0.0
2026-04-26T06:00,22.9,95,22.0,25.6,14.9,100,0.00,0.0
2026-04-26T07:00,22.0,98,21.6,25.3,10.0,99,0.00,1.0
2026-04-26T08:00,22.6,96,21.9,25.8,12.0,100,0.00,50.0
2026-04-26T09:00,22.5,93,21.4,25.3,12.8,99,0.20,90.0
2026-04-26T10:00,23.8,85,21.1,25.6,17.6,100,0.00,165.0
2026-04-26T11:00,24.9,80,21.1,26.4,19.8,98,0.00,366.0
2026-04-26T12:00,26.5,71,20.9,28.0,21.1,100,0.00,615.0
2026-04-26T13:00,25.0,81,21.5,26.9,18.6,100,0.00,503.0
2026-04-26T14:00,26.7,73,21.4,28.3,20.6,100,0.00,550.0
2026-04-26T15:00,27.6,70,21.6,29.9,16.8,91,0.00,551.0
2026-04-26T16:00,28.0,69,21.9,30.3,17.1,28,0.00,476.0
2026-04-26T17:00,28.7,66,21.7,31.0,17.3,88,0.00,562.0
2026-04-26T18:00,28.5,68,22.0,31.4,14.0,64,0.00,305.0
2026-04-26T19:00,27.7,73,22.4,30.6,15.4,16,0.00,171.0
2026-04-26T20:00,26.5,73,21.3,29.1,13.6,4,0.00,61.0
2026-04-26T21:00,25.8,77,21.5,28.1,16.2,0,0.00,0.0
2026-04-26T22:00,25.5,79,21.5,27.6,17.9,2,0.00,0.0
2026-04-26T23:00,25.1,81,21.6,27.2,18.5,2,0.00,0.0
2026-04-27T00:00,24.7,83,21.6,26.6,19.1,2,0.00,0.0
2026-04-27T01:00,24.4,88,22.2,26.5,20.0,18,0.00,0.0
2026-04-27T02:00,24.0,88,22.0,26.1,19.8,9,0.00,0.0
2026-04-27T03:00,23.7,89,21.8,25.5,21.0,36,0.00,0.0
2026-04-27T04:00,23.4,90,21.7,25.4,19.0,9,0.00,0.0
2026-04-27T05:00,23.2,91,21.6,25.3,17.8,100,0.00,0.0
2026-04-27T06:00,23.4,90,21.6,25.7,16.4,100,0.00,0.0
2026-04-27T07:00,23.6,89,21.8,26.3,14.7,100,0.00,1.0
2026-04-27T08:00,24.2,87,21.9,27.0,14.8,19,0.00,46.0
2026-04-27T09:00,25.5,82,22.3,28.7,13.1,9,0.00,218.0
2026-04-27T10:00,27.0,76,22.5,29.7,17.7,88,0.00,469.0
2026-04-27T11:00,28.5,70,22.6,31.3,17.2,49,0.00,538.0
2026-04-27T12:00,30.4,62,22.2,34.5,14.3,10,0.00,753.0
2026-04-27T13:00,31.5,59,22.4,37.2,8.8,63,0.00,872.0
2026-04-27T14:00,31.2,49,19.1,34.1,9.9,21,0.00,713.0
2026-04-27T15:00,32.3,42,17.9,36.2,5.4,2,0.00,847.0
2026-04-27T16:00,32.6,43,18.3,36.0,6.9,2,0.00,781.0
2026-04-27T17:00,33.0,36,15.7,34.4,7.1,5,0.00,642.0
2026-04-27T18:00,33.0,37,16.5,34.5,5.2,30,0.00,454.0
2026-04-27T19:00,23.8,87,21.4,26.3,14.1,5,0.00,225.0
2026-04-27T20:00,22.9,85,20.2,25.2,11.1,5,0.00,65.0
2026-04-27T21:00,22.9,83,19.9,25.5,8.5,27,0.00,0.0
2026-04-27T22:00,23.1,83,20.1,25.9,7.9,45,0.00,0.0
2026-04-27T23:00,22.9,86,20.3,25.4,10.0,100,0.00,0.0
2026-04-28T00:00,22.4,88,20.3,24.7,11.6,100,0.00,0.0
2026-04-28T01:00,21.9,100,21.9,25.1,11.5,98,0.00,0.0
2026-04-28T02:00,22.9,100,22.9,26.4,13.0,100,0.00,0.0
2026-04-28T03:00,23.5,99,23.3,27.3,13.1,100,0.00,0.0
2026-04-28T04:00,24.3,95,23.5,27.9,14.5,100,0.00,0.0
2026-04-28T05:00,24.5,94,23.4,28.2,14.2,100,0.00,0.0
2026-04-28T06:00,24.5,91,23.0,27.8,15.4,100,0.00,0.0
2026-04-28T07:00,24.2,92,22.8,27.6,13.7,100,0.00,1.0
2026-04-28T08:00,24.5,90,22.8,28.4,10.5,100,0.00,27.0
2026-04-28T09:00,25.0,89,23.0,29.1,9.2,100,0.10,83.0
2026-04-28T10:00,25.2,89,23.2,29.2,11.2,86,0.00,103.0
2026-04-28T11:00,28.1,73,22.9,31.4,15.9,82,0.20,593.0
2026-04-28T12:00,28.8,70,22.9,31.9,16.9,83,0.20,571.0
2026-04-28T13:00,28.5,69,22.4,32.0,16.2,74,0.10,700.0
2026-04-28T14:00,28.7,71,23.0,31.8,16.2,100,0.00,529.0
2026-04-28T15:00,29.8,65,22.5,32.4,21.5,98,0.00,658.0
2026-04-28T16:00,29.1,68,22.6,31.3,21.7,63,0.00,529.0
2026-04-28T17:00,27.1,73,21.9,29.8,15.1,45,0.00,465.0
2026-04-28T18:00,27.1,74,22.1,31.6,4.0,47,0.00,386.0
2026-04-28T19:00,27.1,75,22.4,30.3,13.6,16,0.00,238.0
2026-04-28T20:00,25.4,83,22.2,29.9,3.5,6,0.00,64.0
2026-04-28T21:00,24.6,85,21.9,28.5,6.5,2,0.00,0.0
2026-04-28T22:00,24.0,91,22.4,27.8,9.1,28,0.00,0.0
2026-04-28T23:00,23.1,95,22.2,26.1,14.4,8,0.00,0.0
2026-04-29T00:00,22.7,94,21.6,25.8,10.8,100,0.10,0.0
2026-04-29T01:00,20.9,87,18.6,21.7,16.4,100,0.40,0.0
2026-04-29T02:00,19.4,86,17.0,20.0,12.9,100,0.00,0.0
2026-04-29T03:00,19.0,86,16.6,20.1,8.9,100,0.00,0.0
2026-04-29T04:00,18.5,86,16.0,18.9,11.5,100,0.00,0.0
2026-04-29T05:00,17.6,85,15.1,17.6,12.4,100,0.20,0.0
2026-04-29T06:00,17.0,85,14.6,16.8,12.3,100,0.40,0.0
2026-04-29T07:00,15.8,85,13.4,14.8,14.5,100,4.50,0.0
2026-04-29T08:00,15.5,85,12.9,14.4,14.1,100,0.70,20.0
2026-04-29T09:00,15.6,81,12.4,14.4,13.4,100,0.00,92.0
2026-04-29T10:00,16.1,79,12.5,14.7,15.6,100,0.00,185.0
2026-04-29T11:00,16.4,80,12.9,15.6,11.6,100,0.10,187.0
2026-04-29T12:00,16.5,82,13.3,15.8,11.7,100,0.40,122.0
2026-04-29T13:00,17.3,77,13.1,16.0,16.0,100,0.60,156.0
2026-04-29T14:00,16.7,84,14.1,15.8,15.0,100,13.10,268.0
2026-04-29T15:00,16.5,84,13.9,16.2,11.2,100,3.70,122.0
2026-04-29T16:00,18.5,76,14.2,17.8,14.0,100,0.00,410.0
2026-04-29T17:00,17.9,78,13.9,17.3,13.0,100,0.00,118.0
2026-04-29T18:00,18.0,79,14.3,18.0,9.6,100,0.00,75.0
2026-04-29T19:00,17.5,77,13.4,16.8,12.4,100,0.00,39.0
2026-04-29T20:00,16.9,84,14.2,17.1,8.0,100,0.30,25.0
2026-04-29T21:00,16.8,87,14.6,17.3,7.1,100,0.00,0.0
2026-04-29T22:00,16.7,87,14.4,16.6,10.5,100,0.60,0.0
2026-04-29T23:00,16.5,89,14.6,16.7,8.8,100,0.10,0.0
2026-04-30T00:00,16.4,89,14.6,16.7,8.2,100,0.00,0.0
2026-04-30T01:00,16.6,89,14.8,16.5,11.4,100,0.00,0.0
2026-04-30T02:00,16.7,89,14.8,17.0,9.1,100,0.00,0.0
2026-04-30T03:00,16.5,90,14.8,16.7,9.0,83,0.00,0.0
2026-04-30T04:00,15.6,92,14.4,15.7,9.7,84,0.00,0.0
2026-04-30T05:00,15.1,93,13.9,15.0,9.5,81,0.00,0.0
2026-04-30T06:00,14.6,94,13.8,14.9,6.9,100,0.00,0.0
2026-04-30T07:00,14.9,92,13.6,14.5,11.5,98,0.00,2.0
2026-04-30T08:00,15.7,89,13.9,15.4,10.4,100,0.00,79.0
2026-04-30T09:00,16.8,84,14.1,15.8,15.7,100,0.00,227.0
2026-04-30T10:00,17.5,82,14.4,17.2,11.9,100,0.10,201.0
2026-04-30T11:00,18.0,80,14.5,18.0,10.0,100,0.10,204.0
2026-04-30T12:00,17.6,84,14.9,17.2,14.4,100,1.20,155.0
2026-04-30T13:00,16.6,87,14.4,15.9,15.1,100,1.10,164.0
2026-04-30T14:00,17.3,82,14.2,17.0,11.6,100,0.00,236.0
2026-04-30T15:00,17.3,80,13.8,16.8,11.8,100,0.00,178.0
2026-04-30T16:00,17.2,77,13.2,16.8,10.4,100,0.00,120.0
2026-04-30T17:00,17.3,77,13.1,17.1,8.1,100,0.00,97.0
2026-04-30T18:00,17.1,78,13.4,17.2,7.3,100,0.00,66.0
2026-04-30T19:00,16.5,85,14.0,17.4,2.2,100,0.00,67.0
2026-04-30T20:00,16.4,87,14.3,16.7,7.3,100,0.30,13.0
2026-04-30T21:00,16.0,87,13.9,15.7,10.9,100,0.40,0.0
2026-04-30T22:00,15.6,86,13.2,14.8,12.4,100,0.30,0.0
2026-04-30T23:00,15.4,83,12.6,14.8,10.1,100,0.00,0.0
