latitude,longitude,elevation,utc_offset_seconds,timezone,timezone_abbreviation
32.864674,-97.05017,186.0,-18000,America/Chicago,GMT-5

time,temperature_2m (°C),relative_humidity_2m (%),dew_point_2m (°C),apparent_temperature (°C),wind_speed_10m (km/h),cloud_cover (%),precipitation (mm),shortwave_radiation (W/m²)
2025-06-01T00:00,22.9,70,17.0,24.2,8.1,0,0.00,0.0
2025-06-01T01:00,22.4,71,16.9,23.8,7.0,0,0.00,0.0
2025-06-01T02:00,21.8,74,16.9,23.3,6.1,0,0.00,0.0
2025-06-01T03:00,21.3,76,16.9,22.8,6.1,0,0.00,0.0
2025-06-01T04:00,21.1,76,16.8,22.4,7.2,0,0.00,0.0
2025-06-01T05:00,20.8,78,16.9,22.3,6.5,0,0.00,0.0
2025-06-01T06:00,20.5,79,16.9,22.0,6.3,0,0.00,0.0
2025-06-01T07:00,20.8,79,17.0,22.3,7.0,1,0.00,15.0
2025-06-01T08:00,22.4,75,17.8,23.8,9.1,70,0.00,129.0
2025-06-01T09:00,23.2,75,18.6,25.1,8.8,56,0.10,219.0
2025-06-01T10:00,22.2,89,20.4,23.3,20.5,100,8.00,443.0
2025-06-01T11:00,21.1,93,19.9,22.6,15.9,29,1.20,54.0
2025-06-01T12:00,24.8,77,20.5,27.6,15.1,16,0.00,716.0
2025-06-01T13:00,26.4,73,21.1,31.1,12.4,15,0.00,915.0
2025-06-01T14:00,28.3,65,21.1,32.6,13.0,67,0.00,869.0
2025-06-01T15:00,28.4,68,21.9,32.5,12.2,59,0.00,743.0
2025-06-01T16:00,28.5,68,22.0,31.8,11.6,39,0.10,549.0
2025-06-01T17:00,28.4,69,22.1,31.6,11.5,59,0.60,502.0
2025-06-01T18:00,28.4,69,22.1,32.0,9.3,36,0.00,383.0
2025-06-01T19:00,27.6,74,22.5,31.9,5.9,62,0.10,228.0
2025-06-01T20:00,24.5,89,22.5,28.5,7.8,96,0.00,83.0
2025-06-01T21:00,23.5,91,22.0,27.6,5.9,80,4.10,4.0
2025-06-01T22:00,23.3,96,22.6,27.2,9.5,13,0.00,0.0
2025-06-01T23:00,23.0,97,22.5,26.7,9.7,10,0.00,0.0
2025-06-02T00:00,22.5,94,21.5,25.6,10.4,0,0.00,0.0
2025-06-02T01:00,21.9,92,20.5,24.3,11.8,0,0.00,0.0
2025-06-02T02:00,21.5,86,19.1,23.2,12.1,0,0.00,0.0
2025-06-02T03:00,21.2,84,18.5,22.5,12.5,2,0.00,0.0
2025-06-02T04:00,21.0,84,18.3,22.4,11.9,0,0.00,0.0
2025-06-02T05:00,20.9,87,18.6,22.5,11.1,7,0.00,0.0
2025-06-02T06:00,20.8,89,18.9,22.5,10.7,7,0.00,0.0
2025-06-02T07:00,21.0,89,19.0,22.9,10.2,10,0.00,15.0
2025-06-02T08:00,23.6,92,22.3,27.1,10.8,42,0.00,101.0
2025-06-02T09:00,24.5,89,22.5,27.9,12.1,33,0.00,152.0
2025-06-02T10:00,26.6,79,22.7,30.7,9.0,65,0.10,384.0
2025-06-02T11:00,28.5,72,22.9,32.6,10.6,21,0.00,598.0
2025-06-02T12:00,30.0,69,23.8,35.4,11.9,7,0.00,769.0
2025-06-02T13:00,30.9,66,23.8,36.4,14.7,13,0.00,864.0
2025-06-02T14:00,31.7,62,23.5,37.0,16.1,31,0.00,912.0
2025-06-02T15:00,32.5,56,22.7,36.6,16.8,42,0.00,789.0
2025-06-02T16:00,33.2,52,22.0,36.5,18.0,70,0.00,756.0
2025-06-02T17:00,31.9,54,21.4,34.0,16.7,91,0.00,459.0
2025-06-02T18:00,32.3,50,20.7,33.9,17.7,38,0.00,411.0
2025-06-02T19:00,31.6,55,21.5,34.0,15.4,77,0.00,286.0
2025-06-02T20:00,29.8,66,22.6,32.8,15.0,95,0.00,111.0
2025-06-02T21:00,28.4,70,22.4,31.8,11.5,99,0.00,9.0
2025-06-02T22:00,28.0,70,22.0,31.0,13.0,24,0.00,0.0
2025-06-02T23:00,27.8,68,21.3,30.0,15.6,33,0.00,0.0
2025-06-03T00:00,27.1,69,21.0,29.2,15.9,7,0.00,0.0
2025-06-03T01:00,26.4,76,21.7,29.0,14.6,0,0.00,0.0
2025-06-03T02:00,25.9,79,22.0,28.6,15.1,0,0.00,0.0
2025-06-03T03:00,25.5,81,21.9,28.1,15.0,17,0.00,0.0
2025-06-03T04:00,25.0,81,21.5,27.6,13.6,99,0.00,0.0
2025-06-03T05:00,24.5,82,21.2,27.2,12.9,100,0.00,0.0
2025-06-03T06:00,24.1,82,21.0,26.5,13.6,100,0.00,0.0
2025-06-03T07:00,24.0,82,20.7,26.3,13.0,100,0.00,11.0
2025-06-03T08:00,25.1,83,22.1,28.4,11.5,100,0.00,128.0
2025-06-03T09:00,26.5,76,21.9,28.5,19.0,100,0.00,240.0
2025-06-03T10:00,27.2,71,21.4,29.1,18.2,99,0.00,244.0
2025-06-03T11:00,28.9,62,20.9,30.0,22.2,41,0.00,429.0
2025-06-03T12:00,30.0,59,21.3,31.8,23.6,24,0.00,702.0
2025-06-03T13:00,30.8,56,21.1,33.1,25.6,70,0.20,901.0
2025-06-03T14:00,31.0,54,20.8,32.7,24.5,38,0.00,764.0
2025-06-03T15:00,32.5,49,20.5,35.3,20.0,44,0.00,856.0
2025-06-03T16:00,32.3,51,21.0,34.3,21.8,41,0.00,715.0
2025-06-03T17:00,32.5,47,19.9,33.7,19.7,44,0.00,609.0
2025-06-03T18:00,31.7,52,20.5,32.9,20.0,46,0.20,446.0
2025-06-03T19:00,30.3,59,21.5,32.1,19.3,52,0.20,255.0
2025-06-03T20:00,25.6,84,22.6,29.4,10.4,74,6.40,65.0
2025-06-03T21:00,24.7,90,23.0,27.9,15.6,75,0.40,6.0
2025-06-03T22:00,24.5,88,22.4,27.2,16.1,99,0.10,0.0
2025-06-03T23:00,24.8,87,22.5,27.7,15.9,95,0.10,0.0
2025-06-04T00:00,24.7,88,22.5,28.4,10.2,100,0.40,0.0
2025-06-04T01:00,23.6,95,22.7,28.7,1.3,96,20.70,0.0
2025-06-04T02:00,23.4,96,22.8,28.2,3.8,74,1.80,0.0
2025-06-04T03:00,22.4,91,20.8,24.6,14.3,54,2.00,0.0
2025-06-04T04:00,22.0,92,20.6,24.7,10.6,98,0.00,0.0
2025-06-04T05:00,22.2,93,21.0,25.2,9.8,100,0.00,0.0
2025-06-04T06:00,20.1,88,18.1,20.9,15.2,100,0.00,0.0
2025-06-04T07:00,19.7,86,17.4,20.5,12.5,100,0.00,4.0
2025-06-04T08:00,19.5,89,17.6,20.8,9.4,100,0.00,34.0
2025-06-04T09:00,20.0,86,17.6,21.2,10.9,100,0.00,140.0
2025-06-04T10:00,21.6,81,18.3,23.3,9.7,99,0.00,376.0
2025-06-04T11:00,22.4,78,18.5,23.9,11.0,100,0.00,387.0
2025-06-04T12:00,22.9,77,18.6,24.5,10.8,100,0.00,449.0
2025-06-04T13:00,23.0,77,18.6,24.6,11.3,100,0.00,423.0
2025-06-04T14:00,24.1,73,19.0,26.4,10.5,100,0.00,610.0
2025-06-04T15:00,25.0,71,19.3,27.2,9.5,100,0.00,558.0
2025-06-04T16:00,25.2,70,19.4,27.4,9.3,100,0.00,471.0
2025-06-04T17:00,25.0,71,19.4,27.1,9.7,100,0.00,357.0
2025-06-04T18:00,25.0,71,19.2,27.3,8.0,100,0.00,306.0
2025-06-04T19:00,24.7,71,19.1,27.3,5.6,27,0.00,192.0
2025-06-04T20:00,24.2,76,19.8,27.2,5.2,4,0.00,120.0
2025-06-04T21:00,23.0,82,19.7,25.7,6.5,6,0.00,10.0
2025-06-04T22:00,22.4,84,19.6,25.2,6.2,2,0.00,0.0
2025-06-04T23:00,22.0,86,19.6,24.7,6.7,1,0.00,0.0
2025-06-05T00:00,21.6,88,19.5,24.3,7.1,0,0.00,0.0
2025-06-05T01:00,21.3,90,19.5,24.1,5.4,10,0.00,0.0
2025-06-05T02:00,21.0,92,19.5,23.9,5.0,100,0.00,0.0
2025-06-05T03:00,21.2,91,19.7,24.4,4.1,100,0.00,0.0
2025-06-05T04:00,21.4,91,19.8,24.5,4.2,100,0.00,0.0
2025-06-05T05:00,21.4,90,19.7,24.4,4.7,100,0.00,0.0
2025-06-05T06:00,21.3,91,19.8,24.5,3.7,100,0.00,0.0
2025-06-05T07:00,21.4,90,19.8,24.6,3.6,100,0.00,7.0
2025-06-05T08:00,22.1,91,20.6,25.6,5.0,100,0.20,47.0
2025-06-05T09:00,22.5,90,20.8,26.2,3.9,100,1.60,64.0
2025-06-05T10:00,21.4,97,21.0,23.8,13.6,100,10.90,100.0
2025-06-05T11:00,22.0,93,20.8,25.0,8.8,100,0.50,88.0
2025-06-05T12:00,23.0,88,20.9,25.9,9.0,100,0.50,265.0
2025-06-05T13:00,25.0,84,22.1,29.4,7.6,69,0.10,636.0
2025-06-05T14:00,27.3,78,23.1,34.1,8.2,29,0.00,950.0
2025-06-05T15:00,29.5,65,22.4,34.7,12.3,30,0.00,884.0
2025-06-05T16:00,30.1,65,22.8,35.2,11.7,41,0.00,796.0
2025-06-05T17:00,30.1,65,22.7,34.3,10.9,68,0.00,631.0
2025-06-05T18:00,29.8,66,22.8,33.6,10.3,100,0.00,407.0
2025-06-05T19:00,29.2,72,23.6,34.2,5.9,100,0.00,204.0
2025-06-05T20:00,28.2,84,25.1,34.0,6.9,100,0.00,92.0
2025-06-05T21:00,26.8,89,24.8,32.1,8.7,97,0.00,5.0
2025-06-05T22:00,26.2,88,24.0,30.8,10.3,100,0.00,0.0
2025-06-05T23:00,25.8,86,23.3,29.9,10.9,100,0.00,0.0
2025-06-06T00:00,25.5,86,23.0,29.7,8.2,94,0.00,0.0
2025-06-06T01:00,25.5,87,23.0,29.4,10.5,3,0.00,0.0
2025-06-06T02:00,25.5,86,23.0,29.6,9.8,28,0.00,0.0
2025-06-06T03:00,25.5,84,22.5,29.3,10.1,1,0.00,0.0
2025-06-06T04:00,25.3,83,22.3,28.7,11.7,0,0.00,0.0
2025-06-06T05:00,25.0,85,22.4,28.4,12.3,0,0.00,0.0
2025-06-06T06:00,24.9,85,22.2,28.0,12.7,0,0.00,0.0
2025-06-06T07:00,24.9,83,21.8,27.7,13.0,0,0.00,16.0
2025-06-06T08:00,26.1,81,22.6,30.3,7.0,75,0.00,134.0
2025-06-06T09:00,27.0,77,22.7,31.2,7.8,95,0.00,281.0
2025-06-06T10:00,28.1,73,23.0,32.5,7.8,76,0.00,495.0
2025-06-06T11:00,29.1,69,22.9,33.1,14.8,24,0.00,676.0
2025-06-06T12:00,30.5,65,23.1,36.0,11.4,10,0.00,843.0
2025-06-06T13:00,31.5,60,22.9,37.6,10.1,21,0.00,921.0
2025-06-06T14:00,32.0,57,22.5,37.5,12.1,21,0.00,918.0
2025-06-06T15:00,32.3,56,22.5,37.2,13.9,17,0.00,871.0
2025-06-06T16:00,32.4,57,22.8,36.8,14.4,24,0.00,774.0
2025-06-06T17:00,32.3,57,22.6,36.1,14.2,42,0.00,649.0
2025-06-06T18:00,32.0,57,22.5,35.3,13.1,43,0.00,460.0
2025-06-06T19:00,31.3,60,22.5,34.8,11.4,66,0.00,279.0
2025-06-06T20:00,29.9,70,23.7,35.0,5.1,99,0.00,46.0
2025-06-06T21:00,28.6,74,23.6,33.5,6.6,100,0.00,9.0
2025-06-06T22:00,28.2,75,23.2,32.8,7.4,100,0.00,0.0
2025-06-06T23:00,27.6,76,23.0,31.8,8.7,100,0.00,0.0
2025-06-07T00:00,27.0,80,23.2,31.2,9.4,52,0.00,0.0
2025-06-07T01:00,27.0,78,22.8,30.5,12.1,18,0.00,0.0
2025-06-07T02:00,26.6,76,22.1,29.9,12.3,39,0.00,0.0
2025-06-07T03:00,26.2,78,22.1,29.1,14.8,1,0.00,0.0
2025-06-07T04:00,26.0,80,22.1,28.5,16.7,0,0.00,0.0
2025-06-07T05:00,25.5,82,22.2,28.2,16.3,0,0.00,0.0
2025-06-07T06:00,25.1,84,22.2,27.8,16.2,0,0.00,0.0
2025-06-07T07:00,25.0,85,22.2,27.6,16.6,0,0.00,16.0
2025-06-07T08:00,26.3,83,23.2,30.2,11.5,8,0.00,143.0
2025-06-07T09:00,27.6,75,22.9,31.1,13.5,45,0.00,338.0
2025-06-07T10:00,29.0,70,22.9,33.2,8.3,43,0.00,471.0
2025-06-07T11:00,30.0,66,23.0,34.3,8.4,98,0.00,573.0
2025-06-07T12:00,28.9,71,23.1,33.9,8.4,95,0.20,661.0
2025-06-07T13:00,28.6,72,23.0,34.5,5.8,49,0.90,738.0
2025-06-07T14:00,30.1,66,23.1,36.8,3.1,31,0.10,776.0
2025-06-07T15:00,31.6,59,22.7,37.9,6.6,15,0.00,862.0
2025-06-07T16:00,33.0,53,22.0,37.6,10.3,12,0.00,778.0
2025-06-07T17:00,33.6,48,21.2,36.9,11.3,16,0.00,640.0
2025-06-07T18:00,33.9,46,20.6,36.4,11.5,16,0.00,486.0
2025-06-07T19:00,33.7,47,20.8,36.6,9.3,64,0.00,287.0
2025-06-07T20:00,29.4,76,24.6,34.9,6.3,35,0.00,116.0
2025-06-07T21:00,28.2,81,24.8,34.4,2.9,46,0.00,9.0
2025-06-07T22:00,27.7,85,25.0,34.0,3.1,6,0.10,0.0
2025-06-07T23:00,27.9,80,24.1,33.1,6.8,9,0.00,0.0
2025-06-08T00:00,27.9,78,23.7,32.9,6.2,14,0.00,0.0
2025-06-08T01:00,27.5,77,23.0,32.2,5.7,20,0.00,0.0
2025-06-08T02:00,26.8,78,22.7,31.4,4.8,9,0.00,0.0
2025-06-08T03:00,26.0,83,22.9,31.0,3.4,28,0.00,0.0
2025-06-08T04:00,26.0,80,22.3,30.1,6.5,2,0.00,0.0
2025-06-08T05:00,25.5,82,22.1,29.6,6.2,25,0.00,0.0
2025-06-08T06:00,24.8,87,22.4,29.0,6.8,44,0.00,0.0
2025-06-08T07:00,24.8,87,22.5,28.8,8.6,31,0.40,14.0
2025-06-08T08:00,24.7,84,21.9,27.1,16.5,98,1.50,127.0
2025-06-08T09:00,25.5,80,21.8,29.8,2.9,59,0.10,171.0
2025-06-08T10:00,27.3,75,22.4,31.5,6.4,2,0.40,444.0
2025-06-08T11:00,29.2,70,23.1,34.3,9.1,50,0.00,701.0
2025-06-08T12:00,30.9,64,23.3,36.7,7.4,39,0.00,764.0
2025-06-08T13:00,32.0,60,23.3,38.4,7.5,21,0.00,845.0
2025-06-08T14:00,32.5,57,23.0,38.5,8.6,39,0.00,847.0
2025-06-08T15:00,33.1,55,22.9,38.5,9.2,56,0.00,784.0
2025-06-08T16:00,33.2,54,22.5,37.7,8.8,75,0.00,662.0
2025-06-08T17:00,33.5,52,22.4,36.8,12.4,43,0.00,503.0
2025-06-08T18:00,33.0,55,22.8,36.2,14.8,60,0.20,431.0
2025-06-08T19:00,32.4,58,23.0,36.1,12.3,96,0.00,280.0
2025-06-08T20:00,27.4,82,24.0,31.7,12.1,100,0.00,86.0
2025-06-08T21:00,26.2,86,23.6,30.1,13.2,100,0.00,8.0
2025-06-08T22:00,26.0,83,22.8,29.5,12.5,100,0.00,0.0
2025-06-08T23:00,22.9,96,22.2,25.4,17.3,100,24.00,0.0
2025-06-09T00:00,22.8,95,22.0,25.1,17.7,100,18.10,0.0
2025-06-09T01:00,22.6,90,20.9,24.5,16.9,100,11.00,0.0
2025-06-09T02:00,22.2,90,20.5,23.4,20.1,100,1.20,0.0
2025-06-09T03:00,22.1,91,20.6,25.5,5.4,100,1.60,0.0
2025-06-09T04:00,22.3,93,21.1,26.1,4.3,100,0.10,0.0
2025-06-09T05:00,22.0,95,21.1,24.8,10.9,100,0.10,0.0
2025-06-09T06:00,22.6,94,21.6,25.4,13.0,93,0.20,0.0
2025-06-09T07:00,22.8,93,21.6,26.0,10.1,100,0.00,9.0
2025-06-09T08:00,21.5,91,20.0,24.4,6.4,13,0.00,65.0
2025-06-09T09:00,23.0,82,19.8,25.6,7.7,47,0.00,326.0
2025-06-09T10:00,24.9,74,19.9,27.1,10.6,33,0.00,473.0
2025-06-09T11:00,26.3,70,20.5,29.9,7.7,7,0.00,658.0
2025-06-09T12:00,27.7,65,20.5,32.2,9.9,94,0.00,853.0
2025-06-09T13:00,28.5,63,20.8,32.9,7.8,99,0.00,775.0
2025-06-09T14:00,28.6,62,20.6,32.1,5.6,68,0.00,582.0
2025-06-09T15:00,29.5,59,20.5,34.2,4.5,79,0.00,752.0
2025-06-09T16:00,29.6,58,20.4,33.5,4.1,1,0.00,622.0
2025-06-09T17:00,30.0,57,20.5,34.3,3.5,18,0.00,665.0
2025-06-09T18:00,30.0,56,20.2,33.4,3.7,21,0.00,494.0
2025-06-09T19:00,29.6,57,20.2,33.2,3.2,37,0.00,310.0
2025-06-09T20:00,28.4,71,22.5,33.3,1.6,32,0.00,127.0
2025-06-09T21:00,27.4,72,21.9,31.6,3.9,68,0.00,10.0
2025-06-09T22:00,26.1,74,21.1,29.8,5.7,72,0.00,0.0
2025-06-09T23:00,25.1,81,21.6,29.3,4.0,71,0.00,0.0
2025-06-10T00:00,24.9,81,21.4,29.1,2.4,52,0.00,0.0
2025-06-10T01:00,24.5,82,21.2,28.8,1.4,90,0.00,0.0
2025-06-10T02:00,24.0,84,21.2,28.2,2.2,67,0.00,0.0
2025-06-10T03:00,23.5,87,21.1,27.6,1.6,0,0.00,0.0
2025-06-10T04:00,23.0,89,21.0,27.2,1.5,1,0.00,0.0
2025-06-10T05:00,22.8,89,20.9,27.0,0.4,37,0.00,0.0
2025-06-10T06:00,22.2,91,20.8,26.0,3.4,1,0.00,0.0
2025-06-10T07:00,22.6,92,21.3,26.9,1.4,2,0.00,17.0
2025-06-10T08:00,24.1,89,22.2,28.7,3.1,100,0.00,127.0
2025-06-10T09:00,25.0,85,22.4,29.8,2.5,100,0.00,165.0
2025-06-10T10:00,25.3,85,22.6,29.8,5.2,100,0.00,185.0
2025-06-10T11:00,26.6,79,22.8,31.1,6.1,100,0.00,344.0
2025-06-10T12:00,27.1,76,22.5,31.4,6.7,100,0.00,385.0
2025-06-10T13:00,27.2,76,22.5,31.1,8.6,100,0.20,394.0
2025-06-10T14:00,27.0,76,22.3,31.1,6.2,100,0.40,341.0
2025-06-10T15:00,28.5,68,22.0,34.2,2.5,99,0.00,711.0
2025-06-10T16:00,28.4,68,21.9,32.5,4.9,100,0.00,443.0
2025-06-10T17:00,28.3,67,21.5,32.1,6.1,100,0.00,350.0
2025-06-10T18:00,27.8,68,21.4,31.4,6.6,59,0.00,198.0
2025-06-10T19:00,27.4,72,21.9,31.3,6.8,100,0.00,202.0
2025-06-10T20:00,24.3,83,21.2,28.1,4.6,99,0.00,86.0
2025-06-10T21:00,23.7,86,21.3,27.6,4.7,100,0.00,10.0
2025-06-10T22:00,23.5,87,21.1,27.1,5.2,100,0.00,0.0
2025-06-10T23:00,23.2,87,21.0,27.0,4.3,100,0.00,0.0
2025-06-11T00:00,22.8,90,21.0,26.6,3.6,100,0.00,0.0
2025-06-11T01:00,22.6,90,21.0,26.6,2.5,100,0.00,0.0
2025-06-11T02:00,22.2,91,20.8,26.2,2.3,100,0.00,0.0
2025-06-11T03:00,21.9,92,20.5,25.4,4.1,100,0.00,0.0
2025-06-11T04:00,21.9,91,20.4,25.5,2.7,100,0.00,0.0
2025-06-11T05:00,21.9,92,20.5,25.1,5.8,100,0.00,0.0
2025-06-11T06:00,21.7,94,20.6,25.4,3.6,100,0.00,0.0
2025-06-11T07:00,21.5,96,20.8,24.9,6.0,100,0.00,14.0
2025-06-11T08:00,21.6,96,21.0,25.1,6.8,100,5.10,36.0
2025-06-11T09:00,21.5,98,21.1,25.0,7.2,100,1.00,31.0
2025-06-11T10:00,21.8,97,21.2,25.1,8.0,100,1.40,124.0
2025-06-11T11:00,21.8,96,21.1,25.1,7.5,100,2.60,63.0
2025-06-11T12:00,22.6,89,20.6,26.2,4.3,100,0.70,193.0
2025-06-11T13:00,22.8,93,21.5,26.0,10.1,100,1.50,228.0
2025-06-11T14:00,21.9,95,21.1,25.0,9.3,100,2.50,135.0
2025-06-11T15:00,24.0,81,20.5,26.0,14.1,100,0.20,427.0
2025-06-11T16:00,25.0,77,20.7,27.2,13.9,100,0.00,337.0
2025-06-11T17:00,23.9,85,21.1,26.5,12.4,100,0.10,188.0
2025-06-11T18:00,22.8,90,21.0,25.9,8.1,100,0.70,122.0
2025-06-11T19:00,22.2,95,21.5,25.4,10.3,88,0.90,80.0
2025-06-11T20:00,22.3,92,21.0,25.2,9.8,76,0.30,53.0
2025-06-11T21:00,21.8,94,20.7,24.8,8.0,98,0.00,10.0
2025-06-11T22:00,21.2,96,20.6,25.1,2.5,100,0.80,0.0
2025-06-11T23:00,21.1,98,20.8,24.1,8.6,100,0.40,0.0
2025-06-12T00:00,21.5,97,21.0,25.0,5.6,100,0.20,0.0
2025-06-12T01:00,21.4,98,21.1,24.8,7.0,100,0.10,0.0
2025-06-12T02:00,21.6,98,21.2,24.9,8.1,100,1.30,0.0
2025-06-12T03:00,21.5,99,21.3,24.9,7.7,100,1.50,0.0
2025-06-12T04:00,21.7,98,21.5,25.1,8.1,100,0.10,0.0
2025-06-12T05:00,21.8,98,21.4,25.5,6.0,100,0.10,0.0
2025-06-12T06:00,21.7,96,21.0,24.7,9.5,100,0.00,0.0
2025-06-12T07:00,21.0,95,20.2,23.5,10.4,100,0.00,10.0
2025-06-12T08:00,20.5,98,20.2,23.3,8.0,100,1.40,26.0
2025-06-12T09:00,20.9,97,20.4,23.9,6.5,100,0.70,50.0
2025-06-12T10:00,21.5,95,20.6,25.3,2.3,100,0.50,100.0
2025-06-12T11:00,21.7,92,20.4,25.0,5.6,100,0.60,164.0
2025-06-12T12:00,23.8,81,20.4,27.1,5.0,100,0.00,433.0
2025-06-12T13:00,25.6,75,20.8,30.9,2.3,100,0.10,762.0
2025-06-12T14:00,26.5,68,20.2,31.6,0.7,100,0.20,724.0
2025-06-12T15:00,27.5,64,20.0,32.8,0.6,61,0.10,773.0
2025-06-12T16:00,28.0,62,20.0,32.9,2.0,93,0.00,754.0
2025-06-12T17:00,28.0,61,19.8,31.7,3.8,21,0.10,617.0
2025-06-12T18:00,27.9,63,20.0,31.2,3.9,9,0.00,478.0
2025-06-12T19:00,27.5,65,20.3,30.9,4.3,8,0.00,311.0
2025-06-12T20:00,26.1,74,21.0,30.0,3.7,15,0.00,127.0
2025-06-12T21:00,25.0,78,20.9,28.5,5.3,0,0.00,12.0
2025-06-12T22:00,24.0,83,20.9,27.2,7.3,3,0.00,0.0
2025-06-12T23:00,23.4,86,21.0,26.8,6.7,1,0.00,0.0
2025-06-13T00:00,23.0,89,21.0,26.3,6.9,0,0.00,0.0
2025-06-13T01:00,22.6,90,20.9,25.9,7.0,0,0.00,0.0
2025-06-13T02:00,22.2,92,20.8,25.6,6.3,0,0.00,0.0
2025-06-13T03:00,22.0,93,21.0,25.2,8.4,0,0.00,0.0
2025-06-13T04:00,21.9,96,21.1,25.0,9.0,54,0.00,0.0
2025-06-13T05:00,21.6,98,21.2,24.6,10.3,100,0.00,0.0
2025-06-13T06:00,21.5,98,21.1,24.2,12.1,100,0.00,0.0
2025-06-13T07:00,21.6,97,21.1,24.8,8.3,100,0.00,9.0
2025-06-13T08:00,21.4,97,20.9,24.3,10.1,100,0.10,59.0
2025-06-13T09:00,22.6,90,21.0,25.4,11.0,100,0.00,162.0
2025-06-13T10:00,24.8,81,21.2,28.1,8.0,100,0.00,415.0
2025-06-13T11:00,27.0,73,21.6,30.8,8.0,72,0.00,585.0
2025-06-13T12:00,27.9,73,22.6,33.2,8.8,33,0.00,778.0
2025-06-13T13:00,29.1,69,22.9,34.7,10.8,16,0.00,853.0
2025-06-13T14:00,30.2,63,22.4,35.7,13.1,1,0.00,951.0
2025-06-13T15:00,31.0,60,22.2,36.2,12.6,0,0.00,929.0
2025-06-13T16:00,31.3,60,22.6,36.5,11.9,19,0.00,843.0
2025-06-13T17:00,31.2,59,22.4,35.3,12.3,33,0.00,679.0
2025-06-13T18:00,31.0,57,21.4,33.8,12.0,97,0.00,483.0
2025-06-13T19:00,30.1,61,21.9,33.7,8.5,98,0.00,303.0
2025-06-13T20:00,25.4,92,24.0,30.8,4.9,98,0.10,32.0
2025-06-13T21:00,24.9,92,23.5,29.0,10.9,100,0.00,6.0
2025-06-13T22:00,24.5,88,22.5,28.4,9.0,100,0.00,0.0
2025-06-13T23:00,24.2,90,22.4,27.9,10.1,100,0.00,0.0
2025-06-14T00:00,24.2,89,22.2,28.1,8.2,99,0.00,0.0
2025-06-14T01:00,24.0,88,22.0,27.9,6.5,100,0.00,0.0
2025-06-14T02:00,23.8,89,21.9,27.6,7.0,100,0.00,0.0
2025-06-14T03:00,23.6,89,21.7,26.6,12.2,100,0.00,0.0
2025-06-14T04:00,23.6,88,21.5,26.6,11.5,99,0.00,0.0
2025-06-14T05:00,23.5,89,21.5,26.7,10.1,100,0.00,0.0
2025-06-14T06:00,23.2,92,21.8,26.7,8.6,100,0.00,0.0
2025-06-14T07:00,23.4,92,22.0,27.2,7.4,99,0.00,14.0
2025-06-14T08:00,24.9,87,22.6,28.6,10.7,44,0.00,140.0
2025-06-14T09:00,26.5,82,23.1,30.1,13.4,58,0.00,322.0
2025-06-14T10:00,28.1,77,23.6,32.5,9.9,11,0.00,506.0
2025-06-14T11:00,29.4,73,24.0,34.6,12.1,96,0.00,697.0
2025-06-14T12:00,30.6,69,24.2,36.8,10.3,63,0.00,810.0
2025-06-14T13:00,31.2,67,24.3,37.4,12.7,60,0.10,876.0
2025-06-14T14:00,29.1,71,23.3,34.9,11.6,100,5.00,869.0
2025-06-14T15:00,26.4,80,22.8,30.3,9.8,100,4.40,423.0
2025-06-14T16:00,26.0,81,22.5,29.4,11.9,100,0.10,219.0
2025-06-14T17:00,26.5,81,22.9,30.6,9.1,100,0.10,244.0
2025-06-14T18:00,27.9,78,23.7,32.5,8.8,100,0.00,304.0
2025-06-14T19:00,29.0,74,24.0,34.8,2.6,98,0.00,239.0
2025-06-14T20:00,28.6,76,24.0,33.8,6.1,85,0.00,98.0
2025-06-14T21:00,27.5,81,24.0,32.1,10.1,56,0.00,12.0
2025-06-14T22:00,26.8,84,24.0,31.3,10.5,34,0.00,0.0
2025-06-14T23:00,26.5,84,23.5,30.3,13.4,76,0.00,0.0
2025-06-15T00:00,26.0,86,23.4,30.0,12.2,9,0.00,0.0
2025-06-15T01:00,25.6,86,23.1,29.4,12.8,10,0.00,0.0
2025-06-15T02:00,25.2,86,22.7,28.6,13.5,0,0.00,0.0
2025-06-15T03:00,24.9,87,22.6,28.1,14.5,1,0.00,0.0
2025-06-15T04:00,24.6,89,22.7,27.8,14.5,48,0.00,0.0
2025-06-15T05:00,24.2,91,22.8,27.6,13.8,1,0.00,0.0
2025-06-15T06:00,24.0,92,22.7,27.6,11.5,3,0.00,0.0
2025-06-15T07:00,24.0,93,22.8,28.0,9.4,5,0.00,16.0
2025-06-15T08:00,25.5,91,24.0,30.7,6.6,100,0.10,57.0
2025-06-15T09:00,25.8,85,23.0,30.4,6.3,100,3.00,202.0
2025-06-15T10:00,24.0,93,22.8,28.5,5.5,100,6.00,80.0
2025-06-15T11:00,24.4,92,23.0,29.4,3.2,100,0.70,144.0
2025-06-15T12:00,25.1,89,23.1,29.2,10.5,100,1.40,299.0
2025-06-15T13:00,24.5,94,23.4,28.8,9.5,100,2.70,186.0
2025-06-15T14:00,26.5,84,23.6,31.4,6.8,100,1.10,416.0
2025-06-15T15:00,28.5,75,23.6,34.0,7.8,100,0.00,681.0
2025-06-15T16:00,29.3,70,23.2,34.7,8.3,100,0.00,706.0
2025-06-15T17:00,29.0,71,23.1,33.3,8.5,100,0.00,385.0
2025-06-15T18:00,28.8,71,23.1,33.5,5.6,13,0.00,277.0
2025-06-15T19:00,29.3,70,23.2,34.1,5.8,99,0.00,313.0
2025-06-15T20:00,27.6,65,20.5,31.1,4.4,84,0.00,119.0
2025-06-15T21:00,26.0,75,21.1,29.4,6.8,100,0.00,12.0
2025-06-15T22:00,24.9,82,21.7,28.9,5.2,100,0.00,0.0
2025-06-15T23:00,24.5,87,22.2,28.7,5.9,100,0.00,0.0
2025-06-16T00:00,24.3,90,22.5,28.8,5.2,100,0.00,0.0
2025-06-16T01:00,23.9,92,22.6,28.7,3.3,100,0.00,0.0
2025-06-16T02:00,23.5,94,22.4,28.1,3.1,100,0.00,0.0
2025-06-16T03:00,23.3,94,22.3,27.8,4.0,100,0.00,0.0
2025-06-16T04:00,22.8,96,22.1,27.2,3.7,82,0.00,0.0
2025-06-16T05:00,22.6,97,22.1,26.9,4.6,0,0.00,0.0
2025-06-16T06:00,22.0,98,21.8,26.4,3.3,2,0.00,0.0
2025-06-16T07:00,22.5,98,22.1,26.8,4.2,3,0.00,16.0
2025-06-16T08:00,23.0,93,21.8,27.4,3.1,38,0.00,145.0
2025-06-16T09:00,24.9,84,22.0,29.4,2.4,19,0.00,330.0
2025-06-16T10:00,26.5,76,22.0,31.0,2.7,4,0.00,519.0
2025-06-16T11:00,28.2,68,21.7,33.9,0.8,0,0.00,709.0
2025-06-16T12:00,29.6,63,21.7,36.2,0.7,0,0.00,841.0
2025-06-16T13:00,30.8,59,21.8,37.8,1.9,14,0.00,927.0
2025-06-16T14:00,32.5,52,21.4,39.1,3.2,37,0.00,937.0
2025-06-16T15:00,33.0,52,21.9,39.9,2.1,3,0.00,916.0
2025-06-16T16:00,33.6,51,22.0,40.4,0.4,0,0.00,842.0
2025-06-16T17:00,33.9,49,21.5,39.5,0.8,8,0.00,703.0
2025-06-16T18:00,33.7,48,21.3,38.0,1.7,3,0.00,522.0
2025-06-16T19:00,33.2,49,21.2,36.9,6.0,3,0.00,327.0
2025-06-16T20:00,27.0,76,22.3,31.5,4.1,43,0.30,108.0
2025-06-16T21:00,26.9,78,22.6,31.4,5.2,9,0.00,11.0
2025-06-16T22:00,26.5,80,22.7,30.7,7.6,12,0.00,0.0
2025-06-16T23:00,26.5,80,22.9,30.9,7.4,0,0.00,0.0
2025-06-17T00:00,26.9,81,23.4,31.4,8.7,0,0.00,0.0
2025-06-17T01:00,27.1,79,23.2,31.2,10.1,0,0.00,0.0
2025-06-17T02:00,26.6,81,23.0,30.8,9.8,0,0.00,0.0
2025-06-17T03:00,26.1,82,22.9,30.1,10.5,0,0.00,0.0
2025-06-17T04:00,25.8,83,22.7,29.5,11.1,0,0.00,0.0
2025-06-17T05:00,25.4,84,22.5,28.8,11.6,0,0.00,0.0
2025-06-17T06:00,25.1,84,22.2,28.3,12.5,0,0.00,0.0
2025-06-17T07:00,25.0,82,21.8,28.0,12.5,0,0.00,16.0
2025-06-17T08:00,25.9,77,21.5,28.9,11.5,0,0.00,150.0
2025-06-17T09:00,27.1,72,21.6,29.8,14.0,0,0.00,345.0
2025-06-17T10:00,28.8,65,21.5,31.3,14.7,0,0.00,545.0
2025-06-17T11:00,30.5,57,21.0,33.8,14.3,0,0.00,722.0
2025-06-17T12:00,32.3,51,20.8,35.9,15.8,0,0.00,860.0
2025-06-17T13:00,33.8,45,20.1,37.1,18.1,0,0.00,946.0
2025-06-17T14:00,34.7,41,19.6,37.6,19.8,0,0.00,976.0
2025-06-17T15:00,35.1,42,20.1,37.8,21.2,0,0.00,945.0
2025-06-17T16:00,35.2,43,20.7,37.5,22.8,0,0.00,854.0
2025-06-17T17:00,35.0,44,20.8,36.5,23.7,0,0.00,714.0
2025-06-17T18:00,34.2,48,21.5,35.4,23.3,4,0.00,535.0
2025-06-17T19:00,33.6,47,20.9,34.5,23.3,4,0.00,333.0
2025-06-17T20:00,32.5,51,21.0,33.5,22.8,17,0.00,134.0
2025-06-17T21:00,31.4,54,20.9,32.7,20.4,33,0.00,14.0
2025-06-17T22:00,30.6,56,21.0,31.8,21.6,1,0.00,0.0
2025-06-17T23:00,29.8,61,21.5,31.3,21.3,0,0.00,0.0
2025-06-18T00:00,28.8,66,21.7,30.4,21.4,0,0.00,0.0
2025-06-18T01:00,28.1,67,21.4,29.7,20.7,0,0.00,0.0
2025-06-18T02:00,27.4,69,21.3,29.0,20.4,0,0.00,0.0
2025-06-18T03:00,26.7,74,21.6,29.5,13.0,24,0.00,0.0
2025-06-18T04:00,26.2,76,21.7,29.6,9.0,36,0.00,0.0
2025-06-18T05:00,25.9,76,21.5,28.0,17.1,36,0.00,0.0
2025-06-18T06:00,25.5,76,20.9,27.6,15.3,96,0.00,0.0
2025-06-18T07:00,25.5,75,20.9,28.8,6.7,10,0.00,13.0
2025-06-18T08:00,26.6,77,22.2,30.4,9.0,100,0.10,133.0
2025-06-18T09:00,26.5,80,22.6,30.2,10.4,100,0.30,84.0
2025-06-18T10:00,27.4,78,23.2,31.6,9.7,31,0.60,230.0
2025-06-18T11:00,30.2,65,22.9,34.7,8.5,41,0.10,597.0
2025-06-18T12:00,32.0,56,22.1,36.2,12.5,33,0.10,732.0
2025-06-18T13:00,33.8,43,19.5,36.5,16.9,15,0.10,850.0
2025-06-18T14:00,34.8,39,19.0,37.4,17.3,18,0.00,890.0
2025-06-18T15:00,35.0,39,19.0,37.6,17.6,10,0.00,899.0
2025-06-18T16:00,35.7,37,18.8,37.8,15.9,27,0.00,782.0
2025-06-18T17:00,36.0,35,18.1,37.2,16.6,43,0.00,679.0
2025-06-18T18:00,35.7,35,17.9,36.0,17.3,39,0.00,498.0
2025-06-18T19:00,34.7,38,18.4,35.2,17.3,46,0.00,294.0
2025-06-18T20:00,32.3,51,20.9,35.1,10.6,100,0.00,118.0
2025-06-18T21:00,31.1,58,22.0,34.4,11.0,100,0.00,11.0
2025-06-18T22:00,30.5,61,22.1,33.3,14.5,100,0.00,0.0
2025-06-18T23:00,30.1,62,22.1,33.5,10.6,100,0.00,0.0
2025-06-19T00:00,21.7,96,21.0,23.4,17.9,100,3.20,0.0
2025-06-19T01:00,23.4,90,21.5,26.8,8.3,100,0.00,0.0
2025-06-19T02:00,24.0,87,21.6,27.3,9.2,100,0.00,0.0
2025-06-19T03:00,25.4,82,22.1,28.5,13.0,100,0.10,0.0
2025-06-19T04:00,26.0,78,21.9,29.6,8.8,100,0.00,0.0
2025-06-19T05:00,25.8,80,22.0,29.3,9.1,100,0.00,0.0
2025-06-19T06:00,25.4,82,22.1,29.0,9.3,100,0.00,0.0
2025-06-19T07:00,25.4,83,22.3,29.0,10.2,54,0.00,14.0
2025-06-19T08:00,26.5,83,23.4,31.2,7.5,6,0.00,141.0
2025-06-19T09:00,28.1,74,23.0,31.7,13.3,99,0.00,325.0
2025-06-19T10:00,29.0,69,22.9,32.9,10.8,19,0.00,345.0
2025-06-19T11:00,30.8,61,22.5,34.9,11.3,22,0.10,645.0
2025-06-19T12:00,32.0,56,22.2,36.9,10.5,23,0.10,784.0
2025-06-19T13:00,33.2,51,21.7,38.2,9.8,12,0.00,823.0
2025-06-19T14:00,34.5,46,21.1,39.7,8.5,26,0.00,906.0
2025-06-19T15:00,35.2,41,20.1,39.5,10.1,38,0.00,866.0
2025-06-19T16:00,34.3,42,19.5,37.1,12.1,43,0.00,722.0
2025-06-19T17:00,34.5,41,19.2,36.5,9.8,37,0.00,554.0
2025-06-19T18:00,34.3,41,19.4,36.3,11.2,38,0.00,480.0
2025-06-19T19:00,33.5,44,19.6,35.7,10.4,32,0.00,293.0
2025-06-19T20:00,32.2,51,20.9,35.4,8.3,20,0.00,130.0
2025-06-19T21:00,31.0,57,21.3,34.4,7.7,8,0.00,14.0
2025-06-19T22:00,30.2,60,21.6,33.1,12.4,5,0.00,0.0
2025-06-19T23:00,29.1,67,22.5,32.3,14.0,3,0.00,0.0
2025-06-20T00:00,28.2,71,22.5,31.6,12.5,1,0.00,0.0
2025-06-20T01:00,28.2,71,22.4,31.7,11.2,2,0.00,0.0
2025-06-20T02:00,28.0,71,22.4,31.3,13.0,0,0.00,0.0
2025-06-20T03:00,27.7,72,22.2,30.8,13.5,0,0.00,0.0
2025-06-20T04:00,27.2,74,22.2,30.4,12.7,0,0.00,0.0
2025-06-20T05:00,26.6,78,22.5,30.1,12.2,0,0.00,0.0
2025-06-20T06:00,26.2,82,22.9,30.1,10.9,0,0.00,0.0
2025-06-20T07:00,26.1,84,23.1,30.1,11.2,0,0.00,15.0
2025-06-20T08:00,27.1,81,23.7,31.1,13.6,12,0.00,143.0
2025-06-20T09:00,28.5,74,23.4,32.0,14.4,10,0.00,330.0
2025-06-20T10:00,30.0,64,22.5,33.1,14.8,9,0.00,521.0
2025-06-20T11:00,31.6,55,21.5,34.6,16.2,15,0.00,694.0
2025-06-20T12:00,32.8,49,20.8,35.5,18.3,21,0.10,790.0
2025-06-20T13:00,34.2,44,20.3,37.3,17.6,14,0.00,881.0
2025-06-20T14:00,35.0,42,20.2,38.3,17.5,10,0.00,905.0
2025-06-20T15:00,36.2,38,19.6,38.9,18.3,13,0.00,888.0
2025-06-20T16:00,36.7,33,18.0,38.1,18.1,8,0.00,771.0
2025-06-20T17:00,36.8,32,17.4,37.5,17.5,2,0.00,654.0
2025-06-20T18:00,36.5,33,17.5,36.7,17.5,3,0.00,521.0
2025-06-20T19:00,35.5,36,18.2,35.9,18.4,7,0.00,329.0
2025-06-20T20:00,32.8,49,20.8,34.7,16.1,15,0.00,122.0
2025-06-20T21:00,31.5,56,21.6,34.2,14.4,13,0.00,14.0
2025-06-20T22:00,30.8,59,21.9,33.4,14.9,8,0.00,0.0
2025-06-20T23:00,30.1,62,22.0,32.5,16.9,0,0.00,0.0
2025-06-21T00:00,29.4,66,22.5,32.0,18.0,0,0.00,0.0
2025-06-21T01:00,28.8,68,22.2,31.1,18.7,0,0.00,0.0
2025-06-21T02:00,28.1,70,22.1,30.5,18.4,0,0.00,0.0
2025-06-21T03:00,27.6,69,21.5,29.8,17.2,0,0.00,0.0
2025-06-21T04:00,27.0,72,21.4,29.2,16.2,0,0.00,0.0
2025-06-21T05:00,26.3,75,21.6,28.8,14.9,0,0.00,0.0
2025-06-21T06:00,25.9,78,21.6,28.5,14.3,0,0.00,0.0
2025-06-21T07:00,25.8,78,21.6,28.4,14.1,0,0.00,16.0
2025-06-21T08:00,26.4,81,22.8,28.7,20.6,35,0.00,143.0
2025-06-21T09:00,27.6,73,22.5,30.0,19.5,21,0.00,301.0
2025-06-21T10:00,29.2,64,21.8,30.9,21.5,27,0.00,498.0
2025-06-21T11:00,30.9,56,21.0,32.4,22.4,39,0.00,623.0
2025-06-21T12:00,32.2,50,20.5,33.7,23.4,52,0.00,737.0
2025-06-21T13:00,33.1,48,20.6,35.0,22.2,13,0.00,753.0
2025-06-21T14:00,34.2,46,20.8,36.8,22.2,24,0.00,903.0
2025-06-21T15:00,35.0,43,20.5,37.2,22.4,15,0.00,840.0
2025-06-21T16:00,35.5,41,20.1,37.4,22.0,13,0.00,799.0
2025-06-21T17:00,35.5,38,19.1,36.1,22.7,8,0.00,664.0
2025-06-21T18:00,35.0,40,19.2,35.1,23.1,12,0.00,500.0
2025-06-21T19:00,34.1,41,19.1,34.1,23.2,10,0.00,319.0
2025-06-21T20:00,32.2,47,19.6,33.4,17.4,6,0.00,129.0
2025-06-21T21:00,31.2,50,19.7,32.6,15.9,5,0.00,15.0
2025-06-21T22:00,30.4,54,20.0,31.5,18.3,3,0.00,0.0
2025-06-21T23:00,29.8,55,19.9,30.9,18.9,3,0.00,0.0
2025-06-22T00:00,29.1,58,20.1,30.3,18.8,1,0.00,0.0
2025-06-22T01:00,28.4,63,20.5,29.7,19.7,0,0.00,0.0
2025-06-22T02:00,27.8,67,21.0,29.3,19.6,0,0.00,0.0
2025-06-22T03:00,27.0,71,21.5,28.9,19.1,0,0.00,0.0
2025-06-22T04:00,26.5,75,21.6,28.6,17.9,0,0.00,0.0
2025-06-22T05:00,26.0,77,21.6,28.3,16.2,0,0.00,0.0
2025-06-22T06:00,25.6,78,21.6,28.3,14.2,0,0.00,0.0
2025-06-22T07:00,25.5,79,21.6,28.3,13.0,0,0.00,16.0
2025-06-22T08:00,26.0,81,22.4,29.1,14.3,20,0.00,145.0
2025-06-22T09:00,27.5,72,22.0,29.9,16.7,31,0.00,316.0
2025-06-22T10:00,29.1,62,21.2,31.0,18.2,26,0.00,506.0
2025-06-22T11:00,30.9,53,20.2,32.5,19.8,50,0.00,667.0
2025-06-22T12:00,32.1,47,19.4,33.9,17.8,10,0.00,721.0
2025-06-22T13:00,33.7,41,18.7,36.2,17.6,15,0.00,911.0
2025-06-22T14:00,34.5,38,18.0,36.7,17.9,17,0.00,906.0
2025-06-22T15:00,35.0,36,17.9,36.6,18.8,18,0.00,862.0
2025-06-22T16:00,35.1,35,17.4,36.1,19.6,13,0.00,801.0
2025-06-22T17:00,34.7,37,18.0,35.2,20.1,11,0.00,656.0
2025-06-22T18:00,34.3,39,18.2,34.3,20.5,15,0.00,490.0
2025-06-22T19:00,33.4,42,18.7,33.6,20.8,6,0.00,315.0
2025-06-22T20:00,32.2,46,19.2,32.7,20.1,15,0.00,130.0
2025-06-22T21:00,29.3,66,22.3,32.3,14.3,7,0.00,14.0
2025-06-22T22:00,29.0,66,21.9,31.6,15.3,2,0.00,0.0
2025-06-22T23:00,28.0,70,22.1,30.7,15.9,0,0.00,0.0
2025-06-23T00:00,27.4,75,22.6,30.3,16.0,0,0.00,0.0
2025-06-23T01:00,27.0,76,22.5,29.9,15.8,0,0.00,0.0
2025-06-23T02:00,26.6,77,22.1,29.5,14.5,0,0.00,0.0
2025-06-23T03:00,26.1,79,22.1,29.1,13.9,0,0.00,0.0
2025-06-23T04:00,25.8,82,22.4,28.9,13.6,2,0.00,0.0
2025-06-23T05:00,25.4,84,22.5,28.8,12.5,13,0.00,0.0
2025-06-23T06:00,25.1,87,22.8,28.9,11.2,8,0.00,0.0
2025-06-23T07:00,25.1,87,22.9,29.0,10.9,9,0.00,15.0
2025-06-23T08:00,26.1,82,22.8,29.7,12.5,100,0.00,143.0
2025-06-23T09:00,27.7,72,22.2,30.8,13.4,59,0.00,304.0
2025-06-23T10:00,29.6,62,21.5,32.3,13.7,35,0.00,501.0
2025-06-23T11:00,31.3,54,20.8,34.3,13.9,26,0.00,690.0
2025-06-23T12:00,32.8,48,20.2,36.3,13.3,14,0.00,828.0
2025-06-23T13:00,33.9,42,19.2,37.2,13.8,34,0.00,885.0
2025-06-23T14:00,34.8,38,18.5,37.7,13.6,68,0.00,886.0
2025-06-23T15:00,35.0,36,17.9,37.0,14.9,97,0.00,798.0
2025-06-23T16:00,35.4,35,17.8,37.3,14.6,20,0.00,779.0
2025-06-23T17:00,35.2,36,17.8,36.5,15.4,7,0.00,680.0
2025-06-23T18:00,34.7,38,18.2,35.4,15.1,7,0.00,502.0
2025-06-23T19:00,33.8,41,19.0,34.8,16.2,9,0.00,329.0
2025-06-23T20:00,32.2,48,19.7,33.5,16.5,50,0.00,139.0
2025-06-23T21:00,31.4,51,20.0,33.5,11.9,18,0.00,14.0
2025-06-23T22:00,30.6,55,20.5,33.1,11.7,10,0.00,0.0
2025-06-23T23:00,29.7,61,21.4,32.3,13.3,4,0.00,0.0
2025-06-24T00:00,28.8,66,21.7,31.4,14.7,4,0.00,0.0
2025-06-24T01:00,27.9,68,21.4,30.7,12.4,1,0.00,0.0
2025-06-24T02:00,27.0,70,21.1,29.8,11.5,0,0.00,0.0
2025-06-24T03:00,26.5,72,21.0,29.3,10.3,0,0.00,0.0
2025-06-24T04:00,26.0,74,21.1,29.1,9.5,0,0.00,0.0
2025-06-24T05:00,25.7,77,21.4,28.9,9.5,0,0.00,0.0
2025-06-24T06:00,25.5,79,21.6,29.0,7.9,0,0.00,0.0
2025-06-24T07:00,25.5,80,21.9,29.3,7.1,0,0.00,14.0
2025-06-24T08:00,26.0,79,22.0,30.2,5.7,0,0.00,140.0
2025-06-24T09:00,27.8,71,22.1,31.9,5.9,0,0.00,329.0
2025-06-24T10:00,29.6,63,21.8,33.3,7.7,0,0.00,526.0
2025-06-24T11:00,31.4,53,20.7,35.1,9.4,6,0.00,700.0
2025-06-24T12:00,32.7,47,20.0,36.6,9.9,4,0.00,815.0
2025-06-24T13:00,34.1,42,19.5,38.4,9.6,5,0.00,911.0
2025-06-24T14:00,35.0,39,19.1,38.9,11.4,5,0.00,948.0
2025-06-24T15:00,35.2,38,18.8,38.5,13.0,7,0.00,903.0
2025-06-24T16:00,35.1,39,18.9,37.6,13.9,15,0.00,770.0
2025-06-24T17:00,34.5,42,19.5,37.2,9.7,12,0.00,630.0
2025-06-24T18:00,32.7,46,19.5,34.2,14.0,44,0.40,369.0
2025-06-24T19:00,32.9,46,19.6,34.9,11.4,14,0.00,288.0
2025-06-24T20:00,31.6,48,19.1,33.3,12.2,13,0.00,133.0
2025-06-24T21:00,30.8,52,19.8,32.3,14.8,19,0.00,15.0
2025-06-24T22:00,29.0,62,21.0,31.3,14.7,15,0.00,0.0
2025-06-24T23:00,27.9,66,21.0,30.5,12.3,11,0.00,0.0
2025-06-25T00:00,27.0,72,21.5,30.1,10.7,6,0.00,0.0
2025-06-25T01:00,26.5,75,21.9,30.2,7.8,1,0.00,0.0
2025-06-25T02:00,26.2,76,21.7,29.8,7.7,1,0.00,0.0
2025-06-25T03:00,25.9,77,21.5,29.2,9.0,0,0.00,0.0
2025-06-25T04:00,25.4,78,21.4,28.7,8.6,0,0.00,0.0
2025-06-25T05:00,25.0,80,21.2,28.3,7.7,0,0.00,0.0
2025-06-25T06:00,24.5,82,21.2,28.0,7.1,0,0.00,0.0
2025-06-25T07:00,24.5,82,21.2,28.0,6.8,1,0.00,14.0
2025-06-25T08:00,24.6,82,21.3,28.1,7.6,4,0.00,134.0
2025-06-25T09:00,26.5,75,21.7,29.9,10.0,67,0.00,321.0
2025-06-25T10:00,28.4,66,21.4,31.7,8.3,14,0.00,473.0
2025-06-25T11:00,30.0,59,21.0,33.8,8.2,15,0.00,655.0
2025-06-25T12:00,31.5,52,20.3,35.7,8.5,15,0.00,791.0
2025-06-25T13:00,32.5,47,19.9,36.4,10.7,35,0.00,848.0
2025-06-25T14:00,32.8,47,20.1,36.7,10.2,27,0.00,807.0
2025-06-25T15:00,33.5,46,20.2,37.5,11.2,31,0.00,842.0
2025-06-25T16:00,33.7,45,20.0,37.0,12.3,43,0.00,769.0
2025-06-25T17:00,33.4,46,20.1,35.9,12.2,32,0.00,611.0
2025-06-25T18:00,31.8,51,20.5,34.2,11.9,51,0.60,455.0
2025-06-25T19:00,31.0,54,20.5,33.0,13.7,47,0.00,242.0
2025-06-25T20:00,29.0,63,21.3,31.7,12.5,82,0.00,91.0
2025-06-25T21:00,27.6,69,21.5,30.5,12.2,91,0.00,14.0
2025-06-25T22:00,26.5,74,21.4,29.3,12.4,26,0.00,0.0
2025-06-25T23:00,25.9,79,21.9,29.2,10.7,10,0.00,0.0
2025-06-26T00:00,25.6,83,22.5,29.6,8.4,37,0.00,0.0
2025-06-26T01:00,25.4,85,22.7,29.4,9.2,100,0.00,0.0
2025-06-26T02:00,25.4,85,22.6,29.3,9.5,87,0.00,0.0
2025-06-26T03:00,25.1,86,22.6,29.0,9.7,63,0.00,0.0
2025-06-26T04:00,24.9,87,22.5,28.7,9.5,16,0.00,0.0
2025-06-26T05:00,24.6,87,22.4,28.4,9.8,2,0.00,0.0
2025-06-26T06:00,24.5,88,22.3,28.1,9.6,5,0.00,0.0
2025-06-26T07:00,24.5,87,22.2,28.0,10.0,24,0.00,13.0
2025-06-26T08:00,25.1,83,22.1,28.3,13.0,67,0.00,113.0
2025-06-26T09:00,26.8,74,21.7,29.7,13.0,71,0.00,275.0
2025-06-26T10:00,28.3,66,21.3,31.0,12.8,81,0.00,426.0
2025-06-26T11:00,29.6,61,21.3,32.9,10.9,94,0.00,609.0
2025-06-26T12:00,30.4,59,21.4,34.0,10.7,72,0.00,656.0
2025-06-26T13:00,31.9,54,21.4,36.4,11.4,29,0.00,844.0
2025-06-26T14:00,32.9,50,21.2,37.6,11.7,18,0.00,897.0
2025-06-26T15:00,33.7,47,20.8,38.1,11.2,16,0.00,871.0
2025-06-26T16:00,34.2,44,20.1,38.0,11.3,17,0.00,804.0
2025-06-26T17:00,34.1,43,19.8,36.6,12.3,12,0.00,653.0
2025-06-26T18:00,32.0,49,20.1,34.2,12.4,48,0.10,464.0
2025-06-26T19:00,32.2,50,20.4,34.5,11.6,37,0.00,266.0
2025-06-26T20:00,30.5,56,20.7,32.8,13.6,22,0.00,133.0
2025-06-26T21:00,29.6,59,20.8,32.0,12.5,19,0.00,14.0
2025-06-26T22:00,28.8,62,20.7,31.2,11.8,98,0.00,0.0
2025-06-26T23:00,27.8,67,21.0,30.4,12.1,100,0.00,0.0
2025-06-27T00:00,27.1,72,21.5,30.2,10.7,100,0.00,0.0
2025-06-27T01:00,26.6,75,21.9,30.0,10.6,95,0.00,0.0
2025-06-27T02:00,26.3,77,21.9,29.5,11.2,90,0.00,0.0
2025-06-27T03:00,25.9,79,22.0,29.2,10.8,72,0.00,0.0
2025-06-27T04:00,25.5,81,22.0,28.8,10.7,85,0.00,0.0
2025-06-27T05:00,25.1,83,22.1,28.7,9.9,100,0.00,0.0
2025-06-27T06:00,25.0,84,22.1,28.6,9.0,100,0.00,0.0
2025-06-27T07:00,25.0,84,22.1,28.7,8.7,100,0.00,11.0
2025-06-27T08:00,25.5,83,22.3,29.3,8.5,99,0.00,132.0
2025-06-27T09:00,27.0,76,22.3,30.7,9.1,11,0.00,316.0
2025-06-27T10:00,28.8,68,22.1,32.5,8.8,11,0.00,514.0
2025-06-27T11:00,30.2,62,22.1,34.8,7.9,4,0.00,672.0
2025-06-27T12:00,32.0,54,21.6,36.9,9.6,5,0.00,826.0
2025-06-27T13:00,33.5,47,20.8,38.1,11.5,19,0.00,898.0
2025-06-27T14:00,34.7,42,20.0,38.9,11.8,21,0.00,932.0
2025-06-27T15:00,35.0,40,19.4,38.5,12.3,48,0.00,847.0
2025-06-27T16:00,35.4,38,19.0,38.2,12.7,100,0.00,779.0
2025-06-27T17:00,35.7,37,18.5,37.4,14.4,97,0.00,681.0
2025-06-27T18:00,35.0,36,17.8,35.7,14.1,100,0.00,472.0
2025-06-27T19:00,34.2,38,17.9,35.0,13.9,97,0.00,303.0
2025-06-27T20:00,32.3,46,19.1,34.3,10.0,100,0.00,105.0
2025-06-27T21:00,31.0,51,19.8,33.3,10.3,100,0.00,13.0
2025-06-27T22:00,30.1,56,20.2,32.4,11.8,100,0.00,0.0
2025-06-27T23:00,29.2,60,20.6,31.5,13.3,36,0.00,0.0
2025-06-28T00:00,28.6,62,20.5,31.1,11.9,100,0.00,0.0
2025-06-28T01:00,28.1,64,20.7,30.5,13.0,100,0.00,0.0
2025-06-28T02:00,27.5,69,21.4,30.3,12.4,100,0.00,0.0
2025-06-28T03:00,27.1,71,21.5,30.0,12.8,99,0.00,0.0
2025-06-28T04:00,26.7,76,22.1,29.9,12.2,100,0.00,0.0
2025-06-28T05:00,26.3,80,22.5,29.9,11.0,54,0.00,0.0
2025-06-28T06:00,26.0,82,22.6,29.8,10.0,42,0.00,0.0
2025-06-28T07:00,26.0,82,22.6,29.8,9.9,100,0.00,13.0
2025-06-28T08:00,26.5,80,22.7,30.2,10.4,64,0.00,132.0
2025-06-28T09:00,27.8,74,22.7,31.8,9.0,50,0.00,319.0
2025-06-28T10:00,29.5,66,22.5,33.4,8.7,22,0.00,517.0
2025-06-28T11:00,31.3,57,21.7,35.7,8.4,0,0.00,694.0
2025-06-28T12:00,33.0,48,20.6,37.7,7.9,3,0.00,834.0
2025-06-28T13:00,34.5,42,19.7,39.0,9.2,56,0.00,919.0
2025-06-28T14:00,35.6,38,19.2,39.8,10.5,14,0.00,954.0
2025-06-28T15:00,36.0,36,18.9,39.3,12.6,19,0.00,883.0
2025-06-28T16:00,35.8,38,19.1,38.3,14.8,18,0.00,787.0
2025-06-28T17:00,35.5,39,19.4,37.5,14.8,6,0.00,668.0
2025-06-28T18:00,34.8,39,19.0,35.9,15.5,11,0.00,497.0
2025-06-28T19:00,34.1,40,18.7,35.0,15.6,7,0.00,314.0
2025-06-28T20:00,32.5,48,20.1,34.4,14.1,9,0.00,134.0
2025-06-28T21:00,31.5,51,20.0,33.6,12.2,9,0.00,15.0
2025-06-28T22:00,30.7,54,20.2,33.0,11.4,8,0.00,0.0
2025-06-28T23:00,29.7,59,20.9,32.1,12.7,8,0.00,0.0
2025-06-29T00:00,29.1,60,20.7,31.5,12.8,7,0.00,0.0
2025-06-29T01:00,28.7,62,20.6,30.9,13.5,3,0.00,0.0
2025-06-29T02:00,28.2,64,20.9,30.5,14.0,2,0.00,0.0
2025-06-29T03:00,27.8,67,21.0,30.2,13.7,1,0.00,0.0
2025-06-29T04:00,27.3,70,21.2,30.0,12.6,0,0.00,0.0
2025-06-29T05:00,26.9,71,21.2,29.6,11.8,0,0.00,0.0
2025-06-29T06:00,26.5,72,21.0,29.4,9.7,0,0.00,0.0
2025-06-29T07:00,26.2,72,20.9,29.3,8.6,6,0.00,13.0
2025-06-29T08:00,26.7,71,21.0,29.8,8.8,33,0.00,134.0
2025-06-29T09:00,28.0,66,21.0,31.2,8.7,6,0.00,327.0
2025-06-29T10:00,29.8,59,21.0,32.7,9.3,9,0.00,526.0
2025-06-29T11:00,31.7,50,20.0,34.9,10.9,0,0.00,703.0
2025-06-29T12:00,33.4,41,18.5,36.4,12.2,1,0.00,843.0
2025-06-29T13:00,34.7,36,17.6,37.6,13.0,0,0.00,934.0
2025-06-29T14:00,35.5,34,17.2,38.4,13.3,0,0.00,967.0
2025-06-29T15:00,36.0,34,17.6,38.7,14.7,0,0.00,938.0
2025-06-29T16:00,35.9,34,17.6,37.9,16.1,13,0.00,852.0
2025-06-29T17:00,35.5,34,17.4,36.5,15.2,41,0.00,658.0
2025-06-29T18:00,35.2,34,16.8,35.2,15.7,45,0.00,430.0
2025-06-29T19:00,34.6,35,17.0,34.8,15.2,49,0.00,317.0
2025-06-29T20:00,33.0,44,19.1,34.9,11.0,15,0.00,132.0
2025-06-29T21:00,32.2,47,19.5,34.6,8.8,8,0.00,16.0
2025-06-29T22:00,31.5,49,19.6,33.6,10.9,3,0.00,0.0
2025-06-29T23:00,29.6,64,22.0,32.5,14.1,5,0.00,0.0
2025-06-30T00:00,28.9,70,22.8,32.6,11.8,3,0.00,0.0
2025-06-30T01:00,28.4,73,23.0,32.0,13.2,2,0.00,0.0
2025-06-30T02:00,27.9,75,23.0,31.6,12.3,1,0.00,0.0
2025-06-30T03:00,27.4,76,22.9,30.8,13.7,0,0.00,0.0
2025-06-30T04:00,26.7,80,22.9,30.3,12.9,2,0.00,0.0
2025-06-30T05:00,26.2,81,22.8,29.8,12.5,17,0.00,0.0
2025-06-30T06:00,26.0,82,22.6,29.4,12.5,95,0.00,0.0
2025-06-30T07:00,25.9,81,22.4,29.3,12.0,100,0.00,12.0
2025-06-30T08:00,26.4,77,22.0,29.6,11.3,2,0.00,132.0
2025-06-30T09:00,28.0,69,21.8,30.6,14.8,5,0.00,317.0
2025-06-30T10:00,29.8,60,21.2,32.5,12.1,14,0.00,487.0
2025-06-30T11:00,31.7,52,20.7,34.9,10.9,16,0.00,648.0
2025-06-30T12:00,33.2,46,20.2,37.1,10.3,9,0.00,796.0
2025-06-30T13:00,34.8,40,19.4,38.9,10.3,14,0.00,900.0
2025-06-30T14:00,36.1,37,19.0,40.0,10.4,20,0.00,912.0
2025-06-30T15:00,37.0,34,18.5,40.8,9.6,15,0.00,898.0
2025-06-30T16:00,37.3,32,18.0,40.4,9.2,54,0.00,811.0
2025-06-30T17:00,36.5,34,18.0,37.8,15.4,10,0.00,665.0
2025-06-30T18:00,33.9,43,19.5,34.9,17.9,64,0.10,486.0
2025-06-30T19:00,32.8,47,20.1,34.4,16.2,15,0.00,265.0
2025-06-30T20:00,32.8,46,19.6,34.6,12.9,25,0.10,118.0
2025-06-30T21:00,33.0,44,19.0,35.3,6.7,60,0.00,14.0
2025-06-30T22:00,24.2,90,22.5,27.2,15.2,100,16.40,0.0
2025-06-30T23:00,24.8,94,23.9,29.6,8.6,100,6.10,0.0
2025-07-01T00:00,24.5,90,22.8,28.9,6.5,72,0.80,0.0
2025-07-01T01:00,24.1,93,22.9,29.2,2.2,100,0.00,0.0
2025-07-01T02:00,24.2,92,22.9,29.3,2.0,78,0.00,0.0
2025-07-01T03:00,24.0,95,23.1,29.0,4.2,73,0.00,0.0
2025-07-01T04:00,23.9,97,23.4,29.0,4.6,100,0.00,0.0
2025-07-01T05:00,24.0,96,23.3,28.9,4.7,100,0.00,0.0
2025-07-01T06:00,24.1,93,22.9,28.6,6.1,100,0.00,0.0
2025-07-01T07:00,24.4,91,22.8,28.8,6.2,100,0.00,10.0
2025-07-01T08:00,23.7,90,22.0,27.7,6.3,100,0.00,81.0
2025-07-01T09:00,25.0,83,22.0,29.4,3.4,80,0.00,231.0
2025-07-01T10:00,26.7,76,22.1,31.2,3.6,30,0.00,460.0
2025-07-01T11:00,28.2,69,22.0,33.3,3.9,27,0.00,655.0
2025-07-01T12:00,29.7,63,21.9,35.6,4.5,6,0.00,822.0
2025-07-01T13:00,30.8,57,21.3,36.7,4.7,35,0.00,878.0
2025-07-01T14:00,31.6,54,21.2,37.8,4.5,56,0.00,914.0
2025-07-01T15:00,32.0,52,21.0,37.7,3.8,100,0.00,839.0
2025-07-01T16:00,32.2,49,20.2,36.1,5.4,100,0.00,674.0
2025-07-01T17:00,32.2,48,19.7,35.8,6.3,100,0.00,674.0
2025-07-01T18:00,31.6,49,19.5,34.1,8.1,99,0.00,482.0
2025-07-01T19:00,31.0,51,19.8,33.7,7.7,100,0.00,303.0
2025-07-01T20:00,28.6,70,22.5,32.9,6.6,82,0.00,77.0
2025-07-01T21:00,28.0,76,23.4,33.3,3.4,44,0.00,8.0
2025-07-01T22:00,27.5,80,23.9,33.2,2.7,100,0.00,0.0
2025-07-01T23:00,27.5,80,23.8,32.9,3.1,100,0.00,0.0
2025-07-02T00:00,27.1,83,24.0,32.9,2.6,95,0.00,0.0
2025-07-02T01:00,26.9,83,23.6,32.6,1.0,45,0.00,0.0
2025-07-02T02:00,26.5,84,23.5,32.1,0.5,100,0.00,0.0
2025-07-02T03:00,26.0,86,23.6,31.7,1.2,100,0.00,0.0
2025-07-02T04:00,25.8,91,24.1,31.7,1.3,100,0.00,0.0
2025-07-02T05:00,25.8,91,24.1,31.6,2.2,100,0.00,0.0
2025-07-02T06:00,25.6,88,23.5,30.8,3.9,95,0.00,0.0
2025-07-02T07:00,25.5,86,23.1,30.5,4.0,96,0.00,10.0
2025-07-02T08:00,26.7,83,23.5,32.1,2.8,91,0.00,113.0
2025-07-02T09:00,28.4,67,21.8,32.8,2.5,100,0.00,266.0
2025-07-02T10:00,30.1,59,21.1,34.2,3.1,100,0.00,483.0
2025-07-02T11:00,31.3,54,20.8,35.6,2.7,100,0.10,621.0
2025-07-02T12:00,31.1,53,20.4,34.6,3.6,96,0.00,438.0
2025-07-02T13:00,32.3,48,19.9,36.6,3.3,91,0.00,704.0
2025-07-02T14:00,33.3,44,19.2,37.6,4.2,99,0.00,767.0
2025-07-02T15:00,33.5,43,19.1,36.8,3.7,100,0.00,619.0
2025-07-02T16:00,33.2,43,18.9,35.8,4.6,97,0.00,362.0
2025-07-02T17:00,33.8,41,18.6,36.2,5.7,100,0.00,442.0
2025-07-02T18:00,34.0,39,18.2,36.0,7.3,100,0.00,400.0
2025-07-02T19:00,33.1,41,18.2,34.5,11.0,99,0.10,232.0
2025-07-02T20:00,29.6,66,22.5,33.8,7.5,100,0.00,63.0
2025-07-02T21:00,29.1,68,22.8,33.3,8.1,100,0.00,7.0
2025-07-02T22:00,28.5,72,23.1,32.9,8.4,100,0.00,0.0
2025-07-02T23:00,28.0,76,23.5,32.8,6.9,100,0.00,0.0
2025-07-03T00:00,27.7,79,23.8,32.9,5.5,100,0.00,0.0
2025-07-03T01:00,27.4,81,23.9,32.4,6.7,100,0.00,0.0
2025-07-03T02:00,27.1,82,23.9,32.3,6.2,100,0.00,0.0
2025-07-03T03:00,26.9,84,23.9,32.2,5.0,100,0.00,0.0
2025-07-03T04:00,26.6,85,24.0,32.3,3.3,100,0.00,0.0
2025-07-03T05:00,26.4,86,23.9,31.9,3.3,97,0.00,0.0
2025-07-03T06:00,26.1,87,23.8,31.6,3.1,97,0.00,0.0
2025-07-03T07:00,26.1,86,23.5,31.2,5.1,100,0.00,10.0
2025-07-03T08:00,24.5,96,24.0,30.0,4.2,88,1.20,54.0
2025-07-03T09:00,25.4,91,23.7,31.2,0.6,100,0.40,147.0
2025-07-03T10:00,27.0,72,21.5,30.7,5.8,99,0.00,284.0
2025-07-03T11:00,26.6,63,19.1,28.6,10.5,100,0.00,191.0
2025-07-03T12:00,27.5,56,18.0,29.0,9.0,100,0.00,346.0
2025-07-03T13:00,28.6,56,18.9,30.0,14.4,71,0.00,580.0
2025-07-03T14:00,29.0,58,19.9,31.7,13.7,39,0.00,702.0
2025-07-03T15:00,30.2,54,20.0,33.9,11.0,52,0.00,803.0
2025-07-03T16:00,30.9,51,19.5,33.4,15.2,34,0.00,756.0
2025-07-03T17:00,30.0,56,20.4,31.9,19.2,43,0.00,678.0
2025-07-03T18:00,28.8,63,21.0,31.5,11.4,81,0.00,409.0
2025-07-03T19:00,28.5,63,20.9,31.1,12.1,99,0.00,285.0
2025-07-03T20:00,24.5,85,22.0,27.8,11.5,100,4.80,69.0
2025-07-03T21:00,23.5,94,22.5,27.1,11.4,100,5.00,5.0
2025-07-03T22:00,23.9,92,22.5,27.5,11.0,100,1.00,0.0
2025-07-03T23:00,24.1,91,22.5,27.8,10.7,100,0.10,0.0
2025-07-04T00:00,24.1,91,22.5,27.9,9.5,100,0.00,0.0
2025-07-04T01:00,24.2,91,22.6,27.9,10.8,99,0.00,0.0
2025-07-04T02:00,24.1,91,22.5,27.9,9.9,53,0.00,0.0
2025-07-04T03:00,23.9,92,22.5,27.7,10.0,84,0.10,0.0
2025-07-04T04:00,23.9,91,22.2,27.5,9.8,100,0.00,0.0
2025-07-04T05:00,23.9,89,22.0,27.3,10.7,100,0.00,0.0
2025-07-04T06:00,23.5,89,21.6,26.7,10.6,100,0.20,0.0
2025-07-04T07:00,23.5,91,21.9,26.7,10.7,79,0.10,5.0
2025-07-04T08:00,23.6,96,23.0,28.0,7.9,100,2.00,29.0
2025-07-04T09:00,25.0,87,22.8,28.7,11.3,98,0.70,152.0
2025-07-04T10:00,25.4,85,22.6,28.6,14.1,99,0.20,197.0
2025-07-04T11:00,26.4,82,23.0,30.1,12.4,74,0.20,302.0
2025-07-04T12:00,27.6,77,23.1,31.0,15.1,78,0.30,535.0
2025-07-04T13:00,29.0,69,22.6,32.9,16.7,80,0.30,753.0
2025-07-04T14:00,30.4,56,20.7,33.5,18.0,32,0.10,857.0
2025-07-04T15:00,30.9,52,19.9,33.1,20.3,38,0.00,836.0
2025-07-04T16:00,30.1,58,21.0,32.5,19.9,86,0.00,733.0
2025-07-04T17:00,29.6,62,21.5,31.1,21.9,46,0.00,507.0
2025-07-04T18:00,28.6,67,22.0,30.3,21.7,100,0.20,421.0
2025-07-04T19:00,27.5,74,22.4,30.2,16.6,96,0.10,191.0
2025-07-04T20:00,25.2,83,22.2,29.0,8.7,89,0.00,49.0
2025-07-04T21:00,25.0,87,22.7,29.1,8.9,33,0.00,11.0
2025-07-04T22:00,24.9,88,22.8,28.9,9.4,37,0.00,0.0
2025-07-04T23:00,24.9,89,22.9,28.8,10.1,13,0.00,0.0
2025-07-05T00:00,24.8,89,22.9,28.6,11.1,25,0.00,0.0
2025-07-05T01:00,24.5,89,22.6,28.4,9.5,24,0.00,0.0
2025-07-05T02:00,24.1,91,22.5,28.0,9.3,23,0.00,0.0
2025-07-05T03:00,24.0,92,22.5,27.9,9.1,33,0.00,0.0
2025-07-05T04:00,23.9,93,22.6,27.9,9.0,17,0.00,0.0
2025-07-05T05:00,23.8,94,22.8,28.0,8.0,18,0.00,0.0
2025-07-05T06:00,23.7,96,23.0,28.1,7.6,100,0.00,0.0
2025-07-05T07:00,24.0,95,23.1,28.3,8.1,25,0.00,8.0
2025-07-05T08:00,25.0,90,23.3,29.2,9.8,100,0.10,73.0
2025-07-05T09:00,25.6,88,23.5,29.8,10.9,96,0.10,145.0
2025-07-05T10:00,27.0,80,23.2,31.0,11.6,86,0.00,305.0
2025-07-05T11:00,28.6,65,21.5,31.2,14.3,41,0.00,515.0
2025-07-05T12:00,29.9,59,21.0,32.6,16.2,24,0.00,685.0
2025-07-05T13:00,30.9,55,20.9,33.8,16.3,35,0.00,746.0
2025-07-05T14:00,31.5,53,20.6,34.6,16.7,34,0.20,818.0
2025-07-05T15:00,32.2,50,20.5,35.4,14.4,13,0.10,770.0
2025-07-05T16:00,32.8,47,20.1,35.8,15.7,19,0.10,806.0
2025-07-05T17:00,31.9,51,20.5,33.6,20.7,47,0.30,683.0
2025-07-05T18:00,30.2,61,21.8,32.8,15.2,47,0.10,398.0
2025-07-05T19:00,29.8,65,22.5,33.3,12.0,34,0.00,281.0
2025-07-05T20:00,25.9,79,22.0,29.0,12.5,75,0.00,83.0
2025-07-05T21:00,25.1,84,22.2,28.5,11.4,55,0.10,12.0
2025-07-05T22:00,24.6,86,22.1,28.3,9.5,50,0.00,0.0
2025-07-05T23:00,24.4,87,22.0,28.0,9.3,26,0.00,0.0
2025-07-06T00:00,24.0,88,21.8,27.7,7.6,36,0.00,0.0
2025-07-06T01:00,23.8,88,21.8,27.5,7.8,100,0.00,0.0
2025-07-06T02:00,24.0,88,21.9,27.7,7.3,100,0.20,0.0
2025-07-06T03:00,24.0,89,22.1,27.9,7.5,100,0.20,0.0
2025-07-06T04:00,24.0,89,22.1,27.9,7.8,100,0.50,0.0
2025-07-06T05:00,23.9,92,22.5,27.8,8.7,100,0.20,0.0
2025-07-06T06:00,23.9,92,22.6,27.8,9.2,87,0.00,0.0
2025-07-06T07:00,23.9,94,22.8,28.0,8.0,69,0.10,8.0
2025-07-06T08:00,23.6,93,22.5,26.9,13.1,97,1.20,63.0
2025-07-06T09:00,24.2,91,22.6,28.4,7.8,98,5.50,160.0
2025-07-06T10:00,24.6,87,22.4,28.0,11.9,99,2.70,221.0
2025-07-06T11:00,25.9,80,22.2,28.8,15.1,100,0.30,350.0
2025-07-06T12:00,26.7,79,22.8,29.8,15.8,96,0.40,521.0
2025-07-06T13:00,27.6,78,23.5,32.3,14.1,59,0.30,721.0
2025-07-06T14:00,28.8,76,24.0,34.4,13.1,25,0.20,820.0
2025-07-06T15:00,29.9,61,21.5,34.1,14.2,45,0.00,847.0
2025-07-06T16:00,30.4,58,21.1,33.7,14.0,32,0.00,720.0
2025-07-06T17:00,30.4,58,21.2,33.2,13.7,37,0.00,610.0
2025-07-06T18:00,30.3,59,21.4,33.1,11.9,86,0.00,487.0
2025-07-06T19:00,29.8,62,21.8,33.2,9.6,55,0.00,300.0
2025-07-06T20:00,28.5,67,21.8,32.3,7.0,13,0.00,139.0
2025-07-06T21:00,27.2,75,22.5,31.6,5.6,2,0.00,15.0
2025-07-06T22:00,26.5,80,22.9,30.9,7.2,0,0.00,0.0
2025-07-06T23:00,26.0,83,23.0,30.6,6.0,0,0.00,0.0
2025-07-07T00:00,25.6,85,23.0,30.5,4.4,9,0.00,0.0
2025-07-07T01:00,25.4,87,23.0,30.2,4.2,2,0.00,0.0
2025-07-07T02:00,25.0,88,23.0,30.2,2.0,12,0.00,0.0
2025-07-07T03:00,24.8,89,22.8,30.1,0.2,14,0.00,0.0
2025-07-07T04:00,24.4,91,22.9,29.5,1.7,17,0.00,0.0
2025-07-07T05:00,24.2,91,22.6,28.8,5.3,2,0.00,0.0
2025-07-07T06:00,24.0,91,22.5,28.3,6.9,0,0.00,0.0
2025-07-07T07:00,24.1,91,22.5,28.3,7.2,2,0.00,10.0
2025-07-07T08:00,23.0,94,22.0,26.3,11.1,85,1.40,75.0
2025-07-07T09:00,23.5,90,21.8,27.2,7.6,29,0.10,150.0
2025-07-07T10:00,26.3,79,22.5,30.6,5.7,26,0.00,480.0
2025-07-07T11:00,28.5,73,23.1,33.7,7.5,38,0.00,669.0
2025-07-07T12:00,29.7,67,22.8,35.1,7.1,54,0.00,732.0
2025-07-07T13:00,30.6,61,22.3,36.0,9.6,20,0.00,832.0
2025-07-07T14:00,31.4,59,22.3,36.6,12.4,16,0.10,909.0
2025-07-07T15:00,31.8,56,21.9,36.4,13.7,37,0.20,884.0
2025-07-07T16:00,31.9,56,21.9,36.1,11.5,45,0.30,742.0
2025-07-07T17:00,31.6,58,22.2,35.3,11.0,93,0.00,591.0
2025-07-07T18:00,30.5,62,22.4,34.5,7.8,64,0.00,449.0
2025-07-07T19:00,29.6,65,22.3,33.4,9.4,57,0.20,241.0
2025-07-07T20:00,30.5,54,20.3,33.2,9.2,9,0.00,135.0
2025-07-07T21:00,29.0,63,21.3,32.2,9.3,14,0.00,15.0
2025-07-07T22:00,28.0,71,22.1,31.5,10.0,24,0.00,0.0
2025-07-07T23:00,27.3,76,22.6,31.1,10.1,7,0.00,0.0
2025-07-08T00:00,26.9,79,22.8,30.8,9.6,4,0.00,0.0
2025-07-08T01:00,26.4,81,22.9,30.6,8.6,11,0.00,0.0
2025-07-08T02:00,26.0,82,22.8,30.1,8.3,4,0.00,0.0
2025-07-08T03:00,25.5,84,22.5,29.6,7.7,8,0.00,0.0
2025-07-08T04:00,25.1,84,22.1,28.8,9.0,11,0.00,0.0
2025-07-08T05:00,24.8,84,22.0,28.2,10.2,1,0.00,0.0
2025-07-08T06:00,24.5,87,22.0,28.1,9.0,8,0.00,0.0
2025-07-08T07:00,24.4,88,22.2,28.2,8.3,8,0.00,9.0
2025-07-08T08:00,22.0,95,21.2,24.4,14.2,98,10.00,75.0
2025-07-08T09:00,22.5,94,21.4,25.8,8.6,98,4.40,58.0
2025-07-08T10:00,22.8,95,21.9,26.6,7.0,100,2.40,166.0
2025-07-08T11:00,24.3,91,22.8,29.1,3.5,97,1.20,303.0
2025-07-08T12:00,26.9,81,23.3,31.7,5.9,96,0.90,521.0
2025-07-08T13:00,29.1,71,23.3,33.9,8.5,77,0.10,613.0
2025-07-08T14:00,30.2,69,23.8,36.4,8.3,74,0.10,795.0
2025-07-08T15:00,30.8,69,24.5,37.5,9.9,22,0.20,846.0
2025-07-08T16:00,31.2,66,24.0,37.3,10.1,40,0.20,799.0
2025-07-08T17:00,31.0,64,23.5,36.3,8.5,33,0.60,660.0
2025-07-08T18:00,28.9,75,24.0,34.3,4.0,100,1.70,445.0
2025-07-08T19:00,27.0,80,23.4,32.1,3.9,72,1.20,138.0
2025-07-08T20:00,28.1,69,22.0,31.3,12.4,14,0.00,121.0
2025-07-08T21:00,27.4,72,21.8,30.5,11.5,13,0.00,14.0
2025-07-08T22:00,26.5,73,21.4,29.7,9.9,8,0.00,0.0
2025-07-08T23:00,25.6,77,21.4,29.1,8.0,17,0.00,0.0
2025-07-09T00:00,25.2,79,21.4,28.7,7.3,9,0.00,0.0
2025-07-09T01:00,24.7,83,21.5,28.1,8.5,1,0.00,0.0
2025-07-09T02:00,24.4,86,22.0,28.2,7.5,0,0.00,0.0
2025-07-09T03:00,24.0,90,22.3,28.1,6.8,0,0.00,0.0
2025-07-09T04:00,23.9,92,22.5,28.0,7.2,0,0.00,0.0
2025-07-09T05:00,23.6,94,22.6,27.8,7.6,0,0.00,0.0
2025-07-09T06:00,23.6,94,22.6,27.9,6.9,0,0.00,0.0
2025-07-09T07:00,23.8,94,22.7,28.1,6.8,0,0.00,9.0
2025-07-09T08:00,22.1,93,21.0,25.2,9.6,100,8.40,47.0
2025-07-09T09:00,23.7,90,22.0,27.2,9.8,100,0.20,118.0
2025-07-09T10:00,25.6,83,22.4,29.5,8.4,63,0.00,327.0
2025-07-09T11:00,27.1,76,22.6,31.3,7.2,10,0.00,506.0
2025-07-09T12:00,28.9,69,22.6,34.7,5.6,61,0.00,771.0
2025-07-09T13:00,30.1,64,22.6,36.6,5.4,80,0.00,868.0
2025-07-09T14:00,31.2,60,22.6,38.3,4.3,17,0.00,931.0
2025-07-09T15:00,32.2,57,22.6,39.1,5.1,9,0.00,924.0
2025-07-09T16:00,32.3,57,22.6,38.6,5.4,5,0.00,832.0
2025-07-09T17:00,32.8,55,22.4,38.2,4.3,13,0.00,701.0
2025-07-09T18:00,31.6,57,22.2,35.0,11.4,45,0.00,523.0
2025-07-09T19:00,29.1,69,22.8,33.3,8.1,32,0.00,277.0
2025-07-09T20:00,26.6,72,21.0,29.6,9.3,31,0.20,86.0
2025-07-09T21:00,26.2,72,20.9,29.8,4.7,28,0.00,12.0
2025-07-09T22:00,26.3,73,21.1,29.7,6.7,20,0.00,0.0
2025-07-09T23:00,26.2,76,21.6,29.9,6.8,0,0.00,0.0
2025-07-10T00:00,26.0,79,22.1,30.1,6.0,0,0.00,0.0
2025-07-10T01:00,25.7,82,22.5,29.8,7.6,1,0.00,0.0
2025-07-10T02:00,25.4,84,22.5,29.4,7.4,1,0.00,0.0
2025-07-10T03:00,24.9,84,22.0,28.5,8.6,0,0.00,0.0
2025-07-10T04:00,24.3,85,21.5,27.6,9.2,2,0.00,0.0
2025-07-10T05:00,24.0,85,21.4,27.1,9.5,0,0.00,0.0
2025-07-10T06:00,23.7,86,21.3,26.9,9.0,0,0.00,0.0
2025-07-10T07:00,23.6,87,21.4,27.1,8.0,0,0.00,9.0
2025-07-10T08:00,25.0,79,21.0,28.3,7.5,51,0.00,101.0
2025-07-10T09:00,26.5,71,20.9,29.7,7.7,38,0.00,255.0
2025-07-10T10:00,28.3,65,21.0,31.4,8.7,25,0.00,440.0
2025-07-10T11:00,30.5,58,21.3,34.3,9.6,16,0.00,660.0
2025-07-10T12:00,32.8,49,20.7,37.0,10.7,9,0.00,819.0
2025-07-10T13:00,34.3,42,19.4,38.1,11.8,22,0.00,908.0
2025-07-10T14:00,35.1,39,19.1,38.5,11.9,20,0.00,854.0
2025-07-10T15:00,35.7,37,18.7,38.7,12.3,31,0.00,843.0
2025-07-10T16:00,36.0,36,18.6,38.8,12.6,19,0.00,806.0
2025-07-10T17:00,36.0,35,18.2,37.6,13.6,15,0.00,660.0
2025-07-10T18:00,35.8,35,17.7,36.4,14.8,18,0.00,521.0
2025-07-10T19:00,34.8,35,17.2,35.3,14.2,6,0.00,312.0
2025-07-10T20:00,33.7,38,17.2,34.3,13.3,27,0.00,135.0
2025-07-10T21:00,31.9,46,18.9,33.5,11.7,15,0.00,14.0
2025-07-10T22:00,30.9,51,19.6,32.6,13.2,11,0.00,0.0
2025-07-10T23:00,30.0,56,20.3,31.9,14.9,8,0.00,0.0
2025-07-11T00:00,29.5,60,20.8,31.2,16.8,2,0.00,0.0
2025-07-11T01:00,28.8,61,20.5,30.4,17.0,1,0.00,0.0
2025-07-11T02:00,28.2,63,20.5,29.9,16.1,0,0.00,0.0
2025-07-11T03:00,27.5,67,20.8,29.5,15.2,0,0.00,0.0
2025-07-11T04:00,26.9,68,20.5,28.8,14.4,0,0.00,0.0
2025-07-11T05:00,26.4,67,19.8,28.0,14.5,0,0.00,0.0
2025-07-11T06:00,25.8,67,19.2,27.3,13.2,0,0.00,0.0
2025-07-11T07:00,25.4,69,19.4,27.2,12.1,0,0.00,9.0
2025-07-11T08:00,25.8,72,20.5,28.2,11.8,0,0.00,125.0
2025-07-11T09:00,27.1,69,21.0,29.7,12.4,0,0.00,317.0
2025-07-11T10:00,29.0,64,21.4,31.6,13.2,0,0.00,516.0
2025-07-11T11:00,31.0,54,20.6,33.6,15.5,2,0.00,697.0
2025-07-11T12:00,32.3,49,20.1,35.2,17.7,6,0.00,837.0
2025-07-11T13:00,33.5,44,19.6,36.3,18.0,13,0.00,911.0
2025-07-11T14:00,34.6,38,18.4,36.8,19.3,3,0.00,932.0
2025-07-11T15:00,35.5,35,17.6,37.1,19.8,4,0.00,914.0
2025-07-11T16:00,35.9,33,17.1,36.9,20.2,3,0.00,834.0
2025-07-11T17:00,35.2,35,17.3,35.6,20.4,24,0.00,699.0
2025-07-11T18:00,34.1,40,18.4,34.3,19.8,28,0.00,428.0
2025-07-11T19:00,32.8,44,19.0,33.1,20.9,22,0.10,297.0
2025-07-11T20:00,31.1,50,19.5,33.1,11.1,78,0.00,127.0
2025-07-11T21:00,30.8,51,19.6,32.7,11.7,60,0.00,11.0
2025-07-11T22:00,30.4,51,19.1,31.9,12.9,16,0.00,0.0
2025-07-11T23:00,29.5,53,19.0,30.7,14.7,37,0.00,0.0
2025-07-12T00:00,28.4,61,20.2,30.0,15.5,94,0.00,0.0
2025-07-12T01:00,27.6,67,21.0,30.0,13.9,52,0.00,0.0
2025-07-12T02:00,27.1,72,21.7,29.9,13.7,51,0.00,0.0
2025-07-12T03:00,26.8,75,22.0,29.8,13.1,96,0.00,0.0
2025-07-12T04:00,26.5,77,22.1,29.6,12.8,61,0.00,0.0
2025-07-12T05:00,26.1,79,22.2,29.4,12.2,4,0.00,0.0
2025-07-12T06:00,25.8,80,22.1,29.1,11.9,1,0.00,0.0
2025-07-12T07:00,25.6,81,22.1,28.8,12.3,6,0.00,8.0
2025-07-12T08:00,26.0,79,22.0,28.9,13.2,100,0.20,61.0
2025-07-12T09:00,26.3,77,22.0,29.8,9.6,100,0.10,164.0
2025-07-12T10:00,27.2,76,22.5,30.8,10.8,100,0.00,268.0
2025-07-12T11:00,27.9,72,22.4,31.1,13.3,100,0.00,348.0
2025-07-12T12:00,30.2,62,22.2,34.1,11.8,58,0.10,644.0
2025-07-12T13:00,31.8,54,21.2,35.9,11.8,36,0.20,792.0
2025-07-12T14:00,33.0,48,20.5,37.4,9.5,46,0.00,837.0
2025-07-12T15:00,33.9,44,20.0,37.6,11.7,97,0.00,819.0
2025-07-12T16:00,29.1,64,21.5,33.2,7.3,95,2.20,632.0
2025-07-12T17:00,29.8,62,21.8,33.5,7.6,75,0.00,412.0
2025-07-12T18:00,30.8,59,21.9,34.0,11.1,86,0.00,479.0
2025-07-12T19:00,30.4,59,21.6,33.1,13.5,86,0.00,310.0
2025-07-12T20:00,24.5,88,22.4,28.1,10.9,100,5.40,33.0
2025-07-12T21:00,25.0,85,22.2,29.1,6.0,100,0.50,3.0
2025-07-12T22:00,24.9,89,22.9,29.5,5.2,100,0.20,0.0
2025-07-12T23:00,24.9,91,23.3,29.5,6.8,100,0.00,0.0
2025-07-13T00:00,24.9,91,23.3,29.1,10.1,100,0.00,0.0
2025-07-13T01:00,24.9,88,22.8,28.7,10.8,74,0.00,0.0
2025-07-13T02:00,24.8,89,22.8,28.5,10.7,94,0.00,0.0
2025-07-13T03:00,24.5,89,22.6,28.0,12.4,99,0.00,0.0
2025-07-13T04:00,22.9,92,21.4,25.8,11.2,100,3.30,0.0
2025-07-13T05:00,22.8,94,21.7,25.9,11.2,97,0.30,0.0
2025-07-13T06:00,23.0,94,21.9,26.3,10.2,100,0.00,0.0
2025-07-13T07:00,23.4,92,22.0,27.2,8.1,100,0.00,4.0
2025-07-13T08:00,22.9,94,21.9,25.6,14.0,100,1.10,14.0
2025-07-13T09:00,22.9,95,22.0,25.8,13.6,100,0.70,48.0
2025-07-13T10:00,23.3,94,22.3,27.7,4.5,100,0.70,76.0
2025-07-13T11:00,24.3,86,21.8,27.8,8.6,100,0.40,175.0
2025-07-13T12:00,25.8,78,21.6,29.3,7.9,100,0.20,337.0
2025-07-13T13:00,27.6,68,21.2,30.9,8.1,100,0.00,551.0
2025-07-13T14:00,27.4,70,21.5,30.8,8.5,96,0.00,244.0
2025-07-13T15:00,27.5,74,22.4,31.0,10.6,32,0.00,337.0
2025-07-13T16:00,29.0,67,22.2,33.3,10.6,48,0.00,696.0
2025-07-13T17:00,29.5,65,22.4,34.0,10.3,50,0.00,698.0
2025-07-13T18:00,29.7,63,22.0,33.1,10.3,100,0.00,528.0
2025-07-13T19:00,29.4,62,21.5,32.5,10.3,87,0.00,310.0
2025-07-13T20:00,27.1,78,23.0,31.3,9.2,78,0.00,128.0
2025-07-13T21:00,26.5,82,23.1,31.3,5.2,93,0.00,11.0
2025-07-13T22:00,26.0,85,23.2,30.4,8.4,91,0.00,0.0
2025-07-13T23:00,25.5,87,23.3,30.0,8.3,99,0.00,0.0
2025-07-14T00:00,25.2,89,23.4,29.8,8.2,100,0.00,0.0
2025-07-14T01:00,24.9,91,23.2,29.3,8.5,98,0.00,0.0
2025-07-14T02:00,24.6,91,23.0,29.1,7.0,100,0.00,0.0
2025-07-14T03:00,24.5,91,22.9,28.9,6.8,97,0.00,0.0
2025-07-14T04:00,24.2,91,22.6,28.2,8.7,100,0.00,0.0
2025-07-14T05:00,24.0,89,22.0,27.5,9.2,90,0.00,0.0
2025-07-14T06:00,23.5,86,21.0,26.5,10.3,46,0.00,0.0
2025-07-14T07:00,23.2,85,20.6,26.1,9.2,38,0.00,7.0
2025-07-14T08:00,22.5,96,21.9,26.3,7.3,100,3.20,15.0
2025-07-14T09:00,22.8,96,22.1,26.3,9.7,100,9.40,53.0
2025-07-14T10:00,22.6,95,21.9,25.9,10.7,100,1.90,35.0
2025-07-14T11:00,24.4,88,22.3,28.3,8.3,99,0.30,255.0
2025-07-14T12:00,26.0,80,22.4,29.7,9.7,88,0.30,446.0
2025-07-14T13:00,27.2,73,22.0,30.7,10.6,77,0.30,535.0
2025-07-14T14:00,29.3,63,21.6,33.7,10.8,98,0.30,777.0
2025-07-14T15:00,30.5,60,21.8,36.1,9.0,92,0.00,899.0
2025-07-14T16:00,31.1,56,21.4,36.0,7.3,95,0.00,772.0
2025-07-14T17:00,31.4,54,21.0,35.8,5.2,93,0.00,667.0
2025-07-14T18:00,31.7,52,20.7,35.5,2.8,97,0.00,513.0
2025-07-14T19:00,31.7,52,20.5,35.4,2.8,90,0.00,307.0
2025-07-14T20:00,29.4,71,23.6,33.9,9.0,79,0.00,121.0
2025-07-14T21:00,28.7,76,24.1,33.9,6.5,49,0.00,13.0
2025-07-14T22:00,28.2,79,24.1,33.3,7.3,7,0.00,0.0
2025-07-14T23:00,27.6,81,24.0,32.6,7.9,1,0.00,0.0
2025-07-15T00:00,27.4,80,23.6,31.6,11.2,39,0.00,0.0
2025-07-15T01:00,26.6,75,21.8,29.8,11.3,100,0.00,0.0
2025-07-15T02:00,26.1,76,21.5,29.1,10.8,100,0.00,0.0
2025-07-15T03:00,25.8,78,21.6,29.0,10.2,100,0.00,0.0
2025-07-15T04:00,25.5,80,21.8,29.1,8.8,99,0.00,0.0
2025-07-15T05:00,25.4,81,21.9,28.9,9.3,100,0.00,0.0
2025-07-15T06:00,25.1,83,22.0,28.7,8.9,100,0.00,0.0
2025-07-15T07:00,25.0,84,22.1,28.8,8.6,100,0.00,7.0
2025-07-15T08:00,25.8,82,22.5,30.3,5.2,92,0.20,84.0
2025-07-15T09:00,26.8,78,22.6,31.4,4.7,98,0.10,170.0
2025-07-15T10:00,28.5,73,23.2,32.7,9.9,91,0.00,398.0
2025-07-15T11:00,30.6,64,23.0,35.2,10.5,80,0.00,647.0
2025-07-15T12:00,32.3,57,22.6,37.2,11.1,80,0.00,769.0
2025-07-15T13:00,33.8,50,21.9,39.0,10.7,41,0.00,891.0
2025-07-15T14:00,34.7,45,21.0,39.3,12.0,74,0.00,894.0
2025-07-15T15:00,35.4,42,20.7,39.4,13.3,76,0.00,875.0
2025-07-15T16:00,35.3,42,20.4,38.2,14.2,24,0.00,714.0
2025-07-15T17:00,34.9,41,19.9,36.9,15.1,17,0.00,629.0
2025-07-15T18:00,34.5,43,20.0,35.9,16.4,48,0.00,496.0
2025-07-15T19:00,33.7,43,19.5,34.9,16.5,22,0.00,298.0
2025-07-15T20:00,29.5,67,22.9,34.3,4.3,97,1.20,78.0
2025-07-15T21:00,29.5,70,23.3,34.0,7.6,99,0.00,9.0
2025-07-15T22:00,28.9,72,23.3,33.5,6.9,100,0.00,0.0
2025-07-15T23:00,28.3,75,23.4,32.6,9.3,89,0.00,0.0
2025-07-16T00:00,27.9,74,22.8,31.9,9.4,5,0.00,0.0
2025-07-16T01:00,27.4,77,22.9,31.6,8.3,2,0.00,0.0
2025-07-16T02:00,27.0,80,23.1,31.3,8.7,2,0.00,0.0
2025-07-16T03:00,26.6,81,23.1,30.9,9.2,22,0.00,0.0
2025-07-16T04:00,26.4,81,22.8,30.3,9.7,1,0.00,0.0
2025-07-16T05:00,26.0,81,22.5,29.8,9.4,6,0.00,0.0
2025-07-16T06:00,25.5,82,22.2,29.1,10.1,6,0.00,0.0
2025-07-16T07:00,25.2,82,22.0,28.6,10.8,1,0.00,6.0
2025-07-16T08:00,25.8,85,23.0,29.3,12.8,61,0.00,75.0
2025-07-16T09:00,27.1,78,22.9,30.4,14.8,70,0.00,229.0
2025-07-16T10:00,29.0,70,23.0,32.4,14.8,100,0.00,401.0
2025-07-16T11:00,30.7,61,22.4,33.7,14.7,60,0.00,533.0
2025-07-16T12:00,31.8,58,22.5,35.5,12.9,26,0.00,634.0
2025-07-16T13:00,33.5,52,22.2,38.5,12.5,17,0.00,874.0
2025-07-16T14:00,34.4,48,22.0,39.2,13.2,15,0.00,884.0
2025-07-16T15:00,35.2,45,21.5,39.5,14.1,17,0.00,872.0
2025-07-16T16:00,35.3,44,21.4,39.1,14.8,14,0.00,797.0
2025-07-16T17:00,35.3,42,20.6,37.8,15.5,16,0.00,660.0
2025-07-16T18:00,35.0,42,20.1,36.6,15.4,42,0.00,483.0
2025-07-16T19:00,34.1,44,20.1,36.0,13.4,23,0.00,290.0
2025-07-16T20:00,32.5,53,21.5,35.2,12.9,41,0.00,116.0
2025-07-16T21:00,31.4,56,21.6,34.3,12.3,30,0.00,12.0
2025-07-16T22:00,30.7,58,21.5,33.8,10.5,14,0.00,0.0
2025-07-16T23:00,30.0,61,21.5,33.0,11.2,6,0.00,0.0
2025-07-17T00:00,29.5,61,21.2,32.3,12.1,3,0.00,0.0
2025-07-17T01:00,28.9,64,21.4,32.0,10.2,38,0.00,0.0
2025-07-17T02:00,28.1,67,21.5,31.5,8.8,90,0.00,0.0
2025-07-17T03:00,27.6,70,21.5,31.1,8.3,30,0.00,0.0
2025-07-17T04:00,27.0,72,21.5,30.4,8.7,18,0.00,0.0
2025-07-17T05:00,26.5,72,21.1,29.5,10.3,45,0.00,0.0
2025-07-17T06:00,26.0,74,20.9,28.9,9.1,17,0.00,0.0
2025-07-17T07:00,25.5,75,20.7,28.4,9.4,11,0.00,6.0
2025-07-17T08:00,25.3,81,21.8,29.1,6.6,91,0.00,116.0
2025-07-17T09:00,26.7,75,21.9,30.6,6.7,100,0.00,305.0
2025-07-17T10:00,28.3,69,22.1,32.2,7.7,96,0.00,504.0
2025-07-17T11:00,30.0,65,22.6,34.9,8.0,92,0.00,683.0
2025-07-17T12:00,31.9,58,22.8,37.8,7.4,99,0.00,825.0
2025-07-17T13:00,33.8,51,22.0,39.7,7.9,99,0.00,915.0
2025-07-17T14:00,35.0,43,20.5,39.9,8.5,95,0.00,894.0
2025-07-17T15:00,35.8,39,19.8,40.0,10.3,62,0.00,891.0
2025-07-17T16:00,36.0,37,19.0,38.9,11.0,18,0.00,766.0
2025-07-17T17:00,36.2,33,17.4,37.8,12.1,6,0.00,676.0
2025-07-17T18:00,36.1,28,14.7,35.7,13.3,47,0.00,522.0
2025-07-17T19:00,35.4,26,13.1,34.4,13.5,100,0.00,342.0
2025-07-17T20:00,32.8,40,17.5,34.0,9.8,44,0.00,145.0
2025-07-17T21:00,30.9,48,18.5,32.6,9.9,15,0.00,13.0
2025-07-17T22:00,29.9,53,19.1,31.8,9.9,36,0.00,0.0
2025-07-17T23:00,29.0,57,19.5,31.5,8.2,0,0.00,0.0
2025-07-18T00:00,28.2,61,20.0,31.2,6.6,4,0.00,0.0
2025-07-18T01:00,27.5,65,20.4,30.7,5.9,33,0.00,0.0
2025-07-18T02:00,26.9,68,20.5,30.0,7.4,39,0.00,0.0
2025-07-18T03:00,26.6,69,20.5,29.4,9.2,96,0.00,0.0
2025-07-18T04:00,26.1,72,20.8,29.2,8.2,99,0.00,0.0
2025-07-18T05:00,25.7,76,21.1,29.0,8.1,97,0.00,0.0
2025-07-18T06:00,25.4,80,21.5,29.0,7.2,88,0.00,0.0
2025-07-18T07:00,25.2,82,21.9,29.0,7.6,87,0.00,6.0
2025-07-18T08:00,25.2,85,22.5,29.5,6.5,25,0.00,116.0
2025-07-18T09:00,27.0,77,22.7,31.5,5.5,0,0.00,310.0
2025-07-18T10:00,29.0,70,22.9,33.8,4.5,1,0.00,511.0
2025-07-18T11:00,31.1,61,22.8,36.5,6.0,68,0.00,692.0
2025-07-18T12:00,33.0,52,21.9,38.7,6.7,57,0.00,835.0
2025-07-18T13:00,34.8,42,20.0,39.9,8.0,20,0.00,931.0
2025-07-18T14:00,35.8,37,18.6,39.6,9.1,23,0.00,884.0
2025-07-18T15:00,36.5,33,17.8,40.1,9.0,5,0.00,895.0
2025-07-18T16:00,37.2,30,17.0,39.8,10.1,3,0.00,830.0
2025-07-18T17:00,37.2,29,16.5,38.5,12.8,5,0.00,701.0
2025-07-18T18:00,36.8,28,15.4,36.6,13.5,38,0.00,530.0
2025-07-18T19:00,36.0,28,14.5,35.7,12.4,72,0.00,329.0
2025-07-18T20:00,33.5,37,16.6,33.9,12.4,0,0.00,142.0
2025-07-18T21:00,31.4,45,18.2,32.5,12.8,0,0.00,13.0
2025-07-18T22:00,30.0,53,19.4,32.0,10.9,0,0.00,0.0
2025-07-18T23:00,28.8,62,20.8,31.6,10.3,2,0.00,0.0
2025-07-19T00:00,27.9,69,21.7,31.1,10.3,41,0.00,0.0
2025-07-19T01:00,27.1,74,22.2,30.5,11.7,45,0.00,0.0
2025-07-19T02:00,26.8,77,22.5,30.4,11.1,11,0.00,0.0
2025-07-19T03:00,26.5,80,22.8,30.3,10.4,47,0.00,0.0
2025-07-19T04:00,26.4,82,23.0,30.3,10.5,100,0.00,0.0
2025-07-19T05:00,26.1,83,23.0,30.1,10.5,100,0.00,0.0
2025-07-19T06:00,25.9,84,23.0,29.9,9.9,99,0.00,0.0
2025-07-19T07:00,25.8,84,22.8,29.7,9.9,17,0.00,6.0
2025-07-19T08:00,26.4,82,23.0,30.6,8.4,23,0.00,102.0
2025-07-19T09:00,27.4,77,23.0,31.5,9.4,68,0.00,214.0
2025-07-19T10:00,29.0,70,23.0,32.8,11.6,77,0.00,421.0
2025-07-19T11:00,31.1,59,22.3,35.3,11.2,97,0.00,673.0
2025-07-19T12:00,33.0,50,21.2,37.3,11.7,94,0.00,816.0
2025-07-19T13:00,34.6,42,19.7,38.3,13.4,93,0.00,904.0
2025-07-19T14:00,35.8,36,18.4,38.8,13.8,56,0.00,923.0
2025-07-19T15:00,36.2,34,17.7,38.4,14.2,12,0.00,836.0
2025-07-19T16:00,36.5,34,17.9,38.3,15.8,8,0.00,802.0
2025-07-19T17:00,36.1,35,18.1,37.3,16.1,20,0.00,669.0
2025-07-19T18:00,35.2,36,17.9,35.6,17.1,16,0.00,471.0
2025-07-19T19:00,34.3,35,16.7,34.1,17.8,8,0.00,319.0
2025-07-19T20:00,32.0,52,20.9,33.9,16.9,6,0.00,128.0
2025-07-19T21:00,30.8,58,21.5,33.5,13.7,16,0.00,12.0
2025-07-19T22:00,30.1,59,21.2,32.7,13.1,85,0.00,0.0
2025-07-19T23:00,29.7,59,21.0,32.3,12.1,100,0.00,0.0
2025-07-20T00:00,29.5,59,20.6,31.7,13.3,100,0.00,0.0
2025-07-20T01:00,28.9,62,20.9,31.4,12.2,99,0.00,0.0
2025-07-20T02:00,28.4,65,21.2,30.9,13.3,85,0.00,0.0
2025-07-20T03:00,27.8,68,21.4,30.5,12.6,71,0.00,0.0
2025-07-20T04:00,27.5,70,21.5,30.1,13.4,19,0.00,0.0
2025-07-20T05:00,27.2,72,21.6,30.0,13.2,0,0.00,0.0
2025-07-20T06:00,26.9,72,21.5,29.7,12.9,3,0.00,0.0
2025-07-20T07:00,26.8,71,21.1,29.2,13.5,0,0.00,5.0
2025-07-20T08:00,27.2,73,21.9,30.3,11.8,0,0.00,108.0
2025-07-20T09:00,28.5,68,22.1,31.5,13.2,1,0.00,294.0
2025-07-20T10:00,30.0,64,22.5,33.1,14.7,4,0.00,489.0
2025-07-20T11:00,31.7,57,22.2,35.1,15.4,7,0.00,662.0
2025-07-20T12:00,33.4,51,21.8,37.0,17.0,65,0.00,803.0
2025-07-20T13:00,34.3,48,21.9,38.1,19.4,25,0.00,904.0
2025-07-20T14:00,34.8,46,21.4,38.3,19.0,19,0.00,899.0
2025-07-20T15:00,35.3,44,21.1,38.6,17.6,17,0.00,830.0
2025-07-20T16:00,35.9,40,20.1,38.3,17.8,10,0.00,774.0
2025-07-20T17:00,35.7,39,19.8,37.3,18.4,7,0.00,668.0
2025-07-20T18:00,35.3,39,19.3,36.1,18.8,8,0.00,502.0
2025-07-20T19:00,34.8,38,18.4,35.0,19.8,7,0.00,319.0
2025-07-20T20:00,32.8,50,21.0,34.7,17.1,31,0.00,117.0
2025-07-20T21:00,31.9,53,21.0,33.8,16.6,28,0.00,10.0
2025-07-20T22:00,31.0,56,21.4,33.5,14.7,45,0.00,0.0
2025-07-20T23:00,30.4,59,21.4,32.6,15.8,26,0.00,0.0
2025-07-21T00:00,29.7,62,21.6,32.0,16.7,5,0.00,0.0
2025-07-21T01:00,29.0,65,21.8,31.4,17.1,6,0.00,0.0
2025-07-21T02:00,28.4,68,21.9,30.9,15.5,0,0.00,0.0
2025-07-21T03:00,27.8,71,22.1,30.7,14.4,0,0.00,0.0
2025-07-21T04:00,27.3,74,22.2,30.3,13.9,0,0.00,0.0
2025-07-21T05:00,26.9,76,22.2,29.7,14.6,0,0.00,0.0
2025-07-21T06:00,26.5,77,22.0,29.4,13.9,0,0.00,0.0
2025-07-21T07:00,26.2,78,22.0,29.2,13.4,0,0.00,5.0
2025-07-21T08:00,26.3,79,22.4,29.4,13.8,2,0.00,107.0
2025-07-21T09:00,27.9,71,22.2,30.0,20.4,6,0.00,293.0
2025-07-21T10:00,29.6,63,21.9,31.8,18.8,9,0.00,472.0
2025-07-21T11:00,31.5,57,21.8,34.2,17.8,3,0.00,665.0
2025-07-21T12:00,33.2,51,21.8,37.0,16.2,2,0.00,816.0
2025-07-21T13:00,34.8,46,21.5,39.1,15.5,0,0.00,913.0
2025-07-21T14:00,36.2,41,21.0,40.3,15.7,3,0.00,951.0
2025-07-21T15:00,36.8,38,20.0,40.3,16.0,7,0.00,912.0
2025-07-21T16:00,37.2,35,19.1,39.7,16.1,3,0.00,817.0
2025-07-21T17:00,37.2,34,18.5,38.6,17.1,0,0.00,691.0
2025-07-21T18:00,36.8,34,18.5,37.2,18.2,1,0.00,531.0
2025-07-21T19:00,35.8,36,18.5,36.2,18.2,1,0.00,333.0
2025-07-21T20:00,34.0,44,20.0,35.3,17.5,2,0.00,137.0
2025-07-21T21:00,32.9,48,20.5,34.6,16.0,3,0.00,11.0
2025-07-21T22:00,32.0,52,20.9,33.8,16.6,0,0.00,0.0
2025-07-21T23:00,31.0,56,21.1,33.1,16.6,0,0.00,0.0
2025-07-22T00:00,30.5,58,21.4,33.0,13.7,68,0.00,0.0
2025-07-22T01:00,29.8,61,21.5,32.7,12.4,92,0.00,0.0
2025-07-22T02:00,29.4,62,21.5,32.2,12.5,100,0.00,0.0
2025-07-22T03:00,28.8,64,21.3,31.2,14.3,89,0.00,0.0
2025-07-22T04:00,28.2,66,21.1,30.7,13.6,3,0.00,0.0
2025-07-22T05:00,27.4,69,21.2,30.1,12.3,1,0.00,0.0
2025-07-22T06:00,26.6,73,21.4,29.5,11.4,0,0.00,0.0
2025-07-22T07:00,25.9,76,21.5,28.9,11.1,0,0.00,5.0
2025-07-22T08:00,25.9,76,21.4,29.0,9.9,9,0.00,109.0
2025-07-22T09:00,27.2,72,21.9,30.5,11.0,0,0.00,305.0
2025-07-22T10:00,29.2,65,22.0,32.4,11.4,6,0.00,510.0
2025-07-22T11:00,31.4,55,21.2,34.8,12.5,39,0.00,691.0
2025-07-22T12:00,33.5,43,19.4,36.4,14.6,71,0.00,838.0
2025-07-22T13:00,35.5,33,16.8,37.9,13.9,87,0.00,930.0
2025-07-22T14:00,36.3,33,17.2,39.0,14.4,98,0.00,972.0
2025-07-22T15:00,37.0,32,17.3,39.4,14.7,34,0.00,920.0
2025-07-22T16:00,37.5,26,14.6,38.1,16.2,65,0.00,839.0
2025-07-22T17:00,36.3,32,16.8,36.4,16.0,94,0.00,541.0
2025-07-22T18:00,35.8,35,17.7,36.2,15.6,97,0.00,405.0
2025-07-22T19:00,35.2,38,18.5,36.1,15.3,40,0.00,324.0
2025-07-22T20:00,33.2,48,20.8,35.2,15.7,89,0.00,122.0
2025-07-22T21:00,32.5,50,20.9,34.8,14.4,73,0.00,10.0
2025-07-22T22:00,31.9,54,21.4,34.6,12.7,55,0.00,0.0
2025-07-22T23:00,31.1,56,21.2,33.8,12.2,69,0.00,0.0
2025-07-23T00:00,30.6,56,20.8,33.2,11.6,95,0.00,0.0
2025-07-23T01:00,30.1,56,20.5,32.7,11.0,100,0.00,0.0
2025-07-23T02:00,29.8,57,20.5,32.2,11.4,100,0.00,0.0
2025-07-23T03:00,29.3,59,20.4,31.5,12.6,100,0.00,0.0
2025-07-23T04:00,28.7,61,20.5,31.0,12.3,100,0.00,0.0
2025-07-23T05:00,27.9,66,20.8,30.4,11.5,4,0.00,0.0
2025-07-23T06:00,27.2,70,21.3,30.0,12.1,0,0.00,0.0
2025-07-23T07:00,26.7,74,21.7,29.7,12.3,18,0.00,4.0
2025-07-23T08:00,26.5,77,22.2,30.2,9.0,1,0.00,103.0
2025-07-23T09:00,28.0,72,22.4,31.6,9.9,4,0.00,293.0
2025-07-23T10:00,29.8,64,22.2,33.3,10.6,3,0.00,488.0
2025-07-23T11:00,31.8,56,22.0,35.7,12.1,0,0.00,675.0
2025-07-23T12:00,33.7,48,21.3,37.8,13.2,1,0.00,821.0
2025-07-23T13:00,35.4,40,19.9,39.1,14.1,7,0.00,917.0
2025-07-23T14:00,36.8,34,18.1,39.7,14.6,0,0.00,958.0
2025-07-23T15:00,37.4,30,17.0,39.5,16.5,0,0.00,944.0
2025-07-23T16:00,37.5,29,16.4,38.8,17.2,0,0.00,859.0
2025-07-23T17:00,37.4,28,15.9,37.6,17.9,0,0.00,719.0
2025-07-23T18:00,36.9,29,16.1,36.4,18.0,0,0.00,537.0
2025-07-23T19:00,36.0,33,17.0,35.9,17.7,0,0.00,335.0
2025-07-23T20:00,34.2,43,19.8,35.5,16.4,3,0.00,131.0
2025-07-23T21:00,33.1,46,20.0,35.0,13.7,1,0.00,10.0
2025-07-23T22:00,32.4,48,20.0,34.6,11.4,0,0.00,0.0
2025-07-23T23:00,31.5,52,20.4,33.8,12.0,1,0.00,0.0
2025-07-24T00:00,30.8,53,20.0,32.8,12.4,1,0.00,0.0
2025-07-24T01:00,30.4,54,20.0,32.3,13.0,1,0.00,0.0
2025-07-24T02:00,29.6,58,20.5,31.9,12.1,0,0.00,0.0
2025-07-24T03:00,29.1,61,20.8,31.6,11.9,0,0.00,0.0
2025-07-24T04:00,28.9,62,21.0,31.5,11.4,0,0.00,0.0
2025-07-24T05:00,28.4,64,21.0,31.2,10.8,0,0.00,0.0
2025-07-24T06:00,27.9,67,21.2,31.0,9.7,0,0.00,0.0
2025-07-24T07:00,27.4,70,21.4,30.6,9.4,0,0.00,4.0
2025-07-24T08:00,27.3,74,22.1,31.1,8.1,0,0.00,105.0
2025-07-24T09:00,28.9,67,22.0,32.6,8.1,0,0.00,295.0
2025-07-24T10:00,30.9,56,21.2,34.1,8.7,0,0.00,498.0
2025-07-24T11:00,33.0,47,20.2,36.2,10.8,0,0.00,683.0
2025-07-24T12:00,35.2,38,18.5,38.2,11.5,0,0.00,831.0
2025-07-24T13:00,36.9,31,17.1,40.0,10.8,0,0.00,926.0
2025-07-24T14:00,38.0,28,16.4,41.1,10.6,0,0.00,964.0
2025-07-24T15:00,38.7,27,16.2,41.3,11.6,0,0.00,938.0
2025-07-24T16:00,38.6,27,16.5,40.6,12.5,1,0.00,836.0
2025-07-24T17:00,38.3,28,16.6,39.5,13.1,1,0.00,705.0
2025-07-24T18:00,37.7,28,16.2,37.9,13.0,2,0.00,524.0
2025-07-24T19:00,36.8,29,15.9,36.7,13.6,3,0.00,323.0
2025-07-24T20:00,34.7,38,18.0,35.5,13.9,2,0.00,134.0
2025-07-24T21:00,33.7,41,18.6,35.1,12.3,2,0.00,10.0
2025-07-24T22:00,32.8,44,18.9,34.6,10.1,2,0.00,0.0
2025-07-24T23:00,31.9,45,18.6,33.8,8.3,2,0.00,0.0
2025-07-25T00:00,31.1,47,18.4,32.9,8.5,2,0.00,0.0
2025-07-25T01:00,30.3,49,18.5,32.3,8.0,19,0.00,0.0
2025-07-25T02:00,29.6,52,18.7,31.8,6.9,90,0.00,0.0
2025-07-25T03:00,29.0,55,18.9,31.4,5.6,90,0.00,0.0
2025-07-25T04:00,28.3,57,19.0,30.7,6.2,100,0.00,0.0
2025-07-25T05:00,27.6,59,19.0,30.2,5.6,64,0.00,0.0
2025-07-25T06:00,27.0,62,19.0,29.8,4.0,10,0.00,0.0
2025-07-25T07:00,26.8,63,19.1,29.4,5.6,9,0.00,4.0
2025-07-25T08:00,26.9,64,19.6,29.8,5.2,92,0.00,102.0
2025-07-25T09:00,28.9,59,20.0,31.7,6.7,47,0.00,287.0
2025-07-25T10:00,31.1,53,20.4,34.1,7.6,5,0.00,444.0
2025-07-25T11:00,33.7,44,19.9,36.8,9.8,28,0.00,682.0
2025-07-25T12:00,35.7,35,18.0,38.7,10.2,60,0.00,826.0
2025-07-25T13:00,37.0,30,16.8,40.0,10.2,62,0.00,918.0
2025-07-25T14:00,37.8,28,16.0,40.7,10.6,10,0.00,952.0
2025-07-25T15:00,38.2,27,15.8,40.7,11.0,36,0.00,911.0
2025-07-25T16:00,38.3,26,15.4,40.2,10.7,42,0.00,825.0
2025-07-25T17:00,38.5,24,14.1,39.3,8.9,9,0.00,687.0
2025-07-25T18:00,38.1,23,13.1,37.8,8.8,33,0.00,520.0
2025-07-25T19:00,37.5,22,12.4,36.9,9.1,100,0.00,329.0
2025-07-25T20:00,34.6,38,18.4,35.7,13.4,71,0.00,123.0
2025-07-25T21:00,33.3,44,19.5,35.2,12.3,99,0.00,9.0
2025-07-25T22:00,32.7,48,20.3,35.1,11.1,52,0.00,0.0
2025-07-25T23:00,32.0,51,20.8,35.0,8.3,100,0.00,0.0
2025-07-26T00:00,31.5,55,21.2,34.8,7.9,100,0.00,0.0
2025-07-26T01:00,30.7,59,21.9,34.2,9.0,99,0.00,0.0
2025-07-26T02:00,29.7,66,22.8,33.9,8.1,100,0.00,0.0
2025-07-26T03:00,29.0,72,23.4,33.5,8.4,99,0.00,0.0
2025-07-26T04:00,28.5,75,23.6,33.1,7.9,100,0.00,0.0
2025-07-26T05:00,28.1,76,23.5,32.7,8.3,100,0.00,0.0
2025-07-26T06:00,27.8,77,23.4,32.4,7.4,99,0.00,0.0
2025-07-26T07:00,27.5,78,23.2,31.9,7.8,100,0.00,3.0
2025-07-26T08:00,27.7,74,22.6,32.4,4.0,26,0.00,85.0
2025-07-26T09:00,29.3,67,22.5,33.6,6.3,6,0.00,278.0
2025-07-26T10:00,31.1,60,22.3,34.9,8.5,17,0.00,471.0
2025-07-26T11:00,32.2,56,22.2,36.4,9.7,77,0.10,633.0
2025-07-26T12:00,33.3,52,22.0,37.9,9.9,99,0.10,724.0
2025-07-26T13:00,33.9,49,21.7,38.1,11.0,98,0.10,741.0
2025-07-26T14:00,34.3,47,21.5,38.7,11.1,99,0.00,788.0
2025-07-26T15:00,35.0,46,21.8,39.4,11.8,99,0.00,795.0
2025-07-26T16:00,33.8,49,21.6,37.3,14.6,100,0.00,711.0
2025-07-26T17:00,29.9,68,23.2,34.6,6.2,100,3.70,248.0
2025-07-26T18:00,30.4,66,23.4,34.8,8.8,100,0.00,163.0
2025-07-26T19:00,30.4,65,23.0,34.5,9.2,100,0.00,179.0
2025-07-26T20:00,29.5,71,23.6,34.5,6.3,100,0.40,60.0
2025-07-26T21:00,29.7,70,23.6,34.6,7.0,100,0.00,7.0
2025-07-26T22:00,30.2,65,23.0,34.4,9.0,98,0.00,0.0
2025-07-26T23:00,30.1,61,21.8,32.7,15.1,95,0.00,0.0
2025-07-27T00:00,29.4,63,21.6,31.7,15.8,98,0.00,0.0
2025-07-27T01:00,28.6,66,21.6,31.0,15.6,10,0.00,0.0
2025-07-27T02:00,28.1,69,22.0,30.8,15.0,94,0.00,0.0
2025-07-27T03:00,27.6,71,21.9,30.3,15.4,95,0.00,0.0
2025-07-27T04:00,27.3,73,22.0,30.0,14.9,100,0.00,0.0
2025-07-27T05:00,27.0,75,22.0,30.0,13.2,100,0.00,0.0
2025-07-27T06:00,26.6,76,22.0,29.8,12.3,100,0.00,0.0
2025-07-27T07:00,26.5,76,21.9,29.5,12.3,100,0.00,3.0
2025-07-27T08:00,26.5,79,22.5,29.8,13.0,100,0.00,85.0
2025-07-27T09:00,28.0,70,22.0,30.4,17.1,100,0.00,249.0
2025-07-27T10:00,29.9,61,21.6,32.5,13.7,32,0.00,430.0
2025-07-27T11:00,31.4,56,21.5,34.6,11.5,87,0.00,607.0
2025-07-27T12:00,32.7,49,20.6,35.5,13.4,85,0.00,658.0
2025-07-27T13:00,34.5,41,19.4,37.7,13.1,59,0.00,844.0
2025-07-27T14:00,35.7,35,18.0,38.3,12.0,36,0.00,811.0
2025-07-27T15:00,36.3,34,17.8,38.5,13.6,30,0.00,800.0
2025-07-27T16:00,35.7,37,18.8,38.2,11.9,63,0.00,720.0
2025-07-27T17:00,35.8,37,18.9,37.4,11.5,47,0.00,491.0
2025-07-27T18:00,35.9,36,18.7,37.3,12.4,56,0.00,446.0
2025-07-27T19:00,35.2,37,18.2,36.3,12.9,58,0.00,264.0
2025-07-27T20:00,34.0,38,17.7,35.3,9.9,42,0.00,80.0
2025-07-27T21:00,32.5,44,18.8,34.2,10.4,68,0.00,8.0
2025-07-27T22:00,31.0,53,20.5,33.3,12.3,15,0.00,0.0
2025-07-27T23:00,30.2,58,21.0,32.9,11.6,1,0.00,0.0
2025-07-28T00:00,29.4,65,22.1,32.6,12.1,5,0.00,0.0
2025-07-28T01:00,28.7,69,22.4,32.2,11.3,13,0.00,0.0
2025-07-28T02:00,28.2,71,22.4,31.8,10.5,99,0.00,0.0
2025-07-28T03:00,27.8,73,22.5,31.5,10.3,100,0.00,0.0
2025-07-28T04:00,27.4,75,22.6,31.2,10.2,96,0.00,0.0
2025-07-28T05:00,27.0,77,22.6,30.7,10.2,5,0.00,0.0
2025-07-28T06:00,26.6,78,22.5,30.3,10.2,0,0.00,0.0
2025-07-28T07:00,26.4,78,22.4,30.1,9.9,0,0.00,3.0
2025-07-28T08:00,26.5,80,22.9,30.8,7.5,34,0.00,95.0
2025-07-28T09:00,28.1,73,22.8,32.3,8.1,0,0.00,280.0
2025-07-28T10:00,30.0,65,22.6,34.1,8.3,0,0.00,480.0
2025-07-28T11:00,32.0,55,21.8,36.1,8.7,0,0.00,663.0
2025-07-28T12:00,33.7,47,20.8,38.2,8.5,0,0.00,809.0
2025-07-28T13:00,35.0,42,20.0,39.8,8.1,1,0.00,905.0
2025-07-28T14:00,36.1,38,19.4,40.8,8.1,7,0.00,944.0
2025-07-28T15:00,36.9,34,18.6,40.9,8.5,9,0.00,887.0
2025-07-28T16:00,37.3,32,18.0,40.4,8.6,8,0.00,801.0
2025-07-28T17:00,37.3,32,17.6,39.5,8.3,7,0.00,661.0
2025-07-28T18:00,37.1,32,17.5,38.6,8.0,9,0.00,505.0
2025-07-28T19:00,36.4,33,17.5,37.6,10.0,7,0.00,313.0
2025-07-28T20:00,34.4,41,19.4,36.4,10.3,8,0.00,111.0
2025-07-28T21:00,33.5,44,19.5,35.5,11.0,0,0.00,7.0
2025-07-28T22:00,32.4,48,20.1,34.6,11.8,0,0.00,0.0
2025-07-28T23:00,31.6,51,20.1,34.5,7.4,0,0.00,0.0
2025-07-29T00:00,30.9,53,20.4,34.1,5.8,0,0.00,0.0
2025-07-29T01:00,30.0,57,20.5,33.0,7.2,0,0.00,0.0
2025-07-29T02:00,29.2,58,20.2,32.1,7.6,0,0.00,0.0
2025-07-29T03:00,28.6,58,19.5,31.3,6.6,0,0.00,0.0
2025-07-29T04:00,28.2,58,19.2,30.7,6.9,0,0.00,0.0
2025-07-29T05:00,27.9,60,19.5,30.5,6.6,0,0.00,0.0
2025-07-29T06:00,27.5,64,20.0,30.3,6.6,0,0.00,0.0
2025-07-29T07:00,27.1,66,20.3,30.0,7.4,0,0.00,3.0
2025-07-29T08:00,27.0,73,21.7,30.9,5.8,0,0.00,96.0
2025-07-29T09:00,28.8,65,21.6,32.8,4.7,0,0.00,286.0
2025-07-29T10:00,30.8,58,21.5,34.8,4.3,0,0.00,489.0
2025-07-29T11:00,33.0,49,21.0,37.5,4.4,0,0.00,673.0
2025-07-29T12:00,35.0,40,19.4,39.7,4.0,0,0.00,820.0
2025-07-29T13:00,36.2,35,18.5,41.2,3.3,0,0.00,916.0
2025-07-29T14:00,37.1,33,18.0,41.8,4.8,0,0.00,954.0
2025-07-29T15:00,37.8,30,17.5,41.7,7.6,2,0.00,929.0
2025-07-29T16:00,38.0,29,17.1,40.9,9.0,9,0.00,824.0
2025-07-29T17:00,37.9,28,16.5,39.6,9.2,8,0.00,680.0
2025-07-29T18:00,37.7,27,15.7,38.4,8.4,6,0.00,499.0
2025-07-29T19:00,37.4,26,14.9,37.8,8.2,6,0.00,293.0
2025-07-29T20:00,35.3,37,18.2,36.6,12.1,22,0.00,111.0
2025-07-29T21:00,34.2,40,18.7,36.2,8.9,7,0.00,7.0
2025-07-29T22:00,33.5,42,18.8,35.4,9.6,1,0.00,0.0
2025-07-29T23:00,32.7,43,18.6,34.5,9.4,1,0.00,0.0
2025-07-30T00:00,31.7,47,18.9,34.0,6.5,1,0.00,0.0
2025-07-30T01:00,30.6,52,19.5,33.7,3.8,0,0.00,0.0
2025-07-30T02:00,29.9,55,19.8,33.1,3.8,0,0.00,0.0
2025-07-30T03:00,29.5,56,19.6,32.4,4.7,0,0.00,0.0
2025-07-30T04:00,28.8,57,19.5,31.8,4.3,0,0.00,0.0
2025-07-30T05:00,28.1,60,19.6,31.3,3.7,0,0.00,0.0
2025-07-30T06:00,27.6,61,19.5,30.8,3.4,0,0.00,0.0
2025-07-30T07:00,27.4,60,19.0,30.1,3.9,0,0.00,2.0
2025-07-30T08:00,27.3,56,17.6,29.3,5.1,0,0.00,97.0
2025-07-30T09:00,29.7,45,16.6,31.6,2.7,0,0.00,289.0
2025-07-30T10:00,32.5,37,15.9,34.1,2.0,2,0.00,495.0
2025-07-30T11:00,35.3,30,14.9,37.3,3.1,17,0.00,681.0
2025-07-30T12:00,37.0,27,14.9,39.8,4.0,97,0.00,828.0
2025-07-30T13:00,38.0,26,14.9,41.0,6.2,88,0.00,920.0
2025-07-30T14:00,38.7,24,14.6,41.5,8.1,100,0.00,957.0
2025-07-30T15:00,39.1,23,14.4,41.3,9.9,19,0.00,929.0
2025-07-30T16:00,39.2,23,14.1,40.5,11.6,35,0.00,845.0
2025-07-30T17:00,38.8,23,13.9,39.1,12.3,100,0.00,703.0
2025-07-30T18:00,38.3,23,13.6,38.0,9.9,100,0.00,521.0
2025-07-30T19:00,37.6,24,13.3,37.3,9.3,99,0.00,321.0
2025-07-30T20:00,36.3,25,12.9,35.7,11.0,98,0.00,115.0
2025-07-30T21:00,35.5,25,12.2,34.9,8.4,94,0.00,7.0
2025-07-30T22:00,34.5,24,11.4,34.0,6.8,100,0.00,0.0
2025-07-30T23:00,33.8,26,11.6,33.5,5.4,95,0.00,0.0
2025-07-31T00:00,32.8,30,12.8,32.8,5.8,87,0.00,0.0
2025-07-31T01:00,31.9,35,14.3,32.2,7.5,95,0.00,0.0
2025-07-31T02:00,31.1,36,14.4,31.7,6.1,43,0.00,0.0
2025-07-31T03:00,30.1,39,14.6,31.0,4.3,23,0.00,0.0
2025-07-31T04:00,29.5,40,14.6,30.4,4.6,38,0.00,0.0
2025-07-31T05:00,29.0,42,14.9,29.9,5.2,1,0.00,0.0
2025-07-31T06:00,28.5,44,15.1,29.5,4.6,0,0.00,0.0
2025-07-31T07:00,28.2,45,15.2,29.3,4.6,0,0.00,2.0
2025-07-31T08:00,28.1,47,15.8,29.5,4.5,2,0.00,95.0
2025-07-31T09:00,30.1,41,15.6,31.3,5.1,63,0.00,286.0
2025-07-31T10:00,32.7,34,14.9,33.9,2.6,67,0.00,490.0
2025-07-31T11:00,35.2,28,14.0,36.9,3.2,18,0.00,677.0
2025-07-31T12:00,37.4,24,13.1,39.9,2.3,2,0.00,825.0
2025-07-31T13:00,39.0,21,12.5,41.9,2.2,0,0.00,922.0
2025-07-31T14:00,39.8,20,12.5,43.0,2.4,0,0.00,958.0
2025-07-31T15:00,40.3,19,12.2,42.9,4.3,3,0.00,934.0
2025-07-31T16:00,40.7,18,12.0,42.2,5.7,17,0.00,827.0
2025-07-31T17:00,40.7,18,11.8,41.4,4.7,14,0.00,686.0
2025-07-31T18:00,40.5,18,11.8,40.6,2.9,8,0.00,472.0
2025-07-31T19:00,39.7,19,11.9,39.4,5.8,28,0.00,291.0
2025-07-31T20:00,38.2,21,11.9,37.7,7.6,22,0.00,103.0
2025-07-31T21:00,36.8,24,13.1,36.1,11.4,40,0.00,5.0
2025-07-31T22:00,35.8,27,14.1,36.3,6.3,45,0.00,0.0
2025-07-31T23:00,34.5,32,15.6,34.6,12.0,24,0.00,0.0
2025-08-01T00:00,30.7,49,18.7,31.9,13.9,25,0.00,0.0
2025-08-01T01:00,30.0,52,19.0,32.0,10.1,4,0.00,0.0
2025-08-01T02:00,29.5,55,19.5,31.9,8.4,2,0.00,0.0
2025-08-01T03:00,29.1,57,19.9,31.6,8.7,30,0.00,0.0
2025-08-01T04:00,28.9,60,20.2,31.8,7.1,3,0.00,0.0
2025-08-01T05:00,28.6,62,20.5,32.0,5.1,4,0.00,0.0
2025-08-01T06:00,28.2,63,20.6,31.5,6.3,0,0.00,0.0
2025-08-01T07:00,28.1,64,20.8,31.5,5.7,0,0.00,2.0
2025-08-01T08:00,27.1,70,21.3,30.9,5.1,99,0.00,63.0
2025-08-01T09:00,28.5,65,21.4,32.4,4.5,28,0.00,243.0
2025-08-01T10:00,29.9,60,21.4,33.9,3.8,50,0.00,405.0
2025-08-01T11:00,31.5,56,21.5,35.2,6.7,67,0.00,569.0
2025-08-01T12:00,32.3,53,21.6,36.2,8.8,100,0.00,628.0
2025-08-01T13:00,32.8,50,21.1,36.0,9.5,55,0.00,589.0
2025-08-01T14:00,35.0,42,20.0,39.4,8.2,17,0.00,854.0
2025-08-01T15:00,36.1,36,18.8,40.2,5.9,37,0.00,814.0
2025-08-01T16:00,33.2,46,19.9,36.5,9.9,80,0.90,719.0
2025-08-01T17:00,34.5,38,18.1,37.0,3.1,61,0.00,453.0
2025-08-01T18:00,34.5,38,18.1,36.6,6.1,54,0.00,436.0
2025-08-01T19:00,32.9,45,19.4,35.0,9.6,71,0.40,256.0
2025-08-01T20:00,30.0,61,21.7,33.9,5.2,81,0.00,51.0
2025-08-01T21:00,29.8,62,21.7,33.5,7.3,99,0.00,4.0
2025-08-01T22:00,29.7,62,21.5,32.8,10.4,63,0.00,0.0
2025-08-01T23:00,29.0,65,21.7,32.2,10.4,50,0.10,0.0
2025-08-02T00:00,26.0,87,23.8,30.5,10.7,98,3.20,0.0
2025-08-02T01:00,25.5,92,24.0,29.8,11.8,96,0.50,0.0
2025-08-02T02:00,25.0,93,23.8,29.5,10.5,83,0.30,0.0
2025-08-02T03:00,24.6,92,23.1,29.1,7.5,90,0.00,0.0
2025-08-02T04:00,24.6,92,23.2,29.0,8.1,100,0.00,0.0
2025-08-02T05:00,24.5,92,23.2,29.1,7.3,80,0.00,0.0
2025-08-02T06:00,24.4,93,23.1,28.8,7.8,39,0.00,0.0
2025-08-02T07:00,24.2,93,23.0,28.7,6.5,93,0.10,2.0
2025-08-02T08:00,24.7,86,22.2,29.4,2.6,27,0.00,70.0
2025-08-02T09:00,26.1,78,22.0,30.7,2.5,5,0.00,249.0
2025-08-02T10:00,27.8,71,22.0,32.5,1.7,8,0.00,478.0
2025-08-02T11:00,29.1,65,22.0,34.3,1.5,30,0.10,625.0
2025-08-02T12:00,29.9,62,21.8,35.0,4.7,36,0.30,713.0
2025-08-02T13:00,31.1,57,21.5,36.7,6.2,25,0.10,851.0
2025-08-02T14:00,32.0,52,20.9,37.3,7.1,15,0.00,893.0
2025-08-02T15:00,32.4,49,20.4,36.8,7.5,8,0.00,791.0
2025-08-02T16:00,32.6,48,20.0,36.5,7.3,12,0.00,725.0
2025-08-02T17:00,33.0,47,20.0,36.0,8.3,12,0.00,626.0
2025-08-02T18:00,32.8,46,19.8,35.1,9.2,10,0.00,481.0
2025-08-02T19:00,32.7,44,19.0,35.1,6.6,5,0.00,293.0
2025-08-02T20:00,31.0,54,20.5,33.8,9.4,24,0.00,102.0
2025-08-02T21:00,30.0,59,21.0,33.3,7.6,18,0.00,5.0
2025-08-02T22:00,29.5,61,21.1,32.6,9.4,0,0.00,0.0
2025-08-02T23:00,28.7,65,21.5,31.7,11.5,0,0.00,0.0
2025-08-03T00:00,27.9,71,22.1,31.4,10.1,0,0.00,0.0
2025-08-03T01:00,27.2,75,22.4,31.1,9.0,0,0.00,0.0
2025-08-03T02:00,26.6,78,22.5,30.9,6.5,4,0.00,0.0
2025-08-03T03:00,26.2,80,22.5,30.5,6.5,4,0.00,0.0
2025-08-03T04:00,25.8,82,22.5,30.0,6.6,4,0.00,0.0
2025-08-03T05:00,25.4,85,22.5,29.7,6.3,0,0.00,0.0
2025-08-03T06:00,25.0,87,22.6,29.3,6.5,0,0.00,0.0
2025-08-03T07:00,24.8,89,22.8,29.1,7.0,0,0.00,2.0
2025-08-03T08:00,25.6,87,23.3,30.3,7.0,41,0.00,85.0
2025-08-03T09:00,27.5,78,23.4,32.4,5.6,51,0.00,259.0
2025-08-03T10:00,29.4,70,23.3,34.5,3.8,100,0.00,454.0
2025-08-03T11:00,30.8,64,23.2,36.4,1.8,78,0.10,592.0
2025-08-03T12:00,32.1,57,22.5,37.6,3.9,100,0.10,687.0
2025-08-03T13:00,32.0,54,21.5,36.0,5.2,96,0.00,463.0
2025-08-03T14:00,32.7,50,20.8,35.4,11.0,55,0.00,555.0
2025-08-03T15:00,33.7,47,20.9,38.1,7.7,61,0.00,762.0
2025-08-03T16:00,34.5,45,20.8,38.9,5.6,34,0.00,712.0
2025-08-03T17:00,34.5,43,20.3,38.0,6.2,56,0.00,603.0
2025-08-03T18:00,32.4,48,20.0,35.1,8.1,81,0.10,364.0
2025-08-03T19:00,29.5,64,21.9,33.2,7.9,61,0.50,198.0
2025-08-03T20:00,30.5,61,22.1,34.7,4.9,77,0.00,92.0
2025-08-03T21:00,29.4,66,22.4,33.2,8.8,22,0.00,4.0
2025-08-03T22:00,28.2,71,22.5,31.8,10.4,25,0.00,0.0
2025-08-03T23:00,27.6,74,22.7,31.8,7.9,29,0.00,0.0
2025-08-04T00:00,27.2,77,22.8,31.3,8.8,8,0.00,0.0
2025-08-04T01:00,26.9,78,22.6,30.6,10.5,16,0.00,0.0
2025-08-04T02:00,26.4,77,22.0,30.5,6.1,100,0.30,0.0
2025-08-04T03:00,24.0,88,21.9,28.6,2.1,100,7.10,0.0
2025-08-04T04:00,24.0,88,22.0,27.7,8.4,100,0.20,0.0
2025-08-04T05:00,23.8,89,21.8,27.7,6.0,40,0.10,0.0
2025-08-04T06:00,23.4,90,21.6,27.4,5.2,93,0.00,0.0
2025-08-04T07:00,22.1,97,21.6,24.9,12.8,100,6.80,1.0
2025-08-04T08:00,22.0,86,19.5,25.0,4.3,100,0.20,61.0
2025-08-04T09:00,22.7,84,20.0,26.1,2.8,78,0.10,150.0
2025-08-04T10:00,24.5,78,20.5,27.9,4.9,1,0.00,408.0
2025-08-04T11:00,26.6,70,20.7,31.1,2.3,0,0.00,632.0
2025-08-04T12:00,28.1,66,21.2,33.5,5.1,1,0.00,800.0
2025-08-04T13:00,29.1,66,22.0,35.4,6.2,1,0.00,901.0
2025-08-04T14:00,30.4,59,21.6,36.8,5.2,6,0.00,934.0
2025-08-04T15:00,31.2,55,21.0,37.1,4.4,5,0.00,891.0
2025-08-04T16:00,31.8,51,20.3,36.8,4.7,3,0.00,817.0
2025-08-04T17:00,31.7,50,20.0,35.4,6.2,4,0.00,667.0
2025-08-04T18:00,31.5,51,20.0,34.2,7.3,2,0.00,494.0
2025-08-04T19:00,30.6,55,20.5,33.9,5.8,1,0.00,302.0
2025-08-04T20:00,29.0,63,21.4,32.5,7.7,3,0.00,108.0
2025-08-04T21:00,27.6,69,21.5,31.1,8.5,0,0.00,4.0
2025-08-04T22:00,26.9,74,21.8,30.7,7.0,0,0.00,0.0
2025-08-04T23:00,26.4,76,21.8,30.2,6.5,5,0.00,0.0
2025-08-05T00:00,26.0,77,21.7,29.8,6.3,1,0.00,0.0
2025-08-05T01:00,25.5,79,21.6,29.2,6.8,0,0.00,0.0
2025-08-05T02:00,25.0,82,21.6,29.0,5.3,0,0.00,0.0
2025-08-05T03:00,24.5,84,21.6,28.5,4.3,0,0.00,0.0
2025-08-05T04:00,24.1,85,21.5,28.1,4.0,0,0.00,0.0
2025-08-05T05:00,23.9,86,21.3,27.9,3.2,0,0.00,0.0
2025-08-05T06:00,23.6,87,21.3,27.8,2.3,0,0.00,0.0
2025-08-05T07:00,23.5,87,21.3,27.9,1.0,0,0.00,1.0
2025-08-05T08:00,24.3,88,22.1,29.0,2.2,2,0.00,86.0
2025-08-05T09:00,25.8,83,22.6,30.7,2.5,0,0.00,275.0
2025-08-05T10:00,27.5,74,22.5,32.2,3.4,1,0.00,480.0
2025-08-05T11:00,29.0,65,21.6,33.7,4.4,0,0.00,665.0
2025-08-05T12:00,30.0,59,21.0,35.2,5.4,0,0.00,813.0
2025-08-05T13:00,30.9,55,20.7,36.5,5.6,0,0.00,909.0
2025-08-05T14:00,31.6,52,20.5,37.3,5.8,0,0.00,946.0
2025-08-05T15:00,32.2,48,20.0,37.4,6.5,0,0.00,919.0
2025-08-05T16:00,32.5,47,19.9,37.0,7.0,0,0.00,832.0
2025-08-05T17:00,32.7,47,19.9,36.2,7.4,0,0.00,690.0
2025-08-05T18:00,32.5,47,19.9,35.0,8.7,0,0.00,509.0
2025-08-05T19:00,31.7,50,20.1,34.5,7.8,0,0.00,305.0
2025-08-05T20:00,29.9,58,20.7,32.9,8.0,0,0.00,109.0
2025-08-05T21:00,28.1,69,21.9,32.2,5.1,0,0.00,4.0
2025-08-05T22:00,27.4,73,22.0,31.5,5.2,0,0.00,0.0
2025-08-05T23:00,26.6,75,21.9,30.8,5.1,0,0.00,0.0
2025-08-06T00:00,26.1,75,21.4,29.8,6.1,0,0.00,0.0
2025-08-06T01:00,25.6,73,20.5,28.6,7.7,0,0.00,0.0
2025-08-06T02:00,25.3,72,20.0,28.0,7.8,0,0.00,0.0
2025-08-06T03:00,24.9,75,20.1,27.8,7.2,0,0.00,0.0
2025-08-06T04:00,24.6,78,20.5,27.8,6.2,0,0.00,0.0
2025-08-06T05:00,24.3,80,20.7,27.7,5.8,0,0.00,0.0
2025-08-06T06:00,24.0,83,20.9,27.5,5.4,0,0.00,0.0
2025-08-06T07:00,23.8,84,21.0,27.4,5.0,0,0.00,1.0
2025-08-06T08:00,24.9,83,21.8,28.9,5.4,0,0.00,85.0
2025-08-06T09:00,26.5,78,22.4,31.1,4.0,0,0.00,273.0
2025-08-06T10:00,28.4,72,23.0,33.2,4.3,0,0.00,477.0
2025-08-06T11:00,30.1,63,22.2,34.8,7.0,0,0.00,664.0
2025-08-06T12:00,31.4,55,21.3,36.2,8.6,0,0.00,812.0
2025-08-06T13:00,32.3,51,21.0,37.8,7.6,0,0.00,909.0
2025-08-06T14:00,33.3,47,20.4,38.7,7.3,0,0.00,947.0
2025-08-06T15:00,33.8,45,20.2,38.8,8.2,0,0.00,921.0
2025-08-06T16:00,34.2,42,19.5,38.3,8.7,0,0.00,834.0
2025-08-06T17:00,34.3,41,19.1,37.1,10.2,0,0.00,693.0
2025-08-06T18:00,33.8,40,18.5,35.2,11.3,0,0.00,512.0
2025-08-06T19:00,32.9,41,17.9,34.4,9.0,0,0.00,306.0
2025-08-06T20:00,31.0,51,19.8,33.6,7.1,0,0.00,107.0
2025-08-06T21:00,29.6,58,20.5,32.3,9.9,0,0.00,4.0
2025-08-06T22:00,28.6,62,20.6,31.5,9.3,0,0.00,0.0
2025-08-06T23:00,27.8,64,20.4,30.6,8.4,0,0.00,0.0
2025-08-07T00:00,26.9,69,20.6,30.1,6.6,0,0.00,0.0
2025-08-07T01:00,26.4,71,20.7,29.7,6.4,0,0.00,0.0
2025-08-07T02:00,25.6,75,20.9,29.2,5.2,0,0.00,0.0
2025-08-07T03:00,25.0,78,21.0,28.8,4.6,0,0.00,0.0
2025-08-07T04:00,24.9,77,20.6,28.3,5.5,0,0.00,0.0
2025-08-07T05:00,24.6,78,20.6,28.1,5.3,0,0.00,0.0
2025-08-07T06:00,24.6,78,20.6,28.0,6.0,0,0.00,0.0
2025-08-07T07:00,24.6,80,21.0,28.1,6.5,0,0.00,1.0
2025-08-07T08:00,25.9,84,22.9,30.4,6.4,0,0.00,82.0
2025-08-07T09:00,27.5,77,23.1,32.2,6.6,0,0.00,267.0
2025-08-07T10:00,29.4,71,23.5,34.1,7.0,0,0.00,471.0
2025-08-07T11:00,31.2,64,23.5,36.5,8.0,0,0.00,657.0
2025-08-07T12:00,33.1,54,22.7,38.5,9.8,0,0.00,805.0
2025-08-07T13:00,34.5,47,21.7,39.9,9.7,0,0.00,903.0
2025-08-07T14:00,35.5,43,21.0,40.9,8.6,1,0.00,939.0
2025-08-07T15:00,36.2,40,20.5,41.1,8.9,2,0.00,908.0
2025-08-07T16:00,36.5,38,20.0,40.6,9.3,0,0.00,825.0
2025-08-07T17:00,36.8,38,20.0,40.1,9.0,0,0.00,684.0
2025-08-07T18:00,36.5,39,20.1,39.0,9.4,0,0.00,503.0
2025-08-07T19:00,35.6,40,20.0,38.0,10.0,0,0.00,298.0
2025-08-07T20:00,33.1,52,21.8,36.6,9.2,1,0.00,102.0
2025-08-07T21:00,31.5,58,22.1,35.3,8.4,0,0.00,3.0
2025-08-07T22:00,30.6,61,22.1,34.4,8.5,0,0.00,0.0
2025-08-07T23:00,29.9,60,21.2,33.1,8.7,0,0.00,0.0
2025-08-08T00:00,29.1,60,20.5,32.0,8.4,0,0.00,0.0
2025-08-08T01:00,28.1,64,20.6,31.3,7.1,0,0.00,0.0
2025-08-08T02:00,27.5,66,20.5,30.6,7.5,0,0.00,0.0
2025-08-08T03:00,27.2,67,20.6,30.3,7.4,0,0.00,0.0
2025-08-08T04:00,26.6,70,20.8,29.9,6.7,0,0.00,0.0
2025-08-08T05:00,26.3,72,20.8,29.5,7.0,0,0.00,0.0
2025-08-08T06:00,26.1,72,20.8,29.3,7.6,0,0.00,0.0
2025-08-08T07:00,26.0,73,20.9,29.1,8.2,0,0.00,1.0
2025-08-08T08:00,26.4,78,22.2,30.3,7.4,0,0.00,82.0
2025-08-08T09:00,27.9,71,22.2,31.7,8.7,4,0.00,268.0
2025-08-08T10:00,29.8,65,22.4,33.6,8.9,0,0.00,472.0
2025-08-08T11:00,31.9,58,22.5,36.1,10.3,0,0.00,658.0
2025-08-08T12:00,34.0,48,21.3,38.0,12.8,0,0.00,806.0
2025-08-08T13:00,35.4,41,20.2,39.4,12.8,0,0.00,902.0
2025-08-08T14:00,36.4,38,19.7,40.4,12.6,0,0.00,939.0
2025-08-08T15:00,37.0,36,19.5,40.7,13.0,0,0.00,912.0
2025-08-08T16:00,37.3,35,19.5,40.5,13.5,0,0.00,823.0
2025-08-08T17:00,37.2,36,19.6,39.3,15.4,0,0.00,682.0
2025-08-08T18:00,36.8,36,19.4,38.0,15.4,0,0.00,499.0
2025-08-08T19:00,36.0,37,18.9,37.1,14.8,0,0.00,295.0
2025-08-08T20:00,35.0,41,19.8,36.7,14.1,3,0.00,100.0
2025-08-08T21:00,33.3,48,20.9,35.8,12.6,1,0.00,3.0
2025-08-08T22:00,32.2,51,20.9,34.5,13.1,0,0.00,0.0
2025-08-08T23:00,31.2,52,20.2,33.2,13.9,0,0.00,0.0
2025-08-09T00:00,30.7,54,20.3,33.0,12.0,0,0.00,0.0
2025-08-09T01:00,30.0,56,20.4,32.4,11.7,2,0.00,0.0
2025-08-09T02:00,29.5,58,20.2,31.8,11.3,1,0.00,0.0
2025-08-09T03:00,29.1,59,20.2,31.5,10.4,0,0.00,0.0
2025-08-09T04:00,28.7,60,20.1,30.9,12.1,0,0.00,0.0
2025-08-09T05:00,28.2,63,20.5,30.5,12.4,0,0.00,0.0
2025-08-09T06:00,27.9,65,20.7,30.4,11.2,0,0.00,0.0
2025-08-09T07:00,27.4,68,20.9,30.2,10.3,0,0.00,1.0
2025-08-09T08:00,27.4,70,21.4,30.6,9.1,30,0.00,79.0
2025-08-09T09:00,28.8,64,21.4,32.1,8.6,96,0.00,262.0
2025-08-09T10:00,30.9,56,21.1,34.1,8.5,53,0.00,459.0
2025-08-09T11:00,33.0,48,20.5,36.1,11.2,4,0.00,651.0
2025-08-09T12:00,34.9,40,19.5,38.2,11.7,26,0.00,802.0
2025-08-09T13:00,36.2,36,18.8,39.6,12.4,17,0.00,897.0
2025-08-09T14:00,37.1,33,18.4,40.2,13.8,0,0.00,935.0
2025-08-09T15:00,37.7,33,18.4,40.5,14.5,0,0.00,909.0
2025-08-09T16:00,37.6,33,18.5,39.7,16.7,4,0.00,816.0
2025-08-09T17:00,37.2,34,18.5,38.5,16.3,5,0.00,661.0
2025-08-09T18:00,36.8,34,18.4,37.5,16.2,4,0.00,489.0
2025-08-09T19:00,36.0,35,18.0,36.6,15.7,4,0.00,286.0
2025-08-09T20:00,34.0,43,19.6,35.2,17.0,4,0.00,98.0
2025-08-09T21:00,33.2,44,19.2,34.7,13.7,1,0.00,2.0
2025-08-09T22:00,32.8,46,19.8,34.8,12.3,0,0.00,0.0
2025-08-09T23:00,32.2,48,19.7,34.3,10.8,0,0.00,0.0
2025-08-10T00:00,31.3,50,19.8,33.4,10.9,0,0.00,0.0
2025-08-10T01:00,30.4,53,19.9,32.2,13.5,0,0.00,0.0
2025-08-10T02:00,29.5,59,20.8,31.8,13.0,0,0.00,0.0
2025-08-10T03:00,28.9,62,20.8,31.2,13.3,0,0.00,0.0
2025-08-10T04:00,28.2,63,20.5,30.5,12.8,0,0.00,0.0
2025-08-10T05:00,27.6,65,20.4,30.1,10.5,0,0.00,0.0
2025-08-10T06:00,27.1,67,20.4,29.8,9.4,0,0.00,0.0
2025-08-10T07:00,26.7,69,20.5,29.6,8.5,0,0.00,1.0
2025-08-10T08:00,26.7,74,21.7,30.3,8.0,0,0.00,78.0
2025-08-10T09:00,28.2,67,21.6,31.9,7.2,0,0.00,264.0
2025-08-10T10:00,30.4,59,21.4,33.8,7.7,0,0.00,469.0
2025-08-10T11:00,32.5,49,20.4,35.7,9.9,0,0.00,656.0
2025-08-10T12:00,34.0,42,19.5,37.5,10.9,0,0.00,805.0
2025-08-10T13:00,35.3,37,18.5,38.9,11.2,2,0.00,901.0
2025-08-10T14:00,36.2,34,17.7,39.8,9.8,22,0.00,934.0
2025-08-10T15:00,36.7,31,16.8,40.1,5.8,25,0.00,853.0
2025-08-10T16:00,36.5,30,16.2,38.1,9.5,18,0.00,692.0
2025-08-10T17:00,36.8,29,16.0,37.4,12.3,32,0.00,610.0
2025-08-10T18:00,36.0,31,16.2,36.1,14.3,44,0.00,420.0
2025-08-10T19:00,35.2,33,16.5,35.5,13.9,10,0.00,231.0
2025-08-10T20:00,33.8,39,18.0,35.0,11.8,54,0.00,73.0
2025-08-10T21:00,33.2,40,17.9,34.5,10.9,1,0.00,2.0
2025-08-10T22:00,32.3,44,18.7,33.5,14.5,0,0.00,0.0
2025-08-10T23:00,31.1,51,19.6,33.2,10.9,0,0.00,0.0
2025-08-11T00:00,30.2,56,20.4,32.4,12.7,0,0.00,0.0
2025-08-11T01:00,29.5,56,19.9,31.7,10.5,2,0.00,0.0
2025-08-11T02:00,28.9,57,19.6,31.5,7.2,9,0.00,0.0
2025-08-11T03:00,28.4,59,19.5,30.9,6.9,2,0.00,0.0
2025-08-11T04:00,27.9,60,19.5,30.5,6.7,0,0.00,0.0
2025-08-11T05:00,27.3,63,19.6,29.9,7.3,0,0.00,0.0
2025-08-11T06:00,26.8,66,20.0,29.7,6.4,0,0.00,0.0
2025-08-11T07:00,26.5,69,20.4,29.6,6.4,4,0.00,0.0
2025-08-11T08:00,26.8,74,21.8,30.7,6.1,26,0.00,70.0
2025-08-11T09:00,28.2,70,22.1,32.1,7.7,10,0.00,236.0
2025-08-11T10:00,30.1,62,22.1,34.4,5.2,3,0.00,445.0
2025-08-11T11:00,32.0,52,20.9,36.1,4.8,21,0.10,636.0
2025-08-11T12:00,33.2,45,19.9,37.0,7.7,36,0.00,741.0
2025-08-11T13:00,33.8,43,19.6,37.3,10.3,42,0.00,781.0
2025-08-11T14:00,34.7,39,18.7,38.2,8.7,26,0.00,813.0
2025-08-11T15:00,35.5,36,18.2,38.9,8.5,26,0.00,814.0
2025-08-11T16:00,35.8,34,17.6,38.5,8.6,31,0.00,767.0
2025-08-11T17:00,35.7,33,16.8,37.3,8.1,62,0.00,626.0
2025-08-11T18:00,34.9,33,16.1,36.4,4.0,66,0.00,361.0
2025-08-11T19:00,34.9,32,15.8,35.9,6.6,58,0.00,218.0
2025-08-11T20:00,33.9,38,17.7,35.6,7.1,56,0.00,83.0
2025-08-11T21:00,33.3,39,17.4,35.1,6.1,67,0.00,2.0
2025-08-11T22:00,32.7,39,17.0,34.0,7.5,64,0.00,0.0
2025-08-11T23:00,32.3,40,17.0,33.7,7.7,100,0.00,0.0
2025-08-12T00:00,31.5,43,17.4,32.9,8.2,97,0.00,0.0
2025-08-12T01:00,27.5,63,19.7,28.1,21.1,100,0.10,0.0
2025-08-12T02:00,26.1,74,21.1,29.8,5.4,29,0.70,0.0
2025-08-12T03:00,26.3,73,21.1,30.0,4.8,88,0.10,0.0
2025-08-12T04:00,26.4,72,20.9,30.2,3.3,95,0.00,0.0
2025-08-12T05:00,26.2,74,21.1,30.4,2.1,0,0.00,0.0
2025-08-12T06:00,25.9,79,22.0,30.5,2.2,65,0.00,0.0
2025-08-12T07:00,25.8,83,22.8,31.0,1.2,11,0.00,0.0
2025-08-12T08:00,26.8,73,21.5,30.4,7.2,100,0.00,64.0
2025-08-12T09:00,27.0,73,21.6,30.2,10.2,100,1.40,217.0
2025-08-12T10:00,25.9,80,22.2,30.1,6.0,99,2.50,277.0
2025-08-12T11:00,27.0,76,22.5,31.0,7.4,100,0.00,352.0
2025-08-12T12:00,28.9,68,22.3,33.5,6.7,100,0.00,631.0
2025-08-12T13:00,30.1,63,22.5,35.2,8.3,100,0.00,735.0
2025-08-12T14:00,31.1,61,22.6,37.2,7.7,84,0.20,873.0
2025-08-12T15:00,31.6,60,22.9,38.3,4.5,62,0.20,845.0
2025-08-12T16:00,31.9,59,22.8,37.4,5.6,75,0.20,709.0
2025-08-12T17:00,31.5,58,22.2,36.0,4.3,99,0.10,513.0
2025-08-12T18:00,29.0,68,22.5,33.6,3.9,100,1.60,241.0
2025-08-12T19:00,29.0,69,22.7,34.0,2.7,100,0.00,127.0
2025-08-12T20:00,28.9,62,20.9,32.0,8.2,100,0.00,29.0
2025-08-12T21:00,27.4,78,23.1,32.2,4.7,100,0.00,1.0
2025-08-12T22:00,26.8,82,23.4,31.6,6.1,100,0.00,0.0
2025-08-12T23:00,26.5,83,23.4,31.8,3.4,0,0.00,0.0
2025-08-13T00:00,26.1,84,23.2,31.1,4.1,69,0.00,0.0
2025-08-13T01:00,26.0,87,23.6,31.7,1.2,100,0.00,0.0
2025-08-13T02:00,26.0,86,23.5,31.8,0.3,99,0.00,0.0
2025-08-13T03:00,25.8,87,23.5,31.5,0.7,15,0.00,0.0
2025-08-13T04:00,25.6,88,23.4,31.2,1.0,6,0.00,0.0
2025-08-13T05:00,25.2,90,23.5,30.8,1.5,4,0.00,0.0
2025-08-13T06:00,25.0,91,23.5,30.7,0.4,3,0.00,0.0
2025-08-13T07:00,24.9,92,23.5,30.5,0.7,1,0.00,0.0
2025-08-13T08:00,24.9,85,22.1,28.9,6.3,37,0.00,61.0
2025-08-13T09:00,25.0,86,22.5,29.2,6.5,6,0.00,188.0
2025-08-13T10:00,26.6,78,22.5,31.0,5.4,50,0.00,437.0
2025-08-13T11:00,27.8,71,22.0,32.2,3.0,5,0.00,439.0
2025-08-13T12:00,29.8,61,21.3,35.0,5.1,10,0.00,784.0
2025-08-13T13:00,31.0,56,21.2,37.1,2.9,11,0.00,844.0
2025-08-13T14:00,32.0,54,21.5,38.6,2.7,4,0.00,896.0
2025-08-13T15:00,32.8,52,21.5,39.0,3.8,7,0.00,891.0
2025-08-13T16:00,33.2,51,21.5,38.5,6.1,11,0.00,803.0
2025-08-13T17:00,32.8,51,21.5,36.9,7.6,19,0.00,632.0
2025-08-13T18:00,31.9,51,20.5,34.9,7.5,57,0.50,458.0
2025-08-13T19:00,31.1,56,21.3,34.7,6.1,29,0.10,251.0
2025-08-13T20:00,30.2,62,22.1,34.4,6.0,31,0.00,75.0
2025-08-13T21:00,29.0,68,22.6,33.3,6.9,8,0.00,1.0
2025-08-13T22:00,28.4,72,22.8,32.7,6.6,4,0.00,0.0
2025-08-13T23:00,27.7,74,22.5,32.0,6.6,5,0.00,0.0
2025-08-14T00:00,27.1,75,22.4,31.4,6.0,1,0.00,0.0
2025-08-14T01:00,26.6,78,22.5,31.1,5.1,1,0.00,0.0
2025-08-14T02:00,26.1,81,22.7,30.8,4.4,0,0.00,0.0
2025-08-14T03:00,25.9,84,23.0,30.8,3.7,0,0.00,0.0
2025-08-14T04:00,26.0,83,22.8,30.4,6.1,0,0.00,0.0
2025-08-14T05:00,25.6,83,22.5,29.9,6.2,1,0.00,0.0
2025-08-14T06:00,25.2,79,21.3,28.4,9.2,18,0.00,0.0
2025-08-14T07:00,24.9,81,21.4,28.8,4.1,6,0.00,0.0
2025-08-14T08:00,25.8,83,22.6,30.6,2.9,0,0.00,71.0
2025-08-14T09:00,27.4,78,23.2,32.5,3.3,0,0.00,253.0
2025-08-14T10:00,29.2,72,23.6,34.2,6.4,4,0.00,458.0
2025-08-14T11:00,31.1,64,23.6,36.4,8.1,7,0.00,641.0
2025-08-14T12:00,30.7,61,22.4,35.0,13.0,67,0.60,751.0
2025-08-14T13:00,31.9,58,22.6,36.7,10.7,16,0.10,738.0
2025-08-14T14:00,33.5,48,21.2,38.5,10.2,14,0.00,882.0
2025-08-14T15:00,34.5,44,20.5,38.9,9.9,12,0.00,853.0
2025-08-14T16:00,34.8,42,19.9,38.2,10.0,22,0.00,727.0
2025-08-14T17:00,34.8,41,19.7,37.4,9.6,19,0.00,600.0
2025-08-14T18:00,34.4,42,19.8,36.6,10.3,11,0.00,436.0
2025-08-14T19:00,33.5,46,20.5,36.3,8.6,13,0.00,260.0
2025-08-14T20:00,33.0,50,21.1,36.2,8.4,25,0.00,82.0
2025-08-14T21:00,31.5,57,21.9,34.7,11.2,23,0.00,1.0
2025-08-14T22:00,30.6,59,21.7,33.9,9.9,33,0.00,0.0
2025-08-14T23:00,30.4,60,21.6,33.4,11.3,15,0.00,0.0
2025-08-15T00:00,29.6,63,21.8,33.3,7.8,2,0.00,0.0
2025-08-15T01:00,29.2,64,21.6,32.5,9.9,3,0.00,0.0
2025-08-15T02:00,29.0,64,21.5,32.2,9.8,0,0.00,0.0
2025-08-15T03:00,28.5,65,21.4,31.8,8.9,0,0.00,0.0
2025-08-15T04:00,28.1,67,21.4,31.4,9.2,0,0.00,0.0
2025-08-15T05:00,27.6,69,21.5,31.1,8.1,0,0.00,0.0
2025-08-15T06:00,27.0,72,21.6,30.7,6.9,1,0.00,0.0
2025-08-15T07:00,26.5,75,21.9,30.4,6.5,2,0.00,0.0
2025-08-15T08:00,26.9,79,23.0,31.2,8.7,0,0.00,69.0
2025-08-15T09:00,28.1,74,23.0,32.1,10.4,0,0.00,252.0
2025-08-15T10:00,29.7,68,23.1,33.6,11.5,0,0.00,456.0
2025-08-15T11:00,31.4,61,23.1,35.6,12.6,0,0.00,642.0
2025-08-15T12:00,33.2,53,22.4,37.7,12.8,1,0.00,788.0
2025-08-15T13:00,34.6,45,21.0,39.0,12.6,4,0.00,885.0
2025-08-15T14:00,35.7,40,20.2,39.7,13.0,11,0.00,905.0
2025-08-15T15:00,36.4,36,19.0,39.4,13.0,25,0.00,836.0
2025-08-15T16:00,36.7,33,17.9,38.6,12.4,66,0.00,708.0
2025-08-15T17:00,36.7,32,17.4,37.6,13.9,82,0.00,608.0
2025-08-15T18:00,36.2,33,17.5,36.5,15.9,31,0.00,424.0
2025-08-15T19:00,34.2,42,19.4,35.3,17.3,22,0.00,247.0
2025-08-15T20:00,33.0,48,20.5,35.4,11.7,59,0.00,78.0
2025-08-15T21:00,31.3,58,22.0,34.6,11.2,99,0.00,1.0
2025-08-15T22:00,30.7,60,22.0,34.2,9.7,15,0.00,0.0
2025-08-15T23:00,30.2,62,22.1,33.8,9.6,86,0.00,0.0
2025-08-16T00:00,29.6,66,22.6,33.5,9.6,100,0.00,0.0
2025-08-16T01:00,29.5,65,22.4,33.2,10.1,100,0.00,0.0
2025-08-16T02:00,29.3,64,21.8,32.7,9.7,93,0.00,0.0
2025-08-16T03:00,28.8,66,21.9,32.1,10.3,1,0.00,0.0
2025-08-16T04:00,28.2,70,22.1,31.8,9.1,0,0.00,0.0
2025-08-16T05:00,27.8,72,22.1,31.5,8.5,0,0.00,0.0
2025-08-16T06:00,27.3,74,22.2,31.1,8.7,0,0.00,0.0
2025-08-16T07:00,26.9,76,22.4,30.9,7.6,0,0.00,0.0
2025-08-16T08:00,26.7,79,22.7,30.7,9.0,0,0.00,68.0
2025-08-16T09:00,27.9,72,22.4,31.5,10.4,0,0.00,250.0
2025-08-16T10:00,29.4,64,22.0,32.9,9.6,1,0.00,454.0
2025-08-16T11:00,31.1,58,21.9,35.0,9.6,0,0.00,636.0
2025-08-16T12:00,32.7,51,21.2,36.9,11.2,3,0.00,783.0
2025-08-16T13:00,34.2,45,20.5,38.2,12.4,17,0.00,871.0
2025-08-16T14:00,35.0,41,19.7,38.4,14.1,23,0.00,870.0
2025-08-16T15:00,35.5,39,19.6,38.1,16.4,14,0.00,806.0
2025-08-16T16:00,35.7,38,19.3,37.7,17.2,11,0.00,760.0
2025-08-16T17:00,35.5,38,19.1,36.8,16.3,16,0.00,611.0
2025-08-16T18:00,35.3,39,19.4,36.6,15.7,24,0.00,445.0
2025-08-16T19:00,34.8,40,19.0,35.9,15.5,21,0.00,232.0
2025-08-16T20:00,32.0,50,20.2,34.8,7.9,18,0.00,73.0
2025-08-16T21:00,30.8,55,20.7,33.8,8.5,9,0.00,1.0
2025-08-16T22:00,30.1,58,21.0,33.6,6.4,4,0.00,0.0
2025-08-16T23:00,29.8,60,21.1,33.1,7.7,19,0.00,0.0
2025-08-17T00:00,29.4,62,21.4,32.8,7.8,38,0.00,0.0
2025-08-17T01:00,29.1,65,22.0,32.4,11.1,50,0.00,0.0
2025-08-17T02:00,28.9,69,22.5,32.7,9.8,43,0.00,0.0
2025-08-17T03:00,28.7,70,22.8,32.5,10.3,66,0.00,0.0
2025-08-17T04:00,28.5,71,22.8,32.4,10.1,48,0.00,0.0
2025-08-17T05:00,28.2,73,22.9,32.3,8.7,4,0.00,0.0
2025-08-17T06:00,27.9,75,23.0,32.2,7.7,20,0.00,0.0
2025-08-17T07:00,27.5,76,22.9,31.9,7.4,0,0.00,0.0
2025-08-17T08:00,27.4,77,23.0,31.7,8.6,91,0.00,54.0
2025-08-17T09:00,28.5,73,23.1,32.7,9.3,60,0.00,217.0
2025-08-17T10:00,30.1,65,22.8,34.3,8.1,38,0.00,413.0
2025-08-17T11:00,31.6,58,22.4,35.6,7.7,50,0.00,535.0
2025-08-17T12:00,33.2,51,21.5,37.2,8.2,46,0.00,656.0
2025-08-17T13:00,34.5,44,20.5,39.1,7.3,48,0.00,799.0
2025-08-17T14:00,35.3,41,20.2,39.5,7.6,75,0.00,768.0
2025-08-17T15:00,36.0,39,20.0,39.8,7.8,74,0.00,737.0
2025-08-17T16:00,36.3,37,19.5,39.2,9.1,97,0.00,654.0
2025-08-17T17:00,36.0,38,19.3,38.1,9.4,100,0.00,455.0
2025-08-17T18:00,35.0,39,19.0,37.0,9.3,99,0.00,250.0
2025-08-17T19:00,34.0,40,18.6,35.7,10.1,100,0.20,146.0
2025-08-17T20:00,33.4,47,20.4,36.0,9.8,97,0.00,65.0
2025-08-17T21:00,32.8,48,20.2,35.3,10.5,90,0.00,0.0
2025-08-17T22:00,32.0,50,20.4,34.7,8.9,83,0.00,0.0
2025-08-17T23:00,31.2,53,20.5,34.5,6.2,22,0.00,0.0
2025-08-18T00:00,30.9,54,20.5,34.2,5.7,4,0.00,0.0
2025-08-18T01:00,30.5,56,20.7,33.8,6.1,1,0.00,0.0
2025-08-18T02:00,30.0,58,20.8,33.4,5.9,0,0.00,0.0
2025-08-18T03:00,29.5,60,21.0,32.7,7.9,77,0.00,0.0
2025-08-18T04:00,29.1,62,21.1,32.4,7.6,17,0.00,0.0
2025-08-18T05:00,28.7,63,21.0,32.0,7.5,15,0.00,0.0
2025-08-18T06:00,28.4,64,20.8,31.7,6.2,4,0.00,0.0
2025-08-18T07:00,28.0,64,20.5,31.5,4.7,0,0.00,0.0
2025-08-18T08:00,28.6,65,21.4,32.4,5.2,3,0.00,65.0
2025-08-18T09:00,30.6,58,21.3,34.2,6.1,0,0.00,244.0
2025-08-18T10:00,32.2,52,21.0,34.9,11.0,26,0.00,446.0
2025-08-18T11:00,32.8,48,20.5,35.9,7.6,42,0.00,499.0
2025-08-18T12:00,34.3,42,19.7,37.6,3.6,54,0.00,572.0
2025-08-18T13:00,35.8,37,18.9,39.5,3.1,49,0.00,688.0
2025-08-18T14:00,37.2,33,18.2,41.1,4.3,49,0.00,794.0
2025-08-18T15:00,37.8,32,18.1,40.7,7.1,55,0.00,712.0
2025-08-18T16:00,38.0,32,18.2,40.7,8.9,58,0.00,715.0
2025-08-18T17:00,38.0,30,17.4,39.7,8.9,79,0.00,609.0
2025-08-18T18:00,37.5,29,16.6,38.3,10.3,73,0.00,427.0
2025-08-18T19:00,36.3,32,17.0,37.4,9.4,60,0.00,196.0
2025-08-18T20:00,35.9,34,17.5,37.7,6.2,24,0.00,60.0
2025-08-18T21:00,35.3,36,18.1,37.5,5.1,10,0.00,0.0
2025-08-18T22:00,34.3,40,18.6,36.2,9.2,2,0.00,0.0
2025-08-18T23:00,33.4,42,18.7,35.4,8.0,1,0.00,0.0
2025-08-19T00:00,32.5,45,19.2,34.9,7.1,0,0.00,0.0
2025-08-19T01:00,31.2,52,20.1,33.9,8.0,0,0.00,0.0
2025-08-19T02:00,30.1,60,21.5,33.7,6.9,0,0.00,0.0
2025-08-19T03:00,29.6,64,22.0,33.8,4.9,0,0.00,0.0
2025-08-19T04:00,29.1,65,21.9,33.5,3.0,0,0.00,0.0
2025-08-19T05:00,28.9,64,21.3,32.9,3.5,0,0.00,0.0
2025-08-19T06:00,28.4,64,21.0,32.2,3.1,15,0.00,0.0
2025-08-19T07:00,27.8,66,20.9,31.7,2.9,69,0.00,0.0
2025-08-19T08:00,28.5,65,21.2,32.7,1.8,0,0.00,64.0
2025-08-19T09:00,30.5,58,21.1,34.8,0.5,2,0.00,247.0
2025-08-19T10:00,33.0,50,21.0,37.0,2.3,21,0.00,451.0
2025-08-19T11:00,35.4,40,19.6,39.1,3.4,0,0.00,639.0
2025-08-19T12:00,37.2,33,18.1,41.0,4.6,2,0.00,786.0
2025-08-19T13:00,38.5,29,17.2,42.3,5.8,24,0.00,876.0
2025-08-19T14:00,39.5,27,17.0,42.7,6.5,34,0.00,836.0
2025-08-19T15:00,39.8,26,16.7,42.5,7.7,23,0.00,788.0
2025-08-19T16:00,40.2,25,16.5,42.4,8.5,15,0.00,746.0
2025-08-19T17:00,40.0,25,16.1,41.2,9.3,27,0.00,617.0
2025-08-19T18:00,39.3,25,15.6,39.7,10.8,30,0.00,402.0
2025-08-19T19:00,38.3,26,15.4,38.4,12.4,41,0.00,227.0
2025-08-19T20:00,36.0,36,18.8,37.7,10.7,41,0.00,67.0
2025-08-19T21:00,34.7,40,19.1,37.5,4.3,63,0.20,0.0
2025-08-19T22:00,32.9,47,20.0,36.0,5.5,41,0.10,0.0
2025-08-19T23:00,32.2,50,20.5,35.9,3.0,44,0.00,0.0
2025-08-20T00:00,31.5,54,21.0,35.0,6.1,15,0.00,0.0
2025-08-20T01:00,30.8,60,22.0,35.5,1.9,9,0.00,0.0
2025-08-20T02:00,30.2,67,23.4,35.8,1.3,11,0.00,0.0
2025-08-20T03:00,29.7,69,23.4,35.1,2.2,2,0.00,0.0
2025-08-20T04:00,29.3,73,23.9,35.3,0.2,1,0.00,0.0
2025-08-20T05:00,28.8,70,22.7,33.8,1.8,0,0.00,0.0
2025-08-20T06:00,28.3,72,22.7,32.8,5.7,0,0.00,0.0
2025-08-20T07:00,27.9,73,22.6,32.3,5.2,2,0.00,0.0
2025-08-20T08:00,23.6,94,22.6,27.6,8.9,100,13.10,6.0
2025-08-20T09:00,23.9,96,23.2,28.6,6.2,100,3.00,0.0
2025-08-20T10:00,24.4,94,23.4,29.6,3.6,100,2.00,51.0
2025-08-20T11:00,25.5,86,23.0,29.6,10.3,100,0.30,186.0
2025-08-20T12:00,26.2,85,23.5,30.7,8.6,100,0.40,298.0
2025-08-20T13:00,27.0,79,23.1,31.3,8.5,98,0.00,321.0
2025-08-20T14:00,28.8,70,22.9,33.6,10.3,100,0.00,723.0
2025-08-20T15:00,28.4,68,22.0,31.8,10.1,100,0.00,271.0
2025-08-20T16:00,28.8,67,22.0,32.4,9.4,43,0.00,348.0
2025-08-20T17:00,29.1,67,22.4,33.2,7.1,100,0.00,366.0
2025-08-20T18:00,28.9,69,22.6,33.4,5.2,100,0.00,221.0
2025-08-20T19:00,28.7,71,22.9,33.7,2.5,100,0.00,110.0
2025-08-20T20:00,30.8,65,23.3,35.8,4.4,13,0.00,64.0
2025-08-20T21:00,29.6,70,23.6,34.7,5.6,14,0.00,0.0
2025-08-20T22:00,29.1,71,23.4,34.1,5.0,18,0.00,0.0
2025-08-20T23:00,28.6,74,23.5,33.8,3.9,20,0.00,0.0
2025-08-21T00:00,28.4,78,24.2,34.4,2.1,12,0.00,0.0
2025-08-21T01:00,27.8,77,23.5,33.0,3.2,0,0.00,0.0
2025-08-21T02:00,27.2,79,23.2,32.0,6.2,0,0.00,0.0
2025-08-21T03:00,26.9,81,23.4,31.5,7.3,0,0.00,0.0
2025-08-21T04:00,26.5,84,23.5,31.2,7.0,0,0.00,0.0
2025-08-21T05:00,26.0,85,23.4,30.7,6.8,0,0.00,0.0
2025-08-21T06:00,25.7,86,23.2,30.4,6.4,0,0.00,0.0
2025-08-21T07:00,25.6,86,23.1,30.1,7.1,0,0.00,0.0
2025-08-21T08:00,25.1,84,22.4,29.5,5.0,8,0.00,45.0
2025-08-21T09:00,27.5,76,22.9,31.9,6.8,11,0.00,226.0
2025-08-21T10:00,29.6,64,22.1,33.5,7.2,22,0.00,420.0
2025-08-21T11:00,31.3,58,22.0,35.5,6.6,1,0.00,581.0
2025-08-21T12:00,33.0,50,21.4,37.9,7.0,6,0.00,767.0
2025-08-21T13:00,34.0,44,20.2,38.3,8.9,23,0.00,827.0
2025-08-21T14:00,34.5,42,19.5,38.2,10.0,18,0.00,829.0
2025-08-21T15:00,34.9,39,19.0,38.1,11.4,14,0.00,810.0
2025-08-21T16:00,34.2,40,18.9,36.9,9.4,34,0.00,679.0
2025-08-21T17:00,32.5,45,19.0,34.2,12.6,74,0.30,566.0
2025-08-21T18:00,31.8,50,20.1,35.0,5.1,21,0.20,359.0
2025-08-21T19:00,31.9,51,20.4,34.7,7.8,29,0.00,228.0
2025-08-21T20:00,30.8,52,20.0,33.8,5.6,62,0.00,59.0
2025-08-21T21:00,29.7,55,19.8,32.2,8.5,21,0.10,0.0
2025-08-21T22:00,29.0,58,20.0,32.0,5.6,1,0.00,0.0
2025-08-21T23:00,28.3,62,20.4,31.5,5.7,12,0.00,0.0
2025-08-22T00:00,28.0,66,21.1,32.1,2.7,1,0.00,0.0
2025-08-22T01:00,27.6,68,21.1,32.0,1.0,12,0.00,0.0
2025-08-22T02:00,26.9,72,21.4,31.0,3.1,6,0.00,0.0
2025-08-22T03:00,26.1,77,21.8,30.3,4.2,7,0.00,0.0
2025-08-22T04:00,25.9,79,21.9,30.1,4.2,17,0.00,0.0
2025-08-22T05:00,25.5,81,21.9,29.6,5.0,3,0.00,0.0
2025-08-22T06:00,25.0,82,21.9,29.1,5.5,2,0.00,0.0
2025-08-22T07:00,24.9,83,21.8,28.8,5.9,0,0.00,0.0
2025-08-22T08:00,23.9,93,22.7,28.0,8.4,93,0.80,41.0
2025-08-22T09:00,24.7,87,22.3,29.0,5.5,83,0.70,132.0
2025-08-22T10:00,26.4,76,21.9,30.2,7.2,100,0.00,270.0
2025-08-22T11:00,27.4,72,21.9,31.3,6.8,100,0.00,218.0
2025-08-22T12:00,29.1,61,20.8,32.5,6.0,92,0.00,372.0
2025-08-22T13:00,31.0,52,20.1,34.6,5.2,70,0.00,613.0
2025-08-22T14:00,32.5,47,19.8,37.8,3.3,22,0.00,860.0
2025-08-22T15:00,33.1,41,18.1,37.0,4.6,19,0.10,806.0
2025-08-22T16:00,33.6,38,17.5,36.8,4.7,17,0.10,741.0
2025-08-22T17:00,33.8,36,16.9,35.5,6.0,59,0.10,587.0
2025-08-22T18:00,33.2,38,17.0,34.5,8.6,100,0.00,390.0
2025-08-22T19:00,32.2,41,17.3,33.5,8.4,52,0.00,195.0
2025-08-22T20:00,32.1,45,18.6,34.9,2.4,34,0.00,60.0
2025-08-22T21:00,30.8,47,18.4,33.3,3.6,38,0.00,0.0
2025-08-22T22:00,30.1,50,18.6,32.7,4.2,31,0.00,0.0
2025-08-22T23:00,29.1,56,19.5,32.2,3.9,18,0.00,0.0
2025-08-23T00:00,28.3,63,20.6,32.0,3.1,4,0.00,0.0
2025-08-23T01:00,27.6,66,20.6,31.3,3.7,4,0.00,0.0
2025-08-23T02:00,27.2,68,20.8,30.9,4.0,5,0.00,0.0
2025-08-23T03:00,26.7,71,20.9,30.4,4.2,10,0.00,0.0
2025-08-23T04:00,26.3,73,21.1,30.1,4.5,32,0.00,0.0
2025-08-23T05:00,25.8,76,21.3,29.6,5.1,4,0.00,0.0
2025-08-23T06:00,25.3,79,21.4,29.0,6.2,0,0.00,0.0
2025-08-23T07:00,24.9,81,21.4,28.4,6.7,0,0.00,0.0
2025-08-23T08:00,24.7,80,21.0,28.2,5.7,0,0.00,60.0
2025-08-23T09:00,26.6,72,21.1,30.4,4.9,0,0.00,244.0
2025-08-23T10:00,29.1,61,20.9,32.6,6.2,0,0.00,452.0
2025-08-23T11:00,31.4,51,20.1,35.0,6.4,0,0.00,644.0
2025-08-23T12:00,33.2,41,18.2,36.3,8.5,28,0.00,779.0
2025-08-23T13:00,34.2,33,15.6,35.8,10.8,16,0.00,787.0
2025-08-23T14:00,35.2,29,14.4,36.9,11.3,28,0.00,873.0
2025-08-23T15:00,35.2,29,14.6,35.4,14.8,22,0.00,708.0
2025-08-23T16:00,35.0,28,14.1,35.4,13.2,3,0.00,720.0
2025-08-23T17:00,35.3,26,12.8,35.1,11.4,0,0.00,639.0
2025-08-23T18:00,34.7,28,13.6,34.1,12.1,0,0.00,470.0
2025-08-23T19:00,33.8,28,12.7,32.9,11.6,0,0.00,258.0
2025-08-23T20:00,32.6,32,13.9,32.7,8.3,1,0.00,66.0
2025-08-23T21:00,31.2,38,15.4,32.0,7.1,1,0.00,0.0
2025-08-23T22:00,30.4,44,16.6,31.5,7.6,4,0.00,0.0
2025-08-23T23:00,29.9,46,16.9,31.3,6.8,2,0.00,0.0
2025-08-24T00:00,29.0,49,17.1,31.0,3.4,2,0.00,0.0
2025-08-24T01:00,28.6,50,17.2,30.9,1.8,4,0.00,0.0
2025-08-24T02:00,28.2,50,16.9,29.8,6.2,6,0.00,0.0
2025-08-24T03:00,27.8,53,17.4,29.2,8.4,5,0.00,0.0
2025-08-24T04:00,27.3,57,17.9,29.1,7.5,2,0.00,0.0
2025-08-24T05:00,26.6,61,18.5,28.8,7.0,0,0.00,0.0
2025-08-24T06:00,26.0,65,19.0,28.3,7.9,0,0.00,0.0
2025-08-24T07:00,25.5,69,19.5,28.1,7.4,0,0.00,0.0
2025-08-24T08:00,24.5,77,20.2,27.8,4.8,0,0.00,57.0
2025-08-24T09:00,26.1,70,20.2,29.3,5.2,0,0.00,238.0
2025-08-24T10:00,28.1,63,20.3,31.4,4.9,0,0.00,445.0
2025-08-24T11:00,30.2,55,20.2,34.1,4.0,14,0.00,635.0
2025-08-24T12:00,32.2,48,19.8,36.8,4.0,49,0.00,785.0
2025-08-24T13:00,33.8,39,18.0,38.4,3.1,38,0.00,867.0
2025-08-24T14:00,34.8,34,16.6,38.8,2.4,19,0.00,853.0
2025-08-24T15:00,35.5,31,15.8,38.7,2.1,82,0.00,779.0
2025-08-24T16:00,35.8,30,15.4,38.0,2.7,37,0.00,660.0
2025-08-24T17:00,36.0,28,14.9,37.2,3.7,24,0.00,556.0
2025-08-24T18:00,35.7,29,14.8,36.2,6.8,22,0.00,406.0
2025-08-24T19:00,34.7,31,14.9,34.7,10.4,18,0.00,221.0
2025-08-24T20:00,34.4,30,14.5,34.5,9.3,26,0.00,53.0
2025-08-24T21:00,33.1,35,15.8,33.5,10.6,8,0.00,0.0
2025-08-24T22:00,32.2,38,16.1,33.3,6.9,1,0.00,0.0
2025-08-24T23:00,31.5,40,16.4,32.7,7.0,8,0.00,0.0
2025-08-25T00:00,30.7,43,16.6,32.2,5.9,98,0.00,0.0
2025-08-25T01:00,29.9,45,16.6,31.0,7.8,55,0.00,0.0
2025-08-25T02:00,29.1,47,16.5,30.3,7.3,99,0.00,0.0
2025-08-25T03:00,28.5,49,16.7,29.9,6.7,95,0.00,0.0
2025-08-25T04:00,28.0,52,17.1,29.5,6.7,3,0.00,0.0
2025-08-25T05:00,27.5,55,17.5,29.1,7.4,3,0.00,0.0
2025-08-25T06:00,27.0,58,18.0,28.7,7.6,89,0.00,0.0
2025-08-25T07:00,26.6,59,18.0,28.4,7.4,61,0.00,0.0
2025-08-25T08:00,25.7,68,19.2,28.1,7.6,9,0.00,57.0
2025-08-25T09:00,27.5,62,19.5,30.4,5.0,96,0.00,245.0
2025-08-25T10:00,29.3,56,19.6,32.3,4.7,62,0.00,358.0
2025-08-25T11:00,31.0,50,19.4,33.7,6.4,15,0.00,485.0
2025-08-25T12:00,32.8,42,18.2,35.6,8.3,15,0.00,707.0
2025-08-25T13:00,34.4,35,16.6,37.4,7.4,24,0.00,840.0
2025-08-25T14:00,35.4,30,15.2,37.8,8.1,21,0.00,859.0
2025-08-25T15:00,35.8,29,14.7,37.2,11.2,3,0.00,829.0
2025-08-25T16:00,36.0,26,13.6,36.4,13.0,5,0.00,771.0
2025-08-25T17:00,35.8,25,12.4,35.0,12.3,15,0.00,609.0
2025-08-25T18:00,35.2,25,12.4,34.3,11.3,15,0.00,417.0
2025-08-25T19:00,34.7,27,12.8,34.0,10.4,7,0.00,218.0
2025-08-25T20:00,32.8,31,13.3,32.4,10.2,18,0.00,53.0
2025-08-25T21:00,32.0,34,14.3,31.9,10.5,94,0.00,0.0
2025-08-25T22:00,31.6,36,14.6,32.0,7.5,100,0.00,0.0
2025-08-25T23:00,31.1,38,15.1,32.1,5.1,62,0.00,0.0
2025-08-26T00:00,30.0,44,16.5,30.8,9.4,36,0.00,0.0
2025-08-26T01:00,28.5,55,18.6,30.7,6.9,76,0.00,0.0
2025-08-26T02:00,28.0,57,18.5,30.5,4.1,58,0.00,0.0
2025-08-26T03:00,27.4,61,19.1,30.3,3.3,100,0.00,0.0
2025-08-26T04:00,27.6,59,19.0,30.7,2.5,98,0.00,0.0
2025-08-26T05:00,26.5,66,19.6,29.7,3.2,57,0.00,0.0
2025-08-26T06:00,26.1,69,20.0,29.4,4.2,85,0.00,0.0
2025-08-26T07:00,25.6,73,20.4,28.6,7.3,20,0.00,0.0
2025-08-26T08:00,24.0,70,18.2,25.7,9.4,41,0.00,52.0
2025-08-26T09:00,25.1,64,17.9,26.7,8.5,63,0.00,196.0
2025-08-26T10:00,26.6,58,17.8,28.1,8.6,74,0.00,395.0
2025-08-26T11:00,28.1,53,17.6,29.6,8.9,28,0.00,568.0
2025-08-26T12:00,29.9,48,17.6,32.4,8.6,27,0.00,737.0
2025-08-26T13:00,31.2,44,17.7,34.2,8.4,41,0.00,787.0
2025-08-26T14:00,31.8,43,17.6,34.1,7.5,36,0.00,663.0
2025-08-26T15:00,33.0,39,17.4,36.0,6.8,84,0.00,765.0
2025-08-26T16:00,33.2,38,17.1,34.7,7.4,100,0.00,537.0
2025-08-26T17:00,32.3,39,16.8,33.4,9.2,100,0.00,207.0
2025-08-26T18:00,32.0,40,16.6,33.0,9.2,100,0.00,112.0
2025-08-26T19:00,31.9,40,16.6,32.5,11.3,100,0.00,74.0
2025-08-26T20:00,27.1,59,18.4,28.3,12.6,12,0.00,51.0
2025-08-26T21:00,26.1,63,18.5,27.5,12.4,8,0.00,0.0
2025-08-26T22:00,25.0,67,18.5,26.3,12.0,5,0.00,0.0
2025-08-26T23:00,24.0,71,18.3,25.5,10.5,5,0.00,0.0
2025-08-27T00:00,23.2,74,18.2,24.9,9.3,26,0.00,0.0
2025-08-27T01:00,22.6,76,18.2,24.3,9.3,80,0.00,0.0
2025-08-27T02:00,22.5,77,18.2,24.1,9.3,32,0.00,0.0
2025-08-27T03:00,22.2,78,18.2,24.1,8.1,20,0.00,0.0
2025-08-27T04:00,22.0,79,18.2,24.0,6.8,2,0.00,0.0
2025-08-27T05:00,21.8,81,18.3,23.9,6.4,12,0.00,0.0
2025-08-27T06:00,21.7,82,18.4,24.0,5.2,22,0.00,0.0
2025-08-27T07:00,21.8,82,18.5,24.1,5.5,13,0.00,0.0
2025-08-27T08:00,21.9,82,18.6,24.1,7.0,9,0.00,50.0
2025-08-27T09:00,23.4,75,18.7,25.6,7.4,0,0.00,214.0
2025-08-27T10:00,25.5,66,18.8,27.8,6.9,6,0.00,419.0
2025-08-27T11:00,28.0,58,19.0,30.8,6.2,15,0.00,605.0
2025-08-27T12:00,30.0,53,19.4,33.8,7.0,8,0.00,745.0
2025-08-27T13:00,31.5,49,19.5,35.3,8.1,7,0.00,767.0
2025-08-27T14:00,32.8,45,19.5,37.0,8.1,15,0.00,838.0
2025-08-27T15:00,33.7,42,19.2,37.6,7.7,18,0.00,817.0
2025-08-27T16:00,34.0,41,18.8,37.0,8.3,17,0.00,705.0
2025-08-27T17:00,34.0,40,18.6,35.8,10.2,31,0.00,548.0
2025-08-27T18:00,33.8,41,18.8,35.6,10.4,49,0.00,365.0
2025-08-27T19:00,32.4,46,19.2,34.5,9.5,44,0.20,188.0
2025-08-27T20:00,32.0,48,19.7,34.1,10.8,39,0.00,43.0
2025-08-27T21:00,30.8,53,20.0,32.8,11.9,19,0.00,0.0
2025-08-27T22:00,30.0,55,20.1,32.3,11.2,13,0.00,0.0
2025-08-27T23:00,29.6,57,20.2,32.0,11.4,9,0.00,0.0
2025-08-28T00:00,29.1,59,20.2,31.2,12.6,0,0.00,0.0
2025-08-28T01:00,28.6,61,20.5,31.0,11.8,3,0.00,0.0
2025-08-28T02:00,28.4,62,20.5,30.8,11.9,1,0.00,0.0
2025-08-28T03:00,28.0,64,20.5,30.5,11.7,5,0.00,0.0
2025-08-28T04:00,27.6,67,21.0,30.2,12.2,78,0.00,0.0
2025-08-28T05:00,27.3,70,21.5,30.2,12.0,1,0.00,0.0
2025-08-28T06:00,27.0,73,21.6,29.9,12.8,0,0.00,0.0
2025-08-28T07:00,26.6,74,21.7,29.6,12.5,0,0.00,0.0
2025-08-28T08:00,26.9,75,22.1,30.1,11.7,65,0.00,48.0
2025-08-28T09:00,27.7,72,22.2,30.8,13.0,53,0.00,174.0
2025-08-28T10:00,29.7,63,21.9,32.8,11.9,18,0.00,397.0
2025-08-28T11:00,31.8,54,21.4,35.0,10.7,0,0.00,583.0
2025-08-28T12:00,34.3,43,20.1,37.6,12.9,2,0.00,766.0
2025-08-28T13:00,36.0,38,19.3,39.3,12.9,10,0.00,840.0
2025-08-28T14:00,37.0,35,18.9,40.2,12.4,17,0.00,861.0
2025-08-28T15:00,37.9,33,18.9,40.9,12.7,35,0.00,827.0
2025-08-28T16:00,37.9,33,18.7,40.5,10.8,47,0.00,711.0
2025-08-28T17:00,38.0,32,18.5,39.8,9.8,100,0.00,547.0
2025-08-28T18:00,26.9,78,22.8,28.9,22.4,99,7.10,248.0
2025-08-28T19:00,26.4,84,23.5,31.1,7.3,51,0.50,76.0
2025-08-28T20:00,25.9,93,24.7,30.5,13.3,100,16.00,2.0
2025-08-28T21:00,25.8,89,23.9,30.2,11.6,87,2.00,0.0
2025-08-28T22:00,25.5,90,23.9,30.4,8.1,47,0.00,0.0
2025-08-28T23:00,25.5,91,23.9,30.2,8.5,88,0.00,0.0
2025-08-29T00:00,25.2,89,23.3,29.4,10.0,99,0.00,0.0
2025-08-29T01:00,24.6,89,22.8,28.3,11.6,66,0.00,0.0
2025-08-29T02:00,23.5,90,21.8,27.0,9.2,7,0.00,0.0
2025-08-29T03:00,22.9,92,21.5,26.3,8.0,23,0.00,0.0
2025-08-29T04:00,22.5,93,21.2,25.7,8.6,19,0.00,0.0
2025-08-29T05:00,22.2,93,21.0,25.5,7.7,17,0.00,0.0
2025-08-29T06:00,22.0,93,21.0,25.3,7.6,60,0.00,0.0
2025-08-29T07:00,22.0,93,21.0,25.3,7.4,91,0.00,0.0
2025-08-29T08:00,22.3,89,20.4,25.0,9.5,64,0.10,40.0
2025-08-29T09:00,23.2,83,20.2,25.5,11.7,100,0.00,138.0
2025-08-29T10:00,24.4,79,20.5,26.6,12.9,100,0.00,215.0
2025-08-29T11:00,25.6,75,20.9,28.5,10.0,100,0.00,320.0
2025-08-29T12:00,26.5,74,21.4,30.3,5.0,100,0.10,384.0
2025-08-29T13:00,27.9,69,21.6,32.3,1.9,100,0.00,484.0
2025-08-29T14:00,28.9,65,21.6,33.1,3.1,100,0.00,491.0
2025-08-29T15:00,29.5,63,21.8,33.6,4.6,100,0.00,491.0
2025-08-29T16:00,29.6,62,21.6,33.5,5.6,100,0.00,393.0
2025-08-29T17:00,29.9,61,21.6,33.5,7.1,100,0.00,375.0
2025-08-29T18:00,29.8,61,21.5,33.3,7.9,85,0.00,315.0
2025-08-29T19:00,29.3,63,21.6,32.7,9.4,8,0.00,145.0
2025-08-29T20:00,26.4,75,21.6,29.9,8.3,100,0.00,31.0
2025-08-29T21:00,25.8,79,21.9,29.2,9.5,34,0.00,0.0
2025-08-29T22:00,25.2,80,21.6,28.4,10.1,100,0.00,0.0
2025-08-29T23:00,24.3,82,21.0,27.1,11.0,100,0.00,0.0
2025-08-30T00:00,23.9,84,21.0,27.0,8.7,100,0.00,0.0
2025-08-30T01:00,23.9,84,21.0,27.2,7.5,100,0.00,0.0
2025-08-30T02:00,23.7,85,21.0,27.1,6.7,100,0.00,0.0
2025-08-30T03:00,23.5,86,21.1,27.1,5.8,100,0.60,0.0
2025-08-30T04:00,23.2,92,21.8,27.2,5.9,100,0.70,0.0
2025-08-30T05:00,23.2,92,21.9,27.3,5.1,100,0.10,0.0
2025-08-30T06:00,23.1,93,21.9,26.5,10.1,100,0.40,0.0
2025-08-30T07:00,23.0,92,21.6,27.0,4.8,52,0.20,0.0
2025-08-30T08:00,22.8,96,22.1,26.4,8.9,100,3.40,11.0
2025-08-30T09:00,22.7,98,22.3,26.8,6.9,100,12.60,48.0
2025-08-30T10:00,23.2,94,22.1,26.6,10.9,100,4.50,61.0
2025-08-30T11:00,23.8,92,22.4,28.7,1.9,100,0.70,97.0
2025-08-30T12:00,25.1,85,22.5,29.9,2.7,100,0.10,291.0
2025-08-30T13:00,26.2,80,22.5,31.1,1.9,100,0.10,302.0
2025-08-30T14:00,26.9,78,22.8,32.2,0.3,100,0.10,362.0
2025-08-30T15:00,27.1,77,22.6,32.1,2.2,100,0.20,268.0
2025-08-30T16:00,27.5,76,22.9,32.5,3.1,100,0.00,348.0
2025-08-30T17:00,28.1,74,23.0,33.2,2.3,100,0.00,421.0
2025-08-30T18:00,27.7,76,23.1,32.4,6.1,100,0.00,204.0
2025-08-30T19:00,27.2,79,23.2,31.8,6.9,81,0.00,123.0
2025-08-30T20:00,24.8,86,22.2,28.9,6.0,92,0.70,19.0
2025-08-30T21:00,24.5,89,22.6,28.8,7.3,100,0.10,0.0
2025-08-30T22:00,24.5,90,22.7,29.3,3.6,100,0.00,0.0
2025-08-30T23:00,24.4,91,22.9,29.2,4.0,100,0.00,0.0
2025-08-31T00:00,24.2,92,23.0,29.1,4.1,100,0.00,0.0
2025-08-31T01:00,24.1,93,22.9,28.8,4.8,100,0.00,0.0
2025-08-31T02:00,24.0,92,22.6,28.6,4.8,90,0.00,0.0
2025-08-31T03:00,23.5,94,22.6,28.3,3.8,43,0.00,0.0
2025-08-31T04:00,23.4,95,22.6,28.4,1.5,60,0.00,0.0
2025-08-31T05:00,23.2,95,22.4,28.1,1.9,41,0.00,0.0
2025-08-31T06:00,23.1,96,22.5,27.9,2.7,100,0.00,0.0
2025-08-31T07:00,23.3,95,22.4,28.0,2.9,100,0.00,0.0
2025-08-31T08:00,22.5,96,22.0,27.0,3.2,100,4.80,35.0
2025-08-31T09:00,22.4,98,22.1,26.4,6.9,100,14.40,58.0
2025-08-31T10:00,23.5,92,22.2,28.1,2.8,98,1.30,122.0
2025-08-31T11:00,25.2,82,22.0,29.4,5.2,88,0.10,372.0
2025-08-31T12:00,26.6,76,22.1,31.0,4.2,100,0.10,445.0
2025-08-31T13:00,27.5,72,22.1,32.2,2.3,56,0.10,553.0
2025-08-31T14:00,29.0,65,21.8,35.1,1.1,56,0.10,771.0
2025-08-31T15:00,29.2,63,21.5,34.2,4.1,99,0.20,697.0
2025-08-31T16:00,29.0,64,21.5,33.0,5.0,99,0.10,523.0
2025-08-31T17:00,28.9,66,21.9,32.7,7.2,100,0.10,408.0
2025-08-31T18:00,27.4,75,22.5,31.3,8.8,68,0.00,203.0
2025-08-31T19:00,26.8,79,22.8,31.1,6.7,40,0.00,162.0
2025-08-31T20:00,24.1,91,22.6,28.9,3.6,41,0.30,12.0
2025-08-31T21:00,23.0,98,22.5,27.1,7.4,100,3.20,0.0
2025-08-31T22:00,23.2,96,22.5,28.1,2.1,41,0.40,0.0
2025-08-31T23:00,23.0,98,22.6,28.1,1.9,18,0.20,0.0
