latitude,longitude,elevation,utc_offset_seconds,timezone,timezone_abbreviation
32.864674,-97.05017,186.0,-18000,America/Chicago,GMT-5

time,temperature_2m (°C),relative_humidity_2m (%),dew_point_2m (°C),apparent_temperature (°C),wind_speed_10m (km/h),cloud_cover (%),precipitation (mm),shortwave_radiation (W/m²)
2024-01-01T00:00,6.2,68,0.9,1.0,22.5,7,0.00,0.0
2024-01-01T01:00,5.1,71,0.2,-0.5,23.3,11,0.00,0.0
2024-01-01T02:00,3.9,73,-0.6,-1.5,22.1,3,0.00,0.0
2024-01-01T03:00,3.2,74,-1.1,-2.2,21.1,10,0.00,0.0
2024-01-01T04:00,2.5,75,-1.4,-2.7,19.7,0,0.00,0.0
2024-01-01T05:00,1.9,76,-1.9,-3.2,17.9,0,0.00,0.0
2024-01-01T06:00,1.4,77,-2.2,-3.5,16.7,0,0.00,0.0
2024-01-01T07:00,1.0,78,-2.3,-3.8,15.9,0,0.00,0.0
2024-01-01T08:00,0.5,85,-1.7,-4.2,16.0,0,0.00,0.0
2024-01-01T09:00,0.6,84,-1.8,-4.1,15.4,0,0.00,9.0
2024-01-01T10:00,1.8,76,-2.0,-3.2,17.2,5,0.00,132.0
2024-01-01T11:00,3.0,71,-1.8,-1.8,16.8,0,0.00,306.0
2024-01-01T12:00,4.4,67,-1.2,-0.1,15.1,0,0.00,453.0
2024-01-01T13:00,5.7,64,-0.7,1.4,13.6,0,0.00,549.0
2024-01-01T14:00,6.8,62,0.0,2.9,12.8,0,0.00,584.0
2024-01-01T15:00,7.5,61,0.3,3.7,12.0,0,0.00,554.0
2024-01-01T16:00,7.9,60,0.6,4.0,12.9,0,0.00,462.0
2024-01-01T17:00,7.8,59,0.3,4.1,11.3,0,0.00,318.0
2024-01-01T18:00,7.0,63,0.4,3.7,8.6,0,0.00,143.0
2024-01-01T19:00,4.7,75,0.6,1.6,6.8,0,0.00,12.0
2024-01-01T20:00,4.0,80,0.8,1.0,6.8,0,0.00,0.0
2024-01-01T21:00,3.2,85,1.0,0.2,7.2,0,0.00,0.0
2024-01-01T22:00,3.0,88,1.1,-0.0,7.1,0,0.00,0.0
2024-01-01T23:00,2.5,90,0.9,-0.5,6.8,0,0.00,0.0
2024-01-02T00:00,1.5,91,0.2,-1.7,7.9,0,0.00,0.0
2024-01-02T01:00,0.8,92,-0.3,-2.7,8.9,70,0.00,0.0
2024-01-02T02:00,0.6,91,-0.8,-3.0,8.7,100,0.00,0.0
2024-01-02T03:00,0.3,93,-0.7,-3.2,8.6,99,0.00,0.0
2024-01-02T04:00,0.3,93,-0.6,-3.2,9.3,60,0.00,0.0
2024-01-02T05:00,0.6,92,-0.6,-2.9,8.3,95,0.00,0.0
2024-01-02T06:00,0.9,91,-0.3,-2.3,7.2,100,0.00,0.0
2024-01-02T07:00,0.7,94,-0.2,-2.5,7.1,100,0.00,0.0
2024-01-02T08:00,0.6,91,-0.6,-2.5,6.3,99,0.00,0.0
2024-01-02T09:00,0.9,89,-0.6,-2.3,6.6,92,0.00,7.0
2024-01-02T10:00,2.5,81,-0.4,-0.7,7.3,99,0.00,96.0
2024-01-02T11:00,4.3,72,-0.4,0.8,8.7,96,0.00,234.0
2024-01-02T12:00,6.1,65,-0.1,2.6,9.3,97,0.00,385.0
2024-01-02T13:00,7.6,60,0.2,4.2,8.4,100,0.00,468.0
2024-01-02T14:00,8.4,56,0.2,5.0,8.8,100,0.00,412.0
2024-01-02T15:00,8.4,55,-0.1,4.5,12.6,100,0.00,218.0
2024-01-02T16:00,8.4,56,0.2,5.3,7.5,100,0.00,146.0
2024-01-02T17:00,8.4,58,0.6,5.5,5.8,100,0.70,145.0
2024-01-02T18:00,7.3,70,2.3,3.6,13.8,100,0.90,69.0
2024-01-02T19:00,6.9,78,3.5,4.9,3.4,100,0.20,3.0
2024-01-02T20:00,6.4,87,4.4,4.4,5.1,100,2.30,0.0
2024-01-02T21:00,6.3,85,4.0,4.6,2.2,100,4.40,0.0
2024-01-02T22:00,6.1,89,4.5,3.7,7.7,100,1.70,0.0
2024-01-02T23:00,5.8,91,4.5,3.5,7.3,100,0.40,0.0
2024-01-03T00:00,5.8,93,4.7,4.1,3.1,100,0.10,0.0
2024-01-03T01:00,5.9,90,4.4,3.6,6.8,100,0.00,0.0
2024-01-03T02:00,6.1,90,4.6,3.3,9.6,100,0.00,0.0
2024-01-03T03:00,5.9,91,4.5,2.9,11.4,100,0.00,0.0
2024-01-03T04:00,5.9,90,4.4,2.8,11.9,100,0.00,0.0
2024-01-03T05:00,5.8,89,4.1,2.8,10.8,100,0.00,0.0
2024-01-03T06:00,5.6,89,4.0,2.9,8.0,100,0.00,0.0
2024-01-03T07:00,5.6,89,4.0,3.7,3.1,100,0.00,0.0
2024-01-03T08:00,5.2,88,3.3,3.6,0.4,100,0.00,0.0
2024-01-03T09:00,5.4,88,3.6,3.2,4.8,100,0.00,3.0
2024-01-03T10:00,6.1,86,4.0,3.8,5.9,100,0.00,52.0
2024-01-03T11:00,7.1,82,4.2,4.8,6.1,78,0.00,144.0
2024-01-03T12:00,8.4,76,4.4,5.9,7.9,82,0.00,268.0
2024-01-03T13:00,9.5,71,4.6,7.0,7.9,69,0.00,361.0
2024-01-03T14:00,10.8,68,5.1,8.5,7.2,97,0.00,443.0
2024-01-03T15:00,11.7,66,5.6,9.9,4.7,96,0.00,462.0
2024-01-03T16:00,12.2,65,5.9,10.4,5.4,33,0.00,422.0
2024-01-03T17:00,12.6,64,5.9,11.0,3.7,71,0.00,302.0
2024-01-03T18:00,12.2,65,5.8,11.0,1.3,100,0.00,129.0
2024-01-03T19:00,8.9,83,6.2,7.0,6.8,100,0.00,11.0
2024-01-03T20:00,7.9,83,5.2,5.9,5.7,0,0.00,0.0
2024-01-03T21:00,7.3,84,4.8,5.2,5.8,2,0.00,0.0
2024-01-03T22:00,5.8,89,4.1,3.5,6.5,16,0.00,0.0
2024-01-03T23:00,4.6,93,3.6,2.1,6.8,38,0.00,0.0
2024-01-04T00:00,4.0,96,3.3,1.4,6.8,57,0.00,0.0
2024-01-04T01:00,3.5,97,3.2,1.0,6.9,11,0.00,0.0
2024-01-04T02:00,3.0,98,2.7,0.3,6.6,13,0.00,0.0
2024-01-04T03:00,2.7,99,2.6,0.2,5.9,38,0.00,0.0
2024-01-04T04:00,2.3,100,2.3,-0.2,5.4,100,0.00,0.0
2024-01-04T05:00,2.6,100,2.5,0.1,5.8,100,0.00,0.0
2024-01-04T06:00,2.2,99,2.0,-0.4,5.5,100,0.00,0.0
2024-01-04T07:00,2.0,99,1.9,-0.5,4.6,100,0.00,0.0
2024-01-04T08:00,3.0,99,3.0,0.4,6.8,100,0.00,0.0
2024-01-04T09:00,3.5,99,3.3,0.8,7.6,100,0.00,5.0
2024-01-04T10:00,4.6,98,4.2,2.1,7.6,96,0.00,93.0
2024-01-04T11:00,6.8,90,5.2,4.5,7.2,6,0.00,245.0
2024-01-04T12:00,9.6,76,5.6,6.7,12.1,35,0.00,423.0
2024-01-04T13:00,11.8,64,5.2,7.9,18.3,100,0.00,536.0
2024-01-04T14:00,12.6,61,5.2,8.6,19.6,76,0.00,544.0
2024-01-04T15:00,13.4,57,5.2,9.2,20.7,80,0.00,539.0
2024-01-04T16:00,13.9,53,4.5,8.9,25.3,58,0.00,444.0
2024-01-04T17:00,13.6,53,4.3,8.7,24.9,4,0.00,298.0
2024-01-04T18:00,12.6,57,4.4,8.7,17.8,63,0.00,135.0
2024-01-04T19:00,11.1,64,4.4,7.8,13.7,13,0.00,12.0
2024-01-04T20:00,10.0,71,4.9,7.1,11.7,100,0.00,0.0
2024-01-04T21:00,10.8,68,5.2,7.3,15.5,100,0.00,0.0
2024-01-04T22:00,10.7,65,4.3,6.1,21.9,100,0.00,0.0
2024-01-04T23:00,10.1,66,4.1,5.5,22.1,100,0.20,0.0
2024-01-05T00:00,9.4,72,4.6,4.6,24.0,100,0.20,0.0
2024-01-05T01:00,9.1,74,4.7,4.7,21.3,100,0.10,0.0
2024-01-05T02:00,8.6,85,6.2,5.9,11.6,100,0.90,0.0
2024-01-05T03:00,8.4,88,6.5,5.6,13.1,100,2.20,0.0
2024-01-05T04:00,8.1,88,6.2,4.4,18.6,100,0.90,0.0
2024-01-05T05:00,8.1,88,6.2,5.3,12.5,94,0.30,0.0
2024-01-05T06:00,7.6,90,6.1,4.8,12.2,0,0.00,0.0
2024-01-05T07:00,6.6,93,5.6,4.1,9.2,0,0.00,0.0
2024-01-05T08:00,6.6,93,5.6,4.1,9.6,55,0.00,0.0
2024-01-05T09:00,6.2,94,5.3,3.8,8.8,1,0.00,7.0
2024-01-05T10:00,7.4,90,5.9,4.9,10.7,0,0.00,129.0
2024-01-05T11:00,9.1,84,6.4,6.3,12.8,14,0.00,303.0
2024-01-05T12:00,10.9,78,7.3,8.4,12.8,10,0.00,435.0
2024-01-05T13:00,12.8,68,7.1,10.1,13.0,47,0.00,522.0
2024-01-05T14:00,13.9,60,6.2,11.2,11.8,52,0.00,525.0
2024-01-05T15:00,14.3,57,6.0,11.7,11.3,6,0.00,418.0
2024-01-05T16:00,14.9,53,5.4,11.7,13.6,20,0.00,460.0
2024-01-05T17:00,14.4,51,4.4,11.0,14.2,23,0.00,278.0
2024-01-05T18:00,13.1,57,4.7,10.6,8.3,22,0.00,137.0
2024-01-05T19:00,10.7,63,4.0,7.8,10.3,30,0.00,14.0
2024-01-05T20:00,8.0,85,5.6,6.0,6.5,43,0.00,0.0
2024-01-05T21:00,8.3,82,5.4,6.5,4.8,18,0.00,0.0
2024-01-05T22:00,6.5,85,4.2,4.0,7.6,86,0.00,0.0
2024-01-05T23:00,7.8,72,3.2,4.6,11.6,95,0.00,0.0
2024-01-06T00:00,8.1,72,3.5,4.9,11.5,94,0.00,0.0
2024-01-06T01:00,7.6,77,3.8,4.6,10.8,38,0.00,0.0
2024-01-06T02:00,6.6,86,4.3,3.7,10.5,3,0.00,0.0
2024-01-06T03:00,5.8,89,4.2,3.0,9.7,44,0.00,0.0
2024-01-06T04:00,5.0,91,3.6,2.2,8.9,13,0.00,0.0
2024-01-06T05:00,4.3,91,3.0,1.1,10.7,100,0.00,0.0
2024-01-06T06:00,4.1,90,2.5,0.5,12.7,13,0.00,0.0
2024-01-06T07:00,3.2,91,1.8,-0.3,11.8,1,0.00,0.0
2024-01-06T08:00,3.7,88,1.8,0.3,10.3,43,0.00,0.0
2024-01-06T09:00,3.8,86,1.7,0.4,10.7,45,0.00,6.0
2024-01-06T10:00,4.9,78,1.4,1.1,13.2,5,0.00,106.0
2024-01-06T11:00,6.2,71,1.3,2.1,14.8,1,0.00,291.0
2024-01-06T12:00,7.6,64,1.1,3.5,14.5,0,0.00,454.0
2024-01-06T13:00,8.6,61,1.5,4.7,14.2,77,0.00,556.0
2024-01-06T14:00,9.5,59,1.9,5.7,13.4,99,0.00,525.0
2024-01-06T15:00,10.6,53,1.5,6.3,17.1,98,0.00,416.0
2024-01-06T16:00,12.2,46,1.0,7.5,19.2,84,0.30,312.0
2024-01-06T17:00,11.2,51,1.5,6.6,19.0,100,0.00,207.0
2024-01-06T18:00,10.2,57,2.2,6.8,11.9,5,0.00,60.0
2024-01-06T19:00,7.7,68,2.2,4.4,10.5,6,0.00,16.0
2024-01-06T20:00,7.2,77,3.5,3.5,15.4,2,0.00,0.0
2024-01-06T21:00,6.6,79,3.2,3.1,13.1,0,0.00,0.0
2024-01-06T22:00,5.8,83,3.1,2.6,11.3,0,0.00,0.0
2024-01-06T23:00,5.1,86,3.0,2.0,9.8,0,0.00,0.0
2024-01-07T00:00,4.3,88,2.5,1.4,8.4,0,0.00,0.0
2024-01-07T01:00,3.9,89,2.2,0.7,9.7,0,0.00,0.0
2024-01-07T02:00,3.8,87,1.9,0.4,10.6,0,0.00,0.0
2024-01-07T03:00,3.5,86,1.4,0.2,9.7,0,0.00,0.0
2024-01-07T04:00,2.7,88,0.8,-0.5,7.9,0,0.00,0.0
2024-01-07T05:00,1.9,90,0.4,-1.3,7.2,0,0.00,0.0
2024-01-07T06:00,0.6,93,-0.3,-3.0,10.0,0,0.00,0.0
2024-01-07T07:00,1.3,91,0.1,-1.8,6.4,0,0.00,0.0
2024-01-07T08:00,0.2,96,-0.4,-3.2,7.9,0,0.00,0.0
2024-01-07T09:00,0.4,95,-0.2,-2.9,8.0,0,0.00,9.0
2024-01-07T10:00,3.9,87,2.0,0.9,7.9,0,0.00,133.0
2024-01-07T11:00,7.8,76,3.8,5.2,8.1,0,0.00,315.0
2024-01-07T12:00,11.2,64,4.6,7.8,14.6,3,0.00,466.0
2024-01-07T13:00,12.9,50,2.8,7.8,23.5,0,0.00,565.0
2024-01-07T14:00,13.7,48,2.8,8.9,23.2,0,0.00,602.0
2024-01-07T15:00,14.1,49,3.5,9.4,22.8,0,0.00,574.0
2024-01-07T16:00,14.2,49,3.8,9.4,23.1,0,0.00,483.0
2024-01-07T17:00,13.9,50,3.6,9.0,23.6,0,0.00,337.0
2024-01-07T18:00,12.7,55,3.8,8.5,18.6,0,0.00,160.0
2024-01-07T19:00,10.9,59,3.2,6.6,19.3,0,0.00,17.0
2024-01-07T20:00,10.8,61,3.5,6.0,22.3,0,0.00,0.0
2024-01-07T21:00,10.2,64,3.8,5.1,25.1,0,0.00,0.0
2024-01-07T22:00,9.9,65,3.6,4.6,26.3,0,0.00,0.0
2024-01-07T23:00,9.6,65,3.4,4.1,26.9,8,0.00,0.0
2024-01-08T00:00,9.1,67,3.3,3.8,26.2,100,0.00,0.0
2024-01-08T01:00,9.9,64,3.3,4.2,28.3,100,0.00,0.0
2024-01-08T02:00,9.4,64,3.0,4.0,26.6,100,0.00,0.0
2024-01-08T03:00,9.6,58,1.8,3.6,28.5,100,0.00,0.0
2024-01-08T04:00,9.8,53,0.6,3.7,27.5,100,0.00,0.0
2024-01-08T05:00,9.2,57,1.0,3.5,25.9,100,0.00,0.0
2024-01-08T06:00,9.5,65,3.3,3.8,28.7,100,1.10,0.0
2024-01-08T07:00,9.6,77,5.8,4.4,29.0,100,2.40,0.0
2024-01-08T08:00,10.6,90,9.0,5.5,32.9,100,0.60,0.0
2024-01-08T09:00,11.9,91,10.4,7.4,32.1,100,1.60,2.0
2024-01-08T10:00,13.2,89,11.6,8.7,34.4,100,0.50,41.0
2024-01-08T11:00,14.6,87,12.6,10.6,33.5,100,0.00,114.0
2024-01-08T12:00,15.8,88,13.8,12.4,31.8,100,0.70,155.0
2024-01-08T13:00,14.6,79,10.9,10.9,27.1,44,2.70,136.0
2024-01-08T14:00,16.5,45,4.7,12.1,21.6,92,0.00,504.0
2024-01-08T15:00,15.6,36,0.6,10.2,23.1,50,0.00,315.0
2024-01-08T16:00,15.6,31,-1.4,10.9,16.3,4,0.00,390.0
2024-01-08T17:00,15.4,35,0.1,10.5,19.1,1,0.00,318.0
2024-01-08T18:00,13.8,29,-4.0,7.3,26.3,0,0.00,163.0
2024-01-08T19:00,11.6,28,-6.1,5.3,23.9,0,0.00,18.0
2024-01-08T20:00,11.0,32,-5.2,5.1,21.4,95,0.00,0.0
2024-01-08T21:00,11.4,28,-6.6,3.3,35.0,26,0.00,0.0
2024-01-08T22:00,8.1,37,-5.7,-0.7,40.6,0,0.00,0.0
2024-01-08T23:00,5.6,43,-6.0,-2.6,36.5,0,0.00,0.0
2024-01-09T00:00,4.0,46,-6.6,-2.6,24.9,21,0.00,0.0
2024-01-09T01:00,3.5,51,-5.7,-2.8,23.7,100,0.00,0.0
2024-01-09T02:00,4.0,51,-5.3,-3.6,33.0,99,0.00,0.0
2024-01-09T03:00,3.8,50,-5.8,-4.5,37.0,3,0.00,0.0
2024-01-09T04:00,3.2,49,-6.6,-4.6,33.7,64,0.00,0.0
2024-01-09T05:00,2.5,51,-6.6,-5.0,31.4,41,0.00,0.0
2024-01-09T06:00,2.0,53,-6.5,-5.4,31.1,20,0.00,0.0
2024-01-09T07:00,1.8,54,-6.5,-5.7,31.2,1,0.00,0.0
2024-01-09T08:00,0.9,59,-6.3,-5.9,26.4,5,0.00,0.0
2024-01-09T09:00,1.3,59,-5.8,-5.6,27.6,2,0.00,8.0
2024-01-09T10:00,2.9,55,-5.3,-4.2,29.7,0,0.00,131.0
2024-01-09T11:00,4.2,50,-5.2,-3.7,35.1,0,0.00,309.0
2024-01-09T12:00,5.6,47,-4.8,-2.3,34.8,2,0.00,460.0
2024-01-09T13:00,6.8,45,-4.3,-0.6,33.0,0,0.00,562.0
2024-01-09T14:00,7.6,43,-4.2,0.5,31.6,1,0.00,604.0
2024-01-09T15:00,8.1,40,-4.6,1.1,29.4,0,0.00,520.0
2024-01-09T16:00,8.6,39,-4.7,1.7,28.5,0,0.00,492.0
2024-01-09T17:00,8.6,38,-4.9,2.1,25.8,0,0.00,347.0
2024-01-09T18:00,7.9,41,-4.6,2.4,19.0,0,0.00,169.0
2024-01-09T19:00,6.2,44,-5.2,1.4,13.8,0,0.00,20.0
2024-01-09T20:00,4.7,49,-5.2,0.6,8.7,0,0.00,0.0
2024-01-09T21:00,3.0,57,-4.8,-1.0,8.2,0,0.00,0.0
2024-01-09T22:00,1.5,66,-4.1,-2.7,10.1,0,0.00,0.0
2024-01-09T23:00,0.8,71,-4.0,-3.2,8.5,0,0.00,0.0
2024-01-10T00:00,0.8,72,-3.7,-2.9,7.6,0,0.00,0.0
2024-01-10T01:00,0.6,72,-4.0,-3.2,7.8,0,0.00,0.0
2024-01-10T02:00,1.0,67,-4.3,-3.1,9.5,0,0.00,0.0
2024-01-10T03:00,1.4,63,-4.9,-2.9,10.3,0,0.00,0.0
2024-01-10T04:00,1.9,59,-5.2,-2.7,12.4,41,0.00,0.0
2024-01-10T05:00,2.5,56,-5.4,-2.5,14.7,83,0.00,0.0
2024-01-10T06:00,3.2,51,-5.9,-2.3,18.0,18,0.00,0.0
2024-01-10T07:00,4.0,47,-6.2,-1.9,20.2,69,0.00,0.0
2024-01-10T08:00,4.9,46,-5.9,-1.5,23.9,85,0.00,0.0
2024-01-10T09:00,5.7,45,-5.2,-1.3,28.7,61,0.00,8.0
2024-01-10T10:00,7.7,44,-3.8,0.5,30.7,32,0.00,127.0
2024-01-10T11:00,10.0,44,-1.7,3.7,26.8,5,0.00,310.0
2024-01-10T12:00,12.1,40,-1.0,5.4,30.5,0,0.00,471.0
2024-01-10T13:00,14.0,37,-0.3,7.4,31.0,0,0.00,573.0
2024-01-10T14:00,15.6,36,0.4,9.1,31.9,20,0.00,612.0
2024-01-10T15:00,16.6,34,0.8,10.4,29.8,0,0.00,584.0
2024-01-10T16:00,17.2,34,1.2,11.5,26.3,0,0.00,495.0
2024-01-10T17:00,17.0,38,2.5,12.5,19.8,0,0.00,350.0
2024-01-10T18:00,15.2,44,2.9,11.5,14.5,0,0.00,171.0
2024-01-10T19:00,12.1,51,2.2,8.6,12.6,0,0.00,21.0
2024-01-10T20:00,12.2,50,2.2,8.2,15.5,0,0.00,0.0
2024-01-10T21:00,11.6,50,1.6,7.7,14.6,0,0.00,0.0
2024-01-10T22:00,10.7,52,1.2,6.9,12.5,0,0.00,0.0
2024-01-10T23:00,9.9,55,1.2,6.2,12.7,0,0.00,0.0
2024-01-11T00:00,9.3,58,1.5,5.5,13.0,0,0.00,0.0
2024-01-11T01:00,8.2,64,1.8,4.9,9.8,0,0.00,0.0
2024-01-11T02:00,6.0,73,1.6,3.0,7.8,0,0.00,0.0
2024-01-11T03:00,8.3,60,1.0,5.3,7.1,0,0.00,0.0
2024-01-11T04:00,5.6,73,1.1,2.9,5.2,0,0.00,0.0
2024-01-11T05:00,4.5,81,1.6,1.4,8.1,0,0.00,0.0
2024-01-11T06:00,4.8,83,2.1,1.8,8.4,0,0.00,0.0
2024-01-11T07:00,4.2,85,1.9,1.1,8.8,0,0.00,0.0
2024-01-11T08:00,4.4,75,0.4,0.9,10.0,0,0.00,0.0
2024-01-11T09:00,5.7,67,0.1,2.0,10.8,0,0.00,9.0
2024-01-11T10:00,8.7,61,1.5,4.8,14.1,0,0.00,136.0
2024-01-11T11:00,11.6,58,3.5,8.0,14.4,0,0.00,317.0
2024-01-11T12:00,13.9,52,4.2,10.0,17.3,0,0.00,469.0
2024-01-11T13:00,15.9,50,5.3,12.2,18.2,0,0.00,570.0
2024-01-11T14:00,17.5,48,6.2,14.3,17.6,0,0.00,608.0
2024-01-11T15:00,18.6,47,7.1,15.2,19.4,0,0.00,582.0
2024-01-11T16:00,19.2,47,7.7,15.2,23.4,0,0.00,493.0
2024-01-11T17:00,19.4,54,9.9,15.7,25.1,0,0.00,346.0
2024-01-11T18:00,18.2,65,11.6,15.2,24.3,0,0.00,169.0
2024-01-11T19:00,16.9,77,12.9,14.4,23.0,0,0.00,21.0
2024-01-11T20:00,17.1,76,12.9,13.9,28.1,1,0.00,0.0
2024-01-11T21:00,17.2,76,12.9,13.7,30.0,0,0.00,0.0
2024-01-11T22:00,16.7,79,13.0,13.8,26.4,26,0.00,0.0
2024-01-11T23:00,15.9,82,12.9,13.8,20.4,35,0.00,0.0
2024-01-12T00:00,14.9,86,12.6,13.1,17.4,95,0.00,0.0
2024-01-12T01:00,14.1,90,12.4,12.6,15.8,53,0.00,0.0
2024-01-12T02:00,11.6,78,7.8,9.6,10.2,99,0.00,0.0
2024-01-12T03:00,11.4,63,4.6,7.8,16.3,86,0.00,0.0
2024-01-12T04:00,10.9,54,2.0,4.7,30.0,100,0.10,0.0
2024-01-12T05:00,4.7,57,-3.1,-2.7,32.6,0,0.00,0.0
2024-01-12T06:00,1.6,54,-6.6,-6.3,34.6,26,0.00,0.0
2024-01-12T07:00,-0.3,49,-9.8,-8.5,33.9,15,0.00,0.0
2024-01-12T08:00,-2.0,54,-10.0,-9.8,31.5,0,0.00,0.0
2024-01-12T09:00,-2.5,52,-11.1,-10.4,31.5,0,0.00,8.0
2024-01-12T10:00,-1.8,48,-11.2,-9.7,31.9,1,0.00,136.0
2024-01-12T11:00,-0.6,46,-10.9,-8.4,30.9,0,0.00,322.0
2024-01-12T12:00,0.8,43,-10.4,-7.0,30.8,14,0.00,479.0
2024-01-12T13:00,2.3,41,-9.6,-5.1,30.0,29,0.00,584.0
2024-01-12T14:00,3.7,39,-8.9,-3.4,28.9,17,0.00,624.0
2024-01-12T15:00,5.1,38,-8.1,-1.6,25.6,0,0.00,596.0
2024-01-12T16:00,6.0,37,-7.6,-0.1,20.9,1,0.00,508.0
2024-01-12T17:00,6.3,37,-7.4,0.9,16.6,25,0.00,363.0
2024-01-12T18:00,5.8,40,-6.6,1.5,9.8,31,0.00,180.0
2024-01-12T19:00,2.7,56,-5.2,-1.4,9.2,0,0.00,24.0
2024-01-12T20:00,5.1,42,-6.8,1.3,5.2,0,0.00,0.0
2024-01-12T21:00,2.2,60,-4.7,-1.7,8.2,0,0.00,0.0
2024-01-12T22:00,1.6,67,-3.9,-2.1,7.6,0,0.00,0.0
2024-01-12T23:00,1.9,65,-4.0,-2.2,9.7,0,0.00,0.0
2024-01-13T00:00,2.0,59,-5.2,-2.4,11.3,0,0.00,0.0
2024-01-13T01:00,2.0,57,-5.8,-2.6,11.8,0,0.00,0.0
2024-01-13T02:00,1.7,56,-6.1,-2.8,10.9,0,0.00,0.0
2024-01-13T03:00,1.5,58,-5.9,-3.1,11.6,0,0.00,0.0
2024-01-13T04:00,1.3,60,-5.7,-3.0,10.1,0,0.00,0.0
2024-01-13T05:00,1.5,61,-5.3,-3.2,12.3,0,0.00,0.0
2024-01-13T06:00,1.3,63,-5.1,-3.3,12.6,88,0.00,0.0
2024-01-13T07:00,1.4,62,-5.0,-3.4,13.7,88,0.00,0.0
2024-01-13T08:00,1.8,60,-5.2,-3.6,18.1,100,0.00,0.0
2024-01-13T09:00,2.8,57,-4.9,-3.2,21.7,5,0.00,7.0
2024-01-13T10:00,5.2,54,-3.3,-0.4,20.6,38,0.00,138.0
2024-01-13T11:00,7.6,51,-1.9,1.6,24.1,5,0.00,320.0
2024-01-13T12:00,9.9,47,-0.9,3.6,27.5,18,0.00,473.0
2024-01-13T13:00,12.2,43,0.0,6.4,25.9,16,0.00,574.0
2024-01-13T14:00,14.1,40,0.9,10.3,14.8,9,0.00,614.0
2024-01-13T15:00,14.6,38,0.4,11.0,12.0,3,0.00,586.0
2024-01-13T16:00,14.7,37,0.0,10.4,15.0,5,0.00,498.0
2024-01-13T17:00,11.9,41,-0.9,5.5,28.2,0,0.00,354.0
2024-01-13T18:00,6.2,45,-4.8,-0.9,29.6,0,0.00,177.0
2024-01-13T19:00,3.2,46,-7.3,-4.2,30.6,0,0.00,24.0
2024-01-13T20:00,-1.4,48,-10.9,-8.1,23.3,0,0.00,0.0
2024-01-13T21:00,-2.2,49,-11.4,-8.5,20.7,0,0.00,0.0
2024-01-13T22:00,-2.8,47,-12.6,-9.3,20.5,0,0.00,0.0
2024-01-13T23:00,-3.7,47,-13.4,-10.1,20.5,0,0.00,0.0
2024-01-14T00:00,-4.4,48,-13.8,-11.3,22.7,1,0.00,0.0
2024-01-14T01:00,-5.2,50,-14.0,-12.0,22.4,0,0.00,0.0
2024-01-14T02:00,-5.8,50,-14.5,-12.7,22.3,2,0.00,0.0
2024-01-14T03:00,-6.3,52,-14.6,-13.0,20.9,0,0.00,0.0
2024-01-14T04:00,-6.8,53,-14.8,-13.3,19.5,0,0.00,0.0
2024-01-14T05:00,-7.2,53,-15.2,-13.4,17.9,0,0.00,0.0
2024-01-14T06:00,-7.4,53,-15.5,-13.8,18.9,44,0.00,0.0
2024-01-14T07:00,-7.7,52,-15.8,-14.1,19.0,100,0.00,0.0
2024-01-14T08:00,-10.3,49,-19.1,-16.4,15.9,100,0.00,0.0
2024-01-14T09:00,-9.9,51,-18.2,-16.3,18.1,100,0.00,7.0
2024-01-14T10:00,-9.5,49,-18.1,-16.1,19.5,100,0.00,88.0
2024-01-14T11:00,-8.2,48,-17.5,-14.6,18.1,100,0.00,203.0
2024-01-14T12:00,-7.8,44,-18.0,-13.7,15.4,100,0.00,192.0
2024-01-14T13:00,-6.8,39,-18.4,-13.0,16.7,100,0.00,221.0
2024-01-14T14:00,-5.8,36,-18.6,-12.3,18.3,100,0.00,333.0
2024-01-14T15:00,-5.4,39,-17.1,-11.8,18.3,98,0.00,385.0
2024-01-14T16:00,-4.8,37,-17.2,-11.3,18.8,100,0.00,332.0
2024-01-14T17:00,-5.2,35,-18.1,-11.4,17.6,100,0.00,133.0
2024-01-14T18:00,-5.2,33,-19.0,-11.7,19.0,100,0.00,71.0
2024-01-14T19:00,-5.4,31,-20.1,-12.0,18.5,100,0.00,10.0
2024-01-14T20:00,-10.1,53,-17.9,-15.9,14.8,100,0.10,0.0
2024-01-14T21:00,-10.2,62,-16.0,-16.2,16.2,100,0.10,0.0
2024-01-14T22:00,-10.1,56,-17.3,-16.7,19.6,100,0.00,0.0
2024-01-14T23:00,-10.3,55,-17.6,-16.7,18.7,100,0.00,0.0
2024-01-15T00:00,-10.4,57,-17.2,-16.9,19.4,100,0.00,0.0
2024-01-15T01:00,-10.1,59,-16.6,-16.4,18.0,100,0.00,0.0
2024-01-15T02:00,-9.9,61,-16.1,-16.1,17.3,100,0.00,0.0
2024-01-15T03:00,-9.5,58,-16.1,-15.0,12.6,100,0.00,0.0
2024-01-15T04:00,-8.6,57,-15.6,-14.4,14.7,98,0.00,0.0
2024-01-15T05:00,-8.6,59,-15.2,-14.6,15.9,72,0.00,0.0
2024-01-15T06:00,-9.1,62,-15.1,-14.9,15.7,1,0.00,0.0
2024-01-15T07:00,-9.2,63,-15.0,-14.1,8.4,1,0.00,0.0
2024-01-15T08:00,-10.8,76,-14.2,-16.4,14.7,100,0.00,0.0
2024-01-15T09:00,-10.6,71,-14.9,-16.6,16.1,100,0.00,3.0
2024-01-15T10:00,-10.1,66,-15.2,-16.5,19.2,100,0.00,61.0
2024-01-15T11:00,-9.3,61,-15.4,-15.0,14.3,93,0.00,204.0
2024-01-15T12:00,-6.9,50,-15.6,-13.5,20.2,44,0.00,392.0
2024-01-15T13:00,-5.6,46,-15.4,-11.2,13.9,19,0.00,545.0
2024-01-15T14:00,-4.1,39,-16.1,-10.0,18.0,0,0.00,614.0
2024-01-15T15:00,-3.2,35,-16.5,-8.9,15.9,0,0.00,599.0
2024-01-15T16:00,-2.5,32,-17.0,-8.7,17.4,0,0.00,511.0
2024-01-15T17:00,-2.5,30,-17.6,-9.0,19.5,0,0.00,367.0
2024-01-15T18:00,-3.2,29,-18.6,-10.2,22.0,0,0.00,187.0
2024-01-15T19:00,-4.2,30,-19.3,-10.9,19.8,0,0.00,28.0
2024-01-15T20:00,-5.4,39,-17.2,-11.9,19.6,0,0.00,0.0
2024-01-15T21:00,-5.9,40,-17.4,-13.2,24.2,37,0.00,0.0
2024-01-15T22:00,-6.9,42,-17.8,-14.7,28.0,64,0.00,0.0
2024-01-15T23:00,-7.6,44,-17.9,-14.6,22.6,86,0.00,0.0
2024-01-16T00:00,-7.7,44,-17.9,-14.7,22.8,95,0.00,0.0
2024-01-16T01:00,-7.7,43,-18.1,-14.8,22.8,100,0.00,0.0
2024-01-16T02:00,-7.8,44,-18.0,-14.4,19.9,99,0.00,0.0
2024-01-16T03:00,-8.3,46,-18.0,-14.8,18.7,100,0.00,0.0
2024-01-16T04:00,-8.4,44,-18.5,-15.4,21.6,100,0.00,0.0
2024-01-16T05:00,-8.8,42,-19.4,-16.2,25.1,100,0.00,0.0
2024-01-16T06:00,-8.9,41,-19.6,-15.9,22.3,100,0.00,0.0
2024-01-16T07:00,-9.2,42,-19.9,-16.3,22.1,99,0.00,0.0
2024-01-16T08:00,-10.8,53,-18.6,-17.6,20.9,7,0.00,0.0
2024-01-16T09:00,-11.1,49,-19.7,-18.1,21.6,1,0.00,9.0
2024-01-16T10:00,-10.4,41,-21.2,-17.6,22.6,0,0.00,143.0
2024-01-16T11:00,-9.1,34,-22.0,-16.4,22.8,0,0.00,332.0
2024-01-16T12:00,-7.5,29,-22.6,-14.4,20.4,0,0.00,493.0
2024-01-16T13:00,-5.9,24,-23.1,-12.3,18.1,0,0.00,600.0
2024-01-16T14:00,-4.6,22,-23.4,-10.4,16.5,0,0.00,644.0
2024-01-16T15:00,-3.6,20,-23.4,-9.1,13.5,0,0.00,621.0
2024-01-16T16:00,-3.0,19,-23.5,-8.6,11.6,0,0.00,531.0
2024-01-16T17:00,-2.8,18,-23.7,-8.1,8.7,0,0.00,384.0
2024-01-16T18:00,-3.2,18,-24.0,-8.1,6.1,0,0.00,198.0
2024-01-16T19:00,-3.8,21,-22.9,-8.2,3.4,0,0.00,30.0
2024-01-16T20:00,-6.6,40,-18.1,-11.4,7.1,0,0.00,0.0
2024-01-16T21:00,-6.8,41,-17.8,-11.5,6.4,0,0.00,0.0
2024-01-16T22:00,-7.2,42,-18.0,-11.8,6.0,0,0.00,0.0
2024-01-16T23:00,-7.2,42,-18.1,-11.8,5.8,0,0.00,0.0
2024-01-17T00:00,-6.8,46,-16.5,-11.4,6.0,0,0.00,0.0
2024-01-17T01:00,-7.1,56,-14.3,-11.7,7.3,0,0.00,0.0
2024-01-17T02:00,-7.1,56,-14.4,-11.5,6.5,0,0.00,0.0
2024-01-17T03:00,-6.8,50,-15.6,-11.5,6.8,0,0.00,0.0
2024-01-17T04:00,-6.8,47,-16.4,-11.7,8.7,0,0.00,0.0
2024-01-17T05:00,-6.7,44,-16.9,-11.7,9.3,0,0.00,0.0
2024-01-17T06:00,-6.6,44,-16.8,-11.7,9.9,0,0.00,0.0
2024-01-17T07:00,-6.6,47,-15.9,-11.7,10.4,0,0.00,0.0
2024-01-17T08:00,-8.2,61,-14.4,-13.0,8.4,0,0.00,0.0
2024-01-17T09:00,-7.4,59,-14.1,-12.7,11.5,1,0.00,10.0
2024-01-17T10:00,-4.9,48,-14.3,-10.6,14.8,50,0.00,146.0
2024-01-17T11:00,-2.4,36,-15.6,-8.6,17.7,62,0.00,324.0
2024-01-17T12:00,-0.2,29,-16.1,-6.8,20.5,52,0.00,473.0
2024-01-17T13:00,1.7,25,-16.4,-5.2,22.8,49,0.00,575.0
2024-01-17T14:00,3.3,21,-17.0,-3.5,23.9,0,0.00,628.0
2024-01-17T15:00,4.7,19,-16.9,-2.3,24.3,0,0.00,614.0
2024-01-17T16:00,5.4,18,-17.1,-1.9,25.1,0,0.00,525.0
2024-01-17T17:00,5.3,15,-19.0,-2.4,26.8,0,0.00,378.0
2024-01-17T18:00,4.1,16,-19.6,-3.0,22.6,0,0.00,196.0
2024-01-17T19:00,2.0,19,-19.1,-5.1,22.5,0,0.00,32.0
2024-01-17T20:00,1.4,25,-16.5,-5.7,23.5,0,0.00,0.0
2024-01-17T21:00,1.1,27,-15.6,-6.3,26.5,0,0.00,0.0
2024-01-17T22:00,1.1,31,-14.1,-6.2,25.9,7,0.00,0.0
2024-01-17T23:00,1.2,35,-12.5,-6.0,26.3,22,0.00,0.0
2024-01-18T00:00,1.4,40,-10.9,-5.6,25.1,27,0.00,0.0
2024-01-18T01:00,1.8,41,-10.2,-5.4,26.4,88,0.00,0.0
2024-01-18T02:00,1.8,39,-10.6,-5.3,26.3,3,0.00,0.0
2024-01-18T03:00,1.8,40,-10.5,-5.2,25.6,16,0.00,0.0
2024-01-18T04:00,1.9,43,-9.4,-5.0,25.1,0,0.00,0.0
2024-01-18T05:00,1.7,48,-8.2,-4.1,18.4,0,0.00,0.0
2024-01-18T06:00,1.1,53,-7.4,-4.1,14.9,8,0.00,0.0
2024-01-18T07:00,1.2,55,-6.8,-4.5,18.7,46,0.00,0.0
2024-01-18T08:00,1.8,51,-7.2,-4.1,20.1,99,0.00,0.0
2024-01-18T09:00,2.0,54,-6.3,-3.0,14.2,72,0.00,7.0
2024-01-18T10:00,4.1,54,-4.4,-1.1,16.8,99,0.00,127.0
2024-01-18T11:00,7.3,47,-3.1,2.6,15.2,31,0.00,303.0
2024-01-18T12:00,10.4,43,-1.6,5.6,16.6,0,0.00,471.0
2024-01-18T13:00,11.1,43,-1.0,6.5,16.8,0,0.00,580.0
2024-01-18T14:00,11.6,43,-0.6,7.5,15.5,0,0.00,625.0
2024-01-18T15:00,12.1,43,-0.2,7.8,16.1,0,0.00,601.0
2024-01-18T16:00,12.2,42,-0.2,7.7,16.3,3,0.00,515.0
2024-01-18T17:00,12.0,44,0.1,7.8,14.1,0,0.00,372.0
2024-01-18T18:00,10.1,56,1.8,7.3,6.8,0,0.00,193.0
2024-01-18T19:00,5.2,73,0.7,1.5,11.4,0,0.00,32.0
2024-01-18T20:00,5.2,77,1.4,1.7,10.9,0,0.00,0.0
2024-01-18T21:00,4.8,77,1.1,1.4,9.5,0,0.00,0.0
2024-01-18T22:00,4.8,70,-0.2,0.8,12.3,0,0.00,0.0
2024-01-18T23:00,4.2,68,-1.2,-0.1,13.3,0,0.00,0.0
2024-01-19T00:00,3.8,67,-1.6,-0.8,15.8,0,0.00,0.0
2024-01-19T01:00,3.5,64,-2.7,-1.6,17.3,0,0.00,0.0
2024-01-19T02:00,3.5,58,-4.0,-2.5,22.7,0,0.00,0.0
2024-01-19T03:00,3.0,53,-5.7,-3.8,27.4,0,0.00,0.0
2024-01-19T04:00,1.2,57,-6.3,-5.9,28.8,0,0.00,0.0
2024-01-19T05:00,-0.6,65,-6.4,-7.9,29.5,0,0.00,0.0
2024-01-19T06:00,-1.8,67,-7.1,-8.7,27.0,0,0.00,0.0
2024-01-19T07:00,-2.5,65,-8.1,-9.1,23.8,0,0.00,0.0
2024-01-19T08:00,-3.0,66,-8.5,-9.0,19.9,0,0.00,0.0
2024-01-19T09:00,-3.6,59,-10.6,-10.1,21.8,0,0.00,10.0
2024-01-19T10:00,-3.4,50,-12.2,-10.3,24.2,0,0.00,141.0
2024-01-19T11:00,-3.2,48,-12.6,-10.6,26.7,0,0.00,324.0
2024-01-19T12:00,-2.3,49,-11.6,-9.2,23.9,0,0.00,479.0
2024-01-19T13:00,-1.5,46,-11.8,-8.3,23.9,0,0.00,583.0
2024-01-19T14:00,-0.6,43,-11.8,-7.0,22.7,0,0.00,627.0
2024-01-19T15:00,0.1,41,-11.6,-6.1,21.5,0,0.00,605.0
2024-01-19T16:00,0.6,40,-11.4,-5.9,21.3,0,0.00,518.0
2024-01-19T17:00,0.6,40,-11.5,-5.8,20.5,0,0.00,374.0
2024-01-19T18:00,0.0,40,-12.1,-6.2,19.1,0,0.00,195.0
2024-01-19T19:00,-1.2,44,-12.0,-6.6,13.3,0,0.00,33.0
2024-01-19T20:00,-2.0,46,-12.0,-6.9,10.6,0,0.00,0.0
2024-01-19T21:00,-2.7,51,-11.5,-7.3,8.8,0,0.00,0.0
2024-01-19T22:00,-3.2,55,-11.0,-7.8,8.0,0,0.00,0.0
2024-01-19T23:00,-3.6,58,-10.8,-8.1,8.1,0,0.00,0.0
2024-01-20T00:00,-3.8,56,-11.4,-8.6,9.8,0,0.00,0.0
2024-01-20T01:00,-4.0,52,-12.4,-9.2,11.8,0,0.00,0.0
2024-01-20T02:00,-4.2,50,-13.2,-9.6,12.9,0,0.00,0.0
2024-01-20T03:00,-4.5,48,-13.8,-10.0,13.7,0,0.00,0.0
2024-01-20T04:00,-4.8,49,-13.9,-10.1,12.8,0,0.00,0.0
2024-01-20T05:00,-5.0,49,-14.2,-10.4,12.6,0,0.00,0.0
2024-01-20T06:00,-5.2,49,-14.4,-10.5,12.2,0,0.00,0.0
2024-01-20T07:00,-5.3,48,-14.6,-10.4,10.5,0,0.00,0.0
2024-01-20T08:00,-6.3,51,-14.9,-11.5,11.4,25,0.00,0.0
2024-01-20T09:00,-6.2,48,-15.6,-11.8,13.9,14,0.00,10.0
2024-01-20T10:00,-5.2,39,-17.0,-11.1,15.5,3,0.00,141.0
2024-01-20T11:00,-4.0,34,-17.5,-9.9,14.9,17,0.00,325.0
2024-01-20T12:00,-2.7,30,-18.0,-8.3,12.9,35,0.00,480.0
2024-01-20T13:00,-1.2,26,-18.2,-6.4,11.3,31,0.00,586.0
2024-01-20T14:00,0.0,24,-18.2,-4.7,10.0,26,0.00,628.0
2024-01-20T15:00,0.9,23,-18.0,-3.8,9.3,99,0.00,607.0
2024-01-20T16:00,1.5,22,-17.8,-3.6,9.7,95,0.00,519.0
2024-01-20T17:00,1.6,22,-17.8,-3.6,10.5,100,0.00,378.0
2024-01-20T18:00,0.9,24,-17.6,-4.0,8.6,100,0.00,195.0
2024-01-20T19:00,-2.8,34,-16.5,-8.0,10.8,100,0.00,33.0
2024-01-20T20:00,-1.2,44,-12.0,-5.9,8.5,100,0.00,0.0
2024-01-20T21:00,-1.9,46,-11.9,-6.5,8.3,30,0.00,0.0
2024-01-20T22:00,-2.5,51,-11.2,-7.1,8.3,39,0.00,0.0
2024-01-20T23:00,-2.8,55,-10.7,-7.4,8.6,98,0.00,0.0
2024-01-21T00:00,-2.7,54,-10.8,-7.3,9.1,98,0.00,0.0
2024-01-21T01:00,-2.8,56,-10.4,-7.5,9.9,100,0.00,0.0
2024-01-21T02:00,-2.5,56,-10.1,-7.4,11.0,100,0.00,0.0
2024-01-21T03:00,-1.4,52,-9.9,-6.3,11.2,100,0.00,0.0
2024-01-21T04:00,-1.1,51,-9.9,-6.2,12.4,100,0.00,0.0
2024-01-21T05:00,-1.2,51,-10.1,-6.7,14.9,100,0.00,0.0
2024-01-21T06:00,-1.3,50,-10.4,-6.6,14.0,100,0.00,0.0
2024-01-21T07:00,-1.4,50,-10.5,-6.6,13.3,100,0.00,0.0
2024-01-21T08:00,-0.8,51,-9.6,-6.0,14.0,100,0.00,0.0
2024-01-21T09:00,-0.9,53,-9.3,-6.2,14.7,100,0.00,2.0
2024-01-21T10:00,-0.7,53,-9.2,-6.2,15.8,100,0.00,26.0
2024-01-21T11:00,-0.3,52,-9.0,-6.1,17.9,100,0.00,60.0
2024-01-21T12:00,0.3,50,-8.9,-5.8,20.1,100,0.00,120.0
2024-01-21T13:00,0.9,50,-8.3,-5.0,19.7,100,0.00,164.0
2024-01-21T14:00,1.5,49,-8.0,-4.4,19.2,100,0.00,178.0
2024-01-21T15:00,2.3,48,-7.6,-3.3,17.5,100,0.00,229.0
2024-01-21T16:00,2.2,49,-7.3,-3.0,15.1,100,0.00,88.0
2024-01-21T17:00,2.2,51,-7.0,-2.8,14.0,100,0.20,53.0
2024-01-21T18:00,2.1,57,-5.7,-2.9,14.8,100,0.30,34.0
2024-01-21T19:00,1.8,62,-4.7,-3.3,15.8,100,0.20,6.0
2024-01-21T20:00,2.5,64,-3.8,-2.5,16.0,100,0.30,0.0
2024-01-21T21:00,1.7,75,-2.3,-3.3,17.4,100,0.60,0.0
2024-01-21T22:00,1.4,77,-2.2,-3.9,19.4,100,0.60,0.0
2024-01-21T23:00,1.2,77,-2.4,-4.3,20.9,100,0.30,0.0
2024-01-22T00:00,1.5,80,-1.6,-4.0,21.3,100,0.20,0.0
2024-01-22T01:00,1.5,80,-1.6,-2.5,11.5,100,4.20,0.0
2024-01-22T02:00,1.4,86,-0.8,-1.9,7.1,100,0.20,0.0
2024-01-22T03:00,1.3,88,-0.5,-2.2,9.0,100,0.90,0.0
2024-01-22T04:00,1.3,89,-0.2,-2.1,8.4,100,0.60,0.0
2024-01-22T05:00,1.4,93,0.3,-2.1,9.5,100,0.40,0.0
2024-01-22T06:00,1.6,94,0.8,-1.8,9.6,100,0.50,0.0
2024-01-22T07:00,1.9,95,1.2,-1.5,10.1,100,0.50,0.0
2024-01-22T08:00,1.1,96,0.5,-2.2,8.3,100,0.40,0.0
2024-01-22T09:00,1.5,96,0.9,-1.8,8.7,100,0.90,1.0
2024-01-22T10:00,1.9,96,1.4,-1.3,8.4,100,2.70,13.0
2024-01-22T11:00,2.3,98,2.0,-1.3,12.3,100,3.70,22.0
2024-01-22T12:00,3.2,97,2.7,-0.4,13.0,100,3.30,49.0
2024-01-22T13:00,4.1,97,3.7,1.4,8.4,100,3.00,70.0
2024-01-22T14:00,4.8,98,4.5,2.2,9.2,100,1.70,67.0
2024-01-22T15:00,6.1,97,5.6,4.0,6.6,100,0.90,109.0
2024-01-22T16:00,6.4,97,5.9,4.3,7.6,100,0.30,84.0
2024-01-22T17:00,6.5,96,5.9,4.1,9.2,100,0.10,73.0
2024-01-22T18:00,6.4,97,5.9,4.1,9.4,100,0.00,56.0
2024-01-22T19:00,6.2,98,5.8,4.1,7.2,100,0.00,12.0
2024-01-22T20:00,4.6,98,4.3,2.6,4.2,100,0.00,0.0
2024-01-22T21:00,4.6,98,4.3,2.4,5.8,100,0.00,0.0
2024-01-22T22:00,4.7,98,4.4,3.0,2.7,100,0.00,0.0
2024-01-22T23:00,4.9,98,4.6,3.3,2.3,100,0.00,0.0
2024-01-23T00:00,5.0,98,4.7,3.0,4.8,100,0.00,0.0
2024-01-23T01:00,5.1,98,4.7,3.3,3.1,100,0.00,0.0
2024-01-23T02:00,5.3,97,4.8,3.8,1.8,100,0.00,0.0
2024-01-23T03:00,5.3,97,4.9,3.6,3.3,100,0.00,0.0
2024-01-23T04:00,5.4,98,5.1,3.4,5.4,100,0.00,0.0
2024-01-23T05:00,5.7,98,5.3,3.2,8.8,97,0.00,0.0
2024-01-23T06:00,5.2,99,5.0,2.9,7.3,100,0.00,0.0
2024-01-23T07:00,5.4,98,5.2,3.1,8.2,100,0.00,0.0
2024-01-23T08:00,4.8,97,4.4,1.9,11.1,100,0.00,0.0
2024-01-23T09:00,5.6,97,5.2,2.9,10.5,100,0.00,3.0
2024-01-23T10:00,6.8,95,6.1,4.6,8.3,100,0.00,28.0
2024-01-23T11:00,7.4,96,6.8,5.2,9.3,100,0.80,49.0
2024-01-23T12:00,7.9,96,7.4,5.3,13.3,100,0.90,126.0
2024-01-23T13:00,7.8,97,7.3,5.5,10.9,100,1.80,99.0
2024-01-23T14:00,7.8,97,7.3,5.4,11.9,100,1.60,68.0
2024-01-23T15:00,8.6,94,7.8,6.3,11.9,100,0.20,132.0
2024-01-23T16:00,10.4,90,8.8,8.6,10.1,100,0.00,271.0
2024-01-23T17:00,10.1,92,8.9,8.3,9.7,100,0.00,76.0
2024-01-23T18:00,9.8,94,8.9,7.8,11.2,100,0.20,48.0
2024-01-23T19:00,9.1,97,8.6,7.1,10.6,100,0.00,13.0
2024-01-23T20:00,8.6,97,8.2,6.6,10.5,100,0.10,0.0
2024-01-23T21:00,8.1,97,7.7,5.8,11.3,100,0.10,0.0
2024-01-23T22:00,7.8,97,7.4,5.7,9.9,100,0.00,0.0
2024-01-23T23:00,7.8,97,7.3,5.5,10.7,100,0.00,0.0
2024-01-24T00:00,7.6,96,7.0,5.0,12.3,100,0.00,0.0
2024-01-24T01:00,7.4,95,6.7,5.1,10.3,100,0.00,0.0
2024-01-24T02:00,7.2,95,6.5,4.7,11.3,100,0.00,0.0
2024-01-24T03:00,6.9,96,6.3,4.1,13.2,100,0.00,0.0
2024-01-24T04:00,6.9,95,6.1,4.4,10.2,100,0.00,0.0
2024-01-24T05:00,6.8,94,5.9,4.5,9.2,100,0.00,0.0
2024-01-24T06:00,6.7,95,5.8,4.0,10.8,100,0.00,0.0
2024-01-24T07:00,6.4,95,5.7,3.5,12.5,100,0.00,0.0
2024-01-24T08:00,6.7,94,5.8,3.8,12.2,100,0.00,0.0
2024-01-24T09:00,6.7,93,5.7,3.8,12.4,100,0.00,2.0
2024-01-24T10:00,7.3,91,5.9,4.4,13.0,100,0.00,33.0
2024-01-24T11:00,8.1,89,6.4,5.8,9.9,100,0.00,70.0
2024-01-24T12:00,8.9,88,6.9,6.7,9.4,100,0.10,102.0
2024-01-24T13:00,9.1,88,7.2,6.9,9.4,100,0.10,93.0
2024-01-24T14:00,9.6,87,7.6,7.8,7.9,100,0.10,137.0
2024-01-24T15:00,10.0,87,7.9,8.0,9.8,100,0.00,115.0
2024-01-24T16:00,10.6,86,8.4,8.7,10.1,100,0.00,114.0
2024-01-24T17:00,10.9,85,8.4,9.2,8.7,100,0.00,85.0
2024-01-24T18:00,10.6,86,8.4,8.9,8.9,100,0.00,47.0
2024-01-24T19:00,10.1,90,8.5,9.0,5.2,100,0.00,8.0
2024-01-24T20:00,9.9,93,8.7,9.0,3.3,100,0.10,0.0
2024-01-24T21:00,9.6,94,8.6,8.6,4.2,100,0.20,0.0
2024-01-24T22:00,9.5,94,8.6,8.6,3.4,100,0.00,0.0
2024-01-24T23:00,9.4,95,8.8,8.4,5.1,100,0.60,0.0
2024-01-25T00:00,9.2,95,8.4,8.0,5.5,100,0.90,0.0
2024-01-25T01:00,8.7,96,8.1,7.4,5.6,100,0.90,0.0
2024-01-25T02:00,8.2,97,7.7,6.1,10.4,100,0.20,0.0
2024-01-25T03:00,7.8,96,7.2,5.7,9.7,100,0.00,0.0
2024-01-25T04:00,7.6,96,6.9,5.8,6.6,100,0.00,0.0
2024-01-25T05:00,7.2,96,6.7,5.6,5.0,100,0.00,0.0
2024-01-25T06:00,6.6,97,6.2,4.9,4.8,44,0.00,0.0
2024-01-25T07:00,5.4,99,5.2,3.3,6.1,5,0.00,0.0
2024-01-25T08:00,6.9,99,6.8,5.1,7.3,96,0.00,0.0
2024-01-25T09:00,7.2,97,6.8,5.4,6.9,0,0.00,9.0
2024-01-25T10:00,8.1,94,7.2,6.2,8.3,4,0.00,130.0
2024-01-25T11:00,9.8,86,7.7,8.5,4.9,40,0.00,314.0
2024-01-25T12:00,11.4,82,8.4,10.3,4.9,52,0.00,445.0
2024-01-25T13:00,13.0,76,8.9,12.0,5.1,100,0.00,521.0
2024-01-25T14:00,14.1,72,9.2,12.6,9.0,100,0.00,463.0
2024-01-25T15:00,14.9,69,9.4,13.3,10.5,71,0.00,455.0
2024-01-25T16:00,15.5,67,9.4,13.8,10.3,49,0.00,447.0
2024-01-25T17:00,15.8,64,9.0,14.3,8.2,65,0.00,353.0
2024-01-25T18:00,15.1,75,10.7,14.8,3.1,58,0.00,191.0
2024-01-25T19:00,13.2,74,8.6,12.0,5.9,55,0.00,41.0
2024-01-25T20:00,8.9,89,7.2,6.9,8.7,100,0.00,0.0
2024-01-25T21:00,8.5,92,7.2,6.5,9.0,100,0.00,0.0
2024-01-25T22:00,8.0,93,7.0,6.3,6.2,98,0.00,0.0
2024-01-25T23:00,6.9,95,6.2,4.6,9.2,0,0.00,0.0
2024-01-26T00:00,6.4,96,5.9,4.3,7.4,93,0.00,0.0
2024-01-26T01:00,5.4,98,5.1,2.7,10.5,0,0.00,0.0
2024-01-26T02:00,4.9,99,4.7,2.2,9.9,0,0.00,0.0
2024-01-26T03:00,4.3,100,4.3,1.5,10.0,63,0.00,0.0
2024-01-26T04:00,5.6,100,5.5,3.4,6.9,65,0.00,0.0
2024-01-26T05:00,5.5,100,5.5,3.5,6.1,98,0.00,0.0
2024-01-26T06:00,5.6,100,5.6,3.8,4.9,100,0.00,0.0
2024-01-26T07:00,4.0,100,4.0,1.8,4.7,100,0.00,0.0
2024-01-26T08:00,7.4,98,7.2,5.5,8.6,100,0.00,0.0
2024-01-26T09:00,8.1,97,7.7,6.3,8.4,100,0.00,5.0
2024-01-26T10:00,9.1,94,8.2,7.2,9.8,100,0.00,58.0
2024-01-26T11:00,10.2,90,8.6,8.3,10.3,100,0.00,160.0
2024-01-26T12:00,11.9,84,9.2,10.2,10.8,96,0.00,314.0
2024-01-26T13:00,13.6,77,9.7,12.2,9.4,94,0.00,459.0
2024-01-26T14:00,13.9,75,9.6,11.8,13.5,100,0.00,397.0
2024-01-26T15:00,14.6,71,9.4,12.0,17.1,100,0.00,329.0
2024-01-26T16:00,14.6,71,9.2,12.6,11.9,100,0.00,227.0
2024-01-26T17:00,12.0,83,9.2,8.2,24.6,100,0.50,56.0
2024-01-26T18:00,11.8,84,9.2,8.5,21.1,100,1.40,38.0
2024-01-26T19:00,11.9,85,9.4,9.3,16.2,100,0.00,11.0
2024-01-26T20:00,10.1,94,9.1,7.8,14.5,100,2.80,0.0
2024-01-26T21:00,10.2,94,9.2,7.9,14.5,99,2.00,0.0
2024-01-26T22:00,10.0,94,9.1,7.9,12.9,100,2.70,0.0
2024-01-26T23:00,9.6,95,8.8,8.5,5.2,100,0.90,0.0
2024-01-27T00:00,9.1,96,8.5,6.1,18.1,100,6.80,0.0
2024-01-27T01:00,9.0,95,8.2,5.9,17.9,99,1.60,0.0
2024-01-27T02:00,8.8,94,7.9,5.1,21.6,100,1.50,0.0
2024-01-27T03:00,8.6,94,7.7,4.9,21.0,91,2.70,0.0
2024-01-27T04:00,8.4,93,7.2,4.6,20.6,100,0.30,0.0
2024-01-27T05:00,8.0,92,6.8,4.2,20.4,100,0.00,0.0
2024-01-27T06:00,7.6,91,6.2,3.4,21.9,100,0.00,0.0
2024-01-27T07:00,7.3,89,5.7,3.1,21.7,100,0.00,0.0
2024-01-27T08:00,7.6,92,6.3,3.9,18.6,100,0.00,0.0
2024-01-27T09:00,7.3,90,5.8,3.4,19.9,100,0.00,4.0
2024-01-27T10:00,7.7,84,5.1,3.3,21.9,100,0.00,65.0
2024-01-27T11:00,8.1,78,4.4,3.2,23.8,100,0.00,153.0
2024-01-27T12:00,8.8,73,4.2,3.6,26.4,100,0.00,320.0
2024-01-27T13:00,9.2,69,3.9,3.9,26.5,99,0.00,346.0
2024-01-27T14:00,9.8,65,3.6,4.3,27.5,97,0.00,338.0
2024-01-27T15:00,11.1,62,4.2,5.8,26.8,45,0.00,416.0
2024-01-27T16:00,11.4,62,4.4,6.2,25.9,33,0.00,481.0
2024-01-27T17:00,10.4,63,3.8,5.4,23.9,32,0.00,375.0
2024-01-27T18:00,9.6,63,3.0,5.0,20.3,8,0.00,208.0
2024-01-27T19:00,8.1,69,2.8,4.3,14.8,21,0.00,45.0
2024-01-27T20:00,6.5,78,3.0,3.4,10.2,10,0.00,0.0
2024-01-27T21:00,5.5,83,2.8,2.3,10.9,6,0.00,0.0
2024-01-27T22:00,4.8,86,2.7,1.3,12.9,0,0.00,0.0
2024-01-27T23:00,4.2,87,2.2,0.3,14.3,0,0.00,0.0
2024-01-28T00:00,3.7,87,1.6,-0.4,15.0,0,0.00,0.0
2024-01-28T01:00,3.2,85,1.0,-1.0,15.0,0,0.00,0.0
2024-01-28T02:00,2.8,86,0.6,-1.2,13.3,0,0.00,0.0
2024-01-28T03:00,2.4,87,0.4,-1.3,11.4,0,0.00,0.0
2024-01-28T04:00,2.0,89,0.3,-1.5,10.1,0,0.00,0.0
2024-01-28T05:00,2.0,89,0.3,-1.6,10.2,0,0.00,0.0
2024-01-28T06:00,1.8,89,0.2,-1.7,9.3,0,0.00,0.0
2024-01-28T07:00,1.5,89,-0.1,-1.9,8.2,0,0.00,0.0
2024-01-28T08:00,0.3,92,-0.9,-3.3,9.4,0,0.00,0.0
2024-01-28T09:00,1.1,91,-0.2,-1.9,5.9,0,0.00,14.0
2024-01-28T10:00,4.1,82,1.2,1.1,7.3,0,0.00,158.0
2024-01-28T11:00,6.9,74,2.7,4.4,5.7,0,0.00,348.0
2024-01-28T12:00,9.6,68,3.9,7.4,4.9,0,0.00,508.0
2024-01-28T13:00,11.7,63,5.0,10.1,5.2,0,0.00,616.0
2024-01-28T14:00,13.4,60,5.7,12.1,6.1,0,0.00,660.0
2024-01-28T15:00,14.6,56,5.9,13.1,7.6,0,0.00,638.0
2024-01-28T16:00,15.4,52,5.7,13.2,7.8,0,0.00,551.0
2024-01-28T17:00,15.7,50,5.3,13.5,7.2,0,0.00,408.0
2024-01-28T18:00,14.6,68,8.7,13.6,4.6,0,0.00,226.0
2024-01-28T19:00,13.4,58,5.2,11.5,5.1,0,0.00,50.0
2024-01-28T20:00,9.7,72,4.8,7.0,9.7,0,0.00,0.0
2024-01-28T21:00,8.1,79,4.7,5.2,10.5,0,0.00,0.0
2024-01-28T22:00,7.3,82,4.4,4.6,9.3,0,0.00,0.0
2024-01-28T23:00,6.7,82,3.8,4.0,8.3,0,0.00,0.0
2024-01-29T00:00,6.3,82,3.5,3.6,8.3,0,0.00,0.0
2024-01-29T01:00,5.8,85,3.5,3.1,8.4,0,0.00,0.0
2024-01-29T02:00,5.7,84,3.2,2.8,8.8,0,0.00,0.0
2024-01-29T03:00,5.4,81,2.5,2.5,8.5,0,0.00,0.0
2024-01-29T04:00,5.2,82,2.3,2.2,8.4,0,0.00,0.0
2024-01-29T05:00,5.2,82,2.3,2.1,9.2,0,0.00,0.0
2024-01-29T06:00,5.2,80,2.2,2.0,10.2,0,0.00,0.0
2024-01-29T07:00,5.3,79,2.0,2.0,10.7,0,0.00,0.0
2024-01-29T08:00,5.8,77,2.0,2.2,12.2,0,0.00,0.0
2024-01-29T09:00,6.2,76,2.2,2.7,11.4,0,0.00,14.0
2024-01-29T10:00,9.1,68,3.6,5.9,11.8,0,0.00,156.0
2024-01-29T11:00,12.1,61,4.9,9.7,8.2,0,0.00,343.0
2024-01-29T12:00,14.8,55,5.9,12.6,8.3,0,0.00,503.0
2024-01-29T13:00,17.1,51,6.9,15.3,9.1,0,0.00,611.0
2024-01-29T14:00,18.7,49,7.7,17.1,10.9,2,0.00,656.0
2024-01-29T15:00,19.8,46,7.7,17.9,11.9,18,0.00,634.0
2024-01-29T16:00,20.4,43,7.2,17.9,11.6,80,0.00,547.0
2024-01-29T17:00,20.2,42,7.0,17.9,10.4,48,0.00,406.0
2024-01-29T18:00,18.1,64,11.3,17.6,6.2,69,0.00,226.0
2024-01-29T19:00,15.7,61,8.1,14.1,7.6,99,0.00,52.0
2024-01-29T20:00,13.6,70,8.1,11.8,8.8,100,0.00,0.0
2024-01-29T21:00,12.1,74,7.6,10.4,7.6,100,0.00,0.0
2024-01-29T22:00,11.3,73,6.6,9.2,8.6,100,0.00,0.0
2024-01-29T23:00,10.4,72,5.7,8.1,8.4,100,0.00,0.0
2024-01-30T00:00,9.8,73,5.2,7.1,9.8,100,0.00,0.0
2024-01-30T01:00,9.3,73,4.8,6.6,10.0,100,0.00,0.0
2024-01-30T02:00,8.8,75,4.6,6.1,9.5,100,0.00,0.0
2024-01-30T03:00,8.4,77,4.6,5.8,9.1,98,0.00,0.0
2024-01-30T04:00,8.2,76,4.2,5.5,9.0,93,0.00,0.0
2024-01-30T05:00,7.8,75,3.8,5.0,9.1,60,0.00,0.0
2024-01-30T06:00,7.7,74,3.3,4.7,10.0,22,0.00,0.0
2024-01-30T07:00,7.6,73,3.0,4.5,9.7,12,0.00,0.0
2024-01-30T08:00,7.6,72,3.0,4.6,9.3,0,0.00,0.0
2024-01-30T09:00,8.1,72,3.3,5.2,8.7,0,0.00,15.0
2024-01-30T10:00,11.0,66,4.9,8.1,11.2,0,0.00,159.0
2024-01-30T11:00,13.6,61,6.3,11.4,8.9,0,0.00,346.0
2024-01-30T12:00,15.9,59,7.8,14.0,8.8,0,0.00,505.0
2024-01-30T13:00,18.1,55,8.9,16.7,9.8,0,0.00,613.0
2024-01-30T14:00,20.0,50,9.4,18.8,11.3,0,0.00,658.0
2024-01-30T15:00,21.2,47,9.4,19.9,11.5,0,0.00,637.0
2024-01-30T16:00,21.8,43,8.6,19.8,11.3,0,0.00,551.0
2024-01-30T17:00,21.6,43,8.4,19.7,10.2,0,0.00,410.0
2024-01-30T18:00,19.5,63,12.4,19.4,5.9,0,0.00,231.0
2024-01-30T19:00,15.8,67,9.6,14.3,9.5,0,0.00,54.0
2024-01-30T20:00,18.8,49,7.8,17.5,4.7,0,0.00,0.0
2024-01-30T21:00,14.1,67,8.1,12.5,7.2,0,0.00,0.0
2024-01-30T22:00,11.1,80,7.8,9.3,8.6,0,0.00,0.0
2024-01-30T23:00,10.4,81,7.2,8.8,6.5,0,0.00,0.0
2024-01-31T00:00,9.4,86,7.2,7.6,6.8,0,0.00,0.0
2024-01-31T01:00,8.8,89,7.2,6.9,8.2,0,0.00,0.0
2024-01-31T02:00,9.0,87,7.0,7.7,3.7,0,0.00,0.0
2024-01-31T03:00,7.6,91,6.2,5.9,4.7,0,0.00,0.0
2024-01-31T04:00,7.1,91,5.8,5.2,6.1,0,0.00,0.0
2024-01-31T05:00,6.4,92,5.3,4.2,7.7,0,0.00,0.0
2024-01-31T06:00,5.9,93,4.9,3.6,7.6,0,0.00,0.0
2024-01-31T07:00,5.7,93,4.7,3.5,6.0,0,0.00,0.0
2024-01-31T08:00,5.9,90,4.4,3.8,5.6,0,0.00,0.0
2024-01-31T09:00,6.7,90,5.1,4.6,5.4,0,0.00,16.0
2024-01-31T10:00,9.8,81,6.8,8.1,5.8,0,0.00,160.0
2024-01-31T11:00,13.1,72,8.2,12.4,1.8,5,0.00,348.0
2024-01-31T12:00,15.9,67,9.6,15.3,3.1,0,0.00,507.0
2024-01-31T13:00,18.2,59,10.1,18.0,4.8,0,0.00,616.0
2024-01-31T14:00,19.9,55,10.6,19.8,6.8,0,0.00,662.0
2024-01-31T15:00,21.0,52,10.7,20.3,9.7,31,0.00,642.0
2024-01-31T16:00,21.4,49,10.1,19.8,11.5,85,0.00,556.0
2024-01-31T17:00,21.1,49,9.9,19.3,12.4,25,0.00,413.0
2024-01-31T18:00,19.8,58,11.1,18.8,9.0,100,0.00,234.0
2024-01-31T19:00,15.9,71,10.7,14.8,8.5,100,0.00,55.0
2024-01-31T20:00,15.8,63,8.8,14.1,9.4,100,0.00,0.0
2024-01-31T21:00,14.8,64,8.1,12.9,9.4,100,0.00,0.0
2024-01-31T22:00,13.4,70,7.9,11.5,8.9,100,0.00,0.0
2024-01-31T23:00,12.1,76,7.9,10.3,8.5,100,0.00,0.0
2024-02-01T00:00,12.3,68,6.6,9.9,10.5,100,0.00,0.0
2024-02-01T01:00,13.4,56,4.8,10.2,13.2,100,0.00,0.0
2024-02-01T02:00,13.2,58,5.0,9.9,14.1,94,0.00,0.0
2024-02-01T03:00,12.1,62,5.2,9.1,12.7,84,0.00,0.0
2024-02-01T04:00,11.2,65,5.0,8.0,13.8,100,0.00,0.0
2024-02-01T05:00,10.8,66,4.8,7.9,10.9,100,0.00,0.0
2024-02-01T06:00,10.6,67,4.7,7.8,9.8,98,0.00,0.0
2024-02-01T07:00,10.1,69,4.6,7.5,8.8,100,0.00,0.0
2024-02-01T08:00,10.0,70,4.8,6.9,12.6,100,0.00,0.0
2024-02-01T09:00,10.8,68,5.2,7.9,11.7,75,0.00,11.0
2024-02-01T10:00,12.2,72,7.2,10.0,10.5,8,0.50,118.0
2024-02-01T11:00,14.5,67,8.4,12.5,10.9,0,0.00,321.0
2024-02-01T12:00,16.6,59,8.6,14.5,12.3,0,0.00,509.0
2024-02-01T13:00,18.5,54,9.1,16.5,14.4,0,0.00,621.0
2024-02-01T14:00,19.7,51,9.1,17.4,18.0,0,0.00,666.0
2024-02-01T15:00,20.4,49,9.4,17.6,21.3,0,0.00,641.0
2024-02-01T16:00,20.9,50,9.9,17.6,22.3,11,0.00,554.0
2024-02-01T17:00,20.7,51,10.1,17.3,23.5,4,0.00,412.0
2024-02-01T18:00,19.8,59,11.4,17.3,20.1,25,0.00,234.0
2024-02-01T19:00,17.9,65,11.2,15.7,17.4,79,0.00,56.0
2024-02-01T20:00,17.6,67,11.5,15.3,19.6,99,0.00,0.0
2024-02-01T21:00,17.1,69,11.4,14.7,20.0,100,0.00,0.0
2024-02-01T22:00,16.6,73,11.8,14.3,20.0,96,0.00,0.0
2024-02-01T23:00,15.9,78,12.1,13.8,18.4,99,0.00,0.0
2024-02-02T00:00,15.6,80,12.1,13.6,17.7,12,0.00,0.0
2024-02-02T01:00,14.9,83,12.1,13.1,16.6,0,0.00,0.0
2024-02-02T02:00,14.4,85,11.9,12.6,16.6,0,0.00,0.0
2024-02-02T03:00,13.9,87,11.9,12.1,16.9,0,0.00,0.0
2024-02-02T04:00,13.4,91,11.9,11.7,16.2,0,0.00,0.0
2024-02-02T05:00,13.1,93,12.0,11.6,14.8,1,0.00,0.0
2024-02-02T06:00,12.9,95,12.0,11.5,13.7,14,0.00,0.0
2024-02-02T07:00,12.6,96,11.9,11.3,12.4,71,0.00,0.0
2024-02-02T08:00,12.3,97,11.9,11.0,12.8,100,0.00,0.0
2024-02-02T09:00,13.4,97,12.9,12.1,15.2,100,0.00,10.0
2024-02-02T10:00,14.6,95,13.7,13.1,17.8,100,0.00,49.0
2024-02-02T11:00,15.6,91,14.1,13.7,22.8,100,0.00,119.0
2024-02-02T12:00,16.5,87,14.4,14.3,25.6,100,0.10,163.0
2024-02-02T13:00,17.4,86,15.0,15.3,25.6,100,0.10,251.0
2024-02-02T14:00,18.1,83,15.2,16.3,24.5,100,0.20,244.0
2024-02-02T15:00,18.5,82,15.5,16.9,23.8,100,0.10,197.0
2024-02-02T16:00,19.2,81,15.9,17.9,22.4,100,0.40,203.0
2024-02-02T17:00,18.9,82,15.7,16.6,28.8,91,0.10,135.0
2024-02-02T18:00,18.1,86,15.6,16.3,25.3,100,3.30,117.0
2024-02-02T19:00,17.2,90,15.6,16.4,18.8,100,0.00,20.0
2024-02-02T20:00,16.6,92,15.3,14.7,25.8,99,2.20,0.0
2024-02-02T21:00,15.9,93,14.8,13.5,27.0,15,0.20,0.0
2024-02-02T22:00,15.4,95,14.6,14.7,15.3,100,0.00,0.0
2024-02-02T23:00,15.6,95,14.8,15.5,12.0,100,0.00,0.0
2024-02-03T00:00,15.9,94,14.9,15.7,12.6,100,0.00,0.0
2024-02-03T01:00,15.9,93,14.8,15.2,16.2,100,1.10,0.0
2024-02-03T02:00,15.8,93,14.7,14.8,17.4,100,4.90,0.0
2024-02-03T03:00,15.4,87,13.4,13.0,24.3,100,5.10,0.0
2024-02-03T04:00,14.4,79,10.8,11.8,19.8,100,1.50,0.0
2024-02-03T05:00,13.6,86,11.4,12.4,11.0,100,0.10,0.0
2024-02-03T06:00,13.0,92,11.7,12.1,9.8,100,0.00,0.0
2024-02-03T07:00,11.8,95,11.1,10.9,8.6,100,0.00,0.0
2024-02-03T08:00,11.9,95,11.2,10.4,13.1,100,0.00,0.0
2024-02-03T09:00,12.4,93,11.3,10.3,17.7,100,0.00,9.0
2024-02-03T10:00,13.4,89,11.7,11.5,16.7,100,0.00,56.0
2024-02-03T11:00,14.6,88,12.6,12.7,18.7,100,0.00,166.0
2024-02-03T12:00,14.9,87,12.7,12.8,20.1,76,1.40,201.0
2024-02-03T13:00,17.1,77,13.1,14.9,21.8,34,0.10,415.0
2024-02-03T14:00,19.0,55,9.6,16.3,18.5,29,0.10,566.0
2024-02-03T15:00,19.2,47,7.6,16.1,18.5,26,0.10,586.0
2024-02-03T16:00,19.6,44,7.0,16.3,17.6,5,0.00,538.0
2024-02-03T17:00,19.4,32,2.2,15.4,15.6,0,0.00,411.0
2024-02-03T18:00,17.9,40,4.0,14.8,11.8,0,0.00,257.0
2024-02-03T19:00,14.2,50,4.0,11.5,8.6,0,0.00,67.0
2024-02-03T20:00,12.3,59,4.6,9.3,11.6,1,0.00,0.0
2024-02-03T21:00,13.6,50,3.2,11.7,2.2,0,0.00,0.0
2024-02-03T22:00,10.1,76,6.0,8.0,7.4,0,0.00,0.0
2024-02-03T23:00,9.4,88,7.6,7.4,9.4,0,0.00,0.0
2024-02-04T00:00,8.2,92,7.1,6.4,7.6,0,0.00,0.0
2024-02-04T01:00,8.1,96,7.4,6.2,7.8,57,0.00,0.0
2024-02-04T02:00,7.8,98,7.6,5.9,8.7,67,0.00,0.0
2024-02-04T03:00,8.2,99,8.1,6.2,10.9,63,0.00,0.0
2024-02-04T04:00,8.0,100,8.0,5.9,10.9,100,0.00,0.0
2024-02-04T05:00,8.1,100,8.1,5.9,11.5,100,0.00,0.0
2024-02-04T06:00,7.9,100,7.9,6.0,10.0,100,0.00,0.0
2024-02-04T07:00,7.8,100,7.8,6.1,8.3,100,0.00,0.0
2024-02-04T08:00,10.0,100,9.9,7.7,15.6,100,0.10,0.0
2024-02-04T09:00,10.2,99,10.1,7.6,18.4,100,0.10,5.0
2024-02-04T10:00,10.8,92,9.6,8.3,16.5,100,0.30,37.0
2024-02-04T11:00,11.4,87,9.4,8.8,17.3,100,0.10,126.0
2024-02-04T12:00,12.2,82,9.2,9.1,19.8,100,0.10,224.0
2024-02-04T13:00,13.5,72,8.6,10.0,21.3,100,0.10,301.0
2024-02-04T14:00,14.4,69,8.8,11.1,21.0,100,0.10,283.0
2024-02-04T15:00,15.6,61,8.1,11.9,21.8,100,0.10,337.0
2024-02-04T16:00,13.4,73,8.6,9.6,23.3,30,1.60,181.0
2024-02-04T17:00,15.1,66,8.9,11.6,22.2,39,0.00,359.0
2024-02-04T18:00,14.2,64,7.4,10.3,22.5,45,0.00,207.0
2024-02-04T19:00,13.2,66,6.9,9.2,22.7,48,0.00,47.0
2024-02-04T20:00,12.6,72,7.8,9.0,21.0,100,0.00,0.0
2024-02-04T21:00,12.6,68,7.0,8.8,21.4,81,0.00,0.0
2024-02-04T22:00,12.2,68,6.5,7.5,26.3,100,0.00,0.0
2024-02-04T23:00,11.9,71,6.9,7.1,27.7,100,0.00,0.0
2024-02-05T00:00,11.1,77,7.2,6.4,26.6,100,0.00,0.0
2024-02-05T01:00,11.1,77,7.2,6.3,27.6,100,0.00,0.0
2024-02-05T02:00,10.9,77,7.1,6.3,26.0,100,0.00,0.0
2024-02-05T03:00,10.5,79,7.1,6.0,25.8,100,0.00,0.0
2024-02-05T04:00,10.4,79,6.8,5.9,25.3,100,0.00,0.0
2024-02-05T05:00,10.1,79,6.5,5.4,25.8,100,0.00,0.0
2024-02-05T06:00,9.6,79,6.1,5.0,25.0,100,0.00,0.0
2024-02-05T07:00,9.4,77,5.6,4.9,23.2,100,0.00,0.0
2024-02-05T08:00,9.6,80,6.2,5.3,22.9,100,0.00,0.0
2024-02-05T09:00,9.4,78,5.8,4.8,24.0,56,0.00,10.0
2024-02-05T10:00,9.8,74,5.4,5.0,25.1,9,0.00,143.0
2024-02-05T11:00,10.6,70,5.3,6.0,23.9,7,0.00,352.0
2024-02-05T12:00,11.9,65,5.5,7.5,22.7,0,0.00,498.0
2024-02-05T13:00,13.2,62,6.2,9.3,22.5,0,0.00,622.0
2024-02-05T14:00,14.5,58,6.4,11.0,21.6,0,0.00,671.0
2024-02-05T15:00,15.4,56,6.7,12.0,21.1,0,0.00,653.0
2024-02-05T16:00,15.9,54,6.6,12.1,20.7,0,0.00,571.0
2024-02-05T17:00,15.7,54,6.3,11.9,19.6,0,0.00,433.0
2024-02-05T18:00,15.1,56,6.4,11.9,15.7,0,0.00,254.0
2024-02-05T19:00,12.6,66,6.3,10.4,8.7,0,0.00,70.0
2024-02-05T20:00,11.4,71,6.2,9.0,9.4,0,0.00,0.0
2024-02-05T21:00,10.6,73,5.9,8.2,9.5,0,0.00,0.0
2024-02-05T22:00,9.5,79,6.1,7.1,9.8,0,0.00,0.0
2024-02-05T23:00,8.6,83,6.0,6.2,9.9,0,0.00,0.0
2024-02-06T00:00,8.1,85,5.7,5.6,9.7,0,0.00,0.0
2024-02-06T01:00,7.2,87,5.2,4.8,8.6,0,0.00,0.0
2024-02-06T02:00,6.4,88,4.6,4.0,7.7,0,0.00,0.0
2024-02-06T03:00,5.8,89,4.1,3.2,7.6,0,0.00,0.0
2024-02-06T04:00,5.2,90,3.7,2.7,7.2,0,0.00,0.0
2024-02-06T05:00,4.7,91,3.4,2.2,6.6,1,0.00,0.0
2024-02-06T06:00,4.2,92,3.0,1.5,7.2,4,0.00,0.0
2024-02-06T07:00,3.7,93,2.7,0.9,7.7,0,0.00,0.0
2024-02-06T08:00,3.5,94,2.6,0.4,9.0,2,0.00,0.0
2024-02-06T09:00,4.9,92,3.7,2.8,4.8,31,0.00,22.0
2024-02-06T10:00,7.6,82,4.8,5.6,4.7,23,0.00,180.0
2024-02-06T11:00,10.1,73,5.4,8.3,4.3,7,0.00,373.0
2024-02-06T12:00,12.2,65,5.8,10.8,2.3,18,0.00,536.0
2024-02-06T13:00,14.0,59,6.2,13.5,1.6,22,0.00,647.0
2024-02-06T14:00,15.4,53,5.9,14.9,2.9,31,0.00,695.0
2024-02-06T15:00,16.3,49,5.5,15.5,3.4,97,0.00,674.0
2024-02-06T16:00,16.8,46,5.2,14.9,4.3,95,0.00,549.0
2024-02-06T17:00,16.7,47,5.2,14.5,6.9,62,0.00,398.0
2024-02-06T18:00,16.1,53,6.6,14.3,6.4,100,0.00,241.0
2024-02-06T19:00,12.5,70,7.2,10.5,9.2,100,0.00,66.0
2024-02-06T20:00,14.0,61,6.5,11.8,9.3,100,0.00,0.0
2024-02-06T21:00,12.7,68,6.9,10.8,7.7,100,0.00,0.0
2024-02-06T22:00,12.6,65,6.3,10.3,9.9,100,0.00,0.0
2024-02-06T23:00,11.9,65,5.4,9.0,12.0,100,0.00,0.0
2024-02-07T00:00,11.8,65,5.4,9.2,9.9,100,0.00,0.0
2024-02-07T01:00,11.4,67,5.6,8.9,9.7,100,0.00,0.0
2024-02-07T02:00,11.7,63,4.8,8.5,13.4,100,0.00,0.0
2024-02-07T03:00,11.5,61,4.3,8.3,12.4,100,0.00,0.0
2024-02-07T04:00,10.9,66,4.8,7.6,13.5,100,0.00,0.0
2024-02-07T05:00,10.4,71,5.3,7.6,10.8,97,0.00,0.0
2024-02-07T06:00,9.6,75,5.3,6.7,12.2,0,0.00,0.0
2024-02-07T07:00,9.1,76,5.1,6.0,13.4,95,0.00,0.0
2024-02-07T08:00,9.1,72,4.3,5.6,14.8,99,0.00,0.0
2024-02-07T09:00,9.6,70,4.4,6.1,15.5,42,0.00,20.0
2024-02-07T10:00,11.6,67,5.7,8.3,15.6,100,0.00,179.0
2024-02-07T11:00,13.5,62,6.3,10.0,17.7,100,0.00,336.0
2024-02-07T12:00,15.2,60,7.4,12.0,17.1,99,0.00,455.0
2024-02-07T13:00,16.8,58,8.4,13.7,20.8,99,0.00,627.0
2024-02-07T14:00,17.8,55,8.7,14.4,24.0,99,0.00,663.0
2024-02-07T15:00,18.5,50,7.8,14.7,25.7,95,0.00,641.0
2024-02-07T16:00,18.6,45,6.4,13.8,27.1,98,0.00,546.0
2024-02-07T17:00,18.4,45,6.2,13.3,28.0,100,0.00,417.0
2024-02-07T18:00,17.1,45,5.2,12.5,23.9,100,0.00,176.0
2024-02-07T19:00,15.9,50,5.4,12.2,18.0,100,0.00,41.0
2024-02-07T20:00,15.4,54,6.2,12.2,15.5,100,0.00,0.0
2024-02-07T21:00,15.1,61,7.8,11.7,19.3,100,0.00,0.0
2024-02-07T22:00,15.6,68,9.6,12.3,21.4,100,0.00,0.0
2024-02-07T23:00,15.6,71,10.3,12.2,24.3,92,0.00,0.0
2024-02-08T00:00,15.1,75,10.7,12.8,17.4,100,0.00,0.0
2024-02-08T01:00,15.6,77,11.6,13.4,18.9,100,0.50,0.0
2024-02-08T02:00,15.9,78,12.1,13.4,21.4,100,0.00,0.0
2024-02-08T03:00,15.9,79,12.2,13.2,23.2,100,0.00,0.0
2024-02-08T04:00,15.7,80,12.4,13.1,23.0,22,0.10,0.0
2024-02-08T05:00,15.2,83,12.4,12.3,25.0,4,0.00,0.0
2024-02-08T06:00,14.7,86,12.4,12.3,21.8,2,0.00,0.0
2024-02-08T07:00,14.1,90,12.4,12.2,18.6,0,0.00,0.0
2024-02-08T08:00,13.9,92,12.6,12.2,17.4,0,0.00,0.0
2024-02-08T09:00,14.1,92,12.9,12.5,16.6,0,0.00,23.0
2024-02-08T10:00,16.0,86,13.7,14.8,16.2,1,0.00,180.0
2024-02-08T11:00,18.0,76,13.6,16.3,19.4,34,0.00,374.0
2024-02-08T12:00,19.7,51,9.2,16.5,20.8,84,0.00,537.0
2024-02-08T13:00,20.5,39,6.1,17.2,19.7,100,0.00,647.0
2024-02-08T14:00,21.0,34,4.8,17.9,16.5,100,0.00,661.0
2024-02-08T15:00,21.2,33,4.3,18.0,14.7,100,0.00,604.0
2024-02-08T16:00,21.1,32,3.8,17.5,14.6,100,0.00,455.0
2024-02-08T17:00,20.5,36,4.8,17.4,12.5,100,0.00,270.0
2024-02-08T18:00,18.8,46,6.9,16.8,8.6,100,0.00,128.0
2024-02-08T19:00,16.6,54,7.3,14.6,8.9,100,0.00,30.0
2024-02-08T20:00,15.9,56,7.1,13.3,12.6,100,0.00,0.0
2024-02-08T21:00,15.1,58,6.9,12.4,13.5,100,0.00,0.0
2024-02-08T22:00,14.4,59,6.3,11.5,13.6,100,0.00,0.0
2024-02-08T23:00,13.6,59,5.8,10.6,12.9,100,0.00,0.0
2024-02-09T00:00,13.1,60,5.4,10.2,11.5,100,0.00,0.0
2024-02-09T01:00,11.9,63,5.1,9.0,11.1,100,0.00,0.0
2024-02-09T02:00,11.1,64,4.6,8.1,11.2,100,0.00,0.0
2024-02-09T03:00,10.6,65,4.3,7.7,10.7,100,0.00,0.0
2024-02-09T04:00,10.7,64,4.2,7.9,9.7,100,0.00,0.0
2024-02-09T05:00,10.6,65,4.2,7.9,9.2,100,0.00,0.0
2024-02-09T06:00,10.8,64,4.3,8.2,8.2,100,0.00,0.0
2024-02-09T07:00,10.7,65,4.3,8.2,8.2,100,0.00,0.0
2024-02-09T08:00,12.4,59,4.6,10.0,8.1,100,0.00,0.0
2024-02-09T09:00,12.6,64,6.1,10.6,7.2,100,0.00,18.0
2024-02-09T10:00,14.7,63,7.8,12.8,8.9,99,0.00,119.0
2024-02-09T11:00,17.2,63,10.2,15.9,9.4,100,0.00,326.0
2024-02-09T12:00,19.5,67,13.2,18.2,16.1,100,0.00,461.0
2024-02-09T13:00,20.8,71,15.2,19.8,18.8,100,0.00,467.0
2024-02-09T14:00,21.8,67,15.3,20.4,21.9,100,0.00,407.0
2024-02-09T15:00,22.5,59,14.0,20.7,21.3,100,0.00,426.0
2024-02-09T16:00,22.8,55,13.4,21.4,17.1,100,0.00,378.0
2024-02-09T17:00,22.6,54,12.9,21.7,13.2,100,0.00,252.0
2024-02-09T18:00,21.5,60,13.4,21.4,8.2,100,0.00,137.0
2024-02-09T19:00,19.0,67,12.8,18.8,7.1,100,0.00,41.0
2024-02-09T20:00,17.0,62,9.6,15.8,7.9,100,0.00,0.0
2024-02-09T21:00,15.6,56,6.9,13.7,7.6,100,0.00,0.0
2024-02-09T22:00,15.0,57,6.6,13.1,7.1,100,0.00,0.0
2024-02-09T23:00,14.1,62,7.0,12.3,7.2,100,0.00,0.0
2024-02-10T00:00,13.6,65,7.0,11.9,6.4,100,0.00,0.0
2024-02-10T01:00,12.9,69,7.2,11.0,7.7,100,0.00,0.0
2024-02-10T02:00,11.7,73,7.1,9.8,8.0,100,0.00,0.0
2024-02-10T03:00,11.6,71,6.4,9.8,5.8,100,0.00,0.0
2024-02-10T04:00,10.3,79,6.9,8.4,7.9,100,0.00,0.0
2024-02-10T05:00,10.8,77,6.8,9.2,4.8,100,0.00,0.0
2024-02-10T06:00,10.7,80,7.4,9.0,7.3,100,0.00,0.0
2024-02-10T07:00,11.1,80,7.8,9.6,7.1,100,0.00,0.0
2024-02-10T08:00,12.7,91,11.3,12.4,4.8,100,1.40,0.0
2024-02-10T09:00,12.9,91,11.4,12.6,4.5,100,3.50,2.0
2024-02-10T10:00,13.1,92,11.9,12.2,10.8,100,3.40,14.0
2024-02-10T11:00,13.7,91,12.2,12.9,10.0,100,3.40,24.0
2024-02-10T12:00,14.1,90,12.4,13.4,9.4,100,2.20,92.0
2024-02-10T13:00,13.4,91,12.1,11.9,14.8,100,1.00,95.0
2024-02-10T14:00,13.4,90,11.8,11.7,16.1,100,0.60,128.0
2024-02-10T15:00,13.8,88,11.8,12.7,11.0,100,0.40,170.0
2024-02-10T16:00,13.6,85,11.1,11.7,15.5,95,0.40,166.0
2024-02-10T17:00,14.9,76,10.7,12.5,17.7,100,0.00,425.0
2024-02-10T18:00,13.9,76,9.6,11.2,17.3,100,0.00,173.0
2024-02-10T19:00,12.6,83,9.9,11.1,9.8,100,0.00,59.0
2024-02-10T20:00,12.9,82,10.0,11.2,11.9,100,0.00,0.0
2024-02-10T21:00,12.6,82,9.6,10.5,13.0,100,0.00,0.0
2024-02-10T22:00,12.1,81,8.9,10.2,11.5,100,0.00,0.0
2024-02-10T23:00,11.9,82,8.8,10.2,9.1,100,0.00,0.0
2024-02-11T00:00,11.6,82,8.6,9.6,11.7,1,0.00,0.0
2024-02-11T01:00,10.3,89,8.5,8.1,12.5,5,0.00,0.0
2024-02-11T02:00,9.8,93,8.7,7.6,12.6,8,0.00,0.0
2024-02-11T03:00,9.4,95,8.8,7.1,13.6,10,0.00,0.0
2024-02-11T04:00,9.2,96,8.7,6.6,16.1,100,0.00,0.0
2024-02-11T05:00,10.0,94,9.1,7.2,17.4,100,0.00,0.0
2024-02-11T06:00,9.8,93,8.7,7.0,16.5,100,6.30,0.0
2024-02-11T07:00,9.8,93,8.8,5.9,24.4,100,0.50,0.0
2024-02-11T08:00,8.8,92,7.6,5.2,20.2,100,1.30,0.0
2024-02-11T09:00,8.7,92,7.6,4.9,21.4,100,2.90,4.0
2024-02-11T10:00,9.6,87,7.4,5.1,26.0,100,0.10,72.0
2024-02-11T11:00,9.6,87,7.6,5.7,22.8,100,0.00,99.0
2024-02-11T12:00,9.7,85,7.3,5.8,22.0,100,0.00,108.0
2024-02-11T13:00,9.9,84,7.2,6.1,20.9,100,0.10,149.0
2024-02-11T14:00,9.4,87,7.3,5.7,20.5,100,0.20,110.0
2024-02-11T15:00,9.5,86,7.3,5.6,21.8,100,0.30,129.0
2024-02-11T16:00,9.6,84,7.1,5.2,24.9,100,0.40,136.0
2024-02-11T17:00,9.1,85,6.7,4.6,24.4,100,0.20,98.0
2024-02-11T18:00,8.1,84,5.5,3.5,23.7,100,0.30,61.0
2024-02-11T19:00,7.3,85,5.0,2.6,24.1,100,0.30,14.0
2024-02-11T20:00,7.1,80,3.8,2.3,22.9,100,0.00,0.0
2024-02-11T21:00,6.2,81,3.2,1.6,20.7,99,0.00,0.0
2024-02-11T22:00,5.2,82,2.3,0.3,22.3,58,0.00,0.0
2024-02-11T23:00,4.8,82,2.0,-0.0,20.7,100,0.00,0.0
2024-02-12T00:00,4.9,80,1.7,-0.2,22.2,100,0.00,0.0
2024-02-12T01:00,4.8,78,1.3,-0.3,21.7,100,0.00,0.0
2024-02-12T02:00,4.3,79,1.0,-1.3,25.5,100,0.00,0.0
2024-02-12T03:00,4.1,81,1.0,-2.1,28.8,100,0.00,0.0
2024-02-12T04:00,4.3,78,0.9,-1.9,29.0,100,0.00,0.0
2024-02-12T05:00,4.3,79,1.0,-1.9,29.3,100,0.00,0.0
2024-02-12T06:00,4.2,80,1.0,-2.0,28.7,100,0.00,0.0
2024-02-12T07:00,4.1,79,0.7,-1.8,26.0,98,0.00,0.0
2024-02-12T08:00,4.2,81,1.2,-1.4,24.9,79,0.00,0.0
2024-02-12T09:00,4.6,79,1.1,-0.8,23.5,32,0.00,18.0
2024-02-12T10:00,5.5,74,1.2,-0.4,27.4,12,0.00,151.0
2024-02-12T11:00,7.2,65,1.0,1.2,28.3,36,0.00,375.0
2024-02-12T12:00,8.7,59,1.0,3.0,25.5,2,0.00,489.0
2024-02-12T13:00,10.4,53,1.2,5.5,24.5,0,0.00,684.0
2024-02-12T14:00,11.5,48,0.9,6.8,24.2,0,0.00,731.0
2024-02-12T15:00,12.3,45,0.6,7.5,23.9,0,0.00,712.0
2024-02-12T16:00,12.8,41,-0.2,7.5,23.7,0,0.00,626.0
2024-02-12T17:00,12.6,39,-0.9,7.2,21.6,0,0.00,481.0
2024-02-12T18:00,12.0,40,-1.1,6.9,19.1,0,0.00,291.0
2024-02-12T19:00,9.9,47,-0.9,5.9,12.2,0,0.00,92.0
2024-02-12T20:00,8.0,58,0.2,4.6,9.2,0,0.00,1.0
2024-02-12T21:00,7.1,59,-0.4,3.4,10.0,0,0.00,0.0
2024-02-12T22:00,6.1,61,-0.9,2.3,10.0,0,0.00,0.0
2024-02-12T23:00,5.1,65,-1.0,1.5,8.7,0,0.00,0.0
2024-02-13T00:00,3.7,71,-1.0,0.3,7.9,0,0.00,0.0
2024-02-13T01:00,3.0,75,-1.0,-0.4,7.4,0,0.00,0.0
2024-02-13T02:00,2.0,81,-0.9,-1.8,9.9,0,0.00,0.0
2024-02-13T03:00,3.5,72,-1.1,0.5,4.5,0,0.00,0.0
2024-02-13T04:00,2.0,79,-1.2,-0.6,2.4,0,0.00,0.0
2024-02-13T05:00,0.7,88,-1.1,-2.3,4.9,0,0.00,0.0
2024-02-13T06:00,0.4,90,-1.0,-2.8,6.6,0,0.00,0.0
2024-02-13T07:00,0.1,91,-1.2,-3.4,8.3,0,0.00,0.0
2024-02-13T08:00,-0.2,92,-1.4,-4.0,9.5,0,0.00,0.0
2024-02-13T09:00,1.9,86,-0.2,-1.4,7.9,0,0.00,34.0
2024-02-13T10:00,5.8,73,1.4,3.0,6.0,0,0.00,215.0
2024-02-13T11:00,9.4,61,2.2,6.6,6.7,0,0.00,418.0
2024-02-13T12:00,11.8,48,1.0,8.3,11.7,0,0.00,580.0
2024-02-13T13:00,13.6,43,1.2,10.7,12.3,0,0.00,692.0
2024-02-13T14:00,14.9,45,2.9,12.2,14.2,0,0.00,737.0
2024-02-13T15:00,15.8,45,3.8,12.9,15.5,0,0.00,713.0
2024-02-13T16:00,16.2,44,4.1,13.1,14.4,0,0.00,624.0
2024-02-13T17:00,16.1,46,4.5,12.9,13.0,0,0.00,478.0
2024-02-13T18:00,15.4,51,5.4,12.5,12.3,0,0.00,290.0
2024-02-13T19:00,12.4,64,5.7,10.2,8.0,0,0.00,93.0
2024-02-13T20:00,11.3,63,4.5,8.6,9.3,47,0.00,1.0
2024-02-13T21:00,10.4,66,4.3,7.4,11.1,0,0.00,0.0
2024-02-13T22:00,9.9,66,3.8,6.6,12.1,0,0.00,0.0
2024-02-13T23:00,9.3,67,3.5,5.9,12.7,0,0.00,0.0
2024-02-14T00:00,8.9,68,3.3,5.5,12.4,5,0.00,0.0
2024-02-14T01:00,8.5,70,3.2,5.3,11.0,6,0.00,0.0
2024-02-14T02:00,7.9,72,3.2,4.9,10.5,0,0.00,0.0
2024-02-14T03:00,7.6,74,3.2,4.5,10.4,0,0.00,0.0
2024-02-14T04:00,7.3,75,3.1,4.2,10.5,0,0.00,0.0
2024-02-14T05:00,6.8,77,3.0,3.8,9.7,16,0.00,0.0
2024-02-14T06:00,6.2,81,3.2,3.3,8.6,6,0.00,0.0
2024-02-14T07:00,5.3,86,3.2,2.5,8.6,0,0.00,0.0
2024-02-14T08:00,6.2,86,4.1,3.5,8.5,0,0.00,0.0
2024-02-14T09:00,7.5,84,4.9,4.9,9.0,2,0.00,33.0
2024-02-14T10:00,10.3,76,6.2,7.8,10.5,13,0.00,206.0
2024-02-14T11:00,12.7,68,6.8,10.0,13.0,2,0.00,404.0
2024-02-14T12:00,15.1,61,7.7,12.3,15.5,1,0.00,571.0
2024-02-14T13:00,16.9,53,7.3,14.2,18.6,3,0.00,685.0
2024-02-14T14:00,18.0,46,6.2,14.8,21.5,4,0.00,734.0
2024-02-14T15:00,18.5,42,5.4,14.6,23.9,9,0.00,713.0
2024-02-14T16:00,18.6,42,5.4,14.4,23.4,3,0.00,623.0
2024-02-14T17:00,18.4,42,5.3,13.8,23.4,1,0.00,483.0
2024-02-14T18:00,17.6,46,5.8,13.7,19.9,8,0.00,285.0
2024-02-14T19:00,15.6,52,5.8,12.3,15.7,2,0.00,89.0
2024-02-14T20:00,14.4,59,6.4,11.1,16.0,6,0.00,1.0
2024-02-14T21:00,14.1,61,6.6,10.3,20.2,17,0.00,0.0
2024-02-14T22:00,14.1,60,6.4,10.2,20.4,1,0.00,0.0
2024-02-14T23:00,13.8,63,6.8,10.1,19.7,27,0.00,0.0
2024-02-15T00:00,13.4,70,8.0,10.2,17.8,49,0.00,0.0
2024-02-15T01:00,13.1,79,9.6,10.2,19.0,43,0.00,0.0
2024-02-15T02:00,12.8,84,10.1,10.1,18.7,84,0.00,0.0
2024-02-15T03:00,12.4,87,10.3,9.9,17.6,0,0.00,0.0
2024-02-15T04:00,11.9,90,10.2,9.9,14.1,28,0.00,0.0
2024-02-15T05:00,11.6,92,10.3,9.5,14.6,75,0.00,0.0
2024-02-15T06:00,11.2,93,10.2,9.3,14.1,100,0.00,0.0
2024-02-15T07:00,11.0,94,10.1,9.6,10.2,100,0.00,0.0
2024-02-15T08:00,11.2,95,10.4,9.8,10.3,100,0.00,0.0
2024-02-15T09:00,11.5,95,10.6,10.5,8.0,99,0.00,27.0
2024-02-15T10:00,13.5,89,11.7,12.7,8.9,100,0.00,171.0
2024-02-15T11:00,15.1,83,12.1,14.3,9.4,100,0.00,292.0
2024-02-15T12:00,16.6,76,12.4,16.2,7.9,100,0.00,458.0
2024-02-15T13:00,18.0,71,12.7,18.6,4.4,100,0.00,615.0
2024-02-15T14:00,19.0,68,13.0,20.0,5.6,100,0.00,673.0
2024-02-15T15:00,19.8,65,13.1,20.3,6.6,100,0.00,621.0
2024-02-15T16:00,20.1,65,13.3,20.0,8.0,100,0.00,505.0
2024-02-15T17:00,20.1,66,13.4,19.8,9.3,100,0.00,364.0
2024-02-15T18:00,19.7,68,13.7,19.4,10.0,100,0.00,207.0
2024-02-15T19:00,17.9,76,13.6,17.5,10.7,100,0.00,68.0
2024-02-15T20:00,16.9,75,12.4,15.9,11.5,100,0.00,1.0
2024-02-15T21:00,15.9,80,12.4,14.7,13.0,100,0.00,0.0
2024-02-15T22:00,15.7,81,12.4,14.1,15.8,100,0.00,0.0
2024-02-15T23:00,15.6,82,12.6,14.1,16.0,100,0.00,0.0
2024-02-16T00:00,15.2,85,12.8,13.8,16.2,100,0.00,0.0
2024-02-16T01:00,15.1,86,12.8,13.7,16.0,100,0.00,0.0
2024-02-16T02:00,14.8,87,12.7,13.7,13.7,100,0.00,0.0
2024-02-16T03:00,14.6,89,12.8,13.5,13.7,100,0.00,0.0
2024-02-16T04:00,14.5,90,12.9,13.4,14.0,100,0.00,0.0
2024-02-16T05:00,14.4,90,12.9,13.2,15.0,100,0.00,0.0
2024-02-16T06:00,14.3,90,12.8,13.3,13.1,100,0.00,0.0
2024-02-16T07:00,13.9,92,12.6,13.0,11.9,100,0.00,0.0
2024-02-16T08:00,15.2,90,13.7,14.0,16.6,100,0.00,0.0
2024-02-16T09:00,16.0,84,13.3,14.5,17.7,100,0.00,20.0
2024-02-16T10:00,17.9,71,12.4,15.3,22.4,100,0.00,128.0
2024-02-16T11:00,19.9,61,12.1,17.5,20.8,100,0.00,338.0
2024-02-16T12:00,20.9,55,11.6,17.9,23.8,100,0.00,432.0
2024-02-16T13:00,21.5,49,10.4,18.5,23.8,100,0.00,607.0
2024-02-16T14:00,20.2,43,7.2,16.5,23.6,99,0.00,636.0
2024-02-16T15:00,19.5,52,9.3,16.1,24.0,97,0.00,615.0
2024-02-16T16:00,17.7,58,9.2,13.2,29.8,96,0.00,499.0
2024-02-16T17:00,16.5,52,6.6,11.4,29.3,97,0.00,404.0
2024-02-16T18:00,14.8,52,4.9,9.4,28.3,99,0.00,239.0
2024-02-16T19:00,13.2,53,3.8,8.3,24.3,93,0.00,82.0
2024-02-16T20:00,11.1,53,1.8,6.2,21.1,100,0.00,1.0
2024-02-16T21:00,10.2,52,0.8,4.8,23.6,100,0.00,0.0
2024-02-16T22:00,9.1,53,-0.1,3.2,25.8,100,0.00,0.0
2024-02-16T23:00,7.2,56,-1.0,0.5,30.9,100,0.00,0.0
2024-02-17T00:00,5.8,60,-1.5,-0.3,25.9,100,0.00,0.0
2024-02-17T01:00,4.8,61,-2.2,-1.2,24.4,100,0.00,0.0
2024-02-17T02:00,4.1,62,-2.6,-1.8,22.7,100,0.00,0.0
2024-02-17T03:00,3.5,62,-3.2,-2.3,22.4,100,0.00,0.0
2024-02-17T04:00,2.8,60,-4.2,-3.7,25.9,100,0.00,0.0
2024-02-17T05:00,2.2,61,-4.7,-4.4,26.2,94,0.00,0.0
2024-02-17T06:00,1.4,61,-5.3,-5.2,25.7,97,0.00,0.0
2024-02-17T07:00,0.8,62,-5.8,-5.7,24.6,57,0.00,0.0
2024-02-17T08:00,0.8,64,-5.3,-5.6,24.4,87,0.00,0.0
2024-02-17T09:00,1.0,64,-5.1,-5.5,25.6,22,0.00,38.0
2024-02-17T10:00,1.8,61,-4.9,-4.9,27.2,34,0.00,214.0
2024-02-17T11:00,2.8,57,-4.8,-4.1,27.7,55,0.00,406.0
2024-02-17T12:00,4.0,53,-4.8,-2.8,27.7,77,0.00,566.0
2024-02-17T13:00,4.6,51,-4.6,-1.4,25.8,16,0.00,661.0
2024-02-17T14:00,5.6,50,-3.9,0.6,22.2,6,0.00,744.0
2024-02-17T15:00,6.2,49,-3.7,1.4,20.3,96,0.00,701.0
2024-02-17T16:00,6.2,46,-4.4,0.5,20.5,97,0.00,433.0
2024-02-17T17:00,5.9,43,-5.6,0.1,20.9,87,0.00,354.0
2024-02-17T18:00,5.6,40,-6.8,-0.1,18.4,72,0.00,218.0
2024-02-17T19:00,4.9,40,-7.6,-0.6,17.0,47,0.00,88.0
2024-02-17T20:00,4.2,36,-9.5,-1.4,17.0,86,0.00,1.0
2024-02-17T21:00,3.8,42,-8.0,-1.7,16.3,95,0.00,0.0
2024-02-17T22:00,2.7,43,-8.8,-3.2,18.7,100,0.00,0.0
2024-02-17T23:00,2.2,40,-9.9,-3.9,19.7,100,0.00,0.0
2024-02-18T00:00,1.8,41,-10.1,-4.1,18.0,100,0.00,0.0
2024-02-18T01:00,1.4,37,-11.8,-4.5,17.1,81,0.00,0.0
2024-02-18T02:00,0.5,41,-11.2,-4.7,13.0,21,0.00,0.0
2024-02-18T03:00,-0.2,47,-10.1,-4.9,10.0,0,0.00,0.0
2024-02-18T04:00,-0.7,53,-9.2,-5.1,8.4,0,0.00,0.0
2024-02-18T05:00,-1.3,56,-8.9,-5.5,7.4,0,0.00,0.0
2024-02-18T06:00,-2.0,61,-8.5,-6.0,5.7,0,0.00,0.0
2024-02-18T07:00,-2.4,64,-8.2,-6.3,5.2,0,0.00,0.0
2024-02-18T08:00,-2.8,71,-7.3,-6.6,5.0,0,0.00,0.0
2024-02-18T09:00,-1.5,69,-6.4,-5.7,8.0,0,0.00,43.0
2024-02-18T10:00,1.4,62,-5.2,-2.5,6.9,0,0.00,229.0
2024-02-18T11:00,3.8,57,-4.0,0.2,6.8,0,0.00,434.0
2024-02-18T12:00,5.9,52,-3.0,2.7,6.8,0,0.00,604.0
2024-02-18T13:00,7.4,49,-2.6,5.0,6.4,0,0.00,719.0
2024-02-18T14:00,8.4,48,-2.0,6.6,5.7,0,0.00,768.0
2024-02-18T15:00,9.4,47,-1.5,7.3,6.4,0,0.00,748.0
2024-02-18T16:00,9.9,46,-1.2,7.4,6.4,0,0.00,658.0
2024-02-18T17:00,10.2,45,-1.1,6.9,6.7,0,0.00,509.0
2024-02-18T18:00,10.0,46,-1.1,6.7,6.9,0,0.00,316.0
2024-02-18T19:00,7.6,63,0.9,4.6,6.8,0,0.00,110.0
2024-02-18T20:00,6.8,54,-1.9,3.2,7.9,6,0.00,2.0
2024-02-18T21:00,5.9,56,-2.2,2.3,8.7,50,0.00,0.0
2024-02-18T22:00,5.2,65,-0.8,1.6,9.4,0,0.00,0.0
2024-02-18T23:00,4.5,70,-0.6,0.8,10.1,0,0.00,0.0
2024-02-19T00:00,4.0,69,-1.1,0.3,9.8,20,0.00,0.0
2024-02-19T01:00,3.5,70,-1.5,-0.2,9.9,90,0.00,0.0
2024-02-19T02:00,3.5,67,-2.2,-0.3,9.5,100,0.00,0.0
2024-02-19T03:00,3.8,62,-2.8,-0.0,9.2,9,0.00,0.0
2024-02-19T04:00,2.8,65,-3.1,-1.0,8.6,0,0.00,0.0
2024-02-19T05:00,2.8,62,-3.7,-1.2,9.7,4,0.00,0.0
2024-02-19T06:00,2.8,59,-4.3,-1.3,9.4,0,0.00,0.0
2024-02-19T07:00,2.8,57,-4.8,-1.4,10.4,0,0.00,0.0
2024-02-19T08:00,3.2,56,-4.8,-1.4,12.3,0,0.00,0.0
2024-02-19T09:00,4.5,56,-3.6,-0.4,15.9,0,0.00,43.0
2024-02-19T10:00,7.1,54,-1.6,2.2,17.6,0,0.00,224.0
2024-02-19T11:00,9.6,51,0.0,4.4,21.3,0,0.00,424.0
2024-02-19T12:00,12.1,47,1.2,6.9,23.6,0,0.00,591.0
2024-02-19T13:00,13.9,46,2.4,9.1,26.1,0,0.00,706.0
2024-02-19T14:00,15.6,46,4.1,11.9,22.7,1,0.00,756.0
2024-02-19T15:00,17.0,45,5.1,13.5,21.9,1,0.00,736.0
2024-02-19T16:00,18.0,44,5.6,14.1,21.9,0,0.00,648.0
2024-02-19T17:00,18.6,44,6.2,14.7,20.0,0,0.00,501.0
2024-02-19T18:00,18.5,48,7.2,15.7,13.9,0,0.00,310.0
2024-02-19T19:00,15.3,61,7.9,13.4,9.1,1,0.00,109.0
2024-02-19T20:00,13.6,61,6.1,11.0,11.3,0,0.00,2.0
2024-02-19T21:00,12.1,66,6.1,9.7,9.9,3,0.00,0.0
2024-02-19T22:00,11.1,71,6.1,8.7,9.7,0,0.00,0.0
2024-02-19T23:00,10.2,75,6.1,7.9,9.4,0,0.00,0.0
2024-02-20T00:00,9.0,82,6.1,6.7,9.0,0,0.00,0.0
2024-02-20T01:00,8.4,84,5.9,6.2,8.4,0,0.00,0.0
2024-02-20T02:00,8.1,86,5.9,5.8,8.4,0,0.00,0.0
2024-02-20T03:00,7.7,88,5.8,5.4,8.2,0,0.00,0.0
2024-02-20T04:00,7.4,88,5.7,5.1,8.7,0,0.00,0.0
2024-02-20T05:00,7.1,90,5.5,4.7,8.4,0,0.00,0.0
2024-02-20T06:00,5.9,92,4.8,3.3,9.8,0,0.00,0.0
2024-02-20T07:00,5.4,94,4.4,2.6,10.0,9,0.00,0.0
2024-02-20T08:00,5.2,93,4.2,2.3,10.9,35,0.00,0.0
2024-02-20T09:00,7.6,89,5.9,6.1,2.9,35,0.00,46.0
2024-02-20T10:00,10.7,81,7.6,9.3,5.6,82,0.00,232.0
2024-02-20T11:00,13.7,72,8.8,12.3,7.6,67,0.00,432.0
2024-02-20T12:00,16.5,65,9.9,15.3,10.2,65,0.00,597.0
2024-02-20T13:00,19.2,58,10.9,18.6,12.1,81,0.00,709.0
2024-02-20T14:00,21.5,53,11.4,20.8,14.8,60,0.00,752.0
2024-02-20T15:00,22.9,48,11.4,21.6,17.6,71,0.00,730.0
2024-02-20T16:00,23.8,46,11.4,21.6,20.4,39,0.00,644.0
2024-02-20T17:00,23.8,45,11.1,21.0,21.4,29,0.00,499.0
2024-02-20T18:00,22.8,50,11.8,20.6,18.4,17,0.00,311.0
2024-02-20T19:00,20.3,58,11.9,18.5,16.6,11,0.00,110.0
2024-02-20T20:00,19.8,50,9.1,16.6,20.1,35,0.00,3.0
2024-02-20T21:00,19.2,56,10.1,16.0,22.4,19,0.00,0.0
2024-02-20T22:00,18.5,61,10.8,15.4,22.7,13,0.00,0.0
2024-02-20T23:00,18.0,64,11.1,14.9,23.0,23,0.00,0.0
2024-02-21T00:00,17.6,67,11.5,14.6,23.5,4,0.00,0.0
2024-02-21T01:00,17.2,70,11.8,14.4,23.7,0,0.00,0.0
2024-02-21T02:00,16.7,74,12.1,14.0,22.9,0,0.00,0.0
2024-02-21T03:00,16.0,78,12.2,13.6,21.4,0,0.00,0.0
2024-02-21T04:00,15.4,81,12.1,13.1,20.9,0,0.00,0.0
2024-02-21T05:00,15.1,83,12.1,12.8,20.3,0,0.00,0.0
2024-02-21T06:00,14.7,86,12.4,12.7,19.0,0,0.00,0.0
2024-02-21T07:00,14.4,89,12.6,12.6,17.7,17,0.00,0.0
2024-02-21T08:00,14.5,90,12.9,12.7,18.5,4,0.00,0.0
2024-02-21T09:00,15.1,89,13.3,13.5,18.9,0,0.00,47.0
2024-02-21T10:00,17.2,83,14.2,15.9,18.1,0,0.00,231.0
2024-02-21T11:00,19.1,76,14.9,17.7,21.0,0,0.00,430.0
2024-02-21T12:00,21.0,71,15.4,19.5,23.8,0,0.00,595.0
2024-02-21T13:00,22.7,65,15.8,21.7,25.1,0,0.00,707.0
2024-02-21T14:00,24.0,61,15.9,23.1,26.4,0,0.00,754.0
2024-02-21T15:00,24.8,57,15.6,23.5,27.2,0,0.00,733.0
2024-02-21T16:00,25.0,55,15.4,23.3,27.7,0,0.00,647.0
2024-02-21T17:00,24.9,57,15.7,22.7,28.5,21,0.00,502.0
2024-02-21T18:00,24.1,59,15.6,22.0,27.4,96,0.00,310.0
2024-02-21T19:00,22.4,64,15.2,20.2,27.1,100,0.00,99.0
2024-02-21T20:00,21.4,65,14.5,18.9,27.4,99,0.00,2.0
2024-02-21T21:00,20.2,70,14.6,17.8,26.7,9,0.00,0.0
2024-02-21T22:00,19.6,76,15.2,17.3,28.1,50,0.00,0.0
2024-02-21T23:00,19.3,78,15.4,16.7,30.1,5,0.00,0.0
2024-02-22T00:00,18.9,80,15.2,16.4,29.0,12,0.00,0.0
2024-02-22T01:00,18.2,81,14.9,15.5,30.1,0,0.00,0.0
2024-02-22T02:00,17.5,85,15.0,15.1,28.6,5,0.00,0.0
2024-02-22T03:00,17.2,87,15.1,15.0,26.6,12,0.00,0.0
2024-02-22T04:00,17.0,89,15.1,14.9,25.4,4,0.00,0.0
2024-02-22T05:00,16.6,91,15.1,14.5,26.8,0,0.00,0.0
2024-02-22T06:00,16.5,92,15.1,14.5,25.0,0,0.00,0.0
2024-02-22T07:00,16.4,92,15.1,14.8,22.5,0,0.00,0.0
2024-02-22T08:00,16.3,92,15.1,15.0,20.6,0,0.00,0.0
2024-02-22T09:00,16.9,90,15.2,15.8,19.4,0,0.00,50.0
2024-02-22T10:00,19.0,80,15.6,18.5,16.3,0,0.00,237.0
2024-02-22T11:00,20.9,53,10.9,18.8,15.9,0,0.00,442.0
2024-02-22T12:00,22.1,35,6.1,19.1,16.4,0,0.00,614.0
2024-02-22T13:00,23.2,29,4.3,20.1,18.2,0,0.00,729.0
2024-02-22T14:00,24.0,28,4.5,20.9,19.8,0,0.00,778.0
2024-02-22T15:00,24.4,26,3.9,20.8,21.7,0,0.00,757.0
2024-02-22T16:00,24.0,29,4.8,20.0,22.7,0,0.00,668.0
2024-02-22T17:00,23.5,33,6.4,19.3,22.6,0,0.00,518.0
2024-02-22T18:00,22.5,40,8.1,19.3,18.7,0,0.00,324.0
2024-02-22T19:00,20.4,46,8.5,17.7,15.5,0,0.00,118.0
2024-02-22T20:00,18.5,49,7.5,15.8,14.0,0,0.00,3.0
2024-02-22T21:00,18.0,51,7.7,15.0,16.3,0,0.00,0.0
2024-02-22T22:00,17.6,52,7.6,14.1,19.5,0,0.00,0.0
2024-02-22T23:00,17.0,53,7.3,13.5,19.6,0,0.00,0.0
2024-02-23T00:00,16.4,54,7.1,12.8,19.2,0,0.00,0.0
2024-02-23T01:00,15.8,55,6.7,12.1,19.6,0,0.00,0.0
2024-02-23T02:00,14.9,57,6.5,11.2,18.7,0,0.00,0.0
2024-02-23T03:00,14.1,58,5.9,10.4,18.3,5,0.00,0.0
2024-02-23T04:00,13.2,59,5.4,9.7,16.6,6,0.00,0.0
2024-02-23T05:00,12.4,60,4.9,8.8,16.3,1,0.00,0.0
2024-02-23T06:00,11.9,60,4.3,8.2,15.7,1,0.00,0.0
2024-02-23T07:00,11.4,60,4.0,7.8,14.6,12,0.00,0.0
2024-02-23T08:00,10.6,61,3.3,7.1,13.6,20,0.00,0.0
2024-02-23T09:00,11.4,60,3.8,7.6,16.1,3,0.00,53.0
2024-02-23T10:00,13.6,55,4.8,10.1,15.2,0,0.00,244.0
2024-02-23T11:00,15.8,48,4.9,12.2,15.6,0,0.00,447.0
2024-02-23T12:00,17.8,43,4.8,14.9,13.6,0,0.00,616.0
2024-02-23T13:00,19.2,33,2.3,16.0,16.7,0,0.00,731.0
2024-02-23T14:00,20.0,31,2.2,17.0,16.5,0,0.00,780.0
2024-02-23T15:00,20.6,29,1.9,17.7,15.1,0,0.00,758.0
2024-02-23T16:00,21.0,27,1.3,17.3,15.9,0,0.00,669.0
2024-02-23T17:00,20.8,26,0.6,16.3,17.1,0,0.00,521.0
2024-02-23T18:00,20.0,29,1.5,16.1,14.6,1,0.00,329.0
2024-02-23T19:00,17.2,39,3.0,14.4,8.8,18,0.00,122.0
2024-02-23T20:00,15.6,38,1.5,12.3,10.0,91,0.00,4.0
2024-02-23T21:00,14.6,40,1.1,11.0,11.1,38,0.00,0.0
2024-02-23T22:00,13.9,41,0.9,10.2,11.7,64,0.00,0.0
2024-02-23T23:00,13.2,42,0.6,9.7,10.3,67,0.00,0.0
2024-02-24T00:00,12.3,45,0.8,8.8,10.1,49,0.00,0.0
2024-02-24T01:00,11.8,49,1.3,8.3,10.5,45,0.00,0.0
2024-02-24T02:00,11.1,52,1.6,7.8,9.8,0,0.00,0.0
2024-02-24T03:00,10.9,53,1.7,7.3,12.6,0,0.00,0.0
2024-02-24T04:00,10.9,52,1.5,7.4,11.8,0,0.00,0.0
2024-02-24T05:00,10.2,53,1.2,6.8,10.6,0,0.00,0.0
2024-02-24T06:00,9.1,58,1.4,5.9,8.8,0,0.00,0.0
2024-02-24T07:00,8.1,64,1.6,4.9,9.8,0,0.00,0.0
2024-02-24T08:00,6.7,67,1.1,3.4,9.4,0,0.00,0.0
2024-02-24T09:00,9.2,62,2.3,6.4,7.4,0,0.00,57.0
2024-02-24T10:00,12.1,57,3.8,10.1,3.3,0,0.00,249.0
2024-02-24T11:00,15.6,51,5.5,14.1,2.4,0,0.00,453.0
2024-02-24T12:00,18.6,46,6.8,17.9,3.1,0,0.00,622.0
2024-02-24T13:00,20.9,39,6.2,20.4,4.8,0,0.00,736.0
2024-02-24T14:00,22.4,31,4.2,21.0,9.2,0,0.00,782.0
2024-02-24T15:00,23.5,27,3.5,21.4,11.8,0,0.00,759.0
2024-02-24T16:00,24.0,24,2.2,20.8,14.3,0,0.00,670.0
2024-02-24T17:00,23.8,25,2.3,19.8,14.9,0,0.00,523.0
2024-02-24T18:00,23.0,30,4.3,20.0,11.5,18,0.00,331.0
2024-02-24T19:00,20.0,38,5.2,17.0,12.0,0,0.00,124.0
2024-02-24T20:00,18.8,34,2.7,15.1,13.6,6,0.00,4.0
2024-02-24T21:00,17.6,35,2.0,13.9,13.4,0,0.00,0.0
2024-02-24T22:00,17.0,37,2.3,12.9,16.2,0,0.00,0.0
2024-02-24T23:00,16.8,37,2.0,12.2,19.1,0,0.00,0.0
2024-02-25T00:00,17.0,37,2.2,12.1,21.9,0,0.00,0.0
2024-02-25T01:00,16.8,39,2.7,11.9,21.7,2,0.00,0.0
2024-02-25T02:00,16.2,41,2.9,11.6,20.6,8,0.00,0.0
2024-02-25T03:00,15.6,44,3.4,11.1,20.6,0,0.00,0.0
2024-02-25T04:00,15.4,45,3.5,10.7,21.5,5,0.00,0.0
2024-02-25T05:00,15.1,45,3.3,10.4,21.2,0,0.00,0.0
2024-02-25T06:00,14.8,46,3.2,10.1,20.8,0,0.00,0.0
2024-02-25T07:00,14.4,47,3.2,9.8,21.1,0,0.00,0.0
2024-02-25T08:00,14.2,48,3.5,9.5,21.9,0,0.00,0.0
2024-02-25T09:00,15.1,51,4.9,10.6,22.4,1,0.00,58.0
2024-02-25T10:00,17.4,50,6.8,13.6,20.3,0,0.00,248.0
2024-02-25T11:00,19.4,47,7.9,15.1,25.4,4,0.00,449.0
2024-02-25T12:00,21.6,44,8.8,17.8,25.9,6,0.00,619.0
2024-02-25T13:00,23.7,41,9.5,20.8,25.0,10,0.00,734.0
2024-02-25T14:00,25.8,37,9.9,23.2,24.9,0,0.00,781.0
2024-02-25T15:00,27.1,33,9.6,24.3,25.5,0,0.00,758.0
2024-02-25T16:00,28.2,30,8.9,25.2,22.5,7,0.00,669.0
2024-02-25T17:00,29.2,23,6.1,25.5,18.3,47,0.00,520.0
2024-02-25T18:00,28.0,29,8.4,26.3,8.6,0,0.00,329.0
2024-02-25T19:00,23.6,34,6.8,21.3,9.8,0,0.00,127.0
2024-02-25T20:00,21.2,40,6.9,19.1,9.6,2,0.00,5.0
2024-02-25T21:00,18.5,46,6.8,16.4,9.4,2,0.00,0.0
2024-02-25T22:00,17.4,48,6.1,15.0,9.1,49,0.00,0.0
2024-02-25T23:00,16.9,45,4.9,13.9,11.9,63,0.00,0.0
2024-02-26T00:00,17.0,46,5.4,14.4,10.5,70,0.00,0.0
2024-02-26T01:00,16.5,56,7.7,13.9,13.9,46,0.00,0.0
2024-02-26T02:00,16.2,60,8.4,13.8,14.0,18,0.00,0.0
2024-02-26T03:00,14.8,60,7.0,12.7,8.9,10,0.00,0.0
2024-02-26T04:00,12.9,52,3.5,9.6,12.8,1,0.00,0.0
2024-02-26T05:00,13.6,40,0.2,10.1,9.3,0,0.00,0.0
2024-02-26T06:00,13.4,37,-0.9,9.7,10.4,0,0.00,0.0
2024-02-26T07:00,14.5,32,-2.0,10.6,10.0,0,0.00,0.0
2024-02-26T08:00,14.8,35,-0.6,10.2,15.8,2,0.00,0.0
2024-02-26T09:00,16.1,35,0.6,11.5,17.4,8,0.00,61.0
2024-02-26T10:00,19.4,36,4.0,15.4,17.3,3,0.00,255.0
2024-02-26T11:00,23.1,31,4.8,19.6,15.3,5,0.00,458.0
2024-02-26T12:00,26.0,29,6.8,23.2,16.1,93,0.00,625.0
2024-02-26T13:00,28.4,29,8.8,26.4,17.6,94,0.00,734.0
2024-02-26T14:00,30.5,28,9.9,28.7,20.0,66,0.00,781.0
2024-02-26T15:00,32.2,26,10.4,30.3,20.8,47,0.00,752.0
2024-02-26T16:00,33.5,22,8.8,30.6,21.2,94,0.00,661.0
2024-02-26T17:00,33.8,20,7.6,31.0,15.4,61,0.00,509.0
2024-02-26T18:00,31.7,28,11.0,30.2,12.6,90,0.00,326.0
2024-02-26T19:00,28.7,28,8.6,26.0,15.9,95,0.00,113.0
2024-02-26T20:00,26.0,46,13.5,23.7,23.2,65,0.00,5.0
2024-02-26T21:00,25.5,57,16.5,24.0,26.3,60,0.00,0.0
2024-02-26T22:00,24.6,60,16.4,22.6,29.3,84,0.00,0.0
2024-02-26T23:00,23.8,63,16.3,21.5,30.2,73,0.00,0.0
2024-02-27T00:00,22.8,67,16.2,20.5,30.9,84,0.00,0.0
2024-02-27T01:00,22.5,68,16.2,20.4,28.8,22,0.00,0.0
2024-02-27T02:00,22.2,68,16.0,20.4,26.3,60,0.00,0.0
2024-02-27T03:00,22.0,69,15.9,20.4,24.4,98,0.00,0.0
2024-02-27T04:00,21.5,71,16.1,20.4,21.9,100,0.00,0.0
2024-02-27T05:00,21.1,75,16.5,20.4,20.6,99,0.00,0.0
2024-02-27T06:00,20.2,82,17.0,19.9,19.5,100,0.00,0.0
2024-02-27T07:00,19.5,90,17.8,19.7,17.6,95,0.00,0.0
2024-02-27T08:00,18.5,95,17.6,18.6,18.4,99,0.00,0.0
2024-02-27T09:00,19.2,92,17.9,19.4,18.3,100,0.00,51.0
2024-02-27T10:00,20.0,89,18.0,20.5,16.3,100,0.00,97.0
2024-02-27T11:00,21.9,81,18.4,22.4,17.7,100,0.00,228.0
2024-02-27T12:00,24.4,71,18.7,24.2,23.5,100,0.00,469.0
2024-02-27T13:00,25.7,65,18.6,25.5,23.4,100,0.00,488.0
2024-02-27T14:00,26.9,60,18.5,26.6,24.6,100,0.00,596.0
2024-02-27T15:00,26.4,61,18.2,25.9,24.3,100,0.00,347.0
2024-02-27T16:00,25.9,62,18.1,25.4,23.4,100,0.00,171.0
2024-02-27T17:00,26.9,59,18.2,26.5,23.4,100,0.00,319.0
2024-02-27T18:00,27.0,58,18.1,26.8,21.7,100,0.00,208.0
2024-02-27T19:00,26.1,59,17.5,26.0,19.4,98,0.00,94.0
2024-02-27T20:00,23.0,68,16.9,22.1,22.7,100,0.00,4.0
2024-02-27T21:00,23.0,68,16.7,21.5,26.2,100,0.00,0.0
2024-02-27T22:00,22.6,69,16.6,21.4,24.8,100,0.00,0.0
2024-02-27T23:00,22.6,69,16.7,21.8,21.9,100,0.00,0.0
2024-02-28T00:00,22.0,69,15.9,21.3,18.9,100,0.00,0.0
2024-02-28T01:00,22.5,58,13.9,20.4,23.0,100,0.00,0.0
2024-02-28T02:00,20.3,35,4.2,14.4,31.1,100,0.00,0.0
2024-02-28T03:00,12.1,42,-0.4,4.9,34.7,100,0.00,0.0
2024-02-28T04:00,10.1,40,-2.8,2.5,35.2,100,0.00,0.0
2024-02-28T05:00,8.1,41,-4.3,0.3,34.5,93,0.00,0.0
2024-02-28T06:00,7.2,39,-5.9,-0.1,29.7,100,0.00,0.0
2024-02-28T07:00,6.6,39,-6.5,-0.5,28.5,100,0.00,0.0
2024-02-28T08:00,6.3,44,-4.9,-0.7,29.4,100,0.00,0.0
2024-02-28T09:00,5.4,46,-5.2,-2.1,32.1,100,0.00,24.0
2024-02-28T10:00,4.8,47,-5.8,-2.9,32.9,100,0.00,149.0
2024-02-28T11:00,5.2,44,-6.1,-2.3,31.2,100,0.00,306.0
2024-02-28T12:00,5.9,43,-5.6,-0.8,26.8,100,0.00,379.0
2024-02-28T13:00,6.3,41,-5.9,-0.4,26.3,100,0.00,318.0
2024-02-28T14:00,6.9,42,-5.2,0.7,23.1,100,0.00,316.0
2024-02-28T15:00,8.1,39,-5.1,2.0,22.2,100,0.00,405.0
2024-02-28T16:00,8.8,36,-5.6,2.9,20.3,100,0.00,367.0
2024-02-28T17:00,9.1,34,-6.0,3.0,22.2,100,0.00,269.0
2024-02-28T18:00,8.9,33,-6.5,2.8,21.6,100,0.00,160.0
2024-02-28T19:00,8.4,33,-6.8,2.9,17.7,100,0.00,62.0
2024-02-28T20:00,7.4,32,-8.4,2.5,11.9,100,0.00,2.0
2024-02-28T21:00,7.3,34,-7.7,2.8,9.8,100,0.00,0.0
2024-02-28T22:00,6.9,35,-7.6,2.5,9.8,100,0.00,0.0
2024-02-28T23:00,6.8,37,-6.9,2.5,9.1,100,0.00,0.0
2024-02-29T00:00,6.4,40,-6.2,2.5,6.9,100,0.00,0.0
2024-02-29T01:00,6.2,43,-5.6,2.4,6.6,100,0.00,0.0
2024-02-29T02:00,6.1,43,-5.6,2.1,8.2,100,0.00,0.0
2024-02-29T03:00,5.9,44,-5.3,1.8,8.9,100,0.00,0.0
2024-02-29T04:00,5.9,46,-4.8,1.6,10.4,100,0.00,0.0
2024-02-29T05:00,5.9,45,-5.2,1.5,10.8,100,0.00,0.0
2024-02-29T06:00,5.7,47,-4.8,1.5,9.7,100,0.10,0.0
2024-02-29T07:00,5.6,51,-3.8,0.9,13.8,100,0.00,0.0
2024-02-29T08:00,5.2,55,-3.0,0.6,13.4,100,0.50,0.0
2024-02-29T09:00,5.4,62,-1.2,1.5,11.0,100,0.00,14.0
2024-02-29T10:00,5.1,68,-0.3,1.0,13.1,100,0.30,21.0
2024-02-29T11:00,5.3,69,0.2,0.7,17.2,96,0.20,68.0
2024-02-29T12:00,7.9,53,-1.1,3.5,15.1,100,0.10,423.0
2024-02-29T13:00,8.1,52,-1.2,4.0,12.8,61,0.00,265.0
2024-02-29T14:00,9.6,48,-0.8,5.4,13.6,79,0.20,501.0
2024-02-29T15:00,10.5,46,-0.5,6.5,12.0,100,0.20,489.0
2024-02-29T16:00,10.2,46,-0.8,5.9,14.1,100,0.00,156.0
2024-02-29T17:00,9.9,50,-0.1,7.6,1.0,100,0.70,136.0
2024-02-29T18:00,9.3,56,0.9,6.7,4.6,92,1.10,58.0
2024-02-29T19:00,8.1,70,3.0,4.7,12.6,100,1.30,61.0
2024-02-29T20:00,6.7,75,2.5,3.8,8.1,100,0.70,2.0
2024-02-29T21:00,6.7,78,3.1,3.6,9.9,100,0.10,0.0
2024-02-29T22:00,6.6,79,3.2,3.3,11.4,42,0.00,0.0
2024-02-29T23:00,5.6,81,2.5,2.3,11.3,11,0.00,0.0
2024-03-01T00:00,5.1,86,2.8,2.1,8.6,18,0.00,0.0
2024-03-01T01:00,5.1,92,3.8,2.5,7.6,41,0.00,0.0
2024-03-01T02:00,5.3,95,4.7,3.2,5.6,5,0.00,0.0
2024-03-01T03:00,4.4,97,4.0,1.7,8.9,10,0.00,0.0
2024-03-01T04:00,3.8,97,3.5,1.2,7.8,13,0.00,0.0
2024-03-01T05:00,3.9,97,3.5,1.3,7.1,2,0.00,0.0
2024-03-01T06:00,4.1,97,3.7,1.7,6.4,8,0.00,0.0
2024-03-01T07:00,3.1,99,2.9,0.3,8.0,9,0.00,0.0
2024-03-01T08:00,3.0,100,3.0,0.3,7.3,93,0.00,0.0
2024-03-01T09:00,4.8,98,4.4,2.3,8.3,85,0.00,64.0
2024-03-01T10:00,7.2,87,5.2,4.5,10.5,15,0.00,239.0
2024-03-01T11:00,9.6,76,5.6,6.7,12.6,0,0.00,470.0
2024-03-01T12:00,12.1,67,6.2,9.7,13.8,0,0.00,648.0
2024-03-01T13:00,14.4,61,6.9,12.6,14.2,0,0.00,759.0
2024-03-01T14:00,16.1,57,7.6,14.9,14.1,0,0.00,806.0
2024-03-01T15:00,17.8,53,8.1,16.4,14.2,0,0.00,782.0
2024-03-01T16:00,19.1,50,8.4,17.3,14.7,0,0.00,693.0
2024-03-01T17:00,20.0,47,8.4,17.1,16.8,0,0.00,543.0
2024-03-01T18:00,19.8,50,8.9,17.0,16.8,0,0.00,348.0
2024-03-01T19:00,17.6,59,9.4,15.7,11.8,0,0.00,139.0
2024-03-01T20:00,14.9,66,8.5,12.6,12.9,0,0.00,7.0
2024-03-01T21:00,13.9,70,8.4,11.3,15.0,0,0.00,0.0
2024-03-01T22:00,13.2,74,8.6,10.4,16.8,0,0.00,0.0
2024-03-01T23:00,12.6,75,8.2,9.8,15.6,0,0.00,0.0
2024-03-02T00:00,11.9,75,7.6,9.4,13.5,0,0.00,0.0
2024-03-02T01:00,11.2,79,7.7,8.9,11.9,0,0.00,0.0
2024-03-02T02:00,10.9,84,8.2,8.8,11.2,0,0.00,0.0
2024-03-02T03:00,10.4,88,8.6,8.7,9.4,0,0.00,0.0
2024-03-02T04:00,9.5,91,8.1,7.7,9.1,0,0.00,0.0
2024-03-02T05:00,9.1,93,8.0,7.3,8.8,0,0.00,0.0
2024-03-02T06:00,9.7,92,8.4,8.0,9.1,0,0.00,0.0
2024-03-02T07:00,9.7,92,8.4,7.8,10.1,0,0.00,0.0
2024-03-02T08:00,10.1,82,7.2,7.7,10.8,0,0.00,0.0
2024-03-02T09:00,12.4,71,7.3,9.8,13.7,0,0.00,78.0
2024-03-02T10:00,15.7,64,8.8,13.5,12.7,0,0.00,280.0
2024-03-02T11:00,18.5,55,9.4,16.3,14.1,0,0.00,485.0
2024-03-02T12:00,21.0,51,10.4,19.2,16.8,0,0.00,653.0
2024-03-02T13:00,23.2,46,10.9,21.8,19.0,0,0.00,764.0
2024-03-02T14:00,25.0,42,11.0,23.4,21.3,0,0.00,809.0
2024-03-02T15:00,25.8,40,11.1,23.7,23.9,34,0.00,786.0
2024-03-02T16:00,26.1,39,11.0,23.4,25.5,96,0.00,694.0
2024-03-02T17:00,26.0,38,10.6,22.4,25.6,66,0.00,524.0
2024-03-02T18:00,25.0,41,10.9,21.9,23.5,100,0.00,340.0
2024-03-02T19:00,22.9,47,10.9,20.0,21.8,99,0.00,126.0
2024-03-02T20:00,21.1,53,11.1,18.2,22.3,83,0.00,6.0
2024-03-02T21:00,20.0,62,12.5,17.3,23.9,100,0.00,0.0
2024-03-02T22:00,19.1,71,13.7,16.8,24.0,84,0.00,0.0
2024-03-02T23:00,18.2,77,14.1,16.1,23.8,24,0.00,0.0
2024-03-03T00:00,17.6,81,14.2,15.5,23.8,0,0.00,0.0
2024-03-03T01:00,17.0,84,14.3,15.1,23.1,0,0.00,0.0
2024-03-03T02:00,16.5,88,14.6,14.7,22.9,0,0.00,0.0
2024-03-03T03:00,16.1,91,14.7,14.4,22.3,2,0.00,0.0
2024-03-03T04:00,15.8,93,14.6,14.1,21.6,1,0.00,0.0
2024-03-03T05:00,15.4,95,14.5,13.8,20.5,80,0.00,0.0
2024-03-03T06:00,15.4,96,14.7,13.8,21.1,100,0.00,0.0
2024-03-03T07:00,15.5,95,14.7,13.8,22.4,68,0.00,0.0
2024-03-03T08:00,15.8,95,15.0,14.2,22.0,100,0.00,0.0
2024-03-03T09:00,16.4,91,14.9,14.5,23.5,100,0.00,43.0
2024-03-03T10:00,17.7,82,14.6,15.1,28.0,49,0.00,199.0
2024-03-03T11:00,19.8,72,14.7,17.8,24.1,6,0.00,425.0
2024-03-03T12:00,21.5,66,14.9,20.3,22.8,1,0.00,640.0
2024-03-03T13:00,23.0,61,15.1,22.3,23.1,0,0.00,757.0
2024-03-03T14:00,24.5,56,15.0,23.6,25.2,0,0.00,804.0
2024-03-03T15:00,25.6,53,15.3,24.6,25.9,2,0.00,776.0
2024-03-03T16:00,26.1,51,15.1,24.5,26.6,0,0.00,683.0
2024-03-03T17:00,26.0,51,15.1,23.8,26.3,0,0.00,535.0
2024-03-03T18:00,25.2,53,15.1,23.2,25.5,23,0.00,345.0
2024-03-03T19:00,23.5,60,15.2,22.0,22.4,13,0.00,138.0
2024-03-03T20:00,21.9,61,14.1,20.3,20.0,100,0.00,8.0
2024-03-03T21:00,21.5,66,14.9,20.3,19.8,100,0.00,0.0
2024-03-03T22:00,21.3,70,15.6,20.1,21.1,100,0.00,0.0
2024-03-03T23:00,21.2,71,15.9,19.7,24.3,100,0.00,0.0
2024-03-04T00:00,20.8,73,15.9,19.2,24.5,100,0.00,0.0
2024-03-04T01:00,20.4,76,15.9,18.9,24.3,100,0.00,0.0
2024-03-04T02:00,19.7,80,16.1,18.4,23.2,99,0.00,0.0
2024-03-04T03:00,19.1,85,16.5,17.9,23.5,97,0.00,0.0
2024-03-04T04:00,18.5,90,16.9,17.8,21.3,17,0.00,0.0
2024-03-04T05:00,18.0,93,17.0,17.8,18.4,14,0.00,0.0
2024-03-04T06:00,17.8,94,16.9,17.6,17.4,16,0.00,0.0
2024-03-04T07:00,17.3,96,16.6,17.0,17.6,100,0.00,0.0
2024-03-04T08:00,18.8,94,17.7,18.7,19.1,100,0.00,0.0
2024-03-04T09:00,19.2,93,18.1,19.4,19.2,100,0.00,19.0
2024-03-04T10:00,20.3,87,18.0,19.7,23.9,98,0.10,86.0
2024-03-04T11:00,21.5,77,17.4,20.9,22.7,41,0.00,200.0
2024-03-04T12:00,24.0,64,16.8,23.5,21.1,22,0.00,584.0
2024-03-04T13:00,25.2,60,17.0,25.9,18.7,83,0.00,737.0
2024-03-04T14:00,26.3,56,16.9,27.5,16.7,36,0.00,783.0
2024-03-04T15:00,27.2,51,16.3,28.0,17.3,99,0.00,770.0
2024-03-04T16:00,27.8,47,15.4,27.8,16.7,5,0.00,675.0
2024-03-04T17:00,27.9,46,15.1,27.3,15.1,3,0.00,534.0
2024-03-04T18:00,27.5,46,14.8,27.0,13.7,89,0.00,344.0
2024-03-04T19:00,24.9,57,15.8,25.0,13.0,100,0.00,120.0
2024-03-04T20:00,23.2,61,15.1,22.9,14.0,91,0.00,8.0
2024-03-04T21:00,22.3,64,15.1,22.2,12.1,99,0.00,0.0
2024-03-04T22:00,21.2,68,15.1,21.4,10.4,85,0.00,0.0
2024-03-04T23:00,19.8,75,15.1,19.8,11.7,21,0.00,0.0
2024-03-05T00:00,19.1,76,14.9,18.9,12.9,41,0.00,0.0
2024-03-05T01:00,19.0,76,14.6,18.6,13.3,56,0.00,0.0
2024-03-05T02:00,18.1,79,14.5,18.4,8.6,2,0.00,0.0
2024-03-05T03:00,17.4,82,14.3,17.8,6.6,0,0.00,0.0
2024-03-05T04:00,17.5,82,14.4,18.5,3.6,1,0.00,0.0
2024-03-05T05:00,15.8,88,13.9,15.9,7.2,0,0.00,0.0
2024-03-05T06:00,14.2,94,13.2,14.1,7.7,0,0.00,0.0
2024-03-05T07:00,13.2,97,12.8,12.8,8.7,0,0.00,0.0
2024-03-05T08:00,14.9,91,13.4,14.4,11.5,0,0.00,0.0
2024-03-05T09:00,17.0,85,14.4,16.7,12.2,1,0.00,85.0
2024-03-05T10:00,19.1,80,15.7,19.8,9.0,0,0.00,286.0
2024-03-05T11:00,21.5,70,15.9,22.3,8.8,0,0.00,488.0
2024-03-05T12:00,23.2,64,16.0,25.2,5.5,0,0.00,653.0
2024-03-05T13:00,24.4,61,16.4,27.2,4.7,0,0.00,760.0
2024-03-05T14:00,25.1,60,16.9,28.2,6.2,1,0.00,809.0
2024-03-05T15:00,25.5,58,16.8,27.8,10.2,9,0.00,778.0
2024-03-05T16:00,25.6,55,15.9,26.6,12.0,61,0.00,680.0
2024-03-05T17:00,24.6,57,15.6,24.7,12.6,29,0.00,398.0
2024-03-05T18:00,23.7,60,15.5,23.1,17.1,25,0.00,287.0
2024-03-05T19:00,22.4,66,15.6,23.1,8.1,9,0.00,137.0
2024-03-05T20:00,19.4,76,15.1,19.5,10.9,100,0.00,9.0
2024-03-05T21:00,18.2,83,15.4,18.9,7.7,100,0.00,0.0
2024-03-05T22:00,17.9,84,15.2,18.2,9.8,100,0.00,0.0
2024-03-05T23:00,17.4,78,13.4,16.8,11.3,97,0.00,0.0
2024-03-06T00:00,16.6,75,12.1,15.7,11.3,68,0.00,0.0
2024-03-06T01:00,15.8,77,11.8,14.8,10.0,63,0.00,0.0
2024-03-06T02:00,15.4,78,11.5,14.1,12.1,5,0.00,0.0
2024-03-06T03:00,14.7,78,10.9,12.9,14.0,0,0.00,0.0
2024-03-06T04:00,13.8,79,10.1,12.0,12.0,0,0.00,0.0
2024-03-06T05:00,12.9,82,9.8,11.4,9.8,0,0.00,0.0
2024-03-06T06:00,12.3,84,9.7,10.6,11.0,3,0.00,0.0
2024-03-06T07:00,11.6,87,9.6,10.1,9.9,10,0.00,0.0
2024-03-06T08:00,11.2,91,9.8,9.7,9.8,16,0.00,1.0
2024-03-06T09:00,12.7,84,10.1,11.7,7.6,46,0.00,88.0
2024-03-06T10:00,14.9,76,10.8,13.9,8.6,81,0.00,288.0
2024-03-06T11:00,17.1,70,11.6,16.4,8.4,87,0.00,489.0
2024-03-06T12:00,19.3,66,12.8,19.5,8.7,86,0.00,652.0
2024-03-06T13:00,21.1,64,14.1,22.6,7.8,55,0.00,763.0
2024-03-06T14:00,22.6,63,15.2,24.8,7.9,94,0.00,803.0
2024-03-06T15:00,23.8,61,15.9,25.9,9.1,100,0.00,779.0
2024-03-06T16:00,24.7,60,16.3,26.1,10.2,95,0.00,680.0
2024-03-06T17:00,25.2,58,16.3,25.8,11.2,92,0.00,512.0
2024-03-06T18:00,25.2,57,16.0,25.3,13.8,100,0.00,338.0
2024-03-06T19:00,24.1,62,16.3,25.2,7.8,100,0.00,104.0
2024-03-06T20:00,20.8,77,16.5,21.8,8.2,100,0.00,6.0
2024-03-06T21:00,21.0,76,16.5,22.3,6.6,100,0.00,0.0
2024-03-06T22:00,20.5,77,16.4,21.6,8.0,100,0.00,0.0
2024-03-06T23:00,20.2,77,16.0,20.8,9.8,100,0.10,0.0
2024-03-07T00:00,20.0,84,17.2,21.1,9.6,100,0.90,0.0
2024-03-07T01:00,20.1,82,17.0,20.4,15.5,100,0.00,0.0
2024-03-07T02:00,20.0,84,17.1,20.6,13.0,100,0.00,0.0
2024-03-07T03:00,20.0,83,17.1,19.8,18.7,100,0.00,0.0
2024-03-07T04:00,19.8,84,17.0,20.0,15.6,100,0.00,0.0
2024-03-07T05:00,19.5,85,16.9,19.5,17.0,100,0.00,0.0
2024-03-07T06:00,19.1,83,16.2,18.7,18.2,100,0.00,0.0
2024-03-07T07:00,18.9,81,15.6,17.8,20.2,100,0.00,0.0
2024-03-07T08:00,17.4,93,16.2,18.0,10.4,100,0.00,0.0
2024-03-07T09:00,17.6,92,16.4,17.9,13.4,100,0.00,19.0
2024-03-07T10:00,18.1,90,16.4,18.6,11.6,100,0.10,50.0
2024-03-07T11:00,18.1,91,16.5,19.4,7.1,100,0.70,38.0
2024-03-07T12:00,18.0,90,16.5,19.5,5.2,100,2.80,76.0
2024-03-07T13:00,18.0,89,16.2,19.1,7.1,100,4.20,109.0
2024-03-07T14:00,18.8,88,16.7,18.9,14.9,100,2.90,134.0
2024-03-07T15:00,19.0,88,17.0,19.4,14.4,100,1.90,138.0
2024-03-07T16:00,19.3,84,16.5,19.1,17.4,100,0.80,116.0
2024-03-07T17:00,19.1,82,15.9,18.0,21.6,100,0.50,121.0
2024-03-07T18:00,19.0,81,15.6,18.0,20.2,100,0.50,138.0
2024-03-07T19:00,18.1,83,15.1,16.7,21.8,100,0.10,58.0
2024-03-07T20:00,15.3,86,13.0,13.3,20.0,100,2.00,2.0
2024-03-07T21:00,14.8,89,13.0,13.7,14.0,100,0.90,0.0
2024-03-07T22:00,15.3,91,13.9,14.5,14.2,100,3.00,0.0
2024-03-07T23:00,15.8,94,14.8,15.0,16.5,100,5.80,0.0
2024-03-08T00:00,16.0,94,15.1,15.0,18.8,80,1.10,0.0
2024-03-08T01:00,15.9,96,15.3,15.7,13.8,51,0.00,0.0
2024-03-08T02:00,15.6,97,15.1,15.6,12.0,2,0.00,0.0
2024-03-08T03:00,15.2,97,14.7,15.5,8.4,7,0.00,0.0
2024-03-08T04:00,15.1,96,14.6,15.3,9.1,100,0.00,0.0
2024-03-08T05:00,15.9,95,15.1,16.6,6.8,29,0.00,0.0
2024-03-08T06:00,15.7,95,14.9,16.6,5.4,73,0.00,0.0
2024-03-08T07:00,14.9,98,14.6,15.9,3.7,100,0.00,0.0
2024-03-08T08:00,14.6,94,13.6,13.8,13.0,100,3.50,0.0
2024-03-08T09:00,14.9,96,14.3,15.0,9.5,100,1.60,16.0
2024-03-08T10:00,15.4,94,14.5,15.0,12.7,100,1.00,55.0
2024-03-08T11:00,15.8,93,14.6,15.0,15.5,0,0.30,114.0
2024-03-08T12:00,19.5,79,15.8,20.4,11.6,0,0.00,674.0
2024-03-08T13:00,20.9,72,15.8,22.3,10.3,23,0.10,722.0
2024-03-08T14:00,21.4,70,15.6,22.2,13.1,31,0.10,710.0
2024-03-08T15:00,21.1,67,14.8,21.4,12.2,52,0.90,632.0
2024-03-08T16:00,19.9,69,14.1,18.6,17.8,43,0.60,489.0
2024-03-08T17:00,18.4,74,13.6,16.5,20.7,33,0.00,371.0
2024-03-08T18:00,17.1,71,11.8,13.1,31.6,30,0.00,302.0
2024-03-08T19:00,15.1,74,10.4,11.0,28.6,78,0.00,103.0
2024-03-08T20:00,12.1,79,8.6,7.4,29.7,82,1.50,3.0
2024-03-08T21:00,10.6,79,7.1,5.5,29.8,99,0.10,0.0
2024-03-08T22:00,8.9,77,5.1,3.5,28.8,29,0.00,0.0
2024-03-08T23:00,8.1,76,4.2,2.9,25.9,31,0.00,0.0
2024-03-09T00:00,7.2,75,3.0,1.8,26.2,36,0.00,0.0
2024-03-09T01:00,6.6,73,2.0,0.7,27.7,100,0.00,0.0
2024-03-09T02:00,6.2,71,1.4,0.2,28.4,100,0.00,0.0
2024-03-09T03:00,6.8,69,1.4,1.0,26.3,54,0.00,0.0
2024-03-09T04:00,6.4,70,1.4,0.9,24.8,5,0.00,0.0
2024-03-09T05:00,5.7,73,1.1,0.3,23.5,31,0.00,0.0
2024-03-09T06:00,5.8,71,0.9,0.7,21.3,100,0.00,0.0
2024-03-09T07:00,5.9,66,0.2,0.3,24.5,8,0.00,0.0
2024-03-09T08:00,6.2,69,0.9,0.3,26.1,100,0.00,1.0
2024-03-09T09:00,6.6,65,0.5,1.1,23.9,39,0.00,64.0
2024-03-09T10:00,7.8,61,0.6,2.6,21.2,1,0.00,268.0
2024-03-09T11:00,9.3,53,0.2,4.0,22.0,0,0.00,509.0
2024-03-09T12:00,10.9,48,0.2,6.0,22.8,2,0.00,680.0
2024-03-09T13:00,12.2,46,0.9,8.3,21.3,0,0.00,794.0
2024-03-09T14:00,13.4,44,1.4,9.9,20.3,0,0.00,841.0
2024-03-09T15:00,14.1,40,0.9,10.7,19.5,0,0.00,818.0
2024-03-09T16:00,14.6,40,1.1,10.8,19.4,0,0.00,727.0
2024-03-09T17:00,14.6,40,0.9,9.9,19.0,0,0.00,575.0
2024-03-09T18:00,14.1,39,0.4,9.4,18.7,0,0.00,377.0
2024-03-09T19:00,13.1,43,0.8,9.3,12.3,0,0.00,162.0
2024-03-09T20:00,10.9,50,0.9,7.6,9.2,0,0.00,13.0
2024-03-09T21:00,9.9,53,0.8,6.4,10.4,0,0.00,0.0
2024-03-09T22:00,9.2,53,0.2,5.4,12.0,0,0.00,0.0
2024-03-09T23:00,8.6,53,-0.4,4.7,12.2,0,0.00,0.0
2024-03-10T00:00,7.9,55,-0.6,4.2,10.2,0,0.00,0.0
2024-03-10T01:00,7.0,60,-0.3,3.6,8.3,0,0.00,0.0
2024-03-10T02:00,6.2,65,0.1,3.0,7.6,0,0.00,0.0
2024-03-10T03:00,5.4,71,0.6,2.4,7.1,66,0.00,0.0
2024-03-10T04:00,5.3,72,0.6,2.0,8.8,42,0.00,0.0
2024-03-10T05:00,4.8,74,0.6,1.8,7.3,64,0.00,0.0
2024-03-10T06:00,3.5,81,0.6,0.2,8.9,40,0.00,0.0
2024-03-10T07:00,3.5,82,0.6,0.2,8.2,70,0.00,0.0
2024-03-10T08:00,5.9,72,1.2,3.6,2.3,67,0.00,2.0
2024-03-10T09:00,6.8,72,2.0,4.5,3.3,49,0.00,110.0
2024-03-10T10:00,9.3,65,3.2,7.2,3.3,92,0.00,324.0
2024-03-10T11:00,11.6,55,2.8,9.5,3.7,58,0.00,506.0
2024-03-10T12:00,13.4,45,1.6,11.6,5.4,87,0.00,681.0
2024-03-10T13:00,14.4,41,1.4,13.7,3.3,72,0.00,798.0
2024-03-10T14:00,15.4,40,1.7,15.0,3.3,48,0.00,855.0
2024-03-10T15:00,15.9,40,2.2,15.4,3.8,100,0.00,825.0
2024-03-10T16:00,16.3,40,2.5,15.0,4.1,84,0.00,699.0
2024-03-10T17:00,16.5,40,2.7,14.3,4.8,100,0.00,571.0
2024-03-10T18:00,16.1,41,3.0,13.6,6.4,100,0.00,357.0
2024-03-10T19:00,14.7,60,6.9,13.3,4.4,100,0.00,125.0
2024-03-10T20:00,13.4,51,3.6,10.8,7.4,100,0.00,11.0
2024-03-10T21:00,11.1,61,3.9,8.4,8.9,100,0.00,0.0
2024-03-10T22:00,10.6,63,3.9,8.0,8.1,100,0.00,0.0
2024-03-10T23:00,10.3,61,3.1,7.4,9.2,29,0.00,0.0
2024-03-11T00:00,9.4,65,3.1,6.5,8.7,0,0.00,0.0
2024-03-11T01:00,8.4,70,3.2,5.6,8.4,1,0.00,0.0
2024-03-11T02:00,7.6,73,3.0,4.5,9.7,94,0.00,0.0
2024-03-11T03:00,8.1,69,2.8,5.3,7.7,100,0.00,0.0
2024-03-11T04:00,8.2,68,2.8,5.5,7.3,0,0.00,0.0
2024-03-11T05:00,6.6,77,2.9,3.4,11.0,6,0.00,0.0
2024-03-11T06:00,6.8,81,3.8,3.9,9.4,77,0.00,0.0
2024-03-11T07:00,7.4,80,4.3,5.0,7.5,81,0.00,0.0
2024-03-11T08:00,9.6,69,4.2,6.2,13.7,99,0.20,1.0
2024-03-11T09:00,10.4,71,5.3,7.9,9.4,90,0.00,30.0
2024-03-11T10:00,11.7,75,7.5,9.8,8.7,88,0.50,122.0
2024-03-11T11:00,14.4,67,8.2,12.4,10.2,35,0.00,375.0
2024-03-11T12:00,17.0,54,7.7,14.9,14.2,46,0.00,653.0
2024-03-11T13:00,18.5,43,5.8,15.6,19.4,17,0.00,747.0
2024-03-11T14:00,19.2,40,5.4,16.8,18.8,0,0.00,824.0
2024-03-11T15:00,19.7,42,6.3,17.5,18.0,0,0.00,818.0
2024-03-11T16:00,20.2,42,6.8,18.0,16.0,0,0.00,724.0
2024-03-11T17:00,20.6,37,5.5,17.3,15.8,68,0.00,572.0
2024-03-11T18:00,20.1,38,5.2,16.6,16.6,21,0.00,377.0
2024-03-11T19:00,18.2,47,6.8,16.0,10.1,0,0.00,165.0
2024-03-11T20:00,15.1,54,5.8,12.7,9.5,82,0.00,14.0
2024-03-11T21:00,14.0,57,5.7,11.5,9.7,11,0.00,0.0
2024-03-11T22:00,13.2,61,5.8,10.6,11.0,20,0.00,0.0
2024-03-11T23:00,12.9,63,5.9,10.1,12.4,9,0.00,0.0
2024-03-12T00:00,12.9,64,6.3,10.0,13.7,19,0.00,0.0
2024-03-12T01:00,12.8,68,7.0,9.9,14.2,19,0.00,0.0
2024-03-12T02:00,12.4,72,7.4,9.8,13.7,1,0.00,0.0
2024-03-12T03:00,12.0,75,7.7,9.6,12.6,21,0.00,0.0
2024-03-12T04:00,11.9,77,8.1,9.6,12.3,61,0.00,0.0
2024-03-12T05:00,11.9,82,8.9,9.7,13.4,19,0.00,0.0
2024-03-12T06:00,11.9,88,10.1,9.9,14.1,36,0.00,0.0
2024-03-12T07:00,12.1,92,10.8,10.2,14.4,65,0.00,0.0
2024-03-12T08:00,12.6,94,11.6,10.5,17.1,99,0.00,3.0
2024-03-12T09:00,14.4,87,12.3,11.9,21.4,100,0.00,96.0
2024-03-12T10:00,16.2,81,12.9,13.5,24.7,100,0.00,247.0
2024-03-12T11:00,17.7,76,13.4,15.1,25.4,100,0.00,342.0
2024-03-12T12:00,18.6,72,13.6,16.2,24.8,99,0.00,378.0
2024-03-12T13:00,20.1,66,13.6,17.5,26.0,100,0.00,529.0
2024-03-12T14:00,21.0,62,13.5,18.4,25.7,100,0.00,424.0
2024-03-12T15:00,22.5,56,13.2,19.4,28.3,60,0.00,476.0
2024-03-12T16:00,23.6,52,13.3,20.6,28.7,3,0.00,590.0
2024-03-12T17:00,24.2,51,13.4,21.3,28.0,15,0.00,568.0
2024-03-12T18:00,23.7,53,13.6,21.1,25.3,49,0.00,365.0
2024-03-12T19:00,22.3,58,13.7,20.7,19.4,77,0.00,149.0
2024-03-12T20:00,20.6,67,14.2,19.0,20.2,51,0.00,12.0
2024-03-12T21:00,20.0,69,14.2,18.2,22.1,56,0.00,0.0
2024-03-12T22:00,19.7,73,14.6,17.9,23.0,100,0.00,0.0
2024-03-12T23:00,19.7,73,14.6,17.7,24.2,87,0.00,0.0
2024-03-13T00:00,19.3,74,14.6,17.7,21.5,20,0.00,0.0
2024-03-13T01:00,18.6,77,14.4,17.4,18.6,9,0.00,0.0
2024-03-13T02:00,18.0,82,14.9,17.0,18.1,0,0.00,0.0
2024-03-13T03:00,17.5,87,15.4,16.6,18.5,0,0.00,0.0
2024-03-13T04:00,17.0,91,15.5,16.2,18.5,0,0.00,0.0
2024-03-13T05:00,16.8,93,15.6,16.0,18.0,9,0.00,0.0
2024-03-13T06:00,16.6,94,15.6,15.8,18.4,7,0.00,0.0
2024-03-13T07:00,16.3,95,15.4,15.6,17.7,84,0.00,0.0
2024-03-13T08:00,17.6,94,16.5,17.0,19.9,61,0.00,2.0
2024-03-13T09:00,18.8,88,16.7,17.5,25.0,100,0.00,87.0
2024-03-13T10:00,19.9,82,16.7,18.2,27.5,78,0.00,182.0
2024-03-13T11:00,22.0,71,16.4,20.5,25.8,39,0.00,419.0
2024-03-13T12:00,23.6,66,17.0,23.1,24.0,6,0.00,644.0
2024-03-13T13:00,25.2,61,17.2,25.4,23.8,1,0.00,783.0
2024-03-13T14:00,26.4,58,17.5,26.5,26.7,1,0.00,837.0
2024-03-13T15:00,27.0,55,17.2,26.5,28.5,1,0.00,807.0
2024-03-13T16:00,27.4,51,16.5,26.1,29.5,0,0.00,713.0
2024-03-13T17:00,27.5,51,16.3,25.6,28.5,30,0.00,568.0
2024-03-13T18:00,26.4,56,16.9,24.8,27.8,21,0.00,333.0
2024-03-13T19:00,25.1,61,17.0,24.8,19.1,8,0.00,138.0
2024-03-13T20:00,23.0,69,17.0,22.3,21.5,14,0.00,13.0
2024-03-13T21:00,22.6,74,17.8,21.8,24.4,5,0.00,0.0
2024-03-13T22:00,22.0,80,18.3,21.6,23.3,17,0.00,0.0
2024-03-13T23:00,21.8,81,18.4,21.3,24.4,5,0.00,0.0
2024-03-14T00:00,21.4,79,17.6,20.1,27.3,0,0.00,0.0
2024-03-14T01:00,20.7,81,17.3,19.1,28.5,0,0.00,0.0
2024-03-14T02:00,20.0,87,17.8,18.8,28.1,5,0.00,0.0
2024-03-14T03:00,19.7,92,18.3,18.8,27.4,100,0.00,0.0
2024-03-14T04:00,20.4,91,18.8,19.9,25.9,100,0.00,0.0
2024-03-14T05:00,20.6,91,19.1,20.4,24.8,100,0.00,0.0
2024-03-14T06:00,20.8,91,19.2,21.0,22.3,100,0.00,0.0
2024-03-14T07:00,20.8,91,19.3,21.4,20.0,100,0.00,0.0
2024-03-14T08:00,21.9,91,20.4,23.1,19.4,100,0.10,1.0
2024-03-14T09:00,21.5,95,20.6,23.6,13.8,100,0.90,22.0
2024-03-14T10:00,21.6,93,20.5,23.5,15.9,98,1.20,77.0
2024-03-14T11:00,22.7,87,20.4,23.2,24.3,72,0.60,179.0
2024-03-14T12:00,24.6,76,20.1,24.6,27.4,62,0.10,419.0
2024-03-14T13:00,26.1,67,19.6,25.6,28.8,37,0.20,549.0
2024-03-14T14:00,27.5,60,18.9,27.1,28.0,37,0.10,636.0
2024-03-14T15:00,27.7,59,18.9,27.9,26.2,100,0.90,695.0
2024-03-14T16:00,28.2,55,18.2,28.1,21.9,99,0.00,549.0
2024-03-14T17:00,24.0,73,18.8,24.1,22.3,98,3.00,432.0
2024-03-14T18:00,20.5,83,17.4,19.9,22.1,100,5.10,111.0
2024-03-14T19:00,20.0,86,17.6,21.2,10.8,20,0.00,33.0
2024-03-14T20:00,20.4,93,19.1,22.2,10.7,80,3.40,12.0
2024-03-14T21:00,19.5,95,18.6,20.9,12.4,99,0.10,0.0
2024-03-14T22:00,19.0,93,17.9,21.0,5.5,66,0.50,0.0
2024-03-14T23:00,18.2,95,17.5,19.1,13.0,72,0.10,0.0
2024-03-15T00:00,17.7,98,17.3,18.4,13.0,100,1.70,0.0
2024-03-15T01:00,17.5,97,17.0,18.4,10.9,98,1.70,0.0
2024-03-15T02:00,17.7,97,17.2,18.7,10.6,100,0.80,0.0
2024-03-15T03:00,17.6,96,17.0,18.4,11.5,100,0.00,0.0
2024-03-15T04:00,17.8,96,17.0,18.1,14.5,100,0.30,0.0
2024-03-15T05:00,17.7,95,17.0,17.3,19.6,100,0.40,0.0
2024-03-15T06:00,16.6,85,14.1,14.1,26.7,100,0.10,0.0
2024-03-15T07:00,15.8,82,12.7,12.9,25.2,100,0.00,0.0
2024-03-15T08:00,14.6,81,11.4,12.2,19.3,100,0.00,2.0
2024-03-15T09:00,14.5,77,10.6,11.5,21.7,100,0.00,70.0
2024-03-15T10:00,15.1,73,10.2,11.7,23.6,100,0.20,247.0
2024-03-15T11:00,15.4,75,11.1,12.7,21.5,100,2.00,380.0
2024-03-15T12:00,15.9,73,11.0,13.1,20.7,100,0.00,276.0
2024-03-15T13:00,16.7,71,11.4,13.7,23.3,100,0.00,288.0
2024-03-15T14:00,19.2,65,12.6,17.0,21.6,16,0.00,584.0
2024-03-15T15:00,20.8,62,13.1,19.7,21.4,41,0.00,767.0
2024-03-15T16:00,21.3,60,13.2,19.7,21.1,23,0.00,638.0
2024-03-15T17:00,21.1,59,12.9,18.7,23.2,17,0.00,523.0
2024-03-15T18:00,20.6,59,12.4,18.4,20.5,39,0.00,358.0
2024-03-15T19:00,19.6,63,12.3,17.9,16.6,27,0.00,141.0
2024-03-15T20:00,15.9,76,11.6,14.7,11.5,100,0.10,11.0
2024-03-15T21:00,15.9,75,11.5,14.4,13.4,90,0.10,0.0
2024-03-15T22:00,15.2,77,11.2,13.9,11.8,45,0.00,0.0
2024-03-15T23:00,14.4,81,11.2,13.5,8.7,3,0.00,0.0
2024-03-16T00:00,12.6,90,11.1,11.7,8.7,4,0.00,0.0
2024-03-16T01:00,12.9,89,11.2,12.2,7.7,2,0.00,0.0
2024-03-16T02:00,12.5,91,11.0,11.7,8.0,12,0.00,0.0
2024-03-16T03:00,12.3,89,10.6,11.2,8.6,86,0.00,0.0
2024-03-16T04:00,12.6,86,10.3,11.0,12.0,100,0.00,0.0
2024-03-16T05:00,12.9,83,9.9,10.9,13.3,100,0.00,0.0
2024-03-16T06:00,13.1,83,10.2,11.6,10.5,100,0.00,0.0
2024-03-16T07:00,13.2,83,10.3,11.7,10.7,100,0.00,0.0
2024-03-16T08:00,13.6,86,11.2,13.1,5.8,100,0.10,2.0
2024-03-16T09:00,14.1,85,11.6,13.6,7.0,100,0.10,27.0
2024-03-16T10:00,15.4,84,12.8,14.1,14.8,100,0.10,76.0
2024-03-16T11:00,16.2,86,13.9,15.3,14.8,100,1.60,101.0
2024-03-16T12:00,16.5,88,14.4,15.6,15.9,100,0.50,144.0
2024-03-16T13:00,17.0,87,14.7,16.0,17.4,100,0.20,120.0
2024-03-16T14:00,17.9,83,14.9,17.2,15.9,100,2.90,228.0
2024-03-16T15:00,18.0,85,15.4,18.4,9.8,100,4.60,217.0
2024-03-16T16:00,18.0,85,15.5,18.3,11.0,100,2.20,134.0
2024-03-16T17:00,18.2,86,15.9,18.7,10.6,100,1.10,194.0
2024-03-16T18:00,18.0,87,15.8,18.6,9.7,100,0.30,77.0
2024-03-16T19:00,17.5,91,15.9,17.6,12.8,100,0.10,77.0
2024-03-16T20:00,16.1,93,15.0,16.4,9.7,100,0.20,7.0
2024-03-16T21:00,16.0,93,14.9,16.5,7.8,100,0.00,0.0
2024-03-16T22:00,15.4,96,14.8,16.3,5.2,100,0.00,0.0
2024-03-16T23:00,15.4,96,14.8,16.1,6.3,100,0.00,0.0
2024-03-17T00:00,14.9,97,14.4,15.5,5.5,100,0.00,0.0
2024-03-17T01:00,14.6,97,14.1,14.6,8.9,100,0.00,0.0
2024-03-17T02:00,14.8,95,14.1,14.6,10.7,100,0.00,0.0
2024-03-17T03:00,14.6,94,13.6,14.1,12.1,100,0.10,0.0
2024-03-17T04:00,14.5,94,13.5,13.6,13.7,100,0.10,0.0
2024-03-17T05:00,14.4,93,13.4,13.5,13.4,100,0.10,0.0
2024-03-17T06:00,14.1,92,12.9,13.0,14.3,100,0.10,0.0
2024-03-17T07:00,13.9,90,12.4,12.9,12.3,100,0.00,0.0
2024-03-17T08:00,13.4,92,12.1,11.7,15.9,100,0.20,1.0
2024-03-17T09:00,13.6,88,11.6,11.6,16.6,100,0.10,23.0
2024-03-17T10:00,14.2,84,11.4,12.7,13.2,100,0.00,91.0
2024-03-17T11:00,15.4,76,11.1,13.4,15.5,100,0.00,220.0
2024-03-17T12:00,16.1,68,10.2,13.3,19.7,100,0.00,309.0
2024-03-17T13:00,17.1,58,8.9,13.6,22.3,98,0.00,443.0
2024-03-17T14:00,18.1,51,7.9,14.8,21.8,47,0.00,634.0
2024-03-17T15:00,18.9,48,7.6,15.6,23.4,15,0.00,713.0
2024-03-17T16:00,19.0,46,7.1,15.3,23.7,9,0.00,657.0
2024-03-17T17:00,19.3,44,6.8,15.4,22.3,38,0.00,576.0
2024-03-17T18:00,18.0,39,3.8,12.7,26.2,92,0.00,371.0
2024-03-17T19:00,16.0,37,1.5,10.7,23.7,99,0.00,130.0
2024-03-17T20:00,15.6,34,-0.2,10.4,20.5,4,0.00,5.0
2024-03-17T21:00,13.6,40,0.3,9.7,12.8,5,0.00,0.0
2024-03-17T22:00,12.2,48,1.6,9.1,9.1,8,0.00,0.0
2024-03-17T23:00,11.9,53,2.5,8.5,11.9,13,0.00,0.0
2024-03-18T00:00,11.2,57,3.0,8.0,10.8,14,0.00,0.0
2024-03-18T01:00,10.6,59,2.9,7.3,11.3,2,0.00,0.0
2024-03-18T02:00,10.2,58,2.2,6.5,13.4,20,0.00,0.0
2024-03-18T03:00,9.7,56,1.2,6.3,10.4,53,0.00,0.0
2024-03-18T04:00,9.9,54,1.0,6.3,11.8,93,0.00,0.0
2024-03-18T05:00,10.4,51,0.8,6.4,13.8,52,0.00,0.0
2024-03-18T06:00,9.2,54,0.3,5.3,12.7,2,0.00,0.0
2024-03-18T07:00,8.1,57,-0.1,4.4,10.2,8,0.00,0.0
2024-03-18T08:00,7.8,62,1.0,4.2,11.8,8,0.00,7.0
2024-03-18T09:00,9.4,58,1.5,5.5,13.6,6,0.00,141.0
2024-03-18T10:00,10.4,49,0.1,5.8,17.6,38,0.00,358.0
2024-03-18T11:00,11.4,45,-0.2,6.4,19.5,59,0.00,565.0
2024-03-18T12:00,12.2,43,0.1,7.9,21.5,78,0.00,729.0
2024-03-18T13:00,12.9,41,0.2,8.9,22.4,73,0.00,833.0
2024-03-18T14:00,13.6,40,0.2,10.0,20.7,95,0.00,874.0
2024-03-18T15:00,13.9,41,0.9,10.7,18.2,96,0.00,835.0
2024-03-18T16:00,14.1,41,1.1,11.0,15.7,65,0.00,751.0
2024-03-18T17:00,14.3,40,0.9,10.4,14.8,98,0.00,599.0
2024-03-18T18:00,14.1,39,0.2,10.0,13.8,100,0.00,379.0
2024-03-18T19:00,12.9,45,1.2,9.7,9.0,46,0.00,171.0
2024-03-18T20:00,9.9,59,2.2,6.7,9.5,0,0.00,21.0
2024-03-18T21:00,9.0,64,2.6,5.8,10.4,0,0.00,0.0
2024-03-18T22:00,8.4,66,2.5,5.6,7.6,0,0.00,0.0
2024-03-18T23:00,7.2,69,1.9,4.3,7.2,12,0.00,0.0
2024-03-19T00:00,5.8,74,1.5,2.6,9.3,0,0.00,0.0
2024-03-19T01:00,5.8,73,1.4,2.8,8.1,0,0.00,0.0
2024-03-19T02:00,7.1,66,1.1,4.3,6.0,0,0.00,0.0
2024-03-19T03:00,7.0,67,1.2,4.2,6.1,28,0.00,0.0
2024-03-19T04:00,6.8,68,1.3,3.9,6.5,100,0.00,0.0
2024-03-19T05:00,4.7,79,1.4,1.6,7.9,99,0.00,0.0
2024-03-19T06:00,3.6,85,1.2,0.3,9.7,100,0.00,0.0
2024-03-19T07:00,3.8,84,1.5,0.6,9.5,99,0.00,0.0
2024-03-19T08:00,4.3,82,1.5,1.3,7.6,1,0.00,9.0
2024-03-19T09:00,7.0,70,2.0,3.9,9.2,0,0.00,149.0
2024-03-19T10:00,9.5,61,2.3,6.4,9.5,0,0.00,369.0
2024-03-19T11:00,12.0,50,1.8,8.7,11.2,0,0.00,576.0
2024-03-19T12:00,13.9,46,2.4,11.5,12.1,0,0.00,742.0
2024-03-19T13:00,15.6,45,3.7,14.1,11.0,0,0.00,848.0
2024-03-19T14:00,16.8,44,4.3,15.8,10.7,0,0.00,888.0
2024-03-19T15:00,17.8,41,4.4,16.3,12.8,8,0.00,857.0
2024-03-19T16:00,18.2,40,4.2,15.9,14.2,0,0.00,751.0
2024-03-19T17:00,18.2,40,4.4,14.9,15.6,0,0.00,600.0
2024-03-19T18:00,17.7,40,4.0,14.0,15.9,0,0.00,401.0
2024-03-19T19:00,16.1,47,4.9,13.1,12.6,0,0.00,185.0
2024-03-19T20:00,14.2,50,4.0,11.0,12.6,97,0.00,21.0
2024-03-19T21:00,13.4,53,3.9,10.0,13.3,62,0.00,0.0
2024-03-19T22:00,12.6,56,4.1,9.4,12.6,14,0.00,0.0
2024-03-19T23:00,12.0,58,4.1,8.7,12.7,70,0.00,0.0
2024-03-20T00:00,11.4,59,3.7,8.2,12.0,94,0.00,0.0
2024-03-20T01:00,11.2,58,3.3,7.6,14.0,100,0.00,0.0
2024-03-20T02:00,11.1,58,3.1,7.6,13.4,100,0.00,0.0
2024-03-20T03:00,11.1,59,3.4,7.7,12.5,100,0.00,0.0
2024-03-20T04:00,10.8,61,3.5,7.5,12.0,100,0.00,0.0
2024-03-20T05:00,10.4,62,3.5,7.3,11.2,100,0.00,0.0
2024-03-20T06:00,10.1,65,3.8,7.3,9.4,100,0.00,0.0
2024-03-20T07:00,9.9,67,4.2,7.3,8.4,100,0.00,0.0
2024-03-20T08:00,10.4,68,4.8,7.6,10.3,100,0.00,7.0
2024-03-20T09:00,12.0,69,6.5,9.5,11.0,100,0.00,92.0
2024-03-20T10:00,14.1,63,7.1,11.6,11.4,100,0.00,272.0
2024-03-20T11:00,15.9,60,8.1,13.7,11.4,100,0.00,441.0
2024-03-20T12:00,17.9,58,9.4,16.8,11.3,89,0.00,678.0
2024-03-20T13:00,19.4,54,9.9,19.3,10.6,79,0.00,811.0
2024-03-20T14:00,20.3,52,10.1,20.2,12.3,99,0.00,834.0
2024-03-20T15:00,20.9,51,10.4,20.1,14.1,100,0.00,754.0
2024-03-20T16:00,21.0,52,10.7,19.7,15.9,90,0.00,703.0
2024-03-20T17:00,23.7,43,10.5,22.0,12.4,100,0.00,547.0
2024-03-20T18:00,21.4,52,11.0,18.3,23.1,19,0.00,359.0
2024-03-20T19:00,19.8,61,11.9,19.2,8.6,93,0.00,173.0
2024-03-20T20:00,17.1,66,10.7,15.2,14.3,100,0.00,17.0
2024-03-20T21:00,16.5,69,10.8,14.6,14.7,96,0.00,0.0
2024-03-20T22:00,15.6,75,11.1,13.5,16.4,15,0.00,0.0
2024-03-20T23:00,14.8,79,11.1,13.0,14.5,91,0.00,0.0
2024-03-21T00:00,14.4,81,11.1,12.7,14.2,99,0.00,0.0
2024-03-21T01:00,14.4,81,11.1,12.8,13.0,100,0.00,0.0
2024-03-21T02:00,14.8,78,10.9,13.5,11.2,100,0.00,0.0
2024-03-21T03:00,14.5,78,10.8,13.5,8.4,100,0.00,0.0
2024-03-21T04:00,14.1,80,10.6,12.8,10.0,100,0.00,0.0
2024-03-21T05:00,13.6,84,10.9,12.4,10.1,100,0.50,0.0
2024-03-21T06:00,13.4,88,11.4,12.7,7.6,96,1.70,0.0
2024-03-21T07:00,13.2,92,11.9,12.7,8.0,98,0.00,0.0
2024-03-21T08:00,13.9,90,12.2,12.5,14.5,33,0.00,8.0
2024-03-21T09:00,15.2,90,13.5,15.0,9.4,40,0.00,130.0
2024-03-21T10:00,16.7,85,14.2,16.6,9.9,45,0.00,271.0
2024-03-21T11:00,18.8,76,14.4,18.1,15.1,99,0.00,471.0
2024-03-21T12:00,19.5,74,14.6,18.3,18.4,62,0.30,527.0
2024-03-21T13:00,19.9,71,14.5,18.3,21.4,52,0.40,530.0
2024-03-21T14:00,20.8,66,14.2,19.7,20.7,47,0.20,656.0
2024-03-21T15:00,20.9,69,14.9,19.5,21.9,100,0.30,587.0
2024-03-21T16:00,18.1,81,14.8,16.5,21.8,100,1.40,294.0
2024-03-21T17:00,19.0,78,15.1,18.6,14.4,98,2.70,257.0
2024-03-21T18:00,18.5,82,15.3,17.5,18.8,83,0.20,218.0
2024-03-21T19:00,17.6,88,15.6,18.3,8.5,100,5.10,122.0
2024-03-21T20:00,15.6,93,14.5,15.7,10.1,100,2.70,2.0
2024-03-21T21:00,15.2,95,14.5,14.9,12.4,100,2.50,0.0
2024-03-21T22:00,15.2,95,14.4,14.6,14.5,100,2.70,0.0
2024-03-21T23:00,15.1,95,14.4,14.8,12.0,100,0.40,0.0
2024-03-22T00:00,14.6,97,14.1,15.2,4.8,100,0.00,0.0
2024-03-22T01:00,14.0,98,13.7,14.6,4.4,100,0.00,0.0
2024-03-22T02:00,14.2,98,13.9,14.5,7.1,100,0.00,0.0
2024-03-22T03:00,14.2,98,13.9,14.6,6.6,100,0.00,0.0
2024-03-22T04:00,13.7,98,13.4,13.9,6.3,7,0.00,0.0
2024-03-22T05:00,12.6,99,12.5,12.5,6.1,9,0.00,0.0
2024-03-22T06:00,12.4,100,12.4,12.2,6.1,94,0.00,0.0
2024-03-22T07:00,12.9,99,12.6,12.1,11.1,100,0.00,0.0
2024-03-22T08:00,12.9,96,12.2,12.1,10.5,100,0.00,7.0
2024-03-22T09:00,14.6,88,12.6,13.0,16.2,100,0.00,73.0
2024-03-22T10:00,15.9,83,12.9,14.3,17.1,99,0.00,204.0
2024-03-22T11:00,16.4,82,13.2,14.9,17.2,100,0.20,219.0
2024-03-22T12:00,17.2,78,13.4,15.4,20.0,100,0.40,361.0
2024-03-22T13:00,18.0,74,13.3,15.7,23.1,98,0.10,346.0
2024-03-22T14:00,17.9,74,13.1,15.4,24.0,49,0.50,415.0
2024-03-22T15:00,19.6,62,12.1,17.2,23.3,42,0.00,630.0
2024-03-22T16:00,20.3,62,12.8,19.0,20.1,9,0.00,695.0
2024-03-22T17:00,20.6,58,12.1,18.6,18.4,44,0.00,547.0
2024-03-22T18:00,20.5,57,11.6,18.6,16.3,9,0.00,353.0
2024-03-22T19:00,19.1,65,12.5,18.7,8.2,6,0.00,175.0
2024-03-22T20:00,15.4,80,12.1,14.7,9.5,9,0.00,23.0
2024-03-22T21:00,15.2,82,12.1,14.9,7.3,5,0.00,0.0
2024-03-22T22:00,13.6,89,11.8,12.9,9.0,9,0.00,0.0
2024-03-22T23:00,13.7,89,12.0,13.1,8.0,8,0.00,0.0
2024-03-23T00:00,14.1,81,10.9,12.1,15.9,0,0.00,0.0
2024-03-23T01:00,13.5,83,10.8,11.5,15.5,0,0.00,0.0
2024-03-23T02:00,13.1,85,10.6,11.1,15.1,0,0.00,0.0
2024-03-23T03:00,12.7,85,10.3,10.5,15.6,2,0.00,0.0
2024-03-23T04:00,12.0,77,8.0,8.8,18.1,3,0.00,0.0
2024-03-23T05:00,10.8,71,5.7,7.1,18.3,0,0.00,0.0
2024-03-23T06:00,9.8,72,5.0,6.1,16.7,0,0.00,0.0
2024-03-23T07:00,8.9,75,4.8,5.3,16.2,0,0.00,0.0
2024-03-23T08:00,8.9,80,5.7,5.8,13.7,0,0.00,13.0
2024-03-23T09:00,9.9,75,5.7,7.0,12.2,0,0.00,161.0
2024-03-23T10:00,11.1,72,6.2,8.4,11.9,0,0.00,378.0
2024-03-23T11:00,12.5,70,7.1,10.1,12.9,26,0.00,584.0
2024-03-23T12:00,14.1,66,7.9,12.9,12.3,35,0.00,750.0
2024-03-23T13:00,15.5,65,9.0,16.0,7.4,99,0.00,858.0
2024-03-23T14:00,16.8,65,10.1,18.2,5.2,99,0.00,893.0
2024-03-23T15:00,17.9,64,10.9,19.5,4.4,98,0.00,858.0
2024-03-23T16:00,18.6,63,11.3,19.3,5.8,100,0.00,740.0
2024-03-23T17:00,19.0,62,11.5,18.3,8.7,100,0.00,576.0
2024-03-23T18:00,18.9,61,11.3,17.9,9.5,100,0.00,351.0
2024-03-23T19:00,18.2,65,11.6,17.5,8.9,100,0.00,151.0
2024-03-23T20:00,16.9,70,11.3,15.7,10.6,100,0.00,16.0
2024-03-23T21:00,16.2,72,11.2,14.7,12.8,100,0.00,0.0
2024-03-23T22:00,15.8,74,11.2,14.2,13.2,100,0.00,0.0
2024-03-23T23:00,15.3,76,11.1,13.8,12.5,100,0.00,0.0
2024-03-24T00:00,14.9,77,11.0,13.2,13.5,100,0.00,0.0
2024-03-24T01:00,14.4,79,10.9,12.7,14.0,100,0.00,0.0
2024-03-24T02:00,14.4,79,10.9,12.1,18.0,100,0.00,0.0
2024-03-24T03:00,14.4,80,10.9,11.6,21.5,100,0.00,0.0
2024-03-24T04:00,14.4,77,10.4,11.2,23.2,100,0.00,0.0
2024-03-24T05:00,14.4,76,10.2,10.8,25.0,100,0.00,0.0
2024-03-24T06:00,14.4,75,9.9,10.5,27.0,100,0.00,0.0
2024-03-24T07:00,14.1,76,9.9,10.1,27.5,100,0.00,0.0
2024-03-24T08:00,14.5,79,10.9,10.8,27.1,100,0.00,5.0
2024-03-24T09:00,14.9,79,11.3,11.1,29.0,100,0.00,42.0
2024-03-24T10:00,16.0,76,11.9,12.2,30.6,100,0.00,200.0
2024-03-24T11:00,18.0,69,12.2,12.6,41.2,100,0.00,441.0
2024-03-24T12:00,17.7,74,12.9,13.8,33.5,100,0.50,260.0
2024-03-24T13:00,18.5,70,12.9,14.1,36.7,80,0.90,481.0
2024-03-24T14:00,20.0,60,12.0,15.0,38.5,96,0.10,534.0
2024-03-24T15:00,21.5,55,11.9,15.8,43.0,100,0.10,514.0
2024-03-24T16:00,21.3,56,12.2,16.3,39.3,100,0.00,274.0
2024-03-24T17:00,20.7,63,13.3,16.9,33.0,88,0.00,123.0
2024-03-24T18:00,21.0,63,13.7,17.4,33.0,24,0.00,154.0
2024-03-24T19:00,20.9,63,13.7,17.0,34.7,38,0.00,163.0
2024-03-24T20:00,19.6,66,13.1,15.7,33.7,43,0.00,15.0
2024-03-24T21:00,19.2,69,13.4,15.4,34.0,47,0.00,0.0
2024-03-24T22:00,18.8,73,13.9,14.7,36.6,61,0.00,0.0
2024-03-24T23:00,18.8,77,14.6,16.1,28.9,95,0.00,0.0
2024-03-25T00:00,18.5,82,15.2,16.7,24.2,100,0.50,0.0
2024-03-25T01:00,18.4,86,15.9,16.5,27.0,99,0.50,0.0
2024-03-25T02:00,18.0,90,16.4,16.6,24.9,100,2.80,0.0
2024-03-25T03:00,17.4,77,13.2,15.6,18.7,100,10.10,0.0
2024-03-25T04:00,15.8,71,10.6,13.6,16.1,100,5.80,0.0
2024-03-25T05:00,14.8,67,8.7,12.3,14.8,100,0.90,0.0
2024-03-25T06:00,13.2,80,9.8,11.9,8.9,100,1.00,0.0
2024-03-25T07:00,12.4,81,9.3,11.2,7.4,100,1.00,0.0
2024-03-25T08:00,14.1,88,12.1,12.9,13.0,100,0.40,2.0
2024-03-25T09:00,14.6,85,12.0,13.3,12.7,100,0.00,34.0
2024-03-25T10:00,15.4,82,12.3,14.2,12.6,45,0.00,134.0
2024-03-25T11:00,18.0,70,12.6,16.8,14.1,99,0.00,485.0
2024-03-25T12:00,19.0,61,11.3,17.3,14.8,3,0.00,389.0
2024-03-25T13:00,21.5,43,8.5,19.1,23.2,8,0.00,822.0
2024-03-25T14:00,22.6,36,6.9,19.8,24.2,2,0.00,863.0
2024-03-25T15:00,22.9,28,3.5,18.7,26.9,1,0.00,831.0
2024-03-25T16:00,22.6,28,3.1,17.7,29.5,1,0.00,784.0
2024-03-25T17:00,22.2,26,2.0,16.4,29.5,14,0.00,629.0
2024-03-25T18:00,20.7,32,3.3,15.4,25.4,23,0.00,386.0
2024-03-25T19:00,17.8,46,6.1,13.5,22.4,46,0.00,185.0
2024-03-25T20:00,14.4,46,3.0,9.6,22.4,1,0.00,26.0
2024-03-25T21:00,12.4,48,1.6,7.1,24.1,0,0.00,0.0
2024-03-25T22:00,10.1,46,-0.9,4.3,24.6,0,0.00,0.0
2024-03-25T23:00,8.7,45,-2.7,2.6,24.9,0,0.00,0.0
2024-03-26T00:00,7.5,46,-3.2,2.8,14.8,0,0.00,0.0
2024-03-26T01:00,6.4,48,-3.7,1.6,15.1,75,0.00,0.0
2024-03-26T02:00,5.8,50,-3.8,1.0,15.0,98,0.00,0.0
2024-03-26T03:00,5.7,50,-3.9,0.4,17.8,66,0.00,0.0
2024-03-26T04:00,5.2,51,-4.2,-0.0,17.3,1,0.00,0.0
2024-03-26T05:00,4.7,51,-4.7,-0.7,17.9,0,0.00,0.0
2024-03-26T06:00,4.4,51,-4.8,-0.9,17.1,0,0.00,0.0
2024-03-26T07:00,4.2,52,-4.8,-0.7,15.3,0,0.00,0.0
2024-03-26T08:00,3.8,60,-3.3,-0.7,13.5,0,0.00,17.0
2024-03-26T09:00,5.3,56,-2.8,0.5,15.8,0,0.00,175.0
2024-03-26T10:00,6.8,51,-2.5,1.7,18.4,0,0.00,396.0
2024-03-26T11:00,8.4,50,-1.5,3.9,16.6,0,0.00,603.0
2024-03-26T12:00,9.9,48,-0.6,6.5,16.4,0,0.00,769.0
2024-03-26T13:00,11.4,47,0.4,8.8,15.6,0,0.00,878.0
2024-03-26T14:00,12.7,44,0.8,10.7,13.7,0,0.00,918.0
2024-03-26T15:00,13.7,41,0.8,11.8,12.3,28,0.00,886.0
2024-03-26T16:00,14.2,40,0.8,11.9,11.2,99,0.00,784.0
2024-03-26T17:00,14.2,39,0.6,11.4,8.5,0,0.00,621.0
2024-03-26T18:00,14.1,39,0.3,11.3,5.2,0,0.00,426.0
2024-03-26T19:00,13.2,52,3.5,11.2,3.3,0,0.00,204.0
2024-03-26T20:00,10.6,60,3.1,7.9,7.8,0,0.00,28.0
2024-03-26T21:00,9.6,65,3.3,6.9,8.1,0,0.00,0.0
2024-03-26T22:00,9.2,68,3.7,6.6,8.0,0,0.00,0.0
2024-03-26T23:00,8.8,69,3.5,5.9,9.3,0,0.00,0.0
2024-03-27T00:00,8.0,70,3.0,5.2,8.3,0,0.00,0.0
2024-03-27T01:00,7.3,72,2.7,4.5,8.0,2,0.00,0.0
2024-03-27T02:00,7.2,70,2.0,3.9,10.3,23,0.00,0.0
2024-03-27T03:00,6.7,68,1.1,3.1,10.8,2,0.00,0.0
2024-03-27T04:00,5.2,75,1.1,2.0,8.5,0,0.00,0.0
2024-03-27T05:00,6.2,67,0.6,3.2,6.9,92,0.00,0.0
2024-03-27T06:00,4.4,79,1.1,1.2,8.8,100,0.00,0.0
2024-03-27T07:00,4.8,78,1.2,1.8,7.1,100,0.00,0.0
2024-03-27T08:00,6.3,78,2.8,3.6,7.2,93,0.10,13.0
2024-03-27T09:00,7.6,74,3.2,4.8,8.8,9,0.00,164.0
2024-03-27T10:00,9.8,67,3.9,6.9,9.9,0,0.00,397.0
2024-03-27T11:00,12.1,60,4.4,9.2,12.3,0,0.00,599.0
2024-03-27T12:00,13.9,51,4.0,11.7,13.6,27,0.00,758.0
2024-03-27T13:00,15.2,50,4.8,13.6,14.1,20,0.00,851.0
2024-03-27T14:00,16.3,49,5.7,15.0,14.6,32,0.00,899.0
2024-03-27T15:00,17.0,49,6.2,15.6,14.3,100,0.00,866.0
2024-03-27T16:00,17.3,48,6.2,15.4,11.2,99,0.00,668.0
2024-03-27T17:00,17.4,47,6.1,15.7,4.9,96,0.00,437.0
2024-03-27T18:00,17.1,48,6.1,15.2,6.0,100,0.00,216.0
2024-03-27T19:00,15.4,61,7.9,14.0,6.0,78,0.10,79.0
2024-03-27T20:00,13.8,60,6.1,11.0,12.3,95,0.00,26.0
2024-03-27T21:00,12.6,63,5.8,9.5,13.4,13,0.00,0.0
2024-03-27T22:00,11.6,68,5.9,8.7,12.9,8,0.00,0.0
2024-03-27T23:00,10.6,71,5.6,8.1,9.7,0,0.00,0.0
2024-03-28T00:00,9.8,75,5.5,7.4,8.6,0,0.00,0.0
2024-03-28T01:00,8.6,80,5.4,6.5,7.1,0,0.00,0.0
2024-03-28T02:00,8.1,83,5.4,5.9,7.1,0,0.00,0.0
2024-03-28T03:00,7.8,85,5.4,5.3,9.2,0,0.00,0.0
2024-03-28T04:00,7.2,87,5.2,4.8,8.2,0,0.00,0.0
2024-03-28T05:00,6.5,90,5.0,4.3,6.8,0,0.00,0.0
2024-03-28T06:00,6.0,92,4.8,3.8,6.3,0,0.00,0.0
2024-03-28T07:00,5.1,95,4.2,2.4,8.6,0,0.00,0.0
2024-03-28T08:00,6.4,90,5.0,4.3,6.3,0,0.00,20.0
2024-03-28T09:00,8.7,83,6.0,7.0,5.0,0,0.00,182.0
2024-03-28T10:00,11.6,75,7.3,10.0,6.8,0,0.00,401.0
2024-03-28T11:00,14.6,67,8.6,13.1,10.2,0,0.00,605.0
2024-03-28T12:00,17.0,60,9.1,16.4,11.3,0,0.00,766.0
2024-03-28T13:00,18.9,56,10.0,18.7,13.4,0,0.00,869.0
2024-03-28T14:00,20.0,56,10.9,19.9,15.3,1,0.00,906.0
2024-03-28T15:00,20.8,54,11.1,20.6,15.2,0,0.00,875.0
2024-03-28T16:00,21.5,48,10.1,20.5,14.8,0,0.00,774.0
2024-03-28T17:00,21.6,43,8.6,19.5,14.8,0,0.00,622.0
2024-03-28T18:00,21.2,45,9.0,18.8,15.1,1,0.00,423.0
2024-03-28T19:00,19.7,56,10.8,18.1,12.3,13,0.00,205.0
2024-03-28T20:00,17.2,63,10.1,15.6,11.4,8,0.00,31.0
2024-03-28T21:00,16.1,69,10.4,14.4,12.9,12,0.00,0.0
2024-03-28T22:00,15.9,70,10.4,13.7,16.2,3,0.00,0.0
2024-03-28T23:00,15.8,70,10.4,13.3,17.7,0,0.00,0.0
2024-03-29T00:00,15.6,72,10.6,13.2,18.3,0,0.00,0.0
2024-03-29T01:00,15.3,75,10.9,13.0,17.7,0,0.00,0.0
2024-03-29T02:00,15.2,77,11.1,12.7,19.9,2,0.00,0.0
2024-03-29T03:00,15.1,79,11.6,12.5,21.2,26,0.00,0.0
2024-03-29T04:00,14.8,82,11.8,12.1,22.1,1,0.00,0.0
2024-03-29T05:00,14.4,83,11.6,11.7,21.8,43,0.00,0.0
2024-03-29T06:00,14.0,84,11.4,11.2,22.1,98,0.00,0.0
2024-03-29T07:00,13.8,85,11.4,11.0,22.4,54,0.00,0.0
2024-03-29T08:00,14.7,82,11.6,11.8,23.4,100,0.00,17.0
2024-03-29T09:00,15.9,80,12.5,13.8,19.6,100,0.00,148.0
2024-03-29T10:00,17.5,76,13.2,14.8,25.2,99,0.00,315.0
2024-03-29T11:00,19.4,68,13.3,16.1,29.5,80,0.00,493.0
2024-03-29T12:00,21.0,60,13.1,18.1,32.0,37,0.00,727.0
2024-03-29T13:00,22.4,55,12.9,19.4,35.3,31,0.00,856.0
2024-03-29T14:00,23.4,48,11.9,20.2,35.6,82,0.00,897.0
2024-03-29T15:00,24.0,47,12.2,20.7,36.0,100,0.00,863.0
2024-03-29T16:00,24.3,46,11.9,20.6,34.6,100,0.00,745.0
2024-03-29T17:00,23.9,47,11.8,19.6,33.2,100,0.00,472.0
2024-03-29T18:00,23.2,51,12.7,19.9,28.8,54,0.00,293.0
2024-03-29T19:00,22.2,56,13.1,19.4,26.0,91,0.00,195.0
2024-03-29T20:00,20.4,59,12.1,17.2,26.1,92,0.00,28.0
2024-03-29T21:00,19.8,60,11.7,16.1,28.9,100,0.00,0.0
2024-03-29T22:00,19.1,63,11.8,16.3,23.1,99,0.00,0.0
2024-03-29T23:00,18.5,65,11.9,15.5,24.9,93,0.00,0.0
2024-03-30T00:00,18.1,68,12.0,14.8,27.2,16,0.00,0.0
2024-03-30T01:00,17.6,70,12.1,14.4,26.6,30,0.00,0.0
2024-03-30T02:00,17.0,75,12.4,14.2,24.4,0,0.00,0.0
2024-03-30T03:00,16.4,80,12.9,14.1,21.8,0,0.00,0.0
2024-03-30T04:00,15.9,84,13.2,14.0,19.8,0,0.00,0.0
2024-03-30T05:00,15.4,88,13.5,14.0,17.4,3,0.00,0.0
2024-03-30T06:00,15.1,91,13.8,13.8,17.4,4,0.00,0.0
2024-03-30T07:00,15.1,93,13.9,13.9,16.6,4,0.00,0.0
2024-03-30T08:00,16.4,92,15.1,15.2,19.6,22,0.00,23.0
2024-03-30T09:00,18.3,84,15.6,16.5,25.5,95,0.00,183.0
2024-03-30T10:00,19.6,78,15.7,17.8,25.5,79,0.00,308.0
2024-03-30T11:00,21.2,72,16.0,19.9,23.1,68,0.00,500.0
2024-03-30T12:00,23.1,64,15.9,22.9,19.5,99,0.00,657.0
2024-03-30T13:00,24.0,62,16.4,24.2,18.6,68,0.00,699.0
2024-03-30T14:00,25.0,61,17.0,26.1,19.1,82,0.00,840.0
2024-03-30T15:00,25.8,59,17.2,26.7,20.6,95,0.00,832.0
2024-03-30T16:00,26.0,59,17.3,26.3,22.2,100,0.00,742.0
2024-03-30T17:00,25.9,59,17.2,25.0,23.4,100,0.00,534.0
2024-03-30T18:00,25.0,60,16.8,23.7,24.7,100,0.00,324.0
2024-03-30T19:00,23.3,67,16.8,22.7,20.3,100,0.00,102.0
2024-03-30T20:00,21.8,71,16.2,21.4,17.5,100,0.00,25.0
2024-03-30T21:00,21.3,74,16.5,20.6,20.3,100,0.00,0.0
2024-03-30T22:00,21.0,76,16.5,20.2,20.7,100,0.00,0.0
2024-03-30T23:00,20.7,78,16.6,19.6,23.5,100,0.00,0.0
2024-03-31T00:00,20.2,81,16.8,19.2,23.1,100,0.00,0.0
2024-03-31T01:00,19.8,83,16.8,18.8,23.6,95,0.00,0.0
2024-03-31T02:00,19.1,86,16.7,18.4,20.9,100,0.00,0.0
2024-03-31T03:00,18.9,86,16.5,18.2,20.2,96,0.00,0.0
2024-03-31T04:00,18.5,87,16.4,18.0,19.3,100,0.00,0.0
2024-03-31T05:00,18.3,88,16.2,17.9,17.7,100,0.00,0.0
2024-03-31T06:00,18.0,89,16.1,17.3,18.7,100,0.00,0.0
2024-03-31T07:00,17.8,89,15.9,17.1,18.4,100,0.00,0.0
2024-03-31T08:00,18.8,86,16.5,18.4,18.1,100,0.00,12.0
2024-03-31T09:00,19.7,83,16.6,19.1,20.3,100,0.00,97.0
2024-03-31T10:00,20.5,80,16.9,19.0,27.0,100,0.00,156.0
2024-03-31T11:00,21.2,77,17.1,19.8,26.9,100,0.00,217.0
2024-03-31T12:00,22.0,73,17.0,21.0,24.1,100,0.00,258.0
2024-03-31T13:00,22.5,72,17.4,21.7,23.8,100,0.00,262.0
2024-03-31T14:00,24.5,63,17.1,23.9,21.6,100,0.00,404.0
2024-03-31T15:00,26.0,60,17.6,25.9,21.0,100,0.00,605.0
2024-03-31T16:00,27.0,57,17.7,26.8,20.9,100,0.00,584.0
2024-03-31T17:00,27.0,58,18.0,26.5,23.1,100,0.00,430.0
2024-03-31T18:00,26.7,61,18.5,26.6,22.0,100,0.00,294.0
2024-03-31T19:00,25.7,65,18.7,26.2,18.5,100,0.00,141.0
2024-03-31T20:00,23.1,75,18.5,23.6,18.8,100,0.00,19.0
2024-03-31T21:00,22.8,76,18.4,23.1,19.5,100,0.00,0.0
2024-03-31T22:00,22.4,79,18.6,22.8,19.1,100,0.00,0.0
2024-03-31T23:00,21.9,82,18.6,22.6,16.9,100,0.00,0.0
2024-04-01T00:00,21.5,86,19.0,22.0,19.5,100,0.00,0.0
2024-04-01T01:00,21.2,89,19.3,21.6,22.0,100,0.00,0.0
2024-04-01T02:00,20.6,90,19.0,20.9,21.6,100,0.00,0.0
2024-04-01T03:00,20.2,90,18.5,20.1,22.1,100,0.00,0.0
2024-04-01T04:00,19.9,89,18.0,19.5,22.5,100,0.00,0.0
2024-04-01T05:00,19.8,91,18.2,19.3,23.4,100,0.00,0.0
2024-04-01T06:00,20.0,91,18.5,20.1,21.0,100,0.00,0.0
2024-04-01T07:00,20.3,91,18.8,21.1,16.7,100,0.10,0.0
2024-04-01T08:00,21.1,91,19.6,22.6,14.9,100,0.00,5.0
2024-04-01T09:00,21.7,88,19.5,21.8,24.1,100,0.00,59.0
2024-04-01T10:00,22.9,82,19.6,22.8,25.2,100,0.10,185.0
2024-04-01T11:00,24.5,74,19.6,23.7,30.3,100,0.10,367.0
2024-04-01T12:00,25.0,72,19.6,24.7,27.0,100,0.00,260.0
2024-04-01T13:00,26.4,66,19.5,26.3,25.5,100,0.00,396.0
2024-04-01T14:00,27.4,61,19.0,27.2,24.3,100,0.00,472.0
2024-04-01T15:00,28.1,57,18.9,27.4,27.1,100,0.00,451.0
2024-04-01T16:00,28.1,58,19.2,27.6,27.0,100,0.00,422.0
2024-04-01T17:00,28.2,58,19.1,27.4,29.2,100,0.00,317.0
2024-04-01T18:00,27.5,64,20.0,28.3,20.7,89,0.00,191.0
2024-04-01T19:00,19.7,94,18.6,20.1,19.5,97,5.50,71.0
2024-04-01T20:00,18.8,97,18.2,17.4,30.5,100,1.80,21.0
2024-04-01T21:00,19.1,92,17.9,20.1,13.3,100,7.50,0.0
2024-04-01T22:00,19.1,95,18.2,19.8,15.9,24,1.20,0.0
2024-04-01T23:00,19.0,94,18.0,20.0,13.5,90,0.00,0.0
2024-04-02T00:00,19.9,83,16.8,19.7,17.7,31,0.00,0.0
2024-04-02T01:00,19.2,70,13.6,16.9,23.8,42,0.00,0.0
2024-04-02T02:00,18.2,52,8.4,14.6,21.7,27,0.00,0.0
2024-04-02T03:00,17.4,42,4.2,13.8,15.5,28,0.00,0.0
2024-04-02T04:00,16.2,42,3.3,12.9,12.4,0,0.00,0.0
2024-04-02T05:00,14.9,46,3.5,11.7,11.2,0,0.00,0.0
2024-04-02T06:00,14.2,50,4.0,11.1,11.7,0,0.00,0.0
2024-04-02T07:00,13.4,55,4.6,10.2,12.7,0,0.00,0.0
2024-04-02T08:00,13.2,57,4.8,8.6,23.0,0,0.00,31.0
2024-04-02T09:00,13.4,63,6.6,8.1,30.3,0,0.00,207.0
2024-04-02T10:00,13.7,66,7.6,8.8,29.1,4,0.00,426.0
2024-04-02T11:00,14.2,63,7.2,9.5,29.8,32,0.00,624.0
2024-04-02T12:00,14.9,59,6.9,10.7,28.8,23,0.00,731.0
2024-04-02T13:00,15.2,52,5.4,11.0,29.5,9,0.00,830.0
2024-04-02T14:00,17.0,45,5.1,13.2,29.5,80,0.00,938.0
2024-04-02T15:00,17.8,43,5.1,13.7,27.5,2,0.00,811.0
2024-04-02T16:00,17.4,46,5.7,12.6,29.9,3,0.00,706.0
2024-04-02T17:00,18.0,42,4.9,13.1,28.1,81,0.00,638.0
2024-04-02T18:00,17.4,43,4.6,11.4,32.0,69,0.00,414.0
2024-04-02T19:00,16.5,46,4.8,11.6,25.6,95,0.00,157.0
2024-04-02T20:00,14.6,53,5.1,10.9,17.1,12,0.00,31.0
2024-04-02T21:00,14.4,53,4.8,11.0,14.6,1,0.00,0.0
2024-04-02T22:00,12.8,59,5.1,10.1,10.0,2,0.00,0.0
2024-04-02T23:00,11.9,63,5.0,9.2,10.0,0,0.00,0.0
2024-04-03T00:00,11.4,65,4.9,8.5,10.9,0,0.00,0.0
2024-04-03T01:00,10.8,66,4.7,8.1,10.0,0,0.00,0.0
2024-04-03T02:00,9.9,70,4.6,7.3,8.8,0,0.00,0.0
2024-04-03T03:00,9.4,72,4.6,6.4,11.5,0,0.00,0.0
2024-04-03T04:00,9.6,71,4.6,6.5,13.0,0,0.00,0.0
2024-04-03T05:00,9.8,68,4.1,6.4,13.3,0,0.00,0.0
2024-04-03T06:00,10.0,62,3.0,6.3,14.4,0,0.00,0.0
2024-04-03T07:00,10.1,58,2.1,6.2,14.8,0,0.00,0.0
2024-04-03T08:00,11.4,54,2.5,7.1,17.4,0,0.00,33.0
2024-04-03T09:00,13.7,53,4.4,9.8,17.6,0,0.00,211.0
2024-04-03T10:00,15.2,47,4.0,10.8,20.6,0,0.00,432.0
2024-04-03T11:00,16.4,46,4.8,12.9,18.2,0,0.00,633.0
2024-04-03T12:00,17.6,41,4.2,15.1,16.8,0,0.00,793.0
2024-04-03T13:00,19.0,37,3.8,16.8,17.1,0,0.00,897.0
2024-04-03T14:00,20.3,33,3.5,17.9,19.2,0,0.00,933.0
2024-04-03T15:00,21.2,31,3.5,18.0,22.9,0,0.00,899.0
2024-04-03T16:00,21.5,31,3.9,17.6,25.0,0,0.00,799.0
2024-04-03T17:00,21.5,31,3.5,16.7,25.5,0,0.00,641.0
2024-04-03T18:00,20.6,32,3.4,15.7,23.1,0,0.00,442.0
2024-04-03T19:00,19.0,39,4.8,15.5,15.2,0,0.00,222.0
2024-04-03T20:00,15.6,50,5.1,13.1,8.2,0,0.00,38.0
2024-04-03T21:00,13.6,59,5.7,11.2,9.3,0,0.00,0.0
2024-04-03T22:00,12.1,66,5.8,9.7,9.3,0,0.00,0.0
2024-04-03T23:00,11.2,69,5.7,8.9,8.3,0,0.00,0.0
2024-04-04T00:00,12.3,61,5.0,10.6,3.6,0,0.00,0.0
2024-04-04T01:00,10.6,71,5.5,8.9,4.4,0,0.00,0.0
2024-04-04T02:00,9.1,82,6.2,6.8,9.0,0,0.00,0.0
2024-04-04T03:00,8.9,86,6.7,6.7,8.9,0,0.00,0.0
2024-04-04T04:00,8.7,87,6.7,6.6,8.7,0,0.00,0.0
2024-04-04T05:00,9.3,81,6.2,6.9,9.7,0,0.00,0.0
2024-04-04T06:00,8.6,81,5.6,6.5,7.5,0,0.00,0.0
2024-04-04T07:00,8.2,84,5.6,6.1,7.2,0,0.00,0.0
2024-04-04T08:00,9.2,81,6.1,7.1,7.6,0,0.00,35.0
2024-04-04T09:00,12.8,71,7.8,11.1,7.6,0,0.00,215.0
2024-04-04T10:00,16.0,64,9.1,15.1,4.9,0,0.00,435.0
2024-04-04T11:00,19.0,57,10.4,18.7,6.6,0,0.00,636.0
2024-04-04T12:00,21.8,50,10.8,22.4,7.4,0,0.00,794.0
2024-04-04T13:00,24.0,44,11.0,25.2,8.1,0,0.00,894.0
2024-04-04T14:00,25.5,35,9.0,26.2,8.9,0,0.00,927.0
2024-04-04T15:00,26.5,31,7.8,26.5,9.4,0,0.00,892.0
2024-04-04T16:00,26.8,30,7.6,26.0,10.7,0,0.00,794.0
2024-04-04T17:00,26.9,30,8.0,25.4,9.7,0,0.00,638.0
2024-04-04T18:00,26.5,34,9.3,25.3,7.3,0,0.00,438.0
2024-04-04T19:00,24.0,55,14.5,24.7,5.7,0,0.00,219.0
2024-04-04T20:00,20.7,53,10.7,19.6,9.0,0,0.00,39.0
2024-04-04T21:00,19.9,55,10.6,18.4,11.0,0,0.00,0.0
2024-04-04T22:00,18.2,61,10.6,17.0,9.1,0,0.00,0.0
2024-04-04T23:00,16.9,65,10.2,15.5,10.1,0,0.00,0.0
2024-04-05T00:00,16.5,64,9.6,15.0,9.7,0,0.00,0.0
2024-04-05T01:00,15.4,68,9.5,13.5,12.2,0,0.00,0.0
2024-04-05T02:00,17.8,57,9.1,16.6,6.5,0,0.00,0.0
2024-04-05T03:00,13.6,75,9.3,12.6,5.8,0,0.00,0.0
2024-04-05T04:00,12.7,84,10.1,11.4,9.4,0,0.00,0.0
2024-04-05T05:00,12.4,89,10.6,11.0,10.8,0,0.00,0.0
2024-04-05T06:00,12.4,88,10.5,10.9,11.3,0,0.00,0.0
2024-04-05T07:00,11.9,88,9.9,10.4,10.1,0,0.00,0.0
2024-04-05T08:00,12.1,86,9.8,10.4,11.5,0,0.00,37.0
2024-04-05T09:00,15.4,77,11.3,14.4,9.7,0,0.00,220.0
2024-04-05T10:00,19.4,66,12.8,18.9,9.3,18,0.00,442.0
2024-04-05T11:00,22.5,46,10.4,21.5,11.7,0,0.00,644.0
2024-04-05T12:00,24.4,39,9.6,24.0,11.8,21,0.00,803.0
2024-04-05T13:00,25.8,37,9.9,26.0,11.8,13,0.00,903.0
2024-04-05T14:00,26.9,37,10.8,27.2,13.5,50,0.00,938.0
2024-04-05T15:00,27.7,37,11.6,27.7,15.7,0,0.00,902.0
2024-04-05T16:00,28.5,34,11.2,27.5,18.0,85,0.00,799.0
2024-04-05T17:00,28.2,35,11.1,26.1,20.2,97,0.00,636.0
2024-04-05T18:00,27.8,35,10.9,25.8,15.3,99,0.00,429.0
2024-04-05T19:00,25.5,38,10.1,23.3,15.3,100,0.00,198.0
2024-04-05T20:00,23.1,38,8.2,20.5,14.6,100,0.00,30.0
2024-04-05T21:00,22.2,36,6.4,18.7,17.8,100,0.00,0.0
2024-04-05T22:00,21.6,40,7.4,18.4,17.7,98,0.00,0.0
2024-04-05T23:00,21.0,43,8.1,18.1,17.1,99,0.00,0.0
2024-04-06T00:00,20.0,51,9.6,17.4,17.3,95,0.00,0.0
2024-04-06T01:00,19.9,52,9.7,17.0,18.9,96,0.00,0.0
2024-04-06T02:00,18.9,51,8.4,15.7,18.4,100,0.00,0.0
2024-04-06T03:00,18.0,51,7.8,14.8,18.3,100,0.00,0.0
2024-04-06T04:00,17.3,53,7.7,13.9,19.1,100,0.00,0.0
2024-04-06T05:00,16.6,56,7.9,13.2,20.3,99,0.00,0.0
2024-04-06T06:00,16.2,63,9.3,12.9,22.1,100,0.00,0.0
2024-04-06T07:00,16.0,71,10.7,13.0,21.7,100,0.00,0.0
2024-04-06T08:00,16.9,82,13.8,14.5,24.4,100,0.00,21.0
2024-04-06T09:00,17.9,81,14.6,15.8,24.6,100,0.00,134.0
2024-04-06T10:00,19.7,74,14.9,16.0,36.5,100,0.00,357.0
2024-04-06T11:00,20.8,68,14.7,17.1,35.7,100,0.00,311.0
2024-04-06T12:00,23.3,57,14.3,19.4,36.2,100,0.00,534.0
2024-04-06T13:00,25.1,50,14.1,21.1,36.2,100,0.00,493.0
2024-04-06T14:00,25.5,51,14.6,21.6,37.4,100,0.00,462.0
2024-04-06T15:00,25.4,54,15.4,22.2,34.5,64,0.00,368.0
2024-04-06T16:00,26.5,51,15.6,23.4,35.7,79,0.00,600.0
2024-04-06T17:00,26.4,51,15.5,22.9,36.8,39,0.10,499.0
2024-04-06T18:00,26.1,52,15.4,23.1,33.7,54,0.00,400.0
2024-04-06T19:00,25.1,57,16.1,23.1,28.4,28,0.00,177.0
2024-04-06T20:00,22.6,67,16.0,20.2,30.6,14,0.00,38.0
2024-04-06T21:00,21.9,69,15.9,19.3,31.3,72,0.00,0.0
2024-04-06T22:00,21.1,72,15.9,19.2,27.4,64,0.00,0.0
2024-04-06T23:00,20.5,76,16.1,18.7,26.4,74,0.00,0.0
2024-04-07T00:00,19.9,81,16.5,18.1,27.6,80,0.00,0.0
2024-04-07T01:00,19.6,84,16.9,18.1,27.0,77,0.00,0.0
2024-04-07T02:00,19.4,87,17.2,18.1,25.9,61,0.00,0.0
2024-04-07T03:00,19.2,90,17.5,19.0,19.8,72,0.00,0.0
2024-04-07T04:00,19.0,90,17.4,19.2,16.6,5,0.00,0.0
2024-04-07T05:00,17.1,65,10.4,15.5,12.3,2,0.00,0.0
2024-04-07T06:00,15.0,48,4.0,11.9,11.2,55,0.00,0.0
2024-04-07T07:00,14.0,34,-1.6,10.1,10.9,0,0.00,0.0
2024-04-07T08:00,14.7,29,-3.2,10.3,12.6,35,0.00,43.0
2024-04-07T09:00,17.0,33,0.8,12.9,14.4,100,0.00,235.0
2024-04-07T10:00,19.0,27,-0.5,14.5,15.2,100,0.00,415.0
2024-04-07T11:00,20.6,22,-1.6,16.0,17.8,100,0.00,620.0
2024-04-07T12:00,22.0,20,-1.7,18.2,18.4,100,0.00,807.0
2024-04-07T13:00,22.8,20,-1.5,19.5,16.1,96,0.00,818.0
2024-04-07T14:00,23.9,19,-1.1,21.2,16.1,26,0.00,914.0
2024-04-07T15:00,24.7,18,-1.0,21.9,17.2,68,0.00,937.0
2024-04-07T16:00,25.0,18,-1.0,21.6,17.8,90,0.00,834.0
2024-04-07T17:00,25.1,18,-0.9,20.9,17.9,97,0.00,662.0
2024-04-07T18:00,24.6,20,0.2,20.2,16.4,0,0.00,461.0
2024-04-07T19:00,22.7,29,3.8,19.6,11.3,0,0.00,239.0
2024-04-07T20:00,19.5,38,4.7,16.7,10.1,0,0.00,45.0
2024-04-07T21:00,18.4,40,4.4,15.2,12.6,0,0.00,0.0
2024-04-07T22:00,17.8,39,3.7,14.2,13.9,41,0.00,0.0
2024-04-07T23:00,17.3,38,2.9,13.7,13.2,59,0.00,0.0
2024-04-08T00:00,16.5,40,2.8,13.1,11.9,100,0.00,0.0
2024-04-08T01:00,16.0,42,3.2,12.7,12.2,95,0.00,0.0
2024-04-08T02:00,15.4,48,4.6,12.5,11.6,1,0.00,0.0
2024-04-08T03:00,14.9,52,5.2,12.1,11.3,0,0.00,0.0
2024-04-08T04:00,14.2,57,5.9,11.8,9.5,5,0.00,0.0
2024-04-08T05:00,13.1,66,6.8,10.8,10.0,98,0.00,0.0
2024-04-08T06:00,12.6,72,7.7,10.4,11.1,68,0.00,0.0
2024-04-08T07:00,12.2,77,8.3,10.1,11.9,88,0.00,0.0
2024-04-08T08:00,15.1,70,9.6,13.8,7.9,88,0.00,42.0
2024-04-08T09:00,18.1,66,11.6,16.9,11.6,94,0.00,222.0
2024-04-08T10:00,20.8,62,13.2,19.7,14.2,95,0.00,440.0
2024-04-08T11:00,22.7,68,16.5,22.8,15.5,10,0.00,563.0
2024-04-08T12:00,25.5,61,17.5,26.9,16.9,69,0.00,770.0
2024-04-08T13:00,26.6,57,17.5,28.8,15.0,66,0.00,859.0
2024-04-08T14:00,26.9,56,17.5,29.6,10.7,49,0.00,842.0
2024-04-08T15:00,27.1,55,17.4,30.0,9.4,66,0.00,818.0
2024-04-08T16:00,27.6,54,17.4,28.9,16.3,96,0.00,756.0
2024-04-08T17:00,28.0,49,16.5,27.8,17.6,96,0.00,564.0
2024-04-08T18:00,27.6,48,15.4,27.1,16.1,95,0.00,326.0
2024-04-08T19:00,25.8,57,16.7,26.0,14.4,80,0.00,110.0
2024-04-08T20:00,22.4,75,17.8,21.9,22.8,99,0.50,39.0
2024-04-08T21:00,20.0,91,18.5,21.0,15.1,70,1.00,0.0
2024-04-08T22:00,19.2,94,18.2,19.5,18.9,100,0.70,0.0
2024-04-08T23:00,18.5,95,17.7,18.9,16.1,84,1.50,0.0
2024-04-09T00:00,19.0,95,18.2,20.1,12.7,100,0.10,0.0
2024-04-09T01:00,18.6,94,17.6,19.2,15.3,100,0.00,0.0
2024-04-09T02:00,18.1,94,17.2,19.3,9.7,100,0.00,0.0
2024-04-09T03:00,18.2,95,17.4,19.8,7.3,100,0.10,0.0
2024-04-09T04:00,18.2,96,17.6,19.2,12.1,100,0.00,0.0
2024-04-09T05:00,18.0,96,17.4,18.6,14.1,100,0.00,0.0
2024-04-09T06:00,17.7,96,17.0,18.4,12.3,100,0.00,0.0
2024-04-09T07:00,17.8,96,17.0,18.0,15.5,100,0.00,0.0
2024-04-09T08:00,16.8,87,14.6,15.1,21.5,6,0.10,22.0
2024-04-09T09:00,17.9,79,14.2,16.6,18.3,80,0.00,207.0
2024-04-09T10:00,18.5,74,13.9,15.7,27.8,100,0.00,272.0
2024-04-09T11:00,18.7,76,14.4,16.5,25.0,98,0.00,165.0
2024-04-09T12:00,20.5,74,15.6,19.4,22.3,98,0.60,608.0
2024-04-09T13:00,19.7,79,15.9,18.9,19.5,97,0.00,396.0
2024-04-09T14:00,20.9,73,15.9,19.9,20.3,100,0.00,538.0
2024-04-09T15:00,22.0,70,16.3,21.2,20.9,100,0.10,577.0
2024-04-09T16:00,21.9,70,16.1,20.8,22.1,100,0.10,459.0
2024-04-09T17:00,21.2,72,15.9,20.2,21.2,100,0.00,217.0
2024-04-09T18:00,20.7,75,16.2,19.8,20.6,100,0.00,88.0
2024-04-09T19:00,20.5,79,16.6,20.2,17.9,100,0.00,76.0
2024-04-09T20:00,18.5,81,15.1,18.5,11.6,100,0.00,11.0
2024-04-09T21:00,18.4,83,15.4,18.4,12.4,100,0.20,0.0
2024-04-09T22:00,17.2,90,15.6,17.0,14.8,100,1.20,0.0
2024-04-09T23:00,16.9,88,14.9,16.5,13.8,100,0.40,0.0
2024-04-10T00:00,16.6,90,14.9,16.5,11.9,62,0.10,0.0
2024-04-10T01:00,16.0,93,14.9,16.0,11.8,7,0.00,0.0
2024-04-10T02:00,15.4,95,14.6,15.4,10.2,100,0.00,0.0
2024-04-10T03:00,15.4,95,14.6,15.9,7.2,94,0.10,0.0
2024-04-10T04:00,15.6,94,14.6,16.5,4.1,100,0.00,0.0
2024-04-10T05:00,15.6,94,14.7,15.9,8.5,100,0.00,0.0
2024-04-10T06:00,15.4,95,14.6,15.5,10.0,100,0.00,0.0
2024-04-10T07:00,15.6,94,14.6,15.1,14.4,100,0.00,0.0
2024-04-10T08:00,16.1,95,15.3,17.0,6.4,100,0.20,19.0
2024-04-10T09:00,16.5,91,15.1,17.5,4.7,100,0.10,71.0
2024-04-10T10:00,17.4,87,15.1,17.1,14.0,91,0.30,221.0
2024-04-10T11:00,18.6,81,15.3,19.2,7.9,100,0.40,412.0
2024-04-10T12:00,15.6,91,14.1,13.1,26.6,100,5.00,80.0
2024-04-10T13:00,15.9,92,14.6,14.9,16.6,100,4.40,213.0
2024-04-10T14:00,16.1,89,14.3,15.0,17.9,100,3.10,179.0
2024-04-10T15:00,16.1,88,14.1,14.6,19.8,100,1.80,92.0
2024-04-10T16:00,16.2,83,13.4,13.9,23.8,100,0.10,91.0
2024-04-10T17:00,16.4,80,12.8,13.3,26.7,100,0.00,83.0
2024-04-10T18:00,16.4,76,12.1,12.8,29.3,100,0.10,122.0
2024-04-10T19:00,15.8,75,11.3,11.6,31.9,100,0.20,45.0
2024-04-10T20:00,14.9,63,7.8,10.6,25.1,100,0.00,15.0
2024-04-10T21:00,14.1,66,7.8,10.6,20.3,100,0.00,0.0
2024-04-10T22:00,14.0,65,7.5,10.7,18.4,48,0.00,0.0
2024-04-10T23:00,12.9,68,7.2,10.3,13.3,0,0.00,0.0
2024-04-11T00:00,12.4,67,6.5,9.3,14.7,0,0.00,0.0
2024-04-11T01:00,12.5,65,6.2,9.2,16.2,0,0.00,0.0
2024-04-11T02:00,12.4,65,6.0,9.2,15.1,0,0.00,0.0
2024-04-11T03:00,12.1,66,6.0,9.1,14.1,0,0.00,0.0
2024-04-11T04:00,11.7,68,5.9,8.8,12.7,0,0.00,0.0
2024-04-11T05:00,11.2,71,6.1,8.6,11.7,0,0.00,0.0
2024-04-11T06:00,10.8,73,6.2,8.2,10.7,0,0.00,0.0
2024-04-11T07:00,10.1,77,6.3,7.3,12.9,0,0.00,0.0
2024-04-11T08:00,11.9,72,7.1,8.4,18.6,0,0.00,51.0
2024-04-11T09:00,15.1,61,7.7,11.5,20.2,0,0.00,241.0
2024-04-11T10:00,16.8,51,6.5,12.1,25.5,0,0.00,462.0
2024-04-11T11:00,18.2,47,6.8,14.4,24.0,0,0.00,661.0
2024-04-11T12:00,19.6,41,6.2,16.6,23.2,0,0.00,819.0
2024-04-11T13:00,20.5,37,5.4,18.0,22.0,0,0.00,919.0
2024-04-11T14:00,21.4,35,5.2,19.0,21.4,0,0.00,953.0
2024-04-11T15:00,22.0,32,4.6,19.2,21.9,0,0.00,917.0
2024-04-11T16:00,22.2,30,4.1,19.1,20.9,0,0.00,816.0
2024-04-11T17:00,22.2,29,3.5,18.3,20.4,0,0.00,658.0
2024-04-11T18:00,21.6,32,4.2,17.7,17.6,0,0.00,457.0
2024-04-11T19:00,19.9,42,6.4,17.4,10.9,0,0.00,237.0
2024-04-11T20:00,16.4,50,5.8,14.1,8.5,0,0.00,48.0
2024-04-11T21:00,15.1,52,5.2,12.6,9.1,0,0.00,0.0
2024-04-11T22:00,14.1,54,5.1,11.7,8.6,0,0.00,0.0
2024-04-11T23:00,13.2,58,5.0,10.8,8.0,0,0.00,0.0
2024-04-12T00:00,12.4,60,4.9,10.0,7.9,0,0.00,0.0
2024-04-12T01:00,11.1,67,5.2,8.9,7.6,0,0.00,0.0
2024-04-12T02:00,9.8,77,5.8,7.4,9.0,0,0.00,0.0
2024-04-12T03:00,11.1,68,5.5,9.6,3.3,0,0.00,0.0
2024-04-12T04:00,8.9,81,5.8,7.1,5.2,0,0.00,0.0
2024-04-12T05:00,9.4,82,6.5,7.3,8.4,0,0.00,0.0
2024-04-12T06:00,9.1,84,6.6,6.9,9.2,0,0.00,0.0
2024-04-12T07:00,11.5,69,6.1,9.9,4.3,0,0.00,0.0
2024-04-12T08:00,11.6,76,7.6,10.3,5.2,0,0.00,54.0
2024-04-12T09:00,15.4,66,9.1,13.8,9.4,0,0.00,245.0
2024-04-12T10:00,19.1,54,9.8,17.5,10.9,0,0.00,462.0
2024-04-12T11:00,21.6,42,8.1,19.6,14.8,1,0.00,660.0
2024-04-12T12:00,23.2,35,7.0,21.5,16.2,0,0.00,815.0
2024-04-12T13:00,24.3,34,7.3,22.8,18.4,12,0.00,912.0
2024-04-12T14:00,24.9,35,8.6,23.5,20.2,31,0.00,944.0
2024-04-12T15:00,25.2,35,8.9,23.6,21.3,99,0.00,907.0
2024-04-12T16:00,25.2,36,9.1,22.9,22.3,100,0.00,786.0
2024-04-12T17:00,24.8,37,9.3,21.6,22.0,7,0.00,581.0
2024-04-12T18:00,24.2,41,10.2,21.2,21.6,63,0.00,453.0
2024-04-12T19:00,22.7,49,11.4,20.7,16.4,99,0.00,237.0
2024-04-12T20:00,20.5,54,10.8,18.7,13.5,100,0.00,46.0
2024-04-12T21:00,19.6,55,10.4,17.4,15.7,100,0.00,0.0
2024-04-12T22:00,19.7,53,9.8,17.0,18.4,100,0.00,0.0
2024-04-12T23:00,19.5,53,9.6,16.6,19.8,100,0.00,0.0
2024-04-13T00:00,18.9,55,9.8,15.9,20.2,100,0.00,0.0
2024-04-13T01:00,18.6,58,10.1,15.7,19.8,100,0.00,0.0
2024-04-13T02:00,18.1,62,10.8,15.4,20.1,100,0.00,0.0
2024-04-13T03:00,17.5,67,11.2,15.2,18.2,97,0.00,0.0
2024-04-13T04:00,16.9,70,11.4,15.0,16.1,100,0.00,0.0
2024-04-13T05:00,16.2,73,11.4,14.5,14.6,100,0.00,0.0
2024-04-13T06:00,15.6,75,11.2,14.0,13.1,100,0.00,0.0
2024-04-13T07:00,14.9,77,11.0,13.4,13.1,94,0.00,0.0
2024-04-13T08:00,16.1,75,11.6,14.3,15.8,100,0.00,51.0
2024-04-13T09:00,18.0,72,12.9,16.7,15.6,94,0.00,227.0
2024-04-13T10:00,20.0,68,13.9,18.3,20.1,0,0.00,449.0
2024-04-13T11:00,22.0,63,14.7,20.8,22.5,0,0.00,656.0
2024-04-13T12:00,24.0,56,14.5,22.9,25.7,0,0.00,809.0
2024-04-13T13:00,25.2,49,13.8,23.9,28.5,0,0.00,905.0
2024-04-13T14:00,26.0,48,14.4,24.8,29.9,0,0.00,939.0
2024-04-13T15:00,26.7,45,13.8,24.8,31.4,0,0.00,902.0
2024-04-13T16:00,26.6,48,14.6,24.5,32.1,0,0.00,798.0
2024-04-13T17:00,26.5,49,14.8,23.7,32.4,0,0.00,640.0
2024-04-13T18:00,25.9,50,14.6,22.9,31.3,0,0.00,443.0
2024-04-13T19:00,24.6,56,15.3,22.6,26.3,0,0.00,229.0
2024-04-13T20:00,23.0,59,14.6,21.4,21.5,2,0.00,48.0
2024-04-13T21:00,22.1,61,14.2,20.3,21.8,12,0.00,0.0
2024-04-13T22:00,21.6,62,13.9,19.6,22.8,73,0.00,0.0
2024-04-13T23:00,21.1,59,12.6,18.5,23.8,4,0.00,0.0
2024-04-14T00:00,20.4,57,11.5,17.6,22.3,50,0.00,0.0
2024-04-14T01:00,19.6,59,11.4,16.9,21.3,93,0.00,0.0
2024-04-14T02:00,19.0,64,12.1,16.4,22.3,97,0.00,0.0
2024-04-14T03:00,18.6,72,13.5,16.5,22.0,99,0.00,0.0
2024-04-14T04:00,18.2,79,14.6,16.5,22.7,98,0.00,0.0
2024-04-14T05:00,17.7,85,15.1,16.2,22.1,99,0.00,0.0
2024-04-14T06:00,17.5,88,15.5,16.5,19.8,97,0.00,0.0
2024-04-14T07:00,17.4,90,15.7,16.6,18.7,80,0.00,0.0
2024-04-14T08:00,18.4,87,16.2,17.4,21.7,86,0.00,45.0
2024-04-14T09:00,19.9,80,16.4,18.0,28.4,89,0.00,160.0
2024-04-14T10:00,22.0,71,16.5,20.6,24.5,24,0.00,369.0
2024-04-14T11:00,23.5,67,17.0,22.7,23.3,3,0.00,599.0
2024-04-14T12:00,25.0,63,17.5,25.8,21.7,10,0.00,800.0
2024-04-14T13:00,26.5,60,18.1,27.5,22.7,15,0.00,847.0
2024-04-14T14:00,27.5,58,18.5,29.0,23.3,0,0.00,921.0
2024-04-14T15:00,28.0,57,18.8,29.3,24.2,0,0.00,888.0
2024-04-14T16:00,28.1,56,18.6,28.8,25.2,44,0.00,788.0
2024-04-14T17:00,28.0,56,18.5,27.9,24.9,90,0.00,625.0
2024-04-14T18:00,27.5,58,18.5,27.1,24.3,42,0.00,399.0
2024-04-14T19:00,26.5,62,18.5,26.7,20.7,50,0.00,226.0
2024-04-14T20:00,23.8,71,18.2,23.8,20.2,99,0.00,47.0
2024-04-14T21:00,23.1,73,18.0,23.5,17.5,99,0.00,0.0
2024-04-14T22:00,22.8,74,18.0,23.0,17.8,100,0.00,0.0
2024-04-14T23:00,22.2,76,17.9,22.8,16.0,98,0.00,0.0
2024-04-15T00:00,21.9,79,18.1,22.3,17.8,93,0.00,0.0
2024-04-15T01:00,21.6,81,18.1,21.8,19.1,99,0.00,0.0
2024-04-15T02:00,21.0,83,18.0,21.0,20.5,98,0.00,0.0
2024-04-15T03:00,20.5,84,17.8,20.3,20.3,99,0.00,0.0
2024-04-15T04:00,19.9,87,17.6,20.0,18.0,96,0.00,0.0
2024-04-15T05:00,19.2,90,17.6,19.6,16.2,79,0.00,0.0
2024-04-15T06:00,19.0,93,17.8,19.4,15.9,100,0.00,0.0
2024-04-15T07:00,19.5,91,18.0,20.1,15.9,100,0.00,0.0
2024-04-15T08:00,20.6,87,18.5,21.1,18.1,100,0.00,15.0
2024-04-15T09:00,21.1,86,18.6,21.4,19.8,100,0.00,81.0
2024-04-15T10:00,21.9,83,18.8,22.0,21.3,100,0.00,162.0
2024-04-15T11:00,22.2,81,18.8,22.3,21.6,100,0.10,126.0
2024-04-15T12:00,23.1,77,18.9,22.9,24.4,100,0.00,186.0
2024-04-15T13:00,23.8,75,19.0,22.8,29.8,100,0.00,278.0
2024-04-15T14:00,25.6,68,19.2,25.5,25.2,100,0.10,453.0
2024-04-15T15:00,24.9,71,19.4,25.4,20.8,99,0.00,194.0
2024-04-15T16:00,26.0,69,19.9,26.2,25.2,100,1.80,573.0
2024-04-15T17:00,26.4,66,19.6,27.1,20.2,100,0.00,273.0
2024-04-15T18:00,27.0,64,19.5,27.3,22.7,100,0.00,259.0
2024-04-15T19:00,25.2,74,20.3,25.7,24.0,100,0.40,71.0
2024-04-15T20:00,23.9,81,20.4,23.5,30.4,100,0.00,14.0
2024-04-15T21:00,23.5,84,20.5,24.1,24.5,87,0.00,0.0
2024-04-15T22:00,23.0,86,20.6,22.8,30.3,100,0.00,0.0
2024-04-15T23:00,22.7,86,20.1,21.7,34.1,92,0.00,0.0
2024-04-16T00:00,22.1,86,19.6,21.7,27.9,100,0.10,0.0
2024-04-16T01:00,21.9,85,19.2,21.4,27.6,100,0.00,0.0
2024-04-16T02:00,21.7,85,19.0,20.9,29.1,100,0.00,0.0
2024-04-16T03:00,21.6,84,18.8,21.1,26.3,100,0.00,0.0
2024-04-16T04:00,21.5,85,18.9,21.8,20.3,100,0.00,0.0
2024-04-16T05:00,21.4,86,18.9,21.5,22.0,100,0.20,0.0
2024-04-16T06:00,21.4,87,19.0,21.3,23.8,100,0.10,0.0
2024-04-16T07:00,21.4,86,19.0,21.2,24.8,100,0.00,0.0
2024-04-16T08:00,21.0,91,19.6,21.6,21.3,100,0.40,20.0
2024-04-16T09:00,21.9,88,19.9,21.7,26.9,100,0.10,81.0
2024-04-16T10:00,22.9,81,19.5,22.5,27.2,61,0.00,229.0
2024-04-16T11:00,25.2,68,19.0,25.0,25.0,39,0.00,563.0
2024-04-16T12:00,27.1,52,16.5,27.5,21.2,67,0.00,792.0
2024-04-16T13:00,28.6,40,13.6,28.7,19.9,52,0.00,917.0
2024-04-16T14:00,29.5,34,12.0,29.2,19.7,83,0.00,951.0
2024-04-16T15:00,30.0,33,11.9,29.8,17.1,97,0.00,901.0
2024-04-16T16:00,30.3,30,10.7,29.4,16.4,100,0.00,785.0
2024-04-16T17:00,30.0,30,10.3,27.7,16.7,96,0.00,556.0
2024-04-16T18:00,29.2,37,13.1,28.0,15.0,99,0.00,401.0
2024-04-16T19:00,27.0,52,16.2,26.8,16.3,98,0.00,208.0
2024-04-16T20:00,24.2,62,16.4,24.9,10.4,100,0.00,37.0
2024-04-16T21:00,24.1,73,19.1,25.6,13.7,100,0.00,0.0
2024-04-16T22:00,23.9,82,20.5,25.2,19.8,100,0.00,0.0
2024-04-16T23:00,23.1,85,20.4,24.8,16.0,98,0.00,0.0
2024-04-17T00:00,22.3,88,20.3,24.4,13.2,100,0.00,0.0
2024-04-17T01:00,21.7,91,20.2,24.1,11.1,100,0.00,0.0
2024-04-17T02:00,21.1,93,20.0,23.8,7.8,100,0.00,0.0
2024-04-17T03:00,20.7,95,19.8,23.3,7.8,100,0.00,0.0
2024-04-17T04:00,20.2,96,19.5,22.6,8.5,100,0.00,0.0
2024-04-17T05:00,20.0,96,19.3,22.1,9.6,100,0.00,0.0
2024-04-17T06:00,20.0,96,19.2,22.1,9.1,100,0.00,0.0
2024-04-17T07:00,19.8,97,19.2,22.0,8.3,100,0.00,0.0
2024-04-17T08:00,21.2,95,20.5,23.6,11.9,100,0.00,43.0
2024-04-17T09:00,22.9,89,21.0,24.6,18.5,100,0.00,143.0
2024-04-17T10:00,24.0,83,20.9,26.2,14.4,100,0.00,228.0
2024-04-17T11:00,25.4,76,20.9,28.2,10.0,100,0.00,392.0
2024-04-17T12:00,26.8,72,21.2,29.7,13.1,100,0.00,612.0
2024-04-17T13:00,28.0,68,21.6,31.0,18.9,100,0.00,759.0
2024-04-17T14:00,28.6,60,20.2,30.3,20.8,100,0.00,699.0
2024-04-17T15:00,28.8,59,20.0,29.6,22.7,100,0.00,626.0
2024-04-17T16:00,28.8,60,20.1,29.8,22.0,100,0.00,625.0
2024-04-17T17:00,28.8,58,19.6,29.8,18.2,100,0.00,453.0
2024-04-17T18:00,28.3,59,19.4,29.2,18.5,100,0.00,250.0
2024-04-17T19:00,27.5,63,19.9,29.0,15.6,99,0.00,121.0
2024-04-17T20:00,25.0,77,20.8,27.0,15.8,100,0.00,37.0
2024-04-17T21:00,24.1,85,21.4,25.9,18.9,20,0.00,0.0
2024-04-17T22:00,23.6,89,21.8,25.6,19.2,24,0.00,0.0
2024-04-17T23:00,23.1,87,20.8,24.5,19.6,15,0.00,0.0
2024-04-18T00:00,22.4,88,20.2,23.4,20.4,12,0.00,0.0
2024-04-18T01:00,22.2,84,19.5,23.1,19.1,6,0.00,0.0
2024-04-18T02:00,22.0,84,19.2,23.0,17.2,1,0.00,0.0
2024-04-18T03:00,21.5,86,19.0,22.3,17.7,1,0.00,0.0
2024-04-18T04:00,21.0,89,19.1,21.9,17.1,3,0.00,0.0
2024-04-18T05:00,20.5,92,19.1,21.4,17.5,11,0.00,0.0
2024-04-18T06:00,20.1,94,19.1,21.2,16.2,13,0.00,0.0
2024-04-18T07:00,20.0,95,19.2,21.2,16.0,92,0.00,0.0
2024-04-18T08:00,21.4,89,19.5,22.3,18.8,58,0.00,64.0
2024-04-18T09:00,23.2,82,20.0,24.1,20.7,69,0.00,219.0
2024-04-18T10:00,25.0,76,20.5,25.9,21.3,100,0.00,336.0
2024-04-18T11:00,26.7,71,20.9,27.9,21.4,100,0.00,448.0
2024-04-18T12:00,28.1,65,21.0,29.4,21.4,89,0.00,472.0
2024-04-18T13:00,30.5,56,20.7,32.5,18.9,18,0.00,666.0
2024-04-18T14:00,31.3,55,21.0,34.5,16.9,73,0.00,790.0
2024-04-18T15:00,29.1,60,20.6,31.6,15.1,100,1.10,634.0
2024-04-18T16:00,25.4,76,20.9,27.8,13.1,84,0.80,195.0
2024-04-18T17:00,27.0,68,20.7,29.3,13.7,54,0.00,455.0
2024-04-18T18:00,27.1,69,21.0,29.9,11.4,0,0.00,348.0
2024-04-18T19:00,27.1,70,21.1,30.3,8.8,2,0.00,235.0
2024-04-18T20:00,24.5,54,14.5,23.6,15.8,94,0.00,51.0
2024-04-18T21:00,23.2,55,13.8,22.0,16.5,99,0.00,0.0
2024-04-18T22:00,21.4,59,12.9,18.6,25.4,89,0.00,0.0
2024-04-18T23:00,19.6,61,11.9,16.8,23.8,100,0.00,0.0
2024-04-19T00:00,18.5,62,11.0,15.5,22.1,100,0.00,0.0
2024-04-19T01:00,17.5,64,10.6,14.7,20.4,97,0.00,0.0
2024-04-19T02:00,16.9,67,10.6,14.1,20.4,100,0.00,0.0
2024-04-19T03:00,16.4,68,10.4,13.3,22.0,100,0.00,0.0
2024-04-19T04:00,16.0,69,10.4,13.4,18.8,100,0.00,0.0
2024-04-19T05:00,15.9,69,10.2,13.3,18.4,100,0.00,0.0
2024-04-19T06:00,15.7,69,10.0,13.1,17.6,100,0.00,0.0
2024-04-19T07:00,15.5,69,9.8,12.8,18.0,97,0.00,0.0
2024-04-19T08:00,14.6,73,9.8,12.0,16.8,80,0.00,49.0
2024-04-19T09:00,15.4,70,10.1,13.1,16.2,87,0.00,215.0
2024-04-19T10:00,16.2,69,10.4,14.0,16.8,100,0.00,337.0
2024-04-19T11:00,16.7,68,10.8,14.6,15.9,100,0.00,367.0
2024-04-19T12:00,17.6,67,11.4,15.5,17.4,96,0.00,490.0
2024-04-19T13:00,18.3,65,11.7,16.6,15.5,100,0.00,428.0
2024-04-19T14:00,19.4,64,12.4,18.2,12.6,99,0.00,481.0
2024-04-19T15:00,20.4,62,12.9,19.5,12.7,100,0.00,536.0
2024-04-19T16:00,20.6,62,13.1,20.0,11.0,100,0.00,323.0
2024-04-19T17:00,21.1,61,13.4,20.8,10.2,67,0.00,285.0
2024-04-19T18:00,21.5,62,13.9,21.5,8.8,100,0.00,325.0
2024-04-19T19:00,21.3,63,13.9,21.4,8.3,100,0.00,133.0
2024-04-19T20:00,18.8,69,12.9,17.5,14.9,100,0.00,17.0
2024-04-19T21:00,18.5,69,12.7,17.1,15.4,100,0.00,0.0
2024-04-19T22:00,18.3,68,12.2,16.5,17.2,100,0.00,0.0
2024-04-19T23:00,17.8,70,12.1,16.1,15.9,100,0.00,0.0
2024-04-20T00:00,17.7,69,11.9,16.0,15.6,100,0.00,0.0
2024-04-20T01:00,17.6,68,11.7,16.0,14.7,100,0.00,0.0
2024-04-20T02:00,17.4,70,11.9,15.7,15.9,100,0.00,0.0
2024-04-20T03:00,17.2,76,12.9,15.8,15.9,100,0.10,0.0
2024-04-20T04:00,17.1,80,13.6,15.6,18.3,100,0.10,0.0
2024-04-20T05:00,16.6,88,14.6,15.3,20.0,100,1.20,0.0
2024-04-20T06:00,16.2,90,14.6,15.8,13.2,100,0.80,0.0
2024-04-20T07:00,16.0,91,14.5,15.2,15.6,100,0.40,0.0
2024-04-20T08:00,15.0,92,13.6,13.4,19.1,100,10.80,3.0
2024-04-20T09:00,14.9,90,13.2,12.4,23.6,100,2.30,38.0
2024-04-20T10:00,14.9,84,12.2,11.9,24.9,100,0.30,141.0
2024-04-20T11:00,15.3,83,12.5,12.9,21.7,100,1.70,288.0
2024-04-20T12:00,14.4,89,12.6,11.9,22.9,100,1.60,155.0
2024-04-20T13:00,14.6,84,12.1,12.1,21.9,100,0.70,179.0
2024-04-20T14:00,15.1,80,11.7,11.6,27.2,100,0.30,294.0
2024-04-20T15:00,15.1,76,10.9,11.0,30.3,100,0.10,324.0
2024-04-20T16:00,13.6,78,9.9,9.6,26.6,100,0.50,147.0
2024-04-20T17:00,13.0,87,10.8,10.0,22.4,100,1.40,125.0
2024-04-20T18:00,12.6,88,10.7,9.5,22.1,100,2.80,63.0
2024-04-20T19:00,12.4,87,10.2,9.2,22.2,100,0.60,50.0
2024-04-20T20:00,9.9,86,7.7,6.2,21.1,100,0.30,12.0
2024-04-20T21:00,10.2,85,7.9,6.6,20.9,100,0.10,0.0
2024-04-20T22:00,10.4,83,7.8,6.9,20.1,100,0.00,0.0
2024-04-20T23:00,10.7,79,7.2,8.0,13.6,100,0.00,0.0
2024-04-21T00:00,10.9,77,7.1,8.6,11.1,100,0.00,0.0
2024-04-21T01:00,11.3,75,6.9,8.6,13.2,100,0.00,0.0
2024-04-21T02:00,11.6,74,7.2,8.8,14.6,100,0.00,0.0
2024-04-21T03:00,11.9,74,7.5,9.5,12.6,100,0.00,0.0
2024-04-21T04:00,12.2,76,8.1,9.8,13.0,100,0.00,0.0
2024-04-21T05:00,12.4,69,7.0,9.0,18.7,100,0.00,0.0
2024-04-21T06:00,12.1,64,5.3,8.3,17.7,98,0.00,0.0
2024-04-21T07:00,11.9,62,4.9,7.9,19.0,95,0.00,0.0
2024-04-21T08:00,11.9,64,5.2,8.2,17.1,100,0.00,36.0
2024-04-21T09:00,12.4,58,4.4,8.3,18.9,74,0.00,108.0
2024-04-21T10:00,13.4,52,3.8,9.1,19.8,81,0.00,307.0
2024-04-21T11:00,14.4,49,3.8,10.1,19.1,88,0.00,474.0
2024-04-21T12:00,15.4,48,4.3,12.0,17.5,0,0.00,649.0
2024-04-21T13:00,17.0,44,4.7,15.1,17.5,35,0.00,928.0
2024-04-21T14:00,17.7,40,4.0,15.3,19.9,80,0.00,946.0
2024-04-21T15:00,18.0,40,4.4,15.4,20.3,0,0.00,881.0
2024-04-21T16:00,18.4,40,4.4,15.5,19.4,3,0.00,817.0
2024-04-21T17:00,18.4,39,4.3,15.0,17.5,0,0.00,660.0
2024-04-21T18:00,18.1,40,4.2,14.2,17.7,0,0.00,464.0
2024-04-21T19:00,17.2,45,5.2,14.4,11.6,0,0.00,250.0
2024-04-21T20:00,14.6,55,5.7,12.3,8.3,0,0.00,61.0
2024-04-21T21:00,12.3,70,7.1,10.1,9.7,0,0.00,0.0
2024-04-21T22:00,11.6,75,7.3,9.6,9.2,0,0.00,0.0
2024-04-21T23:00,11.2,77,7.3,9.2,9.2,0,0.00,0.0
2024-04-22T00:00,12.9,71,7.7,11.5,5.2,0,0.00,0.0
2024-04-22T01:00,11.7,77,7.8,10.6,3.6,0,0.00,0.0
2024-04-22T02:00,10.0,87,7.9,8.6,5.8,0,0.00,0.0
2024-04-22T03:00,10.8,86,8.6,9.9,3.7,0,0.00,0.0
2024-04-22T04:00,9.4,90,7.8,8.0,5.2,0,0.00,0.0
2024-04-22T05:00,9.8,89,7.9,8.5,4.8,0,0.00,0.0
2024-04-22T06:00,9.2,90,7.6,7.7,6.0,0,0.00,0.0
2024-04-22T07:00,7.8,98,7.4,6.2,5.8,0,0.00,0.0
2024-04-22T08:00,10.6,75,6.4,8.7,6.8,0,0.00,84.0
2024-04-22T09:00,12.8,63,5.9,10.8,7.0,0,0.00,288.0
2024-04-22T10:00,15.4,52,5.6,12.6,11.2,0,0.00,505.0
2024-04-22T11:00,17.0,39,3.0,14.2,14.2,0,0.00,702.0
2024-04-22T12:00,17.9,37,3.2,15.9,14.3,0,0.00,854.0
2024-04-22T13:00,18.6,37,3.8,17.2,14.5,0,0.00,949.0
2024-04-22T14:00,19.4,38,4.9,18.3,14.9,0,0.00,978.0
2024-04-22T15:00,19.9,40,5.9,18.6,16.0,0,0.00,937.0
2024-04-22T16:00,20.3,41,6.8,18.5,16.8,0,0.00,831.0
2024-04-22T17:00,20.4,44,7.6,17.7,18.2,0,0.00,670.0
2024-04-22T18:00,20.0,46,8.1,16.7,19.0,0,0.00,470.0
2024-04-22T19:00,19.1,51,8.8,16.1,18.4,0,0.00,253.0
2024-04-22T20:00,17.5,55,8.4,15.0,14.4,0,0.00,63.0
2024-04-22T21:00,16.4,60,8.5,13.8,15.0,0,0.00,0.0
2024-04-22T22:00,15.8,62,8.4,13.1,15.5,0,0.00,0.0
2024-04-22T23:00,15.4,62,8.2,12.6,16.6,0,0.00,0.0
2024-04-23T00:00,15.1,65,8.6,12.3,16.9,0,0.00,0.0
2024-04-23T01:00,14.9,68,8.9,11.9,18.0,0,0.00,0.0
2024-04-23T02:00,14.6,68,8.8,11.6,18.9,0,0.00,0.0
2024-04-23T03:00,14.4,69,8.8,11.4,18.5,0,0.00,0.0
2024-04-23T04:00,14.0,72,9.1,11.2,17.9,0,0.00,0.0
2024-04-23T05:00,13.7,76,9.4,11.0,17.8,0,0.00,0.0
2024-04-23T06:00,13.5,79,10.0,11.1,16.4,0,0.00,0.0
2024-04-23T07:00,13.4,83,10.6,11.1,16.4,0,0.00,1.0
2024-04-23T08:00,14.9,85,12.4,12.5,22.3,0,0.00,79.0
2024-04-23T09:00,16.8,78,12.9,14.4,22.8,2,0.00,270.0
2024-04-23T10:00,19.0,70,13.4,15.7,30.4,69,0.00,479.0
2024-04-23T11:00,20.4,66,13.9,17.6,28.5,97,0.00,574.0
2024-04-23T12:00,21.8,63,14.4,19.2,29.1,100,0.00,624.0
2024-04-23T13:00,22.8,60,14.6,20.6,30.7,100,0.00,720.0
2024-04-23T14:00,24.4,54,14.5,22.5,30.1,96,0.00,786.0
2024-04-23T15:00,25.3,54,15.2,24.0,30.6,93,0.00,872.0
2024-04-23T16:00,25.5,53,15.2,24.0,30.3,91,0.00,815.0
2024-04-23T17:00,25.1,55,15.5,23.3,28.5,29,0.00,662.0
2024-04-23T18:00,24.8,57,15.6,22.8,27.0,7,0.00,459.0
2024-04-23T19:00,23.9,61,15.9,22.9,20.7,11,0.00,247.0
2024-04-23T20:00,21.9,71,16.4,21.8,15.1,65,0.00,44.0
2024-04-23T21:00,20.8,76,16.4,21.1,13.2,13,0.00,0.0
2024-04-23T22:00,19.5,82,16.3,20.1,11.4,13,0.00,0.0
2024-04-23T23:00,18.8,85,16.2,19.5,10.1,9,0.00,0.0
2024-04-24T00:00,18.3,88,16.3,19.0,10.1,13,0.00,0.0
2024-04-24T01:00,18.0,90,16.4,18.6,10.9,4,0.00,0.0
2024-04-24T02:00,17.6,93,16.5,18.3,10.5,9,0.00,0.0
2024-04-24T03:00,17.3,94,16.4,18.2,8.8,18,0.00,0.0
2024-04-24T04:00,17.3,95,16.5,18.1,10.0,1,0.00,0.0
2024-04-24T05:00,17.1,95,16.4,17.9,10.0,4,0.00,0.0
2024-04-24T06:00,17.0,96,16.3,18.0,8.0,4,0.00,0.0
2024-04-24T07:00,16.8,96,16.1,17.9,7.2,14,0.00,1.0
2024-04-24T08:00,19.5,92,18.0,21.1,8.9,100,0.00,21.0
2024-04-24T09:00,20.4,89,18.5,22.4,7.6,100,0.00,68.0
2024-04-24T10:00,21.4,86,18.9,23.8,6.2,100,0.20,162.0
2024-04-24T11:00,22.5,82,19.2,25.2,5.2,97,0.10,254.0
2024-04-24T12:00,23.3,79,19.5,25.8,7.9,31,0.00,283.0
2024-04-24T13:00,25.8,67,19.2,28.7,14.2,100,0.20,836.0
2024-04-24T14:00,25.8,67,19.0,26.7,18.4,100,0.10,602.0
2024-04-24T15:00,26.0,64,18.8,26.3,20.3,100,0.00,432.0
2024-04-24T16:00,26.4,63,18.7,26.6,20.9,62,0.00,486.0
2024-04-24T17:00,26.8,61,18.7,27.2,19.2,44,0.00,490.0
2024-04-24T18:00,26.7,61,18.5,27.4,16.6,38,0.00,382.0
2024-04-24T19:00,26.0,64,18.5,26.6,17.3,68,0.00,226.0
2024-04-24T20:00,24.1,76,19.5,26.5,8.6,59,0.00,52.0
2024-04-24T21:00,22.6,81,19.2,24.7,9.6,3,0.00,0.0
2024-04-24T22:00,22.4,82,19.1,24.0,12.6,19,0.00,0.0
2024-04-24T23:00,21.6,86,19.1,23.5,10.8,28,0.00,0.0
2024-04-25T00:00,21.5,86,19.0,23.0,12.9,80,0.00,0.0
2024-04-25T01:00,21.2,86,18.8,22.5,13.8,64,0.00,0.0
2024-04-25T02:00,21.0,85,18.4,22.0,14.2,100,0.00,0.0
2024-04-25T03:00,21.1,82,18.0,21.6,16.6,100,0.00,0.0
2024-04-25T04:00,20.8,84,18.0,21.5,15.1,100,0.00,0.0
2024-04-25T05:00,20.4,87,18.1,21.2,14.8,100,0.00,0.0
2024-04-25T06:00,19.9,89,18.0,20.8,13.7,100,0.00,0.0
2024-04-25T07:00,19.2,92,18.0,20.0,14.4,100,0.00,1.0
2024-04-25T08:00,20.6,86,18.2,21.3,16.2,100,0.00,52.0
2024-04-25T09:00,21.4,82,18.1,21.1,22.0,100,0.00,175.0
2024-04-25T10:00,22.8,74,18.0,22.2,23.6,100,0.00,350.0
2024-04-25T11:00,24.2,67,17.9,23.6,24.2,100,0.00,534.0
2024-04-25T12:00,25.2,65,18.1,24.6,25.2,100,0.00,578.0
2024-04-25T13:00,25.1,68,18.8,24.5,26.6,100,0.00,496.0
2024-04-25T14:00,24.5,71,18.9,23.7,27.8,100,0.10,290.0
2024-04-25T15:00,25.7,68,19.4,25.2,27.7,100,0.00,265.0
2024-04-25T16:00,26.1,68,19.7,25.3,30.9,100,0.00,323.0
2024-04-25T17:00,26.1,70,20.1,25.4,31.7,100,0.00,250.0
2024-04-25T18:00,26.5,70,20.5,26.4,28.5,100,0.00,263.0
2024-04-25T19:00,25.9,73,20.7,26.2,26.8,100,0.00,128.0
2024-04-25T20:00,24.8,74,19.8,24.6,27.3,100,0.00,25.0
2024-04-25T21:00,24.2,75,19.5,23.8,27.6,100,0.00,0.0
2024-04-25T22:00,23.9,78,19.7,23.7,26.8,100,0.00,0.0
2024-04-25T23:00,23.2,82,20.0,22.8,29.2,100,0.00,0.0
2024-04-26T00:00,23.0,83,20.0,22.8,27.6,100,0.10,0.0
2024-04-26T01:00,22.6,85,19.9,22.3,28.1,100,0.30,0.0
2024-04-26T02:00,22.5,85,19.9,22.1,29.3,100,0.10,0.0
2024-04-26T03:00,22.5,84,19.7,21.5,31.8,100,0.10,0.0
2024-04-26T04:00,22.2,85,19.6,21.2,32.1,100,0.20,0.0
2024-04-26T05:00,22.0,88,19.8,21.1,31.6,100,0.10,0.0
2024-04-26T06:00,22.0,88,20.0,21.8,27.7,100,0.10,0.0
2024-04-26T07:00,22.0,88,19.9,21.5,28.9,100,0.50,0.0
2024-04-26T08:00,21.7,88,19.6,21.4,27.4,100,2.00,13.0
2024-04-26T09:00,22.5,87,20.1,22.2,28.8,100,3.60,40.0
2024-04-26T10:00,23.1,82,20.0,23.1,26.7,58,0.10,159.0
2024-04-26T11:00,24.8,73,19.7,23.3,35.5,98,0.00,549.0
2024-04-26T12:00,24.1,75,19.4,22.4,36.1,100,0.00,517.0
2024-04-26T13:00,22.2,80,18.6,21.9,24.6,100,0.00,236.0
2024-04-26T14:00,23.0,76,18.6,21.2,34.9,100,0.00,425.0
2024-04-26T15:00,22.0,79,18.2,21.3,25.7,100,0.00,207.0
2024-04-26T16:00,23.8,77,19.5,23.8,24.4,100,0.00,548.0
2024-04-26T17:00,23.2,80,19.5,23.2,24.7,100,0.00,449.0
2024-04-26T18:00,22.8,81,19.4,21.9,30.0,100,0.00,367.0
2024-04-26T19:00,22.0,83,19.0,21.5,26.5,92,0.00,201.0
2024-04-26T20:00,20.1,88,18.1,18.8,29.7,100,0.00,52.0
2024-04-26T21:00,20.1,88,18.0,19.9,21.7,100,0.00,0.0
2024-04-26T22:00,20.1,90,18.5,20.2,20.9,63,0.00,0.0
2024-04-26T23:00,20.4,91,18.8,20.4,22.1,3,0.00,0.0
2024-04-27T00:00,20.5,90,18.8,19.9,26.8,1,0.00,0.0
2024-04-27T01:00,20.5,90,18.7,19.9,26.2,6,0.00,0.0
2024-04-27T02:00,20.3,91,18.8,20.0,24.5,11,0.00,0.0
2024-04-27T03:00,20.4,93,19.2,20.6,22.8,100,0.00,0.0
2024-04-27T04:00,21.3,92,20.0,21.5,24.8,100,0.00,0.0
2024-04-27T05:00,21.7,92,20.4,22.3,23.3,100,0.00,0.0
2024-04-27T06:00,21.6,91,20.1,22.2,23.3,100,0.00,0.0
2024-04-27T07:00,21.6,91,20.1,22.5,20.8,100,0.00,0.0
2024-04-27T08:00,22.6,94,21.5,23.1,28.5,99,0.70,48.0
2024-04-27T09:00,23.2,90,21.5,24.0,26.3,100,0.50,99.0
2024-04-27T10:00,24.0,85,21.2,23.7,32.8,99,0.30,247.0
2024-04-27T11:00,25.5,75,20.9,24.3,37.5,100,0.20,554.0
2024-04-27T12:00,26.4,71,20.6,25.1,38.4,100,0.20,595.0
2024-04-27T13:00,27.4,65,20.4,25.9,40.1,95,0.30,640.0
2024-04-27T14:00,28.1,63,20.3,26.5,42.8,100,0.40,724.0
2024-04-27T15:00,28.8,59,19.9,26.2,48.0,100,0.00,753.0
2024-04-27T16:00,28.2,59,19.5,25.5,43.7,100,0.00,384.0
2024-04-27T17:00,27.0,65,19.9,26.1,32.2,100,0.00,152.0
2024-04-27T18:00,24.1,77,19.9,25.4,17.8,100,10.10,83.0
2024-04-27T19:00,20.8,90,19.1,22.2,14.3,100,11.60,20.0
2024-04-27T20:00,19.6,95,18.8,20.7,15.0,100,14.90,9.0
2024-04-27T21:00,19.5,95,18.8,20.7,14.4,100,2.10,0.0
2024-04-27T22:00,18.6,97,18.1,19.5,14.1,100,11.90,0.0
2024-04-27T23:00,21.7,93,20.5,20.8,34.5,100,3.20,0.0
2024-04-28T00:00,22.5,90,20.8,21.2,37.7,100,0.50,0.0
2024-04-28T01:00,22.6,89,20.7,20.6,42.5,100,0.30,0.0
2024-04-28T02:00,22.4,90,20.6,20.4,42.1,100,0.50,0.0
2024-04-28T03:00,22.1,89,20.2,20.0,41.6,100,0.30,0.0
2024-04-28T04:00,21.9,88,19.7,19.6,41.1,100,0.20,0.0
2024-04-28T05:00,21.6,87,19.4,20.4,32.8,100,0.20,0.0
2024-04-28T06:00,21.1,89,19.1,19.7,33.2,100,0.50,0.0
2024-04-28T07:00,21.1,88,19.1,20.0,31.6,100,1.50,0.0
2024-04-28T08:00,18.5,92,17.2,18.6,16.9,100,1.90,13.0
2024-04-28T09:00,19.0,92,17.5,18.5,21.5,100,2.90,28.0
2024-04-28T10:00,19.7,91,18.1,19.1,24.7,100,3.10,97.0
2024-04-28T11:00,19.4,92,18.0,17.9,29.7,100,3.50,18.0
2024-04-28T12:00,20.9,88,18.9,22.1,14.3,100,3.70,306.0
2024-04-28T13:00,22.0,83,19.0,20.5,33.4,100,0.60,500.0
2024-04-28T14:00,22.6,82,19.4,23.2,23.2,99,1.10,645.0
2024-04-28T15:00,24.1,79,20.4,25.0,21.8,100,0.50,434.0
2024-04-28T16:00,22.8,83,19.8,24.0,17.2,77,2.10,370.0
2024-04-28T17:00,24.5,77,20.1,26.0,16.3,31,1.30,359.0
2024-04-28T18:00,22.3,82,19.0,22.9,19.0,39,0.00,348.0
2024-04-28T19:00,22.0,86,19.5,23.7,13.9,25,0.00,210.0
2024-04-28T20:00,21.6,88,19.5,23.9,9.0,69,0.00,56.0
2024-04-28T21:00,20.4,93,19.2,22.8,7.3,1,0.00,0.0
2024-04-28T22:00,18.8,97,18.2,20.6,8.2,0,0.00,0.0
2024-04-28T23:00,18.9,97,18.4,20.9,6.9,3,0.00,0.0
2024-04-29T00:00,17.9,98,17.6,19.4,8.7,0,0.00,0.0
2024-04-29T01:00,17.6,99,17.4,19.1,7.7,0,0.00,0.0
2024-04-29T02:00,17.2,100,17.2,18.8,6.6,38,0.00,0.0
2024-04-29T03:00,16.5,99,16.4,17.6,7.9,100,0.00,0.0
2024-04-29T04:00,17.2,100,17.2,18.8,6.4,100,0.00,0.0
2024-04-29T05:00,18.0,99,17.9,19.9,6.9,100,0.00,0.0
2024-04-29T06:00,18.1,100,18.1,19.8,8.8,100,0.00,0.0
2024-04-29T07:00,18.1,99,18.0,19.5,10.4,100,0.00,1.0
2024-04-29T08:00,18.5,99,18.4,20.9,4.9,100,0.00,39.0
2024-04-29T09:00,18.7,99,18.5,21.4,3.3,100,0.00,101.0
2024-04-29T10:00,20.0,89,18.1,22.1,6.0,100,0.10,190.0
2024-04-29T11:00,22.0,81,18.5,24.2,7.3,98,0.10,400.0
2024-04-29T12:00,23.8,70,18.0,26.4,3.3,54,0.00,573.0
2024-04-29T13:00,25.0,69,18.9,30.4,0.7,7,0.00,871.0
2024-04-29T14:00,26.1,63,18.6,31.8,1.6,12,0.00,950.0
2024-04-29T15:00,27.0,57,17.9,31.7,2.9,7,0.00,897.0
2024-04-29T16:00,27.4,53,17.0,30.9,3.3,32,0.00,791.0
2024-04-29T17:00,27.5,51,16.5,29.2,7.3,92,0.00,624.0
2024-04-29T18:00,27.0,45,14.1,27.8,3.7,27,0.00,331.0
2024-04-29T19:00,26.3,58,17.2,28.4,3.1,0,0.00,248.0
2024-04-29T20:00,20.8,80,17.1,22.2,7.9,4,0.00,70.0
2024-04-29T21:00,20.0,81,16.5,20.8,10.0,1,0.00,0.0
2024-04-29T22:00,18.9,83,16.0,19.6,9.2,0,0.00,0.0
2024-04-29T23:00,19.0,79,15.4,19.5,9.0,0,0.00,0.0
2024-04-30T00:00,18.8,79,15.1,18.9,10.9,0,0.00,0.0
2024-04-30T01:00,18.6,79,14.9,18.5,11.7,0,0.00,0.0
2024-04-30T02:00,18.2,82,15.1,18.4,10.5,0,0.00,0.0
2024-04-30T03:00,18.0,88,16.0,18.8,8.2,0,0.00,0.0
2024-04-30T04:00,18.2,91,16.8,19.2,9.9,0,0.00,0.0
2024-04-30T05:00,18.5,92,17.1,19.6,9.7,0,0.00,0.0
2024-04-30T06:00,18.3,95,17.5,19.5,9.8,0,0.00,0.0
2024-04-30T07:00,18.5,97,18.0,19.9,10.4,10,0.00,2.0
2024-04-30T08:00,21.5,89,19.7,22.9,16.2,92,0.00,41.0
2024-04-30T09:00,22.5,85,19.8,23.5,19.2,55,0.00,156.0
2024-04-30T10:00,24.0,77,19.6,24.5,21.2,64,0.00,389.0
2024-04-30T11:00,25.6,69,19.5,25.8,23.4,68,0.00,555.0
2024-04-30T12:00,26.5,72,21.0,28.0,23.3,73,0.30,653.0
2024-04-30T13:00,26.4,74,21.5,27.8,22.8,14,0.00,556.0
2024-04-30T14:00,28.0,65,20.7,29.9,24.1,32,0.00,826.0
2024-04-30T15:00,28.7,62,20.8,31.0,21.8,42,0.00,801.0
2024-04-30T16:00,28.8,62,20.9,30.5,22.0,36,0.00,673.0
2024-04-30T17:00,28.0,69,21.8,29.5,22.7,84,1.00,554.0
2024-04-30T18:00,27.0,75,22.2,29.4,18.1,80,0.80,286.0
2024-04-30T19:00,26.5,76,21.9,28.4,19.9,27,0.00,171.0
2024-04-30T20:00,25.4,80,21.7,28.0,14.4,93,0.00,62.0
2024-04-30T21:00,24.3,85,21.6,26.9,14.3,22,0.00,0.0
2024-04-30T22:00,24.0,86,21.6,26.1,17.9,14,0.00,0.0
2024-04-30T23:00,23.8,87,21.4,25.4,20.5,3,0.00,0.0
2024-05-01T00:00,23.5,86,21.0,24.9,19.9,6,0.00,0.0
2024-05-01T01:00,23.3,85,20.6,24.1,23.0,0,0.00,0.0
2024-05-01T02:00,22.9,85,20.1,23.8,20.9,0,0.00,0.0
2024-05-01T03:00,22.1,87,19.8,23.6,15.5,0,0.00,0.0
2024-05-01T04:00,21.5,87,19.2,22.9,14.3,0,0.00,0.0
2024-05-01T05:00,21.1,86,18.6,22.0,15.9,0,0.00,0.0
2024-05-01T06:00,20.8,85,18.1,21.4,15.9,0,0.00,0.0
2024-05-01T07:00,20.3,87,18.1,21.1,15.0,0,0.00,3.0
2024-05-01T08:00,21.0,86,18.6,21.8,16.3,14,0.00,97.0
2024-05-01T09:00,22.3,81,18.9,22.9,18.5,14,0.00,280.0
2024-05-01T10:00,23.6,75,18.9,24.5,16.8,31,0.00,475.0
2024-05-01T11:00,23.6,74,18.7,25.0,13.8,100,3.20,576.0
2024-05-01T12:00,23.9,73,18.8,24.4,20.3,63,0.00,577.0
2024-05-01T13:00,25.0,66,18.4,25.8,21.7,61,0.00,714.0
2024-05-01T14:00,26.7,68,20.2,28.5,23.1,100,0.00,800.0
2024-05-01T15:00,27.1,68,20.8,28.4,22.8,100,0.00,620.0
2024-05-01T16:00,27.4,68,20.9,28.4,22.6,60,0.10,429.0
2024-05-01T17:00,27.6,68,21.1,28.2,26.4,26,0.20,557.0
2024-05-01T18:00,25.9,73,20.6,25.2,33.0,85,0.00,404.0
2024-05-01T19:00,24.1,79,20.2,24.6,23.7,60,0.00,174.0
2024-05-01T20:00,23.5,81,20.0,24.4,20.8,98,0.00,56.0
2024-05-01T21:00,22.5,86,20.1,24.8,11.6,100,0.00,0.0
2024-05-01T22:00,22.4,89,20.4,24.0,16.6,86,0.00,0.0
2024-05-01T23:00,22.0,90,20.2,23.5,16.8,92,0.00,0.0
2024-05-02T00:00,21.5,93,20.2,23.3,14.7,62,0.00,0.0
2024-05-02T01:00,21.0,95,20.2,23.1,12.5,99,0.00,0.0
2024-05-02T02:00,20.8,96,20.1,23.5,8.4,100,0.00,0.0
2024-05-02T03:00,21.4,95,20.5,23.7,12.4,100,0.00,0.0
2024-05-02T04:00,21.5,94,20.5,24.4,8.9,100,0.40,0.0
2024-05-02T05:00,21.3,95,20.4,25.3,0.7,100,1.50,0.0
2024-05-02T06:00,21.4,94,20.3,22.0,23.1,99,0.30,0.0
2024-05-02T07:00,20.7,91,19.2,20.9,22.7,31,0.10,2.0
2024-05-02T08:00,19.5,91,18.0,20.6,13.0,37,0.00,76.0
2024-05-02T09:00,20.8,89,18.9,22.3,12.2,5,0.00,267.0
2024-05-02T10:00,22.7,81,19.2,23.9,15.9,6,0.00,494.0
2024-05-02T11:00,24.5,74,19.5,26.0,18.2,14,0.00,675.0
2024-05-02T12:00,26.8,64,19.4,28.6,20.3,100,0.00,810.0
2024-05-02T13:00,27.9,62,20.0,30.1,18.7,95,0.00,759.0
2024-05-02T14:00,27.0,68,20.6,28.6,19.1,12,0.10,589.0
2024-05-02T15:00,28.2,64,20.8,30.7,17.3,100,0.00,711.0
2024-05-02T16:00,28.0,67,21.2,30.7,16.9,27,0.20,666.0
2024-05-02T17:00,28.4,65,21.2,30.8,16.2,37,0.10,606.0
2024-05-02T18:00,28.2,64,20.9,29.8,19.2,45,0.10,359.0
2024-05-02T19:00,27.4,70,21.5,29.3,18.4,52,0.00,224.0
2024-05-02T20:00,21.9,84,19.1,23.4,12.5,65,0.50,58.0
2024-05-02T21:00,20.9,88,18.9,22.7,9.7,9,0.00,0.0
2024-05-02T22:00,20.6,90,19.0,22.4,10.9,5,0.00,0.0
2024-05-02T23:00,20.1,93,19.0,22.6,6.4,25,0.00,0.0
2024-05-03T00:00,20.2,93,19.0,21.9,11.9,100,0.00,0.0
2024-05-03T01:00,19.4,97,18.9,19.8,19.6,97,0.80,0.0
2024-05-03T02:00,19.4,94,18.4,19.7,18.8,18,0.00,0.0
2024-05-03T03:00,19.3,94,18.3,20.6,12.0,100,0.00,0.0
2024-05-03T04:00,19.6,94,18.6,21.1,11.8,100,0.10,0.0
2024-05-03T05:00,18.5,96,17.9,18.5,19.5,100,1.90,0.0
2024-05-03T06:00,18.6,95,17.8,19.7,12.1,100,0.00,0.0
2024-05-03T07:00,18.5,96,17.9,19.8,10.9,99,0.00,1.0
2024-05-03T08:00,22.0,94,21.0,25.4,6.4,0,0.00,95.0
2024-05-03T09:00,23.5,85,20.8,25.7,13.9,31,0.00,314.0
2024-05-03T10:00,23.8,82,20.5,25.2,19.1,100,0.10,431.0
2024-05-03T11:00,24.4,77,20.1,26.1,15.3,59,0.10,326.0
2024-05-03T12:00,26.3,69,20.1,29.0,14.6,43,0.10,718.0
2024-05-03T13:00,27.0,65,19.8,29.7,14.6,36,0.20,748.0
2024-05-03T14:00,27.1,67,20.4,30.1,16.3,51,0.30,793.0
2024-05-03T15:00,24.7,75,20.0,26.5,20.6,82,2.30,743.0
2024-05-03T16:00,25.0,76,20.4,27.4,11.0,86,0.50,385.0
2024-05-03T17:00,25.9,71,20.3,27.7,15.2,100,0.00,314.0
2024-05-03T18:00,19.8,93,18.6,20.3,18.1,100,6.30,148.0
2024-05-03T19:00,20.3,89,18.5,21.3,14.4,100,0.00,63.0
2024-05-03T20:00,21.4,89,19.6,24.7,2.5,100,0.00,32.0
2024-05-03T21:00,20.8,93,19.6,22.8,11.6,100,0.00,0.0
2024-05-03T22:00,21.1,87,18.9,22.5,13.2,100,0.10,0.0
2024-05-03T23:00,21.0,88,18.8,22.2,13.8,100,0.00,0.0
2024-05-04T00:00,21.0,86,18.5,21.8,16.0,100,0.00,0.0
2024-05-04T01:00,20.8,86,18.4,21.4,17.1,84,0.00,0.0
2024-05-04T02:00,20.5,88,18.4,21.5,13.6,0,0.00,0.0
2024-05-04T03:00,19.8,91,18.3,21.4,10.2,3,0.00,0.0
2024-05-04T04:00,19.8,92,18.4,20.7,14.5,10,0.00,0.0
2024-05-04T05:00,19.8,92,18.4,20.4,16.3,99,0.00,0.0
2024-05-04T06:00,19.6,90,18.0,20.4,15.3,100,0.00,0.0
2024-05-04T07:00,20.1,89,18.2,21.1,14.0,100,0.00,2.0
2024-05-04T08:00,20.3,88,18.3,21.0,15.8,100,0.10,19.0
2024-05-04T09:00,21.4,85,18.6,22.2,16.4,100,0.00,90.0
2024-05-04T10:00,22.3,82,19.0,23.9,12.3,100,0.00,249.0
2024-05-04T11:00,22.9,79,19.0,24.2,14.0,100,0.00,222.0
2024-05-04T12:00,22.9,80,19.1,24.3,13.4,100,0.60,179.0
2024-05-04T13:00,24.1,76,19.6,26.1,11.7,95,0.20,431.0
2024-05-04T14:00,25.5,70,19.7,27.6,12.1,74,0.60,573.0
2024-05-04T15:00,26.3,67,19.8,27.7,19.2,100,0.10,645.0
2024-05-04T16:00,26.0,68,19.6,26.6,21.4,100,0.00,393.0
2024-05-04T17:00,26.2,67,19.5,26.4,24.0,100,0.00,487.0
2024-05-04T18:00,24.9,73,19.6,25.8,19.3,100,0.00,158.0
2024-05-04T19:00,24.3,76,19.8,26.4,11.6,100,0.00,88.0
2024-05-04T20:00,22.0,87,19.6,23.8,12.8,100,0.00,33.0
2024-05-04T21:00,20.9,90,19.2,23.9,3.4,100,0.00,0.0
2024-05-04T22:00,20.4,92,19.0,22.0,12.6,100,0.00,0.0
2024-05-04T23:00,20.3,91,18.9,22.2,9.4,100,0.10,0.0
2024-05-05T00:00,19.0,98,18.6,19.5,19.1,100,3.50,0.0
2024-05-05T01:00,19.3,91,17.8,19.7,16.6,100,8.90,0.0
2024-05-05T02:00,18.8,93,17.7,18.9,18.4,100,2.10,0.0
2024-05-05T03:00,18.7,96,18.0,20.3,9.0,100,2.80,0.0
2024-05-05T04:00,18.8,96,18.1,20.2,10.2,100,3.00,0.0
2024-05-05T05:00,18.7,97,18.2,20.2,10.7,100,2.10,0.0
2024-05-05T06:00,19.5,96,18.8,20.5,15.2,100,3.20,0.0
2024-05-05T07:00,19.5,96,19.0,20.2,18.5,100,3.10,1.0
2024-05-05T08:00,19.5,92,18.2,22.0,3.9,100,0.00,48.0
2024-05-05T09:00,20.1,90,18.4,23.0,1.0,50,0.00,92.0
2024-05-05T10:00,21.8,80,18.2,24.2,4.3,100,0.00,370.0
2024-05-05T11:00,23.0,75,18.2,24.8,8.2,100,0.10,475.0
2024-05-05T12:00,24.0,70,18.2,25.6,9.8,88,0.10,530.0
2024-05-05T13:00,25.5,62,17.8,27.6,12.1,99,0.00,738.0
2024-05-05T14:00,26.4,58,17.5,28.6,10.5,57,0.00,736.0
2024-05-05T15:00,27.4,55,17.7,31.0,7.2,19,0.00,864.0
2024-05-05T16:00,28.0,51,17.0,31.0,6.3,99,0.00,784.0
2024-05-05T17:00,28.1,50,16.9,30.0,3.4,61,0.00,471.0
2024-05-05T18:00,28.0,52,17.2,29.6,6.5,32,0.00,375.0
2024-05-05T19:00,26.9,61,18.6,28.5,10.5,48,0.00,215.0
2024-05-05T20:00,23.5,81,20.0,26.4,6.6,13,0.00,78.0
2024-05-05T21:00,23.2,76,18.8,24.4,14.7,51,0.00,1.0
2024-05-05T22:00,22.4,82,19.1,24.3,10.4,28,0.00,0.0
2024-05-05T23:00,21.9,87,19.5,23.9,11.0,2,0.00,0.0
2024-05-06T00:00,21.0,92,19.8,23.2,10.7,3,0.00,0.0
2024-05-06T01:00,20.7,95,19.8,22.7,12.0,0,0.00,0.0
2024-05-06T02:00,20.6,95,19.7,22.4,13.3,26,0.00,0.0
2024-05-06T03:00,20.5,95,19.6,22.4,12.4,92,0.00,0.0
2024-05-06T04:00,21.2,90,19.6,22.7,15.5,100,0.00,0.0
2024-05-06T05:00,21.6,88,19.5,22.6,18.2,91,0.00,0.0
2024-05-06T06:00,21.5,89,19.6,22.3,19.5,84,0.00,0.0
2024-05-06T07:00,21.8,90,20.0,22.7,20.8,66,0.00,2.0
2024-05-06T08:00,22.4,91,20.8,24.0,18.0,100,0.10,31.0
2024-05-06T09:00,23.0,88,20.9,24.0,22.3,100,0.10,90.0
2024-05-06T10:00,23.8,86,21.3,25.3,20.8,100,0.20,199.0
2024-05-06T11:00,25.1,79,21.2,26.2,23.2,100,0.00,326.0
2024-05-06T12:00,25.8,77,21.5,27.0,23.8,82,0.10,356.0
2024-05-06T13:00,27.5,72,22.0,29.0,26.4,66,0.10,669.0
2024-05-06T14:00,29.0,64,21.5,30.7,28.2,58,0.00,815.0
2024-05-06T15:00,29.4,64,21.8,30.9,27.0,54,0.00,693.0
2024-05-06T16:00,29.9,61,21.6,31.2,27.5,56,0.10,671.0
2024-05-06T17:00,28.5,69,22.3,30.4,21.5,92,0.60,537.0
2024-05-06T18:00,22.1,89,20.1,23.0,20.5,94,4.70,206.0
2024-05-06T19:00,20.8,93,19.7,20.8,25.5,100,2.10,72.0
2024-05-06T20:00,23.1,85,20.5,23.9,23.1,36,0.00,55.0
2024-05-06T21:00,23.2,86,20.7,23.7,25.2,2,0.00,1.0
2024-05-06T22:00,23.7,87,21.4,24.7,24.9,11,0.00,0.0
2024-05-06T23:00,24.1,87,21.9,24.9,28.4,5,0.00,0.0
2024-05-07T00:00,24.2,86,21.7,24.4,31.0,0,0.00,0.0
2024-05-07T01:00,23.7,87,21.4,24.2,27.8,6,0.00,0.0
2024-05-07T02:00,23.2,88,21.1,23.7,27.2,5,0.00,0.0
2024-05-07T03:00,22.8,90,21.0,23.6,24.2,60,0.00,0.0
2024-05-07T04:00,22.4,92,21.0,23.6,21.2,45,0.00,0.0
2024-05-07T05:00,22.0,93,20.9,23.8,17.3,16,0.00,0.0
2024-05-07T06:00,21.8,94,20.8,23.6,16.9,68,0.00,0.0
2024-05-07T07:00,22.0,94,21.0,23.7,18.0,16,0.00,4.0
2024-05-07T08:00,23.7,89,21.7,25.7,18.6,6,0.00,112.0
2024-05-07T09:00,25.3,83,22.2,27.9,17.1,0,0.00,319.0
2024-05-07T10:00,26.7,74,21.6,29.4,14.0,30,0.00,535.0
2024-05-07T11:00,28.0,58,19.0,31.0,9.4,0,0.00,717.0
2024-05-07T12:00,29.0,46,16.2,32.3,5.9,0,0.00,868.0
2024-05-07T13:00,29.6,40,14.5,33.3,3.4,0,0.00,960.0
2024-05-07T14:00,30.1,38,14.4,34.2,1.8,0,0.00,987.0
2024-05-07T15:00,30.5,38,14.4,33.8,4.7,0,0.00,946.0
2024-05-07T16:00,30.6,38,14.8,33.1,6.6,0,0.00,840.0
2024-05-07T17:00,30.9,43,16.9,32.8,8.3,0,0.00,683.0
2024-05-07T18:00,30.5,47,18.1,31.5,13.7,0,0.00,488.0
2024-05-07T19:00,28.9,59,20.1,30.6,15.1,0,0.00,277.0
2024-05-07T20:00,27.2,69,21.0,30.0,11.2,2,0.00,86.0
2024-05-07T21:00,26.0,78,21.8,29.5,8.7,4,0.00,1.0
2024-05-07T22:00,25.5,81,22.0,28.9,10.8,2,0.00,0.0
2024-05-07T23:00,25.5,80,21.8,28.2,14.5,14,0.00,0.0
2024-05-08T00:00,25.6,80,21.9,27.8,18.0,6,0.00,0.0
2024-05-08T01:00,25.5,82,22.3,27.9,18.5,78,0.00,0.0
2024-05-08T02:00,24.9,87,22.6,27.4,18.8,30,0.00,0.0
2024-05-08T03:00,24.4,91,22.9,26.9,20.2,12,0.00,0.0
2024-05-08T04:00,24.0,94,22.9,26.2,21.6,95,0.00,0.0
2024-05-08T05:00,23.9,92,22.5,25.7,23.6,100,0.00,0.0
2024-05-08T06:00,23.7,92,22.4,25.2,25.1,100,0.00,0.0
2024-05-08T07:00,23.6,92,22.2,24.8,26.5,100,0.00,3.0
2024-05-08T08:00,25.1,86,22.5,26.6,25.6,100,0.00,47.0
2024-05-08T09:00,26.1,81,22.6,27.2,28.9,38,0.00,214.0
2024-05-08T10:00,27.9,73,22.5,28.7,30.4,65,0.00,459.0
2024-05-08T11:00,29.5,65,22.4,30.5,28.5,2,0.00,495.0
2024-05-08T12:00,30.7,63,22.9,33.1,27.5,3,0.00,778.0
2024-05-08T13:00,31.9,58,22.8,35.0,27.2,18,0.00,942.0
2024-05-08T14:00,32.2,57,22.8,35.5,25.4,10,0.00,896.0
2024-05-08T15:00,32.9,52,21.9,35.8,24.0,13,0.00,880.0
2024-05-08T16:00,33.6,46,20.2,35.8,20.5,8,0.00,793.0
2024-05-08T17:00,33.7,43,19.5,35.3,16.3,7,0.00,624.0
2024-05-08T18:00,33.0,50,21.0,35.9,10.3,4,0.00,446.0
2024-05-08T19:00,30.2,47,17.5,31.0,13.3,0,0.00,270.0
2024-05-08T20:00,26.7,50,15.3,27.2,8.5,0,0.00,84.0
2024-05-08T21:00,27.0,44,13.8,27.3,6.2,0,0.00,1.0
2024-05-08T22:00,25.6,54,15.6,26.5,7.2,0,0.00,0.0
2024-05-08T23:00,23.1,62,15.4,23.6,9.3,0,0.00,0.0
2024-05-09T00:00,22.4,63,15.1,22.4,11.4,0,0.00,0.0
2024-05-09T01:00,21.1,75,16.5,21.5,12.8,0,0.00,0.0
2024-05-09T02:00,20.1,87,18.0,22.0,7.6,0,0.00,0.0
2024-05-09T03:00,19.6,96,19.0,21.9,7.8,1,0.00,0.0
2024-05-09T04:00,20.8,100,20.8,24.0,6.9,81,0.00,0.0
2024-05-09T05:00,20.9,100,20.8,24.2,6.4,99,0.00,0.0
2024-05-09T06:00,21.5,99,21.4,24.6,9.9,100,0.00,0.0
2024-05-09T07:00,21.2,98,20.9,24.2,9.6,100,1.50,1.0
2024-05-09T08:00,22.8,92,21.4,25.5,12.7,64,0.00,85.0
2024-05-09T09:00,24.1,89,22.1,27.1,13.7,100,0.00,220.0
2024-05-09T10:00,25.2,84,22.4,28.5,13.0,100,0.00,276.0
2024-05-09T11:00,25.4,80,21.7,27.7,16.6,100,0.00,262.0
2024-05-09T12:00,25.0,75,20.4,26.3,19.4,100,0.00,234.0
2024-05-09T13:00,24.7,73,19.6,25.8,17.8,100,0.20,218.0
2024-05-09T14:00,23.0,81,19.5,26.3,2.2,100,7.20,130.0
2024-05-09T15:00,23.5,83,20.4,25.8,12.5,94,0.20,256.0
2024-05-09T16:00,25.0,75,20.1,25.7,25.9,100,0.10,675.0
2024-05-09T17:00,23.7,75,19.0,24.4,18.2,100,0.00,230.0
2024-05-09T18:00,23.6,72,18.2,23.2,23.2,64,0.10,168.0
2024-05-09T19:00,23.2,69,17.4,23.2,18.4,35,0.00,218.0
2024-05-09T20:00,21.8,82,18.6,22.5,17.2,99,0.00,71.0
2024-05-09T21:00,21.5,77,17.3,22.2,12.7,37,0.00,1.0
2024-05-09T22:00,20.6,74,15.7,20.3,15.2,11,0.00,0.0
2024-05-09T23:00,19.7,72,14.5,19.0,15.2,12,0.00,0.0
2024-05-10T00:00,19.2,72,14.0,18.2,15.9,24,0.00,0.0
2024-05-10T01:00,19.1,70,13.6,17.9,16.0,22,0.00,0.0
2024-05-10T02:00,18.8,72,13.6,17.6,16.3,4,0.00,0.0
2024-05-10T03:00,18.5,71,13.1,16.9,18.1,0,0.00,0.0
2024-05-10T04:00,18.6,65,11.9,16.3,20.0,1,0.00,0.0
2024-05-10T05:00,18.4,62,11.1,15.8,19.6,24,0.00,0.0
2024-05-10T06:00,18.2,62,10.9,15.2,22.8,91,0.00,0.0
2024-05-10T07:00,17.8,64,10.9,16.4,11.6,92,0.00,7.0
2024-05-10T08:00,19.1,65,12.4,17.9,13.4,95,0.00,104.0
2024-05-10T09:00,20.2,63,12.9,18.7,16.7,28,0.00,197.0
2024-05-10T10:00,21.5,59,13.1,19.5,20.8,1,0.00,473.0
2024-05-10T11:00,23.1,54,13.2,22.0,20.3,0,0.00,717.0
2024-05-10T12:00,24.4,50,13.1,23.9,20.5,9,0.00,859.0
2024-05-10T13:00,25.2,46,12.9,25.0,21.4,55,0.00,947.0
2024-05-10T14:00,25.9,45,12.9,25.8,20.7,77,0.00,965.0
2024-05-10T15:00,26.2,44,13.1,26.2,18.9,98,0.00,910.0
2024-05-10T16:00,26.2,45,13.2,25.8,16.1,41,0.00,735.0
2024-05-10T17:00,26.2,45,13.4,26.2,11.2,14,0.00,642.0
2024-05-10T18:00,25.9,47,13.7,25.3,11.6,100,0.00,458.0
2024-05-10T19:00,25.0,57,15.9,26.3,5.2,100,0.00,254.0
2024-05-10T20:00,22.4,66,15.7,23.2,7.6,57,0.00,81.0
2024-05-10T21:00,21.1,69,15.4,21.7,8.4,88,0.00,2.0
2024-05-10T22:00,20.9,71,15.3,21.2,10.1,98,0.00,0.0
2024-05-10T23:00,20.1,70,14.6,19.8,12.7,100,0.00,0.0
2024-05-11T00:00,20.1,66,13.6,19.4,13.0,100,0.00,0.0
2024-05-11T01:00,19.1,68,13.1,19.0,7.6,87,0.00,0.0
2024-05-11T02:00,18.4,70,12.8,17.9,9.6,96,0.00,0.0
2024-05-11T03:00,17.8,72,12.6,17.4,8.0,100,0.00,0.0
2024-05-11T04:00,17.5,73,12.6,17.2,6.9,26,0.00,0.0
2024-05-11T05:00,16.5,76,12.3,16.1,7.6,91,0.00,0.0
2024-05-11T06:00,15.9,81,12.5,15.3,9.3,95,0.00,0.0
2024-05-11T07:00,16.7,79,13.0,16.8,6.0,45,0.00,6.0
2024-05-11T08:00,18.6,72,13.4,18.7,6.5,23,0.00,105.0
2024-05-11T09:00,20.5,67,14.0,20.8,6.5,99,0.00,308.0
2024-05-11T10:00,22.1,61,14.4,22.3,8.4,100,0.00,464.0
2024-05-11T11:00,23.5,53,13.3,22.9,11.9,100,0.00,568.0
2024-05-11T12:00,24.5,48,12.7,24.2,13.7,100,0.00,701.0
2024-05-11T13:00,25.1,46,12.9,24.6,16.6,100,0.00,744.0
2024-05-11T14:00,25.1,48,13.2,24.0,17.0,100,0.00,612.0
2024-05-11T15:00,25.4,48,13.4,24.3,17.1,100,0.00,616.0
2024-05-11T16:00,24.9,50,13.8,23.5,17.6,100,0.00,468.0
2024-05-11T17:00,24.4,54,14.4,23.8,14.0,100,0.00,331.0
2024-05-11T18:00,23.9,59,15.3,23.8,12.7,100,0.00,224.0
2024-05-11T19:00,22.7,69,16.8,24.5,4.0,100,0.60,135.0
2024-05-11T20:00,21.8,70,16.1,21.9,13.8,99,0.30,25.0
2024-05-11T21:00,21.0,70,15.3,21.3,10.0,100,0.00,1.0
2024-05-11T22:00,20.2,75,15.7,21.3,5.6,72,0.00,0.0
2024-05-11T23:00,19.9,75,15.4,20.9,5.8,86,0.40,0.0
2024-05-12T00:00,19.3,78,15.4,19.9,7.9,16,0.00,0.0
2024-05-12T01:00,18.4,85,15.9,19.3,7.2,18,0.00,0.0
2024-05-12T02:00,18.0,88,16.0,19.2,5.9,1,0.00,0.0
2024-05-12T03:00,17.1,91,15.6,18.1,6.4,74,0.00,0.0
2024-05-12T04:00,17.5,84,14.9,18.2,7.0,100,0.00,0.0
2024-05-12T05:00,18.1,77,14.0,17.9,10.5,25,0.00,0.0
2024-05-12T06:00,17.7,78,13.9,17.5,10.1,9,0.00,0.0
2024-05-12T07:00,17.4,83,14.4,17.6,8.7,6,0.00,7.0
2024-05-12T08:00,18.5,87,16.4,19.0,11.8,100,0.00,56.0
2024-05-12T09:00,19.2,88,17.2,20.1,11.5,100,0.20,77.0
2024-05-12T10:00,20.5,84,17.6,22.0,8.4,99,6.60,253.0
2024-05-12T11:00,21.0,81,17.6,20.5,22.8,100,0.10,293.0
2024-05-12T12:00,21.3,84,18.5,21.9,17.6,100,4.30,359.0
2024-05-12T13:00,21.1,86,18.7,22.2,14.8,100,2.40,208.0
2024-05-12T14:00,21.9,84,19.0,22.8,16.9,100,0.40,347.0
2024-05-12T15:00,22.1,83,19.1,22.8,19.0,100,0.30,225.0
2024-05-12T16:00,23.0,82,19.8,23.5,21.9,100,0.40,306.0
2024-05-12T17:00,22.0,88,20.0,22.6,22.7,100,0.40,100.0
2024-05-12T18:00,21.0,93,19.8,21.6,21.1,100,0.40,77.0
2024-05-12T19:00,21.3,92,20.0,22.3,19.4,100,0.20,89.0
2024-05-12T20:00,19.4,92,18.0,19.2,20.9,100,0.80,35.0
2024-05-12T21:00,19.0,93,17.9,20.0,13.4,100,0.20,1.0
2024-05-12T22:00,19.0,93,17.9,20.4,9.4,100,0.00,0.0
2024-05-12T23:00,18.5,95,17.6,20.5,5.1,6,0.00,0.0
2024-05-13T00:00,17.8,96,17.1,19.3,6.8,0,0.00,0.0
2024-05-13T01:00,17.5,97,17.0,18.9,7.2,1,0.00,0.0
2024-05-13T02:00,16.9,98,16.6,18.3,6.1,100,0.00,0.0
2024-05-13T03:00,17.8,97,17.3,19.6,5.4,100,0.00,0.0
2024-05-13T04:00,18.4,95,17.5,20.7,2.3,100,0.00,0.0
2024-05-13T05:00,18.5,96,17.8,20.7,4.0,100,0.00,0.0
2024-05-13T06:00,18.6,96,18.0,21.1,3.3,100,0.00,0.0
2024-05-13T07:00,19.0,95,18.2,20.8,7.6,100,0.00,3.0
2024-05-13T08:00,19.4,91,17.9,21.3,6.5,100,0.00,31.0
2024-05-13T09:00,20.0,89,18.2,22.0,7.6,100,0.10,111.0
2024-05-13T10:00,21.0,85,18.4,23.1,6.6,100,0.30,174.0
2024-05-13T11:00,21.9,81,18.5,24.2,5.8,100,0.00,273.0
2024-05-13T12:00,24.2,75,19.5,27.5,7.9,100,0.10,688.0
2024-05-13T13:00,24.3,75,19.5,26.4,10.7,44,0.20,406.0
2024-05-13T14:00,25.1,74,20.0,27.5,14.1,35,0.40,663.0
2024-05-13T15:00,26.5,67,19.8,29.2,14.8,17,0.10,772.0
2024-05-13T16:00,27.5,59,18.8,30.2,12.1,3,0.00,763.0
2024-05-13T17:00,28.0,49,16.1,28.6,14.8,17,0.00,673.0
2024-05-13T18:00,27.0,50,15.9,26.2,19.3,25,0.00,494.0
2024-05-13T19:00,25.8,58,17.0,26.3,13.4,4,0.00,276.0
2024-05-13T20:00,23.8,59,15.4,23.0,17.6,3,0.00,92.0
2024-05-13T21:00,21.9,67,15.5,22.4,9.2,2,0.00,2.0
2024-05-13T22:00,20.0,77,15.9,20.9,7.6,1,0.00,0.0
2024-05-13T23:00,19.6,78,15.6,20.1,9.6,1,0.00,0.0
2024-05-14T00:00,19.0,78,15.1,19.4,9.2,0,0.00,0.0
2024-05-14T01:00,18.6,76,14.3,18.5,10.6,0,0.00,0.0
2024-05-14T02:00,18.2,74,13.4,17.6,12.0,0,0.00,0.0
2024-05-14T03:00,17.8,74,13.1,16.8,13.4,0,0.00,0.0
2024-05-14T04:00,17.5,74,12.8,16.4,14.0,0,0.00,0.0
2024-05-14T05:00,17.2,75,12.7,16.0,14.1,0,0.00,0.0
2024-05-14T06:00,16.6,77,12.6,15.8,11.5,0,0.00,0.0
2024-05-14T07:00,16.4,80,12.9,15.7,10.9,0,0.00,9.0
2024-05-14T08:00,18.0,80,14.4,18.0,9.8,0,0.00,128.0
2024-05-14T09:00,19.9,73,14.9,20.0,9.7,0,0.00,327.0
2024-05-14T10:00,21.9,68,15.7,22.6,8.2,0,0.00,536.0
2024-05-14T11:00,23.6,62,15.9,25.3,9.5,0,0.00,723.0
2024-05-14T12:00,24.9,58,15.9,26.9,11.8,0,0.00,866.0
2024-05-14T13:00,26.0,54,15.9,28.0,14.8,0,0.00,950.0
2024-05-14T14:00,26.7,51,15.6,28.2,17.5,0,0.00,973.0
2024-05-14T15:00,27.4,48,15.3,28.6,17.4,0,0.00,934.0
2024-05-14T16:00,27.8,45,14.8,28.6,15.4,0,0.00,836.0
2024-05-14T17:00,28.0,43,14.4,28.2,12.8,0,0.00,684.0
2024-05-14T18:00,27.7,44,14.4,27.7,9.8,0,0.00,496.0
2024-05-14T19:00,26.9,56,17.4,28.8,4.7,0,0.00,290.0
2024-05-14T20:00,25.0,59,16.5,26.4,5.9,0,0.00,98.0
2024-05-14T21:00,21.6,72,16.4,22.5,9.4,0,0.00,3.0
2024-05-14T22:00,20.1,78,16.2,20.8,9.9,0,0.00,0.0
2024-05-14T23:00,19.4,80,15.8,19.8,10.7,0,0.00,0.0
2024-05-15T00:00,18.5,83,15.6,18.7,11.0,0,0.00,0.0
2024-05-15T01:00,18.0,86,15.8,18.6,9.5,0,0.00,0.0
2024-05-15T02:00,18.6,80,15.1,19.0,9.4,0,0.00,0.0
2024-05-15T03:00,18.6,75,14.1,18.5,9.7,0,0.00,0.0
2024-05-15T04:00,18.2,76,13.9,18.2,8.8,0,0.00,0.0
2024-05-15T05:00,17.9,78,14.1,18.0,8.7,0,0.00,0.0
2024-05-15T06:00,17.0,81,13.6,16.8,9.2,0,0.00,0.0
2024-05-15T07:00,17.4,80,13.9,17.3,8.9,0,0.00,9.0
2024-05-15T08:00,20.6,71,15.2,20.8,11.2,80,0.00,129.0
2024-05-15T09:00,23.0,69,17.0,23.9,10.5,61,0.00,323.0
2024-05-15T10:00,25.1,65,18.1,26.1,13.8,31,0.00,530.0
2024-05-15T11:00,27.0,63,19.2,29.3,14.0,57,0.00,714.0
2024-05-15T12:00,28.3,60,19.7,31.6,14.0,72,0.00,852.0
2024-05-15T13:00,29.1,56,19.4,32.2,17.3,59,0.00,938.0
2024-05-15T14:00,29.8,52,18.8,32.0,20.6,52,0.00,962.0
2024-05-15T15:00,30.0,50,18.5,31.7,22.3,48,0.00,928.0
2024-05-15T16:00,30.0,51,18.6,31.2,22.4,96,0.00,826.0
2024-05-15T17:00,29.5,53,19.0,30.1,23.0,100,0.00,658.0
2024-05-15T18:00,28.5,57,19.2,29.0,20.1,100,0.00,380.0
2024-05-15T19:00,26.9,62,19.0,27.6,17.7,100,0.00,131.0
2024-05-15T20:00,26.0,64,18.6,26.7,17.4,100,0.00,70.0
2024-05-15T21:00,25.2,65,18.1,25.8,16.6,100,0.00,2.0
2024-05-15T22:00,25.0,64,17.6,24.9,19.2,99,0.00,0.0
2024-05-15T23:00,25.0,63,17.3,24.2,23.0,68,0.00,0.0
2024-05-16T00:00,24.0,67,17.5,23.9,19.0,91,0.00,0.0
2024-05-16T01:00,23.9,67,17.4,24.0,17.3,100,0.00,0.0
2024-05-16T02:00,23.0,69,16.9,23.5,12.8,100,0.00,0.0
2024-05-16T03:00,21.9,79,18.0,23.0,12.5,92,1.40,0.0
2024-05-16T04:00,22.2,76,17.8,21.8,22.7,8,0.00,0.0
2024-05-16T05:00,21.0,85,18.4,22.4,11.2,26,0.00,0.0
2024-05-16T06:00,20.2,88,18.2,21.9,9.2,57,0.00,0.0
2024-05-16T07:00,20.2,86,17.9,21.5,10.6,95,0.00,7.0
2024-05-16T08:00,21.9,75,17.3,22.8,11.4,100,0.00,34.0
2024-05-16T09:00,22.0,79,18.2,22.5,16.9,100,0.10,116.0
2024-05-16T10:00,21.5,83,18.4,22.4,14.6,100,0.40,31.0
2024-05-16T11:00,19.3,91,17.9,19.2,20.2,100,0.70,96.0
2024-05-16T12:00,20.0,86,17.5,19.7,20.2,100,1.10,85.0
2024-05-16T13:00,20.0,82,16.9,17.7,32.4,100,2.90,119.0
2024-05-16T14:00,21.2,83,18.1,23.3,5.9,100,0.10,189.0
2024-05-16T15:00,22.4,78,18.4,23.4,14.3,100,0.00,267.0
2024-05-16T16:00,23.8,69,17.8,26.2,2.6,100,0.00,290.0
2024-05-16T17:00,23.2,81,19.7,24.8,14.7,100,0.00,262.0
2024-05-16T18:00,23.7,76,19.3,25.5,11.7,100,0.00,281.0
2024-05-16T19:00,23.6,73,18.5,25.4,9.7,52,0.00,205.0
2024-05-16T20:00,20.5,89,18.5,22.6,7.6,98,0.20,70.0
2024-05-16T21:00,19.6,91,18.1,21.6,6.9,100,0.50,2.0
2024-05-16T22:00,19.3,87,17.0,20.3,9.8,100,0.00,0.0
2024-05-16T23:00,18.8,88,16.7,19.7,10.2,98,0.00,0.0
2024-05-17T00:00,18.5,88,16.5,19.6,8.4,85,0.00,0.0
2024-05-17T01:00,17.9,90,16.2,18.6,10.2,100,0.00,0.0
2024-05-17T02:00,17.5,90,15.8,18.1,9.5,3,0.00,0.0
2024-05-17T03:00,17.0,91,15.4,17.6,8.8,0,0.00,0.0
2024-05-17T04:00,16.8,91,15.2,17.0,10.5,0,0.00,0.0
2024-05-17T05:00,16.7,90,15.1,16.7,11.7,0,0.00,0.0
2024-05-17T06:00,16.5,91,15.0,16.6,10.8,0,0.00,0.0
2024-05-17T07:00,16.6,91,15.1,17.0,8.8,1,0.00,10.0
2024-05-17T08:00,18.2,88,16.2,19.4,7.0,2,0.00,127.0
2024-05-17T09:00,20.0,83,17.0,21.6,5.9,11,0.00,322.0
2024-05-17T10:00,21.9,76,17.5,23.7,6.5,18,0.00,498.0
2024-05-17T11:00,24.1,67,17.6,25.7,12.6,22,0.00,663.0
2024-05-17T12:00,25.5,61,17.5,26.3,18.7,26,0.00,741.0
2024-05-17T13:00,26.3,59,17.6,28.0,17.6,37,0.20,853.0
2024-05-17T14:00,26.8,61,18.5,29.3,13.9,37,0.10,808.0
2024-05-17T15:00,26.2,65,19.2,29.5,11.2,56,0.20,803.0
2024-05-17T16:00,23.8,72,18.5,25.4,10.4,79,1.60,564.0
2024-05-17T17:00,23.9,71,18.4,25.6,9.7,45,0.10,451.0
2024-05-17T18:00,24.4,69,18.2,26.4,6.6,32,0.00,404.0
2024-05-17T19:00,24.2,70,18.4,26.3,6.5,26,0.00,231.0
2024-05-17T20:00,22.0,86,19.6,24.5,8.6,97,0.20,69.0
2024-05-17T21:00,20.3,92,19.0,22.9,5.4,67,0.00,3.0
2024-05-17T22:00,19.2,93,18.1,21.4,5.4,46,0.00,0.0
2024-05-17T23:00,18.5,93,17.4,20.2,6.6,42,0.00,0.0
2024-05-18T00:00,18.2,93,17.1,19.9,5.5,45,0.00,0.0
2024-05-18T01:00,17.9,94,16.8,19.3,6.8,50,0.00,0.0
2024-05-18T02:00,17.6,94,16.6,19.0,6.4,0,0.00,0.0
2024-05-18T03:00,17.5,95,16.7,18.7,7.6,0,0.00,0.0
2024-05-18T04:00,17.0,97,16.5,18.1,8.2,0,0.00,0.0
2024-05-18T05:00,17.4,97,16.9,18.7,7.6,0,0.00,0.0
2024-05-18T06:00,17.8,94,16.8,19.0,7.6,0,0.00,0.0
2024-05-18T07:00,18.1,94,17.1,19.7,6.5,0,0.00,10.0
2024-05-18T08:00,20.9,91,19.3,22.7,11.6,0,0.00,133.0
2024-05-18T09:00,22.8,87,20.5,25.2,11.5,0,0.00,331.0
2024-05-18T10:00,24.7,83,21.6,28.0,9.9,0,0.00,536.0
2024-05-18T11:00,26.5,78,22.3,30.9,11.2,0,0.00,716.0
2024-05-18T12:00,28.1,70,22.1,33.1,11.5,0,0.00,856.0
2024-05-18T13:00,29.4,60,20.9,34.3,11.3,15,0.00,943.0
2024-05-18T14:00,30.0,56,20.2,34.4,11.4,5,0.00,912.0
2024-05-18T15:00,30.6,53,19.9,34.9,11.3,0,0.00,927.0
2024-05-18T16:00,30.9,52,19.8,34.7,10.8,0,0.00,836.0
2024-05-18T17:00,30.8,52,19.9,33.7,11.2,0,0.00,685.0
2024-05-18T18:00,30.5,55,20.4,32.9,11.2,2,0.00,496.0
2024-05-18T19:00,29.2,64,21.7,32.4,11.2,0,0.00,290.0
2024-05-18T20:00,27.3,73,22.0,31.2,6.9,5,0.00,100.0
2024-05-18T21:00,25.5,79,21.5,28.6,10.3,0,0.00,4.0
2024-05-18T22:00,24.5,81,21.0,27.2,11.9,0,0.00,0.0
2024-05-18T23:00,24.0,80,20.5,26.4,12.2,0,0.00,0.0
2024-05-19T00:00,23.4,83,20.3,25.6,11.9,0,0.00,0.0
2024-05-19T01:00,22.7,87,20.4,24.9,12.6,0,0.00,0.0
2024-05-19T02:00,22.2,89,20.4,24.5,12.2,0,0.00,0.0
2024-05-19T03:00,21.8,90,20.0,24.1,10.5,0,0.00,0.0
2024-05-19T04:00,21.4,90,19.6,23.6,9.4,0,0.00,0.0
2024-05-19T05:00,21.1,89,19.1,23.0,10.6,0,0.00,0.0
2024-05-19T06:00,20.9,89,19.0,22.8,10.5,0,0.00,0.0
2024-05-19T07:00,21.0,89,19.2,23.0,10.7,0,0.00,11.0
2024-05-19T08:00,23.5,89,21.6,26.7,10.7,0,0.00,130.0
2024-05-19T09:00,25.2,86,22.6,28.8,11.4,0,0.00,324.0
2024-05-19T10:00,26.8,81,23.2,30.3,14.6,0,0.00,523.0
2024-05-19T11:00,28.4,72,22.8,31.9,17.7,0,0.00,702.0
2024-05-19T12:00,29.5,66,22.6,33.3,19.6,0,0.00,840.0
2024-05-19T13:00,30.2,64,22.7,34.2,21.6,6,0.00,925.0
2024-05-19T14:00,30.9,60,22.2,34.5,22.1,8,0.00,932.0
2024-05-19T15:00,31.1,60,22.3,34.6,22.5,6,0.00,909.0
2024-05-19T16:00,31.2,59,22.1,34.1,23.3,10,0.00,818.0
2024-05-19T17:00,30.8,59,22.0,32.8,24.0,17,0.00,672.0
2024-05-19T18:00,30.0,61,21.8,31.1,25.3,49,0.00,489.0
2024-05-19T19:00,29.1,66,22.1,31.0,21.5,3,0.00,250.0
2024-05-19T20:00,28.1,66,21.2,30.1,17.3,46,0.00,101.0
2024-05-19T21:00,26.9,70,20.9,28.7,16.8,0,0.00,4.0
2024-05-19T22:00,26.0,73,20.8,27.9,15.7,0,0.00,0.0
2024-05-19T23:00,25.4,75,20.6,26.9,18.6,0,0.00,0.0
2024-05-20T00:00,25.0,75,20.4,26.3,18.8,0,0.00,0.0
2024-05-20T01:00,24.5,74,19.5,25.6,18.1,0,0.00,0.0
2024-05-20T02:00,24.1,73,19.1,24.8,19.0,0,0.00,0.0
2024-05-20T03:00,23.8,74,18.9,24.0,21.3,0,0.00,0.0
2024-05-20T04:00,23.5,76,18.9,23.9,19.7,0,0.00,0.0
2024-05-20T05:00,23.0,79,19.1,23.6,19.5,0,0.00,0.0
2024-05-20T06:00,22.5,81,19.1,23.7,15.5,20,0.00,0.0
2024-05-20T07:00,22.4,81,19.0,23.7,13.6,36,0.00,11.0
2024-05-20T08:00,23.5,72,18.2,23.7,19.3,0,0.00,137.0
2024-05-20T09:00,24.7,70,18.8,25.0,20.2,0,0.00,336.0
2024-05-20T10:00,26.0,65,19.0,26.2,22.0,0,0.00,542.0
2024-05-20T11:00,27.5,61,19.4,28.5,23.0,0,0.00,726.0
2024-05-20T12:00,28.6,58,19.5,30.3,24.0,0,0.00,868.0
2024-05-20T13:00,29.6,55,19.6,31.4,25.3,0,0.00,955.0
2024-05-20T14:00,30.2,55,20.1,32.2,26.6,0,0.00,980.0
2024-05-20T15:00,30.6,57,21.2,32.9,26.7,0,0.00,942.0
2024-05-20T16:00,30.6,59,21.6,32.7,26.9,1,0.00,844.0
2024-05-20T17:00,30.5,59,21.6,31.8,27.0,0,0.00,693.0
2024-05-20T18:00,29.9,62,21.9,30.9,26.2,15,0.00,507.0
2024-05-20T19:00,29.0,65,21.8,30.6,22.0,100,0.00,299.0
2024-05-20T20:00,28.0,67,21.3,30.0,17.7,100,0.00,104.0
2024-05-20T21:00,27.0,70,21.0,28.7,18.8,97,0.00,4.0
2024-05-20T22:00,26.3,73,21.0,27.9,19.0,97,0.00,0.0
2024-05-20T23:00,25.9,74,20.9,27.2,20.5,100,0.00,0.0
2024-05-21T00:00,25.8,72,20.4,26.6,21.9,60,0.00,0.0
2024-05-21T01:00,25.6,70,19.8,25.9,23.6,93,0.00,0.0
2024-05-21T02:00,25.0,74,20.0,25.3,23.6,79,0.00,0.0
2024-05-21T03:00,24.1,81,20.7,24.9,23.6,98,0.00,0.0
2024-05-21T04:00,23.5,86,21.0,24.7,22.0,94,0.00,0.0
2024-05-21T05:00,23.0,87,20.7,24.1,22.0,93,0.00,0.0
2024-05-21T06:00,22.5,91,21.0,23.3,23.8,100,0.00,0.0
2024-05-21T07:00,23.0,92,21.6,24.2,23.8,100,0.00,8.0
2024-05-21T08:00,24.3,85,21.7,24.9,28.7,98,0.10,64.0
2024-05-21T09:00,25.8,77,21.5,25.4,34.4,94,0.00,242.0
2024-05-21T10:00,27.3,70,21.2,27.3,30.6,100,0.00,404.0
2024-05-21T11:00,27.6,70,21.7,30.0,16.2,96,0.00,317.0
2024-05-21T12:00,29.6,64,22.1,31.2,27.7,100,0.00,696.0
2024-05-21T13:00,30.2,61,22.0,31.4,26.9,100,0.00,582.0
2024-05-21T14:00,31.0,59,22.0,32.6,25.4,92,0.00,628.0
2024-05-21T15:00,30.3,62,22.3,32.2,23.0,63,0.10,586.0
2024-05-21T16:00,31.2,58,22.0,33.4,22.3,49,0.00,660.0
2024-05-21T17:00,31.4,57,21.9,33.5,18.8,84,0.00,490.0
2024-05-21T18:00,29.6,66,22.6,34.1,5.8,24,0.00,296.0
2024-05-21T19:00,30.0,69,23.7,34.7,8.5,34,0.00,255.0
2024-05-21T20:00,28.5,78,24.4,33.1,12.1,99,0.00,88.0
2024-05-21T21:00,27.0,87,24.7,31.6,13.5,99,0.00,4.0
2024-05-21T22:00,26.8,86,24.2,30.8,15.4,96,0.00,0.0
2024-05-21T23:00,26.9,83,23.9,30.7,15.1,99,0.00,0.0
2024-05-22T00:00,26.5,86,24.0,30.5,15.0,99,0.00,0.0
2024-05-22T01:00,26.8,80,23.0,29.2,20.5,96,0.00,0.0
2024-05-22T02:00,26.1,81,22.6,28.4,20.5,100,0.00,0.0
2024-05-22T03:00,25.6,83,22.5,27.9,20.2,100,0.00,0.0
2024-05-22T04:00,25.1,85,22.5,27.7,18.4,97,0.00,0.0
2024-05-22T05:00,24.7,88,22.5,27.5,16.6,56,0.00,0.0
2024-05-22T06:00,24.2,91,22.6,27.1,16.6,18,0.00,0.0
2024-05-22T07:00,24.2,92,22.9,27.0,18.0,100,0.00,12.0
2024-05-22T08:00,26.0,86,23.6,28.8,21.1,100,0.00,88.0
2024-05-22T09:00,27.3,80,23.5,29.2,26.8,100,0.00,205.0
2024-05-22T10:00,28.5,75,23.6,30.3,27.1,100,0.00,359.0
2024-05-22T11:00,29.0,72,23.6,31.3,24.5,57,0.10,421.0
2024-05-22T12:00,29.1,69,22.8,31.4,22.5,100,1.00,592.0
2024-05-22T13:00,21.9,94,20.8,23.3,19.1,100,14.20,153.0
2024-05-22T14:00,22.6,89,20.7,25.3,10.5,100,2.70,57.0
2024-05-22T15:00,24.2,82,20.9,27.7,5.2,100,0.00,377.0
2024-05-22T16:00,24.5,80,21.0,27.7,8.1,100,0.00,249.0
2024-05-22T17:00,25.5,77,21.1,28.4,10.7,100,0.00,354.0
2024-05-22T18:00,25.9,76,21.4,29.2,9.0,95,0.00,327.0
2024-05-22T19:00,25.6,78,21.6,29.3,7.0,32,0.00,246.0
2024-05-22T20:00,23.4,91,21.9,26.0,15.7,100,0.10,23.0
2024-05-22T21:00,23.4,95,22.5,26.1,16.6,100,0.00,1.0
2024-05-22T22:00,23.4,95,22.5,26.3,15.0,100,0.00,0.0
2024-05-22T23:00,23.3,96,22.5,26.8,12.0,100,0.00,0.0
2024-05-23T00:00,23.4,94,22.2,26.8,11.2,86,0.00,0.0
2024-05-23T01:00,23.0,94,22.0,26.2,11.7,8,0.00,0.0
2024-05-23T02:00,22.8,94,21.8,26.1,10.0,18,0.00,0.0
2024-05-23T03:00,22.4,94,21.4,26.0,6.8,100,0.00,0.0
2024-05-23T04:00,23.0,93,21.9,27.2,5.1,100,0.00,0.0
2024-05-23T05:00,23.2,94,22.1,26.6,10.8,36,0.00,0.0
2024-05-23T06:00,23.0,94,22.0,26.5,9.5,71,0.00,0.0
2024-05-23T07:00,23.0,94,22.0,26.8,8.0,98,0.00,9.0
2024-05-23T08:00,23.9,94,22.8,27.1,15.3,100,0.20,24.0
2024-05-23T09:00,24.8,90,23.0,27.1,21.6,100,0.10,120.0
2024-05-23T10:00,25.9,85,23.1,28.8,18.2,22,0.20,158.0
2024-05-23T11:00,28.3,73,23.0,30.6,22.0,75,0.00,543.0
2024-05-23T12:00,28.5,73,23.1,30.4,25.2,42,0.00,533.0
2024-05-23T13:00,29.5,68,23.1,32.7,24.0,61,0.00,776.0
2024-05-23T14:00,30.0,66,23.0,33.3,22.1,33,0.00,756.0
2024-05-23T15:00,30.0,65,22.6,33.2,23.4,41,0.00,827.0
2024-05-23T16:00,29.9,64,22.3,32.3,23.4,61,0.00,703.0
2024-05-23T17:00,29.0,65,21.9,30.6,23.4,34,0.30,565.0
2024-05-23T18:00,28.4,73,23.1,30.7,22.2,32,0.30,405.0
2024-05-23T19:00,27.6,75,22.9,29.9,21.6,48,0.70,239.0
2024-05-23T20:00,25.0,77,20.8,27.1,15.0,56,0.00,46.0
2024-05-23T21:00,24.4,80,20.6,27.5,7.3,42,0.10,4.0
2024-05-23T22:00,24.2,83,21.1,26.1,17.3,28,0.10,0.0
2024-05-23T23:00,24.1,81,20.6,24.8,23.7,12,0.00,0.0
2024-05-24T00:00,24.6,85,21.9,26.4,21.1,4,0.00,0.0
2024-05-24T01:00,24.8,85,22.1,27.0,19.0,1,0.00,0.0
2024-05-24T02:00,24.4,85,21.8,27.2,13.6,18,0.00,0.0
2024-05-24T03:00,24.0,86,21.5,26.5,14.5,43,0.00,0.0
2024-05-24T04:00,23.5,87,21.2,25.5,17.3,14,0.00,0.0
2024-05-24T05:00,23.2,87,21.0,25.0,17.7,3,0.00,0.0
2024-05-24T06:00,22.9,89,21.0,24.4,19.9,10,0.00,0.0
2024-05-24T07:00,23.0,91,21.4,24.6,20.5,12,0.00,13.0
2024-05-24T08:00,24.9,83,21.7,26.0,24.8,11,0.00,132.0
2024-05-24T09:00,26.0,78,21.9,26.9,27.4,100,0.00,323.0
2024-05-24T10:00,27.5,74,22.4,28.7,26.6,97,0.00,409.0
2024-05-24T11:00,28.8,68,22.2,29.8,27.3,88,0.00,455.0
2024-05-24T12:00,29.9,67,23.1,32.0,26.8,100,0.00,656.0
2024-05-24T13:00,31.4,63,23.5,35.4,22.9,85,0.00,877.0
2024-05-24T14:00,32.0,65,24.5,37.0,23.1,50,0.10,972.0
2024-05-24T15:00,30.0,68,23.5,33.4,24.3,69,2.60,801.0
2024-05-24T16:00,28.6,74,23.6,32.3,15.3,29,0.00,483.0
2024-05-24T17:00,29.5,77,25.0,34.1,16.8,18,0.00,613.0
2024-05-24T18:00,29.2,78,25.0,33.5,17.1,17,0.00,429.0
2024-05-24T19:00,28.8,78,24.6,33.1,14.7,7,0.00,274.0
2024-05-24T20:00,25.9,87,23.5,30.0,11.2,1,0.00,103.0
2024-05-24T21:00,24.6,91,23.0,28.6,10.6,5,0.00,5.0
2024-05-24T22:00,23.9,93,22.6,28.6,4.3,0,0.00,0.0
2024-05-24T23:00,23.8,92,22.5,27.9,7.7,0,0.00,0.0
2024-05-25T00:00,23.4,93,22.2,27.3,8.2,3,0.00,0.0
2024-05-25T01:00,23.0,94,22.0,26.7,8.6,4,0.00,0.0
2024-05-25T02:00,22.9,95,22.1,26.9,7.0,17,0.00,0.0
2024-05-25T03:00,23.0,96,22.3,26.8,8.9,1,0.00,0.0
2024-05-25T04:00,22.7,95,21.9,26.6,6.8,0,0.00,0.0
2024-05-25T05:00,21.6,96,21.0,24.7,8.5,6,0.00,0.0
2024-05-25T06:00,22.5,95,21.5,26.3,5.5,10,0.00,0.0
2024-05-25T07:00,22.2,96,21.6,26.3,4.4,6,0.00,13.0
2024-05-25T08:00,23.2,92,21.9,26.7,9.0,100,0.00,139.0
2024-05-25T09:00,25.0,87,22.6,28.5,12.1,100,0.00,206.0
2024-05-25T10:00,25.8,86,23.2,29.3,14.3,100,0.00,184.0
2024-05-25T11:00,27.4,80,23.6,31.2,14.1,100,0.00,286.0
2024-05-25T12:00,29.6,74,24.5,33.7,16.2,100,0.00,497.0
2024-05-25T13:00,31.0,69,24.8,35.4,19.1,100,0.00,659.0
2024-05-25T14:00,31.9,66,24.8,36.0,20.2,100,0.00,652.0
2024-05-25T15:00,32.5,63,24.6,36.4,23.2,75,0.00,718.0
2024-05-25T16:00,32.7,62,24.4,35.6,26.0,72,0.00,641.0
2024-05-25T17:00,32.5,63,24.5,35.3,24.2,62,0.00,476.0
2024-05-25T18:00,32.2,64,24.5,35.9,18.4,41,0.00,390.0
2024-05-25T19:00,31.5,66,24.4,35.2,18.4,7,0.00,249.0
2024-05-25T20:00,26.2,82,22.9,27.5,28.4,100,0.00,53.0
2024-05-25T21:00,25.5,86,22.9,29.0,12.7,99,6.60,2.0
2024-05-25T22:00,23.0,94,22.0,25.2,18.4,82,9.80,0.0
2024-05-25T23:00,27.0,85,24.4,29.0,30.1,2,0.00,0.0
2024-05-26T00:00,27.5,72,22.0,27.8,32.4,0,0.00,0.0
2024-05-26T01:00,27.0,68,20.5,26.5,31.1,18,0.00,0.0
2024-05-26T02:00,26.5,63,18.9,25.6,28.9,0,0.00,0.0
2024-05-26T03:00,26.0,62,18.2,25.0,27.8,0,0.00,0.0
2024-05-26T04:00,25.5,65,18.5,24.9,25.8,0,0.00,0.0
2024-05-26T05:00,25.1,69,19.0,24.6,26.7,0,0.00,0.0
2024-05-26T06:00,24.7,74,19.8,24.8,25.0,1,0.00,0.0
2024-05-26T07:00,24.9,77,20.5,25.9,21.3,13,0.00,13.0
2024-05-26T08:00,26.4,61,18.4,25.5,27.3,0,0.00,146.0
2024-05-26T09:00,27.6,66,20.8,28.3,24.7,0,0.00,342.0
2024-05-26T10:00,29.0,68,22.5,30.0,28.7,0,0.00,547.0
2024-05-26T11:00,30.8,63,23.0,32.7,29.1,0,0.00,726.0
2024-05-26T12:00,32.5,59,23.5,35.3,30.2,0,0.00,866.0
2024-05-26T13:00,33.9,53,22.9,36.7,29.6,0,0.00,952.0
2024-05-26T14:00,34.8,47,21.8,37.7,26.5,0,0.00,973.0
2024-05-26T15:00,35.5,42,20.5,38.0,23.0,0,0.00,935.0
2024-05-26T16:00,35.8,37,19.0,37.6,20.6,0,0.00,840.0
2024-05-26T17:00,35.8,36,18.5,37.4,15.7,0,0.00,701.0
2024-05-26T18:00,34.7,38,18.4,36.0,12.1,0,0.00,521.0
2024-05-26T19:00,32.3,45,18.7,33.9,10.9,0,0.00,324.0
2024-05-26T20:00,30.0,66,22.9,34.3,7.6,0,0.00,118.0
2024-05-26T21:00,27.5,74,22.4,31.7,6.0,0,0.00,7.0
2024-05-26T22:00,27.5,50,16.1,27.8,12.4,0,0.00,0.0
2024-05-26T23:00,25.7,52,15.1,26.1,9.3,0,0.00,0.0
2024-05-27T00:00,23.5,67,17.0,24.4,10.4,0,0.00,0.0
2024-05-27T01:00,23.6,62,15.9,24.4,8.4,0,0.00,0.0
2024-05-27T02:00,23.5,67,17.1,24.6,9.8,0,0.00,0.0
2024-05-27T03:00,22.5,79,18.7,24.4,9.0,0,0.00,0.0
2024-05-27T04:00,21.4,84,18.6,23.6,6.5,0,0.00,0.0
2024-05-27T05:00,20.5,90,18.8,22.2,10.7,0,0.00,0.0
2024-05-27T06:00,20.5,94,19.5,22.6,10.1,0,0.00,0.0
2024-05-27T07:00,21.7,95,20.8,25.3,4.6,0,0.00,15.0
2024-05-27T08:00,24.6,88,22.4,28.9,6.1,95,0.00,73.0
2024-05-27T09:00,26.7,89,24.8,32.1,7.8,57,0.00,231.0
2024-05-27T10:00,27.6,87,25.2,32.3,15.1,94,0.00,416.0
2024-05-27T11:00,28.6,80,24.8,33.8,12.5,13,0.00,628.0
2024-05-27T12:00,30.2,74,25.0,37.0,10.7,1,0.00,825.0
2024-05-27T13:00,31.9,63,24.0,38.0,14.6,5,0.00,940.0
2024-05-27T14:00,32.4,56,22.5,37.2,16.7,15,0.00,933.0
2024-05-27T15:00,31.6,59,22.7,36.2,16.8,57,0.90,886.0
2024-05-27T16:00,31.2,65,24.0,35.9,10.5,24,0.00,584.0
2024-05-27T17:00,30.8,68,24.1,35.5,10.5,59,0.20,536.0
2024-05-27T18:00,29.5,71,23.8,34.2,8.6,14,0.70,361.0
2024-05-27T19:00,30.1,72,24.4,35.2,8.4,3,0.00,266.0
2024-05-27T20:00,25.2,86,22.6,29.2,8.4,20,0.70,100.0
2024-05-27T21:00,24.9,90,23.1,29.9,3.9,62,0.00,6.0
2024-05-27T22:00,25.1,87,22.8,29.3,8.3,25,0.00,0.0
2024-05-27T23:00,25.1,89,23.2,29.4,9.4,15,0.00,0.0
2024-05-28T00:00,24.8,91,23.1,28.6,11.5,62,0.00,0.0
2024-05-28T01:00,24.8,88,22.6,28.3,12.4,92,0.00,0.0
2024-05-28T02:00,24.2,87,21.9,27.9,8.1,77,0.00,0.0
2024-05-28T03:00,23.8,87,21.5,26.9,10.2,38,0.00,0.0
2024-05-28T04:00,23.6,86,21.1,26.4,11.7,10,0.00,0.0
2024-05-28T05:00,23.2,87,21.0,26.0,10.9,14,0.00,0.0
2024-05-28T06:00,23.0,87,20.8,25.9,9.2,100,0.00,0.0
2024-05-28T07:00,21.6,91,20.1,22.4,21.6,99,7.70,4.0
2024-05-28T08:00,20.9,89,19.0,20.4,27.1,100,0.60,16.0
2024-05-28T09:00,20.0,81,16.6,17.5,32.6,100,0.90,39.0
2024-05-28T10:00,19.9,86,17.4,19.2,22.7,100,6.60,66.0
2024-05-28T11:00,19.6,84,16.8,18.2,26.0,97,2.20,58.0
2024-05-28T12:00,23.1,76,18.8,22.7,25.4,71,0.10,557.0
2024-05-28T13:00,25.1,71,19.5,27.4,14.6,100,0.40,698.0
2024-05-28T14:00,24.5,71,19.0,25.7,15.3,85,0.00,350.0
2024-05-28T15:00,27.2,65,20.1,29.9,19.2,16,0.00,857.0
2024-05-28T16:00,28.2,63,20.4,31.8,13.1,79,0.00,808.0
2024-05-28T17:00,28.1,66,21.2,31.1,14.8,51,0.00,662.0
2024-05-28T18:00,27.4,71,21.6,29.9,15.2,89,0.00,502.0
2024-05-28T19:00,26.8,73,21.6,29.2,15.5,79,0.00,286.0
2024-05-28T20:00,23.8,75,19.0,24.9,15.4,15,0.00,117.0
2024-05-28T21:00,22.3,80,18.7,23.8,12.0,99,0.00,7.0
2024-05-28T22:00,20.9,89,19.0,23.1,7.6,100,0.00,0.0
2024-05-28T23:00,21.7,84,19.0,23.5,10.3,100,0.00,0.0
2024-05-29T00:00,21.4,86,19.0,23.3,9.5,100,0.00,0.0
2024-05-29T01:00,20.5,92,19.1,23.5,2.9,100,0.00,0.0
2024-05-29T02:00,20.6,90,19.0,22.0,13.7,100,0.00,0.0
2024-05-29T03:00,20.5,89,18.5,22.7,6.1,100,0.00,0.0
2024-05-29T04:00,19.5,93,18.4,21.7,6.4,34,0.00,0.0
2024-05-29T05:00,19.4,93,18.2,21.2,8.6,17,0.00,0.0
2024-05-29T06:00,19.5,94,18.5,21.0,10.9,1,0.00,0.0
2024-05-29T07:00,19.5,93,18.4,21.3,9.3,3,0.00,14.0
2024-05-29T08:00,21.2,86,18.8,23.9,4.1,9,0.00,128.0
2024-05-29T09:00,22.5,82,19.2,24.9,7.4,53,0.00,313.0
2024-05-29T10:00,24.0,76,19.5,26.2,10.0,61,0.00,483.0
2024-05-29T11:00,25.5,70,19.6,28.9,7.6,34,0.00,690.0
2024-05-29T12:00,26.5,67,20.0,30.2,11.7,8,0.00,825.0
2024-05-29T13:00,27.7,63,20.0,32.1,10.5,15,0.00,909.0
2024-05-29T14:00,28.5,60,20.1,33.6,8.9,10,0.00,958.0
2024-05-29T15:00,29.1,58,20.1,34.6,5.4,24,0.00,919.0
2024-05-29T16:00,29.3,58,20.1,33.9,6.9,35,0.00,831.0
2024-05-29T17:00,28.5,60,20.1,31.6,9.7,40,0.10,647.0
2024-05-29T18:00,27.9,64,20.4,30.2,11.8,49,0.10,441.0
2024-05-29T19:00,27.1,67,20.5,30.0,8.4,45,0.00,271.0
2024-05-29T20:00,26.7,69,20.6,29.7,8.0,39,0.00,105.0
2024-05-29T21:00,25.2,73,20.0,28.0,8.0,1,0.00,7.0
2024-05-29T22:00,24.2,78,20.1,26.8,9.0,0,0.00,0.0
2024-05-29T23:00,23.4,85,20.8,26.2,9.9,0,0.00,0.0
2024-05-30T00:00,23.0,87,20.7,25.6,10.8,9,0.00,0.0
2024-05-30T01:00,22.7,87,20.5,25.5,9.0,22,0.00,0.0
2024-05-30T02:00,21.9,91,20.4,25.1,6.1,27,0.00,0.0
2024-05-30T03:00,22.0,92,20.7,24.4,13.1,79,0.00,0.0
2024-05-30T04:00,21.8,95,21.0,24.8,9.7,100,0.00,0.0
2024-05-30T05:00,21.5,96,20.9,24.3,10.5,100,0.00,0.0
2024-05-30T06:00,21.4,97,20.8,24.0,11.0,100,0.00,0.0
2024-05-30T07:00,21.8,95,20.9,24.5,10.5,100,0.00,10.0
2024-05-30T08:00,21.9,91,20.3,24.5,9.6,100,7.80,25.0
2024-05-30T09:00,22.0,90,20.1,25.2,4.6,100,0.20,30.0
2024-05-30T10:00,21.5,92,20.1,24.5,6.1,100,8.30,134.0
2024-05-30T11:00,21.1,91,19.6,21.6,21.9,100,1.00,73.0
2024-05-30T12:00,22.1,89,20.3,24.6,10.9,100,0.70,307.0
2024-05-30T13:00,23.1,85,20.5,25.0,15.5,100,0.00,403.0
2024-05-30T14:00,25.4,76,20.9,29.7,11.0,100,0.00,831.0
2024-05-30T15:00,27.0,70,21.1,31.8,11.0,99,0.00,881.0
2024-05-30T16:00,27.3,71,21.5,30.9,13.2,100,0.10,713.0
2024-05-30T17:00,26.9,72,21.3,29.1,16.0,66,0.10,302.0
2024-05-30T18:00,26.7,74,21.8,28.6,19.6,81,0.00,397.0
2024-05-30T19:00,25.9,78,21.7,27.8,19.2,100,0.10,269.0
2024-05-30T20:00,24.5,77,20.4,26.6,13.9,100,0.00,52.0
2024-05-30T21:00,22.2,86,19.8,23.5,17.0,100,0.00,6.0
2024-05-30T22:00,20.6,90,19.0,20.9,21.5,99,1.20,0.0
2024-05-30T23:00,21.0,88,19.0,22.3,14.7,100,0.00,0.0
2024-05-31T00:00,21.1,89,19.2,23.8,6.1,74,0.00,0.0
2024-05-31T01:00,20.5,93,19.4,22.4,11.2,14,0.00,0.0
2024-05-31T02:00,20.7,95,19.9,23.0,10.5,96,0.00,0.0
2024-05-31T03:00,21.1,96,20.5,24.1,8.2,100,0.00,0.0
2024-05-31T04:00,21.7,96,21.0,24.9,8.1,100,0.00,0.0
2024-05-31T05:00,20.8,98,20.5,22.8,14.0,100,13.30,0.0
2024-05-31T06:00,19.9,95,19.1,20.3,21.1,100,14.60,0.0
2024-05-31T07:00,20.4,96,19.8,19.6,30.9,100,7.00,0.0
2024-05-31T08:00,20.2,94,19.2,22.3,10.0,96,0.00,64.0
2024-05-31T09:00,21.8,89,19.9,23.9,11.9,4,0.00,296.0
2024-05-31T10:00,23.6,78,19.5,24.9,16.4,46,0.00,541.0
2024-05-31T11:00,24.9,70,19.0,27.6,9.1,13,0.00,665.0
2024-05-31T12:00,26.0,65,18.8,28.9,10.2,93,0.00,749.0
2024-05-31T13:00,26.2,64,19.0,28.8,12.1,95,0.00,727.0
2024-05-31T14:00,26.6,64,19.2,29.7,11.4,49,0.00,774.0
2024-05-31T15:00,27.4,59,18.8,31.6,5.4,98,0.00,825.0
2024-05-31T16:00,27.4,59,18.6,29.8,4.8,21,0.00,532.0
2024-05-31T17:00,27.9,56,18.5,30.7,2.2,52,0.00,536.0
2024-05-31T18:00,28.0,55,18.1,30.6,2.3,27,0.00,423.0
2024-05-31T19:00,27.6,56,18.2,30.4,1.8,61,0.00,275.0
2024-05-31T20:00,25.8,75,21.0,29.4,5.1,5,0.00,117.0
2024-05-31T21:00,23.5,78,19.5,26.0,8.0,6,0.00,8.0
2024-05-31T22:00,22.6,81,19.3,25.1,7.3,0,0.00,0.0
2024-05-31T23:00,22.6,82,19.4,24.9,8.9,0,0.00,0.0
2024-06-01T00:00,21.8,86,19.3,24.2,7.2,0,0.00,0.0
2024-06-01T01:00,20.4,92,19.0,22.4,9.7,0,0.00,0.0
2024-06-01T02:00,21.5,86,19.1,24.0,6.2,0,0.00,0.0
2024-06-01T03:00,20.5,90,18.9,23.0,6.1,1,0.00,0.0
2024-06-01T04:00,19.7,95,18.8,21.8,8.2,96,0.00,0.0
2024-06-01T05:00,19.6,94,18.7,21.7,8.4,100,0.00,0.0
2024-06-01T06:00,20.0,92,18.7,22.3,6.9,100,0.00,0.0
2024-06-01T07:00,20.3,93,19.2,23.2,3.8,99,0.00,14.0
2024-06-01T08:00,22.0,87,19.8,24.0,11.2,100,0.00,112.0
2024-06-01T09:00,23.4,84,20.4,25.9,10.5,100,0.00,236.0
2024-06-01T10:00,23.3,83,20.2,26.2,7.3,71,0.50,174.0
2024-06-01T11:00,22.8,86,20.2,25.5,8.7,49,6.10,355.0
2024-06-01T12:00,23.6,78,19.6,27.2,2.6,55,6.40,594.0
2024-06-01T13:00,24.9,74,20.0,27.9,9.5,28,4.00,634.0
2024-06-01T14:00,26.8,71,21.0,29.8,16.8,24,0.00,771.0
2024-06-01T15:00,27.2,70,21.1,31.1,15.8,17,0.00,888.0
2024-06-01T16:00,27.3,68,20.8,30.7,12.1,18,0.00,708.0
2024-06-01T17:00,27.9,66,21.0,30.8,12.7,10,0.00,637.0
2024-06-01T18:00,28.0,66,21.0,31.0,9.5,55,0.00,491.0
2024-06-01T19:00,27.5,68,21.0,30.8,7.7,18,0.00,302.0
2024-06-01T20:00,24.7,79,20.9,27.4,10.9,22,0.00,116.0
2024-06-01T21:00,23.4,85,20.6,26.0,10.1,9,0.00,9.0
2024-06-01T22:00,22.8,88,20.8,25.6,9.9,58,0.00,0.0
2024-06-01T23:00,22.1,91,20.6,25.2,7.3,96,0.00,0.0
2024-06-02T00:00,21.5,94,20.4,24.4,7.4,2,0.00,0.0
2024-06-02T01:00,20.9,95,20.0,23.8,6.6,0,0.00,0.0
2024-06-02T02:00,20.8,95,20.0,23.2,9.4,98,0.00,0.0
2024-06-02T03:00,20.9,94,20.0,23.4,9.3,0,0.00,0.0
2024-06-02T04:00,20.1,96,19.5,22.5,8.4,0,0.00,0.0
2024-06-02T05:00,20.1,97,19.5,22.6,7.6,0,0.00,0.0
2024-06-02T06:00,20.0,97,19.5,22.7,6.9,18,0.00,0.0
2024-06-02T07:00,20.9,96,20.2,23.8,7.8,0,0.00,16.0
2024-06-02T08:00,23.5,92,22.2,26.8,12.8,100,0.00,59.0
2024-06-02T09:00,24.2,91,22.7,27.6,13.8,100,0.00,128.0
2024-06-02T10:00,25.5,87,23.1,28.7,16.0,100,0.00,251.0
2024-06-02T11:00,27.0,81,23.5,30.7,14.0,53,0.20,379.0
2024-06-02T12:00,26.9,81,23.2,29.9,21.4,88,0.60,662.0
2024-06-02T13:00,27.2,80,23.4,30.7,18.3,76,0.10,630.0
2024-06-02T14:00,28.8,73,23.5,33.2,16.6,83,0.00,751.0
2024-06-02T15:00,28.9,70,22.9,31.9,19.1,100,0.50,639.0
2024-06-02T16:00,27.8,73,22.5,30.1,19.2,100,0.70,546.0
2024-06-02T17:00,27.2,78,23.1,30.2,18.4,98,0.00,202.0
2024-06-02T18:00,25.7,80,22.0,28.8,12.4,90,0.00,234.0
2024-06-02T19:00,25.4,81,22.0,28.2,14.4,99,0.00,216.0
2024-06-02T20:00,24.5,86,22.0,27.4,13.5,100,0.00,107.0
2024-06-02T21:00,23.5,90,21.8,26.0,15.6,100,0.00,6.0
2024-06-02T22:00,23.0,92,21.6,25.1,18.1,100,0.00,0.0
2024-06-02T23:00,22.8,94,21.8,24.4,21.7,100,0.00,0.0
2024-06-03T00:00,22.6,95,21.8,24.3,21.1,100,0.00,0.0
2024-06-03T01:00,23.2,93,22.0,25.0,21.4,99,0.00,0.0
2024-06-03T02:00,23.2,94,22.2,25.5,19.1,66,0.00,0.0
2024-06-03T03:00,23.5,92,22.1,25.8,18.6,16,0.00,0.0
2024-06-03T04:00,23.5,90,21.9,25.8,17.3,0,0.00,0.0
2024-06-03T05:00,23.1,90,21.4,25.7,14.2,2,0.00,0.0
2024-06-03T06:00,22.9,89,21.0,25.3,13.7,59,0.00,0.0
2024-06-03T07:00,23.1,89,21.1,25.3,15.3,5,0.00,15.0
2024-06-03T08:00,25.2,87,23.0,27.0,25.4,100,0.00,103.0
2024-06-03T09:00,26.0,85,23.2,28.4,22.5,93,0.10,170.0
2024-06-03T10:00,27.0,81,23.5,29.7,20.6,83,0.30,256.0
2024-06-03T11:00,27.9,79,24.0,30.4,24.1,59,0.00,500.0
2024-06-03T12:00,28.4,79,24.3,30.4,30.4,55,0.20,598.0
2024-06-03T13:00,29.8,73,24.4,32.9,29.9,91,0.20,825.0
2024-06-03T14:00,30.5,70,24.4,33.8,26.7,98,0.30,745.0
2024-06-03T15:00,30.1,73,24.8,34.4,15.9,100,0.40,485.0
2024-06-03T16:00,20.8,100,20.8,20.5,31.2,100,10.50,245.0
2024-06-03T17:00,23.0,91,21.5,25.3,16.5,100,22.30,34.0
2024-06-03T18:00,22.6,92,21.2,23.2,26.6,100,6.90,46.0
2024-06-03T19:00,22.2,91,20.7,22.3,28.6,100,0.30,14.0
2024-06-03T20:00,23.0,92,21.5,23.4,28.9,100,0.00,26.0
2024-06-03T21:00,22.3,87,20.0,21.8,29.8,100,0.10,2.0
2024-06-03T22:00,22.0,90,20.2,22.9,21.1,100,0.00,0.0
2024-06-03T23:00,22.4,91,20.8,23.2,23.5,100,0.00,0.0
2024-06-04T00:00,22.5,92,21.1,23.8,21.1,95,0.00,0.0
2024-06-04T01:00,23.1,92,21.7,24.8,21.3,50,0.00,0.0
2024-06-04T02:00,23.7,91,22.2,26.2,17.3,17,0.00,0.0
2024-06-04T03:00,23.6,92,22.2,26.3,15.9,100,0.00,0.0
2024-06-04T04:00,23.5,93,22.3,25.6,20.7,100,0.00,0.0
2024-06-04T05:00,23.6,92,22.2,26.2,17.3,100,0.00,0.0
2024-06-04T06:00,23.2,93,22.0,25.4,18.8,100,0.00,0.0
2024-06-04T07:00,23.8,91,22.3,26.0,19.9,100,0.00,6.0
2024-06-04T08:00,25.3,90,23.5,28.6,17.0,100,0.10,48.0
2024-06-04T09:00,23.4,98,23.0,25.9,20.1,100,0.80,39.0
2024-06-04T10:00,20.2,100,20.2,20.0,28.8,100,2.00,55.0
2024-06-04T11:00,23.6,90,21.9,24.1,29.7,100,0.30,115.0
2024-06-04T12:00,26.9,88,24.6,29.9,23.3,100,0.00,271.0
2024-06-04T13:00,29.0,78,24.8,31.3,29.9,99,0.10,427.0
2024-06-04T14:00,31.3,69,25.0,33.9,35.3,100,0.00,788.0
2024-06-04T15:00,31.7,68,25.1,33.8,33.1,100,0.00,595.0
2024-06-04T16:00,32.9,61,24.5,35.1,33.0,100,0.00,713.0
2024-06-04T17:00,32.7,65,25.1,35.1,29.8,97,0.00,521.0
2024-06-04T18:00,32.8,65,25.4,35.8,26.7,27,0.00,466.0
2024-06-04T19:00,32.0,69,25.5,35.7,23.4,11,0.00,310.0
2024-06-04T20:00,30.5,77,26.1,35.2,19.5,94,0.00,115.0
2024-06-04T21:00,29.6,81,26.0,34.2,19.5,68,0.00,10.0
2024-06-04T22:00,28.0,87,25.6,31.8,23.1,99,0.00,0.0
2024-06-04T23:00,27.4,87,25.1,30.7,23.9,93,0.00,0.0
2024-06-05T00:00,27.1,87,24.8,30.3,23.2,35,0.00,0.0
2024-06-05T01:00,27.3,86,24.8,30.6,22.4,8,0.00,0.0
2024-06-05T02:00,26.8,88,24.5,31.8,9.0,100,0.00,0.0
2024-06-05T03:00,26.0,89,24.0,31.2,6.7,100,0.00,0.0
2024-06-05T04:00,24.1,97,23.5,26.8,21.6,100,1.40,0.0
2024-06-05T05:00,22.1,89,20.3,21.5,32.2,99,0.30,0.0
2024-06-05T06:00,22.1,94,21.1,24.2,16.3,100,0.00,0.0
2024-06-05T07:00,23.5,94,22.4,26.8,12.8,100,0.00,10.0
2024-06-05T08:00,22.5,90,20.9,25.6,8.3,100,0.00,50.0
2024-06-05T09:00,23.5,89,21.5,27.4,5.2,100,0.00,178.0
2024-06-05T10:00,25.5,82,22.2,29.9,4.8,100,0.00,455.0
2024-06-05T11:00,27.0,74,22.1,32.4,1.6,8,0.00,634.0
2024-06-05T12:00,28.5,69,22.2,34.7,5.6,2,0.00,865.0
2024-06-05T13:00,29.6,66,22.6,36.6,6.0,0,0.00,954.0
2024-06-05T14:00,30.7,59,21.7,37.2,6.5,1,0.00,980.0
2024-06-05T15:00,31.5,50,20.0,36.7,7.4,0,0.00,945.0
2024-06-05T16:00,31.4,52,20.2,35.5,10.7,3,0.00,845.0
2024-06-05T17:00,31.3,52,20.3,34.9,8.7,6,0.00,695.0
2024-06-05T18:00,31.2,51,19.9,34.1,6.6,2,0.00,516.0
2024-06-05T19:00,30.8,55,20.6,34.0,6.1,0,0.00,322.0
2024-06-05T20:00,27.3,61,19.0,29.3,9.4,0,0.00,133.0
2024-06-05T21:00,25.0,56,15.8,25.7,8.7,0,0.00,11.0
2024-06-05T22:00,22.7,68,16.6,23.6,9.8,0,0.00,0.0
2024-06-05T23:00,22.3,70,16.5,23.2,9.3,0,0.00,0.0
2024-06-06T00:00,23.0,65,15.9,24.1,6.4,0,0.00,0.0
2024-06-06T01:00,23.4,65,16.4,24.9,4.6,0,0.00,0.0
2024-06-06T02:00,22.9,67,16.5,25.0,1.4,0,0.00,0.0
2024-06-06T03:00,22.4,68,16.0,24.2,1.8,0,0.00,0.0
2024-06-06T04:00,21.4,72,16.1,22.9,4.0,0,0.00,0.0
2024-06-06T05:00,18.6,89,16.7,20.1,6.1,0,0.00,0.0
2024-06-06T06:00,18.4,88,16.4,19.5,7.6,0,0.00,0.0
2024-06-06T07:00,19.6,79,15.9,21.3,2.0,0,0.00,17.0
2024-06-06T08:00,21.5,80,18.0,24.0,2.8,6,0.00,141.0
2024-06-06T09:00,24.2,76,19.8,27.6,2.9,18,0.00,349.0
2024-06-06T10:00,26.6,69,20.4,29.8,5.6,19,0.00,546.0
2024-06-06T11:00,28.6,58,19.5,32.1,7.6,1,0.00,708.0
2024-06-06T12:00,29.9,53,19.1,34.3,6.3,1,0.00,850.0
2024-06-06T13:00,30.9,51,19.7,36.3,5.5,0,0.00,954.0
2024-06-06T14:00,31.6,50,20.0,36.9,7.9,0,0.00,982.0
2024-06-06T15:00,32.2,47,19.6,36.7,9.8,0,0.00,947.0
2024-06-06T16:00,32.4,45,19.0,35.9,11.1,0,0.00,855.0
2024-06-06T17:00,32.4,43,18.4,34.8,11.3,0,0.00,713.0
2024-06-06T18:00,31.9,44,18.2,33.4,10.1,0,0.00,531.0
2024-06-06T19:00,30.8,55,20.6,33.9,7.1,0,0.00,330.0
2024-06-06T20:00,28.9,61,20.5,31.6,10.1,1,0.00,134.0
2024-06-06T21:00,27.0,63,19.4,29.0,10.9,8,0.00,11.0
2024-06-06T22:00,26.0,67,19.2,27.8,10.9,2,0.00,0.0
2024-06-06T23:00,25.0,72,19.5,27.1,10.6,0,0.00,0.0
2024-06-07T00:00,24.0,79,20.2,26.9,7.7,27,0.00,0.0
2024-06-07T01:00,23.0,85,20.3,25.5,9.9,1,0.00,0.0
2024-06-07T02:00,22.4,87,20.2,24.8,10.4,49,0.00,0.0
2024-06-07T03:00,22.4,87,20.1,25.0,8.8,100,0.00,0.0
2024-06-07T04:00,22.2,88,20.1,25.1,7.8,100,0.00,0.0
2024-06-07T05:00,21.6,91,20.1,24.2,9.4,100,0.00,0.0
2024-06-07T06:00,21.8,90,20.0,24.5,7.4,3,0.00,0.0
2024-06-07T07:00,22.2,90,20.6,25.6,5.4,24,0.00,16.0
2024-06-07T08:00,24.8,82,21.5,28.8,4.3,31,0.00,117.0
2024-06-07T09:00,26.6,75,21.8,30.6,5.8,3,0.00,322.0
2024-06-07T10:00,29.0,64,21.5,32.1,10.5,14,0.00,548.0
2024-06-07T11:00,30.5,55,20.4,33.4,14.4,33,0.00,727.0
2024-06-07T12:00,31.5,49,19.6,34.8,14.5,1,0.00,866.0
2024-06-07T13:00,32.2,48,19.6,35.7,15.6,0,0.00,953.0
2024-06-07T14:00,32.7,46,19.5,36.0,17.3,2,0.00,981.0
2024-06-07T15:00,32.8,45,19.4,35.6,19.2,15,0.00,949.0
2024-06-07T16:00,32.8,46,19.6,35.1,19.5,2,0.00,857.0
2024-06-07T17:00,32.5,50,20.7,34.5,20.2,0,0.00,714.0
2024-06-07T18:00,31.9,53,21.1,33.4,20.5,6,0.00,531.0
2024-06-07T19:00,30.9,60,22.3,33.4,17.6,16,0.00,327.0
2024-06-07T20:00,30.1,65,22.8,33.4,14.5,0,0.00,132.0
2024-06-07T21:00,28.9,69,22.8,31.5,18.8,0,0.00,11.0
2024-06-07T22:00,28.4,71,22.5,30.6,20.4,3,0.00,0.0
2024-06-07T23:00,27.5,73,22.2,29.8,19.2,1,0.00,0.0
2024-06-08T00:00,26.9,73,21.6,29.1,16.9,0,0.00,0.0
2024-06-08T01:00,26.0,75,21.3,29.0,10.4,0,0.00,0.0
2024-06-08T02:00,25.3,78,21.1,28.4,9.4,0,0.00,0.0
2024-06-08T03:00,25.0,79,21.0,27.9,10.5,0,0.00,0.0
2024-06-08T04:00,24.8,79,21.0,27.5,11.2,0,0.00,0.0
2024-06-08T05:00,24.5,81,21.0,27.2,12.2,0,0.00,0.0
2024-06-08T06:00,24.5,82,21.1,26.8,14.8,0,0.00,0.0
2024-06-08T07:00,24.7,82,21.4,26.8,17.0,0,0.00,17.0
2024-06-08T08:00,26.1,77,21.9,27.7,22.5,0,0.00,150.0
2024-06-08T09:00,27.5,73,22.4,29.9,19.3,0,0.00,345.0
2024-06-08T10:00,29.0,69,22.9,31.7,18.7,0,0.00,543.0
2024-06-08T11:00,30.4,64,22.9,33.8,19.5,0,0.00,719.0
2024-06-08T12:00,31.5,56,21.8,34.7,21.8,0,0.00,856.0
2024-06-08T13:00,32.5,53,21.5,35.4,24.4,0,0.00,944.0
2024-06-08T14:00,33.2,48,20.8,35.5,26.5,0,0.00,974.0
2024-06-08T15:00,33.5,48,21.0,35.9,26.0,0,0.00,942.0
2024-06-08T16:00,33.7,45,20.3,35.3,25.6,0,0.00,852.0
2024-06-08T17:00,33.5,46,20.2,34.6,24.8,48,0.00,711.0
2024-06-08T18:00,32.8,50,21.0,33.9,22.7,18,0.00,530.0
2024-06-08T19:00,31.8,57,22.1,34.2,17.7,64,0.00,329.0
2024-06-08T20:00,30.5,57,21.0,32.6,15.8,72,0.00,133.0
2024-06-08T21:00,29.2,59,20.5,30.8,17.8,82,0.00,12.0
2024-06-08T22:00,28.5,65,21.4,30.3,18.4,14,0.00,0.0
2024-06-08T23:00,28.0,69,21.8,30.2,17.6,45,0.00,0.0
2024-06-09T00:00,27.0,74,22.0,29.5,16.6,6,0.00,0.0
2024-06-09T01:00,26.2,77,21.9,28.8,15.9,0,0.00,0.0
2024-06-09T02:00,25.7,79,21.7,28.0,16.6,0,0.00,0.0
2024-06-09T03:00,25.3,80,21.5,27.3,18.1,0,0.00,0.0
2024-06-09T04:00,24.8,80,21.1,26.6,18.4,7,0.00,0.0
2024-06-09T05:00,24.1,81,20.7,25.8,17.4,7,0.00,0.0
2024-06-09T06:00,23.3,83,20.2,25.3,13.4,6,0.00,0.0
2024-06-09T07:00,23.0,84,20.1,25.6,8.8,0,0.00,18.0
2024-06-09T08:00,24.5,84,21.7,27.7,10.5,18,0.00,153.0
2024-06-09T09:00,25.9,82,22.5,29.5,10.7,5,0.00,354.0
2024-06-09T10:00,27.1,79,23.2,31.3,9.7,6,0.00,553.0
2024-06-09T11:00,28.5,74,23.4,33.9,8.7,27,0.00,727.0
2024-06-09T12:00,29.6,69,23.2,36.0,7.2,89,0.00,846.0
2024-06-09T13:00,30.8,62,22.7,36.7,10.4,23,0.00,918.0
2024-06-09T14:00,31.8,58,22.4,37.1,14.0,28,0.00,957.0
2024-06-09T15:00,32.3,55,22.3,37.7,12.8,41,0.00,935.0
2024-06-09T16:00,32.8,52,21.8,37.8,9.7,50,0.00,848.0
2024-06-09T17:00,32.7,50,21.0,36.5,9.2,70,0.00,694.0
2024-06-09T18:00,32.5,49,20.3,35.1,9.4,96,0.00,516.0
2024-06-09T19:00,31.9,51,20.5,34.8,8.0,26,0.00,313.0
2024-06-09T20:00,30.2,57,20.7,32.7,12.3,89,0.00,125.0
2024-06-09T21:00,28.7,61,20.5,31.4,9.7,76,0.00,11.0
2024-06-09T22:00,27.6,67,21.0,30.8,8.2,88,0.00,0.0
2024-06-09T23:00,26.0,80,22.4,30.1,7.6,99,0.00,0.0
2024-06-10T00:00,25.6,81,22.2,29.8,6.1,100,0.00,0.0
2024-06-10T01:00,25.1,85,22.5,29.7,4.8,95,0.00,0.0
2024-06-10T02:00,25.2,84,22.4,28.7,11.4,93,0.00,0.0
2024-06-10T03:00,24.6,86,22.2,28.6,7.8,16,0.00,0.0
2024-06-10T04:00,24.0,91,22.4,28.0,8.2,100,0.00,0.0
2024-06-10T05:00,23.5,92,22.1,25.7,19.5,90,0.60,0.0
2024-06-10T06:00,22.0,96,21.2,24.1,16.0,100,2.30,0.0
2024-06-10T07:00,22.5,94,21.5,25.0,15.4,100,0.00,8.0
2024-06-10T08:00,22.5,93,21.3,25.2,12.2,100,7.00,79.0
2024-06-10T09:00,22.5,88,20.5,25.4,8.0,100,1.70,67.0
2024-06-10T10:00,23.9,85,21.2,27.7,4.6,100,0.30,181.0
2024-06-10T11:00,25.3,81,21.8,29.2,6.5,100,0.10,401.0
2024-06-10T12:00,26.4,78,22.1,29.8,10.7,100,0.00,403.0
2024-06-10T13:00,27.9,75,23.0,32.1,15.3,98,0.00,733.0
2024-06-10T14:00,28.5,73,23.2,33.1,15.7,86,0.00,807.0
2024-06-10T15:00,28.5,72,22.9,32.7,14.8,100,0.10,734.0
2024-06-10T16:00,27.9,72,22.4,30.8,15.1,93,0.10,547.0
2024-06-10T17:00,28.2,71,22.5,31.4,14.0,98,0.00,514.0
2024-06-10T18:00,27.9,70,22.0,31.0,12.2,98,0.10,350.0
2024-06-10T19:00,27.6,70,21.6,30.7,11.2,100,0.00,179.0
2024-06-10T20:00,24.4,90,22.6,28.4,8.4,98,0.90,55.0
2024-06-10T21:00,24.4,91,22.8,28.4,8.7,96,0.10,7.0
2024-06-10T22:00,24.1,92,22.8,28.0,9.8,20,0.00,0.0
2024-06-10T23:00,23.5,94,22.5,27.7,7.2,11,0.00,0.0
2024-06-11T00:00,23.0,94,22.0,26.8,7.5,7,0.00,0.0
2024-06-11T01:00,22.4,94,21.4,26.0,6.8,15,0.00,0.0
2024-06-11T02:00,22.0,94,21.0,25.6,5.8,11,0.00,0.0
2024-06-11T03:00,21.6,95,20.8,25.1,5.4,10,0.00,0.0
2024-06-11T04:00,21.5,95,20.7,24.9,5.4,19,0.00,0.0
2024-06-11T05:00,21.6,95,20.8,25.0,6.5,21,0.00,0.0
2024-06-11T06:00,21.5,94,20.5,24.6,7.2,12,0.00,0.0
2024-06-11T07:00,21.9,92,20.5,24.5,10.1,11,0.00,16.0
2024-06-11T08:00,22.5,93,21.2,25.0,13.7,82,0.30,126.0
2024-06-11T09:00,23.8,85,21.0,26.1,14.1,44,0.00,214.0
2024-06-11T10:00,25.0,79,21.2,27.9,11.5,100,0.00,458.0
2024-06-11T11:00,26.3,75,21.5,29.4,11.1,100,0.00,511.0
2024-06-11T12:00,26.8,74,21.7,30.2,9.4,100,0.10,439.0
2024-06-11T13:00,27.2,73,21.9,31.0,7.3,100,0.10,373.0
2024-06-11T14:00,25.0,79,21.1,28.5,6.9,100,2.20,397.0
2024-06-11T15:00,25.1,82,21.8,29.8,1.1,100,1.20,192.0
2024-06-11T16:00,26.0,83,22.8,30.4,6.1,100,0.60,347.0
2024-06-11T17:00,25.0,83,22.0,28.9,7.6,100,1.00,153.0
2024-06-11T18:00,25.6,82,22.2,29.4,8.4,82,0.10,181.0
2024-06-11T19:00,26.1,80,22.5,29.9,9.7,95,0.00,186.0
2024-06-11T20:00,24.2,85,21.6,27.8,8.2,61,0.00,116.0
2024-06-11T21:00,23.1,90,21.4,26.2,10.5,21,0.00,9.0
2024-06-11T22:00,22.4,91,20.9,25.8,6.0,24,0.00,0.0
2024-06-11T23:00,21.8,94,20.8,25.2,5.3,17,0.00,0.0
2024-06-12T00:00,21.7,94,20.8,25.2,4.8,24,0.00,0.0
2024-06-12T01:00,21.8,95,21.0,25.5,4.8,31,0.00,0.0
2024-06-12T02:00,22.0,95,21.1,25.5,5.8,23,0.00,0.0
2024-06-12T03:00,21.9,92,20.5,24.7,9.3,6,0.00,0.0
2024-06-12T04:00,20.7,88,18.7,22.2,12.0,38,0.00,0.0
2024-06-12T05:00,20.6,89,18.7,23.2,4.5,54,0.00,0.0
2024-06-12T06:00,20.5,91,18.9,22.8,6.4,22,0.00,0.0
2024-06-12T07:00,21.0,90,19.4,23.7,5.9,6,0.00,15.0
2024-06-12T08:00,23.2,88,21.1,27.5,0.8,77,0.00,116.0
2024-06-12T09:00,24.5,85,22.0,29.1,2.2,17,0.00,272.0
2024-06-12T10:00,26.0,77,21.8,30.2,4.4,0,0.00,487.0
2024-06-12T11:00,27.5,70,21.5,32.2,5.7,18,0.00,701.0
2024-06-12T12:00,28.4,65,21.2,33.2,6.9,26,0.10,776.0
2024-06-12T13:00,29.1,62,21.0,34.2,7.6,24,0.10,860.0
2024-06-12T14:00,29.9,58,20.8,35.3,7.4,18,0.10,912.0
2024-06-12T15:00,30.4,56,20.5,35.3,7.8,22,0.10,869.0
2024-06-12T16:00,30.6,54,20.2,34.9,7.1,25,0.20,770.0
2024-06-12T17:00,30.6,55,20.4,34.0,8.6,17,0.10,653.0
2024-06-12T18:00,30.5,55,20.5,33.4,8.3,13,0.00,495.0
2024-06-12T19:00,30.0,58,20.8,32.9,9.7,4,0.00,289.0
2024-06-12T20:00,27.7,73,22.4,31.4,9.8,12,0.00,124.0
2024-06-12T21:00,26.2,78,22.1,30.0,8.8,1,0.00,13.0
2024-06-12T22:00,25.6,78,21.6,29.1,8.9,9,0.00,0.0
2024-06-12T23:00,24.8,80,21.1,28.2,7.4,1,0.00,0.0
2024-06-13T00:00,24.2,82,21.0,27.6,7.2,0,0.00,0.0
2024-06-13T01:00,23.8,84,21.0,27.0,7.5,7,0.00,0.0
2024-06-13T02:00,23.4,86,20.9,26.6,7.2,0,0.00,0.0
2024-06-13T03:00,22.9,88,20.7,26.0,7.1,0,0.00,0.0
2024-06-13T04:00,22.5,89,20.6,25.7,7.0,0,0.00,0.0
2024-06-13T05:00,21.8,91,20.3,24.5,8.8,0,0.00,0.0
2024-06-13T06:00,21.3,93,20.0,24.0,7.9,0,0.00,0.0
2024-06-13T07:00,22.0,92,20.6,25.4,5.6,0,0.00,17.0
2024-06-13T08:00,23.9,86,21.5,27.7,5.6,4,0.00,148.0
2024-06-13T09:00,25.6,80,22.0,29.4,7.4,0,0.00,341.0
2024-06-13T10:00,27.5,73,22.2,31.2,9.3,0,0.00,542.0
2024-06-13T11:00,29.1,66,22.1,33.5,10.9,0,0.00,720.0
2024-06-13T12:00,30.2,62,22.2,35.7,9.0,22,0.00,860.0
2024-06-13T13:00,31.0,58,21.8,36.6,8.0,11,0.00,875.0
2024-06-13T14:00,31.6,54,21.1,37.2,7.1,5,0.00,912.0
2024-06-13T15:00,32.1,52,21.0,37.8,6.6,3,0.00,923.0
2024-06-13T16:00,32.3,50,20.7,37.3,7.2,0,0.00,848.0
2024-06-13T17:00,32.2,51,20.9,36.1,8.9,0,0.00,709.0
2024-06-13T18:00,31.9,53,21.0,34.7,9.9,0,0.00,534.0
2024-06-13T19:00,31.2,55,21.2,34.3,9.8,0,0.00,337.0
2024-06-13T20:00,30.0,64,22.5,34.0,7.7,0,0.00,142.0
2024-06-13T21:00,28.1,68,21.6,31.0,12.3,0,0.00,14.0
2024-06-13T22:00,27.1,70,21.1,29.7,12.5,1,0.00,0.0
2024-06-13T23:00,26.1,71,20.4,28.7,10.2,2,0.00,0.0
2024-06-14T00:00,25.2,72,19.9,27.7,8.9,0,0.00,0.0
2024-06-14T01:00,24.2,77,20.0,27.0,7.4,0,0.00,0.0
2024-06-14T02:00,23.5,81,20.1,26.3,7.1,0,0.00,0.0
2024-06-14T03:00,22.6,86,20.2,25.5,7.7,0,0.00,0.0
2024-06-14T04:00,21.6,91,20.1,24.1,10.2,0,0.00,0.0
2024-06-14T05:00,21.4,91,19.9,23.8,9.7,0,0.00,0.0
2024-06-14T06:00,21.0,92,19.7,23.3,10.0,0,0.00,0.0
2024-06-14T07:00,22.1,90,20.5,25.4,5.4,0,0.00,17.0
2024-06-14T08:00,24.6,81,21.2,28.0,7.2,0,0.00,152.0
2024-06-14T09:00,26.3,74,21.4,30.6,2.1,0,0.00,347.0
2024-06-14T10:00,28.1,69,21.9,32.2,4.9,0,0.00,545.0
2024-06-14T11:00,29.7,61,21.4,34.6,5.4,0,0.00,724.0
2024-06-14T12:00,30.8,55,20.6,36.0,6.0,0,0.00,863.0
2024-06-14T13:00,31.5,52,20.4,37.4,5.1,0,0.00,952.0
2024-06-14T14:00,32.0,50,20.3,38.4,3.5,0,0.00,983.0
2024-06-14T15:00,32.7,47,20.0,38.3,4.9,0,0.00,949.0
2024-06-14T16:00,33.0,46,19.9,37.7,7.2,0,0.00,860.0
2024-06-14T17:00,33.0,45,19.5,36.3,8.9,0,0.00,719.0
2024-06-14T18:00,32.5,45,19.2,34.7,9.4,0,0.00,539.0
2024-06-14T19:00,31.8,49,19.6,34.1,8.7,3,0.00,339.0
2024-06-14T20:00,30.1,51,18.8,31.7,11.6,6,0.00,144.0
2024-06-14T21:00,28.1,58,19.2,30.0,11.2,16,0.00,14.0
2024-06-14T22:00,26.9,64,19.4,28.6,12.6,0,0.00,0.0
2024-06-14T23:00,26.0,64,18.7,27.6,11.2,0,0.00,0.0
2024-06-15T00:00,25.2,68,18.9,27.0,10.2,0,0.00,0.0
2024-06-15T01:00,25.0,67,18.5,26.6,10.5,0,0.00,0.0
2024-06-15T02:00,24.1,71,18.6,26.1,8.2,0,0.00,0.0
2024-06-15T03:00,23.5,75,18.7,25.5,7.9,0,0.00,0.0
2024-06-15T04:00,22.7,76,18.1,24.3,9.4,0,0.00,0.0
2024-06-15T05:00,22.1,78,18.1,23.7,9.6,0,0.00,0.0
2024-06-15T06:00,21.6,83,18.5,23.5,9.1,0,0.00,0.0
2024-06-15T07:00,22.7,81,19.3,25.4,5.9,0,0.00,17.0
2024-06-15T08:00,24.6,76,20.1,27.8,5.4,0,0.00,151.0
2024-06-15T09:00,26.7,70,20.8,29.7,8.9,0,0.00,347.0
2024-06-15T10:00,28.6,63,21.0,31.4,10.5,0,0.00,548.0
2024-06-15T11:00,30.1,55,20.0,33.4,10.9,0,0.00,726.0
2024-06-15T12:00,31.0,52,19.9,34.9,11.4,0,0.00,864.0
2024-06-15T13:00,31.8,50,20.0,36.0,12.5,0,0.00,952.0
2024-06-15T14:00,32.3,49,20.4,36.8,13.2,6,0.00,977.0
2024-06-15T15:00,32.9,49,20.9,37.1,14.3,7,0.00,931.0
2024-06-15T16:00,33.2,47,20.2,36.1,17.9,9,0.00,842.0
2024-06-15T17:00,33.1,44,19.2,34.6,19.1,3,0.00,705.0
2024-06-15T18:00,32.9,43,18.7,33.4,18.3,0,0.00,535.0
2024-06-15T19:00,32.0,46,19.0,32.8,17.9,25,0.00,332.0
2024-06-15T20:00,30.2,55,20.3,32.3,13.3,20,0.00,128.0
2024-06-15T21:00,28.5,61,20.1,31.0,9.9,92,0.00,13.0
2024-06-15T22:00,27.3,66,20.3,30.0,8.9,42,0.00,0.0
2024-06-15T23:00,26.5,68,20.0,28.9,10.2,0,0.00,0.0
2024-06-16T00:00,26.0,68,19.6,27.9,12.5,0,0.00,0.0
2024-06-16T01:00,25.7,69,19.6,27.6,11.9,1,0.00,0.0
2024-06-16T02:00,25.6,71,19.9,27.2,15.3,6,0.00,0.0
2024-06-16T03:00,25.5,71,20.0,26.9,17.0,91,0.00,0.0
2024-06-16T04:00,25.5,72,20.0,26.9,17.3,2,0.00,0.0
2024-06-16T05:00,25.1,74,20.1,26.6,16.9,0,0.00,0.0
2024-06-16T06:00,24.8,76,20.2,26.7,13.7,3,0.00,0.0
2024-06-16T07:00,24.6,78,20.5,26.9,12.3,2,0.00,16.0
2024-06-16T08:00,26.0,77,21.7,28.8,13.0,53,0.00,138.0
2024-06-16T09:00,27.1,74,22.0,29.6,17.3,40,0.00,318.0
2024-06-16T10:00,28.4,71,22.6,30.8,19.4,3,0.00,515.0
2024-06-16T11:00,30.2,61,21.9,32.8,20.3,1,0.00,709.0
2024-06-16T12:00,31.7,52,20.5,34.2,21.0,0,0.00,851.0
2024-06-16T13:00,32.7,45,19.2,34.8,22.0,0,0.00,942.0
2024-06-16T14:00,33.2,43,18.8,35.4,21.4,0,0.00,978.0
2024-06-16T15:00,33.7,39,17.8,35.4,20.9,23,0.00,946.0
2024-06-16T16:00,33.8,37,17.1,34.9,20.5,80,0.00,854.0
2024-06-16T17:00,33.8,38,17.3,34.2,19.9,83,0.00,711.0
2024-06-16T18:00,33.2,41,18.0,33.1,20.4,37,0.00,535.0
2024-06-16T19:00,32.4,43,18.1,32.6,18.8,9,0.00,336.0
2024-06-16T20:00,30.9,49,19.0,31.6,18.2,81,0.00,113.0
2024-06-16T21:00,29.5,55,19.4,30.4,18.1,91,0.00,14.0
2024-06-16T22:00,28.5,59,19.8,29.9,15.9,15,0.00,0.0
2024-06-16T23:00,27.5,64,20.0,29.5,12.6,2,0.00,0.0
2024-06-17T00:00,26.6,67,19.9,28.8,11.0,2,0.00,0.0
2024-06-17T01:00,26.5,65,19.5,27.9,15.1,2,0.00,0.0
2024-06-17T02:00,26.5,63,19.0,27.0,19.7,1,0.00,0.0
2024-06-17T03:00,26.3,67,19.8,27.2,19.9,0,0.00,0.0
2024-06-17T04:00,25.8,74,20.9,27.5,17.7,0,0.00,0.0
2024-06-17T05:00,25.2,79,21.2,27.3,16.2,0,0.00,0.0
2024-06-17T06:00,24.8,83,21.6,27.1,16.4,0,0.00,0.0
2024-06-17T07:00,24.8,86,22.3,27.5,16.1,4,0.00,16.0
2024-06-17T08:00,26.7,79,22.8,28.8,22.0,18,0.00,140.0
2024-06-17T09:00,28.0,73,22.6,29.3,27.4,29,0.00,315.0
2024-06-17T10:00,29.3,66,22.4,30.5,26.6,19,0.00,478.0
2024-06-17T11:00,30.5,61,22.0,32.1,26.8,12,0.00,665.0
2024-06-17T12:00,31.7,55,21.6,33.6,26.7,14,0.00,788.0
2024-06-17T13:00,32.7,50,21.0,34.6,26.4,17,0.00,860.0
2024-06-17T14:00,33.5,47,20.7,35.4,26.1,23,0.00,895.0
2024-06-17T15:00,33.5,47,20.6,35.1,27.2,19,0.00,864.0
2024-06-17T16:00,33.0,47,20.3,33.0,32.2,51,0.00,731.0
2024-06-17T17:00,32.5,56,22.6,33.4,30.6,54,0.10,570.0
2024-06-17T18:00,31.6,56,21.8,31.7,32.2,61,0.30,438.0
2024-06-17T19:00,31.5,54,21.2,31.4,32.0,36,0.00,285.0
2024-06-17T20:00,30.8,57,21.4,31.0,29.5,28,0.00,112.0
2024-06-17T21:00,29.0,69,22.6,30.8,24.0,14,0.20,13.0
2024-06-17T22:00,28.4,72,22.8,29.8,26.8,17,0.00,0.0
2024-06-17T23:00,27.0,75,22.2,27.9,29.1,15,0.00,0.0
2024-06-18T00:00,26.5,78,22.4,27.2,29.8,9,0.00,0.0
2024-06-18T01:00,26.0,79,22.0,26.8,28.1,6,0.00,0.0
2024-06-18T02:00,25.5,79,21.5,26.4,24.9,0,0.00,0.0
2024-06-18T03:00,24.9,77,20.6,25.7,23.1,0,0.00,0.0
2024-06-18T04:00,24.5,77,20.2,25.3,22.0,0,0.00,0.0
2024-06-18T05:00,24.1,78,20.1,24.9,21.6,2,0.00,0.0
2024-06-18T06:00,23.8,81,20.3,25.1,18.7,17,0.00,0.0
2024-06-18T07:00,24.0,82,20.8,25.7,17.9,100,0.00,14.0
2024-06-18T08:00,25.1,80,21.5,27.1,18.2,24,0.00,44.0
2024-06-18T09:00,26.8,73,21.5,27.8,24.7,49,0.00,259.0
2024-06-18T10:00,28.0,67,21.2,28.8,25.5,32,0.10,428.0
2024-06-18T11:00,29.7,60,21.0,30.7,27.6,22,0.00,685.0
2024-06-18T12:00,30.8,55,20.7,31.9,27.5,100,0.00,759.0
2024-06-18T13:00,30.9,55,20.9,32.0,25.1,44,0.10,666.0
2024-06-18T14:00,31.8,52,20.9,33.5,24.4,33,0.20,761.0
2024-06-18T15:00,33.0,48,20.5,34.9,25.0,13,0.20,862.0
2024-06-18T16:00,33.6,43,19.2,34.5,25.7,6,0.00,808.0
2024-06-18T17:00,33.3,44,19.4,33.6,27.0,3,0.00,701.0
2024-06-18T18:00,33.0,44,19.2,32.6,26.6,2,0.00,520.0
2024-06-18T19:00,32.4,45,19.1,32.1,25.6,2,0.00,329.0
2024-06-18T20:00,30.4,57,21.0,31.3,23.3,8,0.00,142.0
2024-06-18T21:00,28.9,63,21.1,30.0,22.7,5,0.00,14.0
2024-06-18T22:00,28.4,64,20.9,29.3,23.2,1,0.00,0.0
2024-06-18T23:00,27.6,65,20.6,28.0,26.4,3,0.00,0.0
2024-06-19T00:00,26.8,66,19.8,27.3,22.1,6,0.00,0.0
2024-06-19T01:00,26.1,68,19.7,27.5,15.9,0,0.00,0.0
2024-06-19T02:00,25.4,71,19.8,27.3,12.2,0,0.00,0.0
2024-06-19T03:00,24.6,75,20.0,27.0,10.5,0,0.00,0.0
2024-06-19T04:00,24.0,79,20.1,26.6,9.5,0,0.00,0.0
2024-06-19T05:00,23.5,82,20.2,25.9,10.0,1,0.00,0.0
2024-06-19T06:00,23.2,83,20.1,25.5,11.3,2,0.00,0.0
2024-06-19T07:00,23.4,83,20.3,25.6,12.7,3,0.00,16.0
2024-06-19T08:00,24.4,79,20.6,26.5,14.0,37,0.00,141.0
2024-06-19T09:00,25.9,74,20.9,27.8,16.4,60,0.00,288.0
2024-06-19T10:00,27.2,68,20.8,29.0,16.6,73,0.10,463.0
2024-06-19T11:00,28.5,62,20.5,30.6,15.3,19,0.00,573.0
2024-06-19T12:00,29.9,57,20.4,32.7,17.0,23,0.00,783.0
2024-06-19T13:00,30.5,54,20.2,32.8,19.8,27,0.00,794.0
2024-06-19T14:00,31.2,53,20.4,33.9,21.0,25,0.00,896.0
2024-06-19T15:00,31.5,50,19.9,33.6,21.9,79,0.00,845.0
2024-06-19T16:00,30.3,52,19.4,30.4,25.2,100,0.00,599.0
2024-06-19T17:00,29.5,56,19.8,29.9,22.7,100,0.00,283.0
2024-06-19T18:00,29.4,55,19.2,29.9,20.1,100,0.00,168.0
2024-06-19T19:00,28.8,55,18.9,29.8,15.9,100,0.00,143.0
2024-06-19T20:00,27.3,58,18.5,29.2,8.0,100,0.70,31.0
2024-06-19T21:00,26.6,64,19.4,29.5,4.4,100,0.00,4.0
2024-06-19T22:00,26.5,68,20.0,28.7,10.7,100,0.00,0.0
2024-06-19T23:00,26.4,70,20.4,28.6,12.7,100,0.00,0.0
2024-06-20T00:00,25.9,73,20.7,28.8,8.6,100,0.00,0.0
2024-06-20T01:00,25.4,76,20.8,28.3,9.7,100,0.00,0.0
2024-06-20T02:00,25.2,77,20.9,28.0,10.6,100,0.00,0.0
2024-06-20T03:00,25.1,78,21.0,27.7,12.6,59,0.00,0.0
2024-06-20T04:00,24.9,79,21.0,27.3,13.2,59,0.00,0.0
2024-06-20T05:00,24.5,81,21.0,26.9,13.8,91,0.00,0.0
2024-06-20T06:00,24.4,82,21.1,26.8,14.1,100,0.00,0.0
2024-06-20T07:00,24.7,81,21.1,27.2,13.7,100,0.00,7.0
2024-06-20T08:00,25.4,81,21.9,28.5,11.9,100,0.00,73.0
2024-06-20T09:00,26.4,76,21.9,29.3,13.7,99,0.00,210.0
2024-06-20T10:00,28.1,68,21.6,30.7,14.4,28,0.00,501.0
2024-06-20T11:00,29.5,60,21.0,32.5,14.5,27,0.00,683.0
2024-06-20T12:00,30.2,58,20.9,33.3,16.0,50,0.10,769.0
2024-06-20T13:00,30.9,58,21.6,34.6,14.0,90,0.00,745.0
2024-06-20T14:00,32.0,56,22.0,36.6,14.8,99,0.00,902.0
2024-06-20T15:00,32.4,55,22.1,37.0,14.8,67,0.00,873.0
2024-06-20T16:00,32.8,53,22.0,36.5,16.6,87,0.00,772.0
2024-06-20T17:00,32.8,53,21.8,35.5,17.4,99,0.00,647.0
2024-06-20T18:00,32.3,53,21.5,34.4,17.6,96,0.00,483.0
2024-06-20T19:00,31.8,53,20.9,33.3,18.6,85,0.00,311.0
2024-06-20T20:00,29.8,61,21.6,32.5,13.8,100,0.00,94.0
2024-06-20T21:00,29.0,63,21.4,31.9,11.7,9,0.00,11.0
2024-06-20T22:00,28.0,66,21.0,30.9,9.7,5,0.00,0.0
2024-06-20T23:00,27.1,70,21.0,30.3,8.4,55,0.00,0.0
2024-06-21T00:00,26.6,72,21.1,29.8,8.6,98,0.00,0.0
2024-06-21T01:00,26.3,72,20.9,29.2,9.8,100,0.00,0.0
2024-06-21T02:00,26.1,72,20.8,28.8,10.3,100,0.00,0.0
2024-06-21T03:00,25.9,72,20.5,28.5,10.7,100,0.00,0.0
2024-06-21T04:00,25.4,75,20.6,28.2,9.2,100,0.00,0.0
2024-06-21T05:00,25.0,77,20.7,28.1,7.4,100,0.00,0.0
2024-06-21T06:00,24.4,80,20.8,27.7,6.6,99,0.00,0.0
2024-06-21T07:00,24.4,82,21.0,27.5,8.2,89,0.00,15.0
2024-06-21T08:00,25.6,81,22.1,29.4,8.4,94,0.00,114.0
2024-06-21T09:00,27.1,75,22.4,31.2,7.4,57,0.00,283.0
2024-06-21T10:00,28.7,69,22.5,32.9,6.6,26,0.00,510.0
2024-06-21T11:00,30.0,63,22.1,34.4,9.0,70,0.00,669.0
2024-06-21T12:00,30.6,59,21.8,35.1,10.8,27,0.10,769.0
2024-06-21T13:00,31.2,56,21.4,35.6,12.0,31,0.20,825.0
2024-06-21T14:00,31.5,56,21.8,35.8,11.7,44,0.20,777.0
2024-06-21T15:00,31.9,55,21.6,36.0,12.0,69,0.10,757.0
2024-06-21T16:00,32.2,52,21.1,36.1,12.8,16,0.00,797.0
2024-06-21T17:00,32.2,50,20.6,35.2,12.6,41,0.00,666.0
2024-06-21T18:00,32.0,50,20.5,34.3,12.4,52,0.00,483.0
2024-06-21T19:00,31.5,51,20.1,33.5,13.4,24,0.00,303.0
2024-06-21T20:00,31.2,48,19.0,33.5,7.4,53,0.00,134.0
2024-06-21T21:00,29.5,53,19.0,31.4,9.7,15,0.00,15.0
2024-06-21T22:00,28.5,58,19.4,30.3,12.5,3,0.00,0.0
2024-06-21T23:00,27.9,61,19.6,29.7,12.3,14,0.00,0.0
2024-06-22T00:00,27.2,62,19.2,29.0,11.9,37,0.00,0.0
2024-06-22T01:00,26.4,63,18.8,28.2,9.4,1,0.00,0.0
2024-06-22T02:00,25.6,66,18.9,27.6,9.3,2,0.00,0.0
2024-06-22T03:00,25.2,70,19.3,27.5,8.3,55,0.00,0.0
2024-06-22T04:00,25.1,72,19.8,27.4,9.7,84,0.00,0.0
2024-06-22T05:00,25.0,74,20.0,27.5,9.3,8,0.00,0.0
2024-06-22T06:00,24.5,77,20.1,27.2,8.7,12,0.00,0.0
2024-06-22T07:00,24.6,78,20.5,27.3,10.1,0,0.00,15.0
2024-06-22T08:00,26.4,78,22.2,30.0,9.7,0,0.00,141.0
2024-06-22T09:00,28.0,73,22.8,31.7,11.2,0,0.00,331.0
2024-06-22T10:00,29.6,66,22.6,33.1,12.3,1,0.00,527.0
2024-06-22T11:00,30.9,58,21.8,34.7,12.9,10,0.00,700.0
2024-06-22T12:00,32.0,53,21.0,35.8,13.1,10,0.00,803.0
2024-06-22T13:00,33.0,47,20.3,36.9,13.7,3,0.00,907.0
2024-06-22T14:00,33.8,44,19.7,37.5,13.7,9,0.00,925.0
2024-06-22T15:00,34.3,41,19.4,37.6,14.5,4,0.00,905.0
2024-06-22T16:00,34.5,40,19.1,37.1,15.0,3,0.00,816.0
2024-06-22T17:00,34.5,40,18.9,36.3,15.5,2,0.00,695.0
2024-06-22T18:00,34.2,40,18.9,35.4,15.1,2,0.00,530.0
2024-06-22T19:00,33.7,42,18.9,34.8,14.6,3,0.00,334.0
2024-06-22T20:00,32.1,47,19.2,33.8,12.3,4,0.00,144.0
2024-06-22T21:00,30.8,50,19.0,32.2,13.0,3,0.00,16.0
2024-06-22T22:00,30.0,52,19.1,31.5,13.0,2,0.00,0.0
2024-06-22T23:00,29.5,53,19.1,30.9,14.3,1,0.00,0.0
2024-06-23T00:00,28.4,58,19.4,30.4,10.4,0,0.00,0.0
2024-06-23T01:00,27.3,65,20.2,29.5,12.3,0,0.00,0.0
2024-06-23T02:00,27.0,64,19.8,28.8,13.4,6,0.00,0.0
2024-06-23T03:00,26.5,66,19.7,28.4,12.6,17,0.00,0.0
2024-06-23T04:00,26.2,68,19.9,28.2,12.4,0,0.00,0.0
2024-06-23T05:00,25.8,71,20.1,28.0,11.4,0,0.00,0.0
2024-06-23T06:00,25.2,74,20.3,27.9,9.6,0,0.00,0.0
2024-06-23T07:00,25.4,75,20.5,28.0,10.9,0,0.00,15.0
2024-06-23T08:00,27.1,72,21.6,30.1,12.1,0,0.00,144.0
2024-06-23T09:00,28.9,64,21.5,31.4,15.0,0,0.00,335.0
2024-06-23T10:00,30.7,59,21.6,33.2,14.9,0,0.00,532.0
2024-06-23T11:00,32.5,52,21.2,35.7,14.1,0,0.00,708.0
2024-06-23T12:00,33.8,46,20.5,37.9,11.2,15,0.00,848.0
2024-06-23T13:00,34.5,42,19.7,39.1,7.4,12,0.00,885.0
2024-06-23T14:00,35.0,40,19.5,39.8,6.5,11,0.00,907.0
2024-06-23T15:00,35.3,39,19.5,40.1,7.2,1,0.00,907.0
2024-06-23T16:00,35.5,39,19.4,39.5,8.3,3,0.00,823.0
2024-06-23T17:00,35.5,38,19.0,38.7,7.6,6,0.00,695.0
2024-06-23T18:00,35.2,38,18.6,37.3,7.6,5,0.00,522.0
2024-06-23T19:00,34.8,38,18.4,36.6,8.4,1,0.00,330.0
2024-06-23T20:00,33.1,45,19.8,35.4,9.9,9,0.00,141.0
2024-06-23T21:00,31.5,50,19.9,33.9,9.4,3,0.00,15.0
2024-06-23T22:00,30.5,55,20.5,33.3,8.8,3,0.00,0.0
2024-06-23T23:00,29.6,62,21.5,32.6,11.5,2,0.00,0.0
2024-06-24T00:00,29.5,58,20.5,31.1,16.9,1,0.00,0.0
2024-06-24T01:00,28.8,60,20.4,30.6,15.1,1,0.00,0.0
2024-06-24T02:00,28.0,63,20.4,30.4,11.5,0,0.00,0.0
2024-06-24T03:00,27.3,66,20.5,30.0,9.5,0,0.00,0.0
2024-06-24T04:00,26.6,69,20.5,29.4,9.0,0,0.00,0.0
2024-06-24T05:00,26.1,71,20.5,29.1,8.2,0,0.00,0.0
2024-06-24T06:00,25.6,74,20.6,28.7,8.1,0,0.00,0.0
2024-06-24T07:00,25.8,75,21.0,28.8,9.4,0,0.00,15.0
2024-06-24T08:00,27.3,72,21.9,31.0,7.7,0,0.00,142.0
2024-06-24T09:00,29.0,67,22.2,32.5,10.5,0,0.00,333.0
2024-06-24T10:00,30.9,60,22.2,34.1,12.7,0,0.00,529.0
2024-06-24T11:00,32.3,53,21.5,35.9,13.2,0,0.00,706.0
2024-06-24T12:00,33.5,47,20.7,37.5,12.8,2,0.00,847.0
2024-06-24T13:00,34.2,45,20.5,38.4,13.3,8,0.00,911.0
2024-06-24T14:00,34.7,43,20.2,38.8,13.6,7,0.00,927.0
2024-06-24T15:00,35.3,42,20.5,39.2,14.1,5,0.00,896.0
2024-06-24T16:00,35.3,40,19.9,38.1,15.9,6,0.00,804.0
2024-06-24T17:00,35.5,40,19.9,37.7,15.5,5,0.00,687.0
2024-06-24T18:00,35.2,41,19.8,36.7,15.2,3,0.00,527.0
2024-06-24T19:00,34.5,42,19.7,36.1,15.0,0,0.00,324.0
2024-06-24T20:00,32.9,46,19.9,35.0,11.6,5,0.00,128.0
2024-06-24T21:00,31.7,50,19.9,33.4,14.0,1,0.00,15.0
2024-06-24T22:00,30.9,52,20.0,32.6,15.0,1,0.00,0.0
2024-06-24T23:00,30.0,56,20.2,32.1,12.8,1,0.00,0.0
2024-06-25T00:00,29.3,61,21.0,31.8,13.3,1,0.00,0.0
2024-06-25T01:00,28.8,67,21.9,31.8,12.3,0,0.00,0.0
2024-06-25T02:00,28.4,70,22.5,31.7,13.0,0,0.00,0.0
2024-06-25T03:00,28.0,74,22.9,31.3,14.2,0,0.00,0.0
2024-06-25T04:00,27.5,77,23.2,31.1,14.5,0,0.00,0.0
2024-06-25T05:00,27.0,80,23.2,30.5,14.8,0,0.00,0.0
2024-06-25T06:00,26.6,82,23.3,30.1,15.5,0,0.00,0.0
2024-06-25T07:00,26.7,83,23.5,30.2,16.0,0,0.00,14.0
2024-06-25T08:00,28.4,79,24.4,32.3,16.6,19,0.00,136.0
2024-06-25T09:00,29.9,72,24.4,33.3,19.8,31,0.00,320.0
2024-06-25T10:00,31.1,68,24.5,34.9,18.2,19,0.00,491.0
2024-06-25T11:00,32.0,64,24.4,36.1,18.6,25,0.10,663.0
2024-06-25T12:00,33.3,57,23.7,37.7,18.6,29,0.00,773.0
2024-06-25T13:00,34.5,51,22.9,38.7,18.9,21,0.00,874.0
2024-06-25T14:00,35.1,48,22.5,39.2,18.8,25,0.00,885.0
2024-06-25T15:00,35.7,46,22.1,39.6,18.1,16,0.00,862.0
2024-06-25T16:00,35.9,44,21.9,39.5,17.3,20,0.00,800.0
2024-06-25T17:00,35.8,43,21.4,38.4,16.4,30,0.00,629.0
2024-06-25T18:00,35.5,43,21.2,37.8,15.5,47,0.00,476.0
2024-06-25T19:00,34.8,45,21.1,36.7,17.1,35,0.00,301.0
2024-06-25T20:00,33.5,50,21.5,36.3,12.4,62,0.00,122.0
2024-06-25T21:00,32.5,53,21.6,35.5,11.8,35,0.00,14.0
2024-06-25T22:00,31.6,55,21.6,34.4,13.7,21,0.00,0.0
2024-06-25T23:00,31.2,57,21.6,33.5,16.7,1,0.00,0.0
2024-06-26T00:00,30.8,61,22.2,33.2,17.8,1,0.00,0.0
2024-06-26T01:00,30.1,64,22.6,33.1,15.9,1,0.00,0.0
2024-06-26T02:00,29.6,67,22.9,32.7,15.9,0,0.00,0.0
2024-06-26T03:00,29.0,70,23.0,32.0,17.3,0,0.00,0.0
2024-06-26T04:00,28.5,73,23.2,31.4,18.9,0,0.00,0.0
2024-06-26T05:00,27.9,77,23.5,31.0,18.2,0,0.00,0.0
2024-06-26T06:00,27.4,80,23.6,30.9,15.8,0,0.00,0.0
2024-06-26T07:00,27.2,82,23.9,30.9,16.7,0,0.00,14.0
2024-06-26T08:00,28.6,80,24.8,32.6,17.4,2,0.00,134.0
2024-06-26T09:00,29.9,74,24.7,33.6,19.5,28,0.00,309.0
2024-06-26T10:00,31.5,67,24.6,35.2,18.4,1,0.00,511.0
2024-06-26T11:00,33.0,60,24.4,38.0,14.9,5,0.00,695.0
2024-06-26T12:00,34.6,53,23.5,39.8,14.2,17,0.00,818.0
2024-06-26T13:00,35.5,48,22.8,41.3,9.3,31,0.00,859.0
2024-06-26T14:00,36.0,45,22.2,41.9,7.3,29,0.00,862.0
2024-06-26T15:00,36.4,43,21.9,41.7,8.0,48,0.00,831.0
2024-06-26T16:00,36.8,41,21.5,41.4,9.6,36,0.00,769.0
2024-06-26T17:00,37.0,40,21.2,40.7,9.8,24,0.00,662.0
2024-06-26T18:00,37.0,39,21.0,40.2,7.6,23,0.00,517.0
2024-06-26T19:00,36.6,40,20.8,40.0,5.8,29,0.00,330.0
2024-06-26T20:00,34.0,49,21.9,37.1,12.3,4,0.00,145.0
2024-06-26T21:00,32.7,53,21.8,36.0,10.1,7,0.00,16.0
2024-06-26T22:00,31.6,57,22.0,35.4,8.0,4,0.00,0.0
2024-06-26T23:00,30.5,62,22.5,34.6,7.2,4,0.00,0.0
2024-06-27T00:00,29.8,66,22.8,33.9,8.4,9,0.00,0.0
2024-06-27T01:00,29.5,66,22.5,33.3,9.9,14,0.00,0.0
2024-06-27T02:00,28.6,68,22.1,32.8,5.9,6,0.00,0.0
2024-06-27T03:00,27.8,72,22.4,32.3,4.0,51,0.00,0.0
2024-06-27T04:00,27.4,76,22.8,31.4,9.0,96,0.00,0.0
2024-06-27T05:00,27.0,80,23.2,31.2,10.2,100,0.00,0.0
2024-06-27T06:00,26.6,85,23.9,30.9,12.1,100,0.00,0.0
2024-06-27T07:00,26.6,86,24.0,30.7,13.7,53,0.00,11.0
2024-06-27T08:00,27.2,84,24.2,32.4,7.3,48,0.00,92.0
2024-06-27T09:00,29.1,75,24.2,34.0,9.0,100,0.00,290.0
2024-06-27T10:00,30.5,69,24.1,34.7,13.4,99,0.00,463.0
2024-06-27T11:00,31.5,65,24.0,35.6,13.5,99,0.00,534.0
2024-06-27T12:00,32.9,61,24.2,38.4,13.1,20,0.00,770.0
2024-06-27T13:00,33.9,57,24.2,40.0,13.8,41,0.00,888.0
2024-06-27T14:00,34.6,55,24.2,40.7,14.5,11,0.00,909.0
2024-06-27T15:00,35.0,53,24.0,41.1,12.8,15,0.00,884.0
2024-06-27T16:00,35.2,52,24.0,40.8,12.4,17,0.00,783.0
2024-06-27T17:00,35.0,51,23.5,39.4,13.4,21,0.00,640.0
2024-06-27T18:00,34.6,52,23.3,38.1,14.7,9,0.00,485.0
2024-06-27T19:00,34.0,53,23.0,37.2,15.9,5,0.00,319.0
2024-06-27T20:00,32.5,56,22.5,35.2,17.1,7,0.00,136.0
2024-06-27T21:00,31.2,59,22.1,33.8,16.1,7,0.00,16.0
2024-06-27T22:00,30.0,59,21.0,31.8,18.3,5,0.00,0.0
2024-06-27T23:00,29.0,58,20.0,30.4,16.8,2,0.00,0.0
2024-06-28T00:00,28.4,59,19.5,29.7,15.8,0,0.00,0.0
2024-06-28T01:00,27.9,62,20.0,29.7,14.0,49,0.00,0.0
2024-06-28T02:00,27.6,65,20.5,29.7,13.7,74,0.00,0.0
2024-06-28T03:00,27.5,63,20.0,29.2,14.8,57,0.00,0.0
2024-06-28T04:00,27.2,64,19.9,28.8,15.3,0,0.00,0.0
2024-06-28T05:00,26.8,67,20.1,28.7,13.7,0,0.00,0.0
2024-06-28T06:00,26.4,71,20.8,28.8,12.0,0,0.00,0.0
2024-06-28T07:00,26.5,75,21.8,29.4,12.8,7,0.00,13.0
2024-06-28T08:00,28.5,79,24.4,32.6,15.3,100,0.00,130.0
2024-06-28T09:00,30.4,68,23.9,33.6,19.2,100,0.00,315.0
2024-06-28T10:00,32.2,62,24.0,35.5,18.8,100,0.00,503.0
2024-06-28T11:00,33.8,56,23.7,37.6,18.6,100,0.00,665.0
2024-06-28T12:00,35.2,48,22.6,38.8,20.2,100,0.00,792.0
2024-06-28T13:00,36.2,44,21.9,40.1,18.4,100,0.00,875.0
2024-06-28T14:00,37.0,40,21.0,40.4,18.1,100,0.00,866.0
2024-06-28T15:00,37.5,37,20.4,40.6,18.0,100,0.00,886.0
2024-06-28T16:00,37.7,36,20.0,40.2,17.4,100,0.00,782.0
2024-06-28T17:00,37.7,35,19.5,39.1,18.9,100,0.00,674.0
2024-06-28T18:00,37.5,34,19.0,38.0,19.1,100,0.00,516.0
2024-06-28T19:00,36.8,35,18.7,37.1,19.9,100,0.00,331.0
2024-06-28T20:00,34.5,42,20.0,35.6,19.1,81,0.00,145.0
2024-06-28T21:00,33.0,45,19.6,33.8,19.2,72,0.00,16.0
2024-06-28T22:00,32.2,43,18.2,32.2,20.7,0,0.00,0.0
2024-06-28T23:00,31.2,45,18.0,31.4,18.2,0,0.00,0.0
2024-06-29T00:00,30.1,50,18.6,31.0,15.9,0,0.00,0.0
2024-06-29T01:00,29.1,56,19.3,30.4,14.9,1,0.00,0.0
2024-06-29T02:00,29.0,59,20.3,30.0,20.9,0,0.00,0.0
2024-06-29T03:00,28.5,66,21.6,30.1,21.0,2,0.00,0.0
2024-06-29T04:00,28.0,71,22.2,30.2,19.7,0,0.00,0.0
2024-06-29T05:00,27.7,73,22.5,30.1,19.2,0,0.00,0.0
2024-06-29T06:00,27.3,76,22.6,30.0,17.5,0,0.00,0.0
2024-06-29T07:00,27.2,78,23.1,30.2,17.9,2,0.00,13.0
2024-06-29T08:00,28.4,78,24.1,30.8,25.5,100,0.00,135.0
2024-06-29T09:00,29.7,72,24.0,32.5,22.3,100,0.00,227.0
2024-06-29T10:00,31.4,64,23.8,34.5,19.5,99,0.10,467.0
2024-06-29T11:00,32.6,59,23.5,36.3,16.4,100,0.10,615.0
2024-06-29T12:00,33.9,54,23.1,38.6,14.6,100,0.00,778.0
2024-06-29T13:00,35.0,48,22.2,39.6,14.2,100,0.00,852.0
2024-06-29T14:00,35.8,45,21.9,40.6,13.7,100,0.00,920.0
2024-06-29T15:00,36.5,41,21.2,40.8,14.6,97,0.00,914.0
2024-06-29T16:00,36.4,41,20.9,39.4,16.8,22,0.00,783.0
2024-06-29T17:00,35.8,43,21.2,38.1,18.1,21,0.00,634.0
2024-06-29T18:00,35.4,47,22.4,38.1,16.3,32,0.00,490.0
2024-06-29T19:00,35.2,47,22.2,37.7,17.4,14,0.00,315.0
2024-06-29T20:00,34.3,47,21.3,36.8,13.6,9,0.00,131.0
2024-06-29T21:00,33.0,50,21.1,36.0,9.6,15,0.00,16.0
2024-06-29T22:00,32.2,51,20.7,34.5,12.7,32,0.00,0.0
2024-06-29T23:00,31.6,51,20.2,33.7,13.2,10,0.00,0.0
2024-06-30T00:00,30.8,55,20.7,33.1,13.4,4,0.00,0.0
2024-06-30T01:00,30.5,60,21.8,32.5,19.2,95,0.00,0.0
2024-06-30T02:00,30.1,63,22.2,32.6,17.3,94,0.00,0.0
2024-06-30T03:00,29.5,66,22.5,32.2,17.3,96,0.00,0.0
2024-06-30T04:00,29.2,67,22.5,31.7,18.4,44,0.00,0.0
2024-06-30T05:00,28.9,67,22.2,31.3,18.0,11,0.00,0.0
2024-06-30T06:00,28.4,68,22.0,31.0,15.8,20,0.00,0.0
2024-06-30T07:00,28.0,70,22.0,31.1,12.9,10,0.00,12.0
2024-06-30T08:00,28.1,73,22.9,31.4,14.6,3,0.00,134.0
2024-06-30T09:00,29.2,67,22.5,32.6,12.8,0,0.00,325.0
2024-06-30T10:00,30.8,61,22.5,34.4,10.7,0,0.00,523.0
2024-06-30T11:00,32.5,54,22.0,36.9,9.2,0,0.00,702.0
2024-06-30T12:00,33.8,49,21.6,39.2,7.7,3,0.00,842.0
2024-06-30T13:00,34.8,46,21.4,40.9,5.8,6,0.00,931.0
2024-06-30T14:00,35.7,43,21.2,41.5,7.8,2,0.00,961.0
2024-06-30T15:00,36.2,41,21.0,41.2,9.5,18,0.00,904.0
2024-06-30T16:00,36.2,40,20.5,40.2,8.9,11,0.00,753.0
2024-06-30T17:00,36.3,39,20.0,39.3,10.6,3,0.00,671.0
2024-06-30T18:00,36.0,39,20.0,38.1,12.3,6,0.00,516.0
2024-06-30T19:00,35.5,40,19.9,37.3,13.7,4,0.00,332.0
2024-06-30T20:00,34.5,43,20.0,36.4,13.1,44,0.00,136.0
2024-06-30T21:00,33.2,45,19.8,35.0,13.5,51,0.00,15.0
2024-06-30T22:00,32.2,51,20.8,34.6,13.1,93,0.00,0.0
2024-06-30T23:00,31.4,56,21.5,33.8,14.7,100,0.00,0.0
2024-07-01T00:00,30.8,60,22.1,33.8,13.1,100,0.00,0.0
2024-07-01T01:00,30.1,63,22.4,33.6,11.2,100,0.00,0.0
2024-07-01T02:00,29.4,67,22.6,33.4,8.6,99,0.00,0.0
2024-07-01T03:00,28.4,72,22.8,32.9,6.2,94,0.00,0.0
2024-07-01T04:00,27.8,74,22.8,32.1,6.8,3,0.00,0.0
2024-07-01T05:00,27.2,75,22.4,31.3,7.2,0,0.00,0.0
2024-07-01T06:00,26.9,74,22.0,30.7,7.5,14,0.00,0.0
2024-07-01T07:00,27.0,73,21.8,30.6,8.9,2,0.00,12.0
2024-07-01T08:00,28.7,69,22.4,32.2,11.3,78,0.00,134.0
2024-07-01T09:00,30.7,60,22.1,33.8,12.6,99,0.00,320.0
2024-07-01T10:00,32.4,55,22.2,35.6,12.5,99,0.00,488.0
2024-07-01T11:00,33.8,49,21.8,37.3,12.2,97,0.00,648.0
2024-07-01T12:00,34.8,46,21.5,39.3,11.5,38,0.00,816.0
2024-07-01T13:00,35.5,43,20.9,40.0,11.4,68,0.00,882.0
2024-07-01T14:00,36.2,40,20.5,40.4,12.3,100,0.00,886.0
2024-07-01T15:00,36.5,38,20.0,40.4,12.7,100,0.00,878.0
2024-07-01T16:00,36.8,37,19.6,39.8,13.0,90,0.00,769.0
2024-07-01T17:00,37.0,35,19.2,39.2,14.4,55,0.00,701.0
2024-07-01T18:00,36.8,35,19.0,37.7,16.3,7,0.00,524.0
2024-07-01T19:00,36.0,37,18.9,36.7,18.2,3,0.00,329.0
2024-07-01T20:00,35.0,40,19.1,36.3,14.6,2,0.00,142.0
2024-07-01T21:00,33.3,45,19.6,34.8,15.3,1,0.00,16.0
2024-07-01T22:00,32.5,47,19.6,33.7,16.9,1,0.00,0.0
2024-07-01T23:00,31.8,50,20.1,33.2,16.7,0,0.00,0.0
2024-07-02T00:00,31.0,55,20.8,32.8,16.6,0,0.00,0.0
2024-07-02T01:00,30.0,61,21.7,32.3,16.6,0,0.00,0.0
2024-07-02T02:00,29.3,67,22.5,32.0,17.5,0,0.00,0.0
2024-07-02T03:00,28.8,68,22.2,31.7,14.5,0,0.00,0.0
2024-07-02T04:00,28.0,68,21.5,30.9,11.5,0,0.00,0.0
2024-07-02T05:00,27.5,65,20.2,29.9,10.4,0,0.00,0.0
2024-07-02T06:00,27.1,61,19.1,29.0,10.5,0,0.00,0.0
2024-07-02T07:00,27.2,61,19.0,28.9,11.2,0,0.00,12.0
2024-07-02T08:00,28.5,64,21.1,31.3,10.9,0,0.00,135.0
2024-07-02T09:00,30.2,60,21.6,33.0,13.4,0,0.00,326.0
2024-07-02T10:00,32.1,56,22.2,35.1,14.1,0,0.00,524.0
2024-07-02T11:00,33.9,50,22.1,37.5,15.0,0,0.00,701.0
2024-07-02T12:00,35.2,45,21.4,38.7,18.1,0,0.00,840.0
2024-07-02T13:00,36.3,40,20.6,39.5,19.8,0,0.00,929.0
2024-07-02T14:00,37.0,37,20.1,39.9,20.9,0,0.00,961.0
2024-07-02T15:00,37.6,35,19.6,40.1,20.5,1,0.00,925.0
2024-07-02T16:00,37.8,33,18.7,39.2,21.8,1,0.00,843.0
2024-07-02T17:00,37.8,31,17.7,38.0,23.3,0,0.00,709.0
2024-07-02T18:00,37.2,32,17.7,36.4,24.4,0,0.00,541.0
2024-07-02T19:00,36.5,33,17.5,35.8,23.0,0,0.00,345.0
2024-07-02T20:00,34.7,39,18.9,35.1,19.8,0,0.00,151.0
2024-07-02T21:00,33.2,45,19.5,34.0,19.4,0,0.00,17.0
2024-07-02T22:00,32.4,45,19.0,33.1,18.4,0,0.00,0.0
2024-07-02T23:00,31.6,47,18.8,32.2,18.0,0,0.00,0.0
2024-07-03T00:00,30.8,48,18.5,31.4,17.3,0,0.00,0.0
2024-07-03T01:00,30.0,50,18.5,31.0,14.8,0,0.00,0.0
2024-07-03T02:00,29.5,52,18.6,30.3,16.0,0,0.00,0.0
2024-07-03T03:00,29.0,52,18.4,29.5,17.7,0,0.00,0.0
2024-07-03T04:00,28.8,53,18.3,29.1,18.7,0,0.00,0.0
2024-07-03T05:00,28.4,56,18.6,29.0,17.3,0,0.00,0.0
2024-07-03T06:00,27.8,59,19.0,29.2,13.9,0,0.00,0.0
2024-07-03T07:00,27.6,62,19.6,29.4,13.1,0,0.00,12.0
2024-07-03T08:00,28.5,65,21.2,31.3,11.1,37,0.00,132.0
2024-07-03T09:00,30.1,60,21.5,32.8,13.5,13,0.00,321.0
2024-07-03T10:00,31.7,56,22.0,34.7,13.1,23,0.00,517.0
2024-07-03T11:00,33.2,51,21.6,36.9,13.0,15,0.00,694.0
2024-07-03T12:00,34.5,45,21.0,38.3,13.7,23,0.00,835.0
2024-07-03T13:00,35.5,42,20.5,39.5,14.5,0,0.00,925.0
2024-07-03T14:00,36.2,39,20.2,40.1,14.9,1,0.00,942.0
2024-07-03T15:00,37.0,37,19.6,40.2,16.4,4,0.00,923.0
2024-07-03T16:00,37.3,35,19.5,39.9,16.8,10,0.00,837.0
2024-07-03T17:00,37.4,35,19.4,39.0,17.6,29,0.00,677.0
2024-07-03T18:00,37.0,36,19.2,37.5,20.2,19,0.00,494.0
2024-07-03T19:00,36.0,36,18.6,36.1,21.4,20,0.00,323.0
2024-07-03T20:00,34.3,41,19.1,34.9,19.4,17,0.00,140.0
2024-07-03T21:00,33.0,45,19.5,33.8,19.1,15,0.00,16.0
2024-07-03T22:00,32.4,46,19.4,33.0,20.0,3,0.00,0.0
2024-07-03T23:00,31.5,51,20.0,32.3,20.6,1,0.00,0.0
2024-07-04T00:00,30.9,53,20.3,32.1,19.2,0,0.00,0.0
2024-07-04T01:00,30.3,55,20.3,31.8,17.3,0,0.00,0.0
2024-07-04T02:00,29.8,57,20.3,31.5,15.9,0,0.00,0.0
2024-07-04T03:00,29.4,58,20.1,31.0,15.9,0,0.00,0.0
2024-07-04T04:00,29.0,59,20.1,30.3,17.3,0,0.00,0.0
2024-07-04T05:00,28.5,62,20.6,30.1,17.8,0,0.00,0.0
2024-07-04T06:00,28.1,67,21.4,30.2,17.5,0,0.00,0.0
2024-07-04T07:00,28.0,69,21.9,30.4,16.5,0,0.00,11.0
2024-07-04T08:00,28.2,72,22.6,31.2,16.1,0,0.00,129.0
2024-07-04T09:00,29.6,67,22.9,32.7,15.8,0,0.00,318.0
2024-07-04T10:00,31.2,62,23.0,34.6,14.4,0,0.00,514.0
2024-07-04T11:00,32.8,56,23.0,37.0,13.8,0,0.00,691.0
2024-07-04T12:00,34.2,50,22.5,39.0,13.6,0,0.00,831.0
2024-07-04T13:00,35.4,46,22.0,40.4,13.8,3,0.00,923.0
2024-07-04T14:00,36.3,43,21.6,41.1,13.7,5,0.00,944.0
2024-07-04T15:00,36.9,40,21.2,41.4,13.7,12,0.00,910.0
2024-07-04T16:00,37.2,39,21.0,40.8,13.7,17,0.00,793.0
2024-07-04T17:00,37.2,39,20.8,40.3,11.9,21,0.00,654.0
2024-07-04T18:00,37.2,38,20.5,39.6,11.2,22,0.00,500.0
2024-07-04T19:00,36.7,39,20.3,39.3,9.3,38,0.00,298.0
2024-07-04T20:00,35.0,44,21.0,37.3,13.7,36,0.00,131.0
2024-07-04T21:00,33.6,48,21.1,35.7,16.2,36,0.00,15.0
2024-07-04T22:00,32.9,49,20.6,34.9,14.9,21,0.00,0.0
2024-07-04T23:00,32.2,50,20.6,34.2,14.8,7,0.00,0.0
2024-07-05T00:00,31.2,54,20.7,33.4,14.2,4,0.00,0.0
2024-07-05T01:00,30.6,55,20.6,32.5,15.9,1,0.00,0.0
2024-07-05T02:00,30.0,57,20.5,32.6,10.5,2,0.00,0.0
2024-07-05T03:00,29.6,58,20.5,32.4,9.8,1,0.00,0.0
2024-07-05T04:00,28.9,62,20.8,32.3,5.6,1,0.00,0.0
2024-07-05T05:00,28.1,65,20.9,31.6,5.8,0,0.00,0.0
2024-07-05T06:00,27.8,65,20.5,31.2,5.1,0,0.00,0.0
2024-07-05T07:00,28.0,66,21.0,31.7,4.6,2,0.00,11.0
2024-07-05T08:00,29.2,67,22.4,33.2,7.9,41,0.00,126.0
2024-07-05T09:00,29.9,62,21.8,32.8,12.9,65,0.60,280.0
2024-07-05T10:00,27.5,74,22.5,30.8,13.3,97,5.10,340.0
2024-07-05T11:00,27.9,74,22.9,31.8,10.5,14,0.10,346.0
2024-07-05T12:00,30.6,66,23.5,35.6,15.8,22,0.00,819.0
2024-07-05T13:00,31.4,64,23.8,36.6,15.8,60,0.30,848.0
2024-07-05T14:00,31.7,63,23.7,36.6,14.6,95,0.20,766.0
2024-07-05T15:00,31.6,60,22.9,34.5,17.7,98,0.50,521.0
2024-07-05T16:00,31.9,57,22.5,35.1,13.8,99,0.80,431.0
2024-07-05T17:00,33.3,46,20.2,35.1,15.6,99,0.00,399.0
2024-07-05T18:00,33.8,39,18.0,34.6,14.6,80,0.00,374.0
2024-07-05T19:00,33.7,38,17.5,34.6,11.5,99,0.00,300.0
2024-07-05T20:00,27.2,48,15.2,27.1,13.3,100,0.00,67.0
2024-07-05T21:00,26.7,51,15.8,26.9,12.2,9,0.00,7.0
2024-07-05T22:00,25.3,64,18.0,26.4,12.6,14,0.00,0.0
2024-07-05T23:00,24.3,71,18.6,25.5,13.5,14,0.00,0.0
2024-07-06T00:00,24.0,73,18.8,25.6,11.2,0,0.00,0.0
2024-07-06T01:00,23.8,70,18.1,25.3,9.7,0,0.00,0.0
2024-07-06T02:00,23.5,68,17.3,24.5,11.2,0,0.00,0.0
2024-07-06T03:00,23.2,68,16.9,24.1,11.2,0,0.00,0.0
2024-07-06T04:00,22.9,70,17.2,23.8,11.2,0,0.00,0.0
2024-07-06T05:00,22.6,73,17.5,23.9,9.7,0,0.00,0.0
2024-07-06T06:00,22.3,75,17.8,23.9,7.9,0,0.00,0.0
2024-07-06T07:00,22.5,76,18.1,24.2,8.3,1,0.00,11.0
2024-07-06T08:00,24.1,75,19.5,27.1,4.7,7,0.00,127.0
2024-07-06T09:00,25.9,70,20.0,28.7,6.9,0,0.00,306.0
2024-07-06T10:00,27.4,67,20.6,30.4,7.6,2,0.00,513.0
2024-07-06T11:00,28.8,64,21.2,33.2,6.5,0,0.00,692.0
2024-07-06T12:00,30.0,61,21.6,35.5,6.4,5,0.00,832.0
2024-07-06T13:00,31.0,57,21.6,37.1,6.5,11,0.00,925.0
2024-07-06T14:00,32.0,54,21.4,37.3,8.0,15,0.00,878.0
2024-07-06T15:00,32.7,51,21.3,37.5,10.5,12,0.00,866.0
2024-07-06T16:00,33.0,49,20.9,36.8,13.4,2,0.00,818.0
2024-07-06T17:00,32.8,48,20.5,35.6,14.0,5,0.00,688.0
2024-07-06T18:00,32.5,48,20.2,34.3,15.1,6,0.00,511.0
2024-07-06T19:00,32.2,48,19.8,33.8,14.0,10,0.00,328.0
2024-07-06T20:00,31.4,49,19.4,33.1,12.2,69,0.00,124.0
2024-07-06T21:00,29.8,56,20.0,32.1,11.0,97,0.00,14.0
2024-07-06T22:00,29.1,59,20.3,30.8,15.7,100,0.00,0.0
2024-07-06T23:00,28.8,61,20.5,30.8,13.8,100,0.00,0.0
2024-07-07T00:00,28.2,64,20.8,30.5,13.5,100,0.00,0.0
2024-07-07T01:00,27.9,66,20.9,30.4,11.9,100,0.00,0.0
2024-07-07T02:00,27.4,68,21.0,30.1,11.3,100,0.00,0.0
2024-07-07T03:00,27.0,69,20.9,29.5,12.2,100,0.00,0.0
2024-07-07T04:00,26.6,71,20.9,29.3,11.0,92,0.00,0.0
2024-07-07T05:00,26.0,74,21.1,29.1,9.3,62,0.00,0.0
2024-07-07T06:00,25.1,79,21.2,28.8,5.5,64,0.00,0.0
2024-07-07T07:00,25.1,80,21.4,28.4,9.1,35,0.00,10.0
2024-07-07T08:00,26.8,76,22.1,30.9,6.4,16,0.00,125.0
2024-07-07T09:00,27.0,77,22.7,29.9,16.6,93,0.40,321.0
2024-07-07T10:00,25.4,83,22.2,28.8,10.5,31,0.20,276.0
2024-07-07T11:00,28.6,73,23.2,32.5,12.7,10,0.00,565.0
2024-07-07T12:00,31.0,63,23.1,36.0,12.5,40,0.20,776.0
2024-07-07T13:00,32.3,60,23.5,38.3,9.8,18,0.10,839.0
2024-07-07T14:00,32.8,58,23.4,39.6,6.6,23,0.00,876.0
2024-07-07T15:00,33.2,56,23.1,39.8,6.0,9,0.10,860.0
2024-07-07T16:00,33.8,53,22.8,39.1,10.0,25,0.00,784.0
2024-07-07T17:00,33.8,52,22.5,37.2,14.8,26,0.00,625.0
2024-07-07T18:00,33.6,51,22.1,36.3,16.0,26,0.00,494.0
2024-07-07T19:00,32.7,53,22.0,34.6,20.1,32,0.00,304.0
2024-07-07T20:00,30.7,59,21.7,32.7,19.0,11,0.00,131.0
2024-07-07T21:00,29.0,64,21.4,30.2,23.0,2,0.00,15.0
2024-07-07T22:00,27.6,67,20.9,29.9,13.8,95,0.00,0.0
2024-07-07T23:00,26.9,71,21.2,29.8,10.7,79,0.00,0.0
2024-07-08T00:00,26.3,77,21.9,29.9,9.0,83,0.00,0.0
2024-07-08T01:00,23.4,87,21.1,24.2,24.6,100,4.80,0.0
2024-07-08T02:00,22.9,90,21.1,25.2,14.3,93,3.40,0.0
2024-07-08T03:00,23.5,90,21.8,25.9,16.4,83,0.00,0.0
2024-07-08T04:00,24.8,89,22.8,27.2,20.2,66,0.00,0.0
2024-07-08T05:00,24.9,88,22.6,28.2,13.3,97,0.00,0.0
2024-07-08T06:00,24.1,89,22.2,28.2,6.6,100,0.00,0.0
2024-07-08T07:00,24.3,87,22.0,27.9,9.2,100,0.00,8.0
2024-07-08T08:00,24.1,92,22.8,27.1,16.4,100,2.30,18.0
2024-07-08T09:00,22.3,93,21.0,23.6,21.6,99,1.40,76.0
2024-07-08T10:00,23.2,91,21.8,26.0,14.1,100,2.00,152.0
2024-07-08T11:00,23.3,94,22.2,26.0,16.3,100,0.80,98.0
2024-07-08T12:00,24.6,87,22.2,26.9,18.9,100,0.40,309.0
2024-07-08T13:00,27.0,74,22.0,28.2,28.0,100,0.00,635.0
2024-07-08T14:00,27.6,72,22.0,29.9,23.6,100,0.00,718.0
2024-07-08T15:00,27.5,73,22.3,28.3,29.7,96,0.40,519.0
2024-07-08T16:00,27.1,74,22.0,27.9,28.3,100,0.20,327.0
2024-07-08T17:00,25.8,70,19.8,25.5,27.2,100,0.20,176.0
2024-07-08T18:00,24.6,75,20.0,25.0,23.5,100,0.40,133.0
2024-07-08T19:00,24.0,79,20.1,24.9,21.3,78,0.20,118.0
2024-07-08T20:00,24.7,85,22.0,27.4,15.3,55,0.20,28.0
2024-07-08T21:00,24.1,88,22.0,27.4,11.2,1,0.00,13.0
2024-07-08T22:00,23.5,90,21.7,26.6,10.7,0,0.00,0.0
2024-07-08T23:00,23.0,90,21.2,26.0,10.3,0,0.00,0.0
2024-07-09T00:00,22.6,92,21.2,25.6,10.0,0,0.00,0.0
2024-07-09T01:00,22.1,94,21.1,25.5,7.7,1,0.00,0.0
2024-07-09T02:00,22.0,94,21.0,24.9,9.8,0,0.00,0.0
2024-07-09T03:00,21.6,95,20.8,24.7,8.4,0,0.00,0.0
2024-07-09T04:00,21.5,95,20.7,24.4,9.1,0,0.00,0.0
2024-07-09T05:00,21.4,95,20.6,24.4,7.4,0,0.00,0.0
2024-07-09T06:00,21.1,96,20.5,24.5,5.6,0,0.00,0.0
2024-07-09T07:00,21.4,97,20.9,24.9,5.4,0,0.00,9.0
2024-07-09T08:00,22.8,91,21.2,26.4,6.3,0,0.00,127.0
2024-07-09T09:00,24.8,81,21.3,28.5,6.0,0,0.00,318.0
2024-07-09T10:00,26.8,73,21.5,30.5,6.5,0,0.00,520.0
2024-07-09T11:00,28.5,67,21.8,33.0,8.2,3,0.00,701.0
2024-07-09T12:00,30.1,58,21.0,34.6,10.6,13,0.00,837.0
2024-07-09T13:00,31.4,49,19.3,34.6,14.3,19,0.00,880.0
2024-07-09T14:00,32.2,43,18.1,35.0,15.0,22,0.00,922.0
2024-07-09T15:00,32.8,39,17.1,35.1,13.7,25,0.00,887.0
2024-07-09T16:00,33.0,39,17.2,35.0,12.6,22,0.00,778.0
2024-07-09T17:00,32.8,39,17.1,34.1,13.0,12,0.00,671.0
2024-07-09T18:00,32.5,40,17.1,33.1,12.6,6,0.00,516.0
2024-07-09T19:00,31.9,41,17.0,32.8,10.7,4,0.00,330.0
2024-07-09T20:00,31.0,45,17.8,32.5,9.2,5,0.00,143.0
2024-07-09T21:00,29.1,50,17.6,30.7,8.0,0,0.00,15.0
2024-07-09T22:00,28.2,54,18.0,29.3,12.2,0,0.00,0.0
2024-07-09T23:00,27.5,61,19.2,28.8,14.6,0,0.00,0.0
2024-07-10T00:00,26.7,66,19.9,28.5,13.4,1,0.00,0.0
2024-07-10T01:00,26.0,70,20.1,28.5,10.0,6,0.00,0.0
2024-07-10T02:00,25.5,73,20.1,28.1,8.6,0,0.00,0.0
2024-07-10T03:00,24.8,75,20.1,27.6,7.6,0,0.00,0.0
2024-07-10T04:00,23.9,78,19.9,26.8,6.4,0,0.00,0.0
2024-07-10T05:00,23.4,80,19.7,25.9,8.1,2,0.00,0.0
2024-07-10T06:00,24.4,73,19.2,27.6,2.3,8,0.00,0.0
2024-07-10T07:00,23.8,79,19.9,27.3,1.8,4,0.00,9.0
2024-07-10T08:00,26.4,72,20.9,29.6,7.1,31,0.00,119.0
2024-07-10T09:00,28.2,64,20.9,31.7,5.9,20,0.00,272.0
2024-07-10T10:00,30.0,59,21.2,33.8,4.6,30,0.00,437.0
2024-07-10T11:00,31.6,54,21.3,35.8,5.0,22,0.00,616.0
2024-07-10T12:00,32.8,49,20.7,37.5,4.9,31,0.00,745.0
2024-07-10T13:00,33.9,43,19.6,38.5,6.7,20,0.00,857.0
2024-07-10T14:00,34.1,40,18.5,38.0,5.1,37,0.10,791.0
2024-07-10T15:00,32.3,45,18.8,36.1,7.1,60,0.50,800.0
2024-07-10T16:00,32.0,48,19.6,35.0,9.2,40,0.20,671.0
2024-07-10T17:00,32.5,46,19.3,35.9,5.6,16,0.00,658.0
2024-07-10T18:00,32.9,43,18.7,35.4,4.9,18,0.00,492.0
2024-07-10T19:00,32.8,42,18.1,34.3,9.5,15,0.00,317.0
2024-07-10T20:00,30.1,55,20.2,32.0,14.3,18,0.00,115.0
2024-07-10T21:00,28.7,61,20.5,30.9,12.6,16,0.00,14.0
2024-07-10T22:00,28.0,64,20.6,30.2,13.9,1,0.00,0.0
2024-07-10T23:00,27.5,71,21.8,30.9,10.2,1,0.00,0.0
2024-07-11T00:00,26.9,75,22.1,30.9,7.1,0,0.00,0.0
2024-07-11T01:00,26.1,78,22.0,30.2,6.0,0,0.00,0.0
2024-07-11T02:00,25.1,83,22.0,29.0,7.1,0,0.00,0.0
2024-07-11T03:00,24.8,85,22.0,28.9,5.8,3,0.00,0.0
2024-07-11T04:00,24.3,86,21.8,28.1,6.8,10,0.00,0.0
2024-07-11T05:00,24.0,85,21.2,27.6,6.2,0,0.00,0.0
2024-07-11T06:00,23.6,83,20.5,26.8,6.4,0,0.00,0.0
2024-07-11T07:00,23.8,81,20.4,27.1,5.1,0,0.00,9.0
2024-07-11T08:00,26.5,68,20.2,29.2,8.4,20,0.00,121.0
2024-07-11T09:00,29.0,58,19.8,31.4,9.0,20,0.00,303.0
2024-07-11T10:00,31.1,49,19.0,32.9,11.1,62,0.00,500.0
2024-07-11T11:00,32.8,42,18.0,34.7,12.0,16,0.00,685.0
2024-07-11T12:00,34.0,38,17.8,36.8,10.7,3,0.00,827.0
2024-07-11T13:00,34.9,36,17.5,38.5,8.9,3,0.00,923.0
2024-07-11T14:00,35.6,34,17.2,39.5,7.3,3,0.00,949.0
2024-07-11T15:00,36.1,32,16.7,39.3,8.9,19,0.00,924.0
2024-07-11T16:00,36.2,31,16.6,38.1,11.7,9,0.00,789.0
2024-07-11T17:00,36.0,31,16.4,37.3,11.3,20,0.00,688.0
2024-07-11T18:00,35.5,32,16.1,36.3,9.0,23,0.00,514.0
2024-07-11T19:00,34.7,34,16.5,35.1,12.9,14,0.00,301.0
2024-07-11T20:00,33.5,38,17.0,33.9,14.5,5,0.00,136.0
2024-07-11T21:00,31.5,45,18.0,31.9,17.0,5,0.00,15.0
2024-07-11T22:00,30.4,48,18.1,30.9,16.6,3,0.00,0.0
2024-07-11T23:00,29.5,50,17.9,30.4,13.0,0,0.00,0.0
2024-07-12T00:00,28.6,53,18.1,29.6,13.5,0,0.00,0.0
2024-07-12T01:00,27.6,58,18.6,29.0,12.6,0,0.00,0.0
2024-07-12T02:00,26.9,61,18.6,28.7,9.4,0,0.00,0.0
2024-07-12T03:00,26.2,63,18.6,27.7,12.0,0,0.00,0.0
2024-07-12T04:00,25.5,65,18.6,27.4,9.0,0,0.00,0.0
2024-07-12T05:00,25.0,69,18.9,27.1,7.9,0,0.00,0.0
2024-07-12T06:00,24.6,72,19.4,26.8,9.5,0,0.00,0.0
2024-07-12T07:00,24.6,75,20.0,27.1,9.4,0,0.00,8.0
2024-07-12T08:00,26.5,73,21.4,30.0,7.5,0,0.00,123.0
2024-07-12T09:00,28.6,66,21.6,32.2,7.2,0,0.00,314.0
2024-07-12T10:00,31.0,51,19.7,33.2,10.1,0,0.00,516.0
2024-07-12T11:00,32.5,43,18.2,34.4,13.3,0,0.00,697.0
2024-07-12T12:00,33.3,42,18.6,36.2,13.0,1,0.00,840.0
2024-07-12T13:00,34.1,40,18.8,37.6,12.4,3,0.00,924.0
2024-07-12T14:00,34.8,39,18.6,38.1,14.3,5,0.00,957.0
2024-07-12T15:00,35.5,36,18.2,38.2,15.0,14,0.00,917.0
2024-07-12T16:00,35.7,35,18.0,37.8,14.9,18,0.00,810.0
2024-07-12T17:00,35.7,35,17.8,36.6,15.8,43,0.00,635.0
2024-07-12T18:00,34.0,40,18.7,34.3,20.3,52,0.00,454.0
2024-07-12T19:00,32.8,46,19.6,33.5,20.3,29,0.00,272.0
2024-07-12T20:00,31.9,49,19.9,32.8,19.9,18,0.00,124.0
2024-07-12T21:00,30.8,52,19.9,32.3,15.6,8,0.00,14.0
2024-07-12T22:00,29.8,56,20.0,31.5,14.6,26,0.00,0.0
2024-07-12T23:00,28.7,58,19.6,30.0,16.2,12,0.00,0.0
2024-07-13T00:00,27.6,61,19.5,29.0,14.8,2,0.00,0.0
2024-07-13T01:00,26.8,65,19.5,28.5,13.3,18,0.00,0.0
2024-07-13T02:00,26.1,68,19.7,28.2,11.5,0,0.00,0.0
2024-07-13T03:00,25.5,71,19.8,27.5,11.6,0,0.00,0.0
2024-07-13T04:00,25.0,73,19.9,27.1,12.0,0,0.00,0.0
2024-07-13T05:00,24.6,77,20.2,27.1,10.4,0,0.00,0.0
2024-07-13T06:00,24.4,79,20.6,27.0,10.9,0,0.00,0.0
2024-07-13T07:00,24.4,81,21.0,27.2,10.9,0,0.00,8.0
2024-07-13T08:00,25.8,76,21.2,28.5,12.2,0,0.00,121.0
2024-07-13T09:00,27.5,69,21.2,30.1,13.2,0,0.00,312.0
2024-07-13T10:00,29.4,61,21.1,31.5,15.5,1,0.00,511.0
2024-07-13T11:00,31.1,53,20.5,33.9,14.5,5,0.00,683.0
2024-07-13T12:00,32.7,47,19.8,35.8,13.4,15,0.00,809.0
2024-07-13T13:00,33.5,43,19.4,36.6,14.6,22,0.00,864.0
2024-07-13T14:00,34.3,42,19.6,37.7,15.1,17,0.10,909.0
2024-07-13T15:00,34.8,42,20.0,38.3,15.1,2,0.00,918.0
2024-07-13T16:00,35.2,41,19.8,38.1,14.5,18,0.00,802.0
2024-07-13T17:00,35.2,40,19.5,36.8,16.6,27,0.00,646.0
2024-07-13T18:00,34.4,40,19.0,35.3,16.5,21,0.00,465.0
2024-07-13T19:00,32.8,45,19.4,33.3,21.2,57,0.10,284.0
2024-07-13T20:00,29.3,65,22.0,30.5,25.6,75,0.00,130.0
2024-07-13T21:00,28.1,67,21.5,30.2,18.0,18,0.00,12.0
2024-07-13T22:00,27.5,70,21.5,30.0,14.8,7,0.00,0.0
2024-07-13T23:00,27.0,75,22.1,29.6,16.1,1,0.00,0.0
2024-07-14T00:00,26.8,76,22.1,29.4,16.0,0,0.00,0.0
2024-07-14T01:00,26.6,76,22.0,29.3,15.1,0,0.00,0.0
2024-07-14T02:00,26.4,76,21.8,29.0,14.6,0,0.00,0.0
2024-07-14T03:00,26.0,78,21.9,28.8,14.2,0,0.00,0.0
2024-07-14T04:00,25.8,80,22.0,28.5,14.7,0,0.00,0.0
2024-07-14T05:00,25.7,79,21.9,28.2,16.1,0,0.00,0.0
2024-07-14T06:00,25.7,78,21.6,28.3,14.7,0,0.00,0.0
2024-07-14T07:00,25.8,78,21.7,28.5,13.9,0,0.00,7.0
2024-07-14T08:00,26.5,78,22.4,29.7,13.2,0,0.00,116.0
2024-07-14T09:00,28.2,72,22.7,31.5,13.8,1,0.00,305.0
2024-07-14T10:00,30.0,66,22.9,33.4,14.1,3,0.00,503.0
2024-07-14T11:00,32.0,58,22.6,35.9,13.9,13,0.00,682.0
2024-07-14T12:00,33.8,49,21.7,37.9,13.4,29,0.00,799.0
2024-07-14T13:00,35.1,43,20.8,39.0,14.7,40,0.00,884.0
2024-07-14T14:00,36.2,39,20.0,39.3,15.7,18,0.00,856.0
2024-07-14T15:00,37.0,35,19.1,39.3,17.9,18,0.00,860.0
2024-07-14T16:00,36.8,35,19.0,38.6,18.0,63,0.00,760.0
2024-07-14T17:00,36.8,34,18.5,37.7,16.9,63,0.00,583.0
2024-07-14T18:00,36.8,32,17.4,37.0,17.0,20,0.00,440.0
2024-07-14T19:00,36.5,31,16.6,36.2,18.2,34,0.00,308.0
2024-07-14T20:00,34.3,40,19.0,35.4,15.6,26,0.00,110.0
2024-07-14T21:00,33.2,42,18.6,34.2,15.2,15,0.00,12.0
2024-07-14T22:00,32.0,44,18.1,31.7,22.3,1,0.00,0.0
2024-07-14T23:00,30.8,52,19.6,31.1,22.7,0,0.00,0.0
2024-07-15T00:00,30.0,55,19.9,30.9,20.0,1,0.00,0.0
2024-07-15T01:00,29.4,56,19.8,30.3,19.1,0,0.00,0.0
2024-07-15T02:00,28.6,57,19.3,29.5,18.1,0,0.00,0.0
2024-07-15T03:00,27.8,60,19.3,28.7,18.0,0,0.00,0.0
2024-07-15T04:00,27.2,64,19.9,28.4,17.4,0,0.00,0.0
2024-07-15T05:00,26.8,68,20.4,28.4,17.1,0,0.00,0.0
2024-07-15T06:00,26.4,71,20.8,28.5,14.7,0,0.00,0.0
2024-07-15T07:00,26.2,74,21.1,28.3,16.1,0,0.00,7.0
2024-07-15T08:00,27.2,76,22.5,30.0,17.0,0,0.00,118.0
2024-07-15T09:00,28.8,70,22.8,31.4,18.7,0,0.00,309.0
2024-07-15T10:00,30.8,63,22.9,33.3,19.6,0,0.00,509.0
2024-07-15T11:00,32.8,55,22.5,35.8,19.3,0,0.00,689.0
2024-07-15T12:00,34.5,49,22.0,38.1,18.4,0,0.00,833.0
2024-07-15T13:00,36.2,40,20.5,39.2,19.7,0,0.00,925.0
2024-07-15T14:00,37.3,35,19.4,39.6,21.5,3,0.00,950.0
2024-07-15T15:00,38.0,32,18.5,39.8,21.5,18,0.00,930.0
2024-07-15T16:00,38.1,30,17.5,39.0,20.0,18,0.00,781.0
2024-07-15T17:00,38.2,27,15.9,37.6,21.1,44,0.00,665.0
2024-07-15T18:00,37.7,26,15.1,36.3,21.0,25,0.00,493.0
2024-07-15T19:00,37.0,27,14.9,35.7,20.6,19,0.00,329.0
2024-07-15T20:00,35.0,40,19.5,36.2,16.8,20,0.00,134.0
2024-07-15T21:00,33.7,43,19.5,35.4,13.1,1,0.00,13.0
2024-07-15T22:00,31.8,48,19.5,32.5,19.5,0,0.00,0.0
2024-07-15T23:00,30.5,55,20.5,31.4,22.2,0,0.00,0.0
2024-07-16T00:00,30.6,52,19.6,30.9,23.1,0,0.00,0.0
2024-07-16T01:00,30.1,53,19.4,30.6,21.1,0,0.00,0.0
2024-07-16T02:00,29.5,53,19.0,30.1,18.9,0,0.00,0.0
2024-07-16T03:00,28.9,57,19.4,29.7,18.4,0,0.00,0.0
2024-07-16T04:00,28.4,60,19.9,29.6,17.7,0,0.00,0.0
2024-07-16T05:00,28.1,61,20.0,29.3,18.4,0,0.00,0.0
2024-07-16T06:00,28.0,62,20.0,29.1,18.7,0,0.00,0.0
2024-07-16T07:00,27.9,61,19.7,28.8,18.9,0,0.00,7.0
2024-07-16T08:00,28.6,57,19.4,30.0,15.3,0,0.00,117.0
2024-07-16T09:00,30.2,50,18.6,30.6,19.3,0,0.00,308.0
2024-07-16T10:00,32.0,45,18.6,32.2,20.1,0,0.00,508.0
2024-07-16T11:00,33.8,41,18.9,34.9,19.9,0,0.00,690.0
2024-07-16T12:00,35.7,37,18.5,37.0,22.2,2,0.00,834.0
2024-07-16T13:00,37.2,33,18.1,38.8,21.4,40,0.00,930.0
2024-07-16T14:00,38.0,31,17.8,40.1,18.9,33,0.00,963.0
2024-07-16T15:00,38.7,29,17.3,40.6,18.0,0,0.00,936.0
2024-07-16T16:00,38.8,27,16.6,39.6,20.4,0,0.00,838.0
2024-07-16T17:00,38.9,26,15.8,38.7,20.2,0,0.00,718.0
2024-07-16T18:00,38.5,25,15.2,37.4,18.7,7,0.00,547.0
2024-07-16T19:00,37.5,27,15.1,36.8,16.6,27,0.00,345.0
2024-07-16T20:00,35.0,34,16.9,35.7,11.6,100,0.00,135.0
2024-07-16T21:00,33.4,38,17.4,34.4,11.4,95,0.00,10.0
2024-07-16T22:00,32.3,42,17.9,33.1,14.0,100,0.00,0.0
2024-07-16T23:00,31.6,46,18.8,32.7,15.0,74,0.00,0.0
2024-07-17T00:00,30.8,52,19.7,31.6,19.5,45,0.00,0.0
2024-07-17T01:00,30.1,53,19.5,31.2,17.7,100,0.00,0.0
2024-07-17T02:00,29.9,52,19.0,30.4,19.5,100,0.00,0.0
2024-07-17T03:00,29.5,54,19.4,30.1,20.4,100,0.00,0.0
2024-07-17T04:00,29.1,58,20.1,29.9,21.6,100,0.00,0.0
2024-07-17T05:00,28.8,61,20.5,30.0,20.1,81,0.00,0.0
2024-07-17T06:00,28.2,64,20.7,29.7,18.4,7,0.00,0.0
2024-07-17T07:00,27.9,66,20.9,29.8,16.3,61,0.00,6.0
2024-07-17T08:00,27.0,78,22.8,30.9,9.8,100,0.00,36.0
2024-07-17T09:00,28.5,72,23.0,31.9,14.6,100,0.00,131.0
2024-07-17T10:00,30.7,62,22.6,33.8,15.0,100,0.00,270.0
2024-07-17T11:00,32.3,54,22.0,35.8,10.2,100,0.00,407.0
2024-07-17T12:00,33.5,50,21.7,37.0,9.2,100,0.00,453.0
2024-07-17T13:00,31.4,57,21.7,35.3,5.4,100,0.40,517.0
2024-07-17T14:00,32.2,54,21.6,35.9,6.5,100,0.00,375.0
2024-07-17T15:00,32.9,52,21.6,37.3,3.4,100,0.00,581.0
2024-07-17T16:00,33.2,51,21.5,37.5,2.6,100,0.00,565.0
2024-07-17T17:00,33.2,49,21.1,36.9,4.8,100,0.00,413.0
2024-07-17T18:00,33.2,49,21.0,36.6,6.5,100,0.00,298.0
2024-07-17T19:00,33.0,50,21.0,36.5,5.4,100,0.00,234.0
2024-07-17T20:00,27.0,81,23.5,31.3,10.0,100,0.00,29.0
2024-07-17T21:00,26.6,82,23.4,30.9,9.8,100,0.00,6.0
2024-07-17T22:00,26.2,82,22.9,30.0,11.6,100,0.00,0.0
2024-07-17T23:00,25.6,83,22.6,29.2,12.0,100,0.00,0.0
2024-07-18T00:00,25.6,85,22.9,30.1,6.5,100,0.00,0.0
2024-07-18T01:00,25.6,88,23.5,30.4,6.6,100,0.00,0.0
2024-07-18T02:00,25.5,88,23.4,30.2,7.3,100,0.00,0.0
2024-07-18T03:00,24.9,90,23.2,30.0,3.3,85,0.00,0.0
2024-07-18T04:00,24.1,95,23.2,29.3,3.3,45,0.00,0.0
2024-07-18T05:00,24.2,94,23.2,29.7,1.1,62,0.00,0.0
2024-07-18T06:00,23.7,97,23.1,28.5,5.4,0,0.00,0.0
2024-07-18T07:00,23.8,96,23.1,28.1,8.5,5,0.00,6.0
2024-07-18T08:00,24.6,90,22.9,29.2,5.3,70,0.70,103.0
2024-07-18T09:00,25.7,85,22.9,30.7,3.0,30,0.10,211.0
2024-07-18T10:00,27.6,74,22.5,31.5,8.6,17,0.00,442.0
2024-07-18T11:00,29.1,66,22.0,33.0,9.3,27,0.00,604.0
2024-07-18T12:00,30.0,61,21.7,34.1,10.2,50,0.00,689.0
2024-07-18T13:00,30.6,57,21.3,33.8,12.6,39,0.10,636.0
2024-07-18T14:00,30.2,60,21.8,34.2,14.0,43,0.50,768.0
2024-07-18T15:00,31.5,54,20.9,34.1,20.5,25,0.10,817.0
2024-07-18T16:00,31.4,51,20.2,33.4,19.2,3,0.10,714.0
2024-07-18T17:00,32.1,46,19.2,33.4,17.7,13,0.00,642.0
2024-07-18T18:00,31.9,46,19.0,32.6,17.7,16,0.10,478.0
2024-07-18T19:00,30.5,55,20.5,32.1,16.7,47,0.00,293.0
2024-07-18T20:00,30.1,51,18.9,31.5,13.2,32,0.00,106.0
2024-07-18T21:00,29.6,54,19.2,31.7,10.0,30,0.00,9.0
2024-07-18T22:00,28.7,58,19.5,30.2,14.3,10,0.00,0.0
2024-07-18T23:00,27.0,67,20.5,28.7,16.6,2,0.00,0.0
2024-07-19T00:00,26.0,72,20.5,28.4,11.5,2,0.00,0.0
2024-07-19T01:00,25.5,75,20.6,28.6,7.0,8,0.00,0.0
2024-07-19T02:00,25.0,78,21.0,28.5,5.6,8,0.00,0.0
2024-07-19T03:00,24.6,81,21.1,28.3,5.4,3,0.00,0.0
2024-07-19T04:00,24.1,85,21.4,27.9,5.4,2,0.00,0.0
2024-07-19T05:00,23.7,87,21.5,27.6,4.8,0,0.00,0.0
2024-07-19T06:00,23.4,89,21.5,27.3,5.1,0,0.00,0.0
2024-07-19T07:00,23.4,90,21.7,27.3,5.9,0,0.00,6.0
2024-07-19T08:00,24.6,82,21.4,27.8,9.7,2,0.00,112.0
2024-07-19T09:00,26.2,71,20.6,28.7,11.9,2,0.00,303.0
2024-07-19T10:00,28.0,57,18.6,29.4,12.3,0,0.00,503.0
2024-07-19T11:00,29.2,51,17.9,31.1,11.9,2,0.00,684.0
2024-07-19T12:00,30.4,46,17.5,32.9,11.9,8,0.00,831.0
2024-07-19T13:00,31.4,43,17.2,34.6,10.2,13,0.00,917.0
2024-07-19T14:00,31.8,40,16.5,34.8,10.4,65,0.00,937.0
2024-07-19T15:00,32.2,38,16.1,34.5,12.0,87,0.00,907.0
2024-07-19T16:00,32.3,37,15.9,34.4,10.9,91,0.00,839.0
2024-07-19T17:00,32.5,36,15.5,33.9,9.1,90,0.00,704.0
2024-07-19T18:00,32.5,35,15.1,33.2,6.6,100,0.00,527.0
2024-07-19T19:00,32.0,35,14.7,32.2,9.5,94,0.00,326.0
2024-07-19T20:00,31.1,42,16.6,33.0,2.5,100,0.00,127.0
2024-07-19T21:00,28.6,45,15.6,29.6,6.6,100,0.00,12.0
2024-07-19T22:00,27.9,47,15.7,28.3,10.7,89,0.00,0.0
2024-07-19T23:00,26.6,55,16.9,27.5,10.4,0,0.00,0.0
2024-07-20T00:00,25.8,60,17.4,27.1,8.9,0,0.00,0.0
2024-07-20T01:00,25.1,63,17.6,26.4,9.7,0,0.00,0.0
2024-07-20T02:00,24.5,65,17.6,25.6,11.6,0,0.00,0.0
2024-07-20T03:00,24.1,66,17.5,25.3,10.5,0,0.00,0.0
2024-07-20T04:00,23.6,69,17.5,25.0,9.1,0,0.00,0.0
2024-07-20T05:00,23.1,71,17.6,24.8,7.6,0,0.00,0.0
2024-07-20T06:00,22.4,75,17.8,24.3,6.0,0,0.00,0.0
2024-07-20T07:00,22.6,74,17.9,24.7,5.8,0,0.00,5.0
2024-07-20T08:00,24.0,70,18.2,25.8,8.7,100,0.00,95.0
2024-07-20T09:00,25.9,63,18.2,27.9,6.9,96,0.00,284.0
2024-07-20T10:00,27.8,55,17.9,29.5,7.6,33,0.00,469.0
2024-07-20T11:00,29.6,47,17.0,32.1,5.8,2,0.00,685.0
2024-07-20T12:00,31.0,42,16.6,34.1,6.5,1,0.00,829.0
2024-07-20T13:00,32.0,40,16.7,35.7,6.6,0,0.00,924.0
2024-07-20T14:00,33.0,38,16.9,36.8,7.4,1,0.00,968.0
2024-07-20T15:00,33.5,37,16.9,36.4,11.4,7,0.00,928.0
2024-07-20T16:00,33.7,37,16.9,35.6,14.1,5,0.00,843.0
2024-07-20T17:00,33.8,36,16.8,35.0,13.7,32,0.00,703.0
2024-07-20T18:00,33.2,37,16.6,33.3,15.3,100,0.00,515.0
2024-07-20T19:00,32.2,40,16.8,32.0,17.4,100,0.00,285.0
2024-07-20T20:00,31.2,42,17.0,30.9,19.6,93,0.00,71.0
2024-07-20T21:00,30.2,45,16.9,30.2,16.6,64,0.00,8.0
2024-07-20T22:00,29.4,47,17.0,29.6,15.3,10,0.00,0.0
2024-07-20T23:00,28.5,50,17.2,29.2,13.2,15,0.00,0.0
2024-07-21T00:00,27.5,55,17.8,28.3,14.3,6,0.00,0.0
2024-07-21T01:00,26.8,59,18.0,27.5,14.8,33,0.00,0.0
2024-07-21T02:00,26.4,61,18.2,27.6,12.0,20,0.00,0.0
2024-07-21T03:00,24.9,72,19.5,26.8,11.6,45,1.30,0.0
2024-07-21T04:00,25.1,70,19.2,26.9,11.7,100,0.00,0.0
2024-07-21T05:00,25.2,68,18.8,26.9,10.8,76,0.00,0.0
2024-07-21T06:00,24.9,67,18.2,26.8,7.7,35,0.00,0.0
2024-07-21T07:00,23.5,79,19.6,24.7,16.6,79,0.70,4.0
2024-07-21T08:00,22.3,93,21.0,25.3,9.8,100,8.80,30.0
2024-07-21T09:00,23.0,93,21.7,26.3,9.6,88,2.10,60.0
2024-07-21T10:00,23.9,91,22.4,28.2,5.0,83,0.80,220.0
2024-07-21T11:00,24.5,87,22.3,28.1,10.9,91,0.20,254.0
2024-07-21T12:00,25.1,80,21.5,28.2,10.8,100,4.10,514.0
2024-07-21T13:00,24.7,83,21.7,28.4,7.2,92,0.50,206.0
2024-07-21T14:00,26.7,79,22.7,32.6,2.9,7,0.20,701.0
2024-07-21T15:00,28.5,72,23.0,36.3,2.0,38,0.00,928.0
2024-07-21T16:00,29.5,69,23.3,36.0,4.6,100,0.00,783.0
2024-07-21T17:00,29.9,66,23.0,34.8,6.7,52,0.00,615.0
2024-07-21T18:00,29.6,66,22.5,33.7,8.2,30,0.00,321.0
2024-07-21T19:00,28.5,69,22.2,31.2,15.7,37,0.00,202.0
2024-07-21T20:00,25.6,76,21.2,26.8,22.7,30,0.00,107.0
2024-07-21T21:00,24.9,81,21.5,27.4,14.1,96,0.00,9.0
2024-07-21T22:00,24.5,87,22.0,28.0,9.8,85,0.00,0.0
2024-07-21T23:00,24.1,86,21.7,27.9,6.4,17,0.10,0.0
2024-07-22T00:00,23.9,88,21.8,27.7,6.8,99,0.00,0.0
2024-07-22T01:00,23.8,90,22.0,27.9,5.4,99,0.00,0.0
2024-07-22T02:00,23.8,91,22.1,27.7,7.3,96,0.00,0.0
2024-07-22T03:00,23.6,92,22.2,27.5,8.1,100,0.00,0.0
2024-07-22T04:00,23.4,92,22.0,27.2,7.8,100,0.00,0.0
2024-07-22T05:00,23.1,91,21.6,26.8,7.4,99,0.00,0.0
2024-07-22T06:00,22.9,92,21.5,26.6,6.4,65,0.00,0.0
2024-07-22T07:00,22.6,93,21.5,26.0,8.7,65,0.00,4.0
2024-07-22T08:00,22.2,91,20.7,25.2,8.5,100,12.00,34.0
2024-07-22T09:00,22.2,87,20.0,24.5,10.8,37,0.20,49.0
2024-07-22T10:00,23.4,84,20.5,27.0,3.6,100,0.00,301.0
2024-07-22T11:00,23.8,84,20.8,27.5,3.5,100,0.00,172.0
2024-07-22T12:00,25.0,80,21.2,28.4,7.0,99,0.00,364.0
2024-07-22T13:00,25.9,76,21.5,29.6,6.0,78,0.00,419.0
2024-07-22T14:00,28.0,69,21.8,33.2,5.4,74,0.00,737.0
2024-07-22T15:00,28.8,66,21.7,34.4,3.6,35,0.00,760.0
2024-07-22T16:00,29.5,63,21.6,35.0,3.6,71,0.00,762.0
2024-07-22T17:00,29.6,60,21.1,33.2,6.0,100,0.00,518.0
2024-07-22T18:00,29.0,62,21.0,32.6,4.9,82,0.00,200.0
2024-07-22T19:00,29.0,61,20.8,32.6,4.2,38,0.00,261.0
2024-07-22T20:00,24.6,83,21.6,28.1,8.8,100,0.70,46.0
2024-07-22T21:00,24.4,83,21.3,27.8,8.0,100,0.20,4.0
2024-07-22T22:00,24.0,89,22.0,27.7,8.6,100,0.00,0.0
2024-07-22T23:00,23.9,91,22.4,28.4,4.1,100,0.30,0.0
2024-07-23T00:00,23.9,92,22.6,28.4,5.2,98,0.30,0.0
2024-07-23T01:00,23.5,94,22.5,28.2,3.8,88,0.60,0.0
2024-07-23T02:00,23.2,95,22.4,27.9,3.3,100,0.00,0.0
2024-07-23T03:00,23.5,93,22.4,28.3,2.6,100,0.00,0.0
2024-07-23T04:00,23.5,94,22.5,28.4,2.3,100,0.00,0.0
2024-07-23T05:00,23.4,95,22.5,28.2,2.3,23,0.00,0.0
2024-07-23T06:00,23.5,94,22.4,28.2,2.3,6,0.00,0.0
2024-07-23T07:00,22.9,96,22.1,27.2,4.8,22,0.00,4.0
2024-07-23T08:00,23.1,92,21.7,27.5,2.6,27,0.20,77.0
2024-07-23T09:00,24.6,85,22.0,28.6,6.6,61,0.00,248.0
2024-07-23T10:00,25.5,82,22.3,29.3,9.0,100,0.00,398.0
2024-07-23T11:00,25.5,80,21.8,29.3,7.6,100,0.50,305.0
2024-07-23T12:00,25.0,82,21.9,28.4,10.2,100,0.60,283.0
2024-07-23T13:00,26.6,75,21.8,30.0,9.8,100,0.00,498.0
2024-07-23T14:00,27.5,69,21.4,31.0,9.8,100,0.00,593.0
2024-07-23T15:00,28.0,67,21.2,31.2,10.8,100,0.00,594.0
2024-07-23T16:00,28.5,65,21.4,31.9,8.4,100,0.00,533.0
2024-07-23T17:00,28.9,64,21.3,32.5,6.2,100,0.00,509.0
2024-07-23T18:00,28.9,64,21.4,32.5,6.5,100,0.00,424.0
2024-07-23T19:00,28.4,66,21.5,31.9,7.6,100,0.00,240.0
2024-07-23T20:00,27.0,72,21.6,30.0,12.0,26,0.10,120.0
2024-07-23T21:00,25.9,77,21.5,29.0,10.4,9,0.00,9.0
2024-07-23T22:00,24.9,81,21.5,28.1,9.7,2,0.00,0.0
2024-07-23T23:00,24.1,85,21.4,27.3,9.4,1,0.00,0.0
2024-07-24T00:00,23.5,87,21.2,26.8,8.5,0,0.00,0.0
2024-07-24T01:00,23.0,90,21.2,26.4,7.2,0,0.00,0.0
2024-07-24T02:00,22.5,93,21.2,26.2,5.1,0,0.00,0.0
2024-07-24T03:00,22.0,96,21.2,25.8,4.8,2,0.00,0.0
2024-07-24T04:00,21.5,97,21.1,25.1,6.1,1,0.00,0.0
2024-07-24T05:00,22.0,96,21.4,26.1,3.4,1,0.00,0.0
2024-07-24T06:00,21.4,98,21.0,25.3,3.3,2,0.00,0.0
2024-07-24T07:00,21.4,99,21.2,25.5,2.6,4,0.00,4.0
2024-07-24T08:00,23.2,94,22.1,27.6,3.9,72,0.00,99.0
2024-07-24T09:00,24.7,85,22.0,28.7,5.8,45,0.00,257.0
2024-07-24T10:00,26.3,76,21.8,29.8,8.8,18,0.10,425.0
2024-07-24T11:00,27.5,70,21.5,31.0,9.9,20,0.10,616.0
2024-07-24T12:00,28.5,65,21.4,32.8,10.4,13,0.10,767.0
2024-07-24T13:00,29.4,62,21.4,34.0,11.5,9,0.00,852.0
2024-07-24T14:00,30.2,58,21.0,35.1,11.6,11,0.00,923.0
2024-07-24T15:00,30.8,56,20.9,35.3,11.8,8,0.00,901.0
2024-07-24T16:00,31.1,54,20.8,35.1,11.8,6,0.00,810.0
2024-07-24T17:00,31.3,54,20.8,34.6,12.1,6,0.00,693.0
2024-07-24T18:00,30.8,55,20.6,33.0,13.4,18,0.00,519.0
2024-07-24T19:00,29.9,59,21.0,32.4,12.3,28,0.00,298.0
2024-07-24T20:00,29.7,57,20.2,32.6,6.9,26,0.00,122.0
2024-07-24T21:00,27.4,71,21.6,30.0,14.7,15,0.00,9.0
2024-07-24T22:00,25.4,75,20.6,27.9,11.7,16,0.00,0.0
2024-07-24T23:00,25.0,76,20.5,28.1,6.3,5,0.00,0.0
2024-07-25T00:00,24.3,81,20.8,27.8,5.1,1,0.00,0.0
2024-07-25T01:00,23.7,87,21.5,27.3,7.2,0,0.00,0.0
2024-07-25T02:00,23.5,90,21.8,27.3,6.5,0,0.00,0.0
2024-07-25T03:00,23.3,93,22.0,27.2,6.9,0,0.00,0.0
2024-07-25T04:00,23.1,94,22.1,27.2,6.4,2,0.00,0.0
2024-07-25T05:00,23.0,96,22.2,27.2,5.4,3,0.00,0.0
2024-07-25T06:00,22.5,98,22.1,26.7,5.4,3,0.00,0.0
2024-07-25T07:00,22.6,98,22.4,27.3,3.2,1,0.00,4.0
2024-07-25T08:00,24.6,94,23.5,29.8,4.1,0,0.00,96.0
2024-07-25T09:00,26.3,87,24.0,31.6,5.7,5,0.00,287.0
2024-07-25T10:00,27.5,81,24.0,32.6,6.4,18,0.30,457.0
2024-07-25T11:00,28.4,76,23.8,33.4,8.5,29,0.30,604.0
2024-07-25T12:00,29.5,66,22.4,33.9,10.7,100,0.10,689.0
2024-07-25T13:00,30.5,58,21.5,34.2,11.1,100,0.10,658.0
2024-07-25T14:00,26.0,77,21.7,28.0,18.3,87,1.50,286.0
2024-07-25T15:00,28.2,68,21.9,30.9,17.5,53,0.20,609.0
2024-07-25T16:00,29.4,64,21.9,32.8,15.6,49,0.00,715.0
2024-07-25T17:00,29.5,63,21.6,32.2,15.5,30,0.00,609.0
2024-07-25T18:00,28.5,67,21.7,30.8,16.8,28,0.00,480.0
2024-07-25T19:00,28.2,66,21.2,30.5,14.7,22,0.00,284.0
2024-07-25T20:00,27.0,75,22.2,31.5,3.9,38,0.00,90.0
2024-07-25T21:00,25.8,81,22.3,30.3,4.2,13,0.00,9.0
2024-07-25T22:00,25.4,79,21.4,28.9,6.7,6,0.00,0.0
2024-07-25T23:00,24.6,83,21.5,28.4,6.2,8,0.00,0.0
2024-07-26T00:00,24.1,88,22.0,28.2,5.8,0,0.00,0.0
2024-07-26T01:00,23.7,92,22.3,27.7,7.3,1,0.00,0.0
2024-07-26T02:00,23.2,95,22.4,27.4,7.0,4,0.00,0.0
2024-07-26T03:00,22.9,96,22.2,26.8,7.9,4,0.00,0.0
2024-07-26T04:00,22.5,94,21.5,26.2,6.1,1,0.00,0.0
2024-07-26T05:00,21.8,95,21.0,25.6,4.1,0,0.00,0.0
2024-07-26T06:00,21.5,95,20.6,25.1,3.4,0,0.00,0.0
2024-07-26T07:00,21.5,94,20.5,24.6,6.9,2,0.00,3.0
2024-07-26T08:00,22.8,88,20.8,26.0,6.8,36,0.00,94.0
2024-07-26T09:00,24.2,80,20.6,27.3,8.0,58,0.00,267.0
2024-07-26T10:00,25.5,73,20.4,28.3,8.4,100,0.10,398.0
2024-07-26T11:00,26.1,70,20.4,29.0,7.9,100,0.10,379.0
2024-07-26T12:00,27.2,67,20.6,30.1,8.7,100,0.10,528.0
2024-07-26T13:00,27.9,65,20.5,30.4,10.7,99,0.00,542.0
2024-07-26T14:00,28.5,62,20.5,31.1,9.8,100,0.00,517.0
2024-07-26T15:00,29.3,58,20.2,32.3,8.7,100,0.00,606.0
2024-07-26T16:00,30.4,54,20.0,33.8,8.0,16,0.00,669.0
2024-07-26T17:00,31.0,51,19.9,33.5,11.4,46,0.00,604.0
2024-07-26T18:00,30.0,57,20.4,31.5,17.2,26,0.00,443.0
2024-07-26T19:00,29.0,61,20.6,31.0,15.0,23,0.00,275.0
2024-07-26T20:00,27.8,65,20.5,30.1,12.6,28,0.00,101.0
2024-07-26T21:00,27.1,67,20.4,29.6,11.1,14,0.00,6.0
2024-07-26T22:00,25.9,72,20.5,28.1,12.4,12,0.00,0.0
2024-07-26T23:00,25.0,77,20.6,27.4,12.4,8,0.00,0.0
2024-07-27T00:00,24.2,80,20.6,26.8,10.5,5,0.00,0.0
2024-07-27T01:00,23.6,83,20.5,26.6,7.9,14,0.00,0.0
2024-07-27T02:00,23.0,87,20.6,26.4,5.2,14,0.00,0.0
2024-07-27T03:00,22.6,89,20.8,26.2,4.6,46,0.00,0.0
2024-07-27T04:00,22.6,89,20.8,26.3,4.6,5,0.00,0.0
2024-07-27T05:00,22.0,93,20.9,25.7,4.6,1,0.00,0.0
2024-07-27T06:00,21.6,96,20.9,25.2,4.9,6,0.00,0.0
2024-07-27T07:00,21.9,95,21.0,25.7,3.7,3,0.00,3.0
2024-07-27T08:00,23.8,89,21.8,27.7,6.2,21,0.00,99.0
2024-07-27T09:00,25.2,83,22.1,29.4,6.0,42,0.00,274.0
2024-07-27T10:00,26.3,79,22.4,30.7,4.7,30,0.00,403.0
2024-07-27T11:00,27.2,74,22.2,31.7,4.9,22,0.20,574.0
2024-07-27T12:00,28.4,66,21.5,33.5,5.5,12,0.10,745.0
2024-07-27T13:00,29.8,58,20.8,34.8,8.0,7,0.00,868.0
2024-07-27T14:00,30.8,54,20.2,35.3,9.9,16,0.00,893.0
2024-07-27T15:00,31.4,51,20.0,35.1,12.6,18,0.00,860.0
2024-07-27T16:00,31.7,49,19.8,34.8,13.4,15,0.00,789.0
2024-07-27T17:00,31.9,49,19.8,33.9,15.1,20,0.00,646.0
2024-07-27T18:00,31.5,51,20.0,33.0,16.0,14,0.00,490.0
2024-07-27T19:00,31.0,51,19.8,32.4,16.0,9,0.00,299.0
2024-07-27T20:00,30.2,51,19.0,31.5,14.0,23,0.00,115.0
2024-07-27T21:00,28.0,66,21.0,28.9,23.5,21,0.00,7.0
2024-07-27T22:00,27.1,71,21.5,29.2,17.3,3,0.00,0.0
2024-07-27T23:00,26.4,72,20.9,27.9,19.1,0,0.00,0.0
2024-07-28T00:00,25.5,74,20.5,27.0,17.8,0,0.00,0.0
2024-07-28T01:00,24.7,78,20.7,26.4,16.9,0,0.00,0.0
2024-07-28T02:00,24.1,81,20.6,26.0,15.6,0,0.00,0.0
2024-07-28T03:00,23.6,84,20.6,25.8,13.8,0,0.00,0.0
2024-07-28T04:00,23.2,86,20.8,25.5,13.6,0,0.00,0.0
2024-07-28T05:00,22.9,89,20.9,25.3,12.8,0,0.00,0.0
2024-07-28T06:00,22.5,91,21.0,25.1,12.4,0,0.00,0.0
2024-07-28T07:00,22.5,92,21.0,24.9,13.8,2,0.00,3.0
2024-07-28T08:00,24.7,82,21.5,26.7,18.2,26,0.00,81.0
2024-07-28T09:00,26.2,75,21.5,28.0,20.0,49,0.00,253.0
2024-07-28T10:00,28.2,65,21.0,29.7,19.4,47,0.00,432.0
2024-07-28T11:00,29.8,58,20.6,31.0,21.7,100,0.00,610.0
2024-07-28T12:00,29.9,59,21.1,31.2,21.6,98,0.00,433.0
2024-07-28T13:00,31.6,53,21.0,33.7,19.9,48,0.00,669.0
2024-07-28T14:00,32.7,51,21.1,35.4,18.9,17,0.00,754.0
2024-07-28T15:00,33.5,48,20.8,36.3,19.0,22,0.00,829.0
2024-07-28T16:00,33.8,47,20.8,35.9,21.2,25,0.00,750.0
2024-07-28T17:00,33.9,46,20.6,35.3,21.3,17,0.00,617.0
2024-07-28T18:00,33.7,46,20.5,34.4,23.7,17,0.00,491.0
2024-07-28T19:00,33.0,49,20.8,34.2,20.6,38,0.00,291.0
2024-07-28T20:00,30.5,59,21.5,32.3,19.1,3,0.00,120.0
2024-07-28T21:00,29.2,64,21.9,31.2,19.9,5,0.00,8.0
2024-07-28T22:00,28.6,68,22.2,31.1,17.3,0,0.00,0.0
2024-07-28T23:00,28.0,71,22.2,30.2,19.1,1,0.00,0.0
2024-07-29T00:00,27.4,72,22.0,29.6,18.1,0,0.00,0.0
2024-07-29T01:00,26.8,77,22.4,29.5,16.2,0,0.00,0.0
2024-07-29T02:00,26.4,79,22.5,28.9,18.4,0,0.00,0.0
2024-07-29T03:00,25.9,82,22.6,28.2,20.2,2,0.00,0.0
2024-07-29T04:00,25.6,85,22.9,28.2,19.2,12,0.00,0.0
2024-07-29T05:00,25.4,87,23.0,28.2,18.7,5,0.00,0.0
2024-07-29T06:00,25.4,87,23.1,28.5,16.7,2,0.00,0.0
2024-07-29T07:00,25.2,88,23.0,28.2,17.5,1,0.00,3.0
2024-07-29T08:00,26.4,83,23.1,28.6,23.1,15,0.00,95.0
2024-07-29T09:00,27.9,75,23.0,29.5,26.4,24,0.00,255.0
2024-07-29T10:00,29.8,65,22.5,31.3,25.3,26,0.00,471.0
2024-07-29T11:00,31.2,59,22.1,33.1,24.3,19,0.00,643.0
2024-07-29T12:00,32.9,51,21.5,35.0,24.5,37,0.00,776.0
2024-07-29T13:00,34.0,46,20.8,35.8,24.0,49,0.00,789.0
2024-07-29T14:00,34.2,49,21.9,37.3,22.3,6,0.00,863.0
2024-07-29T15:00,35.0,47,21.9,38.2,22.6,5,0.00,880.0
2024-07-29T16:00,35.5,45,21.9,38.3,22.5,5,0.00,814.0
2024-07-29T17:00,35.7,44,21.4,37.6,22.3,5,0.00,685.0
2024-07-29T18:00,35.0,44,21.1,36.0,23.5,6,0.00,503.0
2024-07-29T19:00,33.9,48,21.2,35.1,22.8,3,0.00,306.0
2024-07-29T20:00,32.8,51,21.4,34.7,18.7,47,0.00,107.0
2024-07-29T21:00,31.5,56,21.6,34.0,15.2,12,0.00,6.0
2024-07-29T22:00,31.0,58,21.8,33.1,18.1,6,0.00,0.0
2024-07-29T23:00,30.4,60,21.9,32.2,20.5,2,0.00,0.0
2024-07-30T00:00,29.6,65,22.2,31.7,20.2,2,0.00,0.0
2024-07-30T01:00,28.9,70,22.9,31.5,19.6,1,0.00,0.0
2024-07-30T02:00,28.4,74,23.2,31.4,18.2,7,0.00,0.0
2024-07-30T03:00,28.0,76,23.4,31.1,17.4,20,0.00,0.0
2024-07-30T04:00,27.5,77,23.2,30.4,19.2,41,0.00,0.0
2024-07-30T05:00,27.0,77,22.6,29.4,19.5,82,0.00,0.0
2024-07-30T06:00,26.4,76,21.7,28.3,19.5,9,0.00,0.0
2024-07-30T07:00,25.8,77,21.4,27.6,18.9,1,0.00,2.0
2024-07-30T08:00,26.1,79,22.2,28.1,20.8,3,0.00,95.0
2024-07-30T09:00,28.0,69,21.9,28.9,27.2,59,0.00,283.0
2024-07-30T10:00,29.4,64,22.0,30.8,23.7,5,0.00,444.0
2024-07-30T11:00,31.0,58,21.7,32.9,22.7,7,0.00,664.0
2024-07-30T12:00,32.5,52,21.3,34.9,23.4,5,0.00,815.0
2024-07-30T13:00,33.8,47,21.0,36.3,23.4,4,0.00,902.0
2024-07-30T14:00,34.8,43,20.6,37.4,23.5,4,0.00,947.0
2024-07-30T15:00,35.6,41,20.5,38.0,23.8,2,0.00,920.0
2024-07-30T16:00,36.0,40,20.4,37.9,24.1,2,0.00,838.0
2024-07-30T17:00,36.1,39,20.1,37.3,23.0,0,0.00,698.0
2024-07-30T18:00,35.7,40,20.1,36.2,23.8,1,0.00,516.0
2024-07-30T19:00,35.0,43,20.4,35.8,21.6,0,0.00,314.0
2024-07-30T20:00,33.3,50,21.4,35.0,19.4,44,0.00,102.0
2024-07-30T21:00,32.2,54,21.8,34.6,15.6,11,0.00,6.0
2024-07-30T22:00,31.1,58,21.9,33.3,18.1,0,0.00,0.0
2024-07-30T23:00,30.4,62,22.1,32.3,20.8,0,0.00,0.0
2024-07-31T00:00,29.9,64,22.5,31.9,21.7,1,0.00,0.0
2024-07-31T01:00,29.2,68,22.6,31.5,20.7,2,0.00,0.0
2024-07-31T02:00,28.6,69,22.4,30.9,19.4,0,0.00,0.0
2024-07-31T03:00,27.9,71,22.2,30.1,19.7,0,0.00,0.0
2024-07-31T04:00,27.2,76,22.6,29.6,19.6,2,0.00,0.0
2024-07-31T05:00,26.6,82,23.2,29.3,19.7,2,0.00,0.0
2024-07-31T06:00,26.2,84,23.4,29.0,20.4,48,0.00,0.0
2024-07-31T07:00,26.4,83,23.3,29.0,20.8,100,0.00,2.0
2024-07-31T08:00,27.5,78,23.4,29.7,24.3,25,0.00,78.0
2024-07-31T09:00,28.7,72,23.2,30.7,24.8,5,0.00,251.0
2024-07-31T10:00,30.3,65,23.0,32.2,24.5,19,0.00,473.0
2024-07-31T11:00,32.1,57,22.4,34.2,24.2,25,0.00,657.0
2024-07-31T12:00,33.4,51,22.0,36.0,23.5,14,0.00,777.0
2024-07-31T13:00,34.8,45,21.1,37.1,24.1,67,0.00,861.0
2024-07-31T14:00,35.5,43,21.0,37.9,23.6,3,0.00,891.0
2024-07-31T15:00,35.8,43,21.2,38.5,23.4,2,0.00,917.0
2024-07-31T16:00,36.4,38,20.0,38.1,23.4,0,0.00,826.0
2024-07-31T17:00,36.7,35,18.9,37.1,24.5,0,0.00,694.0
2024-07-31T18:00,36.0,37,19.1,35.6,26.3,0,0.00,516.0
2024-07-31T19:00,35.2,40,19.5,34.9,26.0,0,0.00,314.0
2024-07-31T20:00,33.2,48,20.9,34.2,22.5,0,0.00,119.0
2024-07-31T21:00,32.0,54,21.5,33.5,21.2,0,0.00,6.0
2024-07-31T22:00,31.2,56,21.4,32.6,21.7,0,0.00,0.0
2024-07-31T23:00,30.4,59,21.5,32.1,20.2,0,0.00,0.0
2024-08-01T00:00,29.5,62,21.4,31.1,20.5,0,0.00,0.0
2024-08-01T01:00,28.8,61,20.4,30.0,19.1,0,0.00,0.0
2024-08-01T02:00,28.0,62,20.1,29.3,18.4,0,0.00,0.0
2024-08-01T03:00,27.1,64,19.8,28.5,16.8,0,0.00,0.0
2024-08-01T04:00,26.4,67,19.6,27.3,18.4,0,0.00,0.0
2024-08-01T05:00,25.7,69,19.5,26.7,18.3,0,0.00,0.0
2024-08-01T06:00,25.2,70,19.4,26.2,17.3,0,0.00,0.0
2024-08-01T07:00,24.6,72,19.3,26.0,14.8,0,0.00,2.0
2024-08-01T08:00,25.2,76,20.8,27.4,13.9,0,0.00,96.0
2024-08-01T09:00,27.0,70,21.0,28.6,19.2,0,0.00,291.0
2024-08-01T10:00,29.4,61,21.0,30.8,20.6,0,0.00,502.0
2024-08-01T11:00,31.7,52,20.5,33.5,20.8,0,0.00,690.0
2024-08-01T12:00,33.9,41,18.7,35.7,19.8,0,0.00,840.0
2024-08-01T13:00,35.7,33,17.0,37.0,20.5,0,0.00,938.0
2024-08-01T14:00,36.8,30,16.2,38.0,21.2,2,0.00,975.0
2024-08-01T15:00,37.6,28,15.8,38.4,21.3,7,0.00,945.0
2024-08-01T16:00,38.0,27,15.5,38.4,20.2,18,0.00,852.0
2024-08-01T17:00,38.0,26,14.9,37.4,20.6,2,0.00,709.0
2024-08-01T18:00,37.5,26,14.5,36.1,19.9,10,0.00,526.0
2024-08-01T19:00,36.4,28,14.9,35.6,16.6,44,0.00,320.0
2024-08-01T20:00,33.5,39,17.5,34.2,13.8,100,0.00,109.0
2024-08-01T21:00,31.7,45,18.1,32.9,12.4,100,0.00,6.0
2024-08-01T22:00,30.6,48,18.5,31.8,13.7,100,0.00,0.0
2024-08-01T23:00,29.8,51,18.6,30.7,15.9,13,0.00,0.0
2024-08-02T00:00,29.1,54,18.8,29.7,18.4,0,0.00,0.0
2024-08-02T01:00,28.5,57,19.1,29.6,16.3,0,0.00,0.0
2024-08-02T02:00,27.9,60,19.5,29.5,13.4,0,0.00,0.0
2024-08-02T03:00,27.1,63,19.6,29.1,11.8,0,0.00,0.0
2024-08-02T04:00,26.6,66,19.8,28.6,12.1,2,0.00,0.0
2024-08-02T05:00,26.0,70,20.0,28.6,9.3,32,0.00,0.0
2024-08-02T06:00,25.8,72,20.4,28.3,10.5,9,0.00,0.0
2024-08-02T07:00,25.4,76,20.8,28.5,7.5,100,0.00,2.0
2024-08-02T08:00,27.0,71,21.2,30.0,10.2,98,0.00,90.0
2024-08-02T09:00,29.0,64,21.6,32.7,6.8,25,0.00,268.0
2024-08-02T10:00,31.4,55,21.2,34.1,12.0,0,0.00,483.0
2024-08-02T11:00,33.4,48,20.8,36.9,10.4,63,0.00,673.0
2024-08-02T12:00,35.0,42,20.4,39.3,8.9,74,0.00,810.0
2024-08-02T13:00,36.4,38,19.9,41.2,7.9,48,0.00,913.0
2024-08-02T14:00,37.5,34,19.1,42.3,7.2,35,0.00,952.0
2024-08-02T15:00,38.2,32,18.6,42.7,6.8,0,0.00,925.0
2024-08-02T16:00,38.5,31,18.2,42.0,7.9,5,0.00,838.0
2024-08-02T17:00,38.6,29,17.6,41.2,7.1,0,0.00,697.0
2024-08-02T18:00,38.2,30,17.4,39.9,6.5,10,0.00,515.0
2024-08-02T19:00,37.3,31,17.3,38.6,9.1,19,0.00,308.0
2024-08-02T20:00,35.0,38,18.5,37.1,6.9,28,0.00,109.0
2024-08-02T21:00,33.3,45,19.9,36.3,5.8,66,0.00,5.0
2024-08-02T22:00,32.2,49,20.0,34.9,7.8,48,0.00,0.0
2024-08-02T23:00,31.4,54,21.0,33.7,14.0,19,0.00,0.0
2024-08-03T00:00,30.6,56,21.0,33.4,10.5,22,0.00,0.0
2024-08-03T01:00,30.0,59,21.0,33.3,7.2,71,0.00,0.0
2024-08-03T02:00,29.5,61,21.4,33.3,5.5,80,0.00,0.0
2024-08-03T03:00,28.5,67,21.9,32.8,4.4,18,0.00,0.0
2024-08-03T04:00,28.0,70,22.0,31.8,8.0,8,0.00,0.0
2024-08-03T05:00,27.6,73,22.5,31.6,8.3,23,0.00,0.0
2024-08-03T06:00,27.1,78,23.0,31.6,6.8,15,0.20,0.0
2024-08-03T07:00,26.6,81,23.2,31.7,4.1,9,0.00,1.0
2024-08-03T08:00,24.9,82,21.6,29.1,3.5,46,0.00,57.0
2024-08-03T09:00,27.1,75,22.4,31.4,6.4,4,0.00,253.0
2024-08-03T10:00,29.4,66,22.3,33.4,7.2,0,0.00,480.0
2024-08-03T11:00,31.2,58,22.0,36.3,4.6,0,0.00,669.0
2024-08-03T12:00,33.0,50,21.1,38.3,5.8,0,0.00,826.0
2024-08-03T13:00,34.2,42,19.4,38.8,8.4,0,0.00,930.0
2024-08-03T14:00,35.1,33,16.5,37.9,12.2,0,0.00,973.0
2024-08-03T15:00,35.8,29,14.9,37.9,12.6,0,0.00,950.0
2024-08-03T16:00,36.2,27,14.4,37.5,12.4,0,0.00,862.0
2024-08-03T17:00,35.9,28,14.6,36.5,12.4,0,0.00,716.0
2024-08-03T18:00,35.5,29,14.6,35.2,12.9,0,0.00,528.0
2024-08-03T19:00,34.3,37,17.6,35.6,9.7,0,0.00,320.0
2024-08-03T20:00,32.1,43,18.0,33.8,8.4,4,0.00,116.0
2024-08-03T21:00,30.4,44,16.8,31.3,9.7,46,0.00,5.0
2024-08-03T22:00,29.4,48,17.1,30.7,7.7,53,0.00,0.0
2024-08-03T23:00,28.5,57,19.2,31.1,6.1,4,0.00,0.0
2024-08-04T00:00,27.8,65,20.6,31.0,6.7,9,0.00,0.0
2024-08-04T01:00,27.5,69,21.1,30.9,7.2,21,0.00,0.0
2024-08-04T02:00,27.5,67,20.8,30.8,6.1,51,0.00,0.0
2024-08-04T03:00,27.8,64,20.4,30.9,6.2,99,0.00,0.0
2024-08-04T04:00,27.2,65,20.0,30.2,6.4,48,0.00,0.0
2024-08-04T05:00,26.1,69,20.0,29.0,7.0,0,0.00,0.0
2024-08-04T06:00,25.1,74,20.2,28.1,6.9,0,0.00,0.0
2024-08-04T07:00,24.3,80,20.6,27.5,6.5,0,0.00,1.0
2024-08-04T08:00,25.9,79,22.0,29.6,8.0,0,0.00,90.0
2024-08-04T09:00,28.1,72,22.5,32.3,7.2,33,0.00,280.0
2024-08-04T10:00,30.3,65,22.9,34.7,7.2,72,0.00,486.0
2024-08-04T11:00,32.0,56,22.0,36.1,8.6,46,0.00,647.0
2024-08-04T12:00,32.8,45,19.5,35.8,10.7,28,0.20,719.0
2024-08-04T13:00,33.5,42,18.6,36.6,10.9,65,0.10,819.0
2024-08-04T14:00,34.5,38,18.1,37.7,10.5,96,0.00,860.0
2024-08-04T15:00,35.2,36,17.8,38.1,12.0,85,0.00,873.0
2024-08-04T16:00,35.5,34,17.3,37.7,13.0,23,0.00,815.0
2024-08-04T17:00,35.5,34,17.2,36.8,14.0,20,0.00,690.0
2024-08-04T18:00,35.0,33,16.6,35.2,14.8,20,0.00,508.0
2024-08-04T19:00,34.3,34,16.2,34.3,14.8,49,0.00,306.0
2024-08-04T20:00,32.8,41,18.0,33.6,14.2,21,0.00,103.0
2024-08-04T21:00,31.4,46,18.5,32.3,14.8,6,0.00,4.0
2024-08-04T22:00,30.5,52,19.6,31.6,17.5,1,0.00,0.0
2024-08-04T23:00,29.4,57,20.0,31.1,14.7,7,0.00,0.0
2024-08-05T00:00,28.4,60,20.0,30.6,10.7,0,0.00,0.0
2024-08-05T01:00,27.4,64,20.0,30.0,8.3,3,0.00,0.0
2024-08-05T02:00,25.9,71,20.3,28.9,7.1,0,0.00,0.0
2024-08-05T03:00,24.8,78,20.6,27.7,8.7,0,0.00,0.0
2024-08-05T04:00,24.6,79,20.7,27.7,7.9,0,0.00,0.0
2024-08-05T05:00,24.0,82,20.8,27.2,7.5,0,0.00,0.0
2024-08-05T06:00,23.6,84,20.8,26.9,7.3,0,0.00,0.0
2024-08-05T07:00,23.5,85,20.9,26.9,6.5,0,0.00,1.0
2024-08-05T08:00,25.2,79,21.4,29.1,5.1,0,0.00,88.0
2024-08-05T09:00,27.7,69,21.5,31.6,4.7,0,0.00,278.0
2024-08-05T10:00,30.0,59,21.0,33.5,6.6,1,0.00,485.0
2024-08-05T11:00,31.6,50,20.0,35.1,7.5,1,0.00,673.0
2024-08-05T12:00,32.6,46,19.4,36.8,6.9,0,0.00,818.0
2024-08-05T13:00,33.5,42,18.9,38.1,6.6,1,0.00,914.0
2024-08-05T14:00,34.3,39,18.4,39.0,6.1,1,0.00,951.0
2024-08-05T15:00,34.9,36,17.7,39.2,5.8,1,0.00,926.0
2024-08-05T16:00,35.2,35,17.5,38.8,5.2,2,0.00,830.0
2024-08-05T17:00,35.2,35,17.4,38.0,5.1,6,0.00,693.0
2024-08-05T18:00,35.3,34,17.2,36.9,6.4,11,0.00,508.0
2024-08-05T19:00,34.7,34,16.6,35.5,10.3,15,0.00,302.0
2024-08-05T20:00,33.5,38,17.2,35.4,4.7,35,0.00,81.0
2024-08-05T21:00,31.5,39,15.8,32.5,6.3,10,0.00,4.0
2024-08-05T22:00,30.9,40,15.9,31.5,8.9,15,0.00,0.0
2024-08-05T23:00,29.8,45,16.4,30.5,9.8,9,0.00,0.0
2024-08-06T00:00,28.5,49,16.6,29.5,8.4,4,0.00,0.0
2024-08-06T01:00,27.4,51,16.3,28.5,7.1,0,0.00,0.0
2024-08-06T02:00,26.5,53,16.0,27.5,7.5,0,0.00,0.0
2024-08-06T03:00,25.5,58,16.5,26.7,7.2,0,0.00,0.0
2024-08-06T04:00,24.9,64,17.5,26.6,6.7,0,0.00,0.0
2024-08-06T05:00,24.5,65,17.4,26.2,6.5,0,0.00,0.0
2024-08-06T06:00,24.4,62,16.5,25.6,7.1,0,0.00,0.0
2024-08-06T07:00,24.3,61,16.2,25.2,8.7,0,0.00,1.0
2024-08-06T08:00,26.4,64,19.1,28.5,9.2,0,0.00,86.0
2024-08-06T09:00,28.7,58,19.8,31.3,7.9,0,0.00,276.0
2024-08-06T10:00,31.2,50,19.6,33.5,9.2,0,0.00,483.0
2024-08-06T11:00,33.5,43,19.0,36.1,10.2,0,0.00,670.0
2024-08-06T12:00,34.8,38,18.3,38.7,6.1,5,0.00,819.0
2024-08-06T13:00,35.6,34,17.5,40.4,1.8,1,0.00,906.0
2024-08-06T14:00,36.2,33,17.2,40.5,5.1,2,0.00,937.0
2024-08-06T15:00,36.8,32,17.2,39.9,10.3,5,0.00,906.0
2024-08-06T16:00,36.9,31,16.8,38.7,13.9,3,0.00,818.0
2024-08-06T17:00,36.7,29,15.6,37.3,13.8,5,0.00,698.0
2024-08-06T18:00,36.3,27,14.3,36.4,8.9,0,0.00,517.0
2024-08-06T19:00,35.9,27,14.1,36.5,5.4,0,0.00,310.0
2024-08-06T20:00,34.0,39,18.3,35.5,10.8,0,0.00,106.0
2024-08-06T21:00,32.1,42,17.4,32.3,17.0,0,0.00,4.0
2024-08-06T22:00,31.4,42,17.0,32.0,13.2,0,0.00,0.0
2024-08-06T23:00,30.5,45,17.4,31.1,13.6,0,0.00,0.0
2024-08-07T00:00,29.8,48,17.5,30.6,12.4,0,0.00,0.0
2024-08-07T01:00,29.2,51,18.0,30.5,11.2,0,0.00,0.0
2024-08-07T02:00,28.8,54,18.6,30.2,12.0,0,0.00,0.0
2024-08-07T03:00,28.1,55,18.2,29.6,10.5,0,0.00,0.0
2024-08-07T04:00,27.4,57,18.0,29.1,8.1,0,0.00,0.0
2024-08-07T05:00,26.9,59,18.2,28.9,6.9,0,0.00,0.0
2024-08-07T06:00,26.4,61,18.4,28.6,6.4,0,0.00,0.0
2024-08-07T07:00,25.8,66,19.0,28.1,7.4,0,0.00,1.0
2024-08-07T08:00,27.8,59,19.1,29.8,10.2,0,0.00,83.0
2024-08-07T09:00,30.2,52,19.2,32.5,8.1,0,0.00,274.0
2024-08-07T10:00,32.8,45,19.4,35.2,8.2,0,0.00,482.0
2024-08-07T11:00,35.2,38,19.0,38.4,6.3,0,0.00,672.0
2024-08-07T12:00,36.7,33,17.8,40.5,4.7,0,0.00,821.0
2024-08-07T13:00,37.5,31,17.8,41.7,6.1,0,0.00,916.0
2024-08-07T14:00,38.1,31,17.9,42.4,7.1,0,0.00,950.0
2024-08-07T15:00,38.5,30,17.9,42.7,6.5,1,0.00,922.0
2024-08-07T16:00,38.8,29,17.7,42.3,6.9,0,0.00,830.0
2024-08-07T17:00,38.8,29,17.6,41.3,7.6,1,0.00,688.0
2024-08-07T18:00,38.5,29,17.5,39.8,9.2,1,0.00,504.0
2024-08-07T19:00,37.7,30,17.2,38.9,9.2,3,0.00,298.0
2024-08-07T20:00,35.3,35,17.6,36.6,10.1,4,0.00,102.0
2024-08-07T21:00,33.5,40,18.0,35.0,9.5,18,0.00,3.0
2024-08-07T22:00,32.2,43,18.1,33.3,13.3,19,0.00,0.0
2024-08-07T23:00,31.5,45,18.0,32.5,12.5,7,0.00,0.0
2024-08-08T00:00,30.5,48,18.2,32.0,10.2,0,0.00,0.0
2024-08-08T01:00,29.8,50,18.4,31.5,9.0,0,0.00,0.0
2024-08-08T02:00,29.2,51,18.1,30.8,9.9,0,0.00,0.0
2024-08-08T03:00,28.6,52,17.9,30.2,8.5,0,0.00,0.0
2024-08-08T04:00,28.1,54,17.9,29.8,7.8,0,0.00,0.0
2024-08-08T05:00,27.6,56,18.0,29.3,8.4,0,0.00,0.0
2024-08-08T06:00,27.2,57,18.1,28.9,8.9,0,0.00,0.0
2024-08-08T07:00,27.0,59,18.3,28.8,8.9,0,0.00,1.0
2024-08-08T08:00,27.9,59,19.2,29.9,10.1,0,0.00,81.0
2024-08-08T09:00,30.1,52,19.2,32.4,8.3,8,0.00,268.0
2024-08-08T10:00,32.3,47,19.6,35.3,4.6,100,0.00,473.0
2024-08-08T11:00,34.3,43,19.8,38.3,3.0,55,0.00,656.0
2024-08-08T12:00,35.8,38,19.4,41.2,0.0,85,0.00,803.0
2024-08-08T13:00,36.8,36,19.4,41.8,5.2,17,0.00,894.0
2024-08-08T14:00,37.5,35,19.6,42.3,8.2,5,0.00,930.0
2024-08-08T15:00,38.0,35,19.6,42.5,7.9,11,0.00,888.0
2024-08-08T16:00,38.1,34,19.5,41.7,8.9,12,0.00,772.0
2024-08-08T17:00,38.5,33,19.2,41.3,9.1,31,0.00,663.0
2024-08-08T18:00,38.2,32,18.4,39.9,9.0,81,0.00,455.0
2024-08-08T19:00,37.1,34,18.9,38.6,12.3,70,0.00,246.0
2024-08-08T20:00,32.3,58,23.0,36.2,10.9,100,0.00,48.0
2024-08-08T21:00,31.5,62,23.4,34.9,15.4,100,0.00,2.0
2024-08-08T22:00,30.8,65,23.5,34.7,12.7,100,0.00,0.0
2024-08-08T23:00,30.2,70,24.2,35.1,9.7,100,0.00,0.0
2024-08-09T00:00,29.9,72,24.3,35.3,5.9,100,0.00,0.0
2024-08-09T01:00,29.5,74,24.2,34.6,7.5,77,0.00,0.0
2024-08-09T02:00,28.5,75,23.7,32.8,11.0,70,1.10,0.0
2024-08-09T03:00,28.3,78,24.0,32.9,10.6,58,0.70,0.0
2024-08-09T04:00,28.4,71,22.5,31.6,13.4,35,0.00,0.0
2024-08-09T05:00,28.0,64,20.5,30.3,12.9,24,0.00,0.0
2024-08-09T06:00,27.4,63,19.9,29.2,13.8,9,0.00,0.0
2024-08-09T07:00,25.9,71,20.3,26.2,25.2,89,0.40,1.0
2024-08-09T08:00,27.0,70,21.0,29.2,14.8,98,2.20,75.0
2024-08-09T09:00,25.0,85,22.2,27.2,19.7,100,6.60,86.0
2024-08-09T10:00,24.8,87,22.4,28.2,11.5,100,0.20,43.0
2024-08-09T11:00,26.0,86,23.4,30.2,10.4,100,0.40,249.0
2024-08-09T12:00,27.9,77,23.5,32.1,11.0,100,0.20,425.0
2024-08-09T13:00,29.2,71,23.4,33.2,12.8,100,0.10,578.0
2024-08-09T14:00,29.9,67,23.1,33.8,12.3,97,0.10,566.0
2024-08-09T15:00,31.1,63,23.1,36.5,9.5,41,0.10,758.0
2024-08-09T16:00,32.1,57,22.5,37.2,6.3,75,0.00,688.0
2024-08-09T17:00,32.2,56,22.2,36.2,7.3,100,0.00,458.0
2024-08-09T18:00,32.3,55,22.1,36.0,9.2,34,0.00,424.0
2024-08-09T19:00,31.9,56,22.0,35.6,8.0,9,0.00,243.0
2024-08-09T20:00,29.5,66,22.5,32.9,12.0,93,0.00,72.0
2024-08-09T21:00,28.5,71,22.8,32.4,10.0,95,0.00,2.0
2024-08-09T22:00,27.9,75,23.0,32.3,7.0,64,0.00,0.0
2024-08-09T23:00,27.5,78,23.3,31.8,9.7,31,0.00,0.0
2024-08-10T00:00,27.2,81,23.6,31.6,9.8,28,0.00,0.0
2024-08-10T01:00,26.9,81,23.3,31.7,6.3,73,0.00,0.0
2024-08-10T02:00,26.9,72,21.4,30.1,9.3,11,0.00,0.0
2024-08-10T03:00,26.6,64,19.4,28.3,13.4,48,0.00,0.0
2024-08-10T04:00,26.2,64,18.9,27.8,11.9,59,0.00,0.0
2024-08-10T05:00,25.8,64,18.5,27.5,10.0,55,0.00,0.0
2024-08-10T06:00,25.4,64,18.0,27.0,8.7,100,0.00,0.0
2024-08-10T07:00,24.9,64,17.5,26.1,10.0,66,0.00,1.0
2024-08-10T08:00,24.5,64,17.3,25.3,12.5,52,0.10,65.0
2024-08-10T09:00,25.6,58,16.8,26.4,10.7,61,0.00,193.0
2024-08-10T10:00,26.8,56,17.3,28.1,8.8,61,0.00,343.0
2024-08-10T11:00,28.8,53,18.4,30.6,11.1,51,0.00,616.0
2024-08-10T12:00,30.8,51,19.5,34.3,9.8,95,0.00,780.0
2024-08-10T13:00,32.3,49,20.3,37.0,8.4,4,0.00,871.0
2024-08-10T14:00,33.3,47,20.6,38.5,8.4,17,0.00,920.0
2024-08-10T15:00,34.2,45,20.6,39.2,8.2,35,0.00,891.0
2024-08-10T16:00,34.6,44,20.5,38.8,9.2,17,0.00,801.0
2024-08-10T17:00,35.0,43,20.5,38.3,9.4,6,0.00,659.0
2024-08-10T18:00,34.8,43,20.5,37.3,10.8,8,0.00,481.0
2024-08-10T19:00,34.0,44,20.1,36.0,13.1,33,0.00,275.0
2024-08-10T20:00,32.2,49,20.2,34.7,10.0,46,0.00,80.0
2024-08-10T21:00,31.1,53,20.4,33.3,12.9,58,0.00,2.0
2024-08-10T22:00,30.4,54,20.1,32.1,15.0,12,0.00,0.0
2024-08-10T23:00,29.8,56,20.0,31.3,15.3,6,0.00,0.0
2024-08-11T00:00,29.0,58,20.0,30.9,13.8,100,0.00,0.0
2024-08-11T01:00,28.5,60,20.0,30.3,14.0,97,0.00,0.0
2024-08-11T02:00,28.1,61,19.8,30.1,12.2,13,0.00,0.0
2024-08-11T03:00,27.8,62,19.9,29.6,13.7,12,0.00,0.0
2024-08-11T04:00,27.5,63,19.8,29.0,15.5,90,0.00,0.0
2024-08-11T05:00,27.2,63,19.5,28.4,16.8,6,0.00,0.0
2024-08-11T06:00,26.8,64,19.4,28.1,15.3,9,0.00,0.0
2024-08-11T07:00,26.4,66,19.4,28.2,11.6,24,0.00,0.0
2024-08-11T08:00,27.4,66,20.4,29.6,12.7,100,0.00,66.0
2024-08-11T09:00,28.1,63,20.4,30.6,10.9,100,0.00,150.0
2024-08-11T10:00,29.4,59,20.5,32.7,5.4,100,0.00,341.0
2024-08-11T11:00,30.8,55,20.7,33.5,10.1,100,0.00,478.0
2024-08-11T12:00,31.8,54,21.2,35.5,6.8,100,0.00,593.0
2024-08-11T13:00,33.5,50,21.5,37.9,12.3,100,0.00,820.0
2024-08-11T14:00,34.8,47,21.6,39.1,13.7,81,0.00,843.0
2024-08-11T15:00,35.6,45,21.8,40.2,12.7,66,0.00,852.0
2024-08-11T16:00,35.8,44,21.8,39.7,14.3,34,0.00,769.0
2024-08-11T17:00,35.9,43,21.5,38.5,15.8,35,0.00,596.0
2024-08-11T18:00,35.5,44,21.4,37.5,18.0,53,0.00,426.0
2024-08-11T19:00,34.7,46,21.2,36.2,19.9,89,0.00,237.0
2024-08-11T20:00,32.1,50,20.4,33.1,21.0,100,0.00,83.0
2024-08-11T21:00,31.1,54,20.6,32.6,18.6,99,0.00,2.0
2024-08-11T22:00,30.3,56,20.6,32.0,17.2,90,0.00,0.0
2024-08-11T23:00,29.5,59,20.5,31.5,14.8,100,0.00,0.0
2024-08-12T00:00,29.1,60,20.5,30.9,15.5,40,0.00,0.0
2024-08-12T01:00,28.9,59,20.1,30.5,15.6,2,0.00,0.0
2024-08-12T02:00,28.3,60,19.9,29.9,15.2,74,0.00,0.0
2024-08-12T03:00,27.9,60,19.3,28.9,17.0,95,0.00,0.0
2024-08-12T04:00,27.4,61,19.1,28.6,15.5,47,0.00,0.0
2024-08-12T05:00,27.0,64,19.7,28.5,15.0,100,0.00,0.0
2024-08-12T06:00,26.6,68,20.4,28.4,16.0,12,0.00,0.0
2024-08-12T07:00,26.3,73,21.1,28.4,15.9,0,0.00,0.0
2024-08-12T08:00,27.0,77,22.7,29.9,17.0,3,0.00,71.0
2024-08-12T09:00,28.7,71,22.9,31.4,18.7,5,0.00,256.0
2024-08-12T10:00,30.5,64,22.8,33.5,16.2,11,0.00,443.0
2024-08-12T11:00,32.2,56,22.5,36.1,12.6,12,0.00,645.0
2024-08-12T12:00,33.6,51,22.1,38.0,12.8,14,0.00,792.0
2024-08-12T13:00,34.7,46,21.5,39.2,13.4,16,0.00,888.0
2024-08-12T14:00,35.6,43,21.1,40.0,14.0,1,0.00,922.0
2024-08-12T15:00,36.1,42,21.1,40.2,14.7,0,0.00,889.0
2024-08-12T16:00,36.5,41,21.0,40.0,15.5,0,0.00,805.0
2024-08-12T17:00,36.3,41,21.0,38.6,18.0,0,0.00,664.0
2024-08-12T18:00,36.0,40,20.1,37.1,19.1,0,0.00,485.0
2024-08-12T19:00,35.2,40,19.6,36.1,18.8,0,0.00,283.0
2024-08-12T20:00,34.0,45,20.4,35.3,18.3,7,0.00,89.0
2024-08-12T21:00,32.5,52,21.4,34.6,17.2,0,0.00,2.0
2024-08-12T22:00,31.5,55,21.4,33.8,15.5,1,0.00,0.0
2024-08-12T23:00,30.8,55,20.8,32.9,14.5,4,0.00,0.0
2024-08-13T00:00,30.1,57,20.7,32.4,13.7,8,0.00,0.0
2024-08-13T01:00,29.5,59,20.5,32.1,10.6,72,0.00,0.0
2024-08-13T02:00,28.9,60,20.2,31.3,10.6,51,0.00,0.0
2024-08-13T03:00,28.6,60,20.0,30.7,11.9,10,0.00,0.0
2024-08-13T04:00,28.1,63,20.5,30.7,10.4,9,0.00,0.0
2024-08-13T05:00,27.7,68,21.3,30.7,10.9,18,0.00,0.0
2024-08-13T06:00,27.3,73,22.0,30.9,9.0,11,0.00,0.0
2024-08-13T07:00,26.9,76,22.4,30.8,8.0,21,0.00,0.0
2024-08-13T08:00,27.8,79,23.8,32.3,10.0,14,0.00,71.0
2024-08-13T09:00,29.5,71,23.6,33.4,13.3,3,0.00,244.0
2024-08-13T10:00,31.0,63,23.1,34.5,14.8,0,0.00,426.0
2024-08-13T11:00,33.0,53,22.0,36.2,14.8,25,0.00,644.0
2024-08-13T12:00,34.8,44,20.6,38.1,14.4,2,0.00,786.0
2024-08-13T13:00,36.0,40,20.2,39.5,15.7,0,0.00,887.0
2024-08-13T14:00,36.9,37,19.7,39.9,17.6,1,0.00,922.0
2024-08-13T15:00,36.3,37,19.5,38.8,19.7,36,0.20,894.0
2024-08-13T16:00,36.3,38,19.5,38.1,17.4,29,0.00,694.0
2024-08-13T17:00,35.9,40,20.1,37.5,17.3,51,0.00,596.0
2024-08-13T18:00,35.1,41,19.8,36.4,17.1,61,0.00,406.0
2024-08-13T19:00,34.5,42,19.9,35.9,16.9,76,0.00,250.0
2024-08-13T20:00,34.2,45,20.6,36.1,14.8,34,0.00,76.0
2024-08-13T21:00,32.9,49,20.7,34.9,15.3,4,0.00,1.0
2024-08-13T22:00,32.0,51,20.5,33.5,17.2,9,0.00,0.0
2024-08-13T23:00,31.0,53,20.2,32.2,18.7,69,0.00,0.0
2024-08-14T00:00,30.5,53,19.8,31.7,18.1,100,0.00,0.0
2024-08-14T01:00,30.3,54,20.0,31.8,16.2,100,0.00,0.0
2024-08-14T02:00,29.8,56,20.0,31.3,16.2,100,0.00,0.0
2024-08-14T03:00,29.2,58,20.0,30.8,16.2,71,0.00,0.0
2024-08-14T04:00,28.7,61,20.4,30.5,15.5,62,0.00,0.0
2024-08-14T05:00,28.1,64,20.8,30.3,14.6,1,0.00,0.0
2024-08-14T06:00,27.8,67,21.0,30.2,13.1,0,0.00,0.0
2024-08-14T07:00,27.4,69,21.2,30.1,12.0,0,0.00,0.0
2024-08-14T08:00,28.4,69,22.2,31.5,13.6,0,0.00,70.0
2024-08-14T09:00,30.0,62,21.9,32.4,17.0,0,0.00,254.0
2024-08-14T10:00,32.0,54,21.6,34.2,17.1,0,0.00,458.0
2024-08-14T11:00,34.0,46,20.8,36.2,17.2,4,0.00,646.0
2024-08-14T12:00,35.5,41,20.0,38.1,17.1,0,0.00,793.0
2024-08-14T13:00,36.5,37,19.6,39.6,16.2,0,0.00,888.0
2024-08-14T14:00,37.3,35,19.1,40.2,16.6,2,0.00,922.0
2024-08-14T15:00,37.7,34,19.0,40.3,17.1,7,0.00,888.0
2024-08-14T16:00,37.9,34,19.1,40.0,17.1,12,0.00,783.0
2024-08-14T17:00,37.5,34,19.0,38.5,16.5,22,0.00,577.0
2024-08-14T18:00,36.9,33,18.0,37.3,17.5,22,0.00,412.0
2024-08-14T19:00,36.3,35,18.5,36.8,17.9,21,0.00,255.0
2024-08-14T20:00,34.8,37,18.0,34.8,19.5,36,0.00,74.0
2024-08-14T21:00,33.2,42,18.5,34.2,14.9,19,0.00,1.0
2024-08-14T22:00,32.2,46,19.1,33.2,16.6,6,0.00,0.0
2024-08-14T23:00,31.6,46,18.6,32.1,18.1,4,0.00,0.0
2024-08-15T00:00,30.9,49,18.8,31.5,18.5,2,0.00,0.0
2024-08-15T01:00,30.4,50,18.9,31.3,16.2,2,0.00,0.0
2024-08-15T02:00,29.5,54,19.1,31.0,13.2,1,0.00,0.0
2024-08-15T03:00,29.1,55,19.1,30.4,14.8,3,0.00,0.0
2024-08-15T04:00,28.9,58,19.8,30.4,15.5,1,0.00,0.0
2024-08-15T05:00,28.6,62,20.8,30.6,15.6,0,0.00,0.0
2024-08-15T06:00,28.4,65,21.2,30.9,13.7,4,0.00,0.0
2024-08-15T07:00,28.0,68,21.5,30.8,12.4,51,0.00,0.0
2024-08-15T08:00,28.5,69,22.1,31.5,14.1,0,0.00,69.0
2024-08-15T09:00,30.1,63,22.2,32.7,16.9,0,0.00,252.0
2024-08-15T10:00,32.0,57,22.4,34.6,17.0,0,0.00,454.0
2024-08-15T11:00,34.0,50,22.0,37.1,15.7,0,0.00,641.0
2024-08-15T12:00,35.9,42,21.0,39.5,13.7,13,0.00,789.0
2024-08-15T13:00,37.2,36,19.8,40.6,12.8,10,0.00,837.0
2024-08-15T14:00,38.1,34,19.3,41.4,13.3,20,0.00,868.0
2024-08-15T15:00,38.5,33,19.1,41.2,15.2,17,0.00,838.0
2024-08-15T16:00,38.3,32,18.6,40.1,15.9,26,0.00,735.0
2024-08-15T17:00,38.0,32,18.7,39.2,16.2,25,0.00,599.0
2024-08-15T18:00,37.0,35,18.8,38.2,13.8,76,0.00,302.0
2024-08-15T19:00,36.2,35,18.1,36.7,16.1,50,0.00,191.0
2024-08-15T20:00,35.0,36,17.8,35.7,14.5,70,0.00,70.0
2024-08-15T21:00,34.0,38,17.7,34.6,14.8,68,0.00,1.0
2024-08-15T22:00,33.4,38,17.3,33.2,19.0,53,0.00,0.0
2024-08-15T23:00,32.2,41,17.5,32.8,14.7,30,0.00,0.0
2024-08-16T00:00,31.4,45,18.0,31.8,17.0,5,0.00,0.0
2024-08-16T01:00,31.0,47,18.2,31.4,17.4,1,0.00,0.0
2024-08-16T02:00,30.6,49,18.6,31.0,19.1,0,0.00,0.0
2024-08-16T03:00,30.0,54,19.7,31.1,17.9,0,0.00,0.0
2024-08-16T04:00,29.4,60,20.9,31.1,17.3,0,0.00,0.0
2024-08-16T05:00,28.9,65,21.5,31.3,15.3,0,0.00,0.0
2024-08-16T06:00,28.5,67,21.9,31.4,13.6,0,0.00,0.0
2024-08-16T07:00,28.2,69,22.0,31.4,12.0,0,0.00,0.0
2024-08-16T08:00,29.1,68,22.6,32.7,11.6,2,0.00,67.0
2024-08-16T09:00,30.8,62,22.6,33.8,15.3,6,0.00,247.0
2024-08-16T10:00,32.6,56,22.8,35.6,16.3,57,0.00,449.0
2024-08-16T11:00,34.8,49,22.3,37.9,16.1,77,0.00,629.0
2024-08-16T12:00,36.8,40,21.0,40.3,14.3,81,0.00,778.0
2024-08-16T13:00,37.9,35,19.9,41.6,11.2,48,0.00,825.0
2024-08-16T14:00,38.7,33,19.5,42.6,8.6,33,0.00,813.0
2024-08-16T15:00,39.3,31,19.1,42.6,10.3,56,0.00,792.0
2024-08-16T16:00,38.8,26,15.8,39.6,11.6,88,0.00,645.0
2024-08-16T17:00,38.4,28,16.5,39.3,8.9,79,0.10,450.0
2024-08-16T18:00,36.8,31,17.1,37.7,11.3,96,0.00,248.0
2024-08-16T19:00,36.6,35,18.7,38.1,12.0,86,0.00,207.0
2024-08-16T20:00,36.0,35,18.2,36.8,15.3,43,0.00,68.0
2024-08-16T21:00,34.5,40,19.0,35.1,18.6,37,0.00,1.0
2024-08-16T22:00,33.8,41,18.7,34.2,18.9,22,0.00,0.0
2024-08-16T23:00,32.8,43,18.5,33.8,14.5,4,0.00,0.0
2024-08-17T00:00,31.6,47,18.8,32.3,17.5,1,0.00,0.0
2024-08-17T01:00,31.2,46,18.2,31.6,18.4,0,0.00,0.0
2024-08-17T02:00,30.8,47,18.0,31.2,16.9,0,0.00,0.0
2024-08-17T03:00,30.1,50,18.5,30.8,17.0,0,0.00,0.0
2024-08-17T04:00,29.7,54,19.5,30.8,17.3,0,0.00,0.0
2024-08-17T05:00,29.1,59,20.5,31.0,15.1,0,0.00,0.0
2024-08-17T06:00,28.6,63,20.8,30.8,14.7,30,0.00,0.0
2024-08-17T07:00,28.3,63,20.6,30.0,16.6,100,0.00,0.0
2024-08-17T08:00,28.6,65,21.4,31.2,14.0,97,0.00,66.0
2024-08-17T09:00,30.5,59,21.5,32.9,15.5,66,0.00,248.0
2024-08-17T10:00,32.5,54,21.9,35.3,14.3,39,0.00,456.0
2024-08-17T11:00,34.6,48,21.9,38.1,12.3,0,0.00,636.0
2024-08-17T12:00,36.5,41,21.2,40.2,13.7,2,0.00,785.0
2024-08-17T13:00,37.7,36,20.2,41.8,11.7,14,0.00,882.0
2024-08-17T14:00,38.4,34,19.7,42.3,11.0,93,0.00,867.0
2024-08-17T15:00,38.8,32,19.2,42.4,10.2,100,0.00,844.0
2024-08-17T16:00,39.0,31,18.6,41.7,11.3,100,0.00,738.0
2024-08-17T17:00,39.0,31,18.5,40.4,14.2,100,0.00,607.0
2024-08-17T18:00,38.2,32,18.8,39.5,13.3,100,0.00,361.0
2024-08-17T19:00,37.5,34,19.0,39.1,12.5,97,0.00,198.0
2024-08-17T20:00,35.5,37,18.6,37.0,11.9,85,0.00,73.0
2024-08-17T21:00,34.2,41,19.0,35.4,14.5,96,0.00,0.0
2024-08-17T22:00,33.2,43,19.0,34.2,15.8,76,0.00,0.0
2024-08-17T23:00,32.3,43,18.3,33.0,16.1,100,0.00,0.0
2024-08-18T00:00,31.3,46,18.5,32.3,14.1,77,0.00,0.0
2024-08-18T01:00,30.4,50,18.7,31.5,14.4,31,0.00,0.0
2024-08-18T02:00,29.7,52,18.6,31.0,12.7,6,0.00,0.0
2024-08-18T03:00,29.1,53,18.5,30.8,10.0,0,0.00,0.0
2024-08-18T04:00,28.4,55,18.5,30.3,8.4,0,0.00,0.0
2024-08-18T05:00,27.7,57,18.5,29.7,7.6,0,0.00,0.0
2024-08-18T06:00,27.2,59,18.5,29.1,8.9,0,0.00,0.0
2024-08-18T07:00,26.9,61,18.6,28.7,8.9,0,0.00,0.0
2024-08-18T08:00,28.0,62,20.1,30.1,12.9,0,0.00,68.0
2024-08-18T09:00,30.6,55,20.5,32.8,13.1,0,0.00,256.0
2024-08-18T10:00,33.3,48,20.7,35.5,14.3,0,0.00,464.0
2024-08-18T11:00,35.8,41,20.5,38.1,15.5,0,0.00,653.0
2024-08-18T12:00,37.4,36,19.8,40.6,13.0,0,0.00,802.0
2024-08-18T13:00,38.7,32,19.1,42.6,10.0,0,0.00,898.0
2024-08-18T14:00,39.5,30,18.5,43.5,9.5,0,0.00,931.0
2024-08-18T15:00,40.2,27,17.5,43.2,11.3,2,0.00,898.0
2024-08-18T16:00,40.3,25,16.2,42.0,13.1,0,0.00,804.0
2024-08-18T17:00,40.3,23,15.1,40.8,12.6,0,0.00,659.0
2024-08-18T18:00,39.8,24,15.4,39.8,12.6,0,0.00,479.0
2024-08-18T19:00,38.8,27,16.4,39.1,12.7,0,0.00,271.0
2024-08-18T20:00,36.8,31,17.0,37.8,10.7,6,0.00,78.0
2024-08-18T21:00,34.7,39,18.6,36.6,9.0,0,0.00,0.0
2024-08-18T22:00,33.2,45,19.9,35.6,9.3,23,0.00,0.0
2024-08-18T23:00,32.0,49,20.1,34.7,9.0,87,0.00,0.0
2024-08-19T00:00,31.5,49,19.6,33.3,12.5,0,0.00,0.0
2024-08-19T01:00,30.9,50,19.3,32.4,13.6,0,0.00,0.0
2024-08-19T02:00,30.4,52,19.3,31.7,15.0,3,0.00,0.0
2024-08-19T03:00,29.9,53,19.1,31.0,15.3,20,0.00,0.0
2024-08-19T04:00,29.3,54,19.0,30.4,15.4,11,0.00,0.0
2024-08-19T05:00,29.0,54,18.9,30.0,15.8,6,0.00,0.0
2024-08-19T06:00,28.8,54,18.6,29.6,16.3,0,0.00,0.0
2024-08-19T07:00,28.4,55,18.5,29.4,15.1,16,0.00,0.0
2024-08-19T08:00,29.1,55,19.0,29.7,19.2,2,0.00,66.0
2024-08-19T09:00,31.5,47,18.8,31.9,19.3,0,0.00,256.0
2024-08-19T10:00,34.1,40,18.4,34.4,19.0,8,0.00,466.0
2024-08-19T11:00,36.7,33,17.8,37.8,15.3,27,0.00,657.0
2024-08-19T12:00,38.4,28,16.6,40.6,10.7,36,0.00,804.0
2024-08-19T13:00,39.7,24,15.6,42.1,10.3,44,0.00,894.0
2024-08-19T14:00,40.7,21,14.2,42.8,9.7,17,0.00,930.0
2024-08-19T15:00,41.4,18,12.6,42.8,9.8,0,0.00,901.0
2024-08-19T16:00,41.7,17,11.8,42.2,10.4,1,0.00,808.0
2024-08-19T17:00,41.7,17,11.6,41.6,8.3,3,0.00,660.0
2024-08-19T18:00,41.5,17,11.1,41.1,4.7,1,0.00,471.0
2024-08-19T19:00,41.0,17,10.9,41.2,0.8,6,0.00,263.0
2024-08-19T20:00,38.0,27,15.5,37.2,18.1,87,0.00,70.0
2024-08-19T21:00,36.5,31,16.4,35.8,19.7,24,0.00,0.0
2024-08-19T22:00,35.7,32,16.5,35.3,18.1,41,0.00,0.0
2024-08-19T23:00,34.5,36,17.1,34.7,16.3,84,0.00,0.0
2024-08-20T00:00,33.5,38,17.4,33.4,18.8,80,0.00,0.0
2024-08-20T01:00,32.7,39,17.0,32.9,15.0,75,0.00,0.0
2024-08-20T02:00,31.4,42,16.9,32.9,6.0,85,0.00,0.0
2024-08-20T03:00,30.6,45,17.2,32.5,5.1,25,0.00,0.0
2024-08-20T04:00,29.6,48,17.5,31.7,4.5,13,0.00,0.0
2024-08-20T05:00,28.8,52,18.0,30.3,8.8,22,0.00,0.0
2024-08-20T06:00,28.5,54,18.1,29.8,11.3,23,0.00,0.0
2024-08-20T07:00,27.8,57,18.5,29.4,10.3,19,0.00,0.0
2024-08-20T08:00,27.5,64,20.1,30.0,10.1,10,0.00,63.0
2024-08-20T09:00,29.7,59,20.7,32.6,9.2,13,0.00,252.0
2024-08-20T10:00,32.4,48,20.0,35.0,8.6,0,0.00,445.0
2024-08-20T11:00,34.5,41,19.1,37.6,6.5,0,0.00,642.0
2024-08-20T12:00,36.2,36,18.8,40.0,5.8,20,0.00,789.0
2024-08-20T13:00,37.5,34,18.8,41.5,8.0,37,0.00,882.0
2024-08-20T14:00,38.4,32,18.6,42.5,8.9,58,0.00,916.0
2024-08-20T15:00,39.0,30,18.1,42.8,8.2,29,0.00,884.0
2024-08-20T16:00,39.5,29,18.0,42.7,7.7,1,0.00,796.0
2024-08-20T17:00,39.5,29,18.1,41.6,9.7,1,0.00,648.0
2024-08-20T18:00,38.8,31,18.6,40.1,13.3,4,0.00,459.0
2024-08-20T19:00,37.3,35,19.3,38.5,16.2,19,0.00,239.0
2024-08-20T20:00,36.2,39,19.9,37.8,14.8,15,0.00,67.0
2024-08-20T21:00,34.6,47,21.7,36.9,16.9,13,0.00,0.0
2024-08-20T22:00,32.1,53,21.3,33.1,24.1,5,0.00,0.0
2024-08-20T23:00,31.0,56,21.2,32.3,22.6,0,0.00,0.0
2024-08-21T00:00,30.5,54,20.1,31.3,21.2,11,0.00,0.0
2024-08-21T01:00,29.9,53,19.2,30.4,20.1,1,0.00,0.0
2024-08-21T02:00,29.4,53,19.0,30.0,18.5,0,0.00,0.0
2024-08-21T03:00,28.8,55,18.9,29.4,18.0,2,0.00,0.0
2024-08-21T04:00,28.1,57,18.7,28.6,18.5,1,0.00,0.0
2024-08-21T05:00,27.5,58,18.4,27.6,20.6,3,0.00,0.0
2024-08-21T06:00,27.0,58,18.1,26.9,20.6,0,0.00,0.0
2024-08-21T07:00,26.6,59,18.0,26.8,18.7,0,0.00,0.0
2024-08-21T08:00,26.7,57,17.5,26.5,19.7,0,0.00,56.0
2024-08-21T09:00,27.9,53,17.4,27.3,21.9,3,0.00,245.0
2024-08-21T10:00,29.8,48,17.6,29.6,19.6,1,0.00,445.0
2024-08-21T11:00,31.6,44,18.0,32.3,18.2,0,0.00,635.0
2024-08-21T12:00,33.4,41,18.2,35.2,16.9,2,0.00,789.0
2024-08-21T13:00,34.8,38,18.5,37.0,16.9,48,0.00,850.0
2024-08-21T14:00,35.8,36,18.5,38.1,16.4,95,0.00,848.0
2024-08-21T15:00,36.7,34,18.5,38.8,16.7,92,0.00,817.0
2024-08-21T16:00,37.0,34,18.5,38.5,18.1,95,0.00,741.0
2024-08-21T17:00,37.2,33,18.5,38.3,16.9,87,0.00,632.0
2024-08-21T18:00,36.8,34,18.5,37.9,13.8,0,0.00,452.0
2024-08-21T19:00,36.0,35,18.4,36.7,16.9,2,0.00,251.0
2024-08-21T20:00,34.1,43,19.7,35.4,16.8,0,0.00,67.0
2024-08-21T21:00,33.0,47,20.1,34.5,16.5,0,0.00,0.0
2024-08-21T22:00,31.9,52,20.8,33.2,20.3,0,0.00,0.0
2024-08-21T23:00,30.6,55,20.5,31.3,24.1,0,0.00,0.0
2024-08-22T00:00,29.7,54,19.5,30.3,20.2,0,0.00,0.0
2024-08-22T01:00,29.2,53,18.5,29.6,19.0,0,0.00,0.0
2024-08-22T02:00,28.9,51,17.6,29.0,18.4,0,0.00,0.0
2024-08-22T03:00,28.4,51,17.2,28.5,16.6,13,0.00,0.0
2024-08-22T04:00,28.0,51,16.9,27.9,17.3,79,0.00,0.0
2024-08-22T05:00,27.7,50,16.2,27.3,17.6,84,0.00,0.0
2024-08-22T06:00,27.4,49,15.7,26.8,16.8,23,0.00,0.0
2024-08-22T07:00,26.9,50,15.4,26.0,18.4,28,0.00,0.0
2024-08-22T08:00,26.4,50,15.1,25.1,20.5,32,0.00,49.0
2024-08-22T09:00,28.0,49,16.3,27.3,19.4,15,0.00,173.0
2024-08-22T10:00,29.8,48,17.6,30.0,17.3,3,0.00,409.0
2024-08-22T11:00,32.0,46,19.0,32.8,20.0,6,0.00,626.0
2024-08-22T12:00,34.0,44,20.0,36.2,19.4,4,0.00,780.0
2024-08-22T13:00,35.8,42,20.9,39.1,17.8,3,0.00,871.0
2024-08-22T14:00,37.2,40,21.2,41.2,16.3,0,0.00,903.0
2024-08-22T15:00,38.3,37,21.1,42.2,15.3,2,0.00,874.0
2024-08-22T16:00,38.8,36,21.1,42.1,16.5,18,0.00,777.0
2024-08-22T17:00,35.4,44,21.4,37.5,18.5,67,0.00,596.0
2024-08-22T18:00,35.0,47,21.9,36.8,20.4,77,0.00,220.0
2024-08-22T19:00,35.3,45,21.5,37.0,20.2,72,0.00,186.0
2024-08-22T20:00,33.0,56,23.0,36.8,10.9,94,0.00,46.0
2024-08-22T21:00,33.2,54,22.6,36.4,14.3,51,0.00,0.0
2024-08-22T22:00,32.8,54,22.2,35.4,16.6,48,0.00,0.0
2024-08-22T23:00,31.4,56,21.5,32.7,22.9,19,0.00,0.0
2024-08-23T00:00,29.8,64,22.3,31.4,23.8,5,0.00,0.0
2024-08-23T01:00,28.8,72,23.2,31.5,19.6,39,0.00,0.0
2024-08-23T02:00,28.2,77,23.7,31.3,19.4,62,0.00,0.0
2024-08-23T03:00,27.8,78,23.7,31.2,17.1,60,0.00,0.0
2024-08-23T04:00,27.3,81,23.7,30.9,15.8,42,0.00,0.0
2024-08-23T05:00,27.1,82,23.9,31.1,14.0,57,0.00,0.0
2024-08-23T06:00,27.0,84,24.0,31.1,13.4,4,0.00,0.0
2024-08-23T07:00,27.0,83,24.0,30.5,18.2,1,0.00,0.0
2024-08-23T08:00,29.1,71,23.4,32.3,17.3,0,0.00,57.0
2024-08-23T09:00,30.9,65,23.5,33.8,19.8,0,0.00,235.0
2024-08-23T10:00,33.0,54,22.5,35.0,21.6,0,0.00,439.0
2024-08-23T11:00,35.0,46,21.6,37.1,20.2,0,0.00,626.0
2024-08-23T12:00,36.7,41,21.1,39.6,17.6,0,0.00,773.0
2024-08-23T13:00,38.2,36,20.7,41.3,18.0,1,0.00,869.0
2024-08-23T14:00,37.6,37,20.3,39.2,27.2,68,0.00,893.0
2024-08-23T15:00,36.1,43,21.6,36.5,32.1,83,0.00,640.0
2024-08-23T16:00,34.6,48,22.0,36.1,25.3,92,0.00,606.0
2024-08-23T17:00,35.5,45,21.8,36.8,23.7,100,0.00,566.0
2024-08-23T18:00,33.5,52,22.4,34.8,25.5,100,0.00,394.0
2024-08-23T19:00,32.8,54,22.3,34.6,21.9,100,0.00,216.0
2024-08-23T20:00,29.0,74,24.0,32.1,21.0,99,0.00,4.0
2024-08-23T21:00,29.2,75,24.4,33.2,16.0,100,0.00,0.0
2024-08-23T22:00,29.5,78,25.4,33.9,18.0,100,0.00,0.0
2024-08-23T23:00,29.8,71,24.0,33.4,16.7,100,0.00,0.0
2024-08-24T00:00,29.4,69,23.0,32.5,16.3,100,0.00,0.0
2024-08-24T01:00,28.9,70,22.9,32.0,16.0,100,0.00,0.0
2024-08-24T02:00,28.3,73,22.9,31.3,17.0,100,0.00,0.0
2024-08-24T03:00,27.9,75,23.0,31.0,16.5,100,0.00,0.0
2024-08-24T04:00,27.9,77,23.5,31.3,16.2,100,0.00,0.0
2024-08-24T05:00,27.6,78,23.4,31.0,16.4,100,0.00,0.0
2024-08-24T06:00,27.4,77,23.0,30.6,15.5,100,0.00,0.0
2024-08-24T07:00,27.0,78,22.7,30.2,14.4,100,0.00,0.0
2024-08-24T08:00,27.5,77,23.0,30.7,16.0,89,0.00,54.0
2024-08-24T09:00,29.2,68,22.7,32.0,17.7,89,0.00,229.0
2024-08-24T10:00,31.3,59,22.2,33.6,18.7,100,0.00,434.0
2024-08-24T11:00,33.3,48,20.8,35.0,19.8,89,0.00,613.0
2024-08-24T12:00,34.8,42,20.0,36.9,20.0,14,0.00,768.0
2024-08-24T13:00,36.1,38,19.6,38.3,20.3,0,0.00,866.0
2024-08-24T14:00,36.8,37,19.6,38.9,21.9,0,0.00,900.0
2024-08-24T15:00,37.2,35,19.2,38.8,22.9,2,0.00,868.0
2024-08-24T16:00,37.3,33,18.2,38.0,22.9,3,0.00,777.0
2024-08-24T17:00,37.3,31,17.2,37.1,21.7,1,0.00,629.0
2024-08-24T18:00,36.6,31,16.8,36.1,19.7,13,0.00,438.0
2024-08-24T19:00,35.5,33,16.7,34.9,20.2,37,0.00,234.0
2024-08-24T20:00,33.7,37,17.0,33.4,19.0,34,0.00,57.0
2024-08-24T21:00,32.8,39,17.0,32.7,17.6,8,0.00,0.0
2024-08-24T22:00,32.0,39,16.5,31.8,17.3,18,0.00,0.0
2024-08-24T23:00,31.2,41,16.4,30.9,16.9,0,0.00,0.0
2024-08-25T00:00,30.3,45,16.9,30.5,15.2,0,0.00,0.0
2024-08-25T01:00,29.8,46,16.9,30.1,14.5,0,0.00,0.0
2024-08-25T02:00,29.0,48,16.8,29.8,11.4,1,0.00,0.0
2024-08-25T03:00,28.4,49,16.7,29.3,9.3,0,0.00,0.0
2024-08-25T04:00,27.7,51,16.6,28.9,8.0,0,0.00,0.0
2024-08-25T05:00,27.2,52,16.6,28.4,7.6,0,0.00,0.0
2024-08-25T06:00,27.0,54,16.9,28.2,8.0,1,0.00,0.0
2024-08-25T07:00,26.7,57,17.5,28.3,7.6,7,0.00,0.0
2024-08-25T08:00,27.7,59,19.0,29.7,9.5,39,0.00,53.0
2024-08-25T09:00,29.5,54,19.2,31.4,10.5,20,0.00,201.0
2024-08-25T10:00,31.7,45,18.2,33.1,10.9,17,0.00,425.0
2024-08-25T11:00,33.5,37,16.8,34.5,11.3,58,0.00,590.0
2024-08-25T12:00,34.3,34,16.2,35.3,12.4,36,0.00,668.0
2024-08-25T13:00,35.0,33,16.1,36.3,12.8,82,0.00,746.0
2024-08-25T14:00,35.5,32,16.1,36.9,11.0,1,0.00,699.0
2024-08-25T15:00,36.7,30,16.2,38.6,12.9,0,0.00,865.0
2024-08-25T16:00,36.8,29,16.1,37.8,15.9,0,0.00,775.0
2024-08-25T17:00,36.6,30,16.3,36.4,18.9,2,0.00,628.0
2024-08-25T18:00,35.2,33,16.8,34.5,21.3,6,0.00,437.0
2024-08-25T19:00,34.8,36,17.4,35.1,16.6,44,0.00,230.0
2024-08-25T20:00,34.2,36,16.9,34.2,15.8,22,0.00,51.0
2024-08-25T21:00,32.7,42,18.2,33.4,15.6,24,0.00,0.0
2024-08-25T22:00,31.9,46,18.6,33.2,12.7,12,0.00,0.0
2024-08-25T23:00,31.1,49,19.1,32.9,10.7,3,0.00,0.0
2024-08-26T00:00,30.4,50,18.9,32.4,8.9,0,0.00,0.0
2024-08-26T01:00,29.8,52,18.8,31.7,8.8,0,0.00,0.0
2024-08-26T02:00,29.0,54,18.9,31.1,8.7,2,0.00,0.0
2024-08-26T03:00,28.3,58,19.2,30.7,7.1,1,0.00,0.0
2024-08-26T04:00,27.0,65,19.7,29.7,6.4,0,0.00,0.0
2024-08-26T05:00,26.2,68,19.9,29.3,5.1,3,0.00,0.0
2024-08-26T06:00,26.1,70,20.2,28.9,8.2,5,0.00,0.0
2024-08-26T07:00,25.5,73,20.4,28.7,6.0,0,0.00,0.0
2024-08-26T08:00,26.4,71,20.8,29.7,6.1,1,0.00,56.0
2024-08-26T09:00,28.5,61,20.3,32.0,4.0,11,0.00,238.0
2024-08-26T10:00,31.1,48,18.8,34.0,2.5,8,0.00,449.0
2024-08-26T11:00,33.2,37,16.6,35.4,5.0,15,0.00,637.0
2024-08-26T12:00,34.8,32,15.6,36.5,10.5,13,0.00,787.0
2024-08-26T13:00,35.8,29,14.9,37.2,13.0,3,0.00,859.0
2024-08-26T14:00,36.2,27,14.4,37.3,13.3,35,0.00,859.0
2024-08-26T15:00,37.7,23,13.2,38.0,13.7,84,0.00,779.0
2024-08-26T16:00,34.5,36,17.1,33.1,28.2,33,0.10,570.0
2024-08-26T17:00,34.8,35,16.9,34.0,21.7,64,0.10,514.0
2024-08-26T18:00,34.0,39,18.2,34.6,16.5,5,0.20,330.0
2024-08-26T19:00,33.0,41,18.0,33.2,18.6,12,0.10,203.0
2024-08-26T20:00,32.0,44,18.1,33.6,9.7,4,0.00,50.0
2024-08-26T21:00,31.6,44,17.8,33.1,8.8,10,0.00,0.0
2024-08-26T22:00,30.9,46,18.0,32.1,11.2,8,0.00,0.0
2024-08-26T23:00,29.9,52,19.1,31.4,13.3,0,0.00,0.0
2024-08-27T00:00,28.9,55,18.8,29.8,15.6,0,0.00,0.0
2024-08-27T01:00,28.1,57,18.9,29.5,13.1,0,0.00,0.0
2024-08-27T02:00,27.5,59,18.8,29.6,8.7,0,0.00,0.0
2024-08-27T03:00,26.9,61,18.8,29.3,5.4,0,0.00,0.0
2024-08-27T04:00,26.2,64,18.9,28.9,4.4,0,0.00,0.0
2024-08-27T05:00,25.8,66,19.0,28.5,4.3,0,0.00,0.0
2024-08-27T06:00,25.5,69,19.2,28.4,4.0,0,0.00,0.0
2024-08-27T07:00,25.0,72,19.7,28.1,4.2,0,0.00,0.0
2024-08-27T08:00,25.8,74,20.8,29.4,4.1,0,0.00,51.0
2024-08-27T09:00,27.6,64,20.3,31.3,2.6,0,0.00,229.0
2024-08-27T10:00,29.6,56,20.0,32.7,4.8,4,0.00,432.0
2024-08-27T11:00,31.3,50,19.5,34.5,5.8,0,0.00,615.0
2024-08-27T12:00,32.9,44,19.1,36.3,8.6,8,0.00,764.0
2024-08-27T13:00,34.3,40,19.0,37.8,10.5,9,0.00,832.0
2024-08-27T14:00,35.3,38,18.8,38.6,12.6,8,0.00,876.0
2024-08-27T15:00,36.0,36,18.6,38.7,15.0,21,0.00,852.0
2024-08-27T16:00,36.2,36,18.6,38.0,16.0,65,0.00,729.0
2024-08-27T17:00,35.6,38,18.9,36.5,16.9,100,0.00,566.0
2024-08-27T18:00,33.2,44,19.4,34.1,17.9,98,0.00,352.0
2024-08-27T19:00,32.8,45,19.4,34.1,15.5,97,0.00,193.0
2024-08-27T20:00,27.9,72,22.3,32.1,6.2,83,8.30,28.0
2024-08-27T21:00,28.0,74,23.0,32.8,5.1,17,0.00,0.0
2024-08-27T22:00,27.6,75,22.9,32.4,4.6,20,0.00,0.0
2024-08-27T23:00,27.3,72,21.9,31.1,7.3,65,0.00,0.0
2024-08-28T00:00,26.8,74,21.7,30.7,5.8,87,0.00,0.0
2024-08-28T01:00,26.4,76,21.7,30.3,5.7,70,0.00,0.0
2024-08-28T02:00,25.9,77,21.5,29.6,6.2,0,0.00,0.0
2024-08-28T03:00,25.5,77,21.2,29.0,6.2,1,0.00,0.0
2024-08-28T04:00,25.2,78,21.0,28.7,6.2,11,0.00,0.0
2024-08-28T05:00,24.9,78,20.8,28.3,5.8,14,0.00,0.0
2024-08-28T06:00,24.6,79,20.8,28.1,5.4,27,0.00,0.0
2024-08-28T07:00,24.1,81,20.8,27.7,4.8,47,0.00,0.0
2024-08-28T08:00,25.4,74,20.4,28.4,6.8,11,0.00,50.0
2024-08-28T09:00,27.4,65,20.4,30.5,6.7,3,0.00,220.0
2024-08-28T10:00,29.5,58,20.3,32.5,6.6,11,0.00,428.0
2024-08-28T11:00,31.3,50,19.8,34.6,6.0,4,0.00,615.0
2024-08-28T12:00,32.9,44,19.0,36.7,6.1,0,0.00,762.0
2024-08-28T13:00,34.2,39,18.2,37.8,8.6,3,0.00,857.0
2024-08-28T14:00,35.4,36,18.1,38.6,11.3,16,0.00,882.0
2024-08-28T15:00,36.2,35,18.4,38.8,14.7,85,0.00,857.0
2024-08-28T16:00,36.3,35,18.4,38.0,15.6,92,0.00,719.0
2024-08-28T17:00,33.3,43,19.2,34.7,15.3,86,0.60,567.0
2024-08-28T18:00,32.5,46,19.3,33.2,19.6,69,0.30,297.0
2024-08-28T19:00,33.2,43,19.1,34.1,17.3,46,0.00,178.0
2024-08-28T20:00,32.9,43,18.5,33.7,16.3,76,0.00,41.0
2024-08-28T21:00,31.9,46,18.9,32.2,20.3,99,0.00,0.0
2024-08-28T22:00,30.8,51,19.6,31.9,17.9,2,0.00,0.0
2024-08-28T23:00,30.1,54,19.8,31.5,16.1,4,0.00,0.0
2024-08-29T00:00,29.4,56,19.9,30.9,15.4,0,0.00,0.0
2024-08-29T01:00,28.6,59,19.7,30.5,12.1,0,0.00,0.0
2024-08-29T02:00,27.6,63,19.9,30.0,9.6,0,0.00,0.0
2024-08-29T03:00,26.8,69,20.5,29.7,8.2,0,0.00,0.0
2024-08-29T04:00,26.2,73,21.0,29.8,5.8,0,0.00,0.0
2024-08-29T05:00,25.8,77,21.4,29.7,4.7,1,0.00,0.0
2024-08-29T06:00,25.4,80,21.7,29.5,4.7,1,0.00,0.0
2024-08-29T07:00,25.1,83,22.0,29.2,6.4,8,0.00,0.0
2024-08-29T08:00,26.4,76,21.8,30.4,5.6,14,0.00,48.0
2024-08-29T09:00,28.5,67,21.8,31.7,10.3,5,0.00,224.0
2024-08-29T10:00,30.0,59,21.1,32.8,10.9,24,0.00,426.0
2024-08-29T11:00,31.6,52,20.5,34.2,11.8,5,0.00,575.0
2024-08-29T12:00,33.2,47,20.2,36.3,13.0,8,0.00,757.0
2024-08-29T13:00,34.0,44,20.0,37.4,13.6,38,0.00,820.0
2024-08-29T14:00,33.0,48,20.5,36.2,14.8,48,0.00,799.0
2024-08-29T15:00,34.2,46,20.9,37.5,14.2,47,0.00,740.0
2024-08-29T16:00,34.5,44,20.3,36.6,17.7,48,0.00,680.0
2024-08-29T17:00,33.0,48,20.4,34.7,15.9,69,0.30,509.0
2024-08-29T18:00,32.8,47,20.0,33.7,20.4,30,0.00,324.0
2024-08-29T19:00,32.0,51,20.5,33.3,20.1,31,0.00,187.0
2024-08-29T20:00,31.1,51,19.8,32.4,16.8,9,0.00,44.0
2024-08-29T21:00,29.8,58,20.7,31.0,20.7,6,0.00,0.0
2024-08-29T22:00,28.0,68,21.5,30.6,14.8,0,0.00,0.0
2024-08-29T23:00,27.5,71,21.7,30.5,12.0,0,0.00,0.0
2024-08-30T00:00,27.1,72,21.7,30.2,11.0,0,0.00,0.0
2024-08-30T01:00,26.7,75,21.8,29.9,11.2,11,0.00,0.0
2024-08-30T02:00,26.4,77,22.0,29.4,13.0,22,0.00,0.0
2024-08-30T03:00,26.1,78,22.0,29.1,12.9,15,0.00,0.0
2024-08-30T04:00,25.7,80,22.0,28.8,12.1,1,0.00,0.0
2024-08-30T05:00,25.4,80,21.6,28.4,11.0,0,0.00,0.0
2024-08-30T06:00,25.0,79,21.2,28.4,7.8,6,0.00,0.0
2024-08-30T07:00,24.8,80,21.0,28.1,6.9,15,0.00,0.0
2024-08-30T08:00,24.9,83,21.8,28.6,7.2,32,0.00,45.0
2024-08-30T09:00,26.2,77,21.8,30.2,5.6,100,0.00,206.0
2024-08-30T10:00,27.5,71,21.6,31.7,3.4,100,0.00,289.0
2024-08-30T11:00,28.4,66,21.5,32.0,6.8,50,0.00,281.0
2024-08-30T12:00,29.6,62,21.5,32.8,10.0,42,0.10,494.0
2024-08-30T13:00,31.4,56,21.5,35.5,10.9,23,0.00,748.0
2024-08-30T14:00,32.8,50,21.0,36.7,13.7,93,0.00,833.0
2024-08-30T15:00,32.7,49,20.6,35.2,15.4,42,0.00,656.0
2024-08-30T16:00,33.2,47,20.5,36.1,13.8,46,0.10,691.0
2024-08-30T17:00,33.2,46,20.1,35.1,13.6,57,0.00,535.0
2024-08-30T18:00,32.7,48,20.1,34.5,14.4,83,0.00,364.0
2024-08-30T19:00,31.4,50,19.9,33.1,14.3,100,0.10,192.0
2024-08-30T20:00,31.0,49,19.0,32.6,12.4,62,0.00,34.0
2024-08-30T21:00,30.4,51,19.0,31.8,13.5,30,0.00,0.0
2024-08-30T22:00,29.6,53,19.1,31.4,11.5,16,0.00,0.0
2024-08-30T23:00,28.8,58,19.6,31.1,9.6,13,0.00,0.0
2024-08-31T00:00,28.3,61,20.1,31.2,7.1,77,0.00,0.0
2024-08-31T01:00,27.7,65,20.4,31.1,4.5,15,0.00,0.0
2024-08-31T02:00,27.4,67,20.6,30.5,6.7,75,0.00,0.0
2024-08-31T03:00,26.8,70,20.9,30.2,6.1,26,0.00,0.0
2024-08-31T04:00,26.4,73,21.1,30.2,4.1,18,0.00,0.0
2024-08-31T05:00,25.8,76,21.4,29.9,2.9,97,0.00,0.0
2024-08-31T06:00,25.4,79,21.5,29.6,3.4,69,0.00,0.0
2024-08-31T07:00,25.4,80,21.7,29.5,4.0,71,0.00,0.0
2024-08-31T08:00,25.4,82,22.0,29.9,3.0,44,0.00,40.0
2024-08-31T09:00,26.7,75,21.9,31.4,1.1,39,0.00,191.0
2024-08-31T10:00,28.6,66,21.6,32.8,3.9,9,0.00,410.0
2024-08-31T11:00,30.6,58,21.3,34.2,8.4,6,0.00,596.0
2024-08-31T12:00,32.2,51,20.6,35.5,12.2,15,0.00,728.0
2024-08-31T13:00,33.1,46,20.0,36.4,13.0,28,0.00,795.0
2024-08-31T14:00,33.5,45,19.9,36.6,12.5,39,0.10,758.0
2024-08-31T15:00,33.8,44,19.9,37.1,11.0,48,0.00,735.0
2024-08-31T16:00,34.1,43,19.6,37.0,9.7,61,0.00,663.0
2024-08-31T17:00,33.8,43,19.6,35.9,11.2,47,0.10,509.0
2024-08-31T18:00,33.7,43,19.5,35.5,12.3,31,0.00,390.0
2024-08-31T19:00,32.9,44,19.1,34.7,11.4,36,0.00,190.0
2024-08-31T20:00,28.0,70,22.0,31.1,12.4,100,0.10,28.0
2024-08-31T21:00,28.0,69,21.8,31.5,8.9,86,0.00,0.0
2024-08-31T22:00,27.9,71,22.0,30.6,14.6,99,0.00,0.0
2024-08-31T23:00,28.1,69,21.9,31.2,11.8,28,0.00,0.0
2024-09-01T00:00,28.0,68,21.5,31.2,9.8,4,0.00,0.0
2024-09-01T01:00,27.5,67,20.9,30.7,7.6,1,0.00,0.0
2024-09-01T02:00,27.0,68,20.7,30.2,7.1,3,0.00,0.0
2024-09-01T03:00,26.6,70,20.8,29.8,7.1,8,0.00,0.0
2024-09-01T04:00,26.2,73,21.0,29.5,7.4,13,0.00,0.0
2024-09-01T05:00,26.0,75,21.1,29.5,6.4,20,0.00,0.0
2024-09-01T06:00,25.7,77,21.4,29.3,7.0,18,0.00,0.0
2024-09-01T07:00,25.5,79,21.6,29.1,7.4,23,0.00,0.0
2024-09-01T08:00,24.5,88,22.4,29.2,2.9,83,0.10,15.0
2024-09-01T09:00,25.2,85,22.5,29.9,3.3,42,0.10,121.0
2024-09-01T10:00,27.2,75,22.4,31.3,7.1,63,0.20,327.0
2024-09-01T11:00,28.7,68,22.3,32.1,11.5,80,0.20,456.0
2024-09-01T12:00,29.1,64,21.5,31.7,14.2,99,0.20,423.0
2024-09-01T13:00,28.9,67,22.0,31.9,12.6,88,3.40,383.0
2024-09-01T14:00,32.0,52,20.8,34.8,13.0,73,0.00,651.0
2024-09-01T15:00,33.5,45,19.8,35.4,16.6,100,0.00,669.0
2024-09-01T16:00,34.0,42,19.4,35.0,18.8,100,0.00,598.0
2024-09-01T17:00,30.0,60,21.4,31.1,23.1,89,0.40,352.0
2024-09-01T18:00,28.1,71,22.4,30.7,17.3,100,2.30,308.0
2024-09-01T19:00,28.3,67,21.5,30.4,17.8,67,0.00,114.0
2024-09-01T20:00,26.6,86,24.2,31.1,12.2,100,8.00,7.0
2024-09-01T21:00,25.1,90,23.5,28.6,15.9,100,4.30,0.0
2024-09-01T22:00,25.0,91,23.5,28.5,15.8,100,0.70,0.0
2024-09-01T23:00,25.1,92,23.7,29.3,11.5,100,0.60,0.0
2024-09-02T00:00,25.2,91,23.7,29.5,11.7,100,0.20,0.0
2024-09-02T01:00,25.1,89,23.2,29.2,10.7,100,0.60,0.0
2024-09-02T02:00,25.0,93,23.8,29.3,11.8,100,1.70,0.0
2024-09-02T03:00,25.2,91,23.5,29.0,13.7,98,0.20,0.0
2024-09-02T04:00,25.0,90,23.2,28.4,14.6,100,0.20,0.0
2024-09-02T05:00,24.7,90,23.0,27.9,15.7,100,0.00,0.0
2024-09-02T06:00,24.5,89,22.5,27.6,14.4,99,0.30,0.0
2024-09-02T07:00,24.4,89,22.4,27.8,11.7,100,0.10,0.0
2024-09-02T08:00,24.4,88,22.2,28.1,8.8,100,2.80,11.0
2024-09-02T09:00,24.8,88,22.6,28.4,11.5,99,1.10,44.0
2024-09-02T10:00,25.5,82,22.3,28.9,11.8,97,1.00,165.0
2024-09-02T11:00,27.3,76,22.8,30.5,14.5,99,0.30,459.0
2024-09-02T12:00,29.5,64,22.0,32.5,14.4,96,0.10,592.0
2024-09-02T13:00,31.0,53,20.5,33.2,15.6,88,0.00,616.0
2024-09-02T14:00,31.8,49,19.6,33.1,18.7,97,0.00,614.0
2024-09-02T15:00,32.2,46,19.2,33.4,17.8,99,0.00,598.0
2024-09-02T16:00,32.2,45,18.6,32.6,18.4,100,0.00,460.0
2024-09-02T17:00,32.2,44,18.3,32.3,20.2,100,0.10,364.0
2024-09-02T18:00,31.8,43,17.5,31.4,21.3,100,0.10,196.0
2024-09-02T19:00,31.2,44,17.4,31.1,18.7,100,0.00,84.0
2024-09-02T20:00,30.2,52,19.4,31.7,14.2,100,0.00,12.0
2024-09-02T21:00,29.5,57,20.0,31.5,13.1,100,0.00,0.0
2024-09-02T22:00,29.0,62,20.9,31.6,11.5,95,0.00,0.0
2024-09-02T23:00,28.4,64,20.9,31.2,9.8,100,0.00,0.0
2024-09-03T00:00,28.1,59,19.5,29.7,13.8,100,0.00,0.0
2024-09-03T01:00,27.1,62,19.3,28.7,13.3,90,0.00,0.0
2024-09-03T02:00,26.5,65,19.5,28.6,10.0,100,0.00,0.0
2024-09-03T03:00,25.8,69,19.7,28.9,4.4,99,0.00,0.0
2024-09-03T04:00,25.4,73,20.2,28.0,9.0,100,0.60,0.0
2024-09-03T05:00,24.7,80,21.0,27.5,10.9,100,0.20,0.0
2024-09-03T06:00,24.1,86,21.6,27.1,12.0,100,0.40,0.0
2024-09-03T07:00,24.0,84,21.1,26.1,15.5,100,0.20,0.0
2024-09-03T08:00,24.3,86,21.9,28.0,7.9,100,0.90,9.0
2024-09-03T09:00,24.2,85,21.5,27.3,10.5,100,2.70,36.0
2024-09-03T10:00,23.8,90,22.0,26.6,13.9,100,3.40,34.0
2024-09-03T11:00,23.2,91,21.8,26.1,13.3,100,2.80,36.0
2024-09-03T12:00,23.4,91,21.8,26.7,10.7,100,2.90,76.0
2024-09-03T13:00,24.4,87,22.0,27.7,11.1,100,2.10,255.0
2024-09-03T14:00,24.2,88,22.1,27.2,14.0,100,2.00,165.0
2024-09-03T15:00,25.0,84,22.0,27.7,14.8,100,0.70,235.0
2024-09-03T16:00,25.0,83,21.8,27.4,16.4,100,0.20,186.0
2024-09-03T17:00,24.8,84,21.9,27.1,17.3,100,0.30,136.0
2024-09-03T18:00,25.0,83,21.8,27.0,19.0,100,0.10,170.0
2024-09-03T19:00,24.9,81,21.4,26.9,17.4,100,0.00,100.0
2024-09-03T20:00,23.3,89,21.4,25.6,15.6,100,1.70,3.0
2024-09-03T21:00,23.2,89,21.2,25.5,15.6,100,1.20,0.0
2024-09-03T22:00,23.5,89,21.6,25.9,15.8,100,0.40,0.0
2024-09-03T23:00,23.6,87,21.3,25.8,16.0,100,0.00,0.0
2024-09-04T00:00,23.5,87,21.2,26.1,13.6,100,0.00,0.0
2024-09-04T01:00,23.5,87,21.2,26.1,12.9,100,0.00,0.0
2024-09-04T02:00,23.5,85,20.9,25.7,14.1,100,0.00,0.0
2024-09-04T03:00,23.4,83,20.2,25.3,14.5,100,0.00,0.0
2024-09-04T04:00,23.4,80,19.8,25.2,12.8,100,0.00,0.0
2024-09-04T05:00,23.2,79,19.5,24.7,14.1,100,0.00,0.0
2024-09-04T06:00,22.9,81,19.4,24.3,14.7,100,0.00,0.0
2024-09-04T07:00,22.5,83,19.5,24.1,14.1,100,0.30,0.0
2024-09-04T08:00,22.0,91,20.4,23.9,14.0,100,2.10,8.0
2024-09-04T09:00,21.8,89,19.9,23.4,14.7,100,5.60,19.0
2024-09-04T10:00,21.8,89,19.8,23.4,14.6,100,5.20,53.0
2024-09-04T11:00,21.7,88,19.5,23.1,15.4,100,4.20,88.0
2024-09-04T12:00,22.4,88,20.2,24.8,10.5,100,1.60,117.0
2024-09-04T13:00,22.6,88,20.6,25.5,9.1,100,0.90,115.0
2024-09-04T14:00,23.8,86,21.2,26.8,10.0,100,0.40,212.0
2024-09-04T15:00,24.0,87,21.7,27.3,10.0,100,0.30,170.0
2024-09-04T16:00,25.7,80,21.9,28.5,14.1,98,0.00,437.0
2024-09-04T17:00,25.4,77,21.0,27.4,15.9,100,0.00,217.0
2024-09-04T18:00,24.9,78,20.8,26.9,15.2,98,0.10,120.0
2024-09-04T19:00,24.5,79,20.8,26.7,14.7,100,0.40,68.0
2024-09-04T20:00,24.3,85,21.7,27.5,10.4,100,0.00,10.0
2024-09-04T21:00,24.0,82,20.9,26.6,11.8,40,0.00,0.0
2024-09-04T22:00,23.6,82,20.4,26.0,11.0,47,0.00,0.0
2024-09-04T23:00,23.2,86,20.7,26.1,9.2,12,0.00,0.0
2024-09-05T00:00,22.8,90,21.1,26.0,8.1,6,0.00,0.0
2024-09-05T01:00,22.5,92,21.2,25.8,8.3,50,0.00,0.0
2024-09-05T02:00,22.5,92,21.1,25.7,8.8,27,0.00,0.0
2024-09-05T03:00,22.4,92,21.0,25.3,9.9,33,0.00,0.0
2024-09-05T04:00,22.4,90,20.6,25.1,10.0,0,0.00,0.0
2024-09-05T05:00,22.0,91,20.5,24.8,9.5,2,0.00,0.0
2024-09-05T06:00,21.9,92,20.5,24.3,11.3,8,0.00,0.0
2024-09-05T07:00,21.7,93,20.5,24.1,11.8,32,0.00,0.0
2024-09-05T08:00,22.9,91,21.4,25.7,12.1,100,0.00,21.0
2024-09-05T09:00,23.8,87,21.5,26.1,16.0,100,0.00,84.0
2024-09-05T10:00,24.6,84,21.8,27.4,14.0,100,0.00,178.0
2024-09-05T11:00,25.5,80,21.8,27.8,17.1,100,0.30,314.0
2024-09-05T12:00,26.2,78,22.1,28.8,16.3,67,0.10,320.0
2024-09-05T13:00,28.0,71,22.4,31.2,16.2,37,0.00,632.0
2024-09-05T14:00,29.2,66,22.1,32.5,17.9,10,0.10,734.0
2024-09-05T15:00,30.0,63,22.2,33.6,17.9,8,0.00,780.0
2024-09-05T16:00,30.5,60,21.9,33.4,18.6,19,0.00,699.0
2024-09-05T17:00,30.5,59,21.5,32.6,17.7,12,0.00,512.0
2024-09-05T18:00,30.4,57,20.9,32.3,16.1,86,0.00,334.0
2024-09-05T19:00,27.5,72,21.9,29.9,16.3,61,0.30,122.0
2024-09-05T20:00,25.5,78,21.4,27.8,16.2,35,0.10,24.0
2024-09-05T21:00,25.1,79,21.2,27.8,12.3,26,0.00,0.0
2024-09-05T22:00,25.0,80,21.4,28.0,10.2,14,0.00,0.0
2024-09-05T23:00,24.9,81,21.4,28.1,8.9,2,0.00,0.0
2024-09-06T00:00,24.4,84,21.5,28.0,7.0,6,0.00,0.0
2024-09-06T01:00,23.9,88,21.8,27.7,6.3,4,0.00,0.0
2024-09-06T02:00,23.5,91,21.9,27.4,7.0,1,0.00,0.0
2024-09-06T03:00,23.2,93,22.0,27.1,7.0,7,0.00,0.0
2024-09-06T04:00,23.0,94,22.0,26.9,6.4,11,0.00,0.0
2024-09-06T05:00,22.8,94,21.9,26.5,8.0,8,0.00,0.0
2024-09-06T06:00,22.6,94,21.7,26.0,10.0,3,0.00,0.0
2024-09-06T07:00,22.6,93,21.4,25.8,9.7,0,0.00,0.0
2024-09-06T08:00,23.3,90,21.6,26.3,12.0,4,0.00,40.0
2024-09-06T09:00,24.7,82,21.4,27.4,13.0,4,0.00,210.0
2024-09-06T10:00,26.5,72,21.1,28.7,14.7,4,0.00,415.0
2024-09-06T11:00,28.1,64,20.8,30.4,15.9,1,0.00,604.0
2024-09-06T12:00,29.3,59,20.5,31.3,21.3,23,0.10,747.0
2024-09-06T13:00,30.2,57,20.8,32.5,20.5,16,0.00,758.0
2024-09-06T14:00,31.2,53,20.6,33.5,21.1,16,0.00,808.0
2024-09-06T15:00,31.9,49,20.0,33.6,22.1,84,0.00,778.0
2024-09-06T16:00,31.7,48,19.3,32.2,22.7,58,0.00,622.0
2024-09-06T17:00,30.9,48,18.5,30.9,21.7,39,0.00,400.0
2024-09-06T18:00,31.2,47,18.4,31.8,17.2,23,0.00,313.0
2024-09-06T19:00,30.4,48,18.0,30.8,17.1,33,0.00,165.0
2024-09-06T20:00,27.6,53,17.3,28.9,9.1,15,0.00,25.0
2024-09-06T21:00,26.5,59,17.7,28.0,8.4,2,0.00,0.0
2024-09-06T22:00,25.8,63,18.1,27.1,10.9,0,0.00,0.0
2024-09-06T23:00,26.0,61,17.9,26.2,18.2,0,0.00,0.0
2024-09-07T00:00,25.5,61,17.5,25.9,15.7,4,0.00,0.0
2024-09-07T01:00,25.0,62,17.2,25.1,16.4,0,0.00,0.0
2024-09-07T02:00,24.2,66,17.6,24.7,15.9,0,0.00,0.0
2024-09-07T03:00,23.6,65,16.6,23.6,16.3,0,0.00,0.0
2024-09-07T04:00,23.0,60,14.9,21.9,18.4,0,0.00,0.0
2024-09-07T05:00,22.4,57,13.4,20.8,18.4,0,0.00,0.0
2024-09-07T06:00,21.7,55,12.2,19.8,17.9,0,0.00,0.0
2024-09-07T07:00,21.0,54,11.4,18.9,16.9,0,0.00,0.0
2024-09-07T08:00,20.7,57,11.8,18.8,16.9,0,0.00,43.0
2024-09-07T09:00,22.3,52,11.9,20.4,17.1,1,0.00,223.0
2024-09-07T10:00,23.7,45,11.1,21.4,18.5,0,0.00,435.0
2024-09-07T11:00,25.1,42,11.5,23.3,18.7,0,0.00,627.0
2024-09-07T12:00,26.6,39,11.4,25.2,20.3,0,0.00,776.0
2024-09-07T13:00,27.8,35,10.8,26.2,22.7,0,0.00,871.0
2024-09-07T14:00,28.2,35,11.2,26.7,23.8,0,0.00,900.0
2024-09-07T15:00,28.6,34,11.4,26.8,25.1,0,0.00,861.0
2024-09-07T16:00,28.6,35,11.4,26.0,27.1,0,0.00,760.0
2024-09-07T17:00,28.2,35,11.1,24.7,27.9,0,0.00,603.0
2024-09-07T18:00,27.7,32,9.7,23.6,27.3,0,0.00,407.0
2024-09-07T19:00,26.5,34,9.6,23.2,22.0,0,0.00,197.0
2024-09-07T20:00,25.5,39,10.7,22.9,19.9,0,0.00,28.0
2024-09-07T21:00,24.4,40,10.0,21.5,19.7,0,0.00,0.0
2024-09-07T22:00,23.3,41,9.1,20.3,19.0,0,0.00,0.0
2024-09-07T23:00,22.2,41,8.4,19.3,17.1,0,0.00,0.0
2024-09-08T00:00,21.2,43,8.2,18.6,15.0,0,0.00,0.0
2024-09-08T01:00,20.4,46,8.4,18.0,13.1,0,0.00,0.0
2024-09-08T02:00,19.7,49,8.6,17.6,11.9,0,0.00,0.0
2024-09-08T03:00,19.1,51,8.8,17.2,11.0,0,0.00,0.0
2024-09-08T04:00,18.6,53,8.8,16.8,10.7,0,0.00,0.0
2024-09-08T05:00,18.1,55,8.9,16.4,10.2,0,0.00,0.0
2024-09-08T06:00,17.7,58,9.2,16.1,9.6,0,0.00,0.0
2024-09-08T07:00,17.4,61,9.9,16.0,9.4,0,0.00,0.0
2024-09-08T08:00,17.9,63,10.6,16.6,10.5,0,0.00,42.0
2024-09-08T09:00,20.0,56,10.9,18.9,9.5,0,0.00,224.0
2024-09-08T10:00,22.0,48,10.3,20.2,12.7,0,0.00,438.0
2024-09-08T11:00,23.7,40,9.2,21.7,15.2,0,0.00,634.0
2024-09-08T12:00,25.0,35,8.7,23.6,15.9,0,0.00,788.0
2024-09-08T13:00,26.0,34,8.8,25.2,15.6,0,0.00,886.0
2024-09-08T14:00,26.9,32,8.8,26.2,16.0,0,0.00,917.0
2024-09-08T15:00,27.5,31,8.6,26.5,16.1,0,0.00,880.0
2024-09-08T16:00,27.8,29,8.2,26.3,15.5,0,0.00,778.0
2024-09-08T17:00,27.9,29,8.0,25.5,15.3,0,0.00,618.0
2024-09-08T18:00,27.5,29,7.7,24.6,15.3,0,0.00,417.0
2024-09-08T19:00,26.4,32,8.3,24.3,11.2,0,0.00,199.0
2024-09-08T20:00,23.4,38,8.4,21.9,7.4,0,0.00,27.0
2024-09-08T21:00,21.9,44,8.9,20.3,8.5,0,0.00,0.0
2024-09-08T22:00,20.9,47,9.1,19.5,7.9,0,0.00,0.0
2024-09-08T23:00,19.6,52,9.4,18.2,8.8,0,0.00,0.0
2024-09-09T00:00,18.8,53,9.0,17.1,9.5,0,0.00,0.0
2024-09-09T01:00,18.4,52,8.4,16.6,8.8,0,0.00,0.0
2024-09-09T02:00,17.4,56,8.5,15.5,10.0,0,0.00,0.0
2024-09-09T03:00,18.5,51,8.2,17.1,6.4,0,0.00,0.0
2024-09-09T04:00,16.2,65,9.6,15.2,6.5,0,0.00,0.0
2024-09-09T05:00,15.6,73,10.8,14.5,8.9,0,0.00,0.0
2024-09-09T06:00,15.4,74,10.7,14.4,8.2,0,0.00,0.0
2024-09-09T07:00,14.9,74,10.4,13.9,8.2,0,0.00,0.0
2024-09-09T08:00,16.1,72,11.1,15.5,6.5,0,0.00,42.0
2024-09-09T09:00,18.8,60,10.8,18.3,5.1,0,0.00,230.0
2024-09-09T10:00,21.5,47,9.8,20.6,5.8,0,0.00,448.0
2024-09-09T11:00,23.7,40,9.1,23.3,5.6,0,0.00,645.0
2024-09-09T12:00,25.4,34,8.2,25.5,6.1,0,0.00,798.0
2024-09-09T13:00,26.9,29,7.4,27.2,7.5,0,0.00,893.0
2024-09-09T14:00,28.1,26,6.7,28.0,9.5,0,0.00,922.0
2024-09-09T15:00,29.0,24,6.4,28.3,11.1,0,0.00,884.0
2024-09-09T16:00,29.3,24,6.4,28.1,11.3,0,0.00,780.0
2024-09-09T17:00,29.2,23,6.1,26.9,11.7,0,0.00,618.0
2024-09-09T18:00,28.9,24,6.1,26.2,11.1,0,0.00,416.0
2024-09-09T19:00,27.5,26,6.5,25.5,8.1,0,0.00,197.0
2024-09-09T20:00,24.2,29,5.1,21.8,8.0,0,0.00,25.0
2024-09-09T21:00,23.3,31,5.3,20.7,9.7,0,0.00,0.0
2024-09-09T22:00,22.4,35,6.2,19.8,11.1,0,0.00,0.0
2024-09-09T23:00,21.4,39,7.1,19.0,11.4,0,0.00,0.0
2024-09-10T00:00,20.5,42,7.1,18.3,9.8,0,0.00,0.0
2024-09-10T01:00,18.8,49,7.8,16.9,8.7,0,0.00,0.0
2024-09-10T02:00,17.4,57,8.9,15.6,10.2,0,0.00,0.0
2024-09-10T03:00,17.8,57,9.1,16.3,8.3,0,0.00,0.0
2024-09-10T04:00,18.4,54,9.0,17.3,6.0,0,0.00,0.0
2024-09-10T05:00,18.0,56,9.1,16.9,5.6,0,0.00,0.0
2024-09-10T06:00,16.2,64,9.4,15.1,6.9,0,0.00,0.0
2024-09-10T07:00,15.9,67,9.7,14.8,6.9,0,0.00,0.0
2024-09-10T08:00,16.5,70,11.1,16.1,5.9,0,0.00,41.0
2024-09-10T09:00,19.6,57,10.9,19.0,5.9,0,0.00,229.0
2024-09-10T10:00,22.8,48,11.1,22.2,6.5,0,0.00,447.0
2024-09-10T11:00,25.9,40,11.2,25.8,6.8,0,0.00,644.0
2024-09-10T12:00,28.0,31,9.2,28.2,7.1,0,0.00,796.0
2024-09-10T13:00,29.2,27,8.4,30.0,6.5,0,0.00,890.0
2024-09-10T14:00,30.3,25,8.2,31.1,6.9,0,0.00,918.0
2024-09-10T15:00,31.0,24,8.1,31.4,7.3,0,0.00,877.0
2024-09-10T16:00,31.4,25,8.9,31.3,7.9,0,0.00,770.0
2024-09-10T17:00,31.2,28,10.4,30.3,9.8,0,0.00,607.0
2024-09-10T18:00,30.8,31,11.4,29.6,11.1,0,0.00,403.0
2024-09-10T19:00,29.8,34,12.4,29.1,9.8,0,0.00,187.0
2024-09-10T20:00,27.2,45,14.4,27.5,8.0,0,0.00,22.0
2024-09-10T21:00,26.4,47,14.2,26.9,5.8,0,0.00,0.0
2024-09-10T22:00,25.2,54,15.1,26.0,6.6,49,0.00,0.0
2024-09-10T23:00,25.1,57,15.9,26.3,5.9,28,0.00,0.0
2024-09-11T00:00,24.9,60,16.5,26.3,5.8,61,0.00,0.0
2024-09-11T01:00,23.9,66,17.2,25.5,6.5,0,0.00,0.0
2024-09-11T02:00,22.9,74,18.0,24.6,7.9,4,0.00,0.0
2024-09-11T03:00,22.1,80,18.4,24.2,6.9,4,0.00,0.0
2024-09-11T04:00,21.8,83,18.7,24.1,6.3,0,0.00,0.0
2024-09-11T05:00,21.3,85,18.7,23.5,7.2,0,0.00,0.0
2024-09-11T06:00,20.7,88,18.5,23.1,5.6,0,0.00,0.0
2024-09-11T07:00,20.5,88,18.5,22.6,7.0,0,0.00,0.0
2024-09-11T08:00,21.5,86,19.0,23.6,9.0,100,0.00,36.0
2024-09-11T09:00,23.8,75,19.0,25.9,8.7,100,0.00,138.0
2024-09-11T10:00,24.9,70,19.1,27.1,8.4,45,0.00,224.0
2024-09-11T11:00,27.0,62,19.1,28.7,12.0,59,0.00,472.0
2024-09-11T12:00,28.0,58,19.0,29.3,14.4,100,0.20,483.0
2024-09-11T13:00,29.7,51,18.5,31.0,14.2,31,0.00,604.0
2024-09-11T14:00,30.9,47,18.1,32.5,15.8,41,0.10,731.0
2024-09-11T15:00,31.6,43,17.6,32.8,16.1,20,0.10,707.0
2024-09-11T16:00,32.4,41,17.3,33.2,16.6,17,0.00,670.0
2024-09-11T17:00,31.6,42,17.2,31.3,19.6,39,0.00,544.0
2024-09-11T18:00,29.0,54,18.6,28.9,22.9,59,0.20,291.0
2024-09-11T19:00,26.4,66,19.5,26.7,22.6,33,0.00,89.0
2024-09-11T20:00,25.4,75,20.6,27.1,17.2,60,0.00,16.0
2024-09-11T21:00,24.6,78,20.5,25.9,19.5,42,0.00,0.0
2024-09-11T22:00,23.3,81,19.9,24.3,19.2,14,0.00,0.0
2024-09-11T23:00,22.6,82,19.4,23.8,16.0,5,0.00,0.0
2024-09-12T00:00,22.1,84,19.2,23.8,12.8,20,0.00,0.0
2024-09-12T01:00,22.0,85,19.2,23.9,10.5,34,0.00,0.0
2024-09-12T02:00,21.6,86,19.2,23.6,10.5,18,0.00,0.0
2024-09-12T03:00,21.5,85,18.8,23.3,9.7,15,0.00,0.0
2024-09-12T04:00,21.0,84,18.2,22.7,8.9,17,0.00,0.0
2024-09-12T05:00,20.6,84,17.8,22.4,7.4,12,0.00,0.0
2024-09-12T06:00,20.3,84,17.5,21.9,7.1,2,0.00,0.0
2024-09-12T07:00,19.8,86,17.5,21.9,4.2,3,0.00,0.0
2024-09-12T08:00,20.8,85,18.2,22.6,8.4,0,0.00,34.0
2024-09-12T09:00,22.4,75,17.8,23.3,12.9,16,0.00,203.0
2024-09-12T10:00,24.1,66,17.4,25.3,10.2,30,0.00,390.0
2024-09-12T11:00,26.3,56,16.9,27.0,12.5,45,0.00,562.0
2024-09-12T12:00,28.0,50,16.6,29.4,12.0,5,0.00,703.0
2024-09-12T13:00,29.8,43,16.0,31.2,14.0,37,0.00,815.0
2024-09-12T14:00,30.8,40,15.4,31.9,12.3,88,0.00,746.0
2024-09-12T15:00,31.4,37,14.9,32.2,10.5,98,0.00,676.0
2024-09-12T16:00,31.1,37,14.8,31.4,9.2,92,0.00,459.0
2024-09-12T17:00,31.5,36,14.8,31.6,10.0,30,0.00,435.0
2024-09-12T18:00,31.1,37,14.8,30.8,13.1,11,0.00,325.0
2024-09-12T19:00,29.6,41,15.1,29.2,14.5,1,0.00,161.0
2024-09-12T20:00,27.5,53,17.2,29.5,3.8,9,0.00,17.0
2024-09-12T21:00,25.9,60,17.5,27.9,4.4,4,0.00,0.0
2024-09-12T22:00,25.0,65,17.8,26.3,9.9,3,0.00,0.0
2024-09-12T23:00,24.4,66,17.5,25.9,7.8,0,0.00,0.0
2024-09-13T00:00,23.8,69,17.7,25.9,4.3,0,0.00,0.0
2024-09-13T01:00,22.5,75,18.0,24.7,5.1,0,0.00,0.0
2024-09-13T02:00,21.7,79,18.0,23.6,6.8,0,0.00,0.0
2024-09-13T03:00,21.0,84,18.1,22.8,7.4,0,0.00,0.0
2024-09-13T04:00,20.3,89,18.5,22.5,6.4,0,0.00,0.0
2024-09-13T05:00,20.4,89,18.5,23.0,3.5,0,0.00,0.0
2024-09-13T06:00,19.2,95,18.4,21.7,4.6,0,0.00,0.0
2024-09-13T07:00,18.8,94,17.8,20.7,6.2,0,0.00,0.0
2024-09-13T08:00,19.9,94,18.9,22.2,6.5,0,0.00,35.0
2024-09-13T09:00,23.0,80,19.2,26.0,3.0,0,0.00,209.0
2024-09-13T10:00,26.0,63,18.2,28.1,5.8,0,0.00,417.0
2024-09-13T11:00,28.8,49,17.0,29.8,12.0,0,0.00,605.0
2024-09-13T12:00,30.9,41,16.1,32.4,11.7,0,0.00,752.0
2024-09-13T13:00,32.5,36,15.7,34.9,8.9,0,0.00,843.0
2024-09-13T14:00,33.6,35,15.9,36.3,8.2,0,0.00,868.0
2024-09-13T15:00,34.3,34,16.1,37.0,7.2,0,0.00,825.0
2024-09-13T16:00,34.6,35,16.7,36.7,8.8,0,0.00,720.0
2024-09-13T17:00,34.5,36,17.4,35.7,10.4,1,0.00,562.0
2024-09-13T18:00,33.9,39,18.0,35.0,12.3,5,0.00,368.0
2024-09-13T19:00,32.8,43,18.4,33.9,13.2,0,0.00,162.0
2024-09-13T20:00,31.4,47,18.9,33.3,9.2,0,0.00,16.0
2024-09-13T21:00,30.2,51,19.0,32.3,8.9,1,0.00,0.0
2024-09-13T22:00,29.3,54,19.0,31.4,8.9,0,0.00,0.0
2024-09-13T23:00,28.5,57,19.0,30.8,7.6,0,0.00,0.0
2024-09-14T00:00,27.6,58,18.8,29.6,9.1,97,0.00,0.0
2024-09-14T01:00,26.9,57,17.5,28.3,8.7,77,0.00,0.0
2024-09-14T02:00,26.0,60,17.6,27.5,8.5,100,0.00,0.0
2024-09-14T03:00,25.5,62,17.6,26.9,9.7,100,0.00,0.0
2024-09-14T04:00,25.0,64,17.6,26.7,7.5,94,0.00,0.0
2024-09-14T05:00,24.5,67,18.0,26.5,5.6,99,0.00,0.0
2024-09-14T06:00,24.2,69,18.0,25.8,9.0,100,0.00,0.0
2024-09-14T07:00,24.0,69,18.0,25.3,11.3,100,0.00,0.0
2024-09-14T08:00,25.5,71,19.9,27.8,10.6,82,0.00,30.0
2024-09-14T09:00,28.2,62,20.2,30.7,10.0,100,0.00,174.0
2024-09-14T10:00,26.2,72,20.8,25.6,33.6,100,3.30,305.0
2024-09-14T11:00,25.1,81,21.7,27.7,15.3,100,5.30,190.0
2024-09-14T12:00,28.5,68,22.0,32.3,7.2,100,0.00,320.0
2024-09-14T13:00,30.5,60,22.0,34.9,3.3,100,0.00,467.0
2024-09-14T14:00,31.5,59,22.6,35.3,10.7,100,0.00,568.0
2024-09-14T15:00,31.2,60,22.6,34.9,11.5,100,0.00,567.0
2024-09-14T16:00,32.9,54,22.5,36.6,11.5,100,0.00,582.0
2024-09-14T17:00,33.9,49,21.6,37.4,8.4,100,0.00,406.0
2024-09-14T18:00,34.0,47,21.1,37.2,7.9,100,0.00,235.0
2024-09-14T19:00,32.5,54,22.0,36.5,6.2,100,0.00,95.0
2024-09-14T20:00,31.0,57,21.4,33.9,11.5,100,0.00,9.0
2024-09-14T21:00,29.5,62,21.6,33.4,5.9,100,0.00,0.0
2024-09-14T22:00,28.8,66,21.9,32.5,7.6,100,0.00,0.0
2024-09-14T23:00,28.6,67,21.8,31.5,13.0,100,0.00,0.0
2024-09-15T00:00,27.6,68,21.2,29.5,18.5,54,0.00,0.0
2024-09-15T01:00,26.9,70,20.9,29.0,15.1,78,0.00,0.0
2024-09-15T02:00,26.4,70,20.5,28.3,14.7,0,0.00,0.0
2024-09-15T03:00,25.6,71,20.0,27.6,12.9,0,0.00,0.0
2024-09-15T04:00,25.0,71,19.5,26.9,12.2,0,0.00,0.0
2024-09-15T05:00,24.5,72,19.0,26.3,10.7,4,0.00,0.0
2024-09-15T06:00,24.0,73,18.8,25.9,9.5,0,0.00,0.0
2024-09-15T07:00,23.5,74,18.6,25.3,9.8,0,0.00,0.0
2024-09-15T08:00,23.8,76,19.2,25.7,10.8,3,0.00,31.0
2024-09-15T09:00,25.5,68,19.1,27.2,11.9,52,0.00,188.0
2024-09-15T10:00,27.2,60,18.9,28.8,11.8,22,0.00,337.0
2024-09-15T11:00,29.2,54,18.9,31.0,10.2,0,0.00,549.0
2024-09-15T12:00,31.0,49,19.1,34.2,9.4,0,0.00,731.0
2024-09-15T13:00,32.7,46,19.6,35.7,14.0,13,0.00,821.0
2024-09-15T14:00,30.8,55,20.6,34.8,9.5,100,1.00,756.0
2024-09-15T15:00,31.7,50,19.9,34.6,6.0,100,0.00,376.0
2024-09-15T16:00,32.5,47,19.6,35.5,4.8,99,0.00,499.0
2024-09-15T17:00,33.0,45,19.4,36.0,3.4,28,0.00,402.0
2024-09-15T18:00,33.3,42,18.8,35.9,5.1,48,0.00,337.0
2024-09-15T19:00,32.8,42,18.4,35.0,6.6,64,0.00,129.0
2024-09-15T20:00,30.8,46,17.9,30.8,19.2,1,0.00,13.0
2024-09-15T21:00,28.4,53,17.9,28.3,19.8,0,0.00,0.0
2024-09-15T22:00,27.5,56,18.0,27.8,17.5,0,0.00,0.0
2024-09-15T23:00,26.6,59,18.0,27.3,15.0,0,0.00,0.0
2024-09-16T00:00,25.8,63,18.2,26.9,13.4,0,0.00,0.0
2024-09-16T01:00,25.1,67,18.5,26.7,10.5,0,0.00,0.0
2024-09-16T02:00,24.3,71,18.6,26.6,6.2,0,0.00,0.0
2024-09-16T03:00,23.5,75,18.8,25.9,5.4,0,0.00,0.0
2024-09-16T04:00,22.9,79,19.0,25.5,4.9,0,0.00,0.0
2024-09-16T05:00,22.1,84,19.4,24.8,6.4,0,0.00,0.0
2024-09-16T06:00,22.1,86,19.8,25.0,6.4,0,0.00,0.0
2024-09-16T07:00,22.0,88,19.8,24.6,7.6,0,0.00,0.0
2024-09-16T08:00,22.1,87,19.9,24.8,7.5,0,0.00,30.0
2024-09-16T09:00,23.6,77,19.4,25.8,9.3,0,0.00,193.0
2024-09-16T10:00,25.8,67,19.1,28.0,8.4,0,0.00,397.0
2024-09-16T11:00,27.8,59,19.0,30.2,8.4,0,0.00,585.0
2024-09-16T12:00,29.5,53,18.9,32.6,8.6,0,0.00,730.0
2024-09-16T13:00,31.0,48,18.8,34.4,9.5,0,0.00,820.0
2024-09-16T14:00,32.2,44,18.3,35.2,11.4,0,0.00,848.0
2024-09-16T15:00,32.9,40,17.6,35.4,11.8,0,0.00,811.0
2024-09-16T16:00,33.3,37,16.6,34.8,11.3,0,0.00,700.0
2024-09-16T17:00,33.3,36,16.3,34.0,10.1,1,0.00,549.0
2024-09-16T18:00,33.1,37,16.4,34.1,8.4,2,0.00,355.0
2024-09-16T19:00,32.5,38,16.4,33.8,6.0,7,0.00,150.0
2024-09-16T20:00,30.5,45,17.4,31.7,10.1,15,0.00,11.0
2024-09-16T21:00,29.2,51,18.1,30.5,11.8,14,0.00,0.0
2024-09-16T22:00,28.5,54,18.2,30.3,8.7,7,0.00,0.0
2024-09-16T23:00,27.4,57,18.2,28.3,14.5,1,0.00,0.0
2024-09-17T00:00,26.2,62,18.2,27.3,13.1,0,0.00,0.0
2024-09-17T01:00,25.2,67,18.6,26.9,10.8,0,0.00,0.0
2024-09-17T02:00,24.5,71,19.0,26.5,9.5,0,0.00,0.0
2024-09-17T03:00,24.0,75,19.2,26.4,6.8,0,0.00,0.0
2024-09-17T04:00,23.4,78,19.3,26.1,5.3,2,0.00,0.0
2024-09-17T05:00,23.0,80,19.5,25.7,5.9,0,0.00,0.0
2024-09-17T06:00,22.5,84,19.8,25.5,5.1,0,0.00,0.0
2024-09-17T07:00,22.1,88,20.0,25.2,5.5,0,0.00,0.0
2024-09-17T08:00,22.4,87,20.1,25.0,9.4,0,0.00,29.0
2024-09-17T09:00,24.1,79,20.4,26.7,10.1,3,0.00,194.0
2024-09-17T10:00,26.2,69,20.1,28.8,9.3,0,0.00,397.0
2024-09-17T11:00,28.2,61,19.9,31.0,8.5,3,0.00,586.0
2024-09-17T12:00,30.0,53,19.3,33.7,6.1,1,0.00,731.0
2024-09-17T13:00,31.6,46,18.6,35.7,5.0,27,0.00,811.0
2024-09-17T14:00,32.5,42,18.1,35.8,6.8,23,0.00,754.0
2024-09-17T15:00,33.5,39,17.5,36.2,7.9,26,0.00,748.0
2024-09-17T16:00,33.9,37,17.1,35.7,9.8,12,0.00,671.0
2024-09-17T17:00,33.8,36,16.7,34.5,10.9,14,0.00,517.0
2024-09-17T18:00,33.2,37,16.6,33.7,12.4,7,0.00,335.0
2024-09-17T19:00,31.9,39,16.2,31.7,15.8,3,0.00,132.0
2024-09-17T20:00,29.5,52,18.5,30.5,14.6,1,0.00,9.0
2024-09-17T21:00,28.2,56,18.6,28.8,18.0,1,0.00,0.0
2024-09-17T22:00,26.6,62,18.8,27.2,18.9,0,0.00,0.0
2024-09-17T23:00,26.0,65,18.9,26.9,16.1,0,0.00,0.0
2024-09-18T00:00,25.5,68,19.1,26.6,15.9,0,0.00,0.0
2024-09-18T01:00,24.8,72,19.4,26.0,16.1,0,0.00,0.0
2024-09-18T02:00,24.3,75,19.6,25.7,15.3,0,0.00,0.0
2024-09-18T03:00,23.9,78,19.8,25.8,12.8,0,0.00,0.0
2024-09-18T04:00,23.6,79,19.7,25.6,12.2,0,0.00,0.0
2024-09-18T05:00,23.5,78,19.5,25.4,11.5,0,0.00,0.0
2024-09-18T06:00,23.2,79,19.4,25.3,10.5,0,0.00,0.0
2024-09-18T07:00,23.0,80,19.3,25.1,9.7,1,0.00,0.0
2024-09-18T08:00,23.5,82,20.3,26.0,10.2,6,0.00,28.0
2024-09-18T09:00,25.6,72,20.1,27.9,10.8,6,0.00,190.0
2024-09-18T10:00,27.9,63,20.2,30.3,11.0,5,0.00,392.0
2024-09-18T11:00,30.1,56,20.4,32.7,10.8,0,0.00,576.0
2024-09-18T12:00,32.0,50,20.2,35.1,13.0,0,0.00,724.0
2024-09-18T13:00,33.3,45,19.6,36.5,13.0,20,0.00,801.0
2024-09-18T14:00,33.7,43,19.2,36.4,12.8,29,0.00,738.0
2024-09-18T15:00,34.2,41,19.1,36.8,12.7,2,0.00,733.0
2024-09-18T16:00,34.7,38,18.5,36.5,13.0,15,0.00,655.0
2024-09-18T17:00,34.6,39,18.5,35.7,13.9,4,0.00,516.0
2024-09-18T18:00,34.1,40,18.5,35.2,14.2,7,0.00,335.0
2024-09-18T19:00,33.2,42,18.4,34.3,13.9,10,0.00,137.0
2024-09-18T20:00,32.1,42,17.8,33.0,12.7,21,0.00,9.0
2024-09-18T21:00,31.0,45,17.8,31.8,13.5,14,0.00,0.0
2024-09-18T22:00,29.9,49,17.9,30.9,12.5,2,0.00,0.0
2024-09-18T23:00,28.8,52,18.0,29.9,12.0,2,0.00,0.0
2024-09-19T00:00,28.0,54,17.8,29.0,12.2,0,0.00,0.0
2024-09-19T01:00,27.5,56,18.0,28.4,13.2,0,0.00,0.0
2024-09-19T02:00,27.0,59,18.4,28.2,13.5,0,0.00,0.0
2024-09-19T03:00,26.8,59,18.2,27.5,16.0,0,0.00,0.0
2024-09-19T04:00,26.5,57,17.4,27.0,14.7,0,0.00,0.0
2024-09-19T05:00,26.3,58,17.4,26.8,14.8,0,0.00,0.0
2024-09-19T06:00,26.2,61,18.0,27.1,14.0,0,0.00,0.0
2024-09-19T07:00,25.9,66,18.9,27.4,12.2,0,0.00,0.0
2024-09-19T08:00,26.2,71,20.6,28.5,12.9,2,0.00,27.0
2024-09-19T09:00,28.0,65,20.9,30.4,13.4,4,0.00,188.0
2024-09-19T10:00,30.1,58,20.9,32.3,14.7,0,0.00,390.0
2024-09-19T11:00,32.3,49,20.3,34.3,15.0,0,0.00,577.0
2024-09-19T12:00,34.0,43,19.6,36.4,15.2,0,0.00,722.0
2024-09-19T13:00,35.2,39,19.1,37.8,15.3,0,0.00,812.0
2024-09-19T14:00,36.0,37,18.9,38.6,15.5,2,0.00,837.0
2024-09-19T15:00,36.4,36,18.8,38.7,15.2,4,0.00,791.0
2024-09-19T16:00,36.4,35,18.5,38.1,14.8,4,0.00,676.0
2024-09-19T17:00,36.2,35,18.4,37.3,13.7,2,0.00,519.0
2024-09-19T18:00,35.8,36,18.2,36.8,13.4,6,0.00,333.0
2024-09-19T19:00,34.8,37,18.1,35.9,12.1,8,0.00,133.0
2024-09-19T20:00,33.5,40,18.1,34.1,16.0,7,0.00,8.0
2024-09-19T21:00,32.2,42,17.5,32.7,15.0,1,0.00,0.0
2024-09-19T22:00,31.0,44,17.3,31.5,14.8,0,0.00,0.0
2024-09-19T23:00,30.3,46,17.5,30.7,15.7,0,0.00,0.0
2024-09-20T00:00,29.4,48,17.3,30.2,12.3,0,0.00,0.0
2024-09-20T01:00,28.8,50,17.1,29.7,10.9,7,0.00,0.0
2024-09-20T02:00,27.8,53,17.2,29.1,8.2,6,0.00,0.0
2024-09-20T03:00,26.9,56,17.4,28.3,8.0,0,0.00,0.0
2024-09-20T04:00,26.4,58,17.5,27.8,8.7,0,0.00,0.0
2024-09-20T05:00,26.0,58,17.2,27.3,9.1,0,0.00,0.0
2024-09-20T06:00,25.5,59,17.0,26.6,9.4,0,0.00,0.0
2024-09-20T07:00,25.2,60,16.8,26.4,8.1,0,0.00,0.0
2024-09-20T08:00,26.1,68,19.8,28.0,12.8,0,0.00,27.0
2024-09-20T09:00,28.3,65,21.0,30.8,12.6,0,0.00,188.0
2024-09-20T10:00,30.7,59,21.8,33.4,14.2,0,0.00,393.0
2024-09-20T11:00,33.0,49,20.9,35.3,15.3,0,0.00,579.0
2024-09-20T12:00,34.6,42,19.9,37.1,15.1,25,0.00,724.0
2024-09-20T13:00,35.6,38,19.0,38.2,15.1,9,0.00,811.0
2024-09-20T14:00,36.1,36,18.5,38.7,14.4,51,0.00,836.0
2024-09-20T15:00,36.4,35,18.6,38.9,13.8,37,0.00,792.0
2024-09-20T16:00,36.5,36,18.9,38.6,13.1,44,0.00,686.0
2024-09-20T17:00,36.3,35,18.6,37.5,13.6,40,0.00,528.0
2024-09-20T18:00,35.8,35,18.1,36.4,15.5,78,0.00,334.0
2024-09-20T19:00,34.6,38,18.2,35.5,14.3,54,0.00,129.0
2024-09-20T20:00,33.3,39,17.5,34.1,13.5,21,0.00,7.0
2024-09-20T21:00,32.0,42,17.5,32.9,12.1,1,0.00,0.0
2024-09-20T22:00,30.5,46,17.5,31.8,9.3,11,0.00,0.0
2024-09-20T23:00,29.4,51,18.1,31.1,8.1,54,0.00,0.0
2024-09-21T00:00,28.7,55,18.6,30.7,8.6,90,0.00,0.0
2024-09-21T01:00,28.5,56,18.9,30.2,11.2,100,0.00,0.0
2024-09-21T02:00,28.4,56,18.6,29.9,11.3,99,0.00,0.0
2024-09-21T03:00,27.5,58,18.5,29.4,9.1,99,0.00,0.0
2024-09-21T04:00,26.6,61,18.4,28.6,8.0,5,0.00,0.0
2024-09-21T05:00,26.2,61,18.1,27.9,8.8,0,0.00,0.0
2024-09-21T06:00,26.0,60,17.6,27.4,9.1,1,0.00,0.0
2024-09-21T07:00,25.6,61,17.5,26.9,9.7,1,0.00,0.0
2024-09-21T08:00,25.7,69,19.6,27.7,11.6,83,0.00,26.0
2024-09-21T09:00,27.9,64,20.5,30.4,10.5,94,0.00,186.0
2024-09-21T10:00,30.2,59,21.4,32.9,12.9,100,0.00,386.0
2024-09-21T11:00,32.0,51,20.5,33.6,17.8,75,0.00,561.0
2024-09-21T12:00,33.3,45,20.0,35.4,18.1,91,0.00,713.0
2024-09-21T13:00,34.2,42,19.5,36.3,17.7,84,0.00,761.0
2024-09-21T14:00,34.9,39,19.0,37.0,17.7,30,0.00,806.0
2024-09-21T15:00,35.0,39,18.9,36.5,17.1,13,0.00,695.0
2024-09-21T16:00,35.2,38,18.6,36.3,16.8,11,0.00,632.0
2024-09-21T17:00,35.0,37,18.1,35.6,16.3,9,0.00,490.0
2024-09-21T18:00,34.4,39,18.2,34.7,18.4,6,0.00,316.0
2024-09-21T19:00,33.2,40,17.9,33.6,16.9,4,0.00,125.0
2024-09-21T20:00,32.4,43,18.1,33.0,16.1,16,0.00,6.0
2024-09-21T21:00,31.6,46,18.5,32.0,18.6,82,0.00,0.0
2024-09-21T22:00,30.6,48,18.2,31.3,15.6,33,0.00,0.0
2024-09-21T23:00,29.4,50,18.0,30.6,12.1,71,0.00,0.0
2024-09-22T00:00,28.6,53,18.0,29.8,11.8,77,0.00,0.0
2024-09-22T01:00,27.9,55,18.0,29.1,11.8,2,0.00,0.0
2024-09-22T02:00,27.5,57,18.1,28.4,13.6,0,0.00,0.0
2024-09-22T03:00,27.2,56,17.8,27.5,17.6,0,0.00,0.0
2024-09-22T04:00,27.1,57,17.8,27.2,18.7,0,0.00,0.0
2024-09-22T05:00,26.5,60,18.0,26.9,17.1,0,0.00,0.0
2024-09-22T06:00,25.9,63,18.4,26.6,16.6,0,0.00,0.0
2024-09-22T07:00,25.4,67,18.9,26.7,13.6,0,0.00,0.0
2024-09-22T08:00,25.1,70,19.4,27.0,11.3,5,0.00,25.0
2024-09-22T09:00,26.7,66,19.7,28.5,12.9,5,0.00,181.0
2024-09-22T10:00,28.5,60,20.0,30.2,14.7,1,0.00,386.0
2024-09-22T11:00,30.4,53,19.7,31.9,15.5,42,0.00,571.0
2024-09-22T12:00,31.9,46,18.9,33.9,14.9,7,0.00,712.0
2024-09-22T13:00,33.2,41,18.1,35.3,14.9,56,0.00,803.0
2024-09-22T14:00,34.0,38,17.8,36.0,15.1,15,0.00,803.0
2024-09-22T15:00,34.2,37,17.3,36.0,13.0,7,0.00,732.0
2024-09-22T16:00,34.2,34,16.4,35.0,12.1,13,0.00,605.0
2024-09-22T17:00,34.2,34,16.1,34.7,11.3,21,0.00,437.0
2024-09-22T18:00,33.8,35,16.3,34.4,10.5,98,0.00,268.0
2024-09-22T19:00,33.0,38,16.6,33.8,10.5,100,0.00,81.0
2024-09-22T20:00,30.8,49,18.9,33.2,6.2,100,0.00,3.0
2024-09-22T21:00,29.5,59,20.7,32.4,8.6,100,0.00,0.0
2024-09-22T22:00,29.1,61,20.8,32.2,8.0,100,0.00,0.0
2024-09-22T23:00,29.7,52,18.9,32.0,6.8,100,0.00,0.0
2024-09-23T00:00,29.0,52,18.2,30.8,8.2,100,0.00,0.0
2024-09-23T01:00,27.7,61,19.5,29.5,12.0,100,0.10,0.0
2024-09-23T02:00,26.1,74,21.0,28.3,14.8,100,0.00,0.0
2024-09-23T03:00,26.6,67,19.9,29.3,8.0,100,0.00,0.0
2024-09-23T04:00,26.9,65,19.6,29.4,7.7,100,0.00,0.0
2024-09-23T05:00,25.8,74,20.9,28.9,8.4,100,1.30,0.0
2024-09-23T06:00,24.4,88,22.2,27.6,12.6,95,3.70,0.0
2024-09-23T07:00,23.5,90,21.9,25.9,17.0,86,7.40,0.0
2024-09-23T08:00,21.8,94,20.9,25.0,7.6,100,2.60,1.0
2024-09-23T09:00,21.8,94,20.8,25.1,6.9,93,0.40,46.0
2024-09-23T10:00,22.9,86,20.4,25.8,8.0,95,0.50,177.0
2024-09-23T11:00,24.2,77,19.9,26.5,10.5,98,0.10,339.0
2024-09-23T12:00,25.0,72,19.6,26.8,13.0,100,0.00,341.0
2024-09-23T13:00,26.0,67,19.5,27.7,13.7,100,0.00,455.0
2024-09-23T14:00,26.4,66,19.5,28.1,13.0,100,0.00,309.0
2024-09-23T15:00,27.5,63,19.7,29.4,11.9,65,0.00,509.0
2024-09-23T16:00,27.9,61,19.6,29.7,12.5,92,0.00,521.0
2024-09-23T17:00,27.8,61,19.5,29.7,12.0,18,0.00,378.0
2024-09-23T18:00,27.5,60,19.1,29.5,10.1,13,0.00,312.0
2024-09-23T19:00,26.7,65,19.5,29.6,5.2,45,0.00,115.0
2024-09-23T20:00,24.4,76,19.9,27.2,7.3,24,0.00,4.0
2024-09-23T21:00,23.7,79,19.8,26.4,6.8,5,0.00,0.0
2024-09-23T22:00,23.0,80,19.5,25.7,6.9,5,0.00,0.0
2024-09-23T23:00,22.5,83,19.4,25.1,6.4,2,0.00,0.0
2024-09-24T00:00,21.9,85,19.2,24.5,5.8,8,0.00,0.0
2024-09-24T01:00,21.4,88,19.4,24.1,5.7,13,0.00,0.0
2024-09-24T02:00,21.0,92,19.6,24.0,5.1,0,0.00,0.0
2024-09-24T03:00,20.6,94,19.6,23.6,4.7,0,0.00,0.0
2024-09-24T04:00,20.5,94,19.5,23.5,4.7,0,0.00,0.0
2024-09-24T05:00,20.0,97,19.5,22.8,5.3,0,0.00,0.0
2024-09-24T06:00,20.2,97,19.8,23.4,3.7,0,0.00,0.0
2024-09-24T07:00,19.0,99,19.0,21.7,4.9,9,0.00,0.0
2024-09-24T08:00,20.9,95,20.0,24.4,2.4,1,0.00,23.0
2024-09-24T09:00,22.5,90,20.7,26.2,3.2,20,0.00,185.0
2024-09-24T10:00,24.4,79,20.5,27.9,4.0,93,0.00,369.0
2024-09-24T11:00,25.8,72,20.4,29.1,5.4,78,0.00,502.0
2024-09-24T12:00,27.5,65,20.2,30.9,7.2,44,0.00,641.0
2024-09-24T13:00,28.2,61,20.0,31.1,9.7,37,0.00,623.0
2024-09-24T14:00,29.1,57,19.8,32.6,9.6,11,0.00,746.0
2024-09-24T15:00,29.6,55,19.8,33.4,6.6,4,0.00,719.0
2024-09-24T16:00,30.0,53,19.4,33.7,3.5,1,0.00,655.0
2024-09-24T17:00,30.1,52,19.2,32.9,4.2,3,0.00,517.0
2024-09-24T18:00,29.8,53,19.2,32.5,4.8,1,0.00,324.0
2024-09-24T19:00,27.5,65,20.4,30.6,6.5,2,0.00,121.0
2024-09-24T20:00,26.2,56,16.9,27.5,7.9,22,0.00,4.0
2024-09-24T21:00,25.6,55,15.9,26.4,8.6,1,0.00,0.0
2024-09-24T22:00,24.8,62,17.1,25.7,11.4,2,0.00,0.0
2024-09-24T23:00,24.1,67,17.6,25.4,10.0,1,0.00,0.0
2024-09-25T00:00,23.5,72,18.0,24.9,10.7,0,0.00,0.0
2024-09-25T01:00,23.5,72,18.1,24.4,13.9,0,0.00,0.0
2024-09-25T02:00,23.6,75,18.9,24.7,14.8,48,0.00,0.0
2024-09-25T03:00,23.7,81,20.3,26.1,11.2,96,0.00,0.0
2024-09-25T04:00,22.2,84,19.5,23.3,17.5,100,5.40,0.0
2024-09-25T05:00,21.5,89,19.7,24.9,2.7,86,0.30,0.0
2024-09-25T06:00,21.4,90,19.7,24.8,1.8,8,0.10,0.0
2024-09-25T07:00,21.0,90,19.2,22.7,12.0,5,0.00,0.0
2024-09-25T08:00,20.2,91,18.7,21.1,16.4,35,0.00,17.0
2024-09-25T09:00,20.8,86,18.4,21.1,18.8,67,0.00,137.0
2024-09-25T10:00,21.5,80,17.9,21.0,22.9,32,0.00,325.0
2024-09-25T11:00,23.1,71,17.6,22.5,23.6,33,0.00,455.0
2024-09-25T12:00,24.9,63,17.3,24.4,24.1,13,0.00,658.0
2024-09-25T13:00,25.8,58,17.0,25.9,23.6,0,0.00,791.0
2024-09-25T14:00,26.8,50,15.4,26.5,23.8,0,0.00,838.0
2024-09-25T15:00,27.3,43,13.6,26.1,24.2,0,0.00,798.0
2024-09-25T16:00,27.4,40,12.6,25.2,24.8,0,0.00,689.0
2024-09-25T17:00,27.1,38,11.4,24.0,24.8,0,0.00,527.0
2024-09-25T18:00,26.3,41,12.0,23.9,20.9,0,0.00,327.0
2024-09-25T19:00,24.8,45,11.9,22.9,16.7,0,0.00,120.0
2024-09-25T20:00,23.3,52,12.8,22.4,12.4,0,0.00,4.0
2024-09-25T21:00,22.5,53,12.6,21.5,12.5,0,0.00,0.0
2024-09-25T22:00,21.7,55,12.1,20.7,11.3,0,0.00,0.0
2024-09-25T23:00,21.0,55,11.7,19.9,11.5,0,0.00,0.0
2024-09-26T00:00,20.4,57,11.4,19.3,10.3,0,0.00,0.0
2024-09-26T01:00,19.5,60,11.6,18.8,8.6,0,0.00,0.0
2024-09-26T02:00,18.6,65,12.0,18.1,7.9,0,0.00,0.0
2024-09-26T03:00,18.4,69,12.5,18.1,7.2,0,0.00,0.0
2024-09-26T04:00,18.0,75,13.5,18.1,7.4,0,0.00,0.0
2024-09-26T05:00,17.4,80,13.9,17.6,7.2,0,0.00,0.0
2024-09-26T06:00,16.8,83,13.9,16.9,7.8,0,0.00,0.0
2024-09-26T07:00,16.6,85,14.0,16.9,7.0,0,0.00,0.0
2024-09-26T08:00,17.6,87,15.4,18.8,5.0,0,0.00,23.0
2024-09-26T09:00,20.1,77,15.9,21.2,6.5,0,0.00,186.0
2024-09-26T10:00,22.3,65,15.4,22.9,8.3,0,0.00,395.0
2024-09-26T11:00,24.2,55,14.6,24.3,11.0,0,0.00,585.0
2024-09-26T12:00,25.5,48,13.6,25.9,11.9,0,0.00,731.0
2024-09-26T13:00,26.4,45,13.3,27.1,12.3,0,0.00,818.0
2024-09-26T14:00,27.0,43,13.3,27.7,13.0,0,0.00,840.0
2024-09-26T15:00,27.2,42,13.2,27.6,13.9,0,0.00,794.0
2024-09-26T16:00,27.4,41,12.9,26.7,15.2,0,0.00,684.0
2024-09-26T17:00,27.1,41,12.6,25.7,15.3,0,0.00,521.0
2024-09-26T18:00,26.5,45,13.5,26.0,11.2,0,0.00,321.0
2024-09-26T19:00,23.8,60,15.4,24.4,7.9,0,0.00,115.0
2024-09-26T20:00,22.7,62,14.9,22.9,10.3,0,0.00,3.0
2024-09-26T21:00,22.4,61,14.5,22.5,9.3,0,0.00,0.0
2024-09-26T22:00,20.8,67,14.6,20.6,11.3,0,0.00,0.0
2024-09-26T23:00,20.5,68,14.3,20.7,8.5,0,0.00,0.0
2024-09-27T00:00,19.7,72,14.4,19.8,9.1,0,0.00,0.0
2024-09-27T01:00,19.3,71,13.9,19.2,9.0,0,0.00,0.0
2024-09-27T02:00,18.8,74,14.0,18.8,8.3,0,0.00,0.0
2024-09-27T03:00,18.5,76,14.2,18.9,6.9,0,0.00,0.0
2024-09-27T04:00,18.3,76,14.0,18.4,8.1,0,0.00,0.0
2024-09-27T05:00,17.9,79,14.2,18.1,8.0,0,0.00,0.0
2024-09-27T06:00,17.5,82,14.4,17.8,7.8,0,0.00,0.0
2024-09-27T07:00,17.1,82,14.1,17.3,7.9,0,0.00,0.0
2024-09-27T08:00,17.6,79,13.9,17.6,8.5,0,0.00,22.0
2024-09-27T09:00,20.2,72,15.1,20.5,9.7,0,0.00,184.0
2024-09-27T10:00,22.8,62,15.1,22.8,11.2,0,0.00,393.0
2024-09-27T11:00,25.0,53,14.6,24.9,11.9,0,0.00,583.0
2024-09-27T12:00,26.5,45,13.5,26.6,13.9,0,0.00,726.0
2024-09-27T13:00,27.4,40,12.8,27.3,16.1,0,0.00,815.0
2024-09-27T14:00,28.0,38,12.5,28.0,15.8,0,0.00,838.0
2024-09-27T15:00,28.5,38,12.8,28.3,16.4,0,0.00,793.0
2024-09-27T16:00,28.9,37,12.6,28.1,15.8,0,0.00,681.0
2024-09-27T17:00,28.9,36,12.2,27.6,13.2,0,0.00,511.0
2024-09-27T18:00,28.1,40,13.4,27.6,11.1,0,0.00,313.0
2024-09-27T19:00,25.5,48,13.6,25.4,8.5,0,0.00,110.0
2024-09-27T20:00,24.3,46,12.0,23.5,9.7,0,0.00,2.0
2024-09-27T21:00,23.1,52,12.8,22.9,7.9,0,0.00,0.0
2024-09-27T22:00,22.2,59,13.8,22.3,8.2,0,0.00,0.0
2024-09-27T23:00,21.2,64,14.1,21.5,7.5,0,0.00,0.0
2024-09-28T00:00,20.4,68,14.2,20.7,7.1,0,0.00,0.0
2024-09-28T01:00,19.7,70,14.1,20.1,6.8,0,0.00,0.0
2024-09-28T02:00,19.1,72,13.9,19.4,6.8,0,0.00,0.0
2024-09-28T03:00,18.6,72,13.4,18.7,6.9,0,0.00,0.0
2024-09-28T04:00,18.4,69,12.6,17.9,9.1,0,0.00,0.0
2024-09-28T05:00,18.6,65,12.0,17.9,9.3,0,0.00,0.0
2024-09-28T06:00,18.5,67,12.2,17.9,9.0,0,0.00,0.0
2024-09-28T07:00,18.4,69,12.5,17.8,9.4,0,0.00,0.0
2024-09-28T08:00,18.5,71,13.1,18.0,10.3,0,0.00,21.0
2024-09-28T09:00,20.9,65,14.1,20.5,12.1,0,0.00,182.0
2024-09-28T10:00,23.6,56,14.4,23.2,12.8,0,0.00,392.0
2024-09-28T11:00,26.1,46,13.8,25.1,16.3,0,0.00,581.0
2024-09-28T12:00,27.5,41,12.9,26.5,19.6,0,0.00,728.0
2024-09-28T13:00,28.8,36,12.0,28.0,18.4,0,0.00,816.0
2024-09-28T14:00,29.7,34,11.9,29.2,17.7,0,0.00,837.0
2024-09-28T15:00,30.1,34,12.4,29.6,17.5,0,0.00,790.0
2024-09-28T16:00,30.6,32,11.9,29.4,16.9,49,0.00,677.0
2024-09-28T17:00,30.6,32,12.1,28.9,16.4,98,0.00,500.0
2024-09-28T18:00,29.8,37,13.6,29.1,12.1,28,0.00,304.0
2024-09-28T19:00,27.0,44,13.6,26.8,9.6,1,0.00,106.0
2024-09-28T20:00,24.5,48,12.9,24.2,8.2,8,0.00,2.0
2024-09-28T21:00,23.0,54,13.1,22.7,9.2,43,0.00,0.0
2024-09-28T22:00,22.5,57,13.4,22.4,8.4,1,0.00,0.0
2024-09-28T23:00,21.4,60,13.3,21.3,8.2,7,0.00,0.0
2024-09-29T00:00,20.0,64,12.9,19.7,9.0,3,0.00,0.0
2024-09-29T01:00,19.5,65,12.8,19.2,8.4,78,0.00,0.0
2024-09-29T02:00,19.6,65,12.9,19.4,7.9,96,0.00,0.0
2024-09-29T03:00,19.2,68,13.1,19.0,8.4,98,0.00,0.0
2024-09-29T04:00,19.0,70,13.4,19.0,7.4,98,0.00,0.0
2024-09-29T05:00,19.0,70,13.5,18.9,8.3,93,0.00,0.0
2024-09-29T06:00,18.9,72,13.8,18.6,10.7,100,0.00,0.0
2024-09-29T07:00,19.0,73,13.9,18.6,11.4,100,0.00,0.0
2024-09-29T08:00,18.8,76,14.4,18.7,10.5,100,0.00,15.0
2024-09-29T09:00,21.0,69,15.2,21.2,10.7,100,0.00,135.0
2024-09-29T10:00,23.4,60,15.2,23.6,10.8,100,0.00,321.0
2024-09-29T11:00,25.6,51,14.8,25.5,11.4,100,0.00,505.0
2024-09-29T12:00,27.5,45,14.4,28.1,10.7,100,0.00,683.0
2024-09-29T13:00,28.5,44,15.1,30.0,10.0,82,0.00,764.0
2024-09-29T14:00,29.4,44,15.9,31.4,10.0,84,0.00,797.0
2024-09-29T15:00,29.9,44,16.5,31.8,10.8,74,0.00,764.0
2024-09-29T16:00,30.2,42,16.1,31.2,11.8,10,0.00,659.0
2024-09-29T17:00,30.2,40,15.1,30.1,12.6,7,0.00,499.0
2024-09-29T18:00,29.6,40,14.4,29.3,11.8,0,0.00,303.0
2024-09-29T19:00,26.6,50,15.4,27.3,7.4,0,0.00,102.0
2024-09-29T20:00,25.0,51,14.2,25.0,9.2,0,0.00,1.0
2024-09-29T21:00,24.4,53,14.2,24.4,8.9,1,0.00,0.0
2024-09-29T22:00,23.4,56,14.2,23.2,10.5,38,0.00,0.0
2024-09-29T23:00,25.2,48,13.4,25.4,5.8,2,0.00,0.0
2024-09-30T00:00,20.8,65,13.9,21.2,5.6,0,0.00,0.0
2024-09-30T01:00,20.0,72,14.7,20.6,6.8,0,0.00,0.0
2024-09-30T02:00,19.0,78,15.1,19.5,8.5,0,0.00,0.0
2024-09-30T03:00,19.5,76,15.2,20.2,7.6,0,0.00,0.0
2024-09-30T04:00,18.3,82,15.1,18.8,8.5,0,0.00,0.0
2024-09-30T05:00,18.9,79,15.2,19.8,5.7,0,0.00,0.0
2024-09-30T06:00,18.0,85,15.4,18.9,5.9,0,0.00,0.0
2024-09-30T07:00,17.7,85,15.2,18.8,4.8,0,0.00,0.0
2024-09-30T08:00,17.5,87,15.2,18.3,6.3,0,0.00,20.0
2024-09-30T09:00,21.1,71,15.7,22.2,5.5,0,0.00,180.0
2024-09-30T10:00,24.6,58,15.9,26.3,2.5,0,0.00,390.0
2024-09-30T11:00,27.3,50,16.0,29.2,2.5,0,0.00,575.0
2024-09-30T12:00,29.2,45,16.1,32.1,2.7,0,0.00,718.0
2024-09-30T13:00,30.5,39,14.9,33.1,4.2,0,0.00,804.0
2024-09-30T14:00,31.0,37,14.5,33.5,5.3,0,0.00,824.0
2024-09-30T15:00,31.4,35,14.1,33.2,6.7,0,0.00,777.0
2024-09-30T16:00,31.5,33,13.4,32.2,7.6,0,0.00,666.0
2024-09-30T17:00,31.4,31,12.3,31.0,7.5,0,0.00,503.0
2024-09-30T18:00,30.7,31,11.5,30.1,7.5,0,0.00,302.0
2024-09-30T19:00,27.1,42,13.1,27.0,7.9,0,0.00,99.0
2024-09-30T20:00,26.0,37,10.2,24.8,8.7,0,0.00,1.0
2024-09-30T21:00,25.9,39,10.9,25.2,6.5,0,0.00,0.0
2024-09-30T22:00,23.0,51,12.5,22.4,9.7,0,0.00,0.0
2024-09-30T23:00,21.9,63,14.6,22.0,9.6,0,0.00,0.0
2024-10-01T00:00,22.9,62,15.2,23.9,5.4,0,0.00,0.0
2024-10-01T01:00,23.3,60,15.1,24.8,1.2,0,0.00,0.0
2024-10-01T02:00,20.3,73,15.2,21.4,4.9,0,0.00,0.0
2024-10-01T03:00,19.7,78,15.8,20.8,6.3,0,0.00,0.0
2024-10-01T04:00,21.3,72,16.0,22.7,4.6,0,0.00,0.0
2024-10-01T05:00,21.0,75,16.4,22.7,3.8,0,0.00,0.0
2024-10-01T06:00,18.5,88,16.5,20.1,4.6,0,0.00,0.0
2024-10-01T07:00,19.0,88,17.0,20.4,7.2,7,0.00,0.0
2024-10-01T08:00,18.8,81,15.4,19.1,10.0,4,0.00,17.0
2024-10-01T09:00,21.5,70,15.9,22.1,9.5,8,0.00,144.0
2024-10-01T10:00,25.2,62,17.3,26.6,7.9,4,0.00,367.0
2024-10-01T11:00,29.0,47,16.5,29.5,12.6,0,0.00,561.0
2024-10-01T12:00,31.6,34,13.8,31.0,18.2,0,0.00,706.0
2024-10-01T13:00,32.2,31,12.8,31.0,22.4,0,0.00,794.0
2024-10-01T14:00,32.5,30,12.7,31.7,20.2,0,0.00,815.0
2024-10-01T15:00,32.7,31,13.4,31.8,20.7,0,0.00,767.0
2024-10-01T16:00,32.5,31,13.1,30.7,22.1,0,0.00,655.0
2024-10-01T17:00,32.0,32,13.3,29.7,22.5,0,0.00,491.0
2024-10-01T18:00,31.0,36,14.1,29.0,22.6,0,0.00,291.0
2024-10-01T19:00,28.9,42,14.6,27.1,22.3,0,0.00,92.0
2024-10-01T20:00,27.8,45,14.9,26.6,19.5,0,0.00,1.0
2024-10-01T21:00,26.8,46,14.1,25.1,20.3,0,0.00,0.0
2024-10-01T22:00,25.8,45,13.1,24.1,17.6,0,0.00,0.0
2024-10-01T23:00,24.6,47,12.4,23.2,14.9,0,0.00,0.0
2024-10-02T00:00,23.9,46,11.4,22.3,13.9,0,0.00,0.0
2024-10-02T01:00,22.9,46,10.8,21.4,11.6,0,0.00,0.0
2024-10-02T02:00,22.0,48,10.4,20.8,9.2,0,0.00,0.0
2024-10-02T03:00,21.0,49,10.1,20.0,7.2,0,0.00,0.0
2024-10-02T04:00,20.0,53,10.1,19.1,6.8,0,0.00,0.0
2024-10-02T05:00,20.0,53,10.0,19.0,7.1,0,0.00,0.0
2024-10-02T06:00,19.5,53,9.6,18.4,7.3,0,0.00,0.0
2024-10-02T07:00,19.2,52,9.1,17.7,8.8,0,0.00,0.0
2024-10-02T08:00,19.2,53,9.4,17.8,8.9,0,0.00,17.0
2024-10-02T09:00,21.5,45,9.1,20.2,7.1,0,0.00,166.0
2024-10-02T10:00,23.4,42,9.6,22.6,5.1,0,0.00,369.0
2024-10-02T11:00,25.1,42,11.2,25.1,3.2,0,0.00,553.0
2024-10-02T12:00,26.9,42,12.8,28.6,0.8,0,0.00,694.0
2024-10-02T13:00,28.3,41,13.6,30.8,1.8,0,0.00,779.0
2024-10-02T14:00,29.5,40,14.4,32.2,2.8,0,0.00,799.0
2024-10-02T15:00,30.3,39,14.9,32.7,3.4,0,0.00,752.0
2024-10-02T16:00,30.7,39,15.1,32.5,3.5,0,0.00,642.0
2024-10-02T17:00,30.8,38,14.9,31.7,4.9,0,0.00,481.0
2024-10-02T18:00,30.2,39,14.9,30.9,6.8,0,0.00,284.0
2024-10-02T19:00,27.8,48,15.7,28.8,6.4,0,0.00,88.0
2024-10-02T20:00,27.0,50,15.7,27.6,9.4,0,0.00,1.0
2024-10-02T21:00,26.2,52,15.7,27.0,8.3,0,0.00,0.0
2024-10-02T22:00,25.2,59,16.7,26.4,7.8,0,0.00,0.0
2024-10-02T23:00,24.0,68,17.8,25.7,7.5,0,0.00,0.0
2024-10-03T00:00,23.3,71,17.9,24.8,8.9,0,0.00,0.0
2024-10-03T01:00,23.1,66,16.4,23.9,10.1,0,0.00,0.0
2024-10-03T02:00,23.0,62,15.2,23.3,9.4,0,0.00,0.0
2024-10-03T03:00,22.3,64,15.1,22.8,8.1,0,0.00,0.0
2024-10-03T04:00,21.8,67,15.4,22.4,8.2,0,0.00,0.0
2024-10-03T05:00,21.0,73,15.9,21.9,7.3,0,0.00,0.0
2024-10-03T06:00,20.1,80,16.5,21.1,8.8,0,0.00,0.0
2024-10-03T07:00,19.5,85,17.0,20.6,9.6,0,0.00,0.0
2024-10-03T08:00,20.4,84,17.5,22.2,5.8,0,0.00,16.0
2024-10-03T09:00,23.0,73,17.9,25.0,5.8,0,0.00,165.0
2024-10-03T10:00,25.7,62,17.9,27.5,7.0,0,0.00,369.0
2024-10-03T11:00,28.2,52,17.5,29.7,8.9,0,0.00,554.0
2024-10-03T12:00,30.5,43,16.6,32.1,10.3,0,0.00,695.0
2024-10-03T13:00,31.7,39,15.9,33.6,10.1,0,0.00,780.0
2024-10-03T14:00,32.4,37,15.6,34.3,10.1,0,0.00,799.0
2024-10-03T15:00,32.8,36,15.6,34.2,11.0,0,0.00,752.0
2024-10-03T16:00,33.0,35,15.4,33.7,11.0,0,0.00,640.0
2024-10-03T17:00,33.0,34,14.9,33.0,10.7,0,0.00,478.0
2024-10-03T18:00,32.3,34,14.6,32.2,11.2,0,0.00,280.0
2024-10-03T19:00,29.5,42,15.1,30.1,7.0,1,0.00,85.0
2024-10-03T20:00,28.5,47,16.0,28.8,12.5,2,0.00,0.0
2024-10-03T21:00,27.8,49,16.1,28.0,12.4,1,0.00,0.0
2024-10-03T22:00,26.5,55,16.6,27.1,11.8,0,0.00,0.0
2024-10-03T23:00,25.6,58,16.8,26.1,12.7,0,0.00,0.0
2024-10-04T00:00,24.9,59,16.4,25.4,11.2,0,0.00,0.0
2024-10-04T01:00,24.0,61,16.0,24.7,8.8,0,0.00,0.0
2024-10-04T02:00,23.4,62,15.6,23.9,9.5,0,0.00,0.0
2024-10-04T03:00,22.6,62,15.1,23.0,9.2,0,0.00,0.0
2024-10-04T04:00,21.1,68,15.1,21.5,8.9,0,0.00,0.0
2024-10-04T05:00,20.6,71,15.1,21.1,8.2,0,0.00,0.0
2024-10-04T06:00,20.6,70,14.9,21.4,6.0,0,0.00,0.0
2024-10-04T07:00,19.8,73,14.8,20.6,5.4,6,0.00,0.0
2024-10-04T08:00,19.2,80,15.6,20.6,3.7,0,0.00,16.0
2024-10-04T09:00,22.0,67,15.6,23.3,3.8,1,0.00,166.0
2024-10-04T10:00,24.9,52,14.4,25.7,3.6,4,0.00,369.0
2024-10-04T11:00,27.4,41,12.9,27.9,3.5,7,0.00,558.0
2024-10-04T12:00,29.2,36,12.4,30.4,4.0,1,0.00,702.0
2024-10-04T13:00,30.6,34,12.8,31.9,6.9,14,0.00,786.0
2024-10-04T14:00,31.8,30,12.1,32.2,11.0,37,0.00,805.0
2024-10-04T15:00,32.3,28,11.3,31.9,13.5,52,0.00,748.0
2024-10-04T16:00,32.5,26,10.6,30.9,15.0,0,0.00,637.0
2024-10-04T17:00,32.2,26,10.0,29.9,15.8,0,0.00,483.0
2024-10-04T18:00,31.4,25,9.1,28.9,15.4,0,0.00,283.0
2024-10-04T19:00,28.6,29,8.9,26.7,10.8,0,0.00,84.0
2024-10-04T20:00,26.4,32,8.1,24.4,10.4,0,0.00,0.0
2024-10-04T21:00,25.0,36,8.8,23.3,9.4,0,0.00,0.0
2024-10-04T22:00,23.4,42,9.9,22.2,8.3,0,0.00,0.0
2024-10-04T23:00,22.0,49,10.9,21.0,8.9,0,0.00,0.0
2024-10-05T00:00,21.5,54,11.8,20.8,8.6,0,0.00,0.0
2024-10-05T01:00,21.0,60,12.9,20.5,9.4,0,0.00,0.0
2024-10-05T02:00,20.4,66,13.8,20.1,10.4,0,0.00,0.0
2024-10-05T03:00,20.1,70,14.4,20.2,9.9,0,0.00,0.0
2024-10-05T04:00,21.1,67,14.8,21.6,7.3,0,0.00,0.0
2024-10-05T05:00,21.0,69,15.1,21.8,5.9,0,0.00,0.0
2024-10-05T06:00,19.6,77,15.4,20.5,6.5,0,0.00,0.0
2024-10-05T07:00,19.4,79,15.6,20.4,6.2,0,0.00,0.0
2024-10-05T08:00,20.2,75,15.6,21.8,2.8,0,0.00,15.0
2024-10-05T09:00,22.2,70,16.5,24.1,2.4,3,0.00,162.0
2024-10-05T10:00,24.9,61,16.8,26.7,4.2,0,0.00,363.0
2024-10-05T11:00,27.6,52,16.9,29.2,5.4,3,0.00,549.0
2024-10-05T12:00,29.7,44,16.2,31.4,8.8,42,0.00,689.0
2024-10-05T13:00,30.6,40,15.4,31.9,9.8,29,0.00,698.0
2024-10-05T14:00,31.2,37,15.0,32.6,8.7,25,0.00,719.0
2024-10-05T15:00,31.5,35,14.4,32.5,7.5,5,0.00,650.0
2024-10-05T16:00,31.5,35,14.1,32.0,6.4,3,0.00,574.0
2024-10-05T17:00,31.5,34,13.6,32.1,3.8,1,0.00,456.0
2024-10-05T18:00,31.3,33,13.2,32.1,1.6,1,0.00,267.0
2024-10-05T19:00,29.5,40,14.4,30.4,3.4,1,0.00,78.0
2024-10-05T20:00,28.0,46,15.4,29.4,2.8,96,0.00,0.0
2024-10-05T21:00,27.1,52,16.5,28.7,4.7,50,0.00,0.0
2024-10-05T22:00,26.1,60,17.8,27.9,7.1,10,0.00,0.0
2024-10-05T23:00,24.6,68,18.2,26.6,7.7,3,0.00,0.0
2024-10-06T00:00,24.1,70,18.3,26.2,6.3,13,0.00,0.0
2024-10-06T01:00,23.5,72,18.1,25.4,7.0,0,0.00,0.0
2024-10-06T02:00,23.1,71,17.7,24.7,8.4,0,0.00,0.0
2024-10-06T03:00,22.8,72,17.5,24.2,8.9,0,0.00,0.0
2024-10-06T04:00,21.9,77,17.6,23.7,6.8,0,0.00,0.0
2024-10-06T05:00,20.9,83,17.9,22.5,8.2,0,0.00,0.0
2024-10-06T06:00,21.0,82,18.0,23.0,6.7,0,0.00,0.0
2024-10-06T07:00,21.6,79,18.0,24.1,2.8,0,0.00,0.0
2024-10-06T08:00,20.9,87,18.7,23.6,3.6,20,0.00,14.0
2024-10-06T09:00,22.8,80,19.1,26.0,1.8,37,0.00,146.0
2024-10-06T10:00,25.2,70,19.5,28.4,2.9,19,0.00,347.0
2024-10-06T11:00,27.4,62,19.4,30.4,3.5,11,0.00,533.0
2024-10-06T12:00,29.1,53,18.5,32.2,6.3,0,0.00,681.0
2024-10-06T13:00,30.6,46,17.6,33.4,8.6,13,0.00,767.0
2024-10-06T14:00,31.5,41,16.8,33.8,9.6,8,0.00,769.0
2024-10-06T15:00,31.8,37,15.4,33.1,10.6,7,0.00,728.0
2024-10-06T16:00,32.0,35,14.8,32.2,11.3,9,0.00,612.0
2024-10-06T17:00,31.7,35,14.4,31.5,11.1,7,0.00,442.0
2024-10-06T18:00,31.1,34,13.6,30.5,11.9,0,0.00,266.0
2024-10-06T19:00,28.5,40,13.5,28.6,6.8,0,0.00,75.0
2024-10-06T20:00,27.5,43,13.7,27.4,9.4,0,0.00,0.0
2024-10-06T21:00,26.2,47,13.9,26.3,7.7,0,0.00,0.0
2024-10-06T22:00,25.1,52,14.5,25.3,9.0,0,0.00,0.0
2024-10-06T23:00,23.5,59,15.1,24.3,5.8,0,0.00,0.0
2024-10-07T00:00,23.5,66,16.7,24.7,7.6,0,0.00,0.0
2024-10-07T01:00,22.6,72,17.3,24.2,7.4,0,0.00,0.0
2024-10-07T02:00,21.9,77,17.5,23.6,6.7,0,0.00,0.0
2024-10-07T03:00,21.6,75,17.0,23.1,6.9,0,0.00,0.0
2024-10-07T04:00,21.5,75,16.9,22.9,7.6,0,0.00,0.0
2024-10-07T05:00,21.3,76,16.8,22.3,9.8,0,0.00,0.0
2024-10-07T06:00,21.4,77,17.2,22.5,10.1,0,0.00,0.0
2024-10-07T07:00,21.3,75,16.6,21.9,11.6,0,0.00,0.0
2024-10-07T08:00,21.0,77,16.9,21.8,11.6,0,0.00,13.0
2024-10-07T09:00,23.1,62,15.6,23.1,13.3,0,0.00,154.0
2024-10-07T10:00,25.2,49,13.7,24.4,14.0,0,0.00,354.0
2024-10-07T11:00,27.3,39,12.2,25.9,14.1,0,0.00,537.0
2024-10-07T12:00,29.1,34,11.6,28.4,13.3,0,0.00,678.0
2024-10-07T13:00,30.5,32,12.1,30.6,12.2,0,0.00,761.0
2024-10-07T14:00,31.4,32,12.6,31.8,11.7,0,0.00,779.0
2024-10-07T15:00,31.9,31,12.4,31.7,12.7,0,0.00,731.0
2024-10-07T16:00,32.0,30,12.1,31.0,13.7,0,0.00,620.0
2024-10-07T17:00,31.6,31,12.4,30.3,14.2,0,0.00,457.0
2024-10-07T18:00,30.7,33,12.6,29.4,14.1,0,0.00,261.0
2024-10-07T19:00,28.6,39,13.1,27.8,12.3,0,0.00,70.0
2024-10-07T20:00,27.5,44,14.2,26.9,13.5,0,0.00,0.0
2024-10-07T21:00,26.5,47,14.4,26.1,12.6,0,0.00,0.0
2024-10-07T22:00,25.5,47,13.3,25.0,10.7,0,0.00,0.0
2024-10-07T23:00,24.6,47,12.4,23.9,9.8,0,0.00,0.0
2024-10-08T00:00,23.8,44,10.9,22.7,9.8,0,0.00,0.0
2024-10-08T01:00,22.9,39,8.2,21.1,9.3,0,0.00,0.0
2024-10-08T02:00,22.1,37,6.8,20.0,9.0,0,0.00,0.0
2024-10-08T03:00,21.4,39,6.8,19.3,8.3,0,0.00,0.0
2024-10-08T04:00,20.3,43,7.4,18.6,6.8,0,0.00,0.0
2024-10-08T05:00,19.4,47,7.9,17.6,8.1,0,0.00,0.0
2024-10-08T06:00,18.7,50,8.1,17.0,8.0,0,0.00,0.0
2024-10-08T07:00,18.2,52,8.2,16.8,7.0,0,0.00,0.0
2024-10-08T08:00,18.2,61,10.6,17.3,7.1,0,0.00,12.0
2024-10-08T09:00,20.0,56,11.1,18.9,10.3,0,0.00,153.0
2024-10-08T10:00,21.9,50,11.0,20.6,10.7,0,0.00,354.0
2024-10-08T11:00,23.9,42,10.2,22.5,10.2,0,0.00,537.0
2024-10-08T12:00,25.8,36,9.4,25.0,9.6,0,0.00,677.0
2024-10-08T13:00,27.2,32,9.2,27.1,7.9,0,0.00,761.0
2024-10-08T14:00,28.3,30,8.9,28.3,7.4,0,0.00,778.0
2024-10-08T15:00,29.0,28,8.8,28.7,7.5,0,0.00,729.0
2024-10-08T16:00,29.5,28,8.9,28.4,7.9,0,0.00,617.0
2024-10-08T17:00,29.4,28,9.1,27.9,8.3,0,0.00,454.0
2024-10-08T18:00,28.6,30,9.1,27.1,8.9,0,0.00,258.0
2024-10-08T19:00,26.2,35,9.6,25.0,7.6,0,0.00,68.0
2024-10-08T20:00,24.8,37,9.1,23.2,9.4,0,0.00,0.0
2024-10-08T21:00,23.8,40,9.2,22.4,8.0,0,0.00,0.0
2024-10-08T22:00,22.8,44,9.8,21.6,7.2,0,0.00,0.0
2024-10-08T23:00,22.2,47,10.4,20.9,10.0,0,0.00,0.0
2024-10-09T00:00,21.7,45,9.4,20.1,9.6,0,0.00,0.0
2024-10-09T01:00,21.1,45,8.8,19.4,9.7,0,0.00,0.0
2024-10-09T02:00,20.6,45,8.2,18.8,9.3,0,0.00,0.0
2024-10-09T03:00,19.8,47,8.2,18.3,7.0,0,0.00,0.0
2024-10-09T04:00,19.1,50,8.6,17.7,7.1,0,0.00,0.0
2024-10-09T05:00,18.3,55,9.2,16.8,8.9,0,0.00,0.0
2024-10-09T06:00,18.1,59,9.9,16.9,8.3,0,0.00,0.0
2024-10-09T07:00,18.2,59,10.1,17.3,6.9,0,0.00,0.0
2024-10-09T08:00,17.1,63,10.1,16.4,5.7,0,0.00,12.0
2024-10-09T09:00,19.9,54,10.4,19.2,5.4,13,0.00,153.0
2024-10-09T10:00,22.1,43,9.1,21.2,4.9,26,0.00,347.0
2024-10-09T11:00,24.1,36,8.1,22.5,7.4,32,0.00,487.0
2024-10-09T12:00,26.0,30,7.3,24.5,10.3,0,0.00,665.0
2024-10-09T13:00,27.7,28,7.4,26.5,11.4,0,0.00,756.0
2024-10-09T14:00,28.9,27,7.8,27.9,11.5,1,0.00,773.0
2024-10-09T15:00,29.5,27,8.4,28.6,10.2,0,0.00,721.0
2024-10-09T16:00,30.0,27,8.9,28.8,8.9,0,0.00,613.0
2024-10-09T17:00,30.0,27,9.1,28.4,9.0,0,0.00,451.0
2024-10-09T18:00,29.4,28,9.1,27.9,8.8,0,0.00,254.0
2024-10-09T19:00,25.8,38,10.5,24.6,8.8,0,0.00,65.0
2024-10-09T20:00,25.1,40,10.7,24.3,7.4,0,0.00,0.0
2024-10-09T21:00,24.1,42,10.4,23.0,9.1,0,0.00,0.0
2024-10-09T22:00,23.5,44,10.4,22.0,10.9,0,0.00,0.0
2024-10-09T23:00,22.8,45,10.1,21.3,10.2,0,0.00,0.0
2024-10-10T00:00,22.1,46,10.1,20.6,10.8,0,0.00,0.0
2024-10-10T01:00,21.6,47,9.9,20.2,10.0,0,0.00,0.0
2024-10-10T02:00,21.1,48,9.7,19.5,10.3,0,0.00,0.0
2024-10-10T03:00,20.1,51,9.7,19.0,7.3,0,0.00,0.0
2024-10-10T04:00,19.9,52,9.7,18.6,8.3,0,0.00,0.0
2024-10-10T05:00,19.5,53,9.8,18.3,7.6,0,0.00,0.0
2024-10-10T06:00,18.6,59,10.6,17.8,7.0,0,0.00,0.0
2024-10-10T07:00,18.2,64,11.2,17.5,7.6,26,0.00,0.0
2024-10-10T08:00,19.5,58,10.9,18.0,12.0,13,0.00,9.0
2024-10-10T09:00,21.6,52,11.2,20.4,10.9,40,0.00,143.0
2024-10-10T10:00,23.9,45,11.3,22.4,12.9,2,0.00,316.0
2024-10-10T11:00,26.5,37,10.6,24.5,14.9,0,0.00,525.0
2024-10-10T12:00,28.5,31,9.9,27.1,14.3,0,0.00,671.0
2024-10-10T13:00,30.0,29,9.9,28.9,14.9,0,0.00,754.0
2024-10-10T14:00,31.1,27,10.1,30.0,15.9,0,0.00,771.0
2024-10-10T15:00,32.0,26,10.2,30.4,16.8,7,0.00,721.0
2024-10-10T16:00,32.2,26,10.4,30.5,14.8,5,0.00,608.0
2024-10-10T17:00,32.0,26,10.4,30.1,14.2,10,0.00,442.0
2024-10-10T18:00,31.4,28,10.4,29.7,12.5,8,0.00,247.0
2024-10-10T19:00,28.2,35,11.2,27.4,8.1,2,0.00,60.0
2024-10-10T20:00,26.9,38,11.2,25.4,12.5,3,0.00,0.0
2024-10-10T21:00,26.0,38,10.6,24.1,13.8,0,0.00,0.0
2024-10-10T22:00,24.9,36,8.9,22.5,14.8,0,0.00,0.0
2024-10-10T23:00,24.0,33,6.8,20.8,16.4,1,0.00,0.0
2024-10-11T00:00,23.5,31,5.2,19.9,16.9,0,0.00,0.0
2024-10-11T01:00,23.0,32,5.5,19.6,15.5,0,0.00,0.0
2024-10-11T02:00,22.2,36,6.2,19.6,11.5,0,0.00,0.0
2024-10-11T03:00,20.4,43,7.3,18.6,7.5,4,0.00,0.0
2024-10-11T04:00,20.4,44,7.6,18.2,10.1,1,0.00,0.0
2024-10-11T05:00,20.6,40,6.4,17.7,13.9,0,0.00,0.0
2024-10-11T06:00,19.5,42,6.4,17.5,7.3,3,0.00,0.0
2024-10-11T07:00,19.5,45,7.2,16.7,14.0,22,0.00,0.0
2024-10-11T08:00,18.7,54,9.2,17.0,10.5,6,0.00,10.0
2024-10-11T09:00,21.2,48,9.8,18.8,16.4,9,0.00,144.0
2024-10-11T10:00,24.0,40,9.4,21.4,16.7,2,0.00,347.0
2024-10-11T11:00,26.1,38,10.7,24.4,13.6,3,0.00,528.0
2024-10-11T12:00,28.4,36,11.8,26.5,20.3,0,0.00,665.0
2024-10-11T13:00,30.0,32,11.4,28.3,21.9,0,0.00,756.0
2024-10-11T14:00,31.2,29,11.2,29.6,21.1,14,0.00,782.0
2024-10-11T15:00,31.8,27,10.6,29.9,18.8,83,0.00,688.0
2024-10-11T16:00,31.7,27,10.2,29.4,16.4,70,0.00,480.0
2024-10-11T17:00,31.2,27,9.8,28.6,18.0,11,0.00,278.0
2024-10-11T18:00,30.8,25,8.8,28.0,16.6,17,0.00,251.0
2024-10-11T19:00,28.0,30,9.0,26.2,10.3,11,0.00,58.0
2024-10-11T20:00,27.6,31,9.2,25.5,13.0,95,0.00,0.0
2024-10-11T21:00,27.0,30,7.9,24.2,15.7,91,0.00,0.0
2024-10-11T22:00,26.1,30,7.2,23.0,16.6,22,0.00,0.0
2024-10-11T23:00,25.4,31,6.8,22.1,16.6,8,0.00,0.0
2024-10-12T00:00,24.8,31,6.3,21.4,16.7,0,0.00,0.0
2024-10-12T01:00,24.1,32,6.2,20.9,15.3,0,0.00,0.0
2024-10-12T02:00,23.2,33,6.2,20.3,13.9,0,0.00,0.0
2024-10-12T03:00,22.6,34,6.1,19.7,13.4,0,0.00,0.0
2024-10-12T04:00,22.3,35,6.0,19.2,14.1,0,0.00,0.0
2024-10-12T05:00,21.8,38,6.8,19.2,12.3,0,0.00,0.0
2024-10-12T06:00,21.2,43,8.1,19.0,11.4,0,0.00,0.0
2024-10-12T07:00,20.9,48,9.5,18.7,14.1,0,0.00,0.0
2024-10-12T08:00,21.8,52,11.4,19.6,17.8,70,0.00,7.0
2024-10-12T09:00,23.4,50,12.4,22.2,13.2,42,0.00,104.0
2024-10-12T10:00,25.5,46,13.0,24.4,14.2,32,0.00,297.0
2024-10-12T11:00,27.9,41,13.4,26.4,17.2,28,0.00,500.0
2024-10-12T12:00,29.9,37,13.8,28.7,19.6,19,0.00,643.0
2024-10-12T13:00,31.6,35,14.1,30.7,21.4,5,0.00,737.0
2024-10-12T14:00,32.8,32,14.1,31.8,23.1,0,0.00,760.0
2024-10-12T15:00,34.0,29,13.2,32.3,24.2,0,0.00,718.0
2024-10-12T16:00,34.8,24,11.4,31.9,24.6,0,0.00,604.0
2024-10-12T17:00,35.0,21,9.4,31.4,23.8,0,0.00,440.0
2024-10-12T18:00,33.4,24,10.4,30.3,22.1,0,0.00,243.0
2024-10-12T19:00,30.8,28,9.9,27.7,20.6,0,0.00,56.0
2024-10-12T20:00,28.2,39,12.9,27.4,11.8,0,0.00,0.0
2024-10-12T21:00,27.4,41,12.9,26.2,14.7,0,0.00,0.0
2024-10-12T22:00,26.8,41,12.4,25.2,15.8,0,0.00,0.0
2024-10-12T23:00,26.3,38,10.9,24.0,17.3,0,0.00,0.0
2024-10-13T00:00,25.9,36,9.6,23.2,17.7,0,0.00,0.0
2024-10-13T01:00,25.1,36,9.0,22.5,16.2,0,0.00,0.0
2024-10-13T02:00,24.4,36,8.2,21.9,13.9,0,0.00,0.0
2024-10-13T03:00,23.5,35,7.3,21.2,10.7,0,0.00,0.0
2024-10-13T04:00,22.9,35,6.7,20.5,10.2,0,0.00,0.0
2024-10-13T05:00,22.5,36,6.4,20.0,11.0,0,0.00,0.0
2024-10-13T06:00,22.0,37,6.4,19.5,10.5,0,0.00,0.0
2024-10-13T07:00,21.6,38,6.8,19.2,11.0,0,0.00,0.0
2024-10-13T08:00,21.2,40,7.1,18.7,12.1,0,0.00,9.0
2024-10-13T09:00,24.1,35,7.7,21.5,14.1,0,0.00,147.0
2024-10-13T10:00,27.6,28,7.7,25.4,11.6,0,0.00,351.0
2024-10-13T11:00,30.6,23,6.8,27.8,13.7,0,0.00,537.0
2024-10-13T12:00,33.0,19,6.1,30.6,15.0,0,0.00,678.0
2024-10-13T13:00,34.8,17,5.8,33.0,13.1,0,0.00,760.0
2024-10-13T14:00,35.9,16,5.8,34.4,11.5,0,0.00,775.0
2024-10-13T15:00,36.5,14,5.1,34.8,10.1,0,0.00,723.0
2024-10-13T16:00,36.3,14,4.7,33.7,11.2,0,0.00,608.0
2024-10-13T17:00,35.1,16,5.2,31.8,14.4,0,0.00,441.0
2024-10-13T18:00,32.7,19,6.4,29.2,17.5,0,0.00,242.0
2024-10-13T19:00,29.8,25,7.9,27.1,14.7,0,0.00,54.0
2024-10-13T20:00,27.9,33,9.9,26.1,12.5,0,0.00,0.0
2024-10-13T21:00,26.4,38,10.9,25.2,9.6,0,0.00,0.0
2024-10-13T22:00,25.4,42,11.4,24.2,10.8,6,0.00,0.0
2024-10-13T23:00,24.6,44,11.7,23.6,11.0,4,0.00,0.0
2024-10-14T00:00,24.0,48,12.3,22.4,15.7,1,0.00,0.0
2024-10-14T01:00,23.8,41,9.6,21.0,18.1,0,0.00,0.0
2024-10-14T02:00,23.2,33,5.9,19.6,18.4,9,0.00,0.0
2024-10-14T03:00,22.5,32,4.9,18.7,17.7,38,0.00,0.0
2024-10-14T04:00,21.8,33,4.6,18.1,16.4,26,0.00,0.0
2024-10-14T05:00,21.0,33,4.3,17.3,16.6,25,0.00,0.0
2024-10-14T06:00,20.4,33,3.8,16.2,18.8,43,0.00,0.0
2024-10-14T07:00,19.8,34,3.2,15.3,19.9,51,0.00,0.0
2024-10-14T08:00,18.9,32,1.9,13.9,21.8,68,0.00,8.0
2024-10-14T09:00,20.0,29,1.6,15.0,22.1,29,0.00,138.0
2024-10-14T10:00,21.5,25,0.8,16.2,23.3,6,0.00,338.0
2024-10-14T11:00,23.4,23,0.9,18.3,20.8,0,0.00,523.0
2024-10-14T12:00,25.0,21,1.4,21.1,17.6,3,0.00,662.0
2024-10-14T13:00,26.4,21,2.2,23.3,15.7,1,0.00,742.0
2024-10-14T14:00,27.4,21,3.0,24.9,13.5,2,0.00,758.0
2024-10-14T15:00,28.0,21,3.7,25.6,12.3,0,0.00,707.0
2024-10-14T16:00,28.2,21,3.8,25.3,11.8,0,0.00,594.0
2024-10-14T17:00,28.0,22,4.0,25.0,11.1,0,0.00,430.0
2024-10-14T18:00,27.3,22,4.0,24.4,10.3,0,0.00,233.0
2024-10-14T19:00,24.3,29,5.1,22.0,7.6,0,0.00,50.0
2024-10-14T20:00,23.1,34,6.3,21.3,6.0,0,0.00,0.0
2024-10-14T21:00,22.3,36,6.7,20.4,7.4,0,0.00,0.0
2024-10-14T22:00,21.4,39,6.7,19.5,7.5,0,0.00,0.0
2024-10-14T23:00,20.4,42,6.9,18.5,7.4,0,0.00,0.0
2024-10-15T00:00,19.5,44,7.0,17.8,6.7,0,0.00,0.0
2024-10-15T01:00,18.8,48,7.5,17.2,6.6,0,0.00,0.0
2024-10-15T02:00,18.5,50,7.9,16.9,7.3,0,0.00,0.0
2024-10-15T03:00,18.3,51,8.1,16.6,8.0,0,0.00,0.0
2024-10-15T04:00,17.9,55,8.6,16.4,7.6,0,0.00,0.0
2024-10-15T05:00,17.1,59,9.1,15.7,8.3,0,0.00,0.0
2024-10-15T06:00,17.0,62,9.6,15.6,8.2,0,0.00,0.0
2024-10-15T07:00,16.4,65,9.9,15.1,8.6,0,0.00,0.0
2024-10-15T08:00,16.0,74,11.4,15.5,6.3,0,0.00,8.0
2024-10-15T09:00,19.1,62,11.8,18.7,7.1,0,0.00,138.0
2024-10-15T10:00,22.3,53,12.4,21.6,9.5,0,0.00,338.0
2024-10-15T11:00,25.8,43,12.1,25.0,9.4,0,0.00,522.0
2024-10-15T12:00,28.8,34,11.2,28.7,7.7,0,0.00,661.0
2024-10-15T13:00,31.3,28,10.4,31.4,7.9,0,0.00,742.0
2024-10-15T14:00,33.0,24,9.9,32.9,8.7,0,0.00,758.0
2024-10-15T15:00,34.1,21,8.9,33.1,11.1,0,0.00,706.0
2024-10-15T16:00,34.8,19,7.6,32.2,14.8,0,0.00,592.0
2024-10-15T17:00,34.1,19,7.4,31.0,16.7,0,0.00,427.0
2024-10-15T18:00,30.7,29,10.4,27.3,24.2,0,0.00,229.0
2024-10-15T19:00,27.8,35,11.1,23.4,32.7,0,0.00,47.0
2024-10-15T20:00,26.5,35,9.8,21.8,31.7,0,0.00,0.0
2024-10-15T21:00,24.7,36,8.6,19.8,30.8,0,0.00,0.0
2024-10-15T22:00,23.6,32,5.9,18.2,30.2,0,0.00,0.0
2024-10-15T23:00,22.0,27,2.0,15.6,31.3,1,0.00,0.0
2024-10-16T00:00,20.6,29,1.8,13.6,35.3,4,0.00,0.0
2024-10-16T01:00,18.2,37,3.3,11.7,34.2,3,0.00,0.0
2024-10-16T02:00,17.0,34,1.0,10.9,28.7,86,0.00,0.0
2024-10-16T03:00,16.2,32,-0.7,9.8,28.5,12,0.00,0.0
2024-10-16T04:00,14.5,34,-1.0,8.2,27.3,0,0.00,0.0
2024-10-16T05:00,13.4,37,-0.9,7.4,25.4,0,0.00,0.0
2024-10-16T06:00,12.6,38,-1.2,6.8,24.2,0,0.00,0.0
2024-10-16T07:00,12.1,39,-1.5,6.6,21.8,0,0.00,0.0
2024-10-16T08:00,11.2,42,-1.2,6.0,19.6,1,0.00,8.0
2024-10-16T09:00,12.0,39,-1.5,6.3,23.2,0,0.00,140.0
2024-10-16T10:00,13.1,36,-1.6,7.1,24.3,0,0.00,348.0
2024-10-16T11:00,14.4,33,-1.6,8.5,24.1,0,0.00,542.0
2024-10-16T12:00,15.9,29,-2.2,11.0,22.0,0,0.00,692.0
2024-10-16T13:00,17.6,25,-2.8,13.5,19.3,0,0.00,783.0
2024-10-16T14:00,18.9,23,-2.9,15.2,16.9,0,0.00,802.0
2024-10-16T15:00,19.6,21,-3.4,15.7,16.0,0,0.00,749.0
2024-10-16T16:00,20.0,20,-3.5,15.6,15.0,0,0.00,630.0
2024-10-16T17:00,19.9,20,-3.8,15.2,14.2,0,0.00,456.0
2024-10-16T18:00,19.2,21,-3.7,14.5,14.2,0,0.00,246.0
2024-10-16T19:00,17.4,25,-2.7,13.3,11.1,0,0.00,50.0
2024-10-16T20:00,16.1,30,-1.5,12.1,11.3,0,0.00,0.0
2024-10-16T21:00,15.2,33,-1.1,11.4,10.4,0,0.00,0.0
2024-10-16T22:00,14.2,37,-0.4,10.8,8.5,0,0.00,0.0
2024-10-16T23:00,13.1,43,0.7,10.1,7.1,0,0.00,0.0
2024-10-17T00:00,12.5,47,1.5,9.5,7.6,0,0.00,0.0
2024-10-17T01:00,12.1,45,0.5,8.9,7.8,0,0.00,0.0
2024-10-17T02:00,11.7,44,-0.2,8.3,8.5,0,0.00,0.0
2024-10-17T03:00,11.2,45,-0.3,7.8,8.4,0,0.00,0.0
2024-10-17T04:00,10.8,47,0.0,7.5,8.2,0,0.00,0.0
2024-10-17T05:00,10.4,50,0.5,7.2,7.8,0,0.00,0.0
2024-10-17T06:00,10.1,53,1.0,6.8,9.1,0,0.00,0.0
2024-10-17T07:00,9.6,56,1.4,6.3,9.2,0,0.00,0.0
2024-10-17T08:00,8.9,61,1.8,5.6,10.2,0,0.00,7.0
2024-10-17T09:00,11.6,52,2.1,8.1,11.5,0,0.00,143.0
2024-10-17T10:00,14.2,41,1.1,10.2,14.3,0,0.00,351.0
2024-10-17T11:00,16.4,31,-0.9,11.7,16.5,0,0.00,540.0
2024-10-17T12:00,18.0,26,-1.9,14.0,16.2,0,0.00,683.0
2024-10-17T13:00,19.5,23,-2.2,15.9,15.4,0,0.00,765.0
2024-10-17T14:00,20.6,21,-2.3,17.2,15.2,0,0.00,780.0
2024-10-17T15:00,21.4,20,-2.3,17.6,15.3,0,0.00,725.0
2024-10-17T16:00,21.9,20,-2.4,17.4,15.8,0,0.00,607.0
2024-10-17T17:00,21.9,19,-2.6,17.0,16.2,0,0.00,436.0
2024-10-17T18:00,21.2,20,-3.0,16.2,16.7,30,0.00,232.0
2024-10-17T19:00,19.4,22,-2.8,15.1,12.3,1,0.00,45.0
2024-10-17T20:00,18.3,25,-2.0,14.0,13.0,0,0.00,0.0
2024-10-17T21:00,17.5,27,-2.0,13.2,12.9,0,0.00,0.0
2024-10-17T22:00,16.8,28,-1.8,12.6,12.5,0,0.00,0.0
2024-10-17T23:00,16.0,30,-1.6,11.9,12.5,0,0.00,0.0
2024-10-18T00:00,15.4,32,-1.2,11.3,12.6,0,0.00,0.0
2024-10-18T01:00,14.8,35,-0.4,11.0,11.3,0,0.00,0.0
2024-10-18T02:00,14.3,38,0.2,10.7,10.6,0,0.00,0.0
2024-10-18T03:00,14.1,39,0.4,10.3,12.0,0,0.00,0.0
2024-10-18T04:00,14.0,39,0.2,10.0,13.3,0,0.00,0.0
2024-10-18T05:00,13.7,39,0.1,9.6,13.4,1,0.00,0.0
2024-10-18T06:00,13.3,41,0.4,9.5,11.9,0,0.00,0.0
2024-10-18T07:00,12.9,44,0.8,9.4,10.5,0,0.00,0.0
2024-10-18T08:00,12.1,54,3.0,9.1,9.3,0,0.00,6.0
2024-10-18T09:00,14.2,48,3.3,11.0,11.9,9,0.00,132.0
2024-10-18T10:00,16.7,43,4.1,13.1,14.8,7,0.00,328.0
2024-10-18T11:00,19.4,39,5.2,15.6,17.3,25,0.00,507.0
2024-10-18T12:00,21.6,39,7.0,18.3,20.6,3,0.00,651.0
2024-10-18T13:00,23.2,38,7.9,20.5,20.5,0,0.00,725.0
2024-10-18T14:00,24.5,36,8.3,22.2,19.3,0,0.00,744.0
2024-10-18T15:00,25.1,36,9.0,22.8,19.2,0,0.00,692.0
2024-10-18T16:00,25.5,35,8.9,22.5,19.4,1,0.00,577.0
2024-10-18T17:00,25.5,34,8.4,22.3,18.5,0,0.00,408.0
2024-10-18T18:00,24.7,35,8.1,21.6,18.1,3,0.00,215.0
2024-10-18T19:00,22.8,38,7.7,20.2,13.6,66,0.00,39.0
2024-10-18T20:00,21.9,37,6.7,18.7,15.5,3,0.00,0.0
2024-10-18T21:00,21.0,35,4.9,17.1,18.1,0,0.00,0.0
2024-10-18T22:00,20.1,35,4.1,16.0,18.5,0,0.00,0.0
2024-10-18T23:00,19.5,35,3.6,15.3,18.3,9,0.00,0.0
2024-10-19T00:00,18.7,35,2.8,14.3,18.5,0,0.00,0.0
2024-10-19T01:00,18.0,33,1.7,13.9,16.0,2,0.00,0.0
2024-10-19T02:00,17.4,32,0.6,13.4,13.7,1,0.00,0.0
2024-10-19T03:00,16.8,33,0.2,12.9,11.9,0,0.00,0.0
2024-10-19T04:00,16.1,35,0.8,12.7,9.6,2,0.00,0.0
2024-10-19T05:00,15.4,39,1.4,12.3,8.2,0,0.00,0.0
2024-10-19T06:00,14.9,41,1.9,11.9,8.3,1,0.00,0.0
2024-10-19T07:00,14.6,43,2.2,11.7,7.8,3,0.00,0.0
2024-10-19T08:00,14.6,48,3.6,12.0,7.6,47,0.00,5.0
2024-10-19T09:00,16.5,41,3.3,13.6,9.2,61,0.00,96.0
2024-10-19T10:00,18.5,37,3.5,15.4,10.7,27,0.00,240.0
2024-10-19T11:00,20.8,35,4.9,17.7,12.7,0,0.00,457.0
2024-10-19T12:00,23.0,33,5.7,20.4,14.1,0,0.00,657.0
2024-10-19T13:00,24.2,29,5.1,22.1,13.8,1,0.00,737.0
2024-10-19T14:00,25.0,26,4.2,22.8,13.4,4,0.00,751.0
2024-10-19T15:00,25.6,24,3.3,22.8,14.4,0,0.00,701.0
2024-10-19T16:00,25.8,23,3.0,22.3,13.7,0,0.00,588.0
2024-10-19T17:00,25.5,24,3.5,22.0,13.3,0,0.00,421.0
2024-10-19T18:00,24.7,26,3.8,21.2,13.8,0,0.00,221.0
2024-10-19T19:00,22.2,31,4.2,19.1,11.8,0,0.00,40.0
2024-10-19T20:00,21.5,34,4.9,18.4,12.8,0,0.00,0.0
2024-10-19T21:00,20.5,35,4.4,17.4,12.6,0,0.00,0.0
2024-10-19T22:00,19.5,38,5.0,16.8,10.4,0,0.00,0.0
2024-10-19T23:00,18.9,42,5.7,16.2,10.5,0,0.00,0.0
2024-10-20T00:00,18.0,45,5.9,15.7,9.3,0,0.00,0.0
2024-10-20T01:00,17.2,47,5.9,15.0,8.4,0,0.00,0.0
2024-10-20T02:00,16.6,49,5.8,14.4,8.2,0,0.00,0.0
2024-10-20T03:00,16.0,51,5.9,13.9,7.9,0,0.00,0.0
2024-10-20T04:00,14.9,56,6.2,12.7,8.9,0,0.00,0.0
2024-10-20T05:00,14.1,60,6.4,11.8,9.8,0,0.00,0.0
2024-10-20T06:00,13.8,62,6.6,11.6,9.1,0,0.00,0.0
2024-10-20T07:00,13.1,65,6.8,10.9,9.4,0,0.00,0.0
2024-10-20T08:00,12.3,70,7.0,10.3,8.1,0,0.00,5.0
2024-10-20T09:00,15.6,56,6.9,13.9,6.1,0,0.00,129.0
2024-10-20T10:00,18.6,46,6.8,16.9,5.9,0,0.00,329.0
2024-10-20T11:00,21.4,39,6.9,19.6,6.7,0,0.00,513.0
2024-10-20T12:00,23.8,36,7.6,22.7,7.0,0,0.00,652.0
2024-10-20T13:00,25.2,35,8.8,24.9,7.7,0,0.00,732.0
2024-10-20T14:00,26.1,34,9.0,26.0,7.3,0,0.00,747.0
2024-10-20T15:00,26.9,32,8.8,26.3,7.2,0,0.00,695.0
2024-10-20T16:00,27.2,31,8.5,25.9,7.7,0,0.00,579.0
2024-10-20T17:00,27.1,30,7.9,25.2,9.8,0,0.00,412.0
2024-10-20T18:00,26.1,31,7.7,23.9,11.2,0,0.00,214.0
2024-10-20T19:00,23.3,37,7.8,21.6,8.1,0,0.00,37.0
2024-10-20T20:00,22.7,37,7.1,20.5,10.0,0,0.00,0.0
2024-10-20T21:00,21.6,39,7.0,19.2,11.2,0,0.00,0.0
2024-10-20T22:00,20.6,40,6.4,18.3,9.7,0,0.00,0.0
2024-10-20T23:00,19.9,41,6.1,17.3,11.1,0,0.00,0.0
2024-10-21T00:00,18.8,43,5.8,16.4,9.6,0,0.00,0.0
2024-10-21T01:00,17.5,46,5.8,15.3,8.1,5,0.00,0.0
2024-10-21T02:00,16.9,48,5.8,14.7,8.2,34,0.00,0.0
2024-10-21T03:00,16.6,50,6.3,14.4,8.9,0,0.00,0.0
2024-10-21T04:00,16.4,54,7.1,14.4,8.6,0,0.00,0.0
2024-10-21T05:00,15.9,58,7.6,14.0,8.2,0,0.00,0.0
2024-10-21T06:00,15.4,60,7.7,13.6,7.9,2,0.00,0.0
2024-10-21T07:00,14.8,63,7.9,13.2,7.5,27,0.00,0.0
2024-10-21T08:00,13.4,77,9.4,12.0,8.1,0,0.00,5.0
2024-10-21T09:00,16.6,63,9.6,15.5,7.3,0,0.00,127.0
2024-10-21T10:00,19.5,53,9.7,18.2,8.2,4,0.00,326.0
2024-10-21T11:00,22.4,48,10.7,21.0,11.0,0,0.00,509.0
2024-10-21T12:00,24.6,42,10.9,23.2,15.3,0,0.00,648.0
2024-10-21T13:00,26.1,38,10.6,24.7,17.0,43,0.00,728.0
2024-10-21T14:00,27.0,36,10.5,25.6,18.0,4,0.00,742.0
2024-10-21T15:00,27.9,32,9.7,25.8,19.0,0,0.00,689.0
2024-10-21T16:00,28.2,31,9.4,25.3,19.6,0,0.00,575.0
2024-10-21T17:00,28.0,31,9.4,24.7,21.0,0,0.00,408.0
2024-10-21T18:00,27.1,32,8.9,23.9,20.2,0,0.00,210.0
2024-10-21T19:00,24.7,36,8.7,22.6,12.0,0,0.00,35.0
2024-10-21T20:00,23.7,38,8.7,21.2,14.7,0,0.00,0.0
2024-10-21T21:00,22.9,39,8.0,20.1,15.4,0,0.00,0.0
2024-10-21T22:00,22.0,40,7.7,19.4,13.7,0,0.00,0.0
2024-10-21T23:00,21.4,43,8.2,19.0,13.5,0,0.00,0.0
2024-10-22T00:00,21.1,48,9.6,19.2,12.5,0,0.00,0.0
2024-10-22T01:00,20.9,52,10.6,19.4,11.5,0,0.00,0.0
2024-10-22T02:00,20.5,56,11.4,19.1,12.3,0,0.00,0.0
2024-10-22T03:00,20.3,58,11.8,18.7,14.8,0,0.00,0.0
2024-10-22T04:00,20.3,60,12.4,18.4,18.0,0,0.00,0.0
2024-10-22T05:00,20.2,64,13.3,18.4,20.2,0,0.00,0.0
2024-10-22T06:00,20.1,70,14.4,18.9,18.1,0,0.00,0.0
2024-10-22T07:00,19.8,74,15.0,19.1,16.5,0,0.00,0.0
2024-10-22T08:00,19.4,89,17.5,19.7,16.1,0,0.00,4.0
2024-10-22T09:00,21.5,80,17.9,21.6,18.7,1,0.00,114.0
2024-10-22T10:00,23.5,72,18.1,23.9,18.0,1,0.00,301.0
2024-10-22T11:00,25.6,64,18.4,26.1,18.1,1,0.00,477.0
2024-10-22T12:00,27.9,56,18.3,28.6,18.1,0,0.00,613.0
2024-10-22T13:00,29.6,50,18.0,30.6,18.0,0,0.00,692.0
2024-10-22T14:00,30.8,45,17.5,31.7,18.0,0,0.00,707.0
2024-10-22T15:00,31.5,42,17.1,31.9,18.2,0,0.00,656.0
2024-10-22T16:00,31.5,41,16.8,31.2,18.5,3,0.00,544.0
2024-10-22T17:00,31.1,41,16.5,30.7,18.1,2,0.00,380.0
2024-10-22T18:00,30.2,43,16.4,30.0,17.2,4,0.00,192.0
2024-10-22T19:00,28.4,48,16.5,28.6,13.7,7,0.00,30.0
2024-10-22T20:00,27.1,52,16.5,27.5,13.3,6,0.00,0.0
2024-10-22T21:00,26.5,54,16.3,26.6,14.1,4,0.00,0.0
2024-10-22T22:00,25.9,55,16.3,26.1,13.7,0,0.00,0.0
2024-10-22T23:00,24.8,60,16.5,25.3,11.9,1,0.00,0.0
2024-10-23T00:00,24.3,63,16.8,24.7,13.3,0,0.00,0.0
2024-10-23T01:00,23.9,65,16.9,24.4,12.5,0,0.00,0.0
2024-10-23T02:00,23.4,66,16.7,24.1,11.2,0,0.00,0.0
2024-10-23T03:00,22.9,67,16.5,23.6,10.7,0,0.00,0.0
2024-10-23T04:00,22.1,70,16.4,23.0,9.0,0,0.00,0.0
2024-10-23T05:00,21.4,73,16.4,22.4,8.1,1,0.00,0.0
2024-10-23T06:00,21.0,75,16.3,22.0,7.7,0,0.00,0.0
2024-10-23T07:00,20.5,77,16.3,21.6,8.1,0,0.00,0.0
2024-10-23T08:00,19.7,82,16.5,20.5,9.6,2,0.00,4.0
2024-10-23T09:00,21.9,72,16.6,22.6,10.9,0,0.00,113.0
2024-10-23T10:00,24.6,63,17.1,25.4,12.4,1,0.00,302.0
2024-10-23T11:00,27.3,54,17.2,28.0,12.4,0,0.00,478.0
2024-10-23T12:00,29.5,47,17.2,30.8,11.2,0,0.00,613.0
2024-10-23T13:00,31.4,43,17.1,33.1,10.9,0,0.00,691.0
2024-10-23T14:00,32.5,39,16.6,34.2,9.9,1,0.00,706.0
2024-10-23T15:00,32.9,36,15.9,34.0,10.4,2,0.00,654.0
2024-10-23T16:00,32.7,36,15.6,32.8,12.1,14,0.00,500.0
2024-10-23T17:00,32.3,36,15.4,32.4,11.7,12,0.00,373.0
2024-10-23T18:00,31.5,37,15.1,31.8,10.0,5,0.00,186.0
2024-10-23T19:00,29.0,44,15.4,29.7,7.2,6,0.00,28.0
2024-10-23T20:00,28.3,47,16.0,28.9,10.1,11,0.00,0.0
2024-10-23T21:00,27.1,50,15.9,27.3,12.4,8,0.00,0.0
2024-10-23T22:00,26.3,52,15.6,26.1,14.2,3,0.00,0.0
2024-10-23T23:00,26.0,52,15.4,25.2,18.2,0,0.00,0.0
2024-10-24T00:00,25.5,54,15.4,24.9,16.3,0,0.00,0.0
2024-10-24T01:00,24.5,57,15.5,24.4,13.3,0,0.00,0.0
2024-10-24T02:00,23.6,61,15.6,23.9,11.1,0,0.00,0.0
2024-10-24T03:00,22.9,63,15.4,23.3,9.8,4,0.00,0.0
2024-10-24T04:00,22.4,63,15.0,22.6,10.0,0,0.00,0.0
2024-10-24T05:00,21.6,65,14.9,21.9,9.0,0,0.00,0.0
2024-10-24T06:00,21.0,69,15.0,21.3,9.7,0,0.00,0.0
2024-10-24T07:00,20.4,71,14.9,20.5,10.3,0,0.00,0.0
2024-10-24T08:00,19.5,76,15.1,19.9,9.3,0,0.00,3.0
2024-10-24T09:00,21.7,66,15.1,21.9,10.4,0,0.00,114.0
2024-10-24T10:00,24.2,58,15.5,24.1,13.2,0,0.00,306.0
2024-10-24T11:00,26.8,52,16.2,26.6,15.9,19,0.00,485.0
2024-10-24T12:00,29.2,45,16.1,28.9,18.6,13,0.00,621.0
2024-10-24T13:00,30.6,38,14.7,29.9,20.2,8,0.00,700.0
2024-10-24T14:00,31.3,36,14.4,30.5,21.0,0,0.00,716.0
2024-10-24T15:00,31.8,34,14.1,30.3,22.9,0,0.00,663.0
2024-10-24T16:00,31.9,32,13.4,29.6,23.5,0,0.00,550.0
2024-10-24T17:00,31.5,32,12.8,28.8,24.2,0,0.00,387.0
2024-10-24T18:00,30.3,35,12.9,27.8,23.8,0,0.00,193.0
2024-10-24T19:00,28.4,40,13.6,27.0,17.0,0,0.00,28.0
2024-10-24T20:00,27.1,43,13.6,26.1,15.4,0,0.00,0.0
2024-10-24T21:00,26.6,43,12.9,24.5,20.6,0,0.00,0.0
2024-10-24T22:00,26.3,44,13.0,24.0,22.1,0,0.00,0.0
2024-10-24T23:00,25.8,45,13.1,23.5,22.4,0,0.00,0.0
2024-10-25T00:00,25.1,46,12.8,22.9,20.9,0,0.00,0.0
2024-10-25T01:00,24.6,46,12.1,22.1,21.4,0,0.00,0.0
2024-10-25T02:00,24.0,43,10.6,21.2,20.3,0,0.00,0.0
2024-10-25T03:00,23.4,45,10.7,20.7,19.5,0,0.00,0.0
2024-10-25T04:00,22.6,50,11.6,20.6,17.3,0,0.00,0.0
2024-10-25T05:00,22.0,57,12.9,20.7,14.8,0,0.00,0.0
2024-10-25T06:00,21.4,63,14.0,20.8,12.8,11,0.00,0.0
2024-10-25T07:00,20.9,68,14.7,20.3,14.8,18,0.00,0.0
2024-10-25T08:00,20.2,78,16.3,20.2,14.8,29,0.00,3.0
2024-10-25T09:00,21.9,74,17.0,22.3,13.9,14,0.00,100.0
2024-10-25T10:00,24.0,67,17.5,23.9,18.5,0,0.00,293.0
2024-10-25T11:00,26.0,60,17.6,25.9,19.4,0,0.00,474.0
2024-10-25T12:00,28.0,52,17.1,27.9,19.3,0,0.00,606.0
2024-10-25T13:00,29.5,47,16.9,29.9,18.2,0,0.00,682.0
2024-10-25T14:00,30.5,43,16.7,31.1,17.3,0,0.00,694.0
2024-10-25T15:00,31.2,41,16.5,31.6,16.8,0,0.00,643.0
2024-10-25T16:00,31.5,40,16.4,31.4,16.4,3,0.00,530.0
2024-10-25T17:00,31.4,40,16.2,31.0,16.9,5,0.00,368.0
2024-10-25T18:00,30.6,42,16.2,30.3,17.1,16,0.00,175.0
2024-10-25T19:00,29.0,46,16.4,29.3,13.5,13,0.00,23.0
2024-10-25T20:00,27.4,53,17.0,28.4,10.3,25,0.00,0.0
2024-10-25T21:00,26.1,54,16.0,26.9,8.6,3,0.00,0.0
2024-10-25T22:00,25.2,48,13.6,25.4,6.5,6,0.00,0.0
2024-10-25T23:00,24.3,47,12.3,23.8,8.2,23,0.00,0.0
2024-10-26T00:00,23.0,52,12.6,23.0,5.8,8,0.00,0.0
2024-10-26T01:00,21.8,59,13.4,22.1,5.7,12,0.00,0.0
2024-10-26T02:00,21.7,67,15.2,22.5,6.4,21,0.00,0.0
2024-10-26T03:00,21.4,71,15.9,22.2,8.4,24,0.00,0.0
2024-10-26T04:00,21.2,72,15.9,21.8,10.1,19,0.00,0.0
2024-10-26T05:00,20.9,74,16.0,21.2,12.1,20,0.00,0.0
2024-10-26T06:00,20.8,72,15.6,20.7,13.5,24,0.00,0.0
2024-10-26T07:00,20.3,68,14.2,19.5,14.8,19,0.00,0.0
2024-10-26T08:00,19.4,71,13.9,18.8,12.6,6,0.00,3.0
2024-10-26T09:00,20.7,60,12.6,19.5,13.6,0,0.00,106.0
2024-10-26T10:00,22.4,52,11.9,20.8,15.4,0,0.00,296.0
2024-10-26T11:00,24.1,47,12.2,22.7,14.6,0,0.00,471.0
2024-10-26T12:00,25.6,44,12.6,24.8,13.2,0,0.00,607.0
2024-10-26T13:00,26.8,42,12.8,26.6,12.5,0,0.00,684.0
2024-10-26T14:00,27.6,41,13.1,27.6,12.8,0,0.00,697.0
2024-10-26T15:00,28.1,40,13.4,27.8,13.0,0,0.00,645.0
2024-10-26T16:00,28.2,41,13.7,27.5,13.5,0,0.00,533.0
2024-10-26T17:00,27.8,43,13.9,27.1,13.2,12,0.00,371.0
2024-10-26T18:00,26.9,45,13.9,26.4,12.2,5,0.00,181.0
2024-10-26T19:00,25.2,50,13.9,25.3,8.4,43,0.00,24.0
2024-10-26T20:00,24.2,56,14.8,25.0,5.6,20,0.00,0.0
2024-10-26T21:00,23.5,58,14.8,24.0,6.9,0,0.00,0.0
2024-10-26T22:00,22.5,60,14.4,23.1,6.2,0,0.00,0.0
2024-10-26T23:00,21.6,63,14.4,22.2,5.5,0,0.00,0.0
2024-10-27T00:00,20.8,67,14.4,21.5,4.9,0,0.00,0.0
2024-10-27T01:00,19.9,72,14.6,20.7,4.8,0,0.00,0.0
2024-10-27T02:00,19.3,75,14.8,20.2,4.6,0,0.00,0.0
2024-10-27T03:00,18.9,79,15.1,19.8,5.1,0,0.00,0.0
2024-10-27T04:00,18.5,82,15.2,19.5,5.2,0,0.00,0.0
2024-10-27T05:00,18.0,84,15.3,19.0,5.4,0,0.00,0.0
2024-10-27T06:00,17.4,88,15.4,18.5,4.9,0,0.00,0.0
2024-10-27T07:00,17.2,90,15.6,18.4,4.9,0,0.00,0.0
2024-10-27T08:00,16.9,93,15.8,18.0,6.0,19,0.00,2.0
2024-10-27T09:00,19.2,84,16.5,20.7,5.5,5,0.00,99.0
2024-10-27T10:00,21.6,77,17.4,23.5,4.8,0,0.00,286.0
2024-10-27T11:00,24.5,63,17.0,26.3,4.4,0,0.00,464.0
2024-10-27T12:00,27.0,50,15.5,28.3,5.6,0,0.00,598.0
2024-10-27T13:00,28.6,41,14.2,29.8,7.1,0,0.00,675.0
2024-10-27T14:00,29.7,38,13.9,30.6,8.1,0,0.00,688.0
2024-10-27T15:00,30.2,37,14.1,30.8,8.5,0,0.00,636.0
2024-10-27T16:00,30.5,37,14.1,30.5,8.5,0,0.00,524.0
2024-10-27T17:00,30.5,37,14.1,30.5,8.8,2,0.00,363.0
2024-10-27T18:00,30.0,38,14.0,29.9,9.3,0,0.00,173.0
2024-10-27T19:00,27.6,43,14.1,28.0,6.6,0,0.00,22.0
2024-10-27T20:00,26.5,48,14.5,25.6,17.0,0,0.00,0.0
2024-10-27T21:00,25.8,50,14.5,24.7,17.9,0,0.00,0.0
2024-10-27T22:00,25.0,52,14.4,24.0,16.9,1,0.00,0.0
2024-10-27T23:00,24.6,52,13.9,23.3,17.5,1,0.00,0.0
2024-10-28T00:00,24.2,52,13.6,23.3,14.4,1,0.00,0.0
2024-10-28T01:00,24.0,55,14.4,23.6,12.4,0,0.00,0.0
2024-10-28T02:00,25.0,52,14.6,23.9,17.6,1,0.00,0.0
2024-10-28T03:00,25.0,52,14.4,23.2,22.4,1,0.00,0.0
2024-10-28T04:00,24.5,54,14.4,22.5,23.6,0,0.00,0.0
2024-10-28T05:00,23.9,57,14.8,22.1,23.2,0,0.00,0.0
2024-10-28T06:00,23.4,60,15.2,21.8,22.7,0,0.00,0.0
2024-10-28T07:00,22.8,64,15.5,21.4,22.0,26,0.00,0.0
2024-10-28T08:00,21.5,71,16.0,20.5,20.9,0,0.00,2.0
2024-10-28T09:00,22.9,63,15.4,22.0,18.3,0,0.00,102.0
2024-10-28T10:00,24.7,52,14.2,22.9,21.5,8,0.00,289.0
2024-10-28T11:00,26.7,43,13.2,24.5,22.0,6,0.00,465.0
2024-10-28T12:00,28.7,36,12.1,26.2,23.4,23,0.00,601.0
2024-10-28T13:00,30.1,31,11.1,27.4,25.0,17,0.00,680.0
2024-10-28T14:00,30.9,31,11.8,28.1,26.7,4,0.00,694.0
2024-10-28T15:00,31.2,30,11.4,27.9,27.9,31,0.00,640.0
2024-10-28T16:00,31.1,31,12.1,27.6,28.3,12,0.00,528.0
2024-10-28T17:00,30.8,32,12.2,27.3,28.6,34,0.00,365.0
2024-10-28T18:00,29.5,39,14.1,26.8,27.2,91,0.00,175.0
2024-10-28T19:00,27.9,44,14.4,26.2,21.4,97,0.00,21.0
2024-10-28T20:00,27.2,45,14.4,25.8,19.9,38,0.00,0.0
2024-10-28T21:00,26.4,47,14.2,25.3,16.3,9,0.00,0.0
2024-10-28T22:00,26.2,46,13.8,24.4,20.4,2,0.00,0.0
2024-10-28T23:00,26.2,49,14.6,24.1,25.2,5,0.00,0.0
2024-10-29T00:00,25.5,56,16.2,23.3,30.0,7,0.00,0.0
2024-10-29T01:00,24.9,61,16.9,22.8,30.8,1,0.00,0.0
2024-10-29T02:00,24.3,65,17.2,22.5,30.3,0,0.00,0.0
2024-10-29T03:00,23.5,70,17.8,22.3,27.9,1,0.00,0.0
2024-10-29T04:00,22.6,79,18.9,21.8,27.8,5,0.00,0.0
2024-10-29T05:00,22.3,83,19.3,22.0,25.9,99,0.00,0.0
2024-10-29T06:00,22.9,81,19.4,22.6,26.5,100,0.00,0.0
2024-10-29T07:00,22.6,83,19.6,22.4,26.8,76,0.00,0.0
2024-10-29T08:00,22.4,87,20.1,22.5,26.3,93,0.30,1.0
2024-10-29T09:00,22.7,87,20.5,22.4,30.4,100,0.60,41.0
2024-10-29T10:00,23.8,79,20.0,22.9,32.8,81,0.20,159.0
2024-10-29T11:00,25.5,68,19.3,23.8,35.9,52,0.20,344.0
2024-10-29T12:00,27.2,59,18.5,25.4,34.4,46,0.10,433.0
2024-10-29T13:00,29.0,50,17.5,26.3,37.3,72,0.00,551.0
2024-10-29T14:00,29.0,47,16.8,26.0,36.9,90,0.00,356.0
2024-10-29T15:00,29.6,46,16.8,26.5,37.5,35,0.10,429.0
2024-10-29T16:00,30.5,41,15.8,27.2,36.4,20,0.00,466.0
2024-10-29T17:00,30.7,38,14.8,27.1,35.7,58,0.00,323.0
2024-10-29T18:00,29.7,41,14.9,26.5,33.1,34,0.00,148.0
2024-10-29T19:00,28.5,44,14.9,25.9,28.9,15,0.00,19.0
2024-10-29T20:00,27.6,46,15.1,25.1,29.3,12,0.00,0.0
2024-10-29T21:00,26.6,52,15.9,23.7,33.7,2,0.00,0.0
2024-10-29T22:00,25.7,56,16.4,22.9,34.6,4,0.00,0.0
2024-10-29T23:00,25.0,59,16.4,22.1,35.0,1,0.00,0.0
2024-10-30T00:00,24.1,66,17.4,22.0,32.3,2,0.00,0.0
2024-10-30T01:00,23.5,71,18.0,22.0,30.0,6,0.00,0.0
2024-10-30T02:00,23.1,74,18.2,22.1,28.0,12,0.00,0.0
2024-10-30T03:00,22.9,76,18.4,22.1,26.4,36,0.00,0.0
2024-10-30T04:00,22.6,78,18.5,22.2,24.7,100,0.00,0.0
2024-10-30T05:00,22.9,78,18.8,22.5,25.6,100,0.10,0.0
2024-10-30T06:00,23.0,79,19.0,22.5,26.4,100,0.00,0.0
2024-10-30T07:00,23.0,80,19.2,22.5,27.0,100,0.10,0.0
2024-10-30T08:00,23.4,80,19.8,22.9,28.6,100,0.00,1.0
2024-10-30T09:00,24.1,77,19.9,23.9,27.1,37,0.00,70.0
2024-10-30T10:00,25.3,71,19.8,24.1,33.6,64,0.10,242.0
2024-10-30T11:00,27.0,63,19.2,25.5,33.7,95,0.20,287.0
2024-10-30T12:00,27.6,60,19.2,26.5,31.7,100,0.20,276.0
2024-10-30T13:00,28.5,57,19.1,27.2,32.3,36,0.10,322.0
2024-10-30T14:00,29.7,53,19.0,28.5,31.6,32,0.30,461.0
2024-10-30T15:00,31.4,45,18.1,30.0,30.1,29,0.00,552.0
2024-10-30T16:00,31.1,44,17.5,29.7,28.0,38,0.00,382.0
2024-10-30T17:00,31.8,40,16.5,29.5,30.7,71,0.00,297.0
2024-10-30T18:00,30.6,42,16.3,29.5,22.5,30,0.00,105.0
2024-10-30T19:00,28.5,54,18.2,27.9,24.1,24,0.00,15.0
2024-10-30T20:00,25.0,75,20.4,26.4,18.3,86,0.20,0.0
2024-10-30T21:00,26.2,66,19.4,27.6,14.8,28,0.00,0.0
2024-10-30T22:00,25.7,64,18.5,27.1,11.4,36,0.10,0.0
2024-10-30T23:00,24.5,73,19.2,26.7,8.7,28,1.20,0.0
2024-10-31T00:00,24.9,73,19.6,26.6,13.2,60,0.00,0.0
2024-10-31T01:00,24.9,70,19.0,24.9,22.7,14,0.10,0.0
2024-10-31T02:00,24.2,73,19.0,24.0,24.3,12,0.00,0.0
2024-10-31T03:00,22.7,79,19.0,23.5,17.8,100,1.30,0.0
2024-10-31T04:00,21.2,91,19.6,24.0,6.1,100,12.50,0.0
2024-10-31T05:00,21.4,91,19.9,23.5,11.9,96,4.30,0.0
2024-10-31T06:00,20.9,92,19.5,22.9,10.3,63,0.00,0.0
2024-10-31T07:00,19.4,91,17.9,19.8,16.7,100,0.00,0.0
2024-10-31T08:00,14.6,72,9.6,11.4,21.6,0,0.00,1.0
2024-10-31T09:00,15.4,71,10.2,12.8,19.0,0,0.00,96.0
2024-10-31T10:00,16.2,69,10.4,13.4,20.4,0,0.00,285.0
2024-10-31T11:00,17.4,67,11.1,15.2,17.3,0,0.00,463.0
2024-10-31T12:00,18.5,63,11.4,16.9,15.9,0,0.00,598.0
2024-10-31T13:00,19.6,60,11.6,18.6,15.2,1,0.00,677.0
2024-10-31T14:00,20.6,56,11.4,19.5,15.6,1,0.00,687.0
2024-10-31T15:00,21.3,54,11.5,20.2,14.1,0,0.00,635.0
2024-10-31T16:00,21.5,52,11.3,19.9,13.7,0,0.00,525.0
2024-10-31T17:00,21.2,52,10.9,19.4,14.2,0,0.00,361.0
2024-10-31T18:00,20.1,58,11.5,19.3,9.1,0,0.00,169.0
2024-10-31T19:00,18.1,65,11.4,17.5,7.2,0,0.00,18.0
2024-10-31T20:00,18.0,66,11.6,17.2,8.9,0,0.00,0.0
2024-10-31T21:00,17.4,66,11.1,16.2,10.3,0,0.00,0.0
2024-10-31T22:00,16.8,63,9.8,15.1,10.6,0,0.00,0.0
2024-10-31T23:00,16.2,64,9.4,14.6,9.9,2,0.00,0.0
2024-11-01T00:00,15.6,65,9.1,13.9,9.4,1,0.00,0.0
2024-11-01T01:00,15.0,68,9.1,13.6,8.1,22,0.00,0.0
2024-11-01T02:00,14.4,71,9.4,13.4,6.2,31,0.00,0.0
2024-11-01T03:00,14.4,72,9.4,13.3,6.8,92,0.00,0.0
2024-11-01T04:00,14.6,73,9.8,13.6,6.5,89,0.00,0.0
2024-11-01T05:00,14.8,73,10.1,13.5,9.4,90,0.00,0.0
2024-11-01T06:00,14.7,73,9.9,13.7,6.7,95,0.00,0.0
2024-11-01T07:00,14.4,75,10.1,13.3,8.3,92,0.00,0.0
2024-11-01T08:00,14.6,87,12.5,14.1,8.6,93,0.00,1.0
2024-11-01T09:00,16.0,83,13.1,15.5,10.2,100,0.00,64.0
2024-11-01T10:00,16.9,82,13.9,16.6,10.5,100,0.20,67.0
2024-11-01T11:00,17.1,88,15.1,16.8,13.9,100,1.40,99.0
2024-11-01T12:00,18.4,85,15.7,18.6,11.8,100,0.20,184.0
2024-11-01T13:00,19.2,84,16.5,19.9,11.0,100,0.00,182.0
2024-11-01T14:00,20.9,80,17.4,22.0,10.3,100,0.00,297.0
2024-11-01T15:00,22.4,75,17.8,23.9,8.8,100,0.00,290.0
2024-11-01T16:00,23.2,73,18.1,25.0,7.7,100,0.00,219.0
2024-11-01T17:00,23.2,73,18.1,24.7,9.9,88,0.00,167.0
2024-11-01T18:00,22.1,78,18.1,23.5,10.9,44,0.00,110.0
2024-11-01T19:00,20.5,86,18.0,22.0,9.4,11,0.00,14.0
2024-11-01T20:00,21.2,81,17.9,23.4,4.5,100,0.00,0.0
2024-11-01T21:00,20.8,82,17.5,22.3,8.5,100,0.00,0.0
2024-11-01T22:00,20.8,82,17.6,21.7,12.5,96,0.00,0.0
2024-11-01T23:00,20.8,83,17.8,21.4,14.5,100,0.00,0.0
2024-11-02T00:00,20.9,81,17.5,21.2,15.9,100,0.00,0.0
2024-11-02T01:00,20.7,81,17.4,20.8,17.4,93,0.00,0.0
2024-11-02T02:00,20.0,85,17.5,20.3,16.6,30,0.00,0.0
2024-11-02T03:00,19.4,88,17.4,20.0,14.0,76,0.00,0.0
2024-11-02T04:00,19.4,88,17.5,20.4,11.5,100,0.00,0.0
2024-11-02T05:00,19.9,86,17.5,21.0,11.4,100,0.00,0.0
2024-11-02T06:00,20.0,86,17.5,21.0,11.7,100,0.00,0.0
2024-11-02T07:00,20.0,86,17.6,21.0,11.5,100,0.00,0.0
2024-11-02T08:00,20.0,89,18.1,21.5,10.5,100,0.10,0.0
2024-11-02T09:00,20.3,89,18.4,21.6,12.2,100,0.10,19.0
2024-11-02T10:00,21.0,86,18.5,22.1,14.1,100,0.00,71.0
2024-11-02T11:00,21.9,82,18.6,22.5,17.8,100,0.00,136.0
2024-11-02T12:00,22.7,79,18.8,23.1,19.8,100,0.00,166.0
2024-11-02T13:00,23.8,75,19.0,24.1,20.7,100,0.00,258.0
2024-11-02T14:00,24.1,74,19.1,24.9,18.0,100,0.00,192.0
2024-11-02T15:00,25.0,69,19.0,26.0,16.1,36,0.00,205.0
2024-11-02T16:00,26.0,65,19.0,26.5,20.4,100,0.00,417.0
2024-11-02T17:00,25.2,70,19.4,25.7,21.3,41,0.10,179.0
2024-11-02T18:00,24.1,79,20.2,25.2,20.0,65,0.00,137.0
2024-11-02T19:00,22.5,84,19.7,23.0,22.6,48,0.00,0.0
2024-11-02T20:00,22.1,88,20.1,24.4,11.7,49,0.00,0.0
2024-11-02T21:00,22.1,89,20.1,24.2,12.8,63,0.00,0.0
2024-11-02T22:00,22.0,87,19.8,23.2,17.0,100,1.40,0.0
2024-11-02T23:00,22.0,90,20.2,22.7,22.3,100,0.40,0.0
2024-11-03T00:00,22.1,90,20.5,22.9,22.8,100,0.00,0.0
2024-11-03T01:00,22.1,91,20.6,22.6,25.4,100,0.00,0.0
2024-11-03T02:00,22.1,91,20.5,22.2,28.2,100,0.10,0.0
2024-11-03T03:00,22.3,90,20.5,22.6,26.2,100,0.20,0.0
2024-11-03T04:00,22.2,90,20.5,22.9,24.2,100,0.20,0.0
2024-11-03T05:00,22.3,89,20.4,22.9,24.1,100,0.10,0.0
2024-11-03T06:00,22.3,88,20.2,22.6,25.5,100,0.10,0.0
2024-11-03T07:00,22.2,88,20.1,22.3,26.6,88,0.00,0.0
2024-11-03T08:00,22.0,89,20.1,22.8,21.1,74,0.10,0.0
2024-11-03T09:00,22.4,89,20.4,23.2,22.3,100,0.00,57.0
2024-11-03T10:00,23.6,82,20.4,24.1,24.9,100,0.10,176.0
2024-11-03T11:00,24.2,78,20.2,24.2,27.5,100,0.40,261.0
2024-11-03T12:00,24.9,75,20.0,25.0,25.5,100,0.10,236.0
2024-11-03T13:00,25.5,71,20.0,26.0,23.0,100,0.00,251.0
2024-11-03T14:00,26.0,69,19.9,26.2,24.8,100,0.10,285.0
2024-11-03T15:00,27.2,63,19.5,27.2,25.0,72,0.10,380.0
2024-11-03T16:00,27.8,59,19.0,27.2,27.4,72,0.20,379.0
2024-11-03T17:00,23.5,79,19.5,25.8,8.9,100,5.20,174.0
2024-11-03T18:00,21.2,96,20.6,23.6,12.4,100,8.00,16.0
2024-11-03T19:00,21.0,96,20.4,23.8,8.7,99,1.70,2.0
2024-11-03T20:00,24.8,62,17.0,24.9,16.5,39,0.00,0.0
2024-11-03T21:00,25.4,61,17.4,24.7,22.5,17,0.00,0.0
2024-11-03T22:00,24.5,79,20.5,24.2,30.1,5,0.00,0.0
2024-11-03T23:00,24.0,79,20.1,23.5,30.6,4,0.00,0.0
2024-11-04T00:00,23.9,78,19.9,23.0,31.7,6,0.00,0.0
2024-11-04T01:00,23.8,74,18.9,22.5,31.5,1,0.00,0.0
2024-11-04T02:00,23.5,70,17.7,22.0,29.2,8,0.00,0.0
2024-11-04T03:00,23.0,73,17.9,21.8,28.3,17,0.00,0.0
2024-11-04T04:00,22.8,77,18.6,21.8,28.3,11,0.00,0.0
2024-11-04T05:00,22.5,81,19.1,21.7,28.9,84,0.00,0.0
2024-11-04T06:00,22.9,81,19.5,22.0,30.7,99,0.00,0.0
2024-11-04T07:00,23.4,79,19.5,22.4,31.1,100,0.00,0.0
2024-11-04T08:00,22.9,79,19.0,22.2,28.2,16,0.00,0.0
2024-11-04T09:00,23.5,78,19.4,22.6,30.2,100,0.10,73.0
2024-11-04T10:00,24.2,76,19.6,23.5,29.7,100,0.10,82.0
2024-11-04T11:00,25.1,74,20.0,24.5,30.9,49,0.10,138.0
2024-11-04T12:00,26.4,69,20.3,25.7,32.4,100,0.40,392.0
2024-11-04T13:00,22.0,91,20.5,22.2,26.2,100,11.40,90.0
2024-11-04T14:00,22.5,86,19.9,23.0,22.2,100,1.00,219.0
2024-11-04T15:00,21.5,88,19.5,21.9,22.0,100,6.60,116.0
2024-11-04T16:00,21.2,91,19.6,22.9,13.8,100,0.40,110.0
2024-11-04T17:00,21.0,89,19.0,22.6,12.5,100,0.60,81.0
2024-11-04T18:00,21.0,93,19.9,23.8,6.7,98,0.40,38.0
2024-11-04T19:00,20.8,95,20.0,24.1,3.7,40,0.30,6.0
2024-11-04T20:00,19.5,88,17.5,20.7,10.8,69,0.30,0.0
2024-11-04T21:00,18.8,87,16.5,19.4,11.6,100,2.40,0.0
2024-11-04T22:00,18.8,85,16.1,18.9,13.6,100,0.20,0.0
2024-11-04T23:00,18.8,82,15.6,19.2,9.7,100,9.50,0.0
2024-11-05T00:00,18.8,75,14.2,19.4,5.7,100,1.10,0.0
2024-11-05T01:00,18.4,80,14.9,18.7,8.9,100,0.10,0.0
2024-11-05T02:00,17.5,85,14.9,18.5,4.2,100,0.00,0.0
2024-11-05T03:00,16.9,85,14.4,17.6,4.5,100,0.00,0.0
2024-11-05T04:00,17.4,84,14.6,17.5,9.0,100,0.00,0.0
2024-11-05T05:00,17.2,84,14.5,17.7,6.9,100,0.00,0.0
2024-11-05T06:00,17.1,85,14.5,16.9,11.7,99,0.00,0.0
2024-11-05T07:00,17.4,81,14.1,17.1,10.9,100,0.00,0.0
2024-11-05T08:00,16.6,80,13.2,15.9,12.5,100,0.70,0.0
2024-11-05T09:00,16.0,72,11.0,14.2,14.6,100,0.00,22.0
2024-11-05T10:00,15.6,67,9.6,12.8,18.4,39,0.00,69.0
2024-11-05T11:00,16.3,65,9.7,13.5,18.5,47,0.00,342.0
2024-11-05T12:00,16.7,61,9.2,13.6,19.6,0,0.00,523.0
2024-11-05T13:00,17.6,57,9.1,15.5,17.2,0,0.00,663.0
2024-11-05T14:00,18.3,55,9.1,16.5,15.1,0,0.00,680.0
2024-11-05T15:00,18.9,53,9.2,17.1,13.7,0,0.00,627.0
2024-11-05T16:00,19.1,52,9.1,17.0,12.7,0,0.00,512.0
2024-11-05T17:00,19.0,52,8.8,17.1,10.7,0,0.00,347.0
2024-11-05T18:00,17.8,61,10.1,17.0,5.3,0,0.00,156.0
2024-11-05T19:00,15.1,72,10.1,13.9,8.4,0,0.00,14.0
2024-11-05T20:00,15.7,69,9.9,14.9,5.6,0,0.00,0.0
2024-11-05T21:00,14.3,76,10.1,13.4,6.5,0,0.00,0.0
2024-11-05T22:00,13.6,80,10.1,12.6,6.6,0,0.00,0.0
2024-11-05T23:00,12.9,84,10.2,11.9,7.4,0,0.00,0.0
2024-11-06T00:00,14.2,78,10.4,13.7,4.2,0,0.00,0.0
2024-11-06T01:00,13.9,80,10.4,13.3,4.4,0,0.00,0.0
2024-11-06T02:00,13.3,83,10.5,12.9,4.0,0,0.00,0.0
2024-11-06T03:00,12.6,88,10.6,12.4,2.2,0,0.00,0.0
2024-11-06T04:00,11.8,93,10.6,11.6,2.7,0,0.00,0.0
2024-11-06T05:00,11.3,95,10.6,10.9,3.8,0,0.00,0.0
2024-11-06T06:00,9.1,100,9.1,7.9,7.0,100,0.00,0.0
2024-11-06T07:00,9.4,100,9.4,8.3,6.3,99,0.00,0.0
2024-11-06T08:00,8.8,100,8.8,7.2,8.1,100,0.00,0.0
2024-11-06T09:00,10.7,98,10.4,9.8,7.4,100,0.00,71.0
2024-11-06T10:00,13.1,94,12.1,12.9,6.1,18,0.00,243.0
2024-11-06T11:00,16.4,76,12.2,15.9,8.1,0,0.00,448.0
2024-11-06T12:00,18.5,64,11.6,17.7,9.9,0,0.00,591.0
2024-11-06T13:00,19.6,58,11.2,19.4,9.4,0,0.00,669.0
2024-11-06T14:00,20.5,55,11.1,20.2,9.8,0,0.00,680.0
2024-11-06T15:00,21.0,52,10.9,20.2,11.0,0,0.00,625.0
2024-11-06T16:00,21.2,51,10.8,19.8,11.5,0,0.00,509.0
2024-11-06T17:00,20.8,52,10.6,19.2,11.9,0,0.00,344.0
2024-11-06T18:00,19.0,62,11.6,18.5,7.3,0,0.00,153.0
2024-11-06T19:00,16.6,70,11.1,15.7,8.3,0,0.00,13.0
2024-11-06T20:00,17.2,63,10.1,15.7,10.8,0,0.00,0.0
2024-11-06T21:00,16.3,69,10.5,15.1,9.6,0,0.00,0.0
2024-11-06T22:00,15.6,75,11.1,14.5,9.6,0,0.00,0.0
2024-11-06T23:00,14.5,81,11.3,13.8,7.3,0,0.00,0.0
2024-11-07T00:00,13.6,85,11.2,12.9,7.8,0,0.00,0.0
2024-11-07T01:00,13.4,87,11.2,12.8,6.9,0,0.00,0.0
2024-11-07T02:00,13.2,88,11.3,12.6,6.9,0,0.00,0.0
2024-11-07T03:00,13.1,90,11.5,12.5,7.5,0,0.00,0.0
2024-11-07T04:00,13.3,90,11.8,12.6,8.9,0,0.00,0.0
2024-11-07T05:00,13.4,91,11.9,12.5,9.6,5,0.00,0.0
2024-11-07T06:00,13.6,89,11.9,12.5,11.4,100,0.00,0.0
2024-11-07T07:00,14.7,86,12.4,13.7,12.3,100,0.00,0.0
2024-11-07T08:00,15.2,92,13.9,14.5,13.4,97,0.00,0.0
2024-11-07T09:00,16.4,90,14.7,15.2,18.4,78,0.00,31.0
2024-11-07T10:00,18.1,88,16.0,17.7,17.2,100,0.40,152.0
2024-11-07T11:00,19.1,86,16.8,18.7,19.1,100,1.70,229.0
2024-11-07T12:00,20.7,82,17.5,20.0,23.4,97,0.20,288.0
2024-11-07T13:00,22.6,75,18.0,22.1,23.8,100,0.00,464.0
2024-11-07T14:00,22.4,78,18.4,22.5,20.7,100,0.00,240.0
2024-11-07T15:00,23.0,78,19.0,23.5,20.2,100,0.00,224.0
2024-11-07T16:00,23.8,75,19.1,24.1,21.5,100,0.00,237.0
2024-11-07T17:00,24.0,73,18.9,24.3,20.7,81,0.00,175.0
2024-11-07T18:00,23.4,76,19.0,24.8,13.2,62,0.00,81.0
2024-11-07T19:00,22.0,83,19.0,23.6,12.4,18,0.00,9.0
2024-11-07T20:00,19.9,94,18.9,21.0,15.4,19,0.00,0.0
2024-11-07T21:00,19.5,93,18.4,20.4,14.7,27,0.00,0.0
2024-11-07T22:00,19.2,93,18.1,19.6,17.9,81,0.00,0.0
2024-11-07T23:00,19.1,95,18.2,19.5,18.2,100,0.00,0.0
2024-11-08T00:00,19.4,96,18.6,20.1,16.6,100,0.00,0.0
2024-11-08T01:00,19.3,96,18.7,20.1,16.6,100,0.00,0.0
2024-11-08T02:00,19.5,96,18.9,20.1,18.4,100,0.00,0.0
2024-11-08T03:00,19.5,97,18.9,20.2,17.4,100,0.00,0.0
2024-11-08T04:00,19.4,98,19.0,20.1,17.8,100,0.00,0.0
2024-11-08T05:00,19.4,97,18.9,19.8,20.0,100,0.10,0.0
2024-11-08T06:00,19.4,96,18.8,19.9,19.1,100,0.10,0.0
2024-11-08T07:00,19.4,96,18.6,19.7,19.6,100,0.30,0.0
2024-11-08T08:00,19.7,98,19.5,21.8,10.3,100,0.40,0.0
2024-11-08T09:00,19.7,98,19.3,21.2,13.7,100,0.80,23.0
2024-11-08T10:00,19.9,96,19.3,20.9,17.3,100,0.60,44.0
2024-11-08T11:00,20.2,95,19.5,21.3,17.4,100,0.30,56.0
2024-11-08T12:00,21.0,91,19.5,21.5,21.1,100,0.50,188.0
2024-11-08T13:00,22.2,88,20.0,22.6,23.8,100,0.20,131.0
2024-11-08T14:00,23.7,82,20.4,24.3,23.4,100,0.10,217.0
2024-11-08T15:00,24.1,77,19.9,24.1,26.3,91,0.10,225.0
2024-11-08T16:00,24.1,77,20.0,24.4,24.7,92,0.00,177.0
2024-11-08T17:00,23.1,84,20.3,24.2,19.9,100,0.60,96.0
2024-11-08T18:00,20.9,95,20.0,22.2,17.7,100,2.70,42.0
2024-11-08T19:00,20.5,95,19.6,22.7,10.4,100,9.10,3.0
2024-11-08T20:00,17.2,81,13.9,15.8,18.6,100,3.20,0.0
2024-11-08T21:00,16.9,79,13.2,15.7,14.9,68,0.00,0.0
2024-11-08T22:00,16.8,78,12.9,15.5,15.0,63,0.00,0.0
2024-11-08T23:00,16.2,76,11.9,14.5,15.6,91,0.40,0.0
2024-11-09T00:00,15.9,78,12.1,15.6,6.5,18,0.00,0.0
2024-11-09T01:00,14.2,88,12.3,14.1,6.0,6,0.00,0.0
2024-11-09T02:00,14.0,84,11.3,12.8,11.3,4,0.00,0.0
2024-11-09T03:00,12.6,79,9.1,10.5,12.7,3,0.00,0.0
2024-11-09T04:00,11.9,80,8.5,9.9,10.8,0,0.00,0.0
2024-11-09T05:00,10.6,84,8.1,9.0,7.7,0,0.00,0.0
2024-11-09T06:00,9.8,88,7.8,8.2,6.6,0,0.00,0.0
2024-11-09T07:00,8.8,91,7.4,7.0,7.9,0,0.00,0.0
2024-11-09T08:00,9.3,89,7.5,7.8,5.6,0,0.00,0.0
2024-11-09T09:00,11.1,82,8.1,9.5,7.4,0,0.00,77.0
2024-11-09T10:00,13.5,72,8.4,12.2,6.4,0,0.00,265.0
2024-11-09T11:00,15.9,60,8.1,14.5,6.1,0,0.00,444.0
2024-11-09T12:00,17.7,55,8.4,16.6,5.8,0,0.00,580.0
2024-11-09T13:00,19.2,49,8.2,18.6,5.7,0,0.00,658.0
2024-11-09T14:00,20.2,44,7.5,19.5,5.5,0,0.00,671.0
2024-11-09T15:00,20.8,42,7.2,20.0,3.6,0,0.00,617.0
2024-11-09T16:00,20.9,41,7.2,19.9,1.3,0,0.00,502.0
2024-11-09T17:00,20.6,42,7.3,19.6,2.4,0,0.00,336.0
2024-11-09T18:00,18.5,64,11.4,18.1,5.3,0,0.00,144.0
2024-11-09T19:00,16.2,65,9.5,15.0,7.6,0,0.00,11.0
2024-11-09T20:00,16.9,58,8.6,15.4,7.4,0,0.00,0.0
2024-11-09T21:00,16.1,63,9.1,14.8,7.9,0,0.00,0.0
2024-11-09T22:00,15.4,68,9.5,14.2,7.6,0,0.00,0.0
2024-11-09T23:00,14.5,71,9.4,13.0,9.2,0,0.00,0.0
2024-11-10T00:00,13.5,77,9.6,11.8,10.6,0,0.00,0.0
2024-11-10T01:00,12.7,81,9.4,11.1,9.8,0,0.00,0.0
2024-11-10T02:00,12.1,81,8.9,10.7,8.0,0,0.00,0.0
2024-11-10T03:00,11.6,81,8.5,10.1,7.9,0,0.00,0.0
2024-11-10T04:00,11.4,82,8.4,9.8,7.7,0,0.00,0.0
2024-11-10T05:00,11.2,85,8.7,9.8,7.1,0,0.00,0.0
2024-11-10T06:00,10.7,89,8.9,9.2,8.4,0,0.00,0.0
2024-11-10T07:00,10.2,91,8.8,8.5,9.3,0,0.00,0.0
2024-11-10T08:00,12.0,78,8.4,11.0,3.8,0,0.00,0.0
2024-11-10T09:00,12.7,80,9.2,12.0,3.6,0,0.00,74.0
2024-11-10T10:00,15.9,73,11.0,15.5,4.4,0,0.00,259.0
2024-11-10T11:00,18.6,65,11.9,18.4,5.6,0,0.00,432.0
2024-11-10T12:00,20.6,57,11.7,20.4,5.8,0,0.00,564.0
2024-11-10T13:00,22.0,53,11.8,22.3,5.4,0,0.00,640.0
2024-11-10T14:00,22.9,50,11.9,23.3,5.2,0,0.00,652.0
2024-11-10T15:00,23.4,48,11.9,23.8,2.8,0,0.00,599.0
2024-11-10T16:00,23.5,48,11.9,23.8,1.8,0,0.00,487.0
2024-11-10T17:00,23.2,49,11.9,23.6,1.6,0,0.00,326.0
2024-11-10T18:00,20.8,71,15.3,21.9,5.0,0,0.00,141.0
2024-11-10T19:00,18.4,69,12.6,18.2,6.7,0,0.00,10.0
2024-11-10T20:00,18.1,72,13.1,17.8,8.8,0,0.00,0.0
2024-11-10T21:00,17.7,73,12.8,17.5,7.3,0,0.00,0.0
2024-11-10T22:00,17.2,75,12.7,16.5,10.6,0,0.00,0.0
2024-11-10T23:00,16.4,67,10.2,14.9,10.8,0,0.00,0.0
2024-11-11T00:00,15.5,65,9.0,13.7,10.6,0,0.00,0.0
2024-11-11T01:00,14.6,69,9.0,13.0,8.9,0,0.00,0.0
2024-11-11T02:00,13.6,75,9.4,12.4,7.5,0,0.00,0.0
2024-11-11T03:00,13.1,80,9.6,11.9,7.2,0,0.00,0.0
2024-11-11T04:00,12.7,83,9.9,11.6,7.2,0,0.00,0.0
2024-11-11T05:00,12.4,86,10.2,11.5,7.3,0,0.00,0.0
2024-11-11T06:00,12.2,88,10.2,11.3,7.3,0,0.00,0.0
2024-11-11T07:00,11.9,90,10.2,10.9,7.3,0,0.00,0.0
2024-11-11T08:00,10.6,93,9.6,9.1,9.7,2,0.00,0.0
2024-11-11T09:00,13.8,85,11.4,13.0,7.8,1,0.00,71.0
2024-11-11T10:00,16.0,77,11.9,16.0,4.1,3,0.00,253.0
2024-11-11T11:00,18.0,68,12.0,18.2,3.3,22,0.00,429.0
2024-11-11T12:00,19.9,61,12.0,20.0,3.7,11,0.00,562.0
2024-11-11T13:00,21.1,53,11.3,21.4,4.6,47,0.00,639.0
2024-11-11T14:00,21.9,50,11.1,22.2,4.4,88,0.00,650.0
2024-11-11T15:00,22.2,48,10.8,22.1,4.6,99,0.00,590.0
2024-11-11T16:00,22.4,46,10.3,21.7,5.4,97,0.00,476.0
2024-11-11T17:00,21.9,47,10.2,21.1,5.8,98,0.00,319.0
2024-11-11T18:00,19.6,68,13.6,19.9,6.2,92,0.00,135.0
2024-11-11T19:00,18.5,60,10.6,17.9,5.4,75,0.00,9.0
2024-11-11T20:00,17.5,64,10.6,16.6,7.9,78,0.00,0.0
2024-11-11T21:00,15.8,74,11.1,14.8,9.0,72,0.00,0.0
2024-11-11T22:00,15.6,74,10.9,14.6,8.3,36,0.00,0.0
2024-11-11T23:00,14.4,78,10.6,13.3,9.0,48,0.00,0.0
2024-11-12T00:00,13.1,85,10.6,11.9,9.9,16,0.00,0.0
2024-11-12T01:00,12.6,88,10.6,11.1,11.0,1,0.00,0.0
2024-11-12T02:00,12.4,89,10.6,11.1,10.4,1,0.00,0.0
2024-11-12T03:00,13.3,85,10.9,12.4,8.1,0,0.00,0.0
2024-11-12T04:00,13.9,83,11.1,13.3,6.7,6,0.00,0.0
2024-11-12T05:00,13.6,85,11.1,13.2,4.9,14,0.00,0.0
2024-11-12T06:00,11.0,95,10.2,9.8,8.4,18,0.00,0.0
2024-11-12T07:00,10.4,98,10.1,8.9,10.5,5,0.00,0.0
2024-11-12T08:00,10.6,91,9.2,9.6,5.6,7,0.00,0.0
2024-11-12T09:00,12.6,87,10.4,11.7,6.7,24,0.00,67.0
2024-11-12T10:00,14.7,81,11.4,14.4,5.0,73,0.00,246.0
2024-11-12T11:00,16.9,73,11.9,16.6,5.9,56,0.00,420.0
2024-11-12T12:00,18.6,67,12.5,18.5,6.8,25,0.00,553.0
2024-11-12T13:00,20.1,62,12.6,20.3,7.7,45,0.00,631.0
2024-11-12T14:00,20.9,59,12.6,21.0,8.3,1,0.00,643.0
2024-11-12T15:00,21.4,57,12.6,21.1,9.0,18,0.00,590.0
2024-11-12T16:00,21.5,58,12.9,21.0,9.5,74,0.00,477.0
2024-11-12T17:00,21.0,60,12.9,20.4,10.7,98,0.00,317.0
2024-11-12T18:00,19.8,66,13.2,19.5,8.9,83,0.00,133.0
2024-11-12T19:00,18.1,73,13.2,17.8,9.3,54,0.00,9.0
2024-11-12T20:00,18.4,69,12.6,17.6,10.5,33,0.00,0.0
2024-11-12T21:00,17.5,72,12.4,16.8,9.2,26,0.00,0.0
2024-11-12T22:00,16.7,74,12.1,16.0,8.9,65,0.00,0.0
2024-11-12T23:00,16.1,76,11.9,15.5,8.2,91,0.00,0.0
2024-11-13T00:00,15.8,77,11.8,14.9,9.8,80,0.00,0.0
2024-11-13T01:00,15.5,77,11.5,14.5,10.3,96,0.00,0.0
2024-11-13T02:00,15.1,79,11.4,14.2,9.4,43,0.00,0.0
2024-11-13T03:00,14.9,79,11.4,13.8,10.8,95,0.00,0.0
2024-11-13T04:00,14.9,79,11.4,13.8,10.4,84,0.00,0.0
2024-11-13T05:00,15.0,79,11.4,14.0,9.9,91,0.00,0.0
2024-11-13T06:00,15.1,79,11.5,14.1,10.1,96,0.00,0.0
2024-11-13T07:00,15.1,79,11.6,14.1,10.2,78,0.00,0.0
2024-11-13T08:00,14.6,82,11.6,13.5,11.2,97,0.00,0.0
2024-11-13T09:00,15.7,81,12.4,14.7,12.0,43,0.00,48.0
2024-11-13T10:00,17.5,79,13.8,17.3,9.1,3,0.00,183.0
2024-11-13T11:00,20.1,74,15.4,20.8,7.6,14,0.00,407.0
2024-11-13T12:00,22.0,56,12.9,20.1,18.8,0,0.00,543.0
2024-11-13T13:00,21.7,53,11.7,20.0,18.1,0,0.00,628.0
2024-11-13T14:00,22.4,46,10.2,20.3,18.8,0,0.00,653.0
2024-11-13T15:00,21.8,41,7.9,18.6,19.8,0,0.00,601.0
2024-11-13T16:00,21.5,42,8.1,18.3,18.2,0,0.00,490.0
2024-11-13T17:00,20.6,46,8.7,18.1,14.9,0,0.00,325.0
2024-11-13T18:00,19.4,51,8.9,17.1,13.6,0,0.00,137.0
2024-11-13T19:00,18.0,53,8.4,15.3,14.9,0,0.00,8.0
2024-11-13T20:00,17.5,51,7.2,14.8,13.2,0,0.00,0.0
2024-11-13T21:00,16.2,56,7.4,14.1,9.9,0,0.00,0.0
2024-11-13T22:00,15.1,60,7.6,13.2,8.8,0,0.00,0.0
2024-11-13T23:00,14.6,61,7.2,12.6,9.4,0,0.00,0.0
2024-11-14T00:00,13.9,64,7.1,12.0,7.9,0,0.00,0.0
2024-11-14T01:00,13.2,65,6.8,11.4,6.9,0,0.00,0.0
2024-11-14T02:00,12.6,67,6.6,10.7,6.8,0,0.00,0.0
2024-11-14T03:00,11.8,70,6.4,10.0,6.1,0,0.00,0.0
2024-11-14T04:00,11.2,71,6.2,9.3,6.4,0,0.00,0.0
2024-11-14T05:00,10.8,72,6.0,8.7,7.3,0,0.00,0.0
2024-11-14T06:00,10.4,74,5.9,8.2,7.5,0,0.00,0.0
2024-11-14T07:00,9.9,76,5.8,7.8,6.7,0,0.00,0.0
2024-11-14T08:00,7.8,78,4.2,5.5,6.0,0,0.00,0.0
2024-11-14T09:00,9.0,76,5.0,6.7,7.6,0,0.00,66.0
2024-11-14T10:00,11.4,70,6.2,9.9,4.1,0,0.00,250.0
2024-11-14T11:00,14.1,61,6.8,12.8,3.3,0,0.00,430.0
2024-11-14T12:00,16.2,53,6.7,15.1,3.1,0,0.00,567.0
2024-11-14T13:00,17.8,47,6.3,17.2,2.4,0,0.00,646.0
2024-11-14T14:00,18.9,41,5.3,18.2,1.4,0,0.00,659.0
2024-11-14T15:00,19.4,38,4.7,18.3,1.2,0,0.00,607.0
2024-11-14T16:00,19.4,38,4.6,18.0,1.0,0,0.00,494.0
2024-11-14T17:00,19.0,39,4.9,17.4,2.6,0,0.00,329.0
2024-11-14T18:00,17.1,58,8.6,16.2,3.6,0,0.00,139.0
2024-11-14T19:00,15.1,62,7.8,14.1,3.7,0,0.00,8.0
2024-11-14T20:00,15.9,57,7.2,14.9,1.9,0,0.00,0.0
2024-11-14T21:00,14.8,62,7.5,13.6,3.2,0,0.00,0.0
2024-11-14T22:00,13.8,66,7.7,12.4,5.4,0,0.00,0.0
2024-11-14T23:00,13.4,65,6.9,11.7,5.9,0,0.00,0.0
2024-11-15T00:00,12.8,65,6.4,11.0,5.9,0,0.00,0.0
2024-11-15T01:00,12.2,66,6.0,10.3,6.2,0,0.00,0.0
2024-11-15T02:00,11.6,66,5.5,9.6,6.3,0,0.00,0.0
2024-11-15T03:00,10.8,70,5.4,8.8,5.7,0,0.00,0.0
2024-11-15T04:00,10.3,71,5.3,8.5,4.2,0,0.00,0.0
2024-11-15T05:00,9.9,73,5.3,8.1,4.4,0,0.00,0.0
2024-11-15T06:00,9.6,75,5.3,7.9,4.0,0,0.00,0.0
2024-11-15T07:00,9.2,77,5.4,7.6,3.4,0,0.00,0.0
2024-11-15T08:00,7.2,79,3.7,5.3,2.8,0,0.00,0.0
2024-11-15T09:00,8.8,81,5.7,7.2,3.1,0,0.00,64.0
2024-11-15T10:00,11.1,70,5.8,9.7,2.8,0,0.00,250.0
2024-11-15T11:00,13.6,60,6.1,12.1,3.8,0,0.00,431.0
2024-11-15T12:00,15.9,53,6.2,14.4,4.2,0,0.00,569.0
2024-11-15T13:00,17.5,47,6.2,16.2,6.8,0,0.00,649.0
2024-11-15T14:00,18.5,44,6.0,17.0,8.0,0,0.00,663.0
2024-11-15T15:00,19.0,43,6.2,17.0,9.1,0,0.00,610.0
2024-11-15T16:00,19.0,42,5.8,16.6,9.4,0,0.00,495.0
2024-11-15T17:00,18.5,44,6.0,16.2,9.5,0,0.00,329.0
2024-11-15T18:00,17.0,52,7.1,15.1,7.8,0,0.00,137.0
2024-11-15T19:00,15.2,60,7.4,13.2,9.0,0,0.00,8.0
2024-11-15T20:00,15.9,53,6.3,13.4,10.8,0,0.00,0.0
2024-11-15T21:00,15.1,55,6.2,12.7,10.4,0,0.00,0.0
2024-11-15T22:00,14.8,55,5.9,12.1,11.5,0,0.00,0.0
2024-11-15T23:00,14.1,58,6.1,11.6,11.0,0,0.00,0.0
2024-11-16T00:00,13.6,62,6.4,11.2,9.6,0,0.00,0.0
2024-11-16T01:00,13.3,64,6.6,11.0,9.9,0,0.00,0.0
2024-11-16T02:00,12.9,66,6.7,10.7,9.8,3,0.00,0.0
2024-11-16T03:00,12.6,68,6.8,10.3,10.2,13,0.00,0.0
2024-11-16T04:00,12.3,70,7.1,10.1,9.9,50,0.00,0.0
2024-11-16T05:00,12.1,73,7.4,10.0,9.9,66,0.00,0.0
2024-11-16T06:00,11.9,75,7.6,9.8,10.1,59,0.00,0.0
2024-11-16T07:00,11.9,76,7.7,9.7,10.5,72,0.00,0.0
2024-11-16T08:00,10.6,80,7.2,8.1,11.8,94,0.00,0.0
2024-11-16T09:00,11.3,78,7.6,9.0,11.7,82,0.00,56.0
2024-11-16T10:00,13.2,73,8.6,11.5,9.8,56,0.00,228.0
2024-11-16T11:00,15.5,70,10.1,14.0,10.4,12,0.00,405.0
2024-11-16T12:00,17.8,67,11.5,16.7,10.3,78,0.00,538.0
2024-11-16T13:00,19.9,63,12.6,19.3,12.1,89,0.00,613.0
2024-11-16T14:00,22.0,57,13.1,21.1,15.4,98,0.00,622.0
2024-11-16T15:00,23.3,54,13.4,22.2,14.8,100,0.00,556.0
2024-11-16T16:00,24.1,50,13.1,22.7,16.3,77,0.00,449.0
2024-11-16T17:00,23.8,53,13.6,22.6,16.1,84,0.00,302.0
2024-11-16T18:00,22.4,59,13.9,21.6,14.0,70,0.00,122.0
2024-11-16T19:00,21.0,64,13.9,20.3,13.6,87,0.00,6.0
2024-11-16T20:00,20.4,67,14.0,19.4,15.3,73,0.00,0.0
2024-11-16T21:00,19.5,70,13.9,18.7,14.5,100,0.00,0.0
2024-11-16T22:00,19.2,72,14.0,18.1,16.1,99,0.00,0.0
2024-11-16T23:00,19.0,76,14.6,18.1,16.0,100,0.00,0.0
2024-11-17T00:00,18.7,79,15.0,18.4,13.7,64,0.00,0.0
2024-11-17T01:00,18.5,81,15.1,18.3,12.9,23,0.00,0.0
2024-11-17T02:00,18.0,85,15.4,18.1,12.3,100,0.00,0.0
2024-11-17T03:00,17.8,88,15.8,17.9,12.6,98,0.00,0.0
2024-11-17T04:00,17.5,91,16.0,18.0,11.0,65,0.00,0.0
2024-11-17T05:00,17.1,93,16.0,17.7,10.0,99,0.00,0.0
2024-11-17T06:00,16.8,95,15.9,17.5,9.3,100,0.00,0.0
2024-11-17T07:00,16.5,96,15.9,17.2,9.4,99,0.00,0.0
2024-11-17T08:00,18.2,98,17.8,19.9,7.7,100,0.00,0.0
2024-11-17T09:00,18.6,96,18.0,20.7,6.1,100,0.00,10.0
2024-11-17T10:00,19.5,93,18.4,21.8,5.7,100,0.00,70.0
2024-11-17T11:00,21.5,84,18.8,23.8,6.9,98,0.00,199.0
2024-11-17T12:00,23.5,74,18.5,25.5,7.8,100,0.00,315.0
2024-11-17T13:00,22.9,80,19.2,25.2,7.5,100,0.70,141.0
2024-11-17T14:00,22.2,85,19.7,24.6,9.4,100,0.20,159.0
2024-11-17T15:00,22.4,85,19.7,25.0,7.7,100,0.00,195.0
2024-11-17T16:00,22.4,84,19.6,24.9,8.1,92,0.00,162.0
2024-11-17T17:00,23.3,79,19.5,25.8,7.2,94,0.00,183.0
2024-11-17T18:00,22.5,84,19.6,25.6,4.3,89,0.00,98.0
2024-11-17T19:00,21.5,88,19.5,23.9,8.9,98,0.00,5.0
2024-11-17T20:00,22.0,88,19.9,24.3,10.3,98,0.00,0.0
2024-11-17T21:00,21.5,92,20.1,23.8,11.5,100,0.10,0.0
2024-11-17T22:00,20.6,96,20.0,22.8,11.7,100,0.30,0.0
2024-11-17T23:00,20.5,98,20.1,22.6,12.6,100,0.60,0.0
2024-11-18T00:00,20.0,97,19.5,21.7,12.5,100,0.40,0.0
2024-11-18T01:00,20.2,98,19.9,21.7,16.0,100,0.50,0.0
2024-11-18T02:00,21.2,97,20.8,21.9,24.6,100,1.00,0.0
2024-11-18T03:00,21.5,93,20.2,21.6,26.2,100,0.10,0.0
2024-11-18T04:00,21.4,93,20.2,21.8,24.8,100,0.10,0.0
2024-11-18T05:00,21.3,92,20.0,21.5,25.0,100,1.00,0.0
2024-11-18T06:00,21.5,89,19.6,21.2,27.0,100,0.10,0.0
2024-11-18T07:00,21.9,84,19.0,21.0,29.1,100,0.10,0.0
2024-11-18T08:00,22.2,77,18.0,20.8,29.8,96,0.00,0.0
2024-11-18T09:00,22.6,77,18.5,21.3,30.6,75,0.00,26.0
2024-11-18T10:00,23.0,79,19.0,21.6,32.3,100,1.00,125.0
2024-11-18T11:00,20.2,83,17.3,19.8,20.7,55,3.70,80.0
2024-11-18T12:00,21.8,66,15.1,21.2,15.8,71,0.00,330.0
2024-11-18T13:00,21.4,44,8.5,17.8,21.4,100,0.10,419.0
2024-11-18T14:00,20.8,39,6.3,17.0,20.0,92,0.00,350.0
2024-11-18T15:00,20.9,40,6.8,17.4,18.2,0,0.00,245.0
2024-11-18T16:00,22.0,37,6.4,18.3,18.8,0,0.00,481.0
2024-11-18T17:00,21.1,44,8.4,18.4,15.5,0,0.00,312.0
2024-11-18T18:00,20.0,48,8.7,17.9,12.6,0,0.00,125.0
2024-11-18T19:00,18.0,58,9.5,16.8,7.3,0,0.00,6.0
2024-11-18T20:00,17.1,60,9.4,15.6,9.4,0,0.00,0.0
2024-11-18T21:00,16.1,65,9.6,14.8,8.9,0,0.00,0.0
2024-11-18T22:00,15.8,67,9.6,14.4,8.8,0,0.00,0.0
2024-11-18T23:00,15.4,68,9.5,14.0,9.4,0,0.00,0.0
2024-11-19T00:00,15.1,69,9.4,13.5,9.3,0,0.00,0.0
2024-11-19T01:00,14.6,70,9.2,13.1,8.7,0,0.00,0.0
2024-11-19T02:00,14.2,70,8.9,12.6,9.4,0,0.00,0.0
2024-11-19T03:00,13.7,72,8.6,12.1,8.9,0,0.00,0.0
2024-11-19T04:00,13.1,73,8.4,11.5,7.9,0,0.00,0.0
2024-11-19T05:00,12.6,74,8.1,11.0,7.1,0,0.00,0.0
2024-11-19T06:00,12.1,75,7.7,10.6,6.1,0,0.00,0.0
2024-11-19T07:00,11.5,76,7.4,10.0,5.8,0,0.00,0.0
2024-11-19T08:00,10.2,76,6.2,8.5,5.6,0,0.00,0.0
2024-11-19T09:00,11.7,73,6.9,10.0,6.0,0,0.00,53.0
2024-11-19T10:00,13.6,68,7.8,11.9,7.6,0,0.00,229.0
2024-11-19T11:00,15.4,61,7.8,14.1,5.4,0,0.00,405.0
2024-11-19T12:00,17.1,57,8.5,15.8,6.2,0,0.00,542.0
2024-11-19T13:00,18.5,53,8.9,17.8,5.8,0,0.00,621.0
2024-11-19T14:00,19.8,50,9.0,19.1,6.0,0,0.00,635.0
2024-11-19T15:00,20.5,48,9.1,19.5,6.8,0,0.00,584.0
2024-11-19T16:00,21.0,47,9.1,19.5,8.2,0,0.00,472.0
2024-11-19T17:00,20.8,49,9.6,19.6,7.5,0,0.00,311.0
2024-11-19T18:00,18.9,61,11.1,18.4,5.6,0,0.00,127.0
2024-11-19T19:00,17.4,64,10.4,16.2,8.5,0,0.00,6.0
2024-11-19T20:00,18.0,61,10.4,16.4,11.6,0,0.00,0.0
2024-11-19T21:00,17.5,62,10.2,15.6,13.9,0,0.00,0.0
2024-11-19T22:00,16.5,67,10.5,14.9,12.1,0,0.00,0.0
2024-11-19T23:00,15.9,70,10.4,13.6,16.8,0,0.00,0.0
2024-11-20T00:00,14.6,63,7.6,11.3,17.9,0,0.00,0.0
2024-11-20T01:00,13.2,61,5.9,9.3,20.0,0,0.00,0.0
2024-11-20T02:00,12.0,63,5.2,8.0,19.3,0,0.00,0.0
2024-11-20T03:00,11.0,63,4.3,7.2,16.8,0,0.00,0.0
2024-11-20T04:00,10.4,60,2.8,6.3,16.1,0,0.00,0.0
2024-11-20T05:00,10.1,55,1.4,5.9,15.7,0,0.00,0.0
2024-11-20T06:00,9.5,54,0.6,5.2,15.4,0,0.00,0.0
2024-11-20T07:00,8.9,56,0.6,4.7,14.8,0,0.00,0.0
2024-11-20T08:00,7.8,60,0.4,3.7,13.8,0,0.00,0.0
2024-11-20T09:00,8.2,59,0.7,4.5,11.7,0,0.00,53.0
2024-11-20T10:00,9.8,58,1.9,6.5,9.7,0,0.00,233.0
2024-11-20T11:00,11.4,52,1.9,8.2,10.0,0,0.00,412.0
2024-11-20T12:00,13.1,48,2.3,9.9,10.1,0,0.00,550.0
2024-11-20T13:00,14.7,42,2.0,11.7,11.4,0,0.00,629.0
2024-11-20T14:00,15.6,33,-0.4,12.0,12.8,0,0.00,642.0
2024-11-20T15:00,15.9,31,-1.4,11.9,12.9,0,0.00,590.0
2024-11-20T16:00,15.9,31,-1.5,11.7,12.2,0,0.00,476.0
2024-11-20T17:00,15.4,32,-1.1,11.7,9.3,0,0.00,313.0
2024-11-20T18:00,13.5,48,2.6,11.1,5.0,0,0.00,127.0
2024-11-20T19:00,11.9,53,2.5,9.3,6.0,0,0.00,6.0
2024-11-20T20:00,11.6,54,2.7,9.1,5.5,0,0.00,0.0
2024-11-20T21:00,10.8,55,2.2,8.1,6.3,0,0.00,0.0
2024-11-20T22:00,9.9,56,1.5,7.1,6.6,0,0.00,0.0
2024-11-20T23:00,9.2,57,1.2,6.4,6.2,0,0.00,0.0
2024-11-21T00:00,8.4,61,1.4,5.7,5.6,0,0.00,0.0
2024-11-21T01:00,7.8,65,1.6,5.2,5.3,0,0.00,0.0
2024-11-21T02:00,7.3,68,1.8,4.7,5.2,0,0.00,0.0
2024-11-21T03:00,6.8,72,2.0,4.3,4.9,0,0.00,0.0
2024-11-21T04:00,6.4,73,2.0,3.9,4.9,0,0.00,0.0
2024-11-21T05:00,6.3,73,1.8,3.7,5.5,0,0.00,0.0
2024-11-21T06:00,6.1,75,1.9,3.5,5.2,0,0.00,0.0
2024-11-21T07:00,5.9,75,1.9,3.3,5.4,0,0.00,0.0
2024-11-21T08:00,3.7,80,0.4,0.6,6.5,0,0.00,0.0
2024-11-21T09:00,5.2,75,1.1,2.3,6.7,0,0.00,49.0
2024-11-21T10:00,8.2,66,2.3,5.7,5.4,0,0.00,222.0
2024-11-21T11:00,11.3,58,3.2,9.0,4.8,0,0.00,398.0
2024-11-21T12:00,13.9,50,3.7,11.7,5.1,0,0.00,533.0
2024-11-21T13:00,15.9,46,4.4,14.1,6.3,0,0.00,611.0
2024-11-21T14:00,17.4,43,4.6,15.5,7.1,0,0.00,624.0
2024-11-21T15:00,18.2,38,3.7,15.8,7.2,0,0.00,572.0
2024-11-21T16:00,18.5,36,3.2,15.8,7.6,0,0.00,462.0
2024-11-21T17:00,18.0,40,4.1,15.7,6.3,0,0.00,302.0
2024-11-21T18:00,15.9,58,7.7,14.8,3.9,0,0.00,121.0
2024-11-21T19:00,13.9,63,7.0,12.4,5.4,0,0.00,5.0
2024-11-21T20:00,14.5,61,7.1,13.0,5.2,0,0.00,0.0
2024-11-21T21:00,13.6,65,7.2,12.0,6.4,0,0.00,0.0
2024-11-21T22:00,12.6,71,7.4,11.0,5.7,0,0.00,0.0
2024-11-21T23:00,12.0,73,7.3,10.4,6.2,0,0.00,0.0
2024-11-22T00:00,11.4,76,7.4,9.8,6.7,0,0.00,0.0
2024-11-22T01:00,10.7,78,7.1,9.0,6.3,0,0.00,0.0
2024-11-22T02:00,9.7,79,6.2,8.0,5.2,0,0.00,0.0
2024-11-22T03:00,9.1,77,5.2,7.2,5.3,0,0.00,0.0
2024-11-22T04:00,8.6,75,4.4,6.6,4.3,0,0.00,0.0
2024-11-22T05:00,8.2,75,4.0,6.3,3.5,0,0.00,0.0
2024-11-22T06:00,7.8,76,3.8,5.8,3.8,0,0.00,0.0
2024-11-22T07:00,7.4,78,3.8,5.5,2.9,0,0.00,0.0
2024-11-22T08:00,5.4,86,3.3,3.5,2.8,0,0.00,0.0
2024-11-22T09:00,6.8,86,4.6,5.3,1.3,0,0.00,46.0
2024-11-22T10:00,8.6,72,3.8,6.8,2.1,0,0.00,218.0
2024-11-22T11:00,10.5,60,3.0,8.5,2.8,0,0.00,394.0
2024-11-22T12:00,12.4,53,3.2,10.4,2.8,0,0.00,530.0
2024-11-22T13:00,14.0,48,3.2,12.3,3.2,1,0.00,609.0
2024-11-22T14:00,15.2,43,2.8,13.6,3.2,52,0.00,624.0
2024-11-22T15:00,15.9,42,2.9,14.0,3.1,21,0.00,573.0
2024-11-22T16:00,16.1,42,3.2,13.9,4.0,11,0.00,462.0
2024-11-22T17:00,15.6,45,3.7,13.3,5.3,17,0.00,303.0
2024-11-22T18:00,13.9,60,6.2,12.3,4.2,6,0.00,120.0
2024-11-22T19:00,12.2,67,6.2,10.5,5.1,0,0.00,5.0
2024-11-22T20:00,13.1,61,5.8,11.1,6.1,62,0.00,0.0
2024-11-22T21:00,12.0,64,5.5,10.0,5.9,83,0.00,0.0
2024-11-22T22:00,11.4,63,4.5,9.1,6.5,54,0.00,0.0
2024-11-22T23:00,10.9,63,4.1,8.5,6.6,49,0.00,0.0
2024-11-23T00:00,10.1,67,4.2,7.8,5.9,65,0.00,0.0
2024-11-23T01:00,9.6,68,4.1,7.3,6.2,48,0.00,0.0
2024-11-23T02:00,9.0,70,3.9,6.7,5.9,37,0.00,0.0
2024-11-23T03:00,8.7,70,3.5,6.3,5.8,13,0.00,0.0
2024-11-23T04:00,8.4,70,3.3,6.1,5.8,0,0.00,0.0
2024-11-23T05:00,8.2,71,3.3,5.9,5.6,0,0.00,0.0
2024-11-23T06:00,7.9,73,3.5,5.6,5.8,0,0.00,0.0
2024-11-23T07:00,7.7,76,3.7,5.3,6.1,0,0.00,0.0
2024-11-23T08:00,5.9,78,2.4,3.3,6.2,0,0.00,0.0
2024-11-23T09:00,7.8,71,3.0,5.1,7.2,0,0.00,45.0
2024-11-23T10:00,10.4,65,4.1,7.9,7.3,0,0.00,215.0
2024-11-23T11:00,13.1,57,4.8,11.0,6.0,0,0.00,390.0
2024-11-23T12:00,15.6,54,6.2,13.6,7.0,33,0.00,525.0
2024-11-23T13:00,17.8,49,6.8,16.0,8.7,0,0.00,604.0
2024-11-23T14:00,19.6,43,6.8,17.7,10.3,0,0.00,620.0
2024-11-23T15:00,21.0,37,5.8,18.4,12.0,0,0.00,570.0
2024-11-23T16:00,21.9,31,4.0,18.5,13.3,0,0.00,461.0
2024-11-23T17:00,21.2,35,5.1,18.4,11.0,0,0.00,303.0
2024-11-23T18:00,19.0,41,5.3,16.3,11.3,0,0.00,121.0
2024-11-23T19:00,17.4,43,4.7,14.2,13.4,0,0.00,5.0
2024-11-23T20:00,17.4,52,7.5,14.9,12.5,0,0.00,0.0
2024-11-23T21:00,16.5,55,7.2,13.8,13.1,0,0.00,0.0
2024-11-23T22:00,16.1,55,7.1,13.3,13.9,0,0.00,0.0
2024-11-23T23:00,16.0,57,7.6,13.2,14.6,0,0.00,0.0
2024-11-24T00:00,15.9,60,8.1,13.2,14.6,2,0.00,0.0
2024-11-24T01:00,15.6,63,8.6,13.1,14.7,2,0.00,0.0
2024-11-24T02:00,15.4,68,9.4,13.0,15.2,0,0.00,0.0
2024-11-24T03:00,15.3,72,10.4,13.3,14.6,0,0.00,0.0
2024-11-24T04:00,15.4,75,10.9,13.4,14.9,0,0.00,0.0
2024-11-24T05:00,15.4,78,11.6,13.7,15.3,0,0.00,0.0
2024-11-24T06:00,15.4,82,12.3,13.9,15.6,0,0.00,0.0
2024-11-24T07:00,15.4,84,12.8,14.0,15.7,0,0.00,0.0
2024-11-24T08:00,14.6,92,13.4,13.4,15.9,77,0.00,0.0
2024-11-24T09:00,15.2,93,14.1,14.2,16.1,88,0.00,38.0
2024-11-24T10:00,17.1,86,14.9,16.3,17.1,100,0.00,188.0
2024-11-24T11:00,18.3,81,15.1,16.8,22.1,100,0.00,180.0
2024-11-24T12:00,20.9,67,14.5,19.1,22.0,87,0.00,348.0
2024-11-24T13:00,22.6,63,15.1,21.8,17.3,47,0.00,542.0
2024-11-24T14:00,24.4,56,15.1,23.6,18.4,58,0.00,594.0
2024-11-24T15:00,25.5,52,14.9,24.4,19.0,89,0.00,547.0
2024-11-24T16:00,26.0,49,14.6,24.8,18.8,0,0.00,423.0
2024-11-24T17:00,26.0,50,14.8,25.4,15.2,23,0.00,290.0
2024-11-24T18:00,24.7,54,14.7,24.2,14.4,25,0.00,113.0
2024-11-24T19:00,23.4,58,14.7,22.7,15.1,0,0.00,5.0
2024-11-24T20:00,22.4,64,15.2,22.0,15.1,0,0.00,0.0
2024-11-24T21:00,21.9,65,14.9,21.2,15.7,0,0.00,0.0
2024-11-24T22:00,21.6,65,14.6,20.7,16.8,8,0.00,0.0
2024-11-24T23:00,21.4,65,14.6,20.4,16.9,73,0.00,0.0
2024-11-25T00:00,21.0,66,14.4,20.1,16.7,5,0.00,0.0
2024-11-25T01:00,20.6,67,14.4,19.7,16.4,18,0.00,0.0
2024-11-25T02:00,20.2,69,14.2,19.2,16.1,0,0.00,0.0
2024-11-25T03:00,19.6,71,14.2,18.7,15.9,0,0.00,0.0
2024-11-25T04:00,19.0,74,14.2,18.1,15.7,0,0.00,0.0
2024-11-25T05:00,18.6,75,14.1,17.7,15.5,2,0.00,0.0
2024-11-25T06:00,18.0,78,14.1,17.4,13.4,19,0.00,0.0
2024-11-25T07:00,17.2,82,14.1,17.5,7.3,58,0.00,0.0
2024-11-25T08:00,16.5,85,13.9,16.3,9.3,41,0.00,0.0
2024-11-25T09:00,16.6,81,13.3,16.0,12.0,93,0.00,38.0
2024-11-25T10:00,13.3,78,9.5,10.3,19.7,59,0.00,174.0
2024-11-25T11:00,13.1,64,6.3,9.3,19.7,95,0.00,355.0
2024-11-25T12:00,13.6,56,5.1,9.5,20.1,99,0.00,474.0
2024-11-25T13:00,13.9,53,4.4,9.5,21.5,93,0.00,556.0
2024-11-25T14:00,14.3,52,4.4,10.2,19.9,85,0.00,583.0
2024-11-25T15:00,14.9,50,4.7,10.8,19.9,75,0.00,537.0
2024-11-25T16:00,14.8,50,4.5,10.8,18.3,75,0.00,430.0
2024-11-25T17:00,13.8,52,4.0,9.8,17.4,72,0.00,271.0
2024-11-25T18:00,12.8,54,3.6,9.0,15.5,91,0.00,110.0
2024-11-25T19:00,11.7,57,3.4,8.1,14.0,73,0.00,4.0
2024-11-25T20:00,9.9,67,4.0,6.9,10.5,52,0.00,0.0
2024-11-25T21:00,9.4,70,4.2,6.6,9.9,55,0.00,0.0
2024-11-25T22:00,9.2,71,4.2,6.4,9.8,56,0.00,0.0
2024-11-25T23:00,8.9,72,4.2,6.1,9.7,82,0.00,0.0
2024-11-26T00:00,8.4,73,4.0,5.6,9.4,100,0.00,0.0
2024-11-26T01:00,8.1,72,3.4,5.0,10.0,96,0.00,0.0
2024-11-26T02:00,7.7,71,2.8,4.5,10.1,32,0.00,0.0
2024-11-26T03:00,7.2,71,2.2,4.0,9.7,1,0.00,0.0
2024-11-26T04:00,6.6,72,2.0,3.9,6.3,0,0.00,0.0
2024-11-26T05:00,6.2,73,1.6,3.3,6.8,13,0.00,0.0
2024-11-26T06:00,5.6,77,1.9,3.1,4.7,31,0.00,0.0
2024-11-26T07:00,5.2,80,2.0,2.8,4.2,76,0.00,0.0
2024-11-26T08:00,3.7,85,1.4,1.2,4.4,67,0.00,0.0
2024-11-26T09:00,4.6,80,1.4,2.2,3.2,97,0.00,38.0
2024-11-26T10:00,5.9,67,0.3,3.5,2.5,78,0.00,203.0
2024-11-26T11:00,7.4,59,-0.2,5.1,1.7,18,0.00,371.0
2024-11-26T12:00,9.1,51,-0.4,6.4,3.4,0,0.00,509.0
2024-11-26T13:00,10.6,48,0.0,8.5,1.7,0,0.00,588.0
2024-11-26T14:00,11.7,46,0.6,9.4,4.2,0,0.00,604.0
2024-11-26T15:00,12.6,47,1.5,10.2,4.3,4,0.00,556.0
2024-11-26T16:00,13.2,48,2.5,10.7,5.9,0,0.00,447.0
2024-11-26T17:00,13.4,50,3.2,10.9,6.4,0,0.00,291.0
2024-11-26T18:00,12.8,56,4.2,10.6,5.6,0,0.00,113.0
2024-11-26T19:00,11.8,61,4.6,9.3,8.3,0,0.00,4.0
2024-11-26T20:00,12.7,58,4.6,9.6,12.2,1,0.00,0.0
2024-11-26T21:00,12.5,60,4.8,9.5,12.2,14,0.00,0.0
2024-11-26T22:00,12.4,63,5.4,9.7,10.6,54,0.00,0.0
2024-11-26T23:00,12.4,62,5.3,9.6,10.7,84,0.00,0.0
2024-11-27T00:00,12.4,62,5.3,9.5,12.1,83,0.00,0.0
2024-11-27T01:00,12.8,62,5.8,9.8,13.3,99,0.00,0.0
2024-11-27T02:00,12.9,65,6.4,10.0,13.0,99,0.00,0.0
2024-11-27T03:00,12.9,70,7.6,10.4,13.3,60,0.00,0.0
2024-11-27T04:00,12.9,77,8.9,10.7,12.8,62,0.00,0.0
2024-11-27T05:00,12.8,83,9.9,10.8,13.3,55,0.00,0.0
2024-11-27T06:00,12.8,86,10.6,10.9,13.6,46,0.00,0.0
2024-11-27T07:00,12.9,89,11.0,11.2,13.5,71,0.00,0.0
2024-11-27T08:00,13.2,87,11.1,11.5,14.1,94,0.00,0.0
2024-11-27T09:00,13.9,82,11.0,12.3,13.5,91,0.00,33.0
2024-11-27T10:00,15.9,74,11.2,14.5,11.7,95,0.00,169.0
2024-11-27T11:00,18.0,64,11.0,16.0,15.8,100,0.00,280.0
2024-11-27T12:00,20.5,54,10.8,18.6,15.0,29,0.00,430.0
2024-11-27T13:00,23.2,43,10.1,21.2,15.1,41,0.00,570.0
2024-11-27T14:00,25.5,37,9.7,23.5,14.3,43,0.00,590.0
2024-11-27T15:00,27.2,32,9.1,25.0,13.6,13,0.00,544.0
2024-11-27T16:00,28.2,29,8.4,25.8,14.1,29,0.00,442.0
2024-11-27T17:00,28.1,25,6.3,24.7,16.7,97,0.00,284.0
2024-11-27T18:00,26.0,28,6.2,22.7,15.8,97,0.00,98.0
2024-11-27T19:00,19.4,44,6.7,14.9,25.3,89,0.00,4.0
2024-11-27T20:00,16.7,54,7.3,12.9,21.6,99,0.00,0.0
2024-11-27T21:00,14.3,58,6.2,10.4,20.3,100,0.00,0.0
2024-11-27T22:00,13.6,60,6.0,9.7,20.0,100,0.00,0.0
2024-11-27T23:00,13.2,59,5.4,9.2,20.0,100,0.00,0.0
2024-11-28T00:00,12.5,56,4.0,8.3,19.1,100,0.00,0.0
2024-11-28T01:00,11.4,54,2.3,6.9,18.4,100,0.00,0.0
2024-11-28T02:00,10.4,57,2.2,6.3,16.1,100,0.00,0.0
2024-11-28T03:00,9.7,63,3.0,5.8,15.7,100,0.00,0.0
2024-11-28T04:00,9.2,65,3.0,5.1,17.4,100,0.00,0.0
2024-11-28T05:00,8.4,65,2.3,4.2,17.4,100,0.00,0.0
2024-11-28T06:00,7.7,65,1.5,3.3,17.0,100,0.00,0.0
2024-11-28T07:00,7.0,65,0.9,2.7,15.9,100,0.00,0.0
2024-11-28T08:00,7.1,67,1.4,3.0,14.8,100,0.00,0.0
2024-11-28T09:00,7.1,63,0.4,2.6,16.2,100,0.00,20.0
2024-11-28T10:00,7.4,59,0.1,2.9,16.4,100,0.00,114.0
2024-11-28T11:00,8.4,52,-0.9,3.7,16.7,100,0.00,290.0
2024-11-28T12:00,8.9,49,-1.2,4.3,15.7,100,0.00,366.0
2024-11-28T13:00,9.0,46,-2.0,4.4,14.9,100,0.00,353.0
2024-11-28T14:00,9.2,44,-2.2,4.4,16.2,100,0.00,351.0
2024-11-28T15:00,9.9,42,-2.5,5.2,15.1,100,0.00,360.0
2024-11-28T16:00,10.1,40,-2.8,5.4,14.6,100,0.00,265.0
2024-11-28T17:00,10.0,40,-2.9,5.4,14.1,100,0.00,159.0
2024-11-28T18:00,9.6,42,-2.7,5.4,11.7,100,0.00,67.0
2024-11-28T19:00,9.0,46,-2.0,5.2,9.7,100,0.00,3.0
2024-11-28T20:00,8.6,47,-2.2,4.6,10.2,78,0.00,0.0
2024-11-28T21:00,7.8,50,-1.9,3.9,10.7,39,0.00,0.0
2024-11-28T22:00,7.3,54,-1.4,3.4,10.5,39,0.00,0.0
2024-11-28T23:00,6.8,56,-1.4,3.0,10.5,13,0.00,0.0
2024-11-29T00:00,6.6,56,-1.5,2.8,10.3,100,0.00,0.0
2024-11-29T01:00,6.8,55,-1.6,2.9,9.9,97,0.00,0.0
2024-11-29T02:00,6.6,55,-1.8,2.6,10.6,18,0.00,0.0
2024-11-29T03:00,5.6,59,-1.9,1.8,9.5,82,0.00,0.0
2024-11-29T04:00,5.3,59,-2.0,1.5,9.3,0,0.00,0.0
2024-11-29T05:00,4.5,61,-2.3,0.6,9.8,5,0.00,0.0
2024-11-29T06:00,3.9,62,-2.8,0.1,9.0,0,0.00,0.0
2024-11-29T07:00,3.5,64,-2.7,-0.2,7.6,0,0.00,0.0
2024-11-29T08:00,2.0,69,-3.1,-1.4,5.8,0,0.00,0.0
2024-11-29T09:00,2.5,68,-3.0,-0.9,5.6,0,0.00,34.0
2024-11-29T10:00,4.0,58,-3.6,0.5,5.4,0,0.00,197.0
2024-11-29T11:00,5.6,50,-4.0,2.3,4.2,0,0.00,373.0
2024-11-29T12:00,7.3,43,-4.3,4.2,3.3,0,0.00,511.0
2024-11-29T13:00,8.9,39,-4.3,6.1,2.6,7,0.00,593.0
2024-11-29T14:00,10.1,35,-4.6,7.3,3.2,15,0.00,611.0
2024-11-29T15:00,10.9,33,-4.6,7.7,4.0,7,0.00,564.0
2024-11-29T16:00,11.2,33,-4.4,7.9,4.0,0,0.00,456.0
2024-11-29T17:00,10.9,35,-4.0,7.6,4.5,16,0.00,298.0
2024-11-29T18:00,9.9,41,-2.5,6.9,3.8,3,0.00,116.0
2024-11-29T19:00,8.4,54,-0.4,5.7,3.9,100,0.00,4.0
2024-11-29T20:00,8.9,43,-3.0,5.7,4.8,95,0.00,0.0
2024-11-29T21:00,8.2,47,-2.5,5.0,5.2,90,0.00,0.0
2024-11-29T22:00,7.6,50,-2.2,4.4,5.2,65,0.00,0.0
2024-11-29T23:00,7.4,51,-2.2,3.9,7.5,97,0.00,0.0
2024-11-30T00:00,6.9,51,-2.7,3.2,8.2,87,0.00,0.0
2024-11-30T01:00,6.3,53,-2.7,2.7,7.7,57,0.00,0.0
2024-11-30T02:00,5.8,55,-2.7,2.2,7.2,79,0.00,0.0
2024-11-30T03:00,5.5,58,-2.2,2.0,7.5,99,0.00,0.0
2024-11-30T04:00,5.4,62,-1.4,2.0,7.0,71,0.00,0.0
2024-11-30T05:00,5.1,65,-0.9,1.9,6.2,80,0.00,0.0
2024-11-30T06:00,4.9,66,-0.9,1.6,7.2,89,0.00,0.0
2024-11-30T07:00,4.8,65,-1.2,1.3,7.9,99,0.00,0.0
2024-11-30T08:00,3.0,70,-2.0,-0.6,8.7,97,0.00,0.0
2024-11-30T09:00,3.5,68,-2.0,-0.0,7.4,100,0.00,29.0
2024-11-30T10:00,5.4,58,-2.1,1.6,9.2,100,0.00,162.0
2024-11-30T11:00,7.6,50,-2.1,3.7,10.0,69,0.00,314.0
2024-11-30T12:00,10.1,42,-2.3,6.2,10.2,51,0.00,486.0
2024-11-30T13:00,12.2,36,-2.5,8.4,10.7,15,0.00,579.0
2024-11-30T14:00,13.9,32,-2.5,10.2,9.9,3,0.00,602.0
2024-11-30T15:00,14.9,31,-2.2,11.1,9.1,0,0.00,555.0
2024-11-30T16:00,15.4,31,-1.8,11.6,9.5,0,0.00,449.0
2024-11-30T17:00,15.4,31,-1.5,12.0,7.3,0,0.00,294.0
2024-11-30T18:00,13.7,44,1.6,11.3,4.0,0,0.00,115.0
2024-11-30T19:00,11.9,48,1.0,9.2,4.6,0,0.00,4.0
2024-11-30T20:00,11.0,43,-1.0,8.0,4.9,0,0.00,0.0
2024-11-30T21:00,10.4,46,-0.7,7.7,2.8,0,0.00,0.0
2024-11-30T22:00,9.4,50,-0.5,6.5,4.9,0,0.00,0.0
2024-11-30T23:00,8.8,53,-0.2,5.9,5.0,0,0.00,0.0
2024-12-01T00:00,8.1,56,-0.2,5.5,3.1,0,0.00,0.0
2024-12-01T01:00,7.2,59,-0.2,4.8,2.3,0,0.00,0.0
2024-12-01T02:00,6.4,64,0.1,4.1,1.8,0,0.00,0.0
2024-12-01T03:00,5.5,74,1.2,3.1,3.4,0,0.00,0.0
2024-12-01T04:00,5.3,83,2.8,2.9,5.6,0,0.00,0.0
2024-12-01T05:00,5.7,86,3.6,3.3,6.4,0,0.00,0.0
2024-12-01T06:00,5.8,86,3.7,3.1,8.4,0,0.00,0.0
2024-12-01T07:00,4.9,87,2.9,2.4,6.1,0,0.00,0.0
2024-12-01T08:00,2.5,88,0.6,-0.3,5.2,0,0.00,0.0
2024-12-01T09:00,3.5,84,1.0,0.6,6.3,0,0.00,31.0
2024-12-01T10:00,5.6,72,0.9,2.8,5.5,0,0.00,189.0
2024-12-01T11:00,8.1,59,0.6,5.4,4.4,0,0.00,362.0
2024-12-01T12:00,10.8,48,0.2,8.0,4.3,0,0.00,499.0
2024-12-01T13:00,13.1,40,-0.3,10.4,5.1,0,0.00,580.0
2024-12-01T14:00,14.8,35,-0.7,12.3,4.2,0,0.00,598.0
2024-12-01T15:00,15.8,33,-0.6,12.9,4.4,0,0.00,552.0
2024-12-01T16:00,16.0,33,-0.4,13.1,4.6,0,0.00,445.0
2024-12-01T17:00,15.7,34,-0.3,12.7,6.0,0,0.00,290.0
2024-12-01T18:00,14.2,38,0.1,11.6,3.9,0,0.00,112.0
2024-12-01T19:00,12.2,45,0.6,9.5,4.8,0,0.00,4.0
2024-12-01T20:00,12.7,40,-0.4,9.8,4.7,0,0.00,0.0
2024-12-01T21:00,11.9,42,-0.6,8.9,5.3,0,0.00,0.0
2024-12-01T22:00,11.1,43,-1.0,8.0,5.6,0,0.00,0.0
2024-12-01T23:00,10.3,46,-0.8,7.2,5.6,0,0.00,0.0
2024-12-02T00:00,9.2,51,-0.3,6.3,5.2,0,0.00,0.0
2024-12-02T01:00,8.6,56,0.2,6.0,3.2,0,0.00,0.0
2024-12-02T02:00,7.9,60,0.5,5.5,2.4,0,0.00,0.0
2024-12-02T03:00,7.2,64,0.9,4.8,2.6,4,0.00,0.0
2024-12-02T04:00,6.7,70,1.5,4.4,2.8,1,0.00,0.0
2024-12-02T05:00,6.2,76,2.3,4.0,2.8,0,0.00,0.0
2024-12-02T06:00,5.8,83,3.0,3.7,3.1,0,0.00,0.0
2024-12-02T07:00,5.3,88,3.4,3.2,3.6,0,0.00,0.0
2024-12-02T08:00,3.4,89,1.8,1.3,1.7,0,0.00,0.0
2024-12-02T09:00,4.2,91,2.9,2.3,2.0,0,0.00,29.0
2024-12-02T10:00,6.8,76,3.0,4.9,2.0,0,0.00,184.0
2024-12-02T11:00,9.7,57,1.7,7.7,1.1,0,0.00,357.0
2024-12-02T12:00,12.4,45,0.8,10.3,0.7,0,0.00,493.0
2024-12-02T13:00,14.6,37,0.0,12.7,0.2,0,0.00,575.0
2024-12-02T14:00,16.1,32,-0.7,14.0,0.9,0,0.00,594.0
2024-12-02T15:00,16.9,29,-1.5,14.1,2.5,0,0.00,548.0
2024-12-02T16:00,17.0,27,-2.0,14.1,3.4,0,0.00,443.0
2024-12-02T17:00,16.7,27,-2.3,13.6,4.3,0,0.00,290.0
2024-12-02T18:00,15.2,30,-2.2,12.3,3.7,0,0.00,113.0
2024-12-02T19:00,13.9,32,-2.5,10.5,6.3,0,0.00,4.0
2024-12-02T20:00,13.6,32,-2.8,10.4,5.0,0,0.00,0.0
2024-12-02T21:00,12.8,34,-2.6,9.8,3.3,0,0.00,0.0
2024-12-02T22:00,11.8,39,-1.9,9.0,2.7,0,0.00,0.0
2024-12-02T23:00,10.7,43,-1.2,7.9,3.6,0,0.00,0.0
2024-12-03T00:00,10.1,48,-0.4,7.0,5.9,0,0.00,0.0
2024-12-03T01:00,9.5,56,1.2,6.1,10.5,0,0.00,0.0
2024-12-03T02:00,8.1,66,2.0,4.9,9.7,0,0.00,0.0
2024-12-03T03:00,7.1,68,1.5,4.0,8.2,0,0.00,0.0
2024-12-03T04:00,6.4,67,0.7,3.4,6.4,0,0.00,0.0
2024-12-03T05:00,5.8,66,-0.1,2.9,5.8,0,0.00,0.0
2024-12-03T06:00,5.4,65,-0.7,2.3,6.5,0,0.00,0.0
2024-12-03T07:00,4.9,64,-1.4,1.6,6.8,0,0.00,0.0
2024-12-03T08:00,3.6,72,-0.9,0.4,6.5,1,0.00,0.0
2024-12-03T09:00,3.8,69,-1.4,0.5,7.1,0,0.00,27.0
2024-12-03T10:00,5.4,60,-1.7,2.2,5.7,0,0.00,180.0
2024-12-03T11:00,7.5,53,-1.4,4.5,4.5,12,0.00,352.0
2024-12-03T12:00,9.6,48,-0.8,6.9,3.8,23,0.00,488.0
2024-12-03T13:00,11.6,44,-0.1,9.0,4.3,3,0.00,570.0
2024-12-03T14:00,13.2,42,0.6,10.7,5.0,0,0.00,590.0
2024-12-03T15:00,14.2,41,1.2,11.5,6.0,0,0.00,545.0
2024-12-03T16:00,14.7,42,1.9,11.9,7.0,0,0.00,440.0
2024-12-03T17:00,14.6,43,2.0,11.7,7.4,0,0.00,285.0
2024-12-03T18:00,13.9,44,2.0,11.2,5.8,0,0.00,110.0
2024-12-03T19:00,12.5,49,2.0,9.8,6.2,0,0.00,4.0
2024-12-03T20:00,13.5,47,2.3,10.6,8.3,80,0.00,0.0
2024-12-03T21:00,12.7,50,2.5,9.8,8.1,100,0.00,0.0
2024-12-03T22:00,13.1,49,2.5,10.1,8.6,100,0.00,0.0
2024-12-03T23:00,12.6,51,2.8,9.5,9.3,100,0.00,0.0
2024-12-04T00:00,12.0,55,3.3,9.1,9.3,100,0.00,0.0
2024-12-04T01:00,12.6,56,4.0,9.6,10.5,100,0.00,0.0
2024-12-04T02:00,12.2,57,3.9,9.2,10.8,100,0.00,0.0
2024-12-04T03:00,12.0,58,4.0,8.8,12.3,100,0.00,0.0
2024-12-04T04:00,11.8,61,4.4,8.6,13.1,100,0.00,0.0
2024-12-04T05:00,10.6,71,5.6,8.3,8.1,100,2.60,0.0
2024-12-04T06:00,9.6,91,8.2,8.3,5.9,100,9.30,0.0
2024-12-04T07:00,10.5,85,8.1,8.4,10.7,100,0.40,0.0
2024-12-04T08:00,10.1,85,7.8,9.2,2.4,100,6.50,0.0
2024-12-04T09:00,10.4,89,8.6,8.9,7.4,100,0.00,6.0
2024-12-04T10:00,11.1,86,8.9,10.3,2.9,100,1.20,60.0
2024-12-04T11:00,11.4,83,8.6,10.3,4.8,100,0.90,85.0
2024-12-04T12:00,11.6,86,9.3,10.2,7.9,100,0.10,81.0
2024-12-04T13:00,12.6,84,9.9,11.8,5.3,100,3.40,132.0
2024-12-04T14:00,13.2,84,10.6,12.7,5.0,100,1.80,137.0
2024-12-04T15:00,13.3,85,10.8,12.9,4.2,100,0.10,73.0
2024-12-04T16:00,13.5,86,11.2,12.9,6.7,96,0.00,91.0
2024-12-04T17:00,14.1,84,11.4,14.0,3.4,72,0.00,164.0
2024-12-04T18:00,13.6,88,11.6,13.7,2.5,100,0.00,72.0
2024-12-04T19:00,12.9,90,11.4,12.7,4.4,100,0.00,3.0
2024-12-04T20:00,11.2,95,10.5,11.0,2.7,98,0.00,0.0
2024-12-04T21:00,11.1,96,10.6,10.8,3.1,99,0.00,0.0
2024-12-04T22:00,11.1,97,10.6,11.0,2.7,100,0.00,0.0
2024-12-04T23:00,11.1,97,10.7,11.2,0.8,100,0.00,0.0
2024-12-05T00:00,11.1,97,10.6,10.8,3.2,8,0.00,0.0
2024-12-05T01:00,10.1,99,10.0,9.4,5.1,4,0.00,0.0
2024-12-05T02:00,9.6,100,9.5,8.3,7.7,100,0.00,0.0
2024-12-05T03:00,9.2,100,9.1,7.7,9.0,100,0.00,0.0
2024-12-05T04:00,8.9,100,8.8,7.0,10.5,100,0.00,0.0
2024-12-05T05:00,8.8,100,8.8,6.9,10.7,100,0.00,0.0
2024-12-05T06:00,8.8,100,8.7,6.8,10.9,100,0.00,0.0
2024-12-05T07:00,8.2,99,8.1,6.0,11.4,100,0.00,0.0
2024-12-05T08:00,7.9,99,7.8,5.4,13.3,100,0.00,0.0
2024-12-05T09:00,7.8,89,6.1,4.7,14.4,100,0.00,22.0
2024-12-05T10:00,8.6,82,5.8,5.8,12.1,100,0.00,161.0
2024-12-05T11:00,9.4,69,4.0,6.0,14.2,100,0.00,320.0
2024-12-05T12:00,10.4,56,2.2,6.6,14.2,100,0.00,435.0
2024-12-05T13:00,11.2,46,-0.1,7.2,13.1,100,0.00,499.0
2024-12-05T14:00,11.8,38,-2.1,7.5,12.9,100,0.00,532.0
2024-12-05T15:00,11.9,33,-3.8,7.3,13.0,100,0.00,470.0
2024-12-05T16:00,11.5,33,-4.4,6.8,13.5,100,0.00,383.0
2024-12-05T17:00,10.6,34,-4.5,6.1,12.2,100,0.00,255.0
2024-12-05T18:00,9.2,41,-3.5,5.3,9.4,100,0.00,94.0
2024-12-05T19:00,7.9,45,-3.3,4.0,9.1,100,0.00,4.0
2024-12-05T20:00,7.7,47,-3.0,3.6,10.1,95,0.00,0.0
2024-12-05T21:00,6.9,47,-3.6,2.8,10.6,0,0.00,0.0
2024-12-05T22:00,6.0,47,-4.4,1.8,10.3,0,0.00,0.0
2024-12-05T23:00,5.1,48,-5.0,0.9,9.2,0,0.00,0.0
2024-12-06T00:00,4.2,51,-4.9,0.1,8.8,12,0.00,0.0
2024-12-06T01:00,3.5,55,-4.6,-0.3,7.5,15,0.00,0.0
2024-12-06T02:00,3.1,59,-4.2,-0.6,6.7,1,0.00,0.0
2024-12-06T03:00,2.7,61,-4.0,-0.9,6.4,47,0.00,0.0
2024-12-06T04:00,2.4,63,-3.8,-1.2,6.6,6,0.00,0.0
2024-12-06T05:00,2.1,66,-3.7,-1.4,5.8,28,0.00,0.0
2024-12-06T06:00,1.9,68,-3.3,-1.4,4.8,46,0.00,0.0
2024-12-06T07:00,1.9,69,-3.2,-1.5,5.4,98,0.00,0.0
2024-12-06T08:00,0.6,73,-3.5,-2.6,4.6,5,0.00,0.0
2024-12-06T09:00,0.9,72,-3.5,-2.5,5.5,0,0.00,23.0
2024-12-06T10:00,2.0,64,-4.2,-1.5,5.7,5,0.00,171.0
2024-12-06T11:00,3.5,60,-3.6,0.1,5.4,14,0.00,340.0
2024-12-06T12:00,5.2,59,-2.2,2.0,5.2,1,0.00,476.0
2024-12-06T13:00,6.6,57,-1.4,3.6,5.1,3,0.00,558.0
2024-12-06T14:00,7.7,55,-0.9,5.1,3.8,2,0.00,579.0
2024-12-06T15:00,8.6,53,-0.6,5.6,5.0,13,0.00,540.0
2024-12-06T16:00,8.9,53,-0.2,6.3,2.4,69,0.00,411.0
2024-12-06T17:00,8.8,54,0.0,6.3,2.8,100,0.00,277.0
2024-12-06T18:00,8.1,67,2.2,6.1,2.0,100,0.00,81.0
2024-12-06T19:00,8.0,64,1.7,5.8,2.4,92,0.00,2.0
2024-12-06T20:00,8.4,66,2.3,6.3,2.8,93,0.00,0.0
2024-12-06T21:00,7.7,70,2.5,5.5,3.4,100,0.00,0.0
2024-12-06T22:00,7.4,71,2.5,5.3,3.0,78,0.00,0.0
2024-12-06T23:00,6.8,72,2.2,4.5,4.1,71,0.00,0.0
2024-12-07T00:00,6.8,71,2.0,4.3,4.5,100,0.00,0.0
2024-12-07T01:00,7.0,70,2.0,4.6,4.0,100,0.00,0.0
2024-12-07T02:00,7.0,70,1.9,4.8,2.7,86,0.00,0.0
2024-12-07T03:00,6.2,71,1.3,3.5,5.8,58,0.00,0.0
2024-12-07T04:00,5.9,73,1.4,3.5,4.0,99,0.00,0.0
2024-12-07T05:00,6.1,73,1.6,3.7,3.3,100,0.00,0.0
2024-12-07T06:00,6.2,73,1.9,3.9,3.7,100,0.30,0.0
2024-12-07T07:00,6.2,76,2.2,4.0,3.7,98,0.00,0.0
2024-12-07T08:00,6.0,83,3.3,4.0,2.8,100,0.00,0.0
2024-12-07T09:00,6.2,85,3.8,4.3,2.8,99,0.00,7.0
2024-12-07T10:00,6.9,82,4.2,4.7,5.7,87,0.00,68.0
2024-12-07T11:00,7.9,77,4.2,5.5,7.5,99,0.00,168.0
2024-12-07T12:00,8.4,74,4.1,6.4,4.3,99,0.00,176.0
2024-12-07T13:00,9.3,71,4.3,7.1,5.8,100,0.00,282.0
2024-12-07T14:00,8.8,77,5.0,6.7,5.5,99,3.40,152.0
2024-12-07T15:00,8.6,82,5.8,6.4,7.6,95,3.60,136.0
2024-12-07T16:00,8.9,81,5.8,7.0,6.0,100,2.60,163.0
2024-12-07T17:00,8.4,92,7.1,6.4,8.5,100,4.80,70.0
2024-12-07T18:00,8.1,92,6.9,6.0,9.2,100,4.70,15.0
2024-12-07T19:00,8.1,94,7.2,6.3,8.0,100,1.30,1.0
2024-12-07T20:00,7.1,96,6.4,4.8,9.2,100,2.90,0.0
2024-12-07T21:00,7.2,95,6.4,5.2,7.2,100,0.50,0.0
2024-12-07T22:00,7.4,96,6.8,5.4,8.0,100,0.20,0.0
2024-12-07T23:00,7.5,96,6.9,5.4,9.1,100,0.20,0.0
2024-12-08T00:00,7.7,94,6.7,5.4,9.6,100,0.10,0.0
2024-12-08T01:00,7.8,94,6.8,5.7,8.8,100,0.10,0.0
2024-12-08T02:00,7.9,94,7.1,6.1,7.8,100,0.10,0.0
2024-12-08T03:00,8.1,94,7.2,6.2,7.9,100,0.10,0.0
2024-12-08T04:00,8.2,94,7.3,6.4,8.1,100,0.10,0.0
2024-12-08T05:00,8.3,96,7.8,6.7,7.2,100,0.20,0.0
2024-12-08T06:00,8.4,96,7.8,7.0,6.0,100,0.20,0.0
2024-12-08T07:00,8.6,96,7.9,7.2,5.4,100,0.00,0.0
2024-12-08T08:00,7.7,97,7.2,6.0,6.4,100,0.40,0.0
2024-12-08T09:00,7.8,98,7.4,5.8,8.9,100,0.10,5.0
2024-12-08T10:00,8.2,96,7.6,6.3,8.5,99,0.10,41.0
2024-12-08T11:00,9.6,90,8.1,7.4,11.4,100,0.30,175.0
2024-12-08T12:00,10.5,88,8.6,8.2,13.0,100,0.00,212.0
2024-12-08T13:00,11.9,82,9.0,9.6,14.5,100,0.00,253.0
2024-12-08T14:00,14.1,74,9.6,11.8,15.4,51,0.00,330.0
2024-12-08T15:00,15.8,70,10.4,14.5,10.0,12,0.00,437.0
2024-12-08T16:00,16.8,68,10.9,15.5,10.5,33,0.00,430.0
2024-12-08T17:00,16.4,71,11.1,14.9,12.5,0,0.00,281.0
2024-12-08T18:00,14.9,77,10.9,13.7,10.9,0,0.00,110.0
2024-12-08T19:00,13.6,83,10.6,11.9,12.8,0,0.00,4.0
2024-12-08T20:00,11.4,92,10.1,10.0,10.0,0,0.00,0.0
2024-12-08T21:00,11.0,93,9.9,9.6,9.9,0,0.00,0.0
2024-12-08T22:00,10.9,93,9.9,9.3,11.0,0,0.00,0.0
2024-12-08T23:00,11.1,91,9.8,9.2,12.3,0,0.00,0.0
2024-12-09T00:00,10.9,91,9.5,8.9,13.0,0,0.00,0.0
2024-12-09T01:00,10.9,91,9.4,9.0,12.4,0,0.00,0.0
2024-12-09T02:00,10.7,90,9.1,8.8,11.8,0,0.00,0.0
2024-12-09T03:00,10.6,90,9.1,8.6,11.9,0,0.00,0.0
2024-12-09T04:00,10.5,89,8.7,8.6,11.0,0,0.00,0.0
2024-12-09T05:00,10.3,89,8.6,8.4,10.3,0,0.00,0.0
2024-12-09T06:00,9.6,90,8.0,7.9,7.7,0,0.00,0.0
2024-12-09T07:00,9.1,91,7.6,7.4,7.1,0,0.00,0.0
2024-12-09T08:00,8.8,94,7.9,7.2,7.2,0,0.00,0.0
2024-12-09T09:00,9.4,93,8.3,7.6,9.5,0,0.00,21.0
2024-12-09T10:00,11.4,89,9.8,10.0,9.6,0,0.00,165.0
2024-12-09T11:00,13.7,82,10.6,12.9,6.7,0,0.00,335.0
2024-12-09T12:00,15.9,68,10.1,14.9,6.5,0,0.00,472.0
2024-12-09T13:00,17.5,61,9.8,16.4,7.4,0,0.00,555.0
2024-12-09T14:00,18.8,54,9.2,17.7,7.4,0,0.00,578.0
2024-12-09T15:00,19.8,49,8.9,18.3,7.9,0,0.00,536.0
2024-12-09T16:00,20.4,45,8.1,18.7,7.5,0,0.00,434.0
2024-12-09T17:00,19.8,49,8.7,18.6,5.6,0,0.00,285.0
2024-12-09T18:00,17.1,55,7.9,15.4,8.1,0,0.00,112.0
2024-12-09T19:00,14.9,60,7.1,12.3,12.4,0,0.00,4.0
2024-12-09T20:00,13.3,64,6.6,10.4,13.9,0,0.00,0.0
2024-12-09T21:00,12.1,71,7.1,9.6,12.2,0,0.00,0.0
2024-12-09T22:00,11.4,79,7.8,8.9,12.9,0,0.00,0.0
2024-12-09T23:00,10.8,84,8.2,8.4,12.9,0,0.00,0.0
2024-12-10T00:00,10.4,85,7.9,8.1,12.0,4,0.00,0.0
2024-12-10T01:00,10.3,85,7.9,7.8,13.7,29,0.00,0.0
2024-12-10T02:00,10.9,88,9.0,8.7,12.8,100,0.00,0.0
2024-12-10T03:00,11.1,87,9.0,9.2,11.0,13,0.00,0.0
2024-12-10T04:00,10.1,89,8.4,7.8,13.2,19,0.00,0.0
2024-12-10T05:00,9.4,85,6.9,6.5,13.9,14,0.00,0.0
2024-12-10T06:00,8.5,88,6.7,5.8,12.7,29,0.00,0.0
2024-12-10T07:00,7.8,82,4.9,4.5,14.3,6,0.00,0.0
2024-12-10T08:00,7.6,80,4.3,3.8,16.3,60,0.00,0.0
2024-12-10T09:00,6.8,70,1.7,2.7,14.9,7,0.00,18.0
2024-12-10T10:00,7.2,63,0.7,2.7,16.7,9,0.00,160.0
2024-12-10T11:00,7.8,59,0.3,2.9,18.7,1,0.00,328.0
2024-12-10T12:00,8.5,56,0.2,3.7,18.7,18,0.00,464.0
2024-12-10T13:00,9.1,53,-0.1,4.1,19.5,43,0.00,523.0
2024-12-10T14:00,8.9,51,-0.6,3.7,20.5,84,0.00,551.0
2024-12-10T15:00,8.2,51,-1.2,3.1,19.5,99,0.00,428.0
2024-12-10T16:00,7.6,52,-1.8,2.4,19.2,100,0.00,215.0
2024-12-10T17:00,6.8,54,-1.9,1.8,17.2,100,0.00,96.0
2024-12-10T18:00,6.6,55,-1.9,2.1,14.3,100,0.00,42.0
2024-12-10T19:00,6.8,56,-1.4,2.5,13.1,98,0.00,2.0
2024-12-10T20:00,7.2,56,-0.9,3.1,12.3,0,0.00,0.0
2024-12-10T21:00,6.4,58,-1.2,2.5,10.9,0,0.00,0.0
2024-12-10T22:00,5.4,64,-0.9,2.1,7.2,0,0.00,0.0
2024-12-10T23:00,4.8,67,-0.9,1.3,8.5,0,0.00,0.0
2024-12-11T00:00,4.4,67,-1.1,0.6,10.3,0,0.00,0.0
2024-12-11T01:00,4.2,66,-1.6,0.4,9.8,0,0.00,0.0
2024-12-11T02:00,3.8,67,-1.9,0.2,7.8,0,0.00,0.0
2024-12-11T03:00,3.5,67,-2.1,-0.2,8.5,0,0.00,0.0
2024-12-11T04:00,3.3,66,-2.3,-0.5,9.9,0,0.00,0.0
2024-12-11T05:00,3.3,65,-2.7,-0.7,10.7,0,0.00,0.0
2024-12-11T06:00,3.4,62,-3.2,-0.7,10.8,0,0.00,0.0
2024-12-11T07:00,3.3,61,-3.6,-0.8,10.2,0,0.00,0.0
2024-12-11T08:00,1.9,64,-4.3,-2.1,8.7,0,0.00,0.0
2024-12-11T09:00,2.2,64,-4.0,-1.7,7.9,0,0.00,20.0
2024-12-11T10:00,4.2,62,-2.5,0.6,7.5,0,0.00,167.0
2024-12-11T11:00,6.3,57,-1.6,3.2,5.1,0,0.00,341.0
2024-12-11T12:00,8.4,56,0.0,5.7,3.5,0,0.00,481.0
2024-12-11T13:00,10.2,53,1.1,7.9,3.8,0,0.00,566.0
2024-12-11T14:00,11.8,50,1.6,9.5,4.5,0,0.00,588.0
2024-12-11T15:00,12.8,47,1.6,10.3,4.4,0,0.00,546.0
2024-12-11T16:00,13.4,41,0.6,10.7,4.2,0,0.00,443.0
2024-12-11T17:00,13.4,41,0.4,10.8,3.5,0,0.00,292.0
2024-12-11T18:00,11.2,55,2.6,8.8,5.1,0,0.00,115.0
2024-12-11T19:00,9.1,61,2.0,6.5,6.2,0,0.00,5.0
2024-12-11T20:00,9.8,47,-0.9,6.4,7.3,10,0.00,0.0
2024-12-11T21:00,8.9,50,-0.9,5.5,8.0,51,0.00,0.0
2024-12-11T22:00,8.4,51,-1.1,4.8,8.7,47,0.00,0.0
2024-12-11T23:00,7.9,51,-1.7,4.1,9.8,15,0.00,0.0
2024-12-12T00:00,7.6,49,-2.4,3.5,11.2,41,0.00,0.0
2024-12-12T01:00,7.3,49,-2.6,3.0,12.1,53,0.00,0.0
2024-12-12T02:00,7.1,50,-2.5,2.8,12.1,3,0.00,0.0
2024-12-12T03:00,6.8,51,-2.5,2.5,13.0,8,0.00,0.0
2024-12-12T04:00,6.7,52,-2.6,2.4,12.7,62,0.00,0.0
2024-12-12T05:00,6.3,53,-2.6,2.1,11.7,41,0.00,0.0
2024-12-12T06:00,5.9,55,-2.5,1.9,10.8,61,0.00,0.0
2024-12-12T07:00,5.4,58,-2.3,1.5,9.9,99,0.00,0.0
2024-12-12T08:00,3.8,61,-3.1,-0.2,9.8,100,0.00,0.0
2024-12-12T09:00,4.2,60,-2.8,0.1,10.4,100,0.00,16.0
2024-12-12T10:00,6.1,59,-1.2,2.0,12.1,100,0.00,148.0
2024-12-12T11:00,8.4,55,-0.2,4.8,9.5,100,0.00,291.0
2024-12-12T12:00,10.8,50,0.6,7.3,10.3,100,0.00,463.0
2024-12-12T13:00,12.6,45,1.0,8.9,11.6,100,0.00,547.0
2024-12-12T14:00,14.0,39,0.3,9.9,14.6,99,0.00,571.0
2024-12-12T15:00,14.7,28,-3.5,9.2,20.2,100,0.00,535.0
2024-12-12T16:00,14.4,30,-2.9,9.3,18.2,100,0.00,403.0
2024-12-12T17:00,13.6,38,-0.4,9.3,14.0,100,0.00,239.0
2024-12-12T18:00,12.2,46,0.9,8.4,12.6,100,0.00,87.0
2024-12-12T19:00,11.5,51,1.8,7.9,12.5,100,0.00,3.0
2024-12-12T20:00,11.6,52,2.2,8.3,10.5,100,0.00,0.0
2024-12-12T21:00,11.2,55,2.5,7.9,10.6,100,0.00,0.0
2024-12-12T22:00,11.1,57,3.0,7.7,12.0,100,0.00,0.0
2024-12-12T23:00,10.9,61,3.7,7.6,12.4,100,0.00,0.0
2024-12-13T00:00,10.8,65,4.4,7.6,12.6,100,0.00,0.0
2024-12-13T01:00,10.6,68,4.8,7.4,13.2,100,0.00,0.0
2024-12-13T02:00,10.6,69,5.1,7.5,13.0,100,0.00,0.0
2024-12-13T03:00,10.4,71,5.3,7.4,12.3,100,0.00,0.0
2024-12-13T04:00,10.2,73,5.6,7.3,12.4,100,0.00,0.0
2024-12-13T05:00,10.2,74,5.7,7.4,12.2,100,0.00,0.0
2024-12-13T06:00,10.6,73,6.0,7.9,11.6,100,0.00,0.0
2024-12-13T07:00,10.9,73,6.3,8.0,13.3,100,0.00,0.0
2024-12-13T08:00,11.1,76,7.0,8.4,12.6,100,0.00,0.0
2024-12-13T09:00,11.4,77,7.6,9.0,12.4,100,0.00,5.0
2024-12-13T10:00,11.9,79,8.3,9.7,11.6,100,0.00,28.0
2024-12-13T11:00,13.1,79,9.4,11.3,11.0,100,0.00,91.0
2024-12-13T12:00,13.8,79,10.3,12.1,12.6,100,0.00,165.0
2024-12-13T13:00,14.1,82,10.9,12.8,10.8,100,0.00,158.0
2024-12-13T14:00,15.2,81,12.1,14.8,7.6,100,0.00,213.0
2024-12-13T15:00,16.8,80,13.2,15.3,17.2,100,0.00,243.0
2024-12-13T16:00,16.8,80,13.3,15.2,17.6,100,0.00,181.0
2024-12-13T17:00,16.7,80,13.1,15.5,15.2,100,0.00,128.0
2024-12-13T18:00,15.8,85,13.2,14.8,14.2,100,0.00,29.0
2024-12-13T19:00,15.7,85,13.2,14.5,15.6,100,0.00,1.0
2024-12-13T20:00,13.4,93,12.4,11.8,15.8,100,0.10,0.0
2024-12-13T21:00,13.8,93,12.7,12.2,16.3,100,0.20,0.0
2024-12-13T22:00,14.2,94,13.2,12.7,17.7,100,0.10,0.0
2024-12-13T23:00,14.6,94,13.6,13.2,17.8,100,0.10,0.0
2024-12-14T00:00,14.8,95,14.1,13.8,15.7,100,0.10,0.0
2024-12-14T01:00,15.2,95,14.5,14.4,16.0,100,0.10,0.0
2024-12-14T02:00,15.6,96,14.9,14.8,16.5,100,0.00,0.0
2024-12-14T03:00,15.5,96,14.9,14.6,17.6,100,1.70,0.0
2024-12-14T04:00,15.4,96,14.8,14.7,15.7,100,0.10,0.0
2024-12-14T05:00,15.3,97,14.9,15.2,11.9,100,0.50,0.0
2024-12-14T06:00,15.6,98,15.3,15.7,12.1,100,0.50,0.0
2024-12-14T07:00,15.7,98,15.4,15.9,11.2,69,0.10,0.0
2024-12-14T08:00,16.4,97,15.8,16.4,13.4,22,0.00,0.0
2024-12-14T09:00,16.5,96,15.9,16.8,12.3,54,0.00,11.0
2024-12-14T10:00,17.9,91,16.5,18.1,14.1,1,0.00,133.0
2024-12-14T11:00,18.9,83,15.9,18.8,14.6,8,0.00,313.0
2024-12-14T12:00,19.4,74,14.6,18.9,13.5,1,0.00,443.0
2024-12-14T13:00,19.6,59,11.4,18.2,12.5,0,0.00,540.0
2024-12-14T14:00,20.1,45,7.9,18.1,11.1,0,0.00,571.0
2024-12-14T15:00,20.3,40,6.1,17.9,9.7,0,0.00,536.0
2024-12-14T16:00,20.2,38,5.3,18.0,7.0,0,0.00,439.0
2024-12-14T17:00,19.6,43,6.8,18.3,3.3,0,0.00,291.0
2024-12-14T18:00,18.2,49,7.2,17.4,0.6,0,0.00,117.0
2024-12-14T19:00,15.9,53,6.5,14.9,1.4,0,0.00,5.0
2024-12-14T20:00,15.6,56,6.8,14.4,2.2,0,0.00,0.0
2024-12-14T21:00,14.6,59,6.6,13.3,3.1,0,0.00,0.0
2024-12-14T22:00,13.6,61,6.3,12.2,3.6,0,0.00,0.0
2024-12-14T23:00,12.9,64,6.1,11.3,3.8,0,0.00,0.0
2024-12-15T00:00,12.0,67,6.0,10.2,5.2,0,0.00,0.0
2024-12-15T01:00,11.6,67,5.6,9.8,4.3,2,0.00,0.0
2024-12-15T02:00,11.2,69,5.7,9.3,5.5,15,0.00,0.0
2024-12-15T03:00,10.9,70,5.6,8.9,6.2,0,0.00,0.0
2024-12-15T04:00,10.6,70,5.4,8.6,6.2,52,0.00,0.0
2024-12-15T05:00,11.1,70,5.8,9.1,5.9,94,0.00,0.0
2024-12-15T06:00,12.0,70,6.8,10.5,4.8,100,0.00,0.0
2024-12-15T07:00,12.4,75,8.1,11.2,5.2,100,0.10,0.0
2024-12-15T08:00,12.8,87,10.7,12.1,6.2,100,0.00,0.0
2024-12-15T09:00,13.8,94,12.8,13.8,6.0,97,0.00,6.0
2024-12-15T10:00,15.8,93,14.6,16.8,3.6,100,0.00,80.0
2024-12-15T11:00,17.2,93,16.0,18.9,2.7,83,0.00,124.0
2024-12-15T12:00,19.2,89,17.5,21.4,3.8,99,0.20,283.0
2024-12-15T13:00,18.6,95,17.8,20.9,3.9,100,1.70,182.0
2024-12-15T14:00,19.5,93,18.3,21.6,6.3,100,0.20,188.0
2024-12-15T15:00,21.9,87,19.5,24.3,8.7,100,0.00,328.0
2024-12-15T16:00,22.7,82,19.5,24.9,10.1,100,0.10,250.0
2024-12-15T17:00,21.6,84,18.7,22.8,13.9,98,0.30,137.0
2024-12-15T18:00,21.5,83,18.5,23.0,11.4,29,0.00,80.0
2024-12-15T19:00,21.0,85,18.4,22.1,13.7,47,0.00,4.0
2024-12-15T20:00,21.5,86,19.0,22.6,16.0,100,0.00,0.0
2024-12-15T21:00,20.9,87,18.6,21.6,16.8,99,0.00,0.0
2024-12-15T22:00,20.7,87,18.5,21.3,17.1,96,0.00,0.0
2024-12-15T23:00,20.6,87,18.4,21.4,16.1,97,0.00,0.0
2024-12-16T00:00,19.9,92,18.5,20.7,16.3,100,0.20,0.0
2024-12-16T01:00,18.5,96,17.8,19.2,14.3,100,2.20,0.0
2024-12-16T02:00,18.3,97,17.8,19.1,13.9,100,0.60,0.0
2024-12-16T03:00,18.8,96,18.1,19.8,13.7,100,0.30,0.0
2024-12-16T04:00,19.4,95,18.6,20.2,16.6,100,0.00,0.0
2024-12-16T05:00,19.3,94,18.4,20.1,15.5,100,0.00,0.0
2024-12-16T06:00,19.1,94,18.2,20.5,11.0,88,0.10,0.0
2024-12-16T07:00,18.6,96,18.0,20.2,9.6,100,0.10,0.0
2024-12-16T08:00,17.6,97,17.1,18.1,14.6,98,0.10,0.0
2024-12-16T09:00,18.0,96,17.4,19.1,10.8,99,0.00,6.0
2024-12-16T10:00,19.3,94,18.2,20.7,11.5,94,0.00,61.0
2024-12-16T11:00,21.0,86,18.6,22.2,14.1,81,0.10,175.0
2024-12-16T12:00,22.0,82,18.7,23.2,14.0,48,0.00,280.0
2024-12-16T13:00,22.7,77,18.5,23.9,13.2,15,0.10,394.0
2024-12-16T14:00,22.8,76,18.3,23.7,14.7,28,0.20,478.0
2024-12-16T15:00,22.8,74,18.0,24.0,12.1,46,0.10,405.0
2024-12-16T16:00,23.4,70,17.7,25.1,7.7,40,0.10,355.0
2024-12-16T17:00,21.5,78,17.5,23.3,6.0,75,0.60,210.0
2024-12-16T18:00,18.8,95,18.0,21.0,4.5,100,1.70,38.0
2024-12-16T19:00,19.2,83,16.2,19.6,11.9,25,0.10,2.0
2024-12-16T20:00,18.2,95,17.4,20.3,3.4,99,2.20,0.0
2024-12-16T21:00,18.0,95,17.2,19.0,11.4,21,0.00,0.0
2024-12-16T22:00,16.8,85,14.2,16.8,9.8,5,0.00,0.0
2024-12-16T23:00,15.6,81,12.4,15.4,7.1,11,0.00,0.0
2024-12-17T00:00,15.1,80,11.6,14.8,5.1,6,0.00,0.0
2024-12-17T01:00,14.6,80,11.1,14.2,5.2,3,0.00,0.0
2024-12-17T02:00,13.9,80,10.5,13.1,6.5,14,0.00,0.0
2024-12-17T03:00,13.4,81,10.2,12.8,4.5,19,0.00,0.0
2024-12-17T04:00,13.1,82,10.1,12.6,3.6,32,0.00,0.0
2024-12-17T05:00,12.6,84,9.9,12.0,4.4,73,0.00,0.0
2024-12-17T06:00,12.6,84,10.1,12.3,2.8,100,0.00,0.0
2024-12-17T07:00,12.5,85,10.1,12.1,2.8,100,0.00,0.0
2024-12-17T08:00,10.8,78,7.1,9.5,4.0,39,0.00,0.0
2024-12-17T09:00,11.3,76,7.2,9.9,4.7,25,0.00,11.0
2024-12-17T10:00,12.9,73,8.1,12.1,2.2,7,0.00,117.0
2024-12-17T11:00,15.2,68,9.4,14.8,2.2,0,0.00,289.0
2024-12-17T12:00,17.5,68,11.6,17.4,4.1,2,0.00,436.0
2024-12-17T13:00,19.1,70,13.6,19.7,4.5,2,0.00,516.0
2024-12-17T14:00,20.5,73,15.4,21.6,4.9,10,0.00,532.0
2024-12-17T15:00,22.6,71,17.1,23.9,8.9,71,0.00,473.0
2024-12-17T16:00,23.6,67,17.0,24.2,12.8,39,0.10,353.0
2024-12-17T17:00,23.4,70,17.6,25.2,6.3,33,0.10,221.0
2024-12-17T18:00,22.4,72,17.0,23.2,11.9,32,0.00,86.0
2024-12-17T19:00,21.1,78,17.1,22.1,10.4,19,0.00,4.0
2024-12-17T20:00,18.2,92,17.0,19.2,10.6,34,0.60,0.0
2024-12-17T21:00,18.0,94,17.0,18.7,11.8,6,0.00,0.0
2024-12-17T22:00,17.9,94,16.8,19.0,8.7,2,0.00,0.0
2024-12-17T23:00,18.1,92,16.8,19.0,10.0,10,0.00,0.0
2024-12-18T00:00,18.5,90,16.9,19.1,12.4,14,0.00,0.0
2024-12-18T01:00,18.8,88,16.7,19.3,12.7,20,0.00,0.0
2024-12-18T02:00,18.6,88,16.6,19.1,12.1,46,0.00,0.0
2024-12-18T03:00,18.5,89,16.6,19.8,6.8,13,0.00,0.0
2024-12-18T04:00,16.5,96,15.9,16.4,14.4,100,1.20,0.0
2024-12-18T05:00,16.8,94,15.9,16.1,18.3,100,1.00,0.0
2024-12-18T06:00,13.6,74,9.1,10.3,21.1,100,0.20,0.0
2024-12-18T07:00,12.7,55,3.9,8.5,19.0,100,0.00,0.0
2024-12-18T08:00,10.9,65,4.6,7.3,16.2,53,0.20,0.0
2024-12-18T09:00,10.1,63,3.4,6.0,17.7,1,0.00,9.0
2024-12-18T10:00,9.9,61,2.7,5.5,18.3,0,0.00,142.0
2024-12-18T11:00,10.1,59,2.5,5.7,18.9,0,0.00,314.0
2024-12-18T12:00,10.7,56,2.2,6.2,19.0,0,0.00,454.0
2024-12-18T13:00,11.2,54,2.2,6.8,18.4,0,0.00,543.0
2024-12-18T14:00,11.9,52,2.3,7.7,17.5,0,0.00,572.0
2024-12-18T15:00,12.2,51,2.3,8.0,16.9,0,0.00,537.0
2024-12-18T16:00,12.4,50,2.2,8.3,15.8,0,0.00,441.0
2024-12-18T17:00,11.9,52,2.3,8.2,14.0,0,0.00,295.0
2024-12-18T18:00,10.9,58,2.8,7.6,10.7,0,0.00,121.0
2024-12-18T19:00,9.6,62,2.8,6.4,10.6,0,0.00,6.0
2024-12-18T20:00,9.5,65,3.2,6.5,9.5,0,0.00,0.0
2024-12-18T21:00,8.8,68,3.2,6.0,8.3,0,0.00,0.0
2024-12-18T22:00,8.1,70,3.0,5.2,8.8,0,0.00,0.0
2024-12-18T23:00,7.5,73,2.9,4.7,7.8,0,0.00,0.0
2024-12-19T00:00,6.9,76,3.0,4.3,6.5,0,0.00,0.0
2024-12-19T01:00,6.4,80,3.2,4.0,5.4,0,0.00,0.0
2024-12-19T02:00,6.1,83,3.4,3.7,5.3,0,0.00,0.0
2024-12-19T03:00,5.5,85,3.2,3.6,2.4,0,0.00,0.0
2024-12-19T04:00,5.2,86,3.1,3.4,1.6,0,0.00,0.0
2024-12-19T05:00,5.1,87,3.1,3.4,0.9,0,0.00,0.0
2024-12-19T06:00,4.7,88,2.9,2.9,1.0,0,0.00,0.0
2024-12-19T07:00,4.2,91,2.8,2.0,3.9,0,0.00,0.0
2024-12-19T08:00,2.2,91,1.0,0.2,0.6,0,0.00,0.0
2024-12-19T09:00,2.6,93,1.6,0.7,0.0,0,0.00,14.0
2024-12-19T10:00,4.6,87,2.5,2.5,2.0,0,0.00,150.0
2024-12-19T11:00,6.8,77,3.2,4.8,3.4,0,0.00,324.0
2024-12-19T12:00,9.1,70,3.9,6.6,7.0,0,0.00,463.0
2024-12-19T13:00,11.1,65,4.7,8.5,9.0,0,0.00,552.0
2024-12-19T14:00,12.6,59,4.7,10.4,7.4,0,0.00,578.0
2024-12-19T15:00,13.6,54,4.5,11.3,7.1,0,0.00,540.0
2024-12-19T16:00,14.2,52,4.6,12.4,3.5,0,0.00,442.0
2024-12-19T17:00,14.2,53,4.8,12.4,4.1,0,0.00,294.0
2024-12-19T18:00,12.6,67,6.7,11.2,4.1,0,0.00,120.0
2024-12-19T19:00,11.1,70,5.8,9.5,3.8,0,0.00,6.0
2024-12-19T20:00,11.6,74,7.1,10.0,5.3,30,0.00,0.0
2024-12-19T21:00,10.9,77,6.9,9.3,5.2,59,0.00,0.0
2024-12-19T22:00,10.1,80,6.8,8.6,4.9,0,0.00,0.0
2024-12-19T23:00,9.6,82,6.6,7.9,5.5,0,0.00,0.0
2024-12-20T00:00,8.8,84,6.3,7.2,4.3,9,0.00,0.0
2024-12-20T01:00,8.5,86,6.2,6.7,6.0,0,0.00,0.0
2024-12-20T02:00,7.7,87,5.7,5.6,6.8,0,0.00,0.0
2024-12-20T03:00,7.1,87,5.0,4.8,7.3,0,0.00,0.0
2024-12-20T04:00,6.8,83,4.1,4.3,7.5,0,0.00,0.0
2024-12-20T05:00,6.7,74,2.3,3.6,9.1,0,0.00,0.0
2024-12-20T06:00,6.6,68,1.0,2.9,11.4,0,0.00,0.0
2024-12-20T07:00,6.8,66,0.8,2.8,13.1,0,0.00,0.0
2024-12-20T08:00,6.1,72,1.3,2.0,14.6,0,0.00,0.0
2024-12-20T09:00,6.0,71,1.1,2.0,14.1,0,0.00,13.0
2024-12-20T10:00,7.1,68,1.6,3.6,11.4,0,0.00,148.0
2024-12-20T11:00,8.1,59,0.5,4.1,13.6,0,0.00,323.0
2024-12-20T12:00,9.2,51,-0.3,5.1,13.2,0,0.00,467.0
2024-12-20T13:00,10.1,48,-0.5,6.1,12.6,0,0.00,556.0
2024-12-20T14:00,10.9,44,-0.9,7.1,11.6,0,0.00,584.0
2024-12-20T15:00,11.4,42,-1.1,7.5,11.0,0,0.00,547.0
2024-12-20T16:00,11.6,42,-1.0,7.8,10.3,0,0.00,449.0
2024-12-20T17:00,11.1,43,-1.0,7.5,9.3,0,0.00,300.0
2024-12-20T18:00,9.6,53,0.4,6.8,5.1,0,0.00,124.0
2024-12-20T19:00,7.9,61,0.9,5.2,5.2,0,0.00,7.0
2024-12-20T20:00,8.4,59,0.9,5.4,6.9,0,0.00,0.0
2024-12-20T21:00,7.3,62,0.6,4.4,6.1,0,0.00,0.0
2024-12-20T22:00,6.3,66,0.4,3.5,5.2,0,0.00,0.0
2024-12-20T23:00,5.7,67,-0.1,2.7,5.5,0,0.00,0.0
2024-12-21T00:00,4.9,68,-0.5,1.9,5.8,0,0.00,0.0
2024-12-21T01:00,4.2,70,-0.8,1.2,5.4,0,0.00,0.0
2024-12-21T02:00,3.5,74,-0.8,0.5,4.9,0,0.00,0.0
2024-12-21T03:00,2.9,76,-0.9,0.0,4.3,0,0.00,0.0
2024-12-21T04:00,2.5,77,-1.1,-0.3,3.8,0,0.00,0.0
2024-12-21T05:00,2.3,77,-1.3,-0.7,4.8,0,0.00,0.0
2024-12-21T06:00,1.8,79,-1.4,-1.3,5.0,0,0.00,0.0
2024-12-21T07:00,1.6,80,-1.5,-1.6,6.2,0,0.00,0.0
2024-12-21T08:00,0.3,83,-2.3,-3.1,6.7,0,0.00,0.0
2024-12-21T09:00,0.7,84,-1.7,-2.7,7.3,0,0.00,12.0
2024-12-21T10:00,2.3,80,-0.8,-0.9,6.9,0,0.00,145.0
2024-12-21T11:00,4.1,73,-0.3,0.9,7.3,0,0.00,317.0
2024-12-21T12:00,5.8,66,0.0,2.4,8.8,0,0.00,457.0
2024-12-21T13:00,7.7,60,0.4,4.5,7.7,0,0.00,547.0
2024-12-21T14:00,9.2,56,0.9,6.3,7.3,0,0.00,574.0
2024-12-21T15:00,10.4,54,1.4,7.6,6.1,0,0.00,536.0
2024-12-21T16:00,10.9,54,1.9,8.1,6.6,0,0.00,439.0
2024-12-21T17:00,10.8,55,2.2,7.8,7.8,0,0.00,292.0
2024-12-21T18:00,9.6,63,2.8,7.0,6.9,0,0.00,121.0
2024-12-21T19:00,8.1,69,2.9,5.4,7.8,0,0.00,6.0
2024-12-21T20:00,8.2,65,2.1,5.3,8.2,0,0.00,0.0
2024-12-21T21:00,7.7,67,1.9,4.6,8.3,0,0.00,0.0
2024-12-21T22:00,7.1,69,1.8,4.0,8.2,0,0.00,0.0
2024-12-21T23:00,6.4,71,1.5,3.4,7.8,0,0.00,0.0
2024-12-22T00:00,5.9,73,1.5,3.0,7.5,0,0.00,0.0
2024-12-22T01:00,5.4,75,1.5,2.4,7.7,0,0.00,0.0
2024-12-22T02:00,5.2,77,1.5,2.1,7.8,0,0.00,0.0
2024-12-22T03:00,4.9,78,1.5,1.8,8.4,0,0.00,0.0
2024-12-22T04:00,4.9,79,1.5,1.8,8.5,0,0.00,0.0
2024-12-22T05:00,4.8,80,1.5,1.8,7.4,0,0.00,0.0
2024-12-22T06:00,4.6,81,1.5,1.6,7.3,0,0.00,0.0
2024-12-22T07:00,4.4,81,1.4,1.3,7.9,0,0.00,0.0
2024-12-22T08:00,4.4,80,1.2,1.2,8.5,5,0.00,0.0
2024-12-22T09:00,4.8,79,1.5,1.5,9.6,1,0.00,11.0
2024-12-22T10:00,6.6,74,2.3,3.5,9.3,0,0.00,135.0
2024-12-22T11:00,8.7,68,3.0,5.8,9.1,7,0.00,301.0
2024-12-22T12:00,10.8,63,4.0,7.7,11.0,44,0.00,437.0
2024-12-22T13:00,12.3,58,4.2,9.1,12.9,12,0.00,465.0
2024-12-22T14:00,13.4,53,4.2,10.1,13.2,1,0.00,513.0
2024-12-22T15:00,14.4,51,4.3,11.1,12.6,0,0.00,525.0
2024-12-22T16:00,14.8,51,4.7,11.7,12.7,2,0.00,428.0
2024-12-22T17:00,14.7,51,4.8,11.6,12.9,3,0.00,285.0
2024-12-22T18:00,13.4,58,5.3,10.5,12.6,3,0.00,118.0
2024-12-22T19:00,12.2,63,5.3,9.1,13.5,2,0.00,7.0
2024-12-22T20:00,12.6,65,6.1,9.5,14.1,100,0.00,0.0
2024-12-22T21:00,12.5,62,5.3,9.4,13.7,100,0.00,0.0
2024-12-22T22:00,12.9,59,5.1,9.6,15.0,100,0.00,0.0
2024-12-22T23:00,12.9,58,5.0,9.5,15.5,100,0.00,0.0
2024-12-23T00:00,12.9,61,5.6,9.4,16.6,100,0.00,0.0
2024-12-23T01:00,12.9,68,7.1,9.6,17.3,90,0.00,0.0
2024-12-23T02:00,13.0,74,8.5,10.2,16.5,100,0.00,0.0
2024-12-23T03:00,13.1,78,9.4,10.6,16.1,100,0.00,0.0
2024-12-23T04:00,13.3,79,9.8,10.9,16.0,100,0.00,0.0
2024-12-23T05:00,13.1,81,10.1,10.9,15.5,100,0.00,0.0
2024-12-23T06:00,12.9,84,10.2,10.9,14.9,53,0.00,0.0
2024-12-23T07:00,12.4,87,10.3,10.4,14.4,33,0.00,0.0
2024-12-23T08:00,12.7,85,10.2,10.6,14.8,100,0.00,0.0
2024-12-23T09:00,12.8,85,10.3,10.7,15.2,99,0.00,3.0
2024-12-23T10:00,13.6,83,10.8,12.0,12.4,100,0.00,79.0
2024-12-23T11:00,14.3,81,11.1,13.2,10.1,94,0.00,115.0
2024-12-23T12:00,15.6,77,11.5,14.0,13.9,88,0.00,260.0
2024-12-23T13:00,16.3,75,11.8,14.7,14.5,48,0.00,325.0
2024-12-23T14:00,18.0,70,12.4,16.1,18.7,100,0.00,423.0
2024-12-23T15:00,19.0,68,13.1,17.1,20.0,100,0.00,287.0
2024-12-23T16:00,18.9,72,13.6,18.0,14.1,100,0.00,147.0
2024-12-23T17:00,18.8,73,13.9,18.1,13.4,100,0.00,98.0
2024-12-23T18:00,18.8,73,13.9,18.1,13.1,97,0.00,46.0
2024-12-23T19:00,18.3,76,14.1,17.9,11.9,97,0.00,4.0
2024-12-23T20:00,17.6,78,13.7,16.6,15.1,48,0.00,0.0
2024-12-23T21:00,17.2,79,13.6,16.0,16.2,32,0.00,0.0
2024-12-23T22:00,17.1,81,13.8,15.9,17.2,59,0.00,0.0
2024-12-23T23:00,17.0,82,13.8,15.8,16.4,95,0.10,0.0
2024-12-24T00:00,17.1,81,13.9,16.1,16.1,100,0.00,0.0
2024-12-24T01:00,17.1,82,14.1,16.1,15.6,100,0.00,0.0
2024-12-24T02:00,16.6,84,14.0,15.7,15.3,100,0.30,0.0
2024-12-24T03:00,15.8,91,14.4,15.0,15.2,100,0.90,0.0
2024-12-24T04:00,15.2,94,14.2,15.3,9.1,100,1.10,0.0
2024-12-24T05:00,15.1,96,14.4,15.7,5.5,100,1.20,0.0
2024-12-24T06:00,15.5,96,14.9,15.9,8.5,100,1.10,0.0
2024-12-24T07:00,15.9,96,15.4,16.1,11.4,100,0.20,0.0
2024-12-24T08:00,15.9,94,14.9,15.8,12.3,100,8.30,0.0
2024-12-24T09:00,15.4,96,14.8,15.1,13.0,100,2.10,2.0
2024-12-24T10:00,15.4,91,13.9,15.3,9.2,100,12.60,28.0
2024-12-24T11:00,14.6,98,14.2,15.6,2.1,100,15.40,24.0
2024-12-24T12:00,14.9,97,14.6,15.8,4.5,100,6.10,70.0
2024-12-24T13:00,15.6,95,14.9,16.7,4.2,100,0.30,86.0
2024-12-24T14:00,16.0,91,14.6,16.6,6.9,99,4.10,142.0
2024-12-24T15:00,16.6,87,14.5,16.8,9.1,100,0.10,155.0
2024-12-24T16:00,16.2,89,14.4,16.2,10.2,100,0.10,101.0
2024-12-24T17:00,15.9,90,14.3,16.6,5.4,100,0.00,90.0
2024-12-24T18:00,15.6,92,14.3,16.7,2.2,98,0.00,74.0
2024-12-24T19:00,14.2,95,13.4,14.9,3.1,96,0.00,5.0
2024-12-24T20:00,14.9,90,13.1,13.9,13.4,100,0.10,0.0
2024-12-24T21:00,12.4,90,10.9,10.8,13.2,100,0.00,0.0
2024-12-24T22:00,12.4,88,10.5,11.0,10.7,100,0.00,0.0
2024-12-24T23:00,12.2,88,10.2,11.0,8.8,100,0.00,0.0
2024-12-25T00:00,12.1,89,10.3,10.9,8.5,100,0.00,0.0
2024-12-25T01:00,11.9,90,10.3,10.9,7.7,100,0.00,0.0
2024-12-25T02:00,11.9,90,10.3,10.5,9.7,100,0.00,0.0
2024-12-25T03:00,11.6,91,10.2,10.1,11.0,100,0.00,0.0
2024-12-25T04:00,11.4,91,10.0,9.9,10.4,100,0.00,0.0
2024-12-25T05:00,11.4,90,9.9,10.0,9.7,100,0.00,0.0
2024-12-25T06:00,11.3,90,9.6,9.7,10.3,100,0.00,0.0
2024-12-25T07:00,11.1,90,9.5,9.8,8.3,100,0.00,0.0
2024-12-25T08:00,11.1,90,9.6,10.1,6.1,100,0.00,0.0
2024-12-25T09:00,11.1,89,9.4,10.0,6.4,100,0.00,4.0
2024-12-25T10:00,11.6,86,9.4,10.6,6.1,100,0.00,70.0
2024-12-25T11:00,12.3,83,9.5,11.5,4.4,100,0.00,127.0
2024-12-25T12:00,13.1,80,9.7,12.3,4.7,100,0.00,208.0
2024-12-25T13:00,13.8,77,9.9,13.1,4.5,100,0.00,267.0
2024-12-25T14:00,14.6,75,10.1,14.1,3.6,100,0.00,318.0
2024-12-25T15:00,15.3,71,10.1,15.0,2.3,97,0.00,348.0
2024-12-25T16:00,15.3,71,10.1,14.8,4.0,97,0.00,230.0
2024-12-25T17:00,15.1,73,10.2,14.5,4.7,100,0.00,154.0
2024-12-25T18:00,14.4,77,10.4,13.8,5.3,100,0.00,48.0
2024-12-25T19:00,13.8,82,10.9,12.9,8.3,100,0.00,2.0
2024-12-25T20:00,12.2,91,10.9,11.4,7.9,100,0.00,0.0
2024-12-25T21:00,12.2,93,11.1,11.9,4.6,100,0.00,0.0
2024-12-25T22:00,12.1,94,11.2,12.0,3.6,100,0.00,0.0
2024-12-25T23:00,12.1,94,11.2,12.0,4.0,100,0.00,0.0
2024-12-26T00:00,11.4,96,10.9,11.2,3.2,66,0.00,0.0
2024-12-26T01:00,11.9,95,11.1,11.4,5.8,86,0.00,0.0
2024-12-26T02:00,12.1,95,11.3,12.2,2.0,100,0.00,0.0
2024-12-26T03:00,12.1,96,11.4,12.0,3.2,100,0.00,0.0
2024-12-26T04:00,12.1,96,11.6,11.9,4.8,100,0.00,0.0
2024-12-26T05:00,12.1,96,11.6,11.7,6.2,100,0.10,0.0
2024-12-26T06:00,12.4,96,11.8,12.1,5.9,87,0.00,0.0
2024-12-26T07:00,12.1,98,11.8,11.7,6.3,100,0.00,0.0
2024-12-26T08:00,13.0,98,12.6,12.5,9.3,100,0.60,0.0
2024-12-26T09:00,13.1,96,12.6,13.2,5.0,100,7.40,2.0
2024-12-26T10:00,13.6,96,13.1,13.6,6.8,100,1.30,19.0
2024-12-26T11:00,14.2,97,13.8,13.1,15.9,100,1.90,25.0
2024-12-26T12:00,14.4,97,13.9,14.9,5.2,100,7.50,53.0
2024-12-26T13:00,14.2,98,13.9,14.7,5.7,100,9.20,70.0
2024-12-26T14:00,14.6,96,14.0,15.3,4.4,57,1.20,87.0
2024-12-26T15:00,16.6,81,13.3,15.8,12.5,74,0.00,448.0
2024-12-26T16:00,16.6,76,12.4,15.3,14.6,45,0.00,259.0
2024-12-26T17:00,15.8,77,11.8,13.6,18.8,100,0.00,205.0
2024-12-26T18:00,14.6,81,11.3,12.8,14.8,7,0.00,72.0
2024-12-26T19:00,13.6,85,11.0,11.8,13.9,17,0.00,8.0
2024-12-26T20:00,12.6,95,11.7,11.1,13.3,10,3.20,0.0
2024-12-26T21:00,11.9,95,11.2,10.6,11.6,0,0.00,0.0
2024-12-26T22:00,11.6,96,10.9,10.4,9.6,0,0.00,0.0
2024-12-26T23:00,11.2,97,10.8,10.1,9.6,0,0.00,0.0
2024-12-27T00:00,10.8,97,10.4,9.8,7.3,5,0.00,0.0
2024-12-27T01:00,10.4,97,9.9,9.1,8.6,0,0.00,0.0
2024-12-27T02:00,9.9,97,9.4,8.6,7.9,4,0.00,0.0
2024-12-27T03:00,9.1,98,8.9,8.1,5.1,99,0.00,0.0
2024-12-27T04:00,9.1,98,8.8,8.0,5.2,98,0.00,0.0
2024-12-27T05:00,8.7,99,8.6,7.5,5.5,94,0.00,0.0
2024-12-27T06:00,8.3,100,8.2,7.1,5.0,71,0.00,0.0
2024-12-27T07:00,8.2,100,8.1,6.7,6.9,100,0.00,0.0
2024-12-27T08:00,8.7,100,8.6,7.1,8.8,100,0.00,0.0
2024-12-27T09:00,9.1,99,8.9,7.4,9.4,100,0.00,7.0
2024-12-27T10:00,9.8,98,9.4,8.0,10.9,100,0.00,76.0
2024-12-27T11:00,11.6,91,10.2,10.3,9.7,8,0.00,241.0
2024-12-27T12:00,14.1,77,10.2,12.7,10.2,0,0.00,447.0
2024-12-27T13:00,16.4,65,9.9,14.8,10.6,0,0.00,540.0
2024-12-27T14:00,18.5,50,7.8,16.0,14.2,0,0.00,573.0
2024-12-27T15:00,19.5,41,5.8,16.2,14.8,2,0.00,540.0
2024-12-27T16:00,19.8,41,6.0,16.8,13.0,0,0.00,450.0
2024-12-27T17:00,19.5,47,7.8,17.8,7.4,91,0.00,305.0
2024-12-27T18:00,17.2,58,8.9,16.1,6.0,100,0.00,129.0
2024-12-27T19:00,15.4,63,8.3,14.0,6.2,100,0.00,8.0
2024-12-27T20:00,16.0,66,9.6,15.2,5.2,100,0.00,0.0
2024-12-27T21:00,15.4,67,9.4,14.6,4.0,100,0.00,0.0
2024-12-27T22:00,14.6,71,9.4,13.7,5.6,100,0.00,0.0
2024-12-27T23:00,14.4,71,9.2,13.5,5.2,100,0.00,0.0
2024-12-28T00:00,14.4,68,8.6,13.0,6.4,100,0.00,0.0
2024-12-28T01:00,13.9,72,8.9,12.9,5.2,100,0.00,0.0
2024-12-28T02:00,13.9,70,8.6,12.7,5.5,100,0.00,0.0
2024-12-28T03:00,14.7,70,9.4,13.3,8.2,100,0.00,0.0
2024-12-28T04:00,14.2,70,8.9,13.9,0.6,100,0.00,0.0
2024-12-28T05:00,14.1,72,9.2,12.9,7.0,100,0.00,0.0
2024-12-28T06:00,14.4,77,10.4,13.3,8.5,100,0.00,0.0
2024-12-28T07:00,14.2,85,11.8,14.0,5.3,100,0.00,0.0
2024-12-28T08:00,14.6,91,13.1,14.1,10.6,91,0.40,0.0
2024-12-28T09:00,14.5,89,12.6,13.9,9.7,100,0.00,4.0
2024-12-28T10:00,15.0,88,12.9,14.8,7.9,100,0.00,25.0
2024-12-28T11:00,14.9,90,13.4,14.8,7.7,92,0.00,31.0
2024-12-28T12:00,15.9,89,14.1,16.6,4.1,93,0.00,101.0
2024-12-28T13:00,17.5,83,14.6,18.8,1.7,95,0.00,268.0
2024-12-28T14:00,18.8,78,14.9,19.8,4.2,27,0.00,411.0
2024-12-28T15:00,19.9,74,15.1,21.0,3.9,29,0.00,518.0
2024-12-28T16:00,20.0,74,15.1,21.4,2.0,33,0.00,392.0
2024-12-28T17:00,20.1,68,14.0,20.6,6.0,82,0.40,288.0
2024-12-28T18:00,18.5,76,14.3,19.6,2.3,9,0.00,100.0
2024-12-28T19:00,17.1,69,11.4,16.5,7.1,3,0.00,8.0
2024-12-28T20:00,13.9,97,13.4,13.8,8.6,49,0.00,0.0
2024-12-28T21:00,13.1,98,12.8,13.3,5.0,43,0.00,0.0
2024-12-28T22:00,12.4,96,11.9,12.2,5.4,24,0.00,0.0
2024-12-28T23:00,11.9,96,11.3,11.2,7.6,21,0.00,0.0
2024-12-29T00:00,11.6,96,10.9,10.9,6.1,39,0.00,0.0
2024-12-29T01:00,10.9,97,10.4,10.3,4.9,9,0.00,0.0
2024-12-29T02:00,11.3,97,10.9,10.5,7.3,25,0.00,0.0
2024-12-29T03:00,11.1,99,10.9,10.3,7.6,100,0.00,0.0
2024-12-29T04:00,11.4,99,11.2,10.6,7.8,100,0.00,0.0
2024-12-29T05:00,11.2,99,11.0,10.8,4.8,100,0.00,0.0
2024-12-29T06:00,10.9,99,10.6,10.5,3.7,100,0.00,0.0
2024-12-29T07:00,10.6,99,10.4,10.5,1.5,100,0.00,0.0
2024-12-29T08:00,8.8,100,8.8,7.8,4.9,100,0.00,0.0
2024-12-29T09:00,8.9,99,8.8,7.8,6.1,100,0.00,6.0
2024-12-29T10:00,9.6,96,9.1,8.2,7.6,100,0.00,76.0
2024-12-29T11:00,11.1,92,9.9,10.4,4.9,100,0.00,186.0
2024-12-29T12:00,13.3,84,10.6,12.6,5.9,97,0.00,385.0
2024-12-29T13:00,15.5,74,10.9,14.9,6.4,11,0.00,522.0
2024-12-29T14:00,17.4,69,11.5,16.9,7.2,0,0.00,571.0
2024-12-29T15:00,18.7,63,11.4,18.3,5.6,0,0.00,540.0
2024-12-29T16:00,19.4,58,11.0,19.2,3.7,0,0.00,448.0
2024-12-29T17:00,19.4,58,11.0,19.2,3.1,0,0.00,305.0
2024-12-29T18:00,17.4,72,12.4,17.5,4.2,0,0.00,135.0
2024-12-29T19:00,15.4,76,11.3,15.0,5.6,1,0.00,10.0
2024-12-29T20:00,15.4,78,11.6,14.6,8.9,5,0.00,0.0
2024-12-29T21:00,14.5,86,12.1,13.9,8.7,4,0.00,0.0
2024-12-29T22:00,13.9,89,12.1,13.2,8.7,40,0.00,0.0
2024-12-29T23:00,13.5,90,11.9,12.8,8.8,14,0.00,0.0
2024-12-30T00:00,13.3,89,11.6,12.4,9.8,41,0.00,0.0
2024-12-30T01:00,13.1,90,11.5,12.0,10.5,25,0.00,0.0
2024-12-30T02:00,13.0,89,11.3,11.7,11.8,0,0.00,0.0
2024-12-30T03:00,12.9,87,10.9,11.4,12.1,0,0.00,0.0
2024-12-30T04:00,12.6,86,10.3,10.9,12.3,0,0.00,0.0
2024-12-30T05:00,12.2,84,9.5,10.3,11.9,2,0.00,0.0
2024-12-30T06:00,11.8,80,8.4,9.6,12.1,7,0.00,0.0
2024-12-30T07:00,11.6,72,6.8,9.1,12.3,17,0.00,0.0
2024-12-30T08:00,11.1,76,7.2,8.6,12.6,38,0.00,0.0
2024-12-30T09:00,11.4,69,5.9,8.4,13.6,4,0.00,9.0
2024-12-30T10:00,13.5,57,5.1,10.0,15.8,4,0.00,135.0
2024-12-30T11:00,16.1,51,6.1,13.4,12.4,0,0.00,311.0
2024-12-30T12:00,18.4,45,6.3,15.4,14.1,0,0.00,461.0
2024-12-30T13:00,20.3,44,7.5,18.0,11.6,0,0.00,558.0
2024-12-30T14:00,22.1,42,8.6,20.5,10.2,0,0.00,590.0
2024-12-30T15:00,23.8,41,9.8,22.2,10.6,0,0.00,557.0
2024-12-30T16:00,24.1,28,4.6,20.5,15.6,0,0.00,460.0
2024-12-30T17:00,22.7,33,5.4,19.8,11.8,0,0.00,317.0
2024-12-30T18:00,20.1,41,6.3,17.9,8.8,0,0.00,142.0
2024-12-30T19:00,17.4,48,6.2,15.3,8.2,0,0.00,11.0
2024-12-30T20:00,17.3,50,6.8,15.2,8.5,0,0.00,0.0
2024-12-30T21:00,16.6,47,5.2,14.0,9.8,0,0.00,0.0
2024-12-30T22:00,15.8,46,4.2,12.7,11.2,0,0.00,0.0
2024-12-30T23:00,14.4,52,4.6,11.6,10.3,0,0.00,0.0
2024-12-31T00:00,13.7,52,4.1,10.9,9.5,0,0.00,0.0
2024-12-31T01:00,13.2,49,2.7,9.6,13.3,0,0.00,0.0
2024-12-31T02:00,12.9,45,1.2,8.6,15.7,0,0.00,0.0
2024-12-31T03:00,12.0,47,1.1,8.1,13.2,0,0.00,0.0
2024-12-31T04:00,11.1,50,0.9,7.2,12.9,0,0.00,0.0
2024-12-31T05:00,10.4,50,0.5,6.5,13.4,0,0.00,0.0
2024-12-31T06:00,10.1,50,0.1,6.0,13.9,0,0.00,0.0
2024-12-31T07:00,9.6,51,-0.2,5.3,14.5,0,0.00,0.0
2024-12-31T08:00,8.4,56,0.1,4.2,13.6,0,0.00,0.0
2024-12-31T09:00,7.9,58,0.2,3.8,13.9,0,0.00,9.0
2024-12-31T10:00,8.6,60,1.3,4.8,12.7,0,0.00,135.0
2024-12-31T11:00,9.4,59,1.6,5.2,15.8,0,0.00,309.0
2024-12-31T12:00,10.3,59,2.5,6.6,13.6,0,0.00,454.0
2024-12-31T13:00,11.1,58,3.2,7.6,13.3,0,0.00,546.0
2024-12-31T14:00,11.9,56,3.5,8.9,11.6,0,0.00,580.0
2024-12-31T15:00,12.4,55,3.7,9.4,10.4,0,0.00,549.0
2024-12-31T16:00,12.7,54,3.7,9.8,9.4,0,0.00,457.0
2024-12-31T17:00,12.5,55,3.7,9.5,10.6,66,0.00,313.0
2024-12-31T18:00,11.6,60,4.1,8.9,8.7,82,0.00,140.0
2024-12-31T19:00,10.0,69,4.5,7.6,7.3,17,0.00,11.0
2024-12-31T20:00,9.4,72,4.6,7.3,5.8,6,0.00,0.0
2024-12-31T21:00,8.6,76,4.6,6.6,4.5,46,0.00,0.0
2024-12-31T22:00,8.4,77,4.6,6.2,6.2,54,0.00,0.0
2024-12-31T23:00,7.9,77,4.2,5.4,7.3,73,0.00,0.0
